marginScale,marginWeight,wpWeight,alpha,logLoss,brier,auc,accuracy,meanPrediction,actualHomeWinRate
60.0,1.0,0.0,1.45,0.6166496708764237,0.21447377460575284,0.7086813798763152,0.6593495934959349,0.5431584443533726,0.5439024390243903
59.0,1.0,0.0,1.45,0.6166506047205882,0.21447265136925592,0.7087613140105886,0.6585365853658537,0.5431424424879645,0.5439024390243903
60.0,1.0,0.0,1.5,0.6166510690054043,0.21447057723759422,0.7088119389622951,0.6585365853658537,0.5431215066133833,0.5439024390243903
58.0,1.0,0.0,1.4,0.6166516247037401,0.21447534630759668,0.708673386462888,0.6593495934959349,0.5431641856798449,0.5439024390243903
59.0,1.0,0.0,1.4,0.6166517891735996,0.2144768626141375,0.7086627285783181,0.6585365853658537,0.5431801982276189,0.5439024390243903
57.0,1.0,0.0,1.4,0.616652412055468,0.21447415301695585,0.7087479916548765,0.6585365853658537,0.5431477954997912,0.5439024390243903
58.0,1.0,0.0,1.45,0.6166525182691145,0.21447186042464567,0.7087826297797282,0.6585365853658537,0.5431260697793158,0.5439024390243903
60.0,1.0,0.0,1.4,0.6166528334778739,0.21447867615372357,0.7086147680977541,0.6585365853658537,0.5431958453708887,0.5439024390243903
56.0,1.0,0.0,1.35,0.6166539205996682,0.2144771197727104,0.708668057520603,0.6593495934959349,0.5431703847221204,0.5439024390243903
59.0,1.0,0.0,1.5,0.6166540729426077,0.21447017585629183,0.7088572349717166,0.6577235772357723,0.5431051608116272,0.5439024390243903
56.0,1.0,0.0,1.4,0.6166542289413972,0.21447331062262806,0.7087719718951584,0.6585365853658537,0.5431310149176308,0.5439024390243903
57.0,1.0,0.0,1.35,0.6166542946034544,0.21447872795860468,0.7086387483380361,0.6585365853658537,0.5431867818300559,0.5439024390243903
55.0,1.0,0.0,1.35,0.6166545456637096,0.2144758524185965,0.7086787154051728,0.6585365853658537,0.5431535899479453,0.5439024390243903
57.0,1.0,0.0,1.45,0.6166554889930701,0.21447142945466577,0.7088412481448619,0.6577235772357723,0.5431093139183485,0.5439024390243903
58.0,1.0,0.0,1.35,0.6166555898430355,0.21448064893433766,0.7086014457420419,0.6585365853658537,0.5432027945200991,0.5439024390243903
54.0,1.0,0.0,1.35,0.6166562539995509,0.21447495629100582,0.7087613140105887,0.6585365853658537,0.5431363836504465,0.5439024390243903
54.0,1.0,0.0,1.3,0.6166566249846132,0.21447912870143462,0.7086387483380361,0.6593495934959349,0.5431770905598734,0.5439024390243903
53.0,1.0,0.0,1.3,0.6166570711011131,0.21447778348400307,0.7086707219917455,0.6585365853658537,0.5431598740834737,0.5439024390243903
55.0,1.0,0.0,1.4,0.616657159294788,0.21447284928839488,0.7088332547314347,0.6577235772357723,0.5431138305890474,0.5439024390243903
55.0,1.0,0.0,1.3,0.6166572288340213,0.2144808342292013,0.7086547351648907,0.6585365853658537,0.5431938877318414,0.5439024390243903
59.0,1.0,0.0,1.35,0.616657734341782,0.21448285681551676,0.7085614786749053,0.6601626016260163,0.5432184354669171,0.5439024390243903
58.0,1.0,0.0,1.5,0.6166581590212779,0.21447014259821248,0.708942498048275,0.656910569105691,0.5430884390681905,0.5439024390243903
52.0,1.0,0.0,1.3,0.6166586586374968,0.21447683181314733,0.7087240114145945,0.6585365853658537,0.5431422232266491,0.5439024390243903
56.0,1.0,0.0,1.3,0.6166587983102656,0.21448286948097425,0.7085827944440447,0.6593495934959349,0.5432102799890606,0.5439024390243903
53.0,1.0,0.0,1.35,0.616659136749816,0.21447446435244757,0.708841248144862,0.6577235772357723,0.5431187513257566,0.5439024390243903
56.0,1.0,0.0,1.45,0.616659600432796,0.2144713883573285,0.7089451625194173,0.656910569105691,0.5430921620536471,0.5439024390243903
60.0,0.95,0.050000000000000044,1.35,0.6166597795902226,0.2144871880062425,0.7086387483380361,0.656910569105691,0.5430784851066196,0.5439024390243903
52.0,1.0,0.0,1.25,0.6166598190372131,0.214481413659441,0.7086200970400391,0.6593495934959349,0.5431843589094236,0.5439024390243903
59.0,0.95,0.050000000000000044,1.35,0.6166598627858894,0.21448585852475607,0.7087026956454548,0.656910569105691,0.5430643722706363,0.5439024390243903
51.0,1.0,0.0,1.25,0.6166600689430081,0.21447998720825817,0.7086547351648907,0.6585365853658537,0.5431667027714311,0.5439024390243903
60.0,0.95,0.050000000000000044,1.4,0.6166601394491128,0.2144835371480999,0.708739998241449,0.656910569105691,0.5430359746081815,0.5439024390243903
60.0,1.0,0.0,1.35,0.6166606615073084,0.21448532769777465,0.7085401629057657,0.6585365853658537,0.5432337168038557,0.5439024390243903
53.0,1.0,0.0,1.25,0.6166606741359799,0.21448322182795218,0.7086121036266118,0.6585365853658537,0.543201572323914,0.5439024390243903
58.0,0.95,0.050000000000000044,1.35,0.616660701044846,0.21448478003235258,0.7087186824723095,0.656910569105691,0.5430499236369021,0.5439024390243903
57.0,1.0,0.0,1.3,0.6166612555969134,0.21448520629389994,0.7085348339634808,0.6593495934959349,0.5432262810760488,0.5439024390243903
54.0,1.0,0.0,1.4,0.6166612938119411,0.2144728016655879,0.7089105243945655,0.6577235772357723,0.543096228560058,0.5439024390243903
57.0,0.95,0.050000000000000044,1.3,0.6166613938669285,0.21448754698579758,0.7086707219917454,0.656910569105691,0.5430792000800878,0.5439024390243903
51.0,1.0,0.0,1.3,0.6166614868141355,0.21447630982509192,0.7088066100200101,0.6585365853658537,0.5431241221823194,0.5439024390243903
50.0,1.0,0.0,1.25,0.6166615234427256,0.2144789789400163,0.7086947022320276,0.6585365853658537,0.5431485874630385,0.5439024390243903
58.0,0.95,0.050000000000000044,1.3,0.6166617461364343,0.21448904911625513,0.7086174325688965,0.656910569105691,0.5430936511483446,0.5439024390243903
56.0,0.95,0.050000000000000044,1.3,0.6166618256456747,0.21448630683287573,0.7087266758857368,0.656910569105691,0.5430643954698312,0.5439024390243903
59.0,0.95,0.050000000000000044,1.4,0.6166621391913593,0.2144828717750536,0.7087746363663008,0.6577235772357723,0.5430215393828516,0.5439024390243903
57.0,0.95,0.050000000000000044,1.35,0.6166623559010549,0.214483974468326,0.7087373337703065,0.6577235772357723,0.5430351277095958,0.5439024390243903
54.0,1.0,0.0,1.25,0.616662542623669,0.21448537824625227,0.7085508207903355,0.6601626016260163,0.5432183586850375,0.5439024390243903
59.0,0.95,0.050000000000000044,1.3,0.6166628211937937,0.21449079128851162,0.7086174325688966,0.656910569105691,0.5431077605873489,0.5439024390243903
55.0,0.95,0.050000000000000044,1.3,0.6166631077671673,0.21448535245137304,0.7087106890588821,0.6577235772357723,0.5430492248527762,0.5439024390243903
52.0,1.0,0.0,1.35,0.6166632926180208,0.2144744123701105,0.708889208625426,0.6577235772357723,0.5431006777818517,0.5439024390243903
57.0,1.0,0.0,1.5,0.6166634102791902,0.21447050706500398,0.708966478288557,0.6577235772357723,0.5430713290048708,0.5439024390243903
54.0,0.95,0.050000000000000044,1.25,0.6166636018495295,0.21448815931577653,0.708673386462888,0.656910569105691,0.5430794451724928,0.5439024390243903
50.0,1.0,0.0,1.2,0.616663602411784,0.21448402371491226,0.7086200970400389,0.6585365853658537,0.5431922532414973,0.5439024390243903
55.0,0.95,0.050000000000000044,1.25,0.6166636083619123,0.21448957104372401,0.7086387483380361,0.656910569105691,0.5430946187989243,0.5439024390243903
49.0,1.0,0.0,1.2,0.6166636386726942,0.2144825134023236,0.7086547351648909,0.6585365853658537,0.5431741386224485,0.5439024390243903
49.0,1.0,0.0,1.25,0.6166642908522285,0.2144784286110994,0.7087559850683037,0.6585365853658537,0.5431299957077691,0.5439024390243903
56.0,0.95,0.050000000000000044,1.25,0.616664429659267,0.2144912566324743,0.7086254259823239,0.656910569105691,0.5431094197820431,0.5439024390243903
53.0,0.95,0.050000000000000044,1.25,0.6166644817038271,0.2144870473288965,0.7087106890588821,0.656910569105691,0.5430638853558084,0.5439024390243903
58.0,1.0,0.0,1.3,0.6166645288613141,0.21448781872334324,0.7085188471366262,0.6585365853658537,0.5432419041300381,0.5439024390243903
60.0,0.95,0.050000000000000044,1.3,0.6166645624026523,0.21449275326964384,0.7086334193957513,0.656910569105691,0.5431215397893867,0.5439024390243903
51.0,1.0,0.0,1.2,0.6166647309425162,0.21448593941248545,0.7085801299729023,0.6593495934959349,0.5432098997377325,0.5439024390243903
56.0,0.95,0.050000000000000044,1.35,0.6166648938238142,0.21448346558266979,0.7087693074240159,0.656910569105691,0.5430199724708067,0.5439024390243903
55.0,1.0,0.0,1.45,0.6166649427171395,0.21447176943994825,0.7089718072308417,0.656910569105691,0.5430746007589403,0.5439024390243903
48.0,1.0,0.0,1.2,0.6166649484928614,0.21448144863379834,0.7086920377608851,0.6585365853658537,0.5431555378873028,0.5439024390243903
58.0,0.95,0.050000000000000044,1.4,0.6166649854940436,0.21448248936443498,0.7087959521354403,0.656910569105691,0.5430067631519055,0.5439024390243903
54.0,0.95,0.050000000000000044,1.3,0.6166653120101836,0.21448470966445288,0.7087426627125915,0.6577235772357723,0.5430336751778717,0.5439024390243903
55.0,1.0,0.0,1.25,0.6166653401759605,0.2144878521807346,0.7084975313674865,0.6585365853658537,0.5432347329346006,0.5439024390243903
60.0,0.95,0.050000000000000044,1.45,0.6166655166827884,0.21448174634141784,0.7088012810777253,0.656910569105691,0.5429939997906464,0.5439024390243903
50.0,1.0,0.0,1.3,0.6166656633350348,0.2144762568325302,0.7088972020388533,0.6577235772357723,0.5431055543635109,0.5439024390243903
57.0,0.95,0.050000000000000044,1.25,0.6166659997589085,0.21449319228708633,0.7086147680977541,0.656910569105691,0.5431238610481373,0.5439024390243903
52.0,0.95,0.050000000000000044,1.2,0.616666136731268,0.2144903874399896,0.7086467417514635,0.656910569105691,0.5430951352874537,0.5439024390243903
52.0,0.95,0.050000000000000044,1.25,0.6166663256217685,0.21448626324723707,0.7087240114145943,0.6577235772357723,0.5430479251412378,0.5439024390243903
51.0,0.95,0.050000000000000044,1.2,0.6166665833182136,0.21448910908331678,0.7086867088186001,0.656910569105691,0.5430791712720358,0.5439024390243903
53.0,0.95,0.050000000000000044,1.2,0.6166666151365205,0.21449198082806342,0.7085961167997571,0.656910569105691,0.5431106913052787,0.5439024390243903
53.0,1.0,0.0,1.4,0.6166667305467185,0.21447320311767884,0.7089531559328448,0.656910569105691,0.5430781942288009,0.5439024390243903
52.0,1.0,0.0,1.2,0.6166669244703458,0.21448822374505463,0.7084948668963441,0.6593495934959349,0.5432270952220936,0.5439024390243903
47.0,1.0,0.0,1.2,0.6166676504878191,0.21448087332243268,0.7087320048280217,0.6585365853658537,0.5431364320980805,0.5439024390243903
47.0,1.0,0.0,1.15,0.6166679036911723,0.21448542290334827,0.7086094391554691,0.6585365853658537,0.5431822533734287,0.5439024390243903
54.0,0.95,0.050000000000000044,1.2,0.6166679410513458,0.21449386100640966,0.7085987812708994,0.656910569105691,0.5431258540843998,0.5439024390243903
50.0,0.95,0.050000000000000044,1.2,0.6166680392250781,0.21448817658173164,0.7087106890588821,0.6577235772357723,0.5430627837529072,0.5439024390243903
48.0,1.0,0.0,1.15,0.616668098001216,0.2144870185193399,0.708596116799757,0.6593495934959349,0.5432008461386378,0.5439024390243903
58.0,0.95,0.050000000000000044,1.25,0.6166682578082504,0.21449535611828074,0.7086041102131844,0.6577235772357723,0.5431379549397272,0.5439024390243903
55.0,0.95,0.050000000000000044,1.35,0.6166683866499917,0.21448327909914447,0.7087906231931554,0.656910569105691,0.5430044453488259,0.5439024390243903
48.0,1.0,0.0,1.25,0.6166684890450529,0.2144783795934028,0.7088519060294318,0.6577235772357723,0.5431109093418904,0.5439024390243903
53.0,0.95,0.050000000000000044,1.3,0.6166685161324359,0.21448440651329662,0.7087559850683037,0.656910569105691,0.5430177327707165,0.5439024390243903
59.0,1.0,0.0,1.3,0.6166685517639451,0.21449068285663483,0.7084175972332132,0.6585365853658537,0.5432571617159077,0.5439024390243903
57.0,0.95,0.050000000000000044,1.4,0.6166687448761863,0.21448241358377734,0.7088332547314347,0.656910569105691,0.5429916343292595,0.5439024390243903
51.0,1.0,0.0,1.35,0.6166688285523252,0.21447483917724586,0.7089638138174144,0.656910569105691,0.5430821470934826,0.5439024390243903
56.0,1.0,0.0,1.25,0.6166689891407107,0.2144906153930737,0.7084495708869225,0.6585365853658537,0.54325070933056,0.5439024390243903
46.0,1.0,0.0,1.15,0.6166690586640513,0.21448430343448244,0.7086813798763152,0.6585365853658537,0.5431631451403419,0.5439024390243903
51.0,0.95,0.050000000000000044,1.25,0.6166692179843815,0.21448583773854737,0.7087533205971613,0.656910569105691,0.5430315496169161,0.5439024390243903
59.0,0.95,0.050000000000000044,1.45,0.6166695216280921,0.21448177523098208,0.7088758862697138,0.656910569105691,0.5429792531060075,0.5439024390243903
49.0,1.0,0.0,1.15,0.6166695224070511,0.21448904586901424,0.7085135181943412,0.6593495934959349,0.543218943177824,0.5439024390243903
49.0,0.95,0.050000000000000044,1.15,0.6166695415172997,0.21449159805423534,0.7086600641071756,0.656910569105691,0.543095153458934,0.5439024390243903
50.0,0.95,0.050000000000000044,1.15,0.6166695602769318,0.2144930512477517,0.7086227615111815,0.656910569105691,0.5431115371026126,0.5439024390243903
56.0,1.0,0.0,1.5,0.6166699161695599,0.21447130119136512,0.708961149346272,0.656910569105691,0.5430538177012204,0.5439024390243903
55.0,0.95,0.050000000000000044,1.2,0.6166700432431886,0.21449600208465777,0.7086067746843268,0.6577235772357723,0.5431406376834722,0.5439024390243903
53.0,1.0,0.0,1.2,0.6166700913832175,0.21449084306159236,0.7084868734829168,0.6585365853658537,0.5432438559802756,0.5439024390243903
51.0,0.95,0.050000000000000044,1.15,0.6166705456738224,0.21449483633197466,0.7085907878574721,0.656910569105691,0.5431274891462335,0.5439024390243903
48.0,0.95,0.050000000000000044,1.15,0.6166705811962906,0.214490510617297,0.7086813798763154,0.6577235772357723,0.5430783212475696,0.5439024390243903
49.0,0.95,0.050000000000000044,1.2,0.6166705962823131,0.21448762359886847,0.7087293403568793,0.6577235772357723,0.543045956425521,0.5439024390243903
59.0,0.95,0.050000000000000044,1.25,0.6166711476584945,0.214497727979706,0.70856680761719,0.6577235772357723,0.5431517132495991,0.5439024390243903
49.0,1.0,0.0,1.3,0.616671305178127,0.21447671563066975,0.708961149346272,0.6577235772357723,0.5430865023500698,0.5439024390243903
54.0,1.0,0.0,1.45,0.6166716131316713,0.21447260763217782,0.7089691427596994,0.6577235772357723,0.543056615997808,0.5439024390243903
45.0,1.0,0.0,1.15,0.6166716932752013,0.21448370883406845,0.7086947022320276,0.6585365853658537,0.5431435006185021,0.5439024390243903
46.0,1.0,0.0,1.2,0.6166718740900866,0.21448083551948813,0.7088092744911527,0.6577235772357723,0.5431168013039501,0.5439024390243903
50.0,1.0,0.0,1.15,0.6166720678663431,0.21449146443724246,0.7084682221849197,0.6593495934959349,0.5432365632273379,0.5439024390243903
52.0,0.95,0.050000000000000044,1.15,0.6166724136019918,0.21449692237668735,0.7085907878574722,0.6577235772357723,0.5431430257095246,0.5439024390243903
47.0,0.95,0.050000000000000044,1.15,0.6166727795756721,0.21448982604213937,0.7087160180011671,0.6577235772357723,0.5430610225927421,0.5439024390243903
52.0,0.95,0.050000000000000044,1.3,0.6166728044145294,0.21448447346548105,0.7087932876642979,0.656910569105691,0.5430013832932518,0.5439024390243903
56.0,0.95,0.050000000000000044,1.2,0.6166728561906794,0.21449838031418633,0.7085827944440448,0.6577235772357723,0.5431550555041129,0.5439024390243903
54.0,0.95,0.050000000000000044,1.35,0.6166729120580956,0.21448344289475874,0.7088705573274289,0.656910569105691,0.5429885331837876,0.5439024390243903
45.0,1.0,0.0,1.1,0.6166730178026969,0.2144887904118917,0.7085374984346233,0.6593495934959349,0.5431911295897112,0.5439024390243903
50.0,0.95,0.050000000000000044,1.25,0.616673250484058,0.2144858042175547,0.7087586495394462,0.656910569105691,0.543014743119337,0.5439024390243903
60.0,1.0,0.0,1.3,0.6166732630113018,0.2144937766438936,0.7084442419446375,0.6577235772357723,0.543272065858456,0.5439024390243903
57.0,1.0,0.0,1.25,0.6166734179757222,0.21449364192435874,0.7084469064157801,0.6577235772357723,0.5432663014879391,0.5439024390243903
46.0,1.0,0.0,1.1,0.6166734580681662,0.21449047096518076,0.7085028603097714,0.6601626016260163,0.5432102209591375,0.5439024390243903
56.0,0.95,0.050000000000000044,1.4,0.6166734891062412,0.2144826700195245,0.7088918730965684,0.656910569105691,0.5429761408056015,0.5439024390243903
47.0,0.95,0.050000000000000044,1.1,0.616673514388002,0.21449458744937827,0.7086147680977541,0.656910569105691,0.543111913156151,0.5439024390243903
52.0,1.0,0.0,1.4,0.6166735755626879,0.21447409196757283,0.7089851295865541,0.6577235772357723,0.5430597123039343,0.5439024390243903
44.0,1.0,0.0,1.1,0.6166740105437903,0.21448762051354833,0.7086280904534663,0.6585365853658537,0.5431714907166858,0.5439024390243903
48.0,0.95,0.050000000000000044,1.1,0.6166740310149795,0.21449622325175294,0.70856680761719,0.656910569105691,0.5431287321909848,0.5439024390243903
46.0,0.95,0.050000000000000044,1.1,0.6166741098962415,0.21449333966002734,0.7086520706937484,0.656910569105691,0.5430946183185817,0.5439024390243903
54.0,1.0,0.0,1.2,0.6166741475364534,0.2144937665308298,0.7084069393486434,0.6577235772357723,0.5432601975250754,0.5439024390243903
47.0,1.0,0.0,1.25,0.6166742463709859,0.21447887923508704,0.7089398335771324,0.6577235772357723,0.5430913092513519,0.5439024390243903
48.0,0.95,0.050000000000000044,1.2,0.6166743545506417,0.21448748692447928,0.708721346943452,0.656910569105691,0.5430286721310493,0.5439024390243903
58.0,0.95,0.050000000000000044,1.45,0.6166744670819077,0.2144821197957616,0.7089504914617022,0.656910569105691,0.5429641605452274,0.5439024390243903
60.0,0.95,0.050000000000000044,1.25,0.6166746174767396,0.21450028932038326,0.7085161826654837,0.6560975609756098,0.5431651472522624,0.5439024390243903
53.0,0.95,0.050000000000000044,1.15,0.6166750869609873,0.21449928111489935,0.7085508207903355,0.6577235772357723,0.5431581621195433,0.5439024390243903
47.0,1.0,0.0,1.1,0.6166752002387161,0.21449261282028542,0.7084682221849197,0.6585365853658537,0.543228786547191,0.5439024390243903
49.0,0.95,0.050000000000000044,1.1,0.6166755594934363,0.214498209694472,0.7085614786749053,0.656910569105691,0.5431450940390106,0.5439024390243903
51.0,1.0,0.0,1.15,0.6166756345599174,0.21449423724044583,0.7084229261754981,0.6577235772357723,0.5432537240853286,0.5439024390243903
60.0,0.95,0.050000000000000044,1.5,0.6166757901157054,0.2144817631732287,0.7089558204039871,0.656910569105691,0.5429525522455304,0.5439024390243903
50.0,1.0,0.0,1.35,0.6166758604974784,0.21447578696186692,0.7089824651154115,0.6577235772357723,0.54306314255299,0.5439024390243903
45.0,0.95,0.050000000000000044,1.1,0.6166759274137938,0.2144925209742181,0.7086813798763153,0.6577235772357723,0.543076828026655,0.5439024390243903
44.0,1.0,0.0,1.15,0.6166759501858997,0.21448369258936814,0.7087373337703067,0.6577235772357723,0.5431232978276899,0.5439024390243903
46.0,0.95,0.050000000000000044,1.15,0.6166762462268961,0.21448958501228146,0.7087000311743124,0.6577235772357723,0.5430432386447479,0.5439024390243903
57.0,0.95,0.050000000000000044,1.2,0.6166763195951468,0.21450097389943945,0.7085401629057657,0.6552845528455284,0.543169120330662,0.5439024390243903
43.0,1.0,0.0,1.1,0.6166765801298304,0.21448701559969063,0.7086867088186002,0.6585365853658537,0.5431512813828209,0.5439024390243903
45.0,1.0,0.0,1.2,0.6166777606237055,0.2144813878428254,0.7089291756925626,0.6577235772357723,0.5430966244666887,0.5439024390243903
55.0,1.0,0.0,1.5,0.6166777731042731,0.21447255944723656,0.7090037808845512,0.6560975609756098,0.5430358916619489,0.5439024390243903
50.0,0.95,0.050000000000000044,1.1,0.6166780082337929,0.21450051276157364,0.7085374984346232,0.656910569105691,0.5431610163512556,0.5439024390243903
48.0,1.0,0.0,1.1,0.6166781247434721,0.21449517111003025,0.708398945935216,0.6577235772357723,0.5432468469273847,0.5439024390243903
51.0,0.95,0.050000000000000044,1.3,0.6166782682586471,0.21448494364529552,0.7088972020388533,0.656910569105691,0.5429846116998938,0.5439024390243903
54.0,0.95,0.050000000000000044,1.15,0.6166784950331595,0.21450188669812376,0.7085215116077686,0.6552845528455284,0.543172912961358,0.5439024390243903
49.0,0.95,0.050000000000000044,1.25,0.6166785228169942,0.214486199115903,0.7088119389622951,0.656910569105691,0.5429974891816447,0.5439024390243903
48.0,1.0,0.0,1.3,0.6166785394668179,0.21447773283641072,0.7089904585288388,0.656910569105691,0.5430669478304031,0.5439024390243903
53.0,0.95,0.050000000000000044,1.35,0.6166785540886424,0.2144839871975208,0.7089238467502778,0.656910569105691,0.5429722221903687,0.5439024390243903
58.0,1.0,0.0,1.25,0.6166785607377732,0.21449690789962372,0.7084415774734951,0.6577235772357723,0.5432815224165286,0.5439024390243903
45.0,0.95,0.050000000000000044,1.05,0.6166786967376969,0.2144981665449386,0.7085588142037628,0.656910569105691,0.5431295439276623,0.5439024390243903
44.0,0.95,0.050000000000000044,1.05,0.6166788216324594,0.21449675477732086,0.70856680761719,0.656910569105691,0.5431117681184362,0.5439024390243903
55.0,1.0,0.0,1.2,0.6166790156053007,0.21449696588958503,0.7084149327620707,0.6577235772357723,0.5432761346444425,0.5439024390243903
44.0,0.95,0.050000000000000044,1.1,0.6166790874038718,0.2144921766051851,0.7086867088186002,0.6577235772357723,0.5430585215158031,0.5439024390243903
43.0,1.0,0.0,1.05,0.6166791736514583,0.2144927081521657,0.7085055247809139,0.6609756097560976,0.5432008627878258,0.5439024390243903
55.0,0.95,0.050000000000000044,1.4,0.6166792956565202,0.21448328634778585,0.7089345046348476,0.656910569105691,0.5429602699165741,0.5439024390243903
47.0,0.95,0.050000000000000044,1.2,0.6166794231267443,0.21448780679302623,0.7087666429528736,0.656910569105691,0.5430109127953928,0.5439024390243903
53.0,1.0,0.0,1.45,0.6166797167409541,0.21447394072013834,0.7090011164134087,0.6552845528455284,0.543038193085294,0.5439024390243903
46.0,0.95,0.050000000000000044,1.05,0.616679743200393,0.21449999146359885,0.7085161826654837,0.6560975609756098,0.5431468142961703,0.5439024390243903
44.0,1.0,0.0,1.05,0.6166798721748739,0.21449447059690951,0.7084655577137772,0.6585365853658537,0.5432204738980582,0.5439024390243903
42.0,1.0,0.0,1.05,0.6166800014778275,0.2144914956346365,0.708572136559475,0.6585365853658537,0.5431806691522834,0.5439024390243903
52.0,1.0,0.0,1.15,0.6166801310609,0.21449733049769495,0.7084175972332132,0.6577235772357723,0.5432704426733863,0.5439024390243903
43.0,0.95,0.050000000000000044,1.05,0.6166802388104208,0.214495801907773,0.7086520706937484,0.6577235772357723,0.5430934652082771,0.5439024390243903
58.0,0.95,0.050000000000000044,1.2,0.6166803779374179,0.21450376282739972,0.7084788800694892,0.6552845528455284,0.5431828443668387,0.5439024390243903
57.0,0.95,0.050000000000000044,1.45,0.6166804246295698,0.21448280545105486,0.7089531559328447,0.6560975609756098,0.5429487104443014,0.5439024390243903
42.0,1.0,0.0,1.1,0.616680884482529,0.21448703552731868,0.7086813798763152,0.6577235772357723,0.5431304773017942,0.5439024390243903
45.0,0.95,0.050000000000000044,1.15,0.6166811009749715,0.21448983216851014,0.7087799653085857,0.656910569105691,0.543024949508111,0.5439024390243903
51.0,0.95,0.050000000000000044,1.1,0.6166812935354935,0.21450310147122192,0.7084815445406318,0.6560975609756098,0.5431765158787282,0.5439024390243903
46.0,1.0,0.0,1.25,0.616681702672218,0.21447997926187434,0.7089877940576964,0.6560975609756098,0.5430711753027739,0.5439024390243903
47.0,0.95,0.050000000000000044,1.05,0.6166818510315254,0.2145021880831278,0.7085135181943412,0.656910569105691,0.5431635997009618,0.5439024390243903
59.0,0.95,0.050000000000000044,1.5,0.6166818855938601,0.2144825150973691,0.7089664782885569,0.6560975609756098,0.5429375047233566,0.5439024390243903
51.0,1.0,0.0,1.4,0.6166819436490278,0.21447550977018753,0.7089744717019842,0.6552845528455284,0.5430407667592699,0.5439024390243903
45.0,1.0,0.0,1.05,0.6166819522083664,0.21449672782882329,0.7084229261754981,0.6585365853658537,0.5432395264488457,0.5439024390243903
43.0,1.0,0.0,1.15,0.6166819856295904,0.2144843134666582,0.708835919202577,0.6577235772357723,0.5431025135406085,0.5439024390243903
49.0,1.0,0.0,1.1,0.616682122460051,0.21449810501594488,0.7084042748775009,0.6577235772357723,0.5432644216036284,0.5439024390243903
41.0,1.0,0.0,1.05,0.6166825151139376,0.21449089397620769,0.7086440772803211,0.6585365853658537,0.5431598676110562,0.5439024390243903
55.0,0.95,0.050000000000000044,1.15,0.6166825729209735,0.2145047154762587,0.7084628932426347,0.6560975609756098,0.5431872921246099,0.5439024390243903
42.0,0.95,0.050000000000000044,1.05,0.6166830813186268,0.21449535846822815,0.7086840443474577,0.6577235772357723,0.5430746122636005,0.5439024390243903
43.0,0.95,0.050000000000000044,1.1,0.6166837220332634,0.21449235634355157,0.7087213469434519,0.656910569105691,0.5430396768242433,0.5439024390243903
59.0,1.0,0.0,1.25,0.616684356617851,0.21450039135066012,0.7084362485312103,0.656910569105691,0.5432963845556874,0.5439024390243903
49.0,1.0,0.0,1.35,0.6166845142224477,0.21447730158599043,0.7089558204039871,0.6552845528455284,0.5430436466165444,0.5439024390243903
56.0,1.0,0.0,1.2,0.6166846244982082,0.2145004152156373,0.7084042748775009,0.656910569105691,0.5432916814456552,0.5439024390243903
48.0,0.95,0.050000000000000044,1.05,0.6166849201204425,0.21450471881698965,0.7084655577137772,0.6560975609756098,0.543179919518639,0.5439024390243903
42.0,0.95,0.050000000000000044,1.0,0.6166849609735559,0.21450086817946357,0.708596116799757,0.6560975609756098,0.5431298787632627,0.5439024390243903
59.0,0.95,0.050000000000000044,1.2,0.6166849800753597,0.21450672871330165,0.7084309195889255,0.6552845528455284,0.5431962392695903,0.5439024390243903
50.0,0.95,0.050000000000000044,1.3,0.6166850068480405,0.2144858530886052,0.708913188865708,0.6560975609756098,0.5429674021897147,0.5439024390243903
48.0,0.95,0.050000000000000044,1.25,0.6166851434482564,0.21448706218192357,0.7089025309811383,0.6560975609756098,0.5429797704771739,0.5439024390243903
46.0,1.0,0.0,1.05,0.6166852820981937,0.21449942990681345,0.708350985454652,0.6577235772357723,0.543258043091965,0.5439024390243903
43.0,0.95,0.050000000000000044,1.0,0.6166853298083966,0.21450244478373834,0.7085641431460477,0.6560975609756098,0.5431481540767539,0.5439024390243903
52.0,0.95,0.050000000000000044,1.1,0.6166853388628508,0.21450594758710906,0.7084708866560621,0.6560975609756098,0.5431916085319084,0.5439024390243903
52.0,0.95,0.050000000000000044,1.35,0.6166854037158023,0.21448494480455088,0.7089638138174145,0.6560975609756098,0.5429554979172228,0.5439024390243903
44.0,1.0,0.0,1.2,0.6166854644970136,0.21448258795543823,0.7089504914617022,0.656910569105691,0.5430758793791396,0.5439024390243903
53.0,1.0,0.0,1.15,0.6166854735849238,0.21450071333536086,0.7084016104063584,0.6577235772357723,0.543286735093057,0.5439024390243903
46.0,0.95,0.050000000000000044,1.2,0.6166859210364117,0.21448862723886375,0.7088385836737194,0.656910569105691,0.5429926593625227,0.5439024390243903
41.0,0.95,0.050000000000000044,1.0,0.6166859632737262,0.21449978468318537,0.7086067746843268,0.6577235772357723,0.5431110417923634,0.5439024390243903
54.0,0.95,0.050000000000000044,1.4,0.6166862482011414,0.21448429252210943,0.7090064453556937,0.6560975609756098,0.5429440084082634,0.5439024390243903
41.0,1.0,0.0,1.0,0.6166866137487855,0.21449729061730533,0.7084762155983471,0.6585365853658537,0.5432115641163624,0.5439024390243903
40.0,1.0,0.0,1.05,0.6166868902482252,0.21449097057014782,0.7086947022320275,0.6585365853658537,0.5431384312603946,0.5439024390243903
44.0,0.95,0.050000000000000044,1.0,0.6166869360213679,0.21450446325361333,0.7085454918480505,0.656910569105691,0.5431658916629769,0.5439024390243903
54.0,1.0,0.0,1.5,0.6166870850478791,0.2144743190596159,0.7090117742979785,0.6552845528455284,0.543017536781504,0.5439024390243903
50.0,1.0,0.0,1.1,0.6166870937426784,0.21450137737783356,0.7084069393486434,0.6577235772357723,0.5432815290827218,0.5439024390243903
41.0,1.0,0.0,1.1,0.616687097111766,0.21448774630110556,0.7087613140105886,0.656910569105691,0.5431090527558425,0.5439024390243903
56.0,0.95,0.050000000000000044,1.15,0.6166872610380786,0.21450774579935428,0.7084175972332132,0.6552845528455284,0.5432013128463475,0.5439024390243903
40.0,1.0,0.0,1.0,0.6166872814683008,0.21449604831671823,0.7085215116077684,0.6585365853658537,0.5431907908132365,0.5439024390243903
56.0,0.95,0.050000000000000044,1.45,0.6166874714224484,0.21448385963950176,0.7090304255959755,0.6560975609756098,0.5429328906152888,0.5439024390243903
44.0,0.95,0.050000000000000044,1.15,0.6166874749486938,0.21449061653316312,0.7088039455488678,0.656910569105691,0.5430061341630948,0.5439024390243903
41.0,0.95,0.050000000000000044,1.05,0.6166874956532133,0.2144954803263424,0.7087133535300245,0.6577235772357723,0.5430551849794722,0.5439024390243903
47.0,1.0,0.0,1.3,0.616687504432014,0.21447935926472209,0.7089638138174145,0.6552845528455284,0.5430468715377034,0.5439024390243903
42.0,1.0,0.0,1.0,0.6166875774870032,0.21449912801006532,0.7084575643003499,0.6585365853658537,0.5432317165695068,0.5439024390243903
40.0,0.95,0.050000000000000044,1.0,0.6166884844435171,0.21449925113682136,0.7086520706937485,0.6577235772357723,0.5430916177777088,0.5439024390243903
49.0,0.95,0.050000000000000044,1.05,0.6166888592880165,0.21450754955708703,0.7084548998292074,0.6560975609756098,0.5431957921014049,0.5439024390243903
58.0,0.95,0.050000000000000044,1.5,0.6166890178530599,0.2144836160987524,0.7090384190094029,0.6560975609756098,0.5429221067767446,0.5439024390243903
52.0,1.0,0.0,1.45,0.6166893670705081,0.21447580960399087,0.7090144387691208,0.6552845528455284,0.5430193166460744,0.5439024390243903
45.0,0.95,0.050000000000000044,1.0,0.6166896584144912,0.21450687735184315,0.7084788800694894,0.656910569105691,0.5431831140998512,0.5439024390243903
47.0,1.0,0.0,1.05,0.6166897420955656,0.21450253156274976,0.7083776301660765,0.6577235772357723,0.5432760452574991,0.5439024390243903
39.0,1.0,0.0,1.0,0.6166897583895065,0.21449546989382978,0.7085748010306174,0.6585365853658537,0.5431693685386766,0.5439024390243903
42.0,1.0,0.0,1.15,0.616689970822896,0.21448563608689655,0.7089158533368504,0.656910569105691,0.5430811231871393,0.5439024390243903
42.0,0.95,0.050000000000000044,1.1,0.61668997641753,0.21449311506878743,0.7087479916548765,0.656910569105691,0.5430202707011372,0.5439024390243903
43.0,1.0,0.0,1.0,0.6166900118474605,0.2145014985074695,0.7083829591083614,0.6577235772357723,0.5432512746763857,0.5439024390243903
53.0,0.95,0.050000000000000044,1.1,0.616690074193006,0.2145090253599049,0.7084175972332132,0.6552845528455284,0.5432063094353369,0.5439024390243903
60.0,0.95,0.050000000000000044,1.2,0.6166900788781062,0.21450985466089043,0.7084016104063585,0.6552845528455284,0.5432093161803965,0.5439024390243903
60.0,1.0,0.0,1.25,0.6166907495180803,0.21450407205523864,0.7084149327620707,0.656910569105691,0.5433108998065169,0.5439024390243903
57.0,1.0,0.0,1.2,0.6166909088246728,0.2145040907225185,0.7084096038197858,0.656910569105691,0.5433068513959941,0.5439024390243903
45.0,1.0,0.0,1.25,0.616691010408564,0.21448173622407196,0.708985129586554,0.6560975609756098,0.543050486267875,0.5439024390243903
54.0,1.0,0.0,1.15,0.6166915853128218,0.2145043575215491,0.7083882880506462,0.656910569105691,0.543302616677706,0.5439024390243903
50.0,1.0,0.0,1.4,0.61669195910704,0.2144775016132349,0.7090570703074001,0.6552845528455284,0.5430213407842024,0.5439024390243903
57.0,0.95,0.050000000000000044,1.15,0.6166925046485642,0.21451095783887705,0.7084309195889255,0.6552845528455284,0.5432149877504859,0.5439024390243903
39.0,0.95,0.050000000000000044,1.0,0.6166926877937641,0.21449933065631882,0.7087026956454547,0.6577235772357723,0.5430715797645622,0.5439024390243903
40.0,0.95,0.050000000000000044,0.95,0.6166928341718982,0.2145058188846564,0.7085348339634809,0.6560975609756098,0.5431490765068406,0.5439024390243903
51.0,1.0,0.0,1.1,0.6166929475483023,0.21450495434462594,0.7083749656949341,0.656910569105691,0.5432981869407926,0.5439024390243903
49.0,0.95,0.050000000000000044,1.3,0.6166931278741481,0.21448724102521408,0.7089877940576965,0.6560975609756098,0.5429497381542383,0.5439024390243903
47.0,0.95,0.050000000000000044,1.25,0.6166932304579165,0.21448843681397411,0.7089291756925626,0.6560975609756098,0.5429615687577247,0.5439024390243903
39.0,1.0,0.0,1.05,0.6166933206036861,0.21449180002869153,0.7087293403568793,0.656910569105691,0.5431163315556021,0.5439024390243903
46.0,0.95,0.050000000000000044,1.0,0.6166933870872473,0.2145096453215314,0.7084628932426349,0.6560975609756098,0.5431998427091055,0.5439024390243903
39.0,0.95,0.050000000000000044,0.95,0.6166934152467074,0.21450461360547624,0.708548156319193,0.6560975609756098,0.5431296839333433,0.5439024390243903
51.0,0.95,0.050000000000000044,1.35,0.6166935594758954,0.2144863513229187,0.7090117742979785,0.6560975609756098,0.5429383452027889,0.5439024390243903
50.0,0.95,0.050000000000000044,1.05,0.6166935854384583,0.21451064933069966,0.7084282551177828,0.6560975609756098,0.5432112348467838,0.5439024390243903
40.0,0.95,0.050000000000000044,1.05,0.6166936432499622,0.21449622930832712,0.7087533205971613,0.656910569105691,0.5430351575733933,0.5439024390243903
41.0,0.95,0.050000000000000044,0.95,0.6166937138471279,0.21450755704685961,0.7084895379540592,0.6560975609756098,0.5431678696826924,0.5439024390243903
44.0,1.0,0.0,1.0,0.6166937711804917,0.21450434619567474,0.7083296696855124,0.6577235772357723,0.5432702634380184,0.5439024390243903
45.0,0.95,0.050000000000000044,1.2,0.6166939782257372,0.214489996492787,0.7088865441542835,0.6560975609756098,0.5429738917215896,0.5439024390243903
38.0,1.0,0.0,1.0,0.616694241106491,0.21449563175473813,0.7086440772803211,0.6585365853658537,0.5431472674300527,0.5439024390243903
53.0,0.95,0.050000000000000044,1.4,0.6166944371620833,0.21448572098017785,0.7090464124228303,0.6560975609756098,0.5429273423997001,0.5439024390243903
48.0,1.0,0.0,1.35,0.6166949262321157,0.21447943293907665,0.7090384190094028,0.6552845528455284,0.5430236408452934,0.5439024390243903
43.0,1.0,0.0,1.2,0.6166951545281549,0.21448449910077813,0.7089984519422663,0.6560975609756098,0.5430545425760344,0.5439024390243903
48.0,1.0,0.0,1.05,0.6166952232109493,0.2145059917340116,0.7083723012237917,0.656910569105691,0.5432935532387075,0.5439024390243903
40.0,1.0,0.0,1.1,0.6166954087998656,0.21448922077274404,0.7089025309811383,0.656910569105691,0.5430869804846613,0.5439024390243903
54.0,0.95,0.050000000000000044,1.1,0.616695435428197,0.2145123112953119,0.7083936169929312,0.6552845528455284,0.5432206329777519,0.5439024390243903
43.0,0.95,0.050000000000000044,1.15,0.6166955117506323,0.21449199198592817,0.7088838796831411,0.6560975609756098,0.5429867703799875,0.5439024390243903
38.0,0.95,0.050000000000000044,0.95,0.6166956221507855,0.21450400562330818,0.7085614786749053,0.656910569105691,0.5431096638148314,0.5439024390243903
39.0,1.0,0.0,0.95,0.6166956449534005,0.21450268075060278,0.708452235358065,0.6585365853658537,0.5432233637879063,0.5439024390243903
55.0,0.95,0.050000000000000044,1.45,0.6166956906545605,0.21448531200947546,0.7090810505476821,0.6560975609756098,0.5429166883143863,0.5439024390243903
42.0,0.95,0.050000000000000044,0.95,0.6166959054500376,0.21450977029217172,0.7084895379540591,0.656910569105691,0.5431860899480282,0.5439024390243903
38.0,1.0,0.0,0.95,0.6166961688971291,0.21450142859802293,0.7085241760789109,0.6593495934959349,0.5432019855036412,0.5439024390243903
40.0,1.0,0.0,0.95,0.6166968722229317,0.21450458055075347,0.7084415774734951,0.6585365853658537,0.543244079282349,0.5439024390243903
57.0,0.95,0.050000000000000044,1.5,0.6166972636204922,0.21448509335782426,0.7090863794899671,0.6552845528455284,0.5429063466752225,0.5439024390243903
58.0,1.0,0.0,1.2,0.6166978084121626,0.2145079705739026,0.7083696367526493,0.656910569105691,0.5433216573602524,0.5439024390243903
53.0,1.0,0.0,1.5,0.6166979641675409,0.21447662025613692,0.7091156886725338,0.6552845528455284,0.5429987383055057,0.5439024390243903
41.0,0.95,0.050000000000000044,1.1,0.6166980100142269,0.2144945133255779,0.7088465770871468,0.6560975609756098,0.5430002785066687,0.5439024390243903
47.0,0.95,0.050000000000000044,1.0,0.6166980223133207,0.21451272942187397,0.7084602287714923,0.6560975609756098,0.5432160976447292,0.5439024390243903
58.0,0.95,0.050000000000000044,1.15,0.6166982534494594,0.21451433342636908,0.708350985454652,0.6560975609756098,0.5432283288842148,0.5439024390243903
46.0,1.0,0.0,1.3,0.6166983504750095,0.2144816503468501,0.7090277611248332,0.6552845528455284,0.5430262531800645,0.5439024390243903
55.0,1.0,0.0,1.15,0.6166983957782146,0.21450823722701642,0.7083536499257945,0.656910569105691,0.5433181020401748,0.5439024390243903
37.0,1.0,0.0,0.95,0.6166986434501465,0.2145009023285786,0.7085321694923383,0.6585365853658537,0.5431799132264428,0.5439024390243903
45.0,1.0,0.0,1.0,0.6166987234913393,0.21450762059541337,0.7083403275700824,0.656910569105691,0.5432887064593671,0.5439024390243903
38.0,0.95,0.050000000000000044,1.0,0.6166987540156335,0.21450009339872705,0.7087213469434519,0.6577235772357723,0.5430508991094131,0.5439024390243903
51.0,0.95,0.050000000000000044,1.05,0.6166990227985737,0.21451398999447524,0.7083696367526491,0.6560975609756098,0.5432262642615823,0.5439024390243903
43.0,0.95,0.050000000000000044,0.95,0.6166992746964458,0.21451240670262442,0.7084708866560621,0.6560975609756098,0.5432037622472912,0.5439024390243903
52.0,1.0,0.0,1.1,0.6166996006499632,0.21450880506169584,0.7083829591083615,0.656910569105691,0.5433144118842206,0.5439024390243903
37.0,0.95,0.050000000000000044,0.95,0.6166996381678889,0.2145040668021117,0.708601445742042,0.6577235772357723,0.5430889862185817,0.5439024390243903
41.0,1.0,0.0,0.95,0.6166996710361367,0.21450705781816687,0.7083429920412248,0.6577235772357723,0.5432641613484783,0.5439024390243903
41.0,1.0,0.0,1.15,0.6167000935399891,0.21448773157273315,0.7089558204039871,0.6560975609756098,0.5430591007500255,0.5439024390243903
51.0,1.0,0.0,1.45,0.6167006868547521,0.21447825858159572,0.7090810505476821,0.6552845528455284,0.5429999705687795,0.5439024390243903
37.0,1.0,0.0,1.0,0.6167009472560311,0.21449661886234134,0.70869736670317,0.656910569105691,0.5431244557520764,0.5439024390243903
55.0,0.95,0.050000000000000044,1.1,0.6167013638654483,0.21451578394571744,0.7083429920412246,0.6560975609756098,0.5432345928581936,0.5439024390243903
49.0,1.0,0.0,1.05,0.6167016261880685,0.21450977314736044,0.7083349986277974,0.656910569105691,0.5433105862699129,0.5439024390243903
39.0,0.95,0.050000000000000044,1.05,0.6167017021602869,0.21449767390462113,0.7088039455488678,0.656910569105691,0.5430145026705956,0.5439024390243903
38.0,1.0,0.0,1.05,0.6167020199695125,0.21449346504202146,0.7088252613180073,0.656910569105691,0.543093538184734,0.5439024390243903
44.0,1.0,0.0,1.25,0.6167023359047515,0.21448421199526443,0.7090064453556936,0.6552845528455284,0.5430292197406915,0.5439024390243903
48.0,0.95,0.050000000000000044,1.3,0.6167027483390132,0.21448915019209025,0.7090117742979785,0.6577235772357723,0.5429316021203688,0.5439024390243903
38.0,0.95,0.050000000000000044,0.9,0.6167028267069959,0.21451178007526478,0.7084815445406318,0.656910569105691,0.5431695098154802,0.5439024390243903
46.0,0.95,0.050000000000000044,1.25,0.616702912477789,0.21449037043161703,0.7089851295865541,0.6577235772357723,0.5429428647860245,0.5439024390243903
37.0,0.95,0.050000000000000044,0.9,0.6167029930968009,0.21451046945763938,0.7084762155983471,0.6560975609756098,0.5431495405985942,0.5439024390243903
50.0,0.95,0.050000000000000044,1.35,0.6167031281589732,0.21448824543587883,0.7090544058362576,0.6577235772357723,0.542920748127066,0.5439024390243903
36.0,1.0,0.0,0.95,0.6167032901085409,0.21450118925622347,0.7086041102131844,0.656910569105691,0.5431571137764398,0.5439024390243903
48.0,0.95,0.050000000000000044,1.0,0.6167034735389165,0.21451609551672218,0.7084255906466406,0.6560975609756098,0.543231897974308,0.5439024390243903
44.0,0.95,0.050000000000000044,0.95,0.6167037003207632,0.21451541959951545,0.7084708866560621,0.6560975609756098,0.5432209100918871,0.5439024390243903
44.0,0.95,0.050000000000000044,1.2,0.6167037366623456,0.2144919674254406,0.7089451625194174,0.6577235772357723,0.5429545886272008,0.5439024390243903
49.0,1.0,0.0,1.4,0.6167037566149266,0.21448011644950513,0.7090837150188245,0.6552845528455284,0.5430014167294606,0.5439024390243903
42.0,1.0,0.0,0.95,0.6167038793566091,0.21451004953248495,0.7083190118009427,0.656910569105691,0.5432836376345243,0.5439024390243903
52.0,0.95,0.050000000000000044,1.4,0.6167039603084702,0.214487606871577,0.709062399249685,0.6577235772357723,0.5429102573420391,0.5439024390243903
39.0,0.95,0.050000000000000044,0.9,0.6167042244414417,0.21451367046369055,0.7084895379540592,0.6560975609756098,0.5431888384649572,0.5439024390243903
59.0,0.95,0.050000000000000044,1.15,0.6167044611920812,0.21451785590764838,0.7083643078103641,0.6560975609756098,0.5432413477516362,0.5439024390243903
46.0,1.0,0.0,1.0,0.6167047490774491,0.21451127609695406,0.7083589788680794,0.656910569105691,0.5433066260478184,0.5439024390243903
36.0,0.95,0.050000000000000044,0.9,0.6167049094470513,0.21450981222602603,0.7084815445406318,0.656910569105691,0.5431288995864653,0.5439024390243903
52.0,0.95,0.050000000000000044,1.05,0.6167051022346404,0.21451754596106717,0.708404274877501,0.6560975609756098,0.543240896020593,0.5439024390243903
54.0,0.95,0.050000000000000044,1.45,0.6167051720843751,0.21448719461108656,0.7090730571342547,0.656910569105691,0.5429000902072689,0.5439024390243903
59.0,1.0,0.0,1.2,0.6167052678672289,0.21451203471554323,0.7083563143969369,0.656910569105691,0.5433361116353861,0.5439024390243903
42.0,0.95,0.050000000000000044,1.15,0.616705368762211,0.21449401779831934,0.7089185178079929,0.656910569105691,0.5429668346255793,0.5439024390243903
36.0,0.95,0.050000000000000044,0.95,0.6167056669980221,0.2145048774124503,0.7086627285783181,0.6577235772357723,0.5430676192946889,0.5439024390243903
56.0,1.0,0.0,1.15,0.6167058403132581,0.21451232880966856,0.7083749656949341,0.656910569105691,0.5433332051166352,0.5439024390243903
39.0,1.0,0.0,1.1,0.6167060294895518,0.21449153943106405,0.7089398335771325,0.656910569105691,0.5430642315652752,0.5439024390243903
37.0,1.0,0.0,0.9,0.6167066575704704,0.21450905803337006,0.7084255906466406,0.6585365853658537,0.5432364155353284,0.5439024390243903
56.0,0.95,0.050000000000000044,1.5,0.616706705508212,0.2144869761909283,0.70906772819197,0.656910569105691,0.5428902121640434,0.5439024390243903
37.0,0.95,0.050000000000000044,1.0,0.6167068832206538,0.21450161743649185,0.7087506561260188,0.6577235772357723,0.5430295453517272,0.5439024390243903
53.0,1.0,0.0,1.1,0.6167069769279572,0.21451290139045445,0.7083669722815067,0.656910569105691,0.5433302198055477,0.5439024390243903
42.0,1.0,0.0,1.2,0.6167070154198474,0.2144871907025938,0.7089824651154115,0.6552845528455284,0.543032589236547,0.5439024390243903
40.0,0.95,0.050000000000000044,0.9,0.6167070195605907,0.21451607490231694,0.7084362485312103,0.656910569105691,0.5432075558949699,0.5439024390243903
36.0,1.0,0.0,0.9,0.6167070714005667,0.21450782593833767,0.7084895379540591,0.6585365853658537,0.5432144072052041,0.5439024390243903
47.0,1.0,0.0,1.35,0.6167072447724666,0.2144822353298227,0.7090250966536906,0.6552845528455284,0.5430031058408543,0.5439024390243903
56.0,0.95,0.050000000000000044,1.1,0.6167078057175958,0.2145194237228103,0.7083456565123671,0.6552845528455284,0.5432482021284494,0.5439024390243903
40.0,0.95,0.050000000000000044,1.1,0.6167079981840442,0.214496617974566,0.7089051954522807,0.656910569105691,0.5429796741036025,0.5439024390243903
38.0,1.0,0.0,0.9,0.6167081332843904,0.21451099973225565,0.7083536499257945,0.6577235772357723,0.5432577152504692,0.5439024390243903
35.0,0.95,0.050000000000000044,0.9,0.616708783096715,0.21450989093991177,0.7085135181943412,0.656910569105691,0.5431075535380265,0.5439024390243903
50.0,1.0,0.0,1.05,0.6167088605839506,0.21451384194791548,0.7083110183875153,0.656910569105691,0.5433271625979526,0.5439024390243903
45.0,0.95,0.050000000000000044,0.95,0.6167090727300278,0.21451876697805738,0.7084575643003499,0.6560975609756098,0.5432375556619228,0.5439024390243903
43.0,1.0,0.0,0.95,0.616709350931372,0.21451349904802058,0.7082950315606608,0.656910569105691,0.5433025341960362,0.5439024390243903
35.0,1.0,0.0,0.9,0.6167096001569512,0.21450739319843465,0.7085428273769081,0.6593495934959349,0.5431916556322097,0.5439024390243903
49.0,0.95,0.050000000000000044,1.0,0.6167096584882489,0.21451971270933085,0.7083962814640736,0.6552845528455284,0.5432472617537418,0.5439024390243903
36.0,1.0,0.0,1.0,0.6167101179983724,0.2144985258044156,0.7087639784817311,0.656910569105691,0.5431008997581884,0.5439024390243903
35.0,1.0,0.0,0.95,0.6167103551658628,0.21450238694541296,0.708668057520603,0.656910569105691,0.5431335518566558,0.5439024390243903
52.0,1.0,0.0,1.5,0.6167105315447226,0.21447950653281775,0.709206280691377,0.6552845528455284,0.5429794807886694,0.5439024390243903
41.0,0.95,0.050000000000000044,0.9,0.6167110623123794,0.21451893465192146,0.7084575643003498,0.6560975609756098,0.5432256897019939,0.5439024390243903
60.0,0.95,0.050000000000000044,1.15,0.6167110853383189,0.2145215100109123,0.7082683868492363,0.6552845528455284,0.5432540553448957,0.5439024390243903
45.0,1.0,0.0,1.3,0.6167112413429419,0.21448466659565377,0.709062399249685,0.6552845528455284,0.543005071363854,0.5439024390243903
39.0,1.0,0.0,0.9,0.6167112964101961,0.21451357093170997,0.7083083539163728,0.656910569105691,0.543278338901793,0.5439024390243903
47.0,1.0,0.0,1.0,0.6167117393136825,0.21451527145962263,0.7082923670895183,0.656910569105691,0.5433240433038975,0.5439024390243903
53.0,0.95,0.050000000000000044,1.05,0.6167117606382914,0.2145212939545881,0.7083616433392219,0.6552845528455284,0.5432551450205094,0.5439024390243903
38.0,0.95,0.050000000000000044,1.05,0.6167118689389831,0.21449989007111303,0.7088785507408564,0.656910569105691,0.5429931911808218,0.5439024390243903
40.0,1.0,0.0,1.15,0.6167125598716524,0.21449067827704507,0.7089984519422663,0.6552845528455284,0.5430364186515071,0.5439024390243903
37.0,1.0,0.0,1.05,0.6167132244905679,0.2144960573543663,0.708889208625426,0.656910569105691,0.5430700189339288,0.5439024390243903
60.0,1.0,0.0,1.2,0.6167132361764399,0.21451626472294372,0.7083163473298002,0.6560975609756098,0.5433502259825758,0.5439024390243903
50.0,1.0,0.0,1.45,0.6167138088579307,0.2144813356612418,0.7091982872779496,0.6552845528455284,0.5429801379560255,0.5439024390243903
57.0,1.0,0.0,1.15,0.6167138595465788,0.2145166106200907,0.7083216762720852,0.6560975609756098,0.5433479392070009,0.5439024390243903
35.0,0.95,0.050000000000000044,0.95,0.6167139352746984,0.21450652722905952,0.7086867088186001,0.656910569105691,0.5430455291390951,0.5439024390243903
47.0,0.95,0.050000000000000044,1.3,0.6167139954416355,0.21449162718127904,0.7090517413651151,0.6577235772357723,0.5429129756879305,0.5439024390243903
49.0,0.95,0.050000000000000044,1.35,0.6167142255704761,0.2144906691975323,0.7090703926631123,0.6577235772357723,0.542902689958908,0.5439024390243903
45.0,0.95,0.050000000000000044,1.25,0.6167143297295666,0.2144929148895285,0.7090357545382605,0.6577235772357723,0.5429236382617881,0.5439024390243903
34.0,1.0,0.0,0.9,0.6167144954158604,0.21450786050305568,0.7086121036266116,0.6577235772357723,0.5431681239727318,0.5439024390243903
57.0,0.95,0.050000000000000044,1.1,0.6167147116802608,0.2145232127288491,0.7083056894452304,0.6552845528455284,0.5432614732321845,0.5439024390243903
34.0,0.95,0.050000000000000044,0.9,0.6167148456392295,0.21451079831274544,0.7085987812708995,0.656910569105691,0.5430854670632288,0.5439024390243903
51.0,0.95,0.050000000000000044,1.4,0.6167149234147982,0.2144899883090592,0.709099701845679,0.656910569105691,0.5428927379740401,0.5439024390243903
54.0,1.0,0.0,1.1,0.6167150067304462,0.21451721765655646,0.7083163473298002,0.6560975609756098,0.5433456258348387,0.5439024390243903
35.0,0.95,0.050000000000000044,0.85,0.6167152041904584,0.214517580006403,0.7083882880506462,0.656910569105691,0.543170789242415,0.5439024390243903
46.0,0.95,0.050000000000000044,0.95,0.6167152928097059,0.21452241100905403,0.7083776301660765,0.6552845528455284,0.5432537199002538,0.5439024390243903
43.0,0.95,0.050000000000000044,1.2,0.6167153515603271,0.2144945980439189,0.7089931229999813,0.6577235772357723,0.5429347276122554,0.5439024390243903
36.0,0.95,0.050000000000000044,0.85,0.6167154263058161,0.21451896868766243,0.708398945935216,0.6560975609756098,0.543191354669761,0.5439024390243903
43.0,1.0,0.0,1.25,0.6167158607345311,0.21448747432950785,0.7090730571342547,0.6552845528455284,0.5430073520469293,0.5439024390243903
44.0,1.0,0.0,0.95,0.6167159536532588,0.21451735540346809,0.7082577289646664,0.656910569105691,0.5433208756083898,0.5439024390243903
40.0,1.0,0.0,0.9,0.6167159654876719,0.21451670005526902,0.7083190118009428,0.656910569105691,0.5432983171004337,0.5439024390243903
53.0,0.95,0.050000000000000044,1.45,0.616716012606518,0.21448954211175414,0.7091263465571036,0.6560975609756098,0.5428830823313933,0.5439024390243903
42.0,0.95,0.050000000000000044,0.9,0.6167162180791661,0.2145221971581285,0.7084735511272047,0.6560975609756098,0.5432432658530084,0.5439024390243903
50.0,0.95,0.050000000000000044,1.0,0.6167165023636759,0.2145235530175771,0.7083909525217886,0.6552845528455284,0.543262206095855,0.5439024390243903
51.0,1.0,0.0,1.05,0.616716843943088,0.2145181673678422,0.708297696031803,0.656910569105691,0.5433432995477363,0.5439024390243903
34.0,0.95,0.050000000000000044,0.85,0.616716878536731,0.21451691214889457,0.7084016104063585,0.6560975609756098,0.543149503868948,0.5439024390243903
41.0,0.95,0.050000000000000044,1.15,0.6167172186014479,0.21449675923513492,0.7090011164134087,0.6577235772357723,0.5429463019612895,0.5439024390243903
36.0,0.95,0.050000000000000044,1.0,0.6167172972522683,0.21450398975633225,0.7088172679045799,0.656910569105691,0.5430074860787037,0.5439024390243903
37.0,0.95,0.050000000000000044,0.85,0.6167173338305529,0.21452099324328444,0.7083882880506464,0.656910569105691,0.5432112347621842,0.5439024390243903
55.0,0.95,0.050000000000000044,1.5,0.6167174325119322,0.21448929623628163,0.70917697150881,0.6552845528455284,0.5428736904321503,0.5439024390243903
48.0,1.0,0.0,1.4,0.6167174821794025,0.2144834074643896,0.7091796359799525,0.6552845528455284,0.5429809760476438,0.5439024390243903
54.0,0.95,0.050000000000000044,1.05,0.6167189403738278,0.2145252127915444,0.7083190118009426,0.6552845528455284,0.5432690254294886,0.5439024390243903
38.0,1.0,0.0,1.1,0.6167191904036551,0.21449479129655297,0.7089824651154115,0.6560975609756098,0.5430407752828409,0.5439024390243903
48.0,1.0,0.0,1.0,0.6167195955678592,0.21451956936772368,0.7083056894452304,0.656910569105691,0.5433409782046866,0.5439024390243903
34.0,1.0,0.0,0.95,0.6167201127858062,0.21450460455744796,0.7087533205971612,0.656910569105691,0.5431091899102092,0.5439024390243903
39.0,0.95,0.050000000000000044,1.1,0.616720133942874,0.2144995029285339,0.7089265112214203,0.6577235772357723,0.5429584297400458,0.5439024390243903
35.0,1.0,0.0,0.85,0.6167201506458191,0.21451664911056187,0.7083536499257945,0.6585365853658537,0.5432509024822314,0.5439024390243903
34.0,1.0,0.0,0.85,0.6167205137014942,0.21451548098556084,0.7084229261754981,0.6577235772357723,0.5432282403994078,0.5439024390243903
33.0,0.95,0.050000000000000044,0.85,0.6167206861102285,0.21451706093609482,0.7084389130023527,0.656910569105691,0.543127461705958,0.5439024390243903
38.0,0.95,0.050000000000000044,0.85,0.6167207384058121,0.21452357825807336,0.7083749656949341,0.6552845528455284,0.5432304620292473,0.5439024390243903
41.0,1.0,0.0,1.2,0.616721249402268,0.21449073903822152,0.7090490768939727,0.6552845528455284,0.543009993077988,0.5439024390243903
46.0,1.0,0.0,1.35,0.6167216309398427,0.21448576792104543,0.7091556557396705,0.6552845528455284,0.5429820211745354,0.5439024390243903
36.0,1.0,0.0,0.85,0.6167218394599109,0.21451860092411199,0.7082897026183758,0.656910569105691,0.5432728060778589,0.5439024390243903
41.0,1.0,0.0,0.9,0.616721977465047,0.21452032307638402,0.7082124329552449,0.656910569105691,0.5433176786492206,0.5439024390243903
35.0,1.0,0.0,1.0,0.6167220208301794,0.21450145801515066,0.7088625639140015,0.656910569105691,0.5430765635465112,0.5439024390243903
58.0,0.95,0.050000000000000044,1.1,0.6167220365399989,0.2145271346045511,0.708255064493524,0.6552845528455284,0.5432744180410709,0.5439024390243903
33.0,1.0,0.0,0.9,0.6167220383176002,0.21450934096842567,0.708673386462888,0.6560975609756098,0.5431437730301889,0.5439024390243903
47.0,0.95,0.050000000000000044,0.95,0.6167222708624548,0.21452631759882262,0.708350985454652,0.6552845528455284,0.5432694225991961,0.5439024390243903
43.0,0.95,0.050000000000000044,0.9,0.6167223657462305,0.21452581535503062,0.7084175972332132,0.6552845528455284,0.5432603088001949,0.5439024390243903
58.0,1.0,0.0,1.15,0.6167223989480816,0.21452106282586195,0.7082817092049485,0.6560975609756098,0.5433623170122263,0.5439024390243903
33.0,1.0,0.0,0.85,0.6167231856740059,0.21451520052841005,0.7084628932426348,0.6585365853658537,0.5432047814711982,0.5439024390243903
33.0,0.95,0.050000000000000044,0.9,0.616723356077888,0.21451263860999795,0.7085987812708995,0.656910569105691,0.5430626024887942,0.5439024390243903
45.0,1.0,0.0,0.95,0.6167235681085743,0.21452157271385508,0.7082497355512392,0.656910569105691,0.5433386850711903,0.5439024390243903
55.0,1.0,0.0,1.1,0.6167236262961469,0.2145217304235143,0.7083030249740879,0.6560975609756098,0.5433606443869213,0.5439024390243903
51.0,0.95,0.050000000000000044,1.0,0.61672393712956,0.21452759108471445,0.7083563143969368,0.6552845528455284,0.5432767472333998,0.5439024390243903
37.0,0.95,0.050000000000000044,1.05,0.6167243607744664,0.21450296214089268,0.708931840163705,0.6577235772357723,0.5429711921669267,0.5439024390243903
34.0,0.95,0.050000000000000044,0.95,0.6167246954369912,0.21450911679349338,0.7087613140105886,0.656910569105691,0.543022679654087,0.5439024390243903
51.0,1.0,0.0,1.5,0.6167249179550466,0.21448302494868202,0.7092169385759468,0.6552845528455284,0.5429597480488026,0.5439024390243903
37.0,1.0,0.0,0.85,0.61672535082852,0.21452124414271348,0.7082897026183759,0.656910569105691,0.5432939872420721,0.5439024390243903
39.0,0.95,0.050000000000000044,0.85,0.6167254717390211,0.21452665669600546,0.7083429920412246,0.6560975609756098,0.5432490670108935,0.5439024390243903
52.0,1.0,0.0,1.05,0.6167255010552464,0.21452272143007708,0.7082417421378118,0.6560975609756098,0.5433590135824223,0.5439024390243903
44.0,1.0,0.0,1.3,0.6167263554300514,0.2144884741241356,0.7091423333839582,0.6552845528455284,0.5429833035096688,0.5439024390243903
55.0,0.95,0.050000000000000044,1.05,0.6167265887802956,0.214529283184341,0.7082737157915211,0.6552845528455284,0.5432825507327597,0.5439024390243903
32.0,0.95,0.050000000000000044,0.85,0.6167268928716415,0.21451813461368985,0.708500195838629,0.656910569105691,0.543104623554314,0.5439024390243903
48.0,0.95,0.050000000000000044,1.35,0.6167269773708165,0.21449366835935688,0.7091716425665252,0.6552845528455284,0.5428841530983398,0.5439024390243903
46.0,0.95,0.050000000000000044,1.3,0.616727007557993,0.2144947228268755,0.7091663136242403,0.6577235772357723,0.542893839461243,0.5439024390243903
36.0,1.0,0.0,1.05,0.6167271952524396,0.21449967887578375,0.7089744717019842,0.656910569105691,0.5430457395452901,0.5439024390243903
50.0,0.95,0.050000000000000044,1.4,0.6167274409844968,0.21449290664603957,0.709206280691377,0.6552845528455284,0.5428747682734343,0.5439024390243903
39.0,1.0,0.0,1.15,0.6167275961935833,0.21449456260486668,0.7090064453556936,0.6552845528455284,0.5430130476305928,0.5439024390243903
44.0,0.95,0.050000000000000044,1.25,0.6167276351765779,0.21449612693975523,0.7091423333839582,0.6585365853658537,0.5429038677407525,0.5439024390243903
49.0,1.0,0.0,1.0,0.6167282282313554,0.214524136035847,0.7082444066089542,0.6560975609756098,0.5433574496804628,0.5439024390243903
52.0,0.95,0.050000000000000044,1.45,0.6167283168786307,0.2144923920335467,0.7092196030470892,0.6552845528455284,0.5428656500549155,0.5439024390243903
32.0,1.0,0.0,0.85,0.6167284550544088,0.21451592506577205,0.7085721365594749,0.6585365853658537,0.5431804849110291,0.5439024390243903
49.0,1.0,0.0,1.45,0.616728876775849,0.214485092906818,0.7092169385759468,0.6552845528455284,0.542959801069656,0.5439024390243903
42.0,0.95,0.050000000000000044,1.2,0.616728992744463,0.21449795204887095,0.709099701845679,0.6585365853658537,0.5429142848927261,0.5439024390243903
42.0,1.0,0.0,0.9,0.6167291857074533,0.2145243826651156,0.7082177618975298,0.656910569105691,0.5433364506678504,0.5439024390243903
44.0,0.95,0.050000000000000044,0.9,0.6167293962625242,0.2145297470550095,0.7083056894452304,0.6552845528455284,0.5432768415880175,0.5439024390243903
54.0,0.95,0.050000000000000044,1.5,0.6167295405566529,0.21449208765814734,0.7092435832873712,0.6552845528455284,0.5428567680773668,0.5439024390243903
59.0,0.95,0.050000000000000044,1.1,0.6167297388193845,0.21453117439181207,0.7082177618975298,0.6552845528455284,0.5432870478881866,0.5439024390243903
48.0,0.95,0.050000000000000044,0.95,0.616729925663632,0.21453045599985282,0.7083429920412246,0.6552845528455284,0.5432846824803387,0.5439024390243903
35.0,0.95,0.050000000000000044,1.0,0.6167302423108862,0.21450730740333937,0.7088412481448619,0.6577235772357723,0.5429846867846486,0.5439024390243903
38.0,1.0,0.0,0.85,0.6167304799429119,0.21452449675432758,0.7082524000223815,0.656910569105691,0.5433144798617884,0.5439024390243903
33.0,0.95,0.050000000000000044,0.8,0.6167306981201032,0.214526233822464,0.7083723012237916,0.656910569105691,0.5431936433744448,0.5439024390243903
40.0,0.95,0.050000000000000044,1.15,0.6167312507535563,0.21450028823256687,0.7090597347785424,0.6585365853658537,0.542925145932483,0.5439024390243903
34.0,0.95,0.050000000000000044,0.8,0.61673125325316,0.21452765795493853,0.7083829591083614,0.656910569105691,0.5432148215547916,0.5439024390243903
40.0,0.95,0.050000000000000044,0.85,0.6167313833123451,0.21453016889989554,0.7083163473298002,0.6552845528455284,0.5432670784071628,0.5439024390243903
59.0,1.0,0.0,1.15,0.6167314084159042,0.2145256672526699,0.7083003605029456,0.6560975609756098,0.5433763506687864,0.5439024390243903
42.0,1.0,0.0,1.25,0.6167317832583729,0.21449159748490448,0.709129011028246,0.6552845528455284,0.5429848581447803,0.5439024390243903
52.0,0.95,0.050000000000000044,1.0,0.6167319008703106,0.21453180392139026,0.7082817092049485,0.6552845528455284,0.5432909005769319,0.5439024390243903
46.0,1.0,0.0,0.95,0.6167320862869727,0.2145261096338835,0.7082230908398147,0.6560975609756098,0.5433559845047937,0.5439024390243903
32.0,0.95,0.050000000000000044,0.8,0.616732215601467,0.214525612883314,0.7083723012237916,0.656910569105691,0.543171693258751,0.5439024390243903
32.0,1.0,0.0,0.9,0.6167325434358087,0.21451196186061636,0.7087506561260188,0.6560975609756098,0.5431185611256649,0.5439024390243903
56.0,1.0,0.0,1.1,0.6167327772325714,0.2145264182889102,0.7082817092049485,0.6560975609756098,0.543375289204892,0.5439024390243903
33.0,1.0,0.0,0.95,0.616732868511544,0.21450796440132183,0.7088572349717166,0.656910569105691,0.5430839879793058,0.5439024390243903
47.0,1.0,0.0,1.4,0.6167332941837431,0.2144874324828869,0.7092329254028014,0.6552845528455284,0.5429599992279576,0.5439024390243903
35.0,0.95,0.050000000000000044,0.8,0.6167336388009403,0.21452978616413498,0.7083136828586578,0.6552845528455284,0.5432352660286975,0.5439024390243903
32.0,0.95,0.050000000000000044,0.9,0.6167346044548228,0.2145155292698236,0.7086573996360332,0.656910569105691,0.5430389197313081,0.5439024390243903
38.0,0.95,0.050000000000000044,1.1,0.6167346299314751,0.21450324998700024,0.7090064453556937,0.6585365853658537,0.542936515923369,0.5439024390243903
56.0,0.95,0.050000000000000044,1.05,0.6167346577224389,0.2145334875648088,0.7082044395418177,0.6552845528455284,0.5432957337746457,0.5439024390243903
53.0,1.0,0.0,1.05,0.61673476328772,0.21452747868301492,0.708231084253242,0.6560975609756098,0.5433743203586952,0.5439024390243903
37.0,1.0,0.0,1.1,0.6167351464291896,0.21449907493630443,0.7090197677114058,0.6552845528455284,0.5430165789927336,0.5439024390243903
31.0,0.95,0.050000000000000044,0.85,0.6167357980038856,0.21452025566161698,0.7085454918480505,0.656910569105691,0.5430809477507931,0.5439024390243903
31.0,0.95,0.050000000000000044,0.8,0.6167360790871526,0.21452590765102572,0.7083696367526491,0.6577235772357723,0.543148930574965,0.5439024390243903
31.0,1.0,0.0,0.85,0.6167366460637992,0.21451778719276704,0.7086121036266118,0.6577235772357723,0.5431553073940255,0.5439024390243903
33.0,1.0,0.0,0.8,0.6167367655835574,0.21452574179828682,0.7083163473298002,0.6577235772357723,0.5432670449856566,0.5439024390243903
34.0,1.0,0.0,1.0,0.6167369527816703,0.2145055331759113,0.7089478269905598,0.656910569105691,0.5430514089131854,0.5439024390243903
39.0,1.0,0.0,0.85,0.6167370436904843,0.21452828578633978,0.7082497355512392,0.6560975609756098,0.5433343157903161,0.5439024390243903
32.0,1.0,0.0,0.8,0.6167371748582068,0.2145247011845126,0.7083456565123671,0.6585365853658537,0.5432437086236168,0.5439024390243903
45.0,0.95,0.050000000000000044,0.9,0.6167372113686872,0.21453395441295994,0.7083056894452304,0.6552845528455284,0.5432928859526696,0.5439024390243903
43.0,1.0,0.0,0.9,0.6167374582410579,0.21452882744105506,0.7082390776666694,0.6560975609756098,0.5433546587106303,0.5439024390243903
50.0,1.0,0.0,1.0,0.6167375558514461,0.21452894085750795,0.7082524000223815,0.6560975609756098,0.5433734756850791,0.5439024390243903
36.0,0.95,0.050000000000000044,0.8,0.616737639894947,0.21453253099919536,0.708308353916373,0.6552845528455284,0.5432550127269632,0.5439024390243903
60.0,0.95,0.050000000000000044,1.1,0.6167377804552673,0.21453531840967754,0.708159143532396,0.6552845528455284,0.5432993735989424,0.5439024390243903
40.0,1.0,0.0,1.2,0.6167380780656624,0.2144952279957052,0.7091183531436763,0.6552845528455284,0.5429867262401298,0.5439024390243903
49.0,0.95,0.050000000000000044,0.95,0.6167381836195017,0.21453479846575996,0.7082417421378118,0.6552845528455284,0.5432995172679314,0.5439024390243903
33.0,0.95,0.050000000000000044,0.95,0.6167382290151906,0.21451275887083046,0.7088199323757225,0.656910569105691,0.5429990324103209,0.5439024390243903
45.0,1.0,0.0,1.35,0.6167382599061929,0.21449009521305412,0.709206280691377,0.6552845528455284,0.5429603653096243,0.5439024390243903
41.0,0.95,0.050000000000000044,0.85,0.616738338378879,0.21453406172274786,0.7082364131955269,0.6552845528455284,0.5432845232031823,0.5439024390243903
34.0,1.0,0.0,0.8,0.6167386020666734,0.21452765605186566,0.7083056894452305,0.6560975609756098,0.5432895690012015,0.5439024390243903
36.0,0.95,0.050000000000000044,1.05,0.6167394178975047,0.2145069838642545,0.7089664782885569,0.6585365853658537,0.5429484727061814,0.5439024390243903
31.0,1.0,0.0,0.8,0.616740126181957,0.2145246560331157,0.708428255117783,0.6585365853658537,0.5432195176323092,0.5439024390243903
53.0,0.95,0.050000000000000044,1.0,0.6167403372142596,0.21453617067521946,0.7081644724746808,0.6560975609756098,0.543304680768008,0.5439024390243903
60.0,1.0,0.0,1.15,0.6167408419013023,0.21453040724047018,0.7082524000223815,0.6560975609756098,0.5433900517805994,0.5439024390243903
50.0,1.0,0.0,1.5,0.6167412647234766,0.2144872264503005,0.7092169385759468,0.6544715447154471,0.5429395231164159,0.5439024390243903
47.0,1.0,0.0,0.95,0.6167414104336801,0.21453092888339928,0.7082284197820996,0.6560975609756098,0.543372794639307,0.5439024390243903
47.0,0.95,0.050000000000000044,1.35,0.616741520001703,0.21449729273252047,0.709248912229656,0.6560975609756098,0.5428651190133486,0.5439024390243903
49.0,0.95,0.050000000000000044,1.4,0.6167416370459774,0.21449640678342774,0.7092622345853683,0.6560975609756098,0.5428563314037094,0.5439024390243903
45.0,0.95,0.050000000000000044,1.3,0.6167419353257347,0.21449849263605583,0.7092275964605165,0.6560975609756098,0.5428741729741192,0.5439024390243903
51.0,0.95,0.050000000000000044,1.45,0.6167421980092422,0.2144957850147746,0.7092675635276532,0.6560975609756098,0.5428477780318419,0.5439024390243903
57.0,1.0,0.0,1.1,0.6167424060440408,0.21453126170073752,0.7082284197820996,0.6560975609756098,0.5433895734002386,0.5439024390243903
35.0,1.0,0.0,0.8,0.6167424215556828,0.214530336493385,0.7082177618975298,0.6560975609756098,0.5433113204744915,0.5439024390243903
30.0,0.95,0.050000000000000044,0.8,0.6167425976477454,0.21452724606365467,0.7084016104063584,0.656910569105691,0.5431253122062438,0.5439024390243903
43.0,0.95,0.050000000000000044,1.25,0.6167429958030729,0.21450006874878633,0.7091982872779496,0.656910569105691,0.5428835305460438,0.5439024390243903
37.0,0.95,0.050000000000000044,0.8,0.6167430656699449,0.2145358151919107,0.7082683868492361,0.6552845528455284,0.5432740954024753,0.5439024390243903
57.0,0.95,0.050000000000000044,1.05,0.6167431031853359,0.21453780992552496,0.7081271698786867,0.6560975609756098,0.5433085867973306,0.5439024390243903
53.0,0.95,0.050000000000000044,1.5,0.6167431330939679,0.21449538737120752,0.7092782214122231,0.6560975609756098,0.5428394310684962,0.5439024390243903
43.0,1.0,0.0,1.3,0.6167438872197182,0.21449314522413324,0.7091529912685282,0.6552845528455284,0.5429609257601767,0.5439024390243903
35.0,1.0,0.0,1.05,0.6167442212064395,0.21450444295165955,0.7090384190094029,0.6552845528455284,0.5430206635690638,0.5439024390243903
54.0,1.0,0.0,1.05,0.6167445679839401,0.2145324159626115,0.708159143532396,0.6560975609756098,0.5433892347775932,0.5439024390243903
41.0,0.95,0.050000000000000044,1.2,0.6167448461715782,0.21450209946059481,0.7091769715088101,0.6577235772357723,0.5428932352638146,0.5439024390243903
40.0,1.0,0.0,0.85,0.6167448781994663,0.2145325462369052,0.7082470710800967,0.6552845528455284,0.5433535249803976,0.5439024390243903
38.0,1.0,0.0,1.15,0.6167454513723111,0.21449947994260407,0.7091156886725338,0.6552845528455284,0.5429889566109083,0.5439024390243903
46.0,0.95,0.050000000000000044,0.9,0.6167457224709526,0.21453840345490177,0.7082204263686722,0.6552845528455284,0.5433084624140863,0.5439024390243903
30.0,1.0,0.0,0.8,0.6167459541561195,0.21452574468691693,0.7084975313674865,0.6577235772357723,0.5431944271699466,0.5439024390243903
34.0,0.95,0.050000000000000044,1.0,0.6167459919422204,0.2145116787949479,0.7089424980482749,0.6585365853658537,0.5429611107276685,0.5439024390243903
48.0,1.0,0.0,1.45,0.6167460462271551,0.21448958681924032,0.7092169385759467,0.6544715447154471,0.5429389412706416,0.5439024390243903
42.0,0.95,0.050000000000000044,0.85,0.6167462162064177,0.21453828777157824,0.7082337487243845,0.6552845528455284,0.543301426787959,0.5439024390243903
31.0,1.0,0.0,0.9,0.6167463632339578,0.21451586659615296,0.708835919202577,0.6560975609756098,0.5430924439852965,0.5439024390243903
44.0,1.0,0.0,0.9,0.6167466762020366,0.2145336113178151,0.7081937816572477,0.6552845528455284,0.5433723268764273,0.5439024390243903
50.0,0.95,0.050000000000000044,0.95,0.6167469780159561,0.2145393199449934,0.7081218409364017,0.6552845528455284,0.5433139437563359,0.5439024390243903
51.0,1.0,0.0,1.0,0.61674750435377,0.21453395609188772,0.7081804593015355,0.6560975609756098,0.5433890732606047,0.5439024390243903
39.0,0.95,0.050000000000000044,1.15,0.6167476733977045,0.2145046841642499,0.7091476623262432,0.6585365853658537,0.5429033384486681,0.5439024390243903
30.0,0.95,0.050000000000000044,0.85,0.6167477385865299,0.21452356290946864,0.7085934523286146,0.656910569105691,0.5430563900864408,0.5439024390243903
36.0,1.0,0.0,0.8,0.6167479907311735,0.21453368820343674,0.7082364131955269,0.6560975609756098,0.543332336838565,0.5439024390243903
30.0,1.0,0.0,0.85,0.6167481236192583,0.2145209370151897,0.7086600641071756,0.6560975609756098,0.5431292029752479,0.5439024390243903
31.0,0.95,0.050000000000000044,0.9,0.6167489160382279,0.21451960278784532,0.7087479916548763,0.656910569105691,0.5430143761861392,0.5439024390243903
32.0,1.0,0.0,0.95,0.6167489632853405,0.21451260372554717,0.7089105243945655,0.656910569105691,0.5430579035723804,0.5439024390243903
54.0,0.95,0.050000000000000044,1.0,0.6167491948160362,0.2145406724246895,0.7080951962249772,0.6552845528455284,0.5433181017281288,0.5439024390243903
38.0,0.95,0.050000000000000044,0.8,0.6167497463848303,0.2145395703821611,0.7082124329552448,0.6552845528455284,0.5432925457571097,0.5439024390243903
41.0,1.0,0.0,1.25,0.6167503203338678,0.2144966629226644,0.7091023663168214,0.6552845528455284,0.5429617115165797,0.5439024390243903
46.0,1.0,0.0,1.4,0.6167513645430496,0.21449225442092154,0.7092355898739439,0.6552845528455284,0.5429384657245094,0.5439024390243903
48.0,1.0,0.0,0.95,0.6167514520268764,0.2145359968270547,0.7082150974263874,0.6552845528455284,0.5433891350965188,0.5439024390243903
37.0,0.95,0.050000000000000044,1.1,0.61675172063381,0.21450794978451637,0.7090757216053971,0.6585365853658537,0.5429139012856182,0.5439024390243903
58.0,0.95,0.050000000000000044,1.05,0.616751884908116,0.21454223567696531,0.7080792093981227,0.6552845528455284,0.5433211214766691,0.5439024390243903
58.0,1.0,0.0,1.1,0.6167524637043377,0.21453624279169664,0.7081724658881081,0.6560975609756098,0.5434035094899007,0.5439024390243903
41.0,1.0,0.0,0.85,0.6167538366886393,0.2145372201455886,0.7082177618975298,0.6552845528455284,0.5433721356125004,0.5439024390243903
36.0,1.0,0.0,1.1,0.6167541788038926,0.21450449961831275,0.7090970373745368,0.6552845528455284,0.5429916079748527,0.5439024390243903
47.0,0.95,0.050000000000000044,0.9,0.6167548496425892,0.21454306366245676,0.7081378277632564,0.6552845528455284,0.5433235903608584,0.5439024390243903
32.0,0.95,0.050000000000000044,0.95,0.6167548504007446,0.21451758013540828,0.7088705573274289,0.6585365853658537,0.5429745465164524,0.5439024390243903
55.0,1.0,0.0,1.05,0.6167548579212933,0.2145375121787958,0.7081644724746808,0.6560975609756098,0.5434037710312967,0.5439024390243903
43.0,0.95,0.050000000000000044,0.85,0.6167549085349348,0.21454280474760123,0.708159143532396,0.6552845528455284,0.5433178130661718,0.5439024390243903
37.0,1.0,0.0,0.8,0.6167551021582072,0.2145376272177612,0.7082284197820996,0.6552845528455284,0.5433526532779165,0.5439024390243903
33.0,1.0,0.0,1.0,0.616755244059867,0.21451088282609773,0.7089771361731267,0.656910569105691,0.5430253952074986,0.5439024390243903
51.0,0.95,0.050000000000000044,0.95,0.6167562483471482,0.21454399780852024,0.7080765449269801,0.6552845528455284,0.5433279778720166,0.5439024390243903
45.0,1.0,0.0,0.9,0.6167567324640619,0.21453869292667335,0.7082390776666694,0.6552845528455284,0.5433894779108002,0.5439024390243903
35.0,0.95,0.050000000000000044,1.05,0.6167573063108438,0.21451205959800634,0.7089744717019842,0.6585365853658537,0.5429249977459407,0.5439024390243903
44.0,1.0,0.0,1.35,0.6167573222737543,0.21449528758170136,0.7092782214122231,0.6552845528455284,0.5429381155160369,0.5439024390243903
39.0,0.95,0.050000000000000044,0.8,0.616757530924478,0.21454373601933346,0.7081911171861053,0.6552845528455284,0.5433103935700028,0.5439024390243903
48.0,0.95,0.050000000000000044,1.4,0.6167576460291829,0.2145005375093119,0.7092675635276533,0.6560975609756098,0.5428374096557999,0.5439024390243903
39.0,1.0,0.0,1.2,0.6167577444075024,0.2145007499268357,0.709134339970531,0.6552845528455284,0.5429627591598201,0.5439024390243903
50.0,0.95,0.050000000000000044,1.45,0.6167577783131889,0.21449976509863533,0.7092915437679352,0.6560975609756098,0.5428294501529746,0.5439024390243903
46.0,0.95,0.050000000000000044,1.35,0.6167580017091384,0.21450159659044363,0.7092515767007985,0.6560975609756098,0.542845568170557,0.5439024390243903
52.0,1.0,0.0,1.0,0.6167580063447455,0.21453915658413664,0.7081618080035383,0.6552845528455284,0.5434042585967135,0.5439024390243903
52.0,0.95,0.050000000000000044,1.5,0.6167583217564315,0.21449923528739206,0.7093181884793597,0.6560975609756098,0.5428216647039726,0.5439024390243903
55.0,0.95,0.050000000000000044,1.0,0.6167584268909998,0.21454529199458539,0.7080685515135529,0.6552845528455284,0.5433311767038084,0.5439024390243903
44.0,0.95,0.050000000000000044,1.3,0.6167589428459931,0.2145029972699043,0.7092489122296561,0.6560975609756098,0.5428539546076354,0.5439024390243903
49.0,1.0,0.0,1.5,0.6167597246628105,0.21449216622969358,0.7092968727102201,0.6544715447154471,0.5429187881794311,0.5439024390243903
42.0,0.95,0.050000000000000044,1.25,0.6167605940368647,0.21450480847690773,0.7092435832873711,0.656910569105691,0.5428626026712364,0.5439024390243903
59.0,0.95,0.050000000000000044,1.05,0.6167609660526846,0.2145467515187662,0.7080125976195615,0.6544715447154471,0.5433333489553144,0.5439024390243903
49.0,1.0,0.0,0.95,0.6167621308653396,0.21454128310135046,0.7081804593015355,0.6552845528455284,0.543405024465245,0.5439024390243903
59.0,1.0,0.0,1.1,0.6167629052694394,0.21454134522953086,0.708105854109547,0.6544715447154471,0.5434171094305458,0.5439024390243903
40.0,0.95,0.050000000000000044,1.2,0.6167631156294903,0.21450711732397956,0.7092196030470892,0.656910569105691,0.5428715519869909,0.5439024390243903
38.0,1.0,0.0,0.8,0.6167635712116241,0.2145420791696058,0.7082124329552449,0.6552845528455284,0.5433723028583749,0.5439024390243903
42.0,1.0,0.0,0.85,0.6167637875799759,0.21454225578315883,0.7081538145901112,0.6552845528455284,0.5433901742168111,0.5439024390243903
30.0,1.0,0.0,0.9,0.6167638932163085,0.21452121707293234,0.7088812152119986,0.6560975609756098,0.5430653746570682,0.5439024390243903
42.0,1.0,0.0,1.3,0.6167640488842802,0.2144987590131988,0.7092835503545079,0.6552845528455284,0.5429379128791472,0.5439024390243903
44.0,0.95,0.050000000000000044,0.85,0.6167643182190706,0.21454757486922343,0.7081085185806895,0.6552845528455284,0.5433337045626196,0.5439024390243903
48.0,0.95,0.050000000000000044,0.9,0.616764520737078,0.2145479076059062,0.7080605581001255,0.6552845528455284,0.5433382881284585,0.5439024390243903
34.0,1.0,0.0,1.05,0.6167646224869846,0.21451047581617042,0.7091156886725338,0.6552845528455284,0.5429947522130196,0.5439024390243903
33.0,0.95,0.050000000000000044,1.0,0.6167648504482867,0.2145172252343497,0.7089904585288389,0.6585365853658537,0.5429367187878906,0.5439024390243903
47.0,1.0,0.0,1.45,0.6167654858439549,0.214494878758466,0.709283550354508,0.6544715447154471,0.5429175389530281,0.5439024390243903
56.0,1.0,0.0,1.05,0.6167655808218433,0.21454274812347535,0.7081324988209716,0.6544715447154471,0.5434179426462514,0.5439024390243903
52.0,0.95,0.050000000000000044,0.95,0.616765939714792,0.21454881160735498,0.7080392423309858,0.6552845528455284,0.543341634730532,0.5439024390243903
40.0,0.95,0.050000000000000044,0.8,0.6167662846263106,0.21454825841278846,0.7081431567055414,0.6552845528455284,0.5433276668236011,0.5439024390243903
37.0,1.0,0.0,1.15,0.616766399241648,0.2145055357108512,0.7091849649222374,0.6552845528455284,0.5429641125594669,0.5439024390243903
30.0,0.95,0.050000000000000044,0.9,0.6167666561709927,0.21452500891670376,0.7088252613180073,0.6585365853658537,0.5429889266442836,0.5439024390243903
38.0,0.95,0.050000000000000044,1.15,0.6167667154569147,0.21451003470848362,0.7091370044416734,0.656910569105691,0.5428808496545156,0.5439024390243903
46.0,1.0,0.0,0.9,0.6167675304217373,0.21454403510881706,0.7081911171861053,0.6552845528455284,0.5434061333005114,0.5439024390243903
56.0,0.95,0.050000000000000044,1.0,0.6167679907960606,0.21455001379048017,0.7080019397349917,0.6544715447154471,0.5433439183081274,0.5439024390243903
31.0,1.0,0.0,0.95,0.6167687780673579,0.21451867679512926,0.7089584848751296,0.656910569105691,0.5430308915486506,0.5439024390243903
53.0,1.0,0.0,1.0,0.6167690004850188,0.21454451951529768,0.708129834349829,0.6544715447154471,0.5434190470852905,0.5439024390243903
60.0,0.95,0.050000000000000044,1.05,0.6167703129038377,0.21455134532357698,0.7079459858410004,0.6552845528455284,0.5433452798734021,0.5439024390243903
36.0,0.95,0.050000000000000044,1.1,0.6167716648803998,0.21451370287071997,0.7090943729033943,0.6577235772357723,0.5428905524413145,0.5439024390243903
40.0,1.0,0.0,1.25,0.6167717092206796,0.21450276009222202,0.7092089451625194,0.6552845528455284,0.542937884050762,0.5439024390243903
45.0,1.0,0.0,1.4,0.6167718799788418,0.2144979417864831,0.709278221412223,0.6544715447154471,0.5429163538774724,0.5439024390243903
39.0,1.0,0.0,0.8,0.6167732334038334,0.21454697811773174,0.7081724658881081,0.6552845528455284,0.5433913166586111,0.5439024390243903
50.0,1.0,0.0,0.95,0.6167733742533985,0.21454676028318648,0.7081404922343988,0.6552845528455284,0.5434204803705907,0.5439024390243903
60.0,1.0,0.0,1.1,0.6167736895262764,0.21454655408170706,0.7080951962249773,0.6544715447154471,0.543430384650328,0.5439024390243903
45.0,0.95,0.050000000000000044,0.85,0.6167743580312118,0.21455256436639206,0.7080205910329889,0.6552845528455284,0.5433491225193058,0.5439024390243903
43.0,1.0,0.0,0.85,0.6167746128386203,0.21454760694362623,0.7081564790612536,0.6552845528455284,0.5434076657880809,0.5439024390243903
49.0,0.95,0.050000000000000044,0.9,0.6167746705993707,0.2145529106195939,0.7079966107927068,0.6552845528455284,0.5433525730712334,0.5439024390243903
31.0,0.95,0.050000000000000044,0.95,0.6167749111859754,0.21452372312797632,0.7089478269905598,0.6585365853658537,0.5429491785052237,0.5439024390243903
49.0,0.95,0.050000000000000044,1.45,0.6167751901418946,0.21450438005208358,0.7093341753062143,0.6560975609756098,0.5428106494921745,0.5439024390243903
51.0,0.95,0.050000000000000044,1.5,0.6167752270749762,0.21450367458770092,0.7094114449693453,0.6560975609756098,0.5428034535666676,0.5439024390243903
47.0,0.95,0.050000000000000044,1.4,0.6167756137316383,0.2145053518754974,0.7093261818927871,0.6560975609756098,0.5428179843841127,0.5439024390243903
41.0,0.95,0.050000000000000044,0.8,0.6167758873846707,0.21455308990900976,0.7081058541095471,0.6552845528455284,0.5433443918251637,0.5439024390243903
53.0,0.95,0.050000000000000044,0.95,0.6167760022900541,0.21455374285635445,0.7079966107927068,0.6544715447154471,0.5433549286889622,0.5439024390243903
45.0,0.95,0.050000000000000044,1.35,0.6167765836742872,0.21450663911671686,0.7092862148256502,0.6560975609756098,0.542825479959136,0.5439024390243903
35.0,1.0,0.0,1.1,0.6167765981499277,0.21451118662753613,0.7091556557396704,0.6552845528455284,0.5429658252819325,0.5439024390243903
57.0,1.0,0.0,1.05,0.6167766889103782,0.21454810629774915,0.7080898672826925,0.6544715447154471,0.5434317625229669,0.5439024390243903
32.0,1.0,0.0,1.0,0.6167772622121628,0.2145176542212749,0.709086379489967,0.6552845528455284,0.5429984791954123,0.5439024390243903
57.0,0.95,0.050000000000000044,1.0,0.6167778476518845,0.21455482365014122,0.707985952908137,0.6552845528455284,0.5433563385590885,0.5439024390243903
43.0,0.95,0.050000000000000044,1.3,0.6167782090164321,0.21450830308063557,0.7092702279987957,0.6560975609756098,0.5428331615000033,0.5439024390243903
34.0,0.95,0.050000000000000044,1.05,0.6167783208899394,0.2145183056692056,0.7091156886725338,0.6585365853658537,0.5429007299564578,0.5439024390243903
47.0,1.0,0.0,0.9,0.6167789829105726,0.2145496044671916,0.7081298343498291,0.6552845528455284,0.5434223133607629,0.5439024390243903
43.0,1.0,0.0,1.35,0.6167790255743587,0.2145014218782072,0.7092595701142259,0.6544715447154471,0.5429152477766035,0.5439024390243903
54.0,1.0,0.0,1.0,0.6167804309261053,0.214550024178416,0.7080499002155557,0.6544715447154471,0.5434334533706812,0.5439024390243903
48.0,1.0,0.0,1.5,0.6167804631043916,0.21449790411948602,0.7093315108350718,0.6544715447154471,0.5428975245224125,0.5439024390243903
38.0,1.0,0.0,1.2,0.6167805151228253,0.2145074066102444,0.7091929583356648,0.6552845528455284,0.5429380604358047,0.5439024390243903
41.0,0.95,0.050000000000000044,1.25,0.6167806293334037,0.21451042092848466,0.7092409188162287,0.6560975609756098,0.542841058674503,0.5439024390243903
40.0,1.0,0.0,0.8,0.6167839420562781,0.2145522655318984,0.7081165119941168,0.6552845528455284,0.5434097238995129,0.5439024390243903
39.0,0.95,0.050000000000000044,1.2,0.6167840246371178,0.21451309050380013,0.7092169385759467,0.656910569105691,0.5428492066675841,0.5439024390243903
46.0,0.95,0.050000000000000044,0.85,0.6167849496043204,0.21455774303659028,0.7080419068021285,0.6552845528455284,0.5433640869853387,0.5439024390243903
51.0,1.0,0.0,0.95,0.6167851162719133,0.21455240359485273,0.7080525646866982,0.6544715447154471,0.5434355195376199,0.5439024390243903
50.0,0.95,0.050000000000000044,0.9,0.6167852403634122,0.21455805051431645,0.7080259199752738,0.6544715447154471,0.5433664616286258,0.5439024390243903
44.0,1.0,0.0,0.85,0.6167862065100077,0.21455323232426987,0.708135163292114,0.6552845528455284,0.5434246338929635,0.5439024390243903
42.0,0.95,0.050000000000000044,0.8,0.6167862319936751,0.21455818817677796,0.708033913388701,0.6552845528455284,0.5433605933223032,0.5439024390243903
54.0,0.95,0.050000000000000044,0.95,0.6167863908309595,0.21455877484116886,0.7079806239658522,0.6552845528455284,0.5433678733941729,0.5439024390243903
41.0,1.0,0.0,1.3,0.616787072061972,0.21450540215893632,0.7093048661236474,0.6552845528455284,0.5429142381410131,0.5439024390243903
32.0,0.95,0.050000000000000044,1.0,0.6167871567923473,0.2145240826590018,0.7090703926631123,0.6585365853658537,0.5429114693335263,0.5439024390243903
46.0,1.0,0.0,1.45,0.6167873784727183,0.21450103541101365,0.7093341753062142,0.6544715447154471,0.5428955734712674,0.5439024390243903
58.0,0.95,0.050000000000000044,1.0,0.6167879620020652,0.21455970870996882,0.7079779594947098,0.6552845528455284,0.5433684489150666,0.5439024390243903
58.0,1.0,0.0,1.05,0.616788138514834,0.21455357075623238,0.7080578936289831,0.6544715447154471,0.5434452429727984,0.5439024390243903
37.0,0.95,0.050000000000000044,1.15,0.6167886289024599,0.214516436832189,0.7091743070376676,0.656910569105691,0.5428576477920273,0.5439024390243903
33.0,1.0,0.0,1.05,0.6167887541837127,0.21451791826114142,0.7091876293933799,0.6552845528455284,0.5429679641936002,0.5439024390243903
36.0,1.0,0.0,1.15,0.6167907413880427,0.21451284656004785,0.709200951749092,0.6552845528455284,0.542938480337309,0.5439024390243903
48.0,1.0,0.0,0.9,0.6167910112467564,0.21455537097025607,0.7080712159846952,0.6544715447154471,0.5434380373155774,0.5439024390243903
55.0,1.0,0.0,1.0,0.616792246803328,0.2145556517778364,0.7080472357444132,0.6544715447154471,0.5434474913959837,0.5439024390243903
30.0,1.0,0.0,0.95,0.6167927391618324,0.21452635730746292,0.7090544058362576,0.656910569105691,0.543002904033298,0.5439024390243903
50.0,0.95,0.050000000000000044,1.5,0.6167939792660652,0.21450875202188535,0.7094407541519122,0.6560975609756098,0.542784781474401,0.5439024390243903
48.0,0.95,0.050000000000000044,1.45,0.6167945767966895,0.21450968171851914,0.7094300962673423,0.6560975609756098,0.5427913582474048,0.5439024390243903
35.0,0.95,0.050000000000000044,1.1,0.6167947486794417,0.2145206209435893,0.7091982872779496,0.656910569105691,0.5428664338393391,0.5439024390243903
44.0,1.0,0.0,1.4,0.6167950434266259,0.21450456923688455,0.7093528266042115,0.6544715447154471,0.5428936408263833,0.5439024390243903
41.0,1.0,0.0,0.8,0.6167955662654339,0.21455788941239579,0.7080898672826924,0.6552845528455284,0.5434275520689944,0.5439024390243903
46.0,0.95,0.050000000000000044,1.4,0.616795698384112,0.21451090761545707,0.7094114449693454,0.6560975609756098,0.5427980359362741,0.5439024390243903
47.0,0.95,0.050000000000000044,0.85,0.6167960224966527,0.21456308385422657,0.7080259199752738,0.6544715447154471,0.5433786168999631,0.5439024390243903
51.0,0.95,0.050000000000000044,0.9,0.6167961768256622,0.2145633073220876,0.7079779594947097,0.6552845528455284,0.5433799693860835,0.5439024390243903
39.0,1.0,0.0,1.25,0.6167962097051141,0.21450998731470325,0.7092915437679352,0.6552845528455284,0.5429133459137465,0.5439024390243903
55.0,0.95,0.050000000000000044,0.95,0.6167970642491111,0.2145638924456417,0.7079726305524248,0.6552845528455284,0.543380481827291,0.5439024390243903
43.0,0.95,0.050000000000000044,0.8,0.6167972226954335,0.21456351558474,0.7079806239658522,0.6552845528455284,0.5433762946117837,0.5439024390243903
52.0,1.0,0.0,0.95,0.616797297125421,0.2145581906410707,0.7080472357444132,0.6544715447154471,0.5434501578499068,0.5439024390243903
44.0,0.95,0.050000000000000044,1.35,0.6167974412648639,0.21451248490422412,0.7093768068444934,0.6560975609756098,0.5428048326072815,0.5439024390243903
59.0,0.95,0.050000000000000044,1.0,0.6167983015053562,0.21456465728481158,0.7079939463215643,0.6552845528455284,0.5433802603076169,0.5439024390243903
45.0,1.0,0.0,0.85,0.6167984734283856,0.2145590949815977,0.70808720281155,0.6544715447154471,0.5434411007698077,0.5439024390243903
30.0,0.95,0.050000000000000044,0.95,0.6167988051777475,0.21453134853594719,0.7090410834805453,0.6585365853658537,0.54292288224864,0.5439024390243903
59.0,1.0,0.0,1.05,0.6167998897047167,0.21455912696664514,0.7080205910329888,0.6544715447154471,0.5434583957519885,0.5439024390243903
42.0,0.95,0.050000000000000044,1.3,0.6167999290115865,0.21451448271282023,0.7093581555464963,0.6560975609756098,0.5428117694478698,0.5439024390243903
34.0,1.0,0.0,1.1,0.6168027479075101,0.21451927077042784,0.7091902938645223,0.6552845528455284,0.5429391915848585,0.5439024390243903
33.0,0.95,0.050000000000000044,1.05,0.6168027889146155,0.21452585194344043,0.7091769715088101,0.656910569105691,0.5428756295852024,0.5439024390243903
40.0,0.95,0.050000000000000044,1.25,0.616803319941993,0.21451698828321702,0.7093181884793597,0.6560975609756098,0.5428188715633304,0.5439024390243903
31.0,1.0,0.0,1.0,0.6168034168997686,0.214526012483559,0.7091449978551008,0.6552845528455284,0.542970614941128,0.5439024390243903
49.0,1.0,0.0,0.9,0.6168035443722354,0.21456130760104608,0.7080419068021284,0.6544715447154471,0.5434533233717885,0.5439024390243903
42.0,1.0,0.0,1.35,0.6168035959305791,0.2145085820989225,0.7093554910753539,0.6544715447154471,0.542891736684256,0.5439024390243903
47.0,1.0,0.0,1.5,0.6168036590309909,0.21450450502972487,0.7094194383827727,0.6544715447154471,0.54287571245969,0.5439024390243903
56.0,1.0,0.0,1.0,0.6168044017789678,0.21456138524906845,0.7079806239658522,0.6544715447154471,0.5434611744457438,0.5439024390243903
37.0,1.0,0.0,1.2,0.6168066831709157,0.21451531034113738,0.7092702279987957,0.6552845528455284,0.5429125966840948,0.5439024390243903
52.0,0.95,0.050000000000000044,0.9,0.6168074318856874,0.21456866306929334,0.7079699660812824,0.6552845528455284,0.5433931111310979,0.5439024390243903
48.0,0.95,0.050000000000000044,0.85,0.6168075133630229,0.2145685626263782,0.7079859529081372,0.6552845528455284,0.5433927301691175,0.5439024390243903
38.0,0.95,0.050000000000000044,1.2,0.616807818572982,0.21452011258383452,0.7092755569410805,0.6560975609756098,0.542826169122843,0.5439024390243903
56.0,0.95,0.050000000000000044,0.95,0.6168079852202699,0.2145690819972991,0.707961972667855,0.6552845528455284,0.5433927663447332,0.5439024390243903
42.0,1.0,0.0,0.8,0.6168079891220943,0.21456380352405227,0.7080312489175585,0.6544715447154471,0.5434448270407457,0.5439024390243903
44.0,0.95,0.050000000000000044,0.8,0.6168087739056307,0.21456903865824,0.7079566437255701,0.6552845528455284,0.5433915176412446,0.5439024390243903
60.0,0.95,0.050000000000000044,1.0,0.6168088366574993,0.21456965875970221,0.707961972667855,0.6552845528455284,0.5433917831718771,0.5439024390243903
53.0,1.0,0.0,0.95,0.6168098625568235,0.21456410117427674,0.7080152620907039,0.6544715447154471,0.5434644104034108,0.5439024390243903
46.0,1.0,0.0,0.85,0.6168113280747263,0.2145651618530039,0.7080339133887009,0.6544715447154471,0.5434570874210903,0.5439024390243903
60.0,1.0,0.0,1.05,0.6168119059636177,0.21456476168303731,0.7079912818504219,0.6544715447154471,0.543471232093218,0.5439024390243903
45.0,1.0,0.0,1.45,0.6168119224977833,0.2145081293086,0.7094354252096272,0.6544715447154471,0.5428730230602118,0.5439024390243903
40.0,1.0,0.0,1.3,0.6168132098330551,0.21451316969154166,0.7093661489599237,0.6544715447154471,0.5428898732103893,0.5439024390243903
31.0,0.95,0.050000000000000044,1.0,0.6168132890839606,0.21453240366742715,0.7091263465571036,0.656910569105691,0.5428853181039928,0.5439024390243903
36.0,0.95,0.050000000000000044,1.15,0.6168136913493921,0.2145239979099818,0.7091823004510951,0.6560975609756098,0.5428336990547558,0.5439024390243903
49.0,0.95,0.050000000000000044,1.5,0.6168147190960448,0.214514518239225,0.7094967080459035,0.6560975609756098,0.5427656314256609,0.5439024390243903
47.0,0.95,0.050000000000000044,1.45,0.6168160935343341,0.21451572640837516,0.7095180238150431,0.6560975609756098,0.5427715576759681,0.5439024390243903
50.0,1.0,0.0,0.9,0.6168165180925427,0.21456739004586395,0.7079912818504219,0.6544715447154471,0.5434681887871166,0.5439024390243903
57.0,1.0,0.0,1.0,0.6168168536302588,0.21456720909691937,0.7079752950235672,0.6544715447154471,0.543474515185384,0.5439024390243903
32.0,1.0,0.0,1.05,0.6168170106429745,0.21452692755811384,0.7092435832873714,0.6552845528455284,0.542940255595692,0.5439024390243903
45.0,0.95,0.050000000000000044,1.4,0.6168180718272755,0.21451726760889964,0.7094887146324762,0.6560975609756098,0.542777543575927,0.5439024390243903
35.0,1.0,0.0,1.15,0.6168188102898003,0.21452154173177324,0.7092036162202346,0.6552845528455284,0.5429120225438409,0.5439024390243903
53.0,0.95,0.050000000000000044,0.9,0.6168189620460383,0.21457410157479176,0.7079486503121428,0.6552845528455284,0.5434059009047887,0.5439024390243903
57.0,0.95,0.050000000000000044,0.95,0.6168191198339965,0.21457433112886354,0.7079326634852882,0.6552845528455284,0.5434047387160951,0.5439024390243903
49.0,0.95,0.050000000000000044,0.85,0.6168193652193837,0.214574157688867,0.7079699660812824,0.6552845528455284,0.5434064437359413,0.5439024390243903
43.0,0.95,0.050000000000000044,1.35,0.6168207654213671,0.21451920451219583,0.7094540765076244,0.6560975609756098,0.542783603090553,0.5439024390243903
45.0,0.95,0.050000000000000044,0.8,0.6168208090926968,0.21457472760432766,0.7079593081967125,0.6552845528455284,0.5434062831038196,0.5439024390243903
43.0,1.0,0.0,1.4,0.6168210755918279,0.21451221819935945,0.7094300962673423,0.6544715447154471,0.5428703024148138,0.5439024390243903
43.0,1.0,0.0,0.8,0.6168211061491361,0.21456996672830408,0.7079939463215643,0.6544715447154471,0.5434615731861058,0.5439024390243903
34.0,0.95,0.050000000000000044,1.1,0.6168212884262348,0.21452882826145925,0.7092355898739438,0.6560975609756098,0.5428415076117786,0.5439024390243903
54.0,1.0,0.0,0.95,0.6168227633220517,0.2145701168848348,0.7079939463215643,0.6544715447154471,0.5434782915560938,0.5439024390243903
38.0,1.0,0.0,1.25,0.6168241064731567,0.21451845277910908,0.7093634844887813,0.6552845528455284,0.5428880654116478,0.5439024390243903
41.0,0.95,0.050000000000000044,1.3,0.6168243159287873,0.2145216157774209,0.7094354252096273,0.6560975609756098,0.5427897527984142,0.5439024390243903
47.0,1.0,0.0,0.85,0.6168246935651377,0.21457140333541108,0.7079912818504219,0.6544715447154471,0.5434726136988056,0.5439024390243903
39.0,0.95,0.050000000000000044,1.25,0.616828904877938,0.21452460092007491,0.7093688134310661,0.6552845528455284,0.5427960126694454,0.5439024390243903
46.0,1.0,0.0,1.5,0.6168295063230005,0.21451203943137095,0.7095286816996129,0.6544715447154471,0.5428533312616812,0.5439024390243903
58.0,1.0,0.0,1.0,0.6168295638774769,0.2145731092498797,0.7079513147832853,0.6544715447154471,0.5434875256976625,0.5439024390243903
51.0,1.0,0.0,0.9,0.6168298743964398,0.21457359641769944,0.7079752950235673,0.6536585365853659,0.5434826499327994,0.5439024390243903
58.0,0.95,0.050000000000000044,0.95,0.6168304372781229,0.2145796286539871,0.7078873674758666,0.6552845528455284,0.543416410159189,0.5439024390243903
54.0,0.95,0.050000000000000044,0.9,0.6168307279646054,0.21457960826996794,0.7079113477161485,0.6552845528455284,0.5434183520494216,0.5439024390243903
32.0,0.95,0.050000000000000044,1.05,0.6168310741033879,0.21453484363394285,0.7092302609316591,0.6560975609756098,0.5428496543192399,0.5439024390243903
41.0,1.0,0.0,1.35,0.6168312798982616,0.2145168601344587,0.7094167739116302,0.6544715447154471,0.542867555329427,0.5439024390243903
50.0,0.95,0.050000000000000044,0.85,0.6168315267892981,0.21457984963750462,0.7079593081967126,0.6552845528455284,0.5434197736456811,0.5439024390243903
33.0,1.0,0.0,1.1,0.6168330082311176,0.21452890209988254,0.7092222675182317,0.6552845528455284,0.542911665019706,0.5439024390243903
46.0,0.95,0.050000000000000044,0.8,0.6168332597903103,0.21458055589556477,0.7079246700718609,0.6552845528455284,0.5434206105258186,0.5439024390243903
30.0,1.0,0.0,1.0,0.6168341653899402,0.2145361430990104,0.7092089451625195,0.6552845528455284,0.542941753720475,0.5439024390243903
37.0,0.95,0.050000000000000044,1.2,0.6168347670637104,0.2145282868856329,0.7093288463639295,0.6552845528455284,0.5428024072407887,0.5439024390243903
44.0,1.0,0.0,0.8,0.6168348239282899,0.2145763423995086,0.7079646371389974,0.6544715447154471,0.5434778134786976,0.5439024390243903
55.0,1.0,0.0,0.95,0.6168359547180625,0.2145762212132901,0.7079433213698578,0.6536585365853659,0.5434918149736593,0.5439024390243903
36.0,1.0,0.0,1.2,0.6168365706569283,0.21452458516722073,0.7093315108350721,0.6552845528455284,0.5428863323848374,0.5439024390243903
48.0,0.95,0.050000000000000044,1.5,0.6168375988310276,0.21452102815406832,0.709571313237892,0.6560975609756098,0.542745985539978,0.5439024390243903
48.0,1.0,0.0,0.85,0.6168385007535065,0.21457779291345133,0.7079433213698578,0.6536585365853659,0.5434876983832151,0.5439024390243903
44.0,1.0,0.0,1.45,0.6168393333012826,0.21451623940429929,0.7095100304016158,0.6544715447154471,0.5428498647470049,0.5439024390243903
46.0,0.95,0.050000000000000044,1.45,0.616839908675035,0.21452257533225547,0.709571313237892,0.6560975609756098,0.5427512280232948,0.5439024390243903
59.0,0.95,0.050000000000000044,0.95,0.6168419095543204,0.2145849644556175,0.7078793740624392,0.656910569105691,0.5434277913724802,0.5439024390243903
35.0,0.95,0.050000000000000044,1.15,0.6168422089862157,0.21453283700016368,0.7093208529505022,0.6560975609756098,0.5428089674358226,0.5439024390243903
59.0,1.0,0.0,1.0,0.6168424974479125,0.2145790729289863,0.7079166766584334,0.6544715447154471,0.5435002175164325,0.5439024390243903
55.0,0.95,0.050000000000000044,0.9,0.6168426940535009,0.21458517003814567,0.7078900319470091,0.6560975609756098,0.5434304772522217,0.5439024390243903
39.0,1.0,0.0,1.3,0.6168427389204083,0.21452216591703874,0.7093954581424906,0.6544715447154471,0.5428647880111452,0.5439024390243903
44.0,0.95,0.050000000000000044,1.4,0.616842920812201,0.21452450039891913,0.7095260172284703,0.6560975609756098,0.5427564853978775,0.5439024390243903
52.0,1.0,0.0,0.9,0.6168435608478553,0.2145799070101498,0.7079220056007185,0.6536585365853659,0.5434967223512335,0.5439024390243903
30.0,0.95,0.050000000000000044,1.0,0.6168436697490857,0.21454235987694517,0.7092062806913768,0.656910569105691,0.5428582181232577,0.5439024390243903
51.0,0.95,0.050000000000000044,0.85,0.6168439519223972,0.21458562109006468,0.7078740451201543,0.6552845528455284,0.5434327351054307,0.5439024390243903
47.0,0.95,0.050000000000000044,0.8,0.6168460647259202,0.21458649990466475,0.7079166766584335,0.6552845528455284,0.5434345183477713,0.5439024390243903
42.0,0.95,0.050000000000000044,1.35,0.6168467641944145,0.21452687508893947,0.7095366751130402,0.6552845528455284,0.5427617670313691,0.5439024390243903
45.0,1.0,0.0,0.8,0.6168490588908421,0.21458289791382887,0.7079433213698578,0.6544715447154471,0.5434935695917852,0.5439024390243903
56.0,1.0,0.0,0.95,0.6168493961583204,0.21458239918214314,0.707890031947009,0.6544715447154471,0.5435049936717631,0.5439024390243903
31.0,1.0,0.0,1.05,0.6168498303887247,0.21453767967937223,0.7092355898739439,0.6552845528455284,0.5429115797510465,0.5439024390243903
42.0,1.0,0.0,1.4,0.6168502166715002,0.21452097756330038,0.7094673988633367,0.6544715447154471,0.5428463130856525,0.5439024390243903
34.0,1.0,0.0,1.15,0.6168509728631638,0.21453176461279347,0.7092995371813624,0.6552845528455284,0.5428846993579624,0.5439024390243903
40.0,0.95,0.050000000000000044,1.3,0.6168516026205939,0.2145297896088557,0.7094807212190488,0.6552845528455284,0.5427670843316845,0.5439024390243903
33.0,0.95,0.050000000000000044,1.1,0.6168516345510657,0.21453846326442777,0.7093022016525049,0.6560975609756098,0.5428157334242323,0.5439024390243903
49.0,1.0,0.0,0.85,0.6168526874343404,0.21458430683081298,0.7078953608892938,0.6536585365853659,0.543502359255395,0.5439024390243903
60.0,0.95,0.050000000000000044,0.95,0.6168535112214609,0.21459032938560704,0.7078687161778694,0.656910569105691,0.5434388925651553,0.5439024390243903
56.0,0.95,0.050000000000000044,0.9,0.6168548281192408,0.21459077507109386,0.7078740451201544,0.656910569105691,0.5434422885858096,0.5439024390243903
60.0,1.0,0.0,1.0,0.6168556223720042,0.21458508852960018,0.7078500648798722,0.6544715447154471,0.5435126016579448,0.5439024390243903
37.0,1.0,0.0,1.25,0.6168557117653453,0.21452827566806057,0.7094007870847754,0.6544715447154471,0.5428620088421419,0.5439024390243903
52.0,0.95,0.050000000000000044,0.85,0.6168565990762351,0.21459145647515573,0.7078553938221572,0.656910569105691,0.5434453425391281,0.5439024390243903
53.0,1.0,0.0,0.9,0.6168575300418012,0.21458630407816737,0.7078873674758666,0.6544715447154471,0.5435104208090503,0.5439024390243903
38.0,0.95,0.050000000000000044,1.25,0.61685764612809,0.21453335834760842,0.7094540765076244,0.6552845528455284,0.5427724515138485,0.5439024390243903
45.0,1.0,0.0,1.5,0.6168582151304156,0.21452058389216885,0.7095579908821797,0.6536585365853659,0.5428303590736625,0.5439024390243903
48.0,0.95,0.050000000000000044,0.8,0.6168591690504338,0.21459253858318295,0.7078367425241601,0.6552845528455284,0.5434480239992008,0.5439024390243903
40.0,1.0,0.0,1.35,0.6168623465127123,0.2145263566090966,0.7094620699210517,0.6544715447154471,0.5428426751770487,0.5439024390243903
47.0,0.95,0.050000000000000044,1.5,0.6168627832816405,0.21452834135029827,0.7096059513627437,0.6560975609756098,0.542725824992341,0.5439024390243903
57.0,1.0,0.0,0.95,0.6168630507906095,0.21458863724493604,0.7078340780530177,0.6544715447154471,0.5435178400550156,0.5439024390243903
31.0,0.95,0.050000000000000044,1.05,0.6168635812371218,0.2145454433954823,0.7092489122296561,0.6560975609756098,0.5428227591652435,0.5439024390243903
46.0,1.0,0.0,0.8,0.616863736250869,0.2145896042007938,0.7078847030047242,0.6544715447154471,0.5435088619885213,0.5439024390243903
36.0,0.95,0.050000000000000044,1.2,0.6168651666694017,0.21453772762562184,0.7094540765076245,0.6552845528455284,0.5427778868307711,0.5439024390243903
45.0,0.95,0.050000000000000044,1.45,0.6168662048245184,0.2145302950819235,0.7095526619398949,0.6552845528455284,0.5427303484445907,0.5439024390243903
57.0,0.95,0.050000000000000044,0.9,0.6168671010396399,0.21459641274065228,0.7078154267550205,0.656910569105691,0.5434537975455613,0.5439024390243903
50.0,1.0,0.0,0.85,0.616867197633651,0.21459092379927483,0.707866051706727,0.6552845528455284,0.5435166131640374,0.5439024390243903
32.0,1.0,0.0,1.1,0.6168678004232375,0.21454024789901566,0.7092489122296561,0.6552845528455284,0.5428832010436103,0.5439024390243903
53.0,0.95,0.050000000000000044,0.85,0.6168694308540549,0.21459734184468732,0.7077834531013112,0.656910569105691,0.543457609638214,0.5439024390243903
43.0,1.0,0.0,1.45,0.6168698448750809,0.21452545171356416,0.7095366751130402,0.6544715447154471,0.5428260742540788,0.5439024390243903
43.0,0.95,0.050000000000000044,1.4,0.6168704484392133,0.21453268076856696,0.7095633198244647,0.6552845528455284,0.5427348382348531,0.5439024390243903
35.0,1.0,0.0,1.2,0.6168705320736027,0.21453536829395195,0.7093848002579208,0.6552845528455284,0.5428592297225674,0.5439024390243903
54.0,1.0,0.0,0.9,0.6168717391169888,0.21459277164245075,0.7078207556973054,0.6552845528455284,0.543523759346029,0.5439024390243903
49.0,0.95,0.050000000000000044,0.8,0.6168725236563097,0.2145986531784632,0.7077648018033141,0.656910569105691,0.5434611439675401,0.5439024390243903
34.0,0.95,0.050000000000000044,1.15,0.616874519889499,0.21454308630360822,0.7094407541519122,0.6552845528455284,0.5427834145726873,0.5439024390243903
41.0,0.95,0.050000000000000044,1.35,0.6168756644516747,0.21453558106920362,0.7095206882861855,0.6552845528455284,0.5427392985889947,0.5439024390243903
38.0,1.0,0.0,1.3,0.6168759621436228,0.21453250544579575,0.7094380896807697,0.6544715447154471,0.5428389505849114,0.5439024390243903
58.0,1.0,0.0,0.95,0.6168768851526295,0.21459492315071654,0.7078500648798725,0.6544715447154471,0.5435303659530637,0.5439024390243903
47.0,1.0,0.0,0.8,0.6168787890626818,0.2145964353491227,0.7078447359375873,0.6552845528455284,0.5435237100053849,0.5439024390243903
58.0,0.95,0.050000000000000044,0.9,0.6168794864733828,0.21460207348375007,0.7077834531013112,0.656910569105691,0.5434650150841696,0.5439024390243903
51.0,1.0,0.0,0.85,0.6168819809773403,0.21459762474071478,0.7078447359375873,0.6552845528455284,0.5435304760869554,0.5439024390243903
39.0,0.95,0.050000000000000044,1.3,0.6168820437377341,0.2145391001169884,0.7095793066513193,0.6552845528455284,0.5427437351327907,0.5439024390243903
54.0,0.95,0.050000000000000044,0.85,0.6168824135919497,0.21460326470706434,0.7077861175724537,0.656910569105691,0.5434695494083185,0.5439024390243903
41.0,1.0,0.0,1.4,0.6168827282615389,0.2145309444537114,0.7095446685264676,0.6544715447154471,0.5428216457662602,0.5439024390243903
50.0,0.95,0.050000000000000044,0.8,0.6168860845730432,0.21460482698388247,0.7077408215630321,0.656910569105691,0.5434738938616113,0.5439024390243903
55.0,1.0,0.0,0.9,0.6168861493187676,0.2145992953147069,0.7078500648798722,0.6560975609756098,0.5435367513202122,0.5439024390243903
32.0,0.95,0.050000000000000044,1.1,0.6168861756776239,0.2145496804420312,0.7094194383827727,0.6560975609756098,0.542789068334373,0.5439024390243903
33.0,1.0,0.0,1.15,0.6168876344781318,0.21454367451429304,0.7093554910753539,0.6552845528455284,0.5428564683808593,0.5439024390243903
30.0,1.0,0.0,1.05,0.6168877017722533,0.2145503718735812,0.7092728924699382,0.6552845528455284,0.5428818871496948,0.5439024390243903
37.0,0.95,0.050000000000000044,1.25,0.6168898311215887,0.21454337025671535,0.7095739777090344,0.6552845528455284,0.5427481556622669,0.5439024390243903
44.0,1.0,0.0,1.5,0.6168900133846171,0.21453022167140745,0.7096352605453108,0.6536585365853659,0.5428067728261948,0.5439024390243903
46.0,0.95,0.050000000000000044,1.5,0.6168904509530896,0.21453652252945773,0.7096512473721652,0.6552845528455284,0.5427051299409942,0.5439024390243903
59.0,1.0,0.0,0.95,0.6168908688613514,0.21460124582218026,0.7078367425241601,0.6560975609756098,0.5435425826540146,0.5439024390243903
36.0,1.0,0.0,1.25,0.6168913683522423,0.21453958743294038,0.7094647343921943,0.6544715447154471,0.5428351403374584,0.5439024390243903
59.0,0.95,0.050000000000000044,0.9,0.616891960598713,0.21460774869930616,0.7077781241590263,0.656910569105691,0.5434759516436465,0.5439024390243903
48.0,1.0,0.0,0.8,0.6168941573867414,0.21460336825963727,0.7078367425241601,0.6560975609756098,0.543538131929187,0.5439024390243903
44.0,0.95,0.050000000000000044,1.45,0.6168951802231782,0.21453895816521107,0.7096325960741682,0.6552845528455284,0.5427088969186049,0.5439024390243903
55.0,0.95,0.050000000000000044,0.85,0.6168955169897196,0.21460921387862578,0.7077807886301688,0.656910569105691,0.5434811742123314,0.5439024390243903
52.0,1.0,0.0,0.85,0.6168969921279178,0.2146043925580212,0.7078394069953026,0.6560975609756098,0.5435439631877239,0.5439024390243903
39.0,1.0,0.0,1.35,0.6168970895639826,0.21453718182315626,0.7095286816996129,0.6544715447154471,0.542817065932726,0.5439024390243903
35.0,0.95,0.050000000000000044,1.2,0.6168993439090662,0.21454856123268184,0.7095446685264675,0.6552845528455284,0.5427525714675189,0.5439024390243903
51.0,0.95,0.050000000000000044,0.8,0.61689981243053,0.21461104511813214,0.7077568083898867,0.656910569105691,0.5434862884700886,0.5439024390243903
56.0,1.0,0.0,0.9,0.6169007256067807,0.21460586214136398,0.7078207556973054,0.6560975609756098,0.5435494094495648,0.5439024390243903
30.0,0.95,0.050000000000000044,1.05,0.6169007614775406,0.2145578337565676,0.7093448331907842,0.6560975609756098,0.5427948963608444,0.5439024390243903
42.0,0.95,0.050000000000000044,1.4,0.6169008757515412,0.21454189038472893,0.7096299316030259,0.6552845528455284,0.5427125775551409,0.5439024390243903
42.0,1.0,0.0,1.45,0.6169037116023021,0.2145358600285395,0.7096299316030258,0.6536585365853659,0.542801625892452,0.5439024390243903
60.0,0.95,0.050000000000000044,0.9,0.6169045018781003,0.21461343065568303,0.7077967754570234,0.6577235772357723,0.5434866171850021,0.5439024390243903
60.0,1.0,0.0,0.95,0.6169049743325739,0.21460759524599662,0.707812762283878,0.656910569105691,0.5435545009354358,0.5439024390243903
31.0,1.0,0.0,1.1,0.6169075919959848,0.2145534949702316,0.7093794713156358,0.6552845528455284,0.5428537523098806,0.5439024390243903
40.0,0.95,0.050000000000000044,1.35,0.6169077137755107,0.21454541495655946,0.7096459184298805,0.6552845528455284,0.5427161703394326,0.5439024390243903
56.0,0.95,0.050000000000000044,0.85,0.6169087137804397,0.21461517935116606,0.7077754596878839,0.6577235772357723,0.5434924958101681,0.5439024390243903
34.0,1.0,0.0,1.2,0.6169089579562327,0.21454781168663256,0.709446083094197,0.6544715447154471,0.5428312484230154,0.5439024390243903
49.0,1.0,0.0,0.8,0.6169097875504895,0.21461038233912666,0.7078100978127355,0.6560975609756098,0.5435521450680659,0.5439024390243903
33.0,0.95,0.050000000000000044,1.15,0.6169109977838116,0.2145548928366457,0.7094833856901913,0.6552845528455284,0.5427569995933228,0.5439024390243903
53.0,1.0,0.0,0.85,0.616912190281562,0.2146112119313862,0.7078207556973054,0.6560975609756098,0.5435570888678705,0.5439024390243903
37.0,1.0,0.0,1.3,0.6169132111601242,0.21454431435340857,0.7095633198244646,0.6536585365853659,0.5428123269393365,0.5439024390243903
52.0,0.95,0.050000000000000044,0.8,0.6169136719820708,0.21461729432987287,0.7077408215630321,0.656910569105691,0.5434983418153523,0.5439024390243903
57.0,1.0,0.0,0.9,0.6169154363024113,0.21461246046362475,0.7077861175724536,0.6560975609756098,0.5435617458504826,0.5439024390243903
38.0,0.95,0.050000000000000044,1.3,0.6169159180101924,0.2145496527479566,0.7096539118433078,0.6552845528455284,0.5427196744538312,0.5439024390243903
40.0,1.0,0.0,1.4,0.6169188954718507,0.21454222509695003,0.709643253958738,0.6536585365853659,0.542796271742869,0.5439024390243903
45.0,0.95,0.050000000000000044,1.5,0.6169207953122768,0.2145456420079312,0.7097338459775813,0.6544715447154471,0.5426838794478869,0.5439024390243903
57.0,0.95,0.050000000000000044,0.85,0.6169219794343702,0.2146211521736558,0.7077568083898867,0.656910569105691,0.5435035253955239,0.5439024390243903
43.0,1.0,0.0,1.5,0.6169251484657063,0.21454104338102387,0.7097285170352963,0.6528455284552845,0.5427825481363763,0.5439024390243903
31.0,0.95,0.050000000000000044,1.1,0.6169253433789715,0.2145626524918362,0.709470063334479,0.6560975609756098,0.5427614666687074,0.5439024390243903
50.0,1.0,0.0,0.8,0.6169256314923877,0.21461745922990125,0.7077301636784623,0.6560975609756098,0.543565765816902,0.5439024390243903
36.0,0.95,0.050000000000000044,1.25,0.6169257755028424,0.2145547577148302,0.7096086158338862,0.6552845528455284,0.5427230905719533,0.5439024390243903
43.0,0.95,0.050000000000000044,1.45,0.6169270502370002,0.21454864360180592,0.7097231880930114,0.6544715447154471,0.5426868501527592,0.5439024390243903
54.0,1.0,0.0,0.85,0.6169275387185479,0.21461806913692677,0.7077274992073198,0.6560975609756098,0.543569866814997,0.5439024390243903
53.0,0.95,0.050000000000000044,0.8,0.6169276316798543,0.21462356282460038,0.7077328281496047,0.656910569105691,0.5435100672031142,0.5439024390243903
32.0,1.0,0.0,1.15,0.6169292435191535,0.2145574487152717,0.7094727278056214,0.6544715447154471,0.542827284487824,0.5439024390243903
58.0,1.0,0.0,0.9,0.6169302527716789,0.21461907979200812,0.7077248347361773,0.6560975609756098,0.5435737720734313,0.5439024390243903
35.0,1.0,0.0,1.25,0.6169314528757988,0.21455253324189422,0.7095526619398949,0.6536585365853659,0.5428074217004188,0.5439024390243903
41.0,0.95,0.050000000000000044,1.4,0.6169344435024446,0.21455221851840459,0.7097098657372991,0.6552845528455284,0.5426896773503996,0.5439024390243903
58.0,0.95,0.050000000000000044,0.85,0.6169352918933703,0.21462712434651915,0.707740821563032,0.656910569105691,0.5435142736298838,0.5439024390243903
38.0,1.0,0.0,1.35,0.6169358301304589,0.21454945681311788,0.7096379250164531,0.6536585365853659,0.5427906953979351,0.5439024390243903
34.0,0.95,0.050000000000000044,1.2,0.6169376586771181,0.2145609278525664,0.7095926290070315,0.6552845528455284,0.54272642233172,0.5439024390243903
41.0,1.0,0.0,1.45,0.616941210228362,0.21454756671538341,0.7097658196312905,0.6528455284552845,0.5427764924445667,0.5439024390243903
51.0,1.0,0.0,0.8,0.6169416461790308,0.21462458257051398,0.7076635518999013,0.6560975609756098,0.5435790097175861,0.5439024390243903
54.0,0.95,0.050000000000000044,0.8,0.6169416632967013,0.21462984011098954,0.7077274992073198,0.656910569105691,0.5435214772681796,0.5439024390243903
55.0,1.0,0.0,0.85,0.616943004400941,0.21462495188498135,0.7076502295441889,0.6560975609756098,0.54358231004719,0.5439024390243903
39.0,0.95,0.050000000000000044,1.35,0.6169431825755077,0.21455647820288315,0.7096992078527293,0.6552845528455284,0.5426923531448071,0.5439024390243903
59.0,1.0,0.0,0.9,0.6169451491397515,0.21462571069375863,0.7076555584864739,0.6560975609756098,0.543585499135971,0.5439024390243903
59.0,0.95,0.050000000000000044,0.85,0.6169486313324403,0.21463308872702974,0.7077008544958954,0.656910569105691,0.5435247506740255,0.5439024390243903
32.0,0.95,0.050000000000000044,1.15,0.6169520563192785,0.21456842035537924,0.7095340106418979,0.6552845528455284,0.542729678970828,0.5439024390243903
33.0,1.0,0.0,1.2,0.6169522790138823,0.21456208390222378,0.7095793066513194,0.6536585365853659,0.5428023455915149,0.5439024390243903
30.0,1.0,0.0,1.1,0.616952902470386,0.2145688522860752,0.7094434186230547,0.6544715447154471,0.5428232685772751,0.5439024390243903
37.0,0.95,0.050000000000000044,1.3,0.6169535307984177,0.21456156357015585,0.7096778920835898,0.6552845528455284,0.5426948695658556,0.5439024390243903
44.0,0.95,0.050000000000000044,1.5,0.6169540261851587,0.2145557762693538,0.7097711485735754,0.6544715447154471,0.5426620513910178,0.5439024390243903
36.0,1.0,0.0,1.3,0.6169548495322126,0.21455773149405927,0.7096112803050286,0.6536585365853659,0.5427848808870841,0.5439024390243903
55.0,0.95,0.050000000000000044,0.8,0.6169557415886388,0.21463611686434855,0.7076822031978982,0.656910569105691,0.5435325840166763,0.5439024390243903
52.0,1.0,0.0,0.8,0.6169577930865455,0.21463173778374828,0.7076315782461917,0.6560975609756098,0.5435918915145538,0.5439024390243903
56.0,1.0,0.0,0.85,0.6169585576122063,0.21463184917577097,0.7076342427173343,0.6560975609756098,0.5435944309540439,0.5439024390243903
39.0,1.0,0.0,1.4,0.616959029275076,0.21455493579161888,0.709763155160148,0.6536585365853659,0.5427701605237543,0.5439024390243903
60.0,1.0,0.0,0.9,0.6169601020336946,0.21463234469169817,0.7076182558904797,0.6560975609756098,0.5435969375533938,0.5439024390243903
60.0,0.95,0.050000000000000044,0.85,0.6169619799454217,0.21463903894456723,0.7076662163710435,0.6577235772357723,0.5435349662172366,0.5439024390243903
42.0,0.95,0.050000000000000044,1.45,0.6169620490068722,0.21455943758792523,0.7097977932849999,0.6544715447154471,0.5426641834788641,0.5439024390243903
42.0,1.0,0.0,1.5,0.6169638890431506,0.21455314772160605,0.7098750629481307,0.6528455284552845,0.5427576591990806,0.5439024390243903
35.0,0.95,0.050000000000000044,1.25,0.6169658262501084,0.21456765452399582,0.7096619052567351,0.6552845528455284,0.5426972194316599,0.5439024390243903
30.0,0.95,0.050000000000000044,1.1,0.6169696176369825,0.21457757282330717,0.7095153593439006,0.6552845528455284,0.5427328799317693,0.5439024390243903
56.0,0.95,0.050000000000000044,0.8,0.6169698439935682,0.21464238480512798,0.7076422361307617,0.6577235772357723,0.5435433988650582,0.5439024390243903
40.0,0.95,0.050000000000000044,1.4,0.6169714141171043,0.214563762851934,0.7097738130447179,0.6544715447154471,0.5426661100130354,0.5439024390243903
53.0,1.0,0.0,0.8,0.6169740377386259,0.21463891188850637,0.70759694012134,0.6560975609756098,0.543604425205984,0.5439024390243903
57.0,1.0,0.0,0.85,0.616974171634042,0.21463875117040856,0.7075543085830609,0.6560975609756098,0.5436062413345972,0.5439024390243903
31.0,1.0,0.0,1.15,0.6169762965812182,0.21457328481722232,0.7095659842956071,0.6544715447154471,0.5427970996999074,0.5439024390243903
34.0,1.0,0.0,1.25,0.6169763796098584,0.2145672736285752,0.7096352605453107,0.6536585365853659,0.542778812236796,0.5439024390243903
37.0,1.0,0.0,1.35,0.6169789194043999,0.21456331454681063,0.7097231880930114,0.6536585365853659,0.5427635293145606,0.5439024390243903
33.0,0.95,0.050000000000000044,1.2,0.6169805081114456,0.21457498307071082,0.7096485829010228,0.6552845528455284,0.5426993980519403,0.5439024390243903
38.0,0.95,0.050000000000000044,1.35,0.6169823664436864,0.21456888219905115,0.7097738130447179,0.6552845528455284,0.5426678160120972,0.5439024390243903
40.0,1.0,0.0,1.45,0.6169826420440956,0.214560683605826,0.7098590761212761,0.6528455284552845,0.5427506450359899,0.5439024390243903
57.0,0.95,0.050000000000000044,0.8,0.6169839503618854,0.21464863659069658,0.7076209203616219,0.6577235772357723,0.5435539326761681,0.5439024390243903
58.0,1.0,0.0,0.85,0.6169898224563074,0.21464564907549724,0.7075463151696336,0.656910569105691,0.5436177524324536,0.5439024390243903
54.0,1.0,0.0,0.8,0.6169903492945491,0.21464609333268284,0.7075623019964883,0.656910569105691,0.5436166240910276,0.5439024390243903
43.0,0.95,0.050000000000000044,1.5,0.6169903712992088,0.21456700857931718,0.7098377603521365,0.6528455284552845,0.5426396223678732,0.5439024390243903
36.0,0.95,0.050000000000000044,1.3,0.6169952169518221,0.21457496050461347,0.7097285170352962,0.6552845528455284,0.542669285601804,0.5439024390243903
58.0,0.95,0.050000000000000044,0.8,0.6169980427154172,0.21465486571882622,0.7076075980059098,0.6577235772357723,0.5435641957926118,0.5439024390243903
31.0,0.95,0.050000000000000044,1.15,0.6169981539539887,0.2145838515767338,0.7096485829010228,0.6552845528455284,0.5427014063967862,0.5439024390243903
41.0,0.95,0.050000000000000044,1.45,0.6170004312751324,0.21457143423911168,0.7098164445829969,0.6536585365853659,0.5426408707386903,0.5439024390243903
32.0,1.0,0.0,1.2,0.6170009708120834,0.21457837219039286,0.7095846355936042,0.6536585365853659,0.5427724755606289,0.5439024390243903
35.0,1.0,0.0,1.3,0.6170012761653986,0.21457290999011874,0.709715194679584,0.6528455284552845,0.5427565738775316,0.5439024390243903
38.0,1.0,0.0,1.4,0.6170034691181925,0.21456920399959317,0.7097844709292876,0.6520325203252032,0.5427432796910215,0.5439024390243903
59.0,1.0,0.0,0.85,0.6170054885164137,0.21465253503977294,0.7075356572850637,0.6577235772357723,0.5436289749683314,0.5439024390243903
41.0,1.0,0.0,1.5,0.6170065271097995,0.21456664230314287,0.7099017076595552,0.6520325203252032,0.5427320786673872,0.5439024390243903
55.0,1.0,0.0,0.8,0.6170067001813576,0.21465327184449443,0.7075463151696335,0.6577235772357723,0.543628500813412,0.5439024390243903
34.0,0.95,0.050000000000000044,1.25,0.617010365190755,0.21458220876954848,0.7097498328044358,0.6552845528455284,0.5426705029979134,0.5439024390243903
39.0,0.95,0.050000000000000044,1.4,0.6170120738735962,0.21457663038542854,0.709835095880994,0.6536585365853659,0.542641846202692,0.5439024390243903
59.0,0.95,0.050000000000000044,0.8,0.6170121050314925,0.21466106644152505,0.7075569730542034,0.6577235772357723,0.5435741980676805,0.5439024390243903
60.0,1.0,0.0,0.85,0.6170211504649733,0.21465940206144027,0.707524999400494,0.6577235772357723,0.54363991917027,0.5439024390243903
56.0,1.0,0.0,0.8,0.6170230657651257,0.21466043830006776,0.707501019160212,0.6577235772357723,0.5436400674017337,0.5439024390243903
37.0,0.95,0.050000000000000044,1.35,0.6170255887844981,0.21458274939339558,0.709816444582997,0.6536585365853659,0.5426425259415115,0.5439024390243903
60.0,0.95,0.050000000000000044,0.8,0.6170261230493431,0.21466723368803084,0.7075383217562061,0.6577235772357723,0.5435839488940314,0.5439024390243903
33.0,1.0,0.0,1.25,0.6170266047028478,0.2145839863749399,0.709661905256735,0.6528455284552845,0.5427492685891961,0.5439024390243903
36.0,1.0,0.0,1.35,0.6170267418484006,0.21457890127403498,0.7097951288138573,0.6528455284552845,0.5427355311997759,0.5439024390243903
32.0,0.95,0.050000000000000044,1.2,0.6170283309854738,0.21459089989138413,0.7097311815064387,0.6552845528455284,0.5426714545551531,0.5439024390243903
39.0,1.0,0.0,1.45,0.6170283353067225,0.214575332995994,0.7098883853038429,0.6520325203252032,0.5427240529954876,0.5439024390243903
30.0,1.0,0.0,1.15,0.61702934441133,0.21459140346737163,0.7096059513627437,0.6544715447154471,0.5427658630909051,0.5439024390243903
42.0,0.95,0.050000000000000044,1.5,0.6170300779877654,0.21457942967050078,0.7098910497749854,0.6520325203252032,0.5426165675891571,0.5439024390243903
57.0,1.0,0.0,0.8,0.6170394240568581,0.21466758460537103,0.7075276638716363,0.6577235772357723,0.5436513353067317,0.5439024390243903
35.0,0.95,0.050000000000000044,1.3,0.6170413440180259,0.21458998472251523,0.7097977932849997,0.6544715447154471,0.5426428853922924,0.5439024390243903
40.0,0.95,0.050000000000000044,1.45,0.6170424744107832,0.21458473642184828,0.7099070366018401,0.6520325203252032,0.5426168841587448,0.5439024390243903
30.0,0.95,0.050000000000000044,1.15,0.6170497995474279,0.2146013907513736,0.70966723419902,0.6560975609756098,0.5426721326881597,0.5439024390243903
37.0,1.0,0.0,1.4,0.6170525858307452,0.21458516957471935,0.7098590761212761,0.6520325203252032,0.5427155947413085,0.5439024390243903
34.0,1.0,0.0,1.3,0.6170529291713142,0.21459001892622592,0.7097231880930114,0.6528455284552845,0.542727364824548,0.5439024390243903
40.0,1.0,0.0,1.5,0.6170533802320101,0.21458164456190107,0.7099629904958314,0.6504065040650406,0.5427057775214897,0.5439024390243903
31.0,1.0,0.0,1.2,0.6170555590975907,0.21459688491152656,0.7097045367950142,0.6536585365853659,0.5427415897581976,0.5439024390243903
58.0,1.0,0.0,0.8,0.6170557554491162,0.21467470359081942,0.7075116770447818,0.6577235772357723,0.543662315435799,0.5439024390243903
38.0,0.95,0.050000000000000044,1.4,0.6170567353308848,0.21459093845671126,0.7099097010729827,0.6528455284552845,0.5426168547016962,0.5439024390243903
33.0,0.95,0.050000000000000044,1.25,0.6170598129738024,0.2145985845913855,0.7098191090541394,0.6544715447154471,0.5426428994325496,0.5439024390243903
59.0,1.0,0.0,0.8,0.617072042479939,0.2146817889170941,0.7074850323333572,0.6577235772357723,0.5436730181849764,0.5439024390243903
36.0,0.95,0.050000000000000044,1.35,0.6170732037568671,0.2145982145574044,0.709840424823279,0.6528455284552845,0.5426164477654596,0.5439024390243903
41.0,0.95,0.050000000000000044,1.5,0.6170734150752575,0.21459313850759865,0.7099763128515436,0.6520325203252032,0.5425928607620448,0.5439024390243903
38.0,1.0,0.0,1.45,0.6170786479280771,0.21459164876767675,0.7099150300152675,0.6504065040650406,0.5426966837032883,0.5439024390243903
35.0,1.0,0.0,1.35,0.6170797187281968,0.21459637805667744,0.7098457537655638,0.6520325203252032,0.5427066621732763,0.5439024390243903
31.0,0.95,0.050000000000000044,1.2,0.6170816127115608,0.21460887101909798,0.7097844709292875,0.6552845528455284,0.5426425449365615,0.5439024390243903
32.0,1.0,0.0,1.25,0.6170826309778772,0.2146028686680974,0.7097738130447179,0.6536585365853659,0.5427187445803543,0.5439024390243903
60.0,1.0,0.0,0.8,0.6170882696210414,0.21468883499089658,0.7074397363239358,0.6577235772357723,0.5436834534686444,0.5439024390243903
39.0,0.95,0.050000000000000044,1.45,0.6170884806578367,0.21459945668641542,0.7099709839092587,0.6520325203252032,0.5425921942137826,0.5439024390243903
34.0,0.95,0.050000000000000044,1.3,0.6170923158539808,0.21460679223695844,0.7098830563615581,0.6536585365853659,0.5426156292974619,0.5439024390243903
39.0,1.0,0.0,1.5,0.6171047940417282,0.21459828278661927,0.7100216088609653,0.6495934959349593,0.5426787249255697,0.5439024390243903
37.0,0.95,0.050000000000000044,1.4,0.6171057400360258,0.2146068158915303,0.7099496681401192,0.6520325203252032,0.5425911022597455,0.5439024390243903
36.0,1.0,0.0,1.4,0.6171067848687258,0.21460298614979448,0.7098937142461279,0.651219512195122,0.5426870689164265,0.5439024390243903
33.0,1.0,0.0,1.3,0.6171102902182202,0.21460924528155226,0.7098590761212761,0.6528455284552845,0.5426972099357196,0.5439024390243903
32.0,0.95,0.050000000000000044,1.25,0.617114633572189,0.21461696421625875,0.7098031222272847,0.6552845528455284,0.542614364149031,0.5439024390243903
30.0,1.0,0.0,1.2,0.6171166258752514,0.21461785432973166,0.7097604906890056,0.6536585365853659,0.5427096366119073,0.5439024390243903
40.0,0.95,0.050000000000000044,1.5,0.6171206749648773,0.21460824314288168,0.7100802272260991,0.6520325203252032,0.5425684739622793,0.5439024390243903
35.0,0.95,0.050000000000000044,1.35,0.6171255995717838,0.21461542622171675,0.7099336813132646,0.6536585365853659,0.5425895439800373,0.5439024390243903
37.0,1.0,0.0,1.45,0.6171339704639128,0.21460977764977543,0.7100029575629682,0.6504065040650406,0.542668502427835,0.5439024390243903
34.0,1.0,0.0,1.35,0.6171383120750669,0.21461592250687853,0.7099443391978344,0.651219512195122,0.5426768807803471,0.5439024390243903
38.0,0.95,0.050000000000000044,1.45,0.6171387796348172,0.21461571831548074,0.7100908851106688,0.6528455284552845,0.5425667694788683,0.5439024390243903
30.0,0.95,0.050000000000000044,1.2,0.6171408910620013,0.21462911149813738,0.7098084511695697,0.6544715447154471,0.5426126193640597,0.5439024390243903
31.0,1.0,0.0,1.25,0.6171450133807981,0.21462413957953244,0.709859076121276,0.6528455284552845,0.5426871910774538,0.5439024390243903
33.0,0.95,0.050000000000000044,1.3,0.6171485766995711,0.2146255557212985,0.7099390102555495,0.6520325203252032,0.5425874750400074,0.5439024390243903
36.0,0.95,0.050000000000000044,1.4,0.6171594615479011,0.21462440430376842,0.7100349312166774,0.651219512195122,0.5425645534288027,0.5439024390243903
38.0,1.0,0.0,1.5,0.6171611450000437,0.214616697269372,0.7100962140529536,0.651219512195122,0.5426508880724249,0.5439024390243903
35.0,1.0,0.0,1.4,0.6171665099395122,0.2146228227061593,0.7100216088609652,0.6504065040650406,0.5426576630260056,0.5439024390243903
39.0,0.95,0.050000000000000044,1.5,0.6171721759532751,0.21462486167498024,0.7101921350140816,0.6520325203252032,0.5425433774946096,0.5439024390243903
32.0,1.0,0.0,1.3,0.6171738894442612,0.21463079614072203,0.709925687899837,0.6520325203252032,0.5426660625511891,0.5439024390243903
31.0,0.95,0.050000000000000044,1.25,0.6171753394020973,0.21463755029758144,0.7098723984769884,0.6520325203252032,0.5425848496786085,0.5439024390243903
34.0,0.95,0.050000000000000044,1.35,0.6171832021965765,0.21463454830981266,0.7100695693415292,0.6520325203252032,0.5425617745723302,0.5439024390243903
37.0,0.95,0.050000000000000044,1.45,0.6171937311176922,0.21463365650538857,0.7101947994852242,0.651219512195122,0.5425405764702709,0.5439024390243903
36.0,1.0,0.0,1.45,0.6171947294433269,0.2146298806407762,0.7100882206395263,0.651219512195122,0.542639472152068,0.5439024390243903
33.0,1.0,0.0,1.35,0.6172030291407753,0.21463773076734438,0.71003759568782,0.651219512195122,0.5426461428163087,0.5439024390243903
32.0,0.95,0.050000000000000044,1.3,0.6172106157860859,0.21464646659299264,0.7100242733321076,0.6520325203252032,0.542558377547162,0.5439024390243903
30.0,1.0,0.0,1.25,0.6172143651862162,0.2146480429254166,0.7099789773226861,0.6520325203252032,0.5426545558941742,0.5439024390243903
35.0,0.95,0.050000000000000044,1.4,0.617218308820999,0.21464385956897256,0.7101921350140818,0.651219512195122,0.5425371703901655,0.5439024390243903
37.0,1.0,0.0,1.5,0.6172228434660645,0.21463704159904506,0.7102321020812183,0.651219512195122,0.5426222320161572,0.5439024390243903
38.0,0.95,0.050000000000000044,1.5,0.6172282648003866,0.21464312332555235,0.7102747336194976,0.651219512195122,0.5425175397413717,0.5439024390243903
34.0,1.0,0.0,1.4,0.6172322470610611,0.21464486535477972,0.7101175298220933,0.651219512195122,0.5426273352657294,0.5439024390243903
30.0,0.95,0.050000000000000044,1.25,0.6172424971656141,0.2146605686193033,0.7099949641495407,0.6520325203252032,0.5425543055722404,0.5439024390243903
31.0,1.0,0.0,1.3,0.6172443110238818,0.21465490123225664,0.7100962140529536,0.6528455284552845,0.5426338730041419,0.5439024390243903
33.0,0.95,0.050000000000000044,1.35,0.6172464795264049,0.21465576200213796,0.7102187797255062,0.651219512195122,0.5425330968488197,0.5439024390243903
36.0,0.95,0.050000000000000044,1.45,0.6172537281435728,0.21465341970010335,0.7103306875134888,0.651219512195122,0.5425135794761738,0.5439024390243903
35.0,1.0,0.0,1.45,0.6172613910836706,0.21465213461684343,0.7101894705429392,0.651219512195122,0.5426095533913621,0.5439024390243903
32.0,1.0,0.0,1.35,0.6172744274200579,0.21466201977471122,0.7101175298220933,0.651219512195122,0.5426144011607922,0.5439024390243903
31.0,0.95,0.050000000000000044,1.3,0.6172789725668133,0.21466973740997178,0.7101681547737997,0.6520325203252032,0.5425282888130886,0.5439024390243903
34.0,0.95,0.050000000000000044,1.4,0.6172827300003149,0.21466535349890936,0.7103200296289192,0.651219512195122,0.542508912777112,0.5439024390243903
37.0,0.95,0.050000000000000044,1.5,0.6172893195867074,0.21466316965100052,0.7104052927054774,0.651219512195122,0.5424909269994862,0.5439024390243903
36.0,1.0,0.0,1.5,0.6172903371101472,0.21465948411848346,0.7102907204463522,0.6520325203252032,0.5425927194939811,0.5439024390243903
33.0,1.0,0.0,1.4,0.617304529118164,0.21466931936326475,0.7101628258315149,0.651219512195122,0.542596041036889,0.5439024390243903
32.0,0.95,0.050000000000000044,1.35,0.6173159460952498,0.21467926787000538,0.7102720691483551,0.651219512195122,0.5425034652729233,0.5439024390243903
35.0,0.95,0.050000000000000044,1.45,0.6173192004786701,0.21467517110138584,0.7103893058786226,0.651219512195122,0.5424857403792173,0.5439024390243903
30.0,1.0,0.0,1.3,0.6173221994972514,0.21468181585391788,0.7101601613603724,0.6520325203252032,0.5426005885202605,0.5439024390243903
34.0,1.0,0.0,1.45,0.6173344654440408,0.21467673415470184,0.7102321020812185,0.651219512195122,0.5425787040068155,0.5439024390243903
31.0,1.0,0.0,1.35,0.617353120330864,0.21468902985535404,0.7102027928986516,0.6520325203252032,0.5425816056343055,0.5439024390243903
33.0,0.95,0.050000000000000044,1.4,0.6173532166878096,0.21468907575024546,0.7103440098692011,0.651219512195122,0.5424797374985727,0.5439024390243903
30.0,0.95,0.050000000000000044,1.3,0.6173542426759139,0.2146956046367447,0.7102587467926429,0.6520325203252032,0.542497157798168,0.5439024390243903
36.0,0.95,0.050000000000000044,1.5,0.6173557528953538,0.21468515590940904,0.710421279532332,0.6520325203252032,0.542463503306876,0.5439024390243903
35.0,1.0,0.0,1.5,0.6173641147167831,0.21468420957015452,0.7102933849174947,0.651219512195122,0.5425623107393378,0.5439024390243903
32.0,1.0,0.0,1.4,0.617383940990564,0.21469641147014992,0.7102267731389336,0.651219512195122,0.5425637327760018,0.5439024390243903
34.0,0.95,0.050000000000000044,1.45,0.6173906185014987,0.21469909038320478,0.7104239440034744,0.6520325203252032,0.5424570184743777,0.5439024390243903
31.0,0.95,0.050000000000000044,1.35,0.6173921684134817,0.2147052883268166,0.7103786479940528,0.651219512195122,0.5424728313235259,0.5439024390243903
33.0,1.0,0.0,1.45,0.6174145110799777,0.21470389360409955,0.7103226941000617,0.651219512195122,0.5425468790198146,0.5439024390243903
35.0,0.95,0.050000000000000044,1.5,0.6174280153623382,0.2147092526065277,0.7104559176571837,0.6520325203252032,0.5424352302603744,0.5439024390243903
32.0,0.95,0.050000000000000044,1.4,0.617430308752518,0.21471523600710293,0.7104665755417535,0.6528455284552845,0.5424495985721332,0.5439024390243903
30.0,1.0,0.0,1.35,0.6174397836619591,0.21471902771363816,0.7101947994852241,0.6520325203252032,0.5425477028950619,0.5439024390243903
34.0,1.0,0.0,1.5,0.6174447104300937,0.21471142095978152,0.710421279532332,0.651219512195122,0.5425309632901385,0.5439024390243903
33.0,0.95,0.050000000000000044,1.45,0.6174684975615985,0.2147253756438168,0.7105065426088902,0.651219512195122,0.5424273702878062,0.5439024390243903
31.0,1.0,0.0,1.4,0.6174711253428778,0.2147263925363334,0.710306707273207,0.6520325203252032,0.5425303598074038,0.5439024390243903
30.0,0.95,0.050000000000000044,1.35,0.6174757710379664,0.21473407045442683,0.7104665755417536,0.651219512195122,0.5424411433915783,0.5439024390243903
32.0,1.0,0.0,1.45,0.6175021402739196,0.21473384945157853,0.71039729929205,0.651219512195122,0.5425140304369237,0.5439024390243903
34.0,0.95,0.050000000000000044,1.5,0.6175065996459266,0.2147356472490827,0.7105864767431638,0.6504065040650406,0.5424060668287384,0.5439024390243903
31.0,0.95,0.050000000000000044,1.4,0.6175145997711574,0.21474406648552946,0.7104425953014715,0.6504065040650406,0.5424184469786326,0.5439024390243903
33.0,1.0,0.0,1.5,0.6175327085043473,0.2147413416730621,0.7104479242437565,0.651219512195122,0.5424986317982557,0.5439024390243903
32.0,0.95,0.050000000000000044,1.45,0.6175534028856478,0.21475424563566375,0.7105198649646025,0.6504065040650406,0.5423967494052148,0.5439024390243903
30.0,1.0,0.0,1.4,0.6175667891856184,0.21475954059425692,0.710349338811486,0.651219512195122,0.5424958682374472,0.5439024390243903
33.0,0.95,0.050000000000000044,1.5,0.6175920448751507,0.21476454633917072,0.7105624965028816,0.651219512195122,0.5423759691665682,0.5439024390243903
31.0,1.0,0.0,1.45,0.6175980249310357,0.2147668630259123,0.7104346018880443,0.651219512195122,0.5424801070984757,0.5439024390243903
30.0,0.95,0.050000000000000044,1.4,0.6176067432049194,0.21477582481828514,0.7104266084746169,0.651219512195122,0.5423862305560436,0.5439024390243903
32.0,1.0,0.0,1.5,0.6176287486337537,0.2147742178875809,0.710503878137748,0.651219512195122,0.5424652678496368,0.5439024390243903
31.0,0.95,0.050000000000000044,1.45,0.6176459551175202,0.21478594232158676,0.7105012136666053,0.651219512195122,0.542365106322492,0.5439024390243903
32.0,0.95,0.050000000000000044,1.5,0.6176849416490791,0.21479617765025996,0.7105465096760271,0.651219512195122,0.5423448904380114,0.5439024390243903
30.0,1.0,0.0,1.45,0.6177029032493576,0.21480322360637044,0.7105092070800327,0.651219512195122,0.5424450545701737,0.5439024390243903
31.0,1.0,0.0,1.5,0.6177335319507906,0.214810321330726,0.7105678254451666,0.6495934959349593,0.5424308198088912,0.5439024390243903
30.0,0.95,0.050000000000000044,1.45,0.6177468365976262,0.21482073381632344,0.7105651609740241,0.651219512195122,0.5423323883368683,0.5439024390243903
31.0,0.95,0.050000000000000044,1.5,0.617785937673054,0.2148307928337435,0.7106610819351522,0.6504065040650406,0.5423127806633755,0.5439024390243903
30.0,1.0,0.0,1.5,0.6178478278015631,0.21484995244531438,0.7105598320317392,0.651219512195122,0.5423952327083689,0.5439024390243903
30.0,0.95,0.050000000000000044,1.5,0.6178957441368468,0.21486867041554558,0.7106291082814428,0.6504065040650406,0.5422795866076097,0.5439024390243903
