marginScale,marginWeight,wpWeight,alpha,logLoss,brier,auc,accuracy,meanPrediction,actualHomeWinRate
42.0,0.95,0.050000000000000044,1.0,0.6166849609735559,0.21450086817946357,0.708596116799757,0.6560975609756098,0.5431298787632627,0.5439024390243903
43.0,0.95,0.050000000000000044,1.0,0.6166853298083966,0.21450244478373834,0.7085641431460477,0.6560975609756098,0.5431481540767539,0.5439024390243903
41.0,0.95,0.050000000000000044,1.0,0.6166859632737262,0.21449978468318537,0.7086067746843268,0.6577235772357723,0.5431110417923634,0.5439024390243903
41.0,1.0,0.0,1.0,0.6166866137487855,0.21449729061730533,0.7084762155983471,0.6585365853658537,0.5432115641163624,0.5439024390243903
44.0,0.95,0.050000000000000044,1.0,0.6166869360213679,0.21450446325361333,0.7085454918480505,0.656910569105691,0.5431658916629769,0.5439024390243903
40.0,1.0,0.0,1.0,0.6166872814683008,0.21449604831671823,0.7085215116077684,0.6585365853658537,0.5431907908132365,0.5439024390243903
42.0,1.0,0.0,1.0,0.6166875774870032,0.21449912801006532,0.7084575643003499,0.6585365853658537,0.5432317165695068,0.5439024390243903
40.0,0.95,0.050000000000000044,1.0,0.6166884844435171,0.21449925113682136,0.7086520706937485,0.6577235772357723,0.5430916177777088,0.5439024390243903
45.0,0.95,0.050000000000000044,1.0,0.6166896584144912,0.21450687735184315,0.7084788800694894,0.656910569105691,0.5431831140998512,0.5439024390243903
39.0,1.0,0.0,1.0,0.6166897583895065,0.21449546989382978,0.7085748010306174,0.6585365853658537,0.5431693685386766,0.5439024390243903
43.0,1.0,0.0,1.0,0.6166900118474605,0.2145014985074695,0.7083829591083614,0.6577235772357723,0.5432512746763857,0.5439024390243903
39.0,0.95,0.050000000000000044,1.0,0.6166926877937641,0.21449933065631882,0.7087026956454547,0.6577235772357723,0.5430715797645622,0.5439024390243903
44.0,0.9,0.09999999999999998,1.0,0.6166928170289138,0.21450950593930726,0.7085588142037627,0.656910569105691,0.5430616506594548,0.5439024390243903
40.0,0.95,0.050000000000000044,0.95,0.6166928341718982,0.2145058188846564,0.7085348339634809,0.6560975609756098,0.5431490765068406,0.5439024390243903
43.0,0.9,0.09999999999999998,1.0,0.61669306055968,0.21450820222368056,0.7085614786749053,0.6577235772357723,0.5430451311148184,0.5439024390243903
39.0,0.95,0.050000000000000044,0.95,0.6166934152467074,0.21450461360547624,0.708548156319193,0.6560975609756098,0.5431296839333433,0.5439024390243903
45.0,0.9,0.09999999999999998,1.0,0.6166936151154073,0.21451117542115203,0.7085295050211959,0.6552845528455284,0.543077685422354,0.5439024390243903
41.0,0.95,0.050000000000000044,0.95,0.6166937138471279,0.21450755704685961,0.7084895379540592,0.6560975609756098,0.5431678696826924,0.5439024390243903
44.0,1.0,0.0,1.0,0.6166937711804917,0.21450434619567474,0.7083296696855124,0.6577235772357723,0.5432702634380184,0.5439024390243903
38.0,1.0,0.0,1.0,0.616694241106491,0.21449563175473813,0.7086440772803211,0.6585365853658537,0.5431472674300527,0.5439024390243903
42.0,0.9,0.09999999999999998,1.0,0.6166944566232915,0.21450730647800267,0.7085934523286146,0.656910569105691,0.5430281052643505,0.5439024390243903
38.0,0.95,0.050000000000000044,0.95,0.6166956221507855,0.21450400562330818,0.7085614786749053,0.656910569105691,0.5431096638148314,0.5439024390243903
39.0,1.0,0.0,0.95,0.6166956449534005,0.21450268075060278,0.708452235358065,0.6585365853658537,0.5432233637879063,0.5439024390243903
42.0,0.95,0.050000000000000044,0.95,0.6166959054500376,0.21450977029217172,0.7084895379540591,0.656910569105691,0.5431860899480282,0.5439024390243903
38.0,1.0,0.0,0.95,0.6166961688971291,0.21450142859802293,0.7085241760789109,0.6593495934959349,0.5432019855036412,0.5439024390243903
40.0,1.0,0.0,0.95,0.6166968722229317,0.21450458055075347,0.7084415774734951,0.6585365853658537,0.543244079282349,0.5439024390243903
41.0,0.9,0.09999999999999998,1.0,0.616697127642056,0.21450686549784662,0.7086813798763152,0.656910569105691,0.5430105502788738,0.5439024390243903
37.0,1.0,0.0,0.95,0.6166986434501465,0.2145009023285786,0.7085321694923383,0.6585365853658537,0.5431799132264428,0.5439024390243903
41.0,0.9,0.09999999999999998,0.95,0.6166986699229192,0.21451230709642338,0.7085135181943413,0.6560975609756098,0.5430716085343587,0.5439024390243903
45.0,1.0,0.0,1.0,0.6166987234913393,0.21450762059541337,0.7083403275700824,0.656910569105691,0.5432887064593671,0.5439024390243903
38.0,0.95,0.050000000000000044,1.0,0.6166987540156335,0.21450009339872705,0.7087213469434519,0.6577235772357723,0.5430508991094131,0.5439024390243903
42.0,0.9,0.09999999999999998,0.95,0.6166991198912907,0.21451384531787007,0.7084868734829168,0.6552845528455284,0.5430886034278147,0.5439024390243903
43.0,0.95,0.050000000000000044,0.95,0.6166992746964458,0.21451240670262442,0.7084708866560621,0.6560975609756098,0.5432037622472912,0.5439024390243903
40.0,0.9,0.09999999999999998,0.95,0.6166994377174023,0.2145112062702483,0.7085321694923383,0.656910569105691,0.5430540734658502,0.5439024390243903
37.0,0.95,0.050000000000000044,0.95,0.6166996381678889,0.2145040668021117,0.708601445742042,0.6577235772357723,0.5430889862185817,0.5439024390243903
41.0,1.0,0.0,0.95,0.6166996710361367,0.21450705781816687,0.7083429920412248,0.6577235772357723,0.5432641613484783,0.5439024390243903
43.0,0.9,0.09999999999999998,0.95,0.6167006647504549,0.2145157735203161,0.7084895379540592,0.6552845528455284,0.5431050819489661,0.5439024390243903
37.0,1.0,0.0,1.0,0.6167009472560311,0.21449661886234134,0.70869736670317,0.656910569105691,0.5431244557520764,0.5439024390243903
40.0,0.9,0.09999999999999998,1.0,0.61670120885468,0.21450693122118486,0.7087133535300245,0.656910569105691,0.5429924419230766,0.5439024390243903
39.0,0.9,0.09999999999999998,0.95,0.6167015594867524,0.21451059566004382,0.7085668076171902,0.6577235772357723,0.5430359729304842,0.5439024390243903
38.0,0.95,0.050000000000000044,0.9,0.6167028267069959,0.21451178007526478,0.7084815445406318,0.656910569105691,0.5431695098154802,0.5439024390243903
37.0,0.95,0.050000000000000044,0.9,0.6167029930968009,0.21451046945763938,0.7084762155983471,0.6560975609756098,0.5431495405985942,0.5439024390243903
44.0,0.9,0.09999999999999998,0.95,0.6167031935637998,0.21451804909990754,0.708433584060068,0.6552845528455284,0.5431210665180047,0.5439024390243903
36.0,1.0,0.0,0.95,0.6167032901085409,0.21450118925622347,0.7086041102131844,0.656910569105691,0.5431571137764398,0.5439024390243903
44.0,0.95,0.050000000000000044,0.95,0.6167037003207632,0.21451541959951545,0.7084708866560621,0.6560975609756098,0.5432209100918871,0.5439024390243903
42.0,1.0,0.0,0.95,0.6167038793566091,0.21451004953248495,0.7083190118009427,0.656910569105691,0.5432836376345243,0.5439024390243903
39.0,0.95,0.050000000000000044,0.9,0.6167042244414417,0.21451367046369055,0.7084895379540592,0.6560975609756098,0.5431888384649572,0.5439024390243903
36.0,0.95,0.050000000000000044,0.9,0.6167049094470513,0.21450981222602603,0.7084815445406318,0.656910569105691,0.5431288995864653,0.5439024390243903
38.0,0.9,0.09999999999999998,0.95,0.6167051863735963,0.21451053417285107,0.7086414128091786,0.656910569105691,0.543017280033195,0.5439024390243903
36.0,0.95,0.050000000000000044,0.95,0.6167056669980221,0.2145048774124503,0.7086627285783181,0.6577235772357723,0.5430676192946889,0.5439024390243903
45.0,0.9,0.09999999999999998,0.95,0.6167066060877121,0.21452063373962593,0.7084069393486434,0.6552845528455284,0.5431365782713693,0.5439024390243903
37.0,1.0,0.0,0.9,0.6167066575704704,0.21450905803337006,0.7084255906466406,0.6585365853658537,0.5432364155353284,0.5439024390243903
39.0,0.9,0.09999999999999998,0.9,0.6167066837851394,0.21451750277055917,0.7084895379540592,0.6552845528455284,0.5430993117205761,0.5439024390243903
38.0,0.9,0.09999999999999998,0.9,0.6167068088682175,0.21451620272771804,0.7084548998292075,0.6560975609756098,0.5430812498811577,0.5439024390243903
39.0,0.9,0.09999999999999998,1.0,0.6167068497936453,0.21450756135402377,0.7087586495394462,0.6577235772357723,0.542973754446489,0.5439024390243903
37.0,0.95,0.050000000000000044,1.0,0.6167068832206538,0.21450161743649185,0.7087506561260188,0.6577235772357723,0.5430295453517272,0.5439024390243903
40.0,0.95,0.050000000000000044,0.9,0.6167070195605907,0.21451607490231694,0.7084362485312103,0.656910569105691,0.5432075558949699,0.5439024390243903
36.0,1.0,0.0,0.9,0.6167070714005667,0.21450782593833767,0.7084895379540591,0.6585365853658537,0.5432144072052041,0.5439024390243903
40.0,0.9,0.09999999999999998,0.9,0.6167078516223812,0.21451927492016135,0.7084495708869225,0.6552845528455284,0.5431167965056128,0.5439024390243903
38.0,1.0,0.0,0.9,0.6167081332843904,0.21451099973225565,0.7083536499257945,0.6577235772357723,0.5432577152504692,0.5439024390243903
37.0,0.9,0.09999999999999998,0.9,0.6167083795409571,0.21451543491467687,0.7085241760789109,0.656910569105691,0.5430625829412375,0.5439024390243903
35.0,0.95,0.050000000000000044,0.9,0.616708783096715,0.21450989093991177,0.7085135181943412,0.656910569105691,0.5431075535380265,0.5439024390243903
45.0,0.95,0.050000000000000044,0.95,0.6167090727300278,0.21451876697805738,0.7084575643003499,0.6560975609756098,0.5432375556619228,0.5439024390243903
43.0,1.0,0.0,0.95,0.616709350931372,0.21451349904802058,0.7082950315606608,0.656910569105691,0.5433025341960362,0.5439024390243903
35.0,1.0,0.0,0.9,0.6167096001569512,0.21450739319843465,0.7085428273769081,0.6593495934959349,0.5431916556322097,0.5439024390243903
36.0,1.0,0.0,1.0,0.6167101179983724,0.2144985258044156,0.7087639784817311,0.656910569105691,0.5431008997581884,0.5439024390243903
41.0,0.9,0.09999999999999998,0.9,0.6167101753272534,0.21452146548457957,0.7084389130023527,0.6552845528455284,0.5431337305917378,0.5439024390243903
45.0,0.85,0.15000000000000002,1.0,0.6167102783261597,0.2145203572257004,0.708668057520603,0.6560975609756098,0.5429724268527657,0.5439024390243903
35.0,1.0,0.0,0.95,0.6167103551658628,0.21450238694541296,0.708668057520603,0.656910569105691,0.5431335518566558,0.5439024390243903
37.0,0.9,0.09999999999999998,0.95,0.6167104862562875,0.2145110875794572,0.7087080245877397,0.656910569105691,0.5429979661540738,0.5439024390243903
41.0,0.95,0.050000000000000044,0.9,0.6167110623123794,0.21451893465192146,0.7084575643003498,0.6560975609756098,0.5432256897019939,0.5439024390243903
44.0,0.85,0.15000000000000002,1.0,0.6167111184970355,0.21451932550727423,0.7087053601165973,0.656910569105691,0.5429575470323672,0.5439024390243903
39.0,1.0,0.0,0.9,0.6167112964101961,0.21451357093170997,0.7083083539163728,0.656910569105691,0.543278338901793,0.5439024390243903
36.0,0.9,0.09999999999999998,0.9,0.6167115660472328,0.21451526673604662,0.7085588142037628,0.656910569105691,0.5430432810392593,0.5439024390243903
43.0,0.85,0.15000000000000002,1.0,0.616712927773402,0.2145186308302547,0.708673386462888,0.656910569105691,0.542942212551471,0.5439024390243903
43.0,0.85,0.15000000000000002,0.95,0.6167132749621893,0.21452347465111227,0.7085614786749052,0.6552845528455284,0.5430064993012133,0.5439024390243903
42.0,0.85,0.15000000000000002,0.95,0.6167132935055193,0.21452215743207106,0.708596116799757,0.6560975609756098,0.5429911841876292,0.5439024390243903
42.0,0.9,0.09999999999999998,0.9,0.6167135317461225,0.21452402646227092,0.7084415774734951,0.6552845528455284,0.5431501387622336,0.5439024390243903
35.0,0.95,0.050000000000000044,0.95,0.6167139352746984,0.21450652722905952,0.7086867088186001,0.656910569105691,0.5430455291390951,0.5439024390243903
44.0,0.85,0.15000000000000002,0.95,0.6167141701240132,0.214525111304968,0.7085561497326203,0.6560975609756098,0.5430213507518779,0.5439024390243903
38.0,0.9,0.09999999999999998,1.0,0.6167142159548306,0.21450882008289002,0.7087746363663009,0.6577235772357723,0.542954460466468,0.5439024390243903
41.0,0.85,0.15000000000000002,0.95,0.6167143268579549,0.21452119837809516,0.7086467417514634,0.6560975609756098,0.5429753841077423,0.5439024390243903
34.0,1.0,0.0,0.9,0.6167144954158604,0.21450786050305568,0.7086121036266116,0.6577235772357723,0.5431681239727318,0.5439024390243903
34.0,0.95,0.050000000000000044,0.9,0.6167148456392295,0.21451079831274544,0.7085987812708995,0.656910569105691,0.5430854670632288,0.5439024390243903
35.0,0.95,0.050000000000000044,0.85,0.6167152041904584,0.214517580006403,0.7083882880506462,0.656910569105691,0.543170789242415,0.5439024390243903
36.0,0.95,0.050000000000000044,0.85,0.6167154263058161,0.21451896868766243,0.708398945935216,0.6560975609756098,0.543191354669761,0.5439024390243903
42.0,0.85,0.15000000000000002,1.0,0.6167158072848224,0.2145183115661157,0.7086520706937485,0.656910569105691,0.5429264029647956,0.5439024390243903
45.0,0.85,0.15000000000000002,0.95,0.6167158876414727,0.21452703257851335,0.7085081892520563,0.6560975609756098,0.5430357586098039,0.5439024390243903
44.0,1.0,0.0,0.95,0.6167159536532588,0.21451735540346809,0.7082577289646664,0.656910569105691,0.5433208756083898,0.5439024390243903
40.0,1.0,0.0,0.9,0.6167159654876719,0.21451670005526902,0.7083190118009428,0.656910569105691,0.5432983171004337,0.5439024390243903
42.0,0.95,0.050000000000000044,0.9,0.6167162180791661,0.2145221971581285,0.7084735511272047,0.6560975609756098,0.5432432658530084,0.5439024390243903
40.0,0.85,0.15000000000000002,0.95,0.6167164870198037,0.21452064061737108,0.7086147680977541,0.656910569105691,0.5429590764293741,0.5439024390243903
35.0,0.9,0.09999999999999998,0.9,0.6167165584424759,0.21451577385702916,0.7086360838668937,0.656910569105691,0.5430233123685717,0.5439024390243903
34.0,0.95,0.050000000000000044,0.85,0.616716878536731,0.21451691214889457,0.7084016104063585,0.6560975609756098,0.543149503868948,0.5439024390243903
36.0,0.9,0.09999999999999998,0.85,0.6167170653783263,0.21452251396176608,0.7084522353580649,0.6552845528455284,0.5431098046115239,0.5439024390243903
36.0,0.95,0.050000000000000044,1.0,0.6167172972522683,0.21450398975633225,0.7088172679045799,0.656910569105691,0.5430074860787037,0.5439024390243903
37.0,0.95,0.050000000000000044,0.85,0.6167173338305529,0.21452099324328444,0.7083882880506464,0.656910569105691,0.5432112347621842,0.5439024390243903
37.0,0.9,0.09999999999999998,0.85,0.6167175824997672,0.21452399901437014,0.7084362485312103,0.6552845528455284,0.5431284091945269,0.5439024390243903
36.0,0.9,0.09999999999999998,0.95,0.6167176458017944,0.21451232940540785,0.7087320048280217,0.6577235772357723,0.5429780008202073,0.5439024390243903
43.0,0.9,0.09999999999999998,0.9,0.6167178101143259,0.21452691489546785,0.7083429920412246,0.6560975609756098,0.5431660443395561,0.5439024390243903
35.0,0.9,0.09999999999999998,0.85,0.616718102025073,0.2145216117192271,0.70844690641578,0.6560975609756098,0.543090551834451,0.5439024390243903
40.0,0.85,0.15000000000000002,0.9,0.6167182882943797,0.21452620965697644,0.7085534852614778,0.6552845528455284,0.5430260444492683,0.5439024390243903
39.0,0.85,0.15000000000000002,0.9,0.6167185154195951,0.21452498391665037,0.7085534852614779,0.6552845528455284,0.5430097642189986,0.5439024390243903
41.0,0.85,0.15000000000000002,0.9,0.6167191285875043,0.21452781852432948,0.7085135181943412,0.6560975609756098,0.5430418067790893,0.5439024390243903
38.0,0.9,0.09999999999999998,0.85,0.616719480782906,0.21452599778318215,0.7084469064157801,0.6552845528455284,0.543146396672395,0.5439024390243903
41.0,0.85,0.15000000000000002,1.0,0.6167198686591183,0.21451841028104232,0.7086520706937485,0.656910569105691,0.5429100965723394,0.5439024390243903
39.0,0.85,0.15000000000000002,0.95,0.61671989818026,0.2145205322263774,0.7086174325688966,0.656910569105691,0.5429422370884897,0.5439024390243903
38.0,0.85,0.15000000000000002,0.9,0.6167199349025294,0.21452419018263702,0.7085641431460477,0.6552845528455284,0.5429929410068527,0.5439024390243903
34.0,1.0,0.0,0.95,0.6167201127858062,0.21450460455744796,0.7087533205971612,0.656910569105691,0.5431091899102092,0.5439024390243903
35.0,1.0,0.0,0.85,0.6167201506458191,0.21451664911056187,0.7083536499257945,0.6585365853658537,0.5432509024822314,0.5439024390243903
34.0,1.0,0.0,0.85,0.6167205137014942,0.21451548098556084,0.7084229261754981,0.6577235772357723,0.5432282403994078,0.5439024390243903
33.0,0.95,0.050000000000000044,0.85,0.6167206861102285,0.21451706093609482,0.7084389130023527,0.656910569105691,0.543127461705958,0.5439024390243903
38.0,0.95,0.050000000000000044,0.85,0.6167207384058121,0.21452357825807336,0.7083749656949341,0.6552845528455284,0.5432304620292473,0.5439024390243903
34.0,0.9,0.09999999999999998,0.85,0.6167208859826154,0.21452137019757056,0.7084655577137772,0.656910569105691,0.5430706177446466,0.5439024390243903
42.0,0.85,0.15000000000000002,0.9,0.6167209240706283,0.214529766852913,0.708500195838629,0.6560975609756098,0.5430570747786305,0.5439024390243903
36.0,1.0,0.0,0.85,0.6167218394599109,0.21451860092411199,0.7082897026183758,0.656910569105691,0.5432728060778589,0.5439024390243903
41.0,1.0,0.0,0.9,0.616721977465047,0.21452032307638402,0.7082124329552449,0.656910569105691,0.5433176786492206,0.5439024390243903
35.0,1.0,0.0,1.0,0.6167220208301794,0.21450145801515066,0.7088625639140015,0.656910569105691,0.5430765635465112,0.5439024390243903
33.0,1.0,0.0,0.9,0.6167220383176002,0.21450934096842567,0.708673386462888,0.6560975609756098,0.5431437730301889,0.5439024390243903
43.0,0.95,0.050000000000000044,0.9,0.6167223657462305,0.21452581535503062,0.7084175972332132,0.6552845528455284,0.5432603088001949,0.5439024390243903
39.0,0.9,0.09999999999999998,0.85,0.6167226061106336,0.21452844891246162,0.7084096038197858,0.6560975609756098,0.5431637962327721,0.5439024390243903
37.0,0.85,0.15000000000000002,0.9,0.6167226859789335,0.21452388323360183,0.7085748010306174,0.6560975609756098,0.5429755481055071,0.5439024390243903
44.0,0.9,0.09999999999999998,0.9,0.6167229107258302,0.21453009230439096,0.7083536499257945,0.6560975609756098,0.5431814692892684,0.5439024390243903
33.0,1.0,0.0,0.85,0.6167231856740059,0.21451520052841005,0.7084628932426348,0.6585365853658537,0.5432047814711982,0.5439024390243903
33.0,0.95,0.050000000000000044,0.9,0.616723356077888,0.21451263860999795,0.7085987812708995,0.656910569105691,0.5430626024887942,0.5439024390243903
37.0,0.9,0.09999999999999998,1.0,0.6167234906881153,0.2145107788880795,0.7087559850683037,0.6585365853658537,0.5429345308435163,0.5439024390243903
45.0,1.0,0.0,0.95,0.6167235681085743,0.21452157271385508,0.7082497355512392,0.656910569105691,0.5433386850711903,0.5439024390243903
34.0,0.9,0.09999999999999998,0.9,0.616723569156139,0.21451704133344573,0.7086787154051728,0.6585365853658537,0.543002643045294,0.5439024390243903
43.0,0.85,0.15000000000000002,0.9,0.616723573834661,0.21453201559251758,0.7085028603097714,0.6560975609756098,0.5430718706145249,0.5439024390243903
34.0,0.95,0.050000000000000044,0.95,0.6167246954369912,0.21450911679349338,0.7087613140105886,0.656910569105691,0.543022679654087,0.5439024390243903
38.0,0.85,0.15000000000000002,0.95,0.6167246981832513,0.21452092685861748,0.7086121036266118,0.6577235772357723,0.5429248404786563,0.5439024390243903
40.0,0.85,0.15000000000000002,1.0,0.6167252352259782,0.21451897424367758,0.708716018001167,0.6577235772357723,0.542893270321554,0.5439024390243903
37.0,1.0,0.0,0.85,0.61672535082852,0.21452124414271348,0.7082897026183759,0.656910569105691,0.5432939872420721,0.5439024390243903
39.0,0.95,0.050000000000000044,0.85,0.6167254717390211,0.21452665669600546,0.7083429920412246,0.6560975609756098,0.5432490670108935,0.5439024390243903
33.0,0.9,0.09999999999999998,0.85,0.6167256345470217,0.21452187737572323,0.7085295050211958,0.656910569105691,0.5430499670664843,0.5439024390243903
37.0,0.85,0.15000000000000002,0.85,0.6167259816605776,0.2145301988455985,0.7084895379540591,0.6552845528455284,0.5430455153726028,0.5439024390243903
38.0,0.85,0.15000000000000002,0.85,0.6167265797524589,0.214531687186505,0.7085028603097714,0.6552845528455284,0.5430622886398282,0.5439024390243903
36.0,0.85,0.15000000000000002,0.85,0.6167266534543311,0.21452917958596854,0.7085428273769081,0.6552845528455284,0.5430281606977715,0.5439024390243903
40.0,0.9,0.09999999999999998,0.85,0.6167268207244658,0.21453129785167385,0.7083349986277974,0.6560975609756098,0.5431806352880704,0.5439024390243903
35.0,0.9,0.09999999999999998,0.95,0.6167268728058184,0.21451434195484648,0.7087506561260188,0.6577235772357723,0.5429573515724361,0.5439024390243903
32.0,0.95,0.050000000000000044,0.85,0.6167268928716415,0.21451813461368985,0.708500195838629,0.656910569105691,0.543104623554314,0.5439024390243903
36.0,0.85,0.15000000000000002,0.9,0.6167269239907897,0.21452412453633568,0.7085508207903355,0.656910569105691,0.542957557060925,0.5439024390243903
44.0,0.85,0.15000000000000002,0.9,0.6167269870653247,0.21453452978611517,0.7084522353580649,0.6560975609756098,0.5430862151503794,0.5439024390243903
39.0,0.85,0.15000000000000002,0.85,0.6167283071556473,0.21453358868121813,0.7084495708869225,0.6560975609756098,0.5430785082973525,0.5439024390243903
32.0,1.0,0.0,0.85,0.6167284550544088,0.21451592506577205,0.7085721365594749,0.6585365853658537,0.5431804849110291,0.5439024390243903
45.0,0.9,0.09999999999999998,0.9,0.6167287437590133,0.21453352419112978,0.708303024974088,0.6560975609756098,0.5431964343165452,0.5439024390243903
35.0,0.85,0.15000000000000002,0.85,0.6167287526742276,0.21452869245180745,0.7085508207903355,0.6552845528455284,0.5430101949887735,0.5439024390243903
42.0,1.0,0.0,0.9,0.6167291857074533,0.2145243826651156,0.7082177618975298,0.656910569105691,0.5433364506678504,0.5439024390243903
44.0,0.95,0.050000000000000044,0.9,0.6167293962625242,0.2145297470550095,0.7083056894452304,0.6552845528455284,0.5432768415880175,0.5439024390243903
35.0,0.95,0.050000000000000044,1.0,0.6167302423108862,0.21450730740333937,0.7088412481448619,0.6577235772357723,0.5429846867846486,0.5439024390243903
38.0,1.0,0.0,0.85,0.6167304799429119,0.21452449675432758,0.7082524000223815,0.656910569105691,0.5433144798617884,0.5439024390243903
33.0,0.95,0.050000000000000044,0.8,0.6167306981201032,0.214526233822464,0.7083723012237916,0.656910569105691,0.5431936433744448,0.5439024390243903
34.0,0.9,0.09999999999999998,0.8,0.6167308346699001,0.2145304139526438,0.7083802946372191,0.6552845528455284,0.5431399410801323,0.5439024390243903
40.0,0.85,0.15000000000000002,0.85,0.6167310382888266,0.21453585365248792,0.7084175972332132,0.6560975609756098,0.5430942004364885,0.5439024390243903
37.0,0.85,0.15000000000000002,0.95,0.6167310401932938,0.2145218844645587,0.7086653930494606,0.6577235772357723,0.5429068593333229,0.5439024390243903
45.0,0.85,0.15000000000000002,0.9,0.616731081963824,0.21453727811241652,0.7084069393486434,0.656910569105691,0.5431001280400746,0.5439024390243903
34.0,0.95,0.050000000000000044,0.8,0.61673125325316,0.21452765795493853,0.7083829591083614,0.656910569105691,0.5432148215547916,0.5439024390243903
33.0,0.9,0.09999999999999998,0.8,0.6167313827515079,0.21452941478669446,0.7084149327620708,0.6552845528455284,0.5431200859534541,0.5439024390243903
40.0,0.95,0.050000000000000044,0.85,0.6167313833123451,0.21453016889989554,0.7083163473298002,0.6552845528455284,0.5432670784071628,0.5439024390243903
35.0,0.9,0.09999999999999998,0.8,0.6167319706723323,0.21453205783034593,0.7083802946372189,0.6560975609756098,0.5431591014573077,0.5439024390243903
41.0,0.9,0.09999999999999998,0.85,0.6167320013642308,0.2145344960466158,0.7083056894452305,0.6552845528455284,0.5431969395968463,0.5439024390243903
39.0,0.85,0.15000000000000002,1.0,0.6167320433764195,0.21452005600290336,0.708769307424016,0.6577235772357723,0.5428758997017796,0.5439024390243903
32.0,0.95,0.050000000000000044,0.8,0.616732215601467,0.214525612883314,0.7083723012237916,0.656910569105691,0.543171693258751,0.5439024390243903
34.0,0.85,0.15000000000000002,0.85,0.6167324560964886,0.2145288086076668,0.7085268405500535,0.6560975609756098,0.5429915866658899,0.5439024390243903
32.0,1.0,0.0,0.9,0.6167325434358087,0.21451196186061636,0.7087506561260188,0.6560975609756098,0.5431185611256649,0.5439024390243903
32.0,0.9,0.09999999999999998,0.85,0.6167325920216615,0.21452323275607882,0.708596116799757,0.6577235772357723,0.5430285622466607,0.5439024390243903
35.0,0.85,0.15000000000000002,0.9,0.6167328224574945,0.21452498315512347,0.7085881233863297,0.6577235772357723,0.5429389375467347,0.5439024390243903
33.0,0.9,0.09999999999999998,0.9,0.6167328359350702,0.21451916491981265,0.7087293403568794,0.6585365853658537,0.5429812369774268,0.5439024390243903
33.0,1.0,0.0,0.95,0.616732868511544,0.21450796440132183,0.7088572349717166,0.656910569105691,0.5430839879793058,0.5439024390243903
35.0,0.95,0.050000000000000044,0.8,0.6167336388009403,0.21452978616413498,0.7083136828586578,0.6552845528455284,0.5432352660286975,0.5439024390243903
32.0,0.9,0.09999999999999998,0.8,0.616733837365812,0.2145291514267512,0.7084175972332132,0.6560975609756098,0.543099499476786,0.5439024390243903
36.0,0.9,0.09999999999999998,0.8,0.616734593597857,0.21453426614519197,0.7083643078103643,0.6552845528455284,0.5431776014654891,0.5439024390243903
32.0,0.95,0.050000000000000044,0.9,0.6167346044548228,0.2145155292698236,0.7086573996360332,0.656910569105691,0.5430389197313081,0.5439024390243903
41.0,0.85,0.15000000000000002,0.85,0.6167346608437021,0.21453843792315228,0.7084149327620707,0.6560975609756098,0.5431093895594018,0.5439024390243903
36.0,0.9,0.09999999999999998,1.0,0.6167348773427744,0.2145135174741677,0.7088572349717166,0.6585365853658537,0.5429139345497512,0.5439024390243903
31.0,0.95,0.050000000000000044,0.85,0.6167357980038856,0.21452025566161698,0.7085454918480505,0.656910569105691,0.5430809477507931,0.5439024390243903
31.0,0.95,0.050000000000000044,0.8,0.6167360790871526,0.21452590765102572,0.7083696367526491,0.6577235772357723,0.543148930574965,0.5439024390243903
44.0,0.8,0.19999999999999996,0.95,0.6167363762289384,0.21453647840801407,0.7086067746843268,0.6585365853658537,0.542921768366036,0.5439024390243903
31.0,1.0,0.0,0.85,0.6167366460637992,0.21451778719276704,0.7086121036266118,0.6577235772357723,0.5431553073940255,0.5439024390243903
45.0,0.8,0.19999999999999996,0.95,0.6167366471456478,0.2145378282916451,0.7085801299729023,0.6585365853658537,0.5429351020759475,0.5439024390243903
33.0,1.0,0.0,0.8,0.6167367655835574,0.21452574179828682,0.7083163473298002,0.6577235772357723,0.5432670449856566,0.5439024390243903
43.0,0.8,0.19999999999999996,0.95,0.6167368679063923,0.21453538962775764,0.7086440772803211,0.6585365853658537,0.5429080200308032,0.5439024390243903
34.0,1.0,0.0,1.0,0.6167369527816703,0.2145055331759113,0.7089478269905598,0.656910569105691,0.5430514089131854,0.5439024390243903
39.0,1.0,0.0,0.85,0.6167370436904843,0.21452828578633978,0.7082497355512392,0.6560975609756098,0.5433343157903161,0.5439024390243903
32.0,1.0,0.0,0.8,0.6167371748582068,0.2145247011845126,0.7083456565123671,0.6585365853658537,0.5432437086236168,0.5439024390243903
45.0,0.95,0.050000000000000044,0.9,0.6167372113686872,0.21453395441295994,0.7083056894452304,0.6552845528455284,0.5432928859526696,0.5439024390243903
34.0,0.85,0.15000000000000002,0.8,0.6167372764083922,0.21453588342455054,0.7084868734829168,0.6552845528455284,0.5430649315856202,0.5439024390243903
35.0,0.85,0.15000000000000002,0.8,0.61673733730218,0.2145371063074916,0.7084575643003499,0.6552845528455284,0.543082830846525,0.5439024390243903
43.0,1.0,0.0,0.9,0.6167374582410579,0.21452882744105506,0.7082390776666694,0.6560975609756098,0.5433546587106303,0.5439024390243903
36.0,0.95,0.050000000000000044,0.8,0.616737639894947,0.21453253099919536,0.708308353916373,0.6552845528455284,0.5432550127269632,0.5439024390243903
41.0,0.8,0.19999999999999996,0.9,0.6167377402985464,0.21453789978496599,0.7086147680977541,0.6577235772357723,0.5429499235246948,0.5439024390243903
33.0,0.85,0.15000000000000002,0.85,0.6167379623508554,0.21452960850427003,0.7085374984346233,0.6560975609756098,0.5429723020726986,0.5439024390243903
42.0,0.9,0.09999999999999998,0.85,0.6167380376400353,0.21453800023631828,0.7082630579069513,0.6552845528455284,0.5432127333790973,0.5439024390243903
40.0,0.8,0.19999999999999996,0.9,0.6167381617472061,0.21453679141627266,0.7086414128091786,0.6577235772357723,0.5429353050597807,0.5439024390243903
42.0,0.8,0.19999999999999996,0.9,0.6167381991478281,0.21453931799060497,0.7085614786749052,0.6577235772357723,0.5429640790685816,0.5439024390243903
42.0,0.8,0.19999999999999996,0.95,0.6167382050738542,0.21453459344404494,0.708692037760885,0.6585365853658537,0.5428938380873335,0.5439024390243903
33.0,0.95,0.050000000000000044,0.95,0.6167382290151906,0.21451275887083046,0.7088199323757225,0.656910569105691,0.5429990324103209,0.5439024390243903
41.0,0.95,0.050000000000000044,0.85,0.616738338378879,0.21453406172274786,0.7082364131955269,0.6552845528455284,0.5432845232031823,0.5439024390243903
34.0,0.9,0.09999999999999998,0.95,0.6167383988670814,0.21451721749017932,0.7088039455488677,0.6585365853658537,0.5429359838295132,0.5439024390243903
31.0,0.9,0.09999999999999998,0.8,0.6167384498624182,0.2145297274113502,0.7084096038197858,0.656910569105691,0.5430781427258836,0.5439024390243903
37.0,0.9,0.09999999999999998,0.8,0.6167385284627854,0.21453696805265268,0.7082897026183759,0.6552845528455284,0.5431954733825849,0.5439024390243903
34.0,1.0,0.0,0.8,0.6167386020666734,0.21452765605186566,0.7083056894452305,0.6560975609756098,0.5432895690012015,0.5439024390243903
33.0,0.85,0.15000000000000002,0.8,0.6167387593386237,0.21453524855603273,0.7084815445406318,0.6552845528455284,0.5430463766290957,0.5439024390243903
36.0,0.85,0.15000000000000002,0.8,0.6167387618312411,0.21453884381657087,0.708428255117783,0.6560975609756098,0.5431001071953411,0.5439024390243903
42.0,0.85,0.15000000000000002,0.85,0.6167390742820609,0.21454130216508616,0.708332334156655,0.656910569105691,0.5431240986906066,0.5439024390243903
36.0,0.85,0.15000000000000002,0.95,0.6167390945928721,0.2145234721180329,0.7086787154051728,0.6577235772357723,0.5428882646016737,0.5439024390243903
45.0,0.8,0.19999999999999996,1.0,0.6167393448330459,0.2145342712790118,0.7087506561260188,0.6585365853658537,0.5428673444552613,0.5439024390243903
43.0,0.8,0.19999999999999996,0.9,0.6167394467605177,0.21454101069522483,0.7085028603097714,0.6577235772357723,0.5429777926776684,0.5439024390243903
39.0,0.8,0.19999999999999996,0.9,0.6167395653221539,0.21453603242651884,0.7086307549246088,0.656910569105691,0.5429202013446247,0.5439024390243903
31.0,1.0,0.0,0.8,0.616740126181957,0.2145246560331157,0.708428255117783,0.6585365853658537,0.5432195176323092,0.5439024390243903
38.0,0.85,0.15000000000000002,1.0,0.6167404441012174,0.2145217140467644,0.7088172679045799,0.6577235772357723,0.5428579586309279,0.5439024390243903
41.0,0.8,0.19999999999999996,0.95,0.6167404794839366,0.21453412490885637,0.7087559850683036,0.656910569105691,0.542879202372989,0.5439024390243903
34.0,0.85,0.15000000000000002,0.9,0.6167405754523028,0.214526536803049,0.7086254259823239,0.6577235772357723,0.5429196572360732,0.5439024390243903
37.0,0.85,0.15000000000000002,0.8,0.616741390214416,0.21454103126157464,0.7083723012237917,0.6552845528455284,0.5431167913929797,0.5439024390243903
44.0,0.8,0.19999999999999996,0.9,0.6167414007742257,0.2145429462847888,0.7084655577137773,0.6577235772357723,0.5429910840919987,0.5439024390243903
44.0,0.8,0.19999999999999996,1.0,0.6167415558219457,0.21453377880486973,0.7087906231931556,0.6585365853658537,0.5428535870470071,0.5439024390243903
38.0,0.8,0.19999999999999996,0.85,0.6167419117452954,0.2145405801593274,0.7085534852614779,0.656910569105691,0.5429781426541438,0.5439024390243903
32.0,0.85,0.15000000000000002,0.8,0.6167419895850486,0.21453528508516304,0.7084868734829167,0.6552845528455284,0.5430271310566002,0.5439024390243903
31.0,0.9,0.09999999999999998,0.85,0.6167420334875229,0.2145255490628474,0.708692037760885,0.6577235772357723,0.5430063633477543,0.5439024390243903
38.0,0.8,0.19999999999999996,0.9,0.6167420644223175,0.21453566711201416,0.7086760509340304,0.656910569105691,0.5429045886032416,0.5439024390243903
37.0,0.8,0.19999999999999996,0.85,0.6167424194800729,0.2145395317379563,0.7085827944440447,0.6560975609756098,0.5429625580184393,0.5439024390243903
35.0,1.0,0.0,0.8,0.6167424215556828,0.214530336493385,0.7082177618975298,0.6560975609756098,0.5433113204744915,0.5439024390243903
39.0,0.8,0.19999999999999996,0.85,0.6167424394116304,0.21454200431710863,0.7085001958386289,0.6577235772357723,0.5429932079056099,0.5439024390243903
30.0,0.95,0.050000000000000044,0.8,0.6167425976477454,0.21452724606365467,0.7084016104063584,0.656910569105691,0.5431253122062438,0.5439024390243903
37.0,0.95,0.050000000000000044,0.8,0.6167430656699449,0.2145358151919107,0.7082683868492361,0.6552845528455284,0.5432740954024753,0.5439024390243903
38.0,0.9,0.09999999999999998,0.8,0.6167436197743608,0.21454010094600184,0.7082950315606606,0.6552845528455284,0.5432127475074894,0.5439024390243903
40.0,0.8,0.19999999999999996,0.95,0.6167437927905292,0.21453402307608227,0.7087533205971612,0.6577235772357723,0.5428640914533057,0.5439024390243903
40.0,0.8,0.19999999999999996,0.85,0.616743888504259,0.21454375917819893,0.708428255117783,0.6577235772357723,0.5430077785110591,0.5439024390243903
45.0,0.8,0.19999999999999996,0.9,0.616743987011283,0.2145450964493853,0.7084175972332132,0.6577235772357723,0.5430039718952643,0.5439024390243903
36.0,0.8,0.19999999999999996,0.85,0.616744090269179,0.21453890980031567,0.7085801299729023,0.6560975609756098,0.5429464276262492,0.5439024390243903
43.0,0.85,0.15000000000000002,0.85,0.6167441885195167,0.21454441133277652,0.7082870381472335,0.6560975609756098,0.5431383494818038,0.5439024390243903
32.0,0.9,0.09999999999999998,0.9,0.616744625234629,0.21452225258814547,0.7087479916548763,0.6577235772357723,0.5429590557407779,0.5439024390243903
43.0,0.8,0.19999999999999996,1.0,0.6167446653063886,0.2145335957173471,0.7088146034334375,0.6577235772357723,0.5428394048304227,0.5439024390243903
43.0,0.9,0.09999999999999998,0.85,0.6167448306043799,0.21454177184043574,0.7081857882438204,0.656910569105691,0.5432280394247163,0.5439024390243903
40.0,1.0,0.0,0.85,0.6167448781994663,0.2145325462369052,0.7082470710800967,0.6552845528455284,0.5433535249803976,0.5439024390243903
38.0,0.85,0.15000000000000002,0.8,0.6167450805815666,0.21454361153943446,0.7082897026183759,0.6552845528455284,0.543132912297654,0.5439024390243903
32.0,0.85,0.15000000000000002,0.85,0.6167454949493841,0.2145311832368413,0.7085508207903355,0.656910569105691,0.5429523053585529,0.5439024390243903
30.0,0.9,0.09999999999999998,0.8,0.6167455047040824,0.2145312606292146,0.7084895379540591,0.656910569105691,0.5430559743730597,0.5439024390243903
37.0,0.8,0.19999999999999996,0.9,0.6167457854736701,0.21453574515560214,0.708702695645455,0.6577235772357723,0.542888441502385,0.5439024390243903
30.0,1.0,0.0,0.8,0.6167459541561195,0.21452574468691693,0.7084975313674865,0.6577235772357723,0.5431944271699466,0.5439024390243903
34.0,0.95,0.050000000000000044,1.0,0.6167459919422204,0.2145116787949479,0.7089424980482749,0.6585365853658537,0.5429611107276685,0.5439024390243903
41.0,0.8,0.19999999999999996,0.85,0.6167461571437223,0.21454580473119672,0.7084016104063584,0.6577235772357723,0.5430218776878698,0.5439024390243903
42.0,0.95,0.050000000000000044,0.85,0.6167462162064177,0.21453828777157824,0.7082337487243845,0.6552845528455284,0.543301426787959,0.5439024390243903
31.0,1.0,0.0,0.9,0.6167463632339578,0.21451586659615296,0.708835919202577,0.6560975609756098,0.5430924439852965,0.5439024390243903
44.0,1.0,0.0,0.9,0.6167466762020366,0.2145336113178151,0.7081937816572477,0.6552845528455284,0.5433723268764273,0.5439024390243903
35.0,0.8,0.19999999999999996,0.85,0.6167470672632358,0.2145387716091665,0.7085827944440448,0.6560975609756098,0.5429297233535717,0.5439024390243903
31.0,0.85,0.15000000000000002,0.8,0.6167471973133478,0.2145360879088779,0.7084895379540592,0.6552845528455284,0.5430071577094997,0.5439024390243903
30.0,0.95,0.050000000000000044,0.85,0.6167477385865299,0.21452356290946864,0.7085934523286146,0.656910569105691,0.5430563900864408,0.5439024390243903
36.0,1.0,0.0,0.8,0.6167479907311735,0.21453368820343674,0.7082364131955269,0.6560975609756098,0.543332336838565,0.5439024390243903
30.0,1.0,0.0,0.85,0.6167481236192583,0.2145209370151897,0.7086600641071756,0.6560975609756098,0.5431292029752479,0.5439024390243903
39.0,0.8,0.19999999999999996,0.95,0.6167482577326223,0.21453433150732312,0.7087746363663008,0.6577235772357723,0.5428484825226679,0.5439024390243903
35.0,0.9,0.09999999999999998,1.0,0.6167486017076167,0.21451712483742627,0.7088838796831411,0.656910569105691,0.5428926385320663,0.5439024390243903
42.0,0.8,0.19999999999999996,1.0,0.6167487651097759,0.21453375675036424,0.7088678928562864,0.656910569105691,0.5428247784622269,0.5439024390243903
32.0,0.9,0.09999999999999998,0.75,0.6167489156421306,0.21454024871364177,0.7083349986277974,0.6552845528455284,0.5431719050024736,0.5439024390243903
31.0,0.95,0.050000000000000044,0.9,0.6167489160382279,0.21451960278784532,0.7087479916548763,0.656910569105691,0.5430143761861392,0.5439024390243903
32.0,1.0,0.0,0.95,0.6167489632853405,0.21451260372554717,0.7089105243945655,0.656910569105691,0.5430579035723804,0.5439024390243903
35.0,0.85,0.15000000000000002,0.95,0.6167490511487186,0.21452576496730683,0.7087293403568794,0.6585365853658537,0.5428690253194765,0.5439024390243903
31.0,0.9,0.09999999999999998,0.75,0.6167490625143819,0.2145392109828922,0.7083376630989398,0.6552845528455284,0.5431514362871699,0.5439024390243903
42.0,0.8,0.19999999999999996,0.85,0.616749154164807,0.214548105386281,0.7083829591083614,0.6577235772357723,0.5430355272399725,0.5439024390243903
35.0,0.8,0.19999999999999996,0.8,0.6167496609766,0.21454488741333644,0.7084895379540592,0.656910569105691,0.54300645821319,0.5439024390243903
39.0,0.85,0.15000000000000002,0.8,0.6167497068146779,0.21454653417972058,0.7082657223780938,0.6560975609756098,0.5431484969856855,0.5439024390243903
39.0,0.9,0.09999999999999998,0.8,0.6167497292037871,0.21454360943026768,0.7082150974263873,0.6552845528455284,0.5432294522847909,0.5439024390243903
38.0,0.95,0.050000000000000044,0.8,0.6167497463848303,0.2145395703821611,0.7082124329552448,0.6552845528455284,0.5432925457571097,0.5439024390243903
44.0,0.85,0.15000000000000002,0.85,0.6167499227703158,0.2145477341693935,0.7083003605029456,0.656910569105691,0.5431521623097657,0.5439024390243903
36.0,0.8,0.19999999999999996,0.8,0.616750057035479,0.21454621535453675,0.7084602287714923,0.656910569105691,0.5430225339763135,0.5439024390243903
31.0,0.95,0.050000000000000044,0.75,0.6167503108523158,0.21453679850498708,0.7083536499257945,0.6552845528455284,0.5432183627851893,0.5439024390243903
33.0,0.85,0.15000000000000002,0.9,0.6167504003367565,0.21452887306092203,0.7086920377608851,0.6577235772357723,0.5428996816744369,0.5439024390243903
34.0,0.8,0.19999999999999996,0.8,0.6167505104409303,0.21454402659933794,0.7085081892520563,0.6560975609756098,0.5429897970223172,0.5439024390243903
37.0,0.85,0.15000000000000002,1.0,0.6167506047354353,0.21452401355568354,0.7088279257891498,0.6585365853658537,0.5428394193347067,0.5439024390243903
33.0,0.9,0.09999999999999998,0.75,0.6167506131938997,0.2145420081968308,0.7083056894452304,0.6552845528455284,0.5431916292386763,0.5439024390243903
36.0,0.8,0.19999999999999996,0.9,0.6167508695945497,0.2145363223548109,0.7087240114145944,0.656910569105691,0.5428717330350409,0.5439024390243903
32.0,0.95,0.050000000000000044,0.75,0.6167511004031173,0.21453819384992112,0.7083536499257945,0.6544715447154471,0.5432401647936381,0.5439024390243903
30.0,0.9,0.09999999999999998,0.75,0.6167513127871195,0.21453900290150069,0.7083616433392219,0.6552845528455284,0.5431301829392321,0.5439024390243903
34.0,0.8,0.19999999999999996,0.85,0.6167515112060474,0.21453918187224094,0.7086520706937484,0.6552845528455284,0.5429124152044426,0.5439024390243903
37.0,0.8,0.19999999999999996,0.8,0.6167515533683701,0.21454795162036214,0.7083962814640736,0.6577235772357723,0.5430380535149706,0.5439024390243903
30.0,0.95,0.050000000000000044,0.75,0.616751810019893,0.214536308624132,0.7083936169929312,0.6560975609756098,0.5431957334693676,0.5439024390243903
29.0,0.95,0.050000000000000044,0.8,0.6167521212798537,0.2145297738670315,0.7084655577137772,0.656910569105691,0.5431007925122817,0.5439024390243903
44.0,0.9,0.09999999999999998,0.85,0.6167522914972464,0.21454577642427458,0.7082071040129599,0.656910569105691,0.5432428791947932,0.5439024390243903
33.0,0.9,0.09999999999999998,0.95,0.6167524824519452,0.2145210595952188,0.7088572349717167,0.6577235772357723,0.5429138607535379,0.5439024390243903
32.0,0.85,0.15000000000000002,0.75,0.6167526073102613,0.21454464741470902,0.708380294637219,0.6544715447154471,0.5431034904327894,0.5439024390243903
33.0,0.8,0.19999999999999996,0.8,0.6167527693730037,0.21454369970236098,0.7084895379540592,0.6560975609756098,0.5429725192624183,0.5439024390243903
43.0,0.8,0.19999999999999996,0.85,0.6167527979087833,0.21455062945388417,0.7083776301660765,0.6577235772357723,0.5430487476587803,0.5439024390243903
33.0,0.85,0.15000000000000002,0.75,0.6167533529504867,0.21454603565204552,0.7083136828586578,0.6544715447154471,0.5431219426151052,0.5439024390243903
31.0,0.85,0.15000000000000002,0.75,0.6167535500162502,0.21454391727414968,0.7084335840600677,0.6544715447154471,0.5430843348560557,0.5439024390243903
41.0,1.0,0.0,0.85,0.6167538366886393,0.2145372201455886,0.7082177618975298,0.6552845528455284,0.5433721356125004,0.5439024390243903
33.0,0.95,0.050000000000000044,0.75,0.6167538972933156,0.21454037755737643,0.7082817092049485,0.6544715447154471,0.5432611814154245,0.5439024390243903
34.0,0.9,0.09999999999999998,0.75,0.6167539272231791,0.2145443950094716,0.7082710513203787,0.6552845528455284,0.5432106468114701,0.5439024390243903
41.0,0.8,0.19999999999999996,1.0,0.6167539565888853,0.21453430045165087,0.708889208625426,0.656910569105691,0.5428096873979295,0.5439024390243903
38.0,0.8,0.19999999999999996,0.95,0.6167539994787321,0.21453509885056152,0.7087852942508706,0.6560975609756098,0.5428323512977461,0.5439024390243903
38.0,0.8,0.19999999999999996,0.8,0.616754021111295,0.21455004436483763,0.7083962814640736,0.656910569105691,0.5430530442103502,0.5439024390243903
30.0,0.9,0.09999999999999998,0.85,0.6167542691876977,0.21452895423077983,0.7087453271837338,0.6577235772357723,0.5429833279670732,0.5439024390243903
30.0,0.85,0.15000000000000002,0.8,0.6167546432988048,0.2145377652225237,0.7085161826654836,0.656910569105691,0.5429864171121354,0.5439024390243903
32.0,0.95,0.050000000000000044,0.95,0.6167548504007446,0.21451758013540828,0.7088705573274289,0.6585365853658537,0.5429745465164524,0.5439024390243903
43.0,0.95,0.050000000000000044,0.85,0.6167549085349348,0.21454280474760123,0.708159143532396,0.6552845528455284,0.5433178130661718,0.5439024390243903
29.0,1.0,0.0,0.8,0.616755037254234,0.21452812453152634,0.7085081892520562,0.6585365853658537,0.5431683897982306,0.5439024390243903
37.0,1.0,0.0,0.8,0.6167551021582072,0.2145376272177612,0.7082284197820996,0.6552845528455284,0.5433526532779165,0.5439024390243903
40.0,0.85,0.15000000000000002,0.8,0.6167551566756989,0.2145497545222061,0.7082097684841024,0.656910569105691,0.5431635708699509,0.5439024390243903
33.0,1.0,0.0,1.0,0.616755244059867,0.21451088282609773,0.7089771361731267,0.656910569105691,0.5430253952074986,0.5439024390243903
31.0,0.85,0.15000000000000002,0.85,0.6167553058024858,0.2145336361328785,0.7085827944440447,0.656910569105691,0.5429315583744395,0.5439024390243903
29.0,0.9,0.09999999999999998,0.8,0.616755324396215,0.2145338855631863,0.70856680761719,0.6577235772357723,0.5430329506463005,0.5439024390243903
34.0,0.85,0.15000000000000002,0.75,0.6167555782139654,0.21454799545286443,0.7082710513203787,0.6560975609756098,0.5431397274806713,0.5439024390243903
29.0,0.95,0.050000000000000044,0.75,0.6167559177436085,0.21453685807042824,0.7083696367526491,0.6560975609756098,0.5431722324666414,0.5439024390243903
29.0,0.9,0.09999999999999998,0.75,0.6167559611951499,0.21453974798652023,0.7084122682909282,0.6552845528455284,0.5431081024257937,0.5439024390243903
45.0,0.85,0.15000000000000002,0.85,0.6167562045314761,0.21455124277514132,0.7082737157915211,0.656910569105691,0.5431655563672632,0.5439024390243903
30.0,0.85,0.15000000000000002,0.75,0.6167564184839988,0.21454394425147055,0.7083723012237916,0.6544715447154471,0.5430644375555479,0.5439024390243903
32.0,0.8,0.19999999999999996,0.8,0.6167566230971236,0.2145439827046268,0.7085827944440448,0.6552845528455284,0.5429545917435702,0.5439024390243903
45.0,1.0,0.0,0.9,0.6167567324640619,0.21453869292667335,0.7082390776666694,0.6552845528455284,0.5433894779108002,0.5439024390243903
40.0,0.9,0.09999999999999998,0.8,0.6167567335649922,0.21454744443675972,0.7081671369458233,0.656910569105691,0.5432456144271791,0.5439024390243903
44.0,0.8,0.19999999999999996,0.85,0.6167570151649321,0.2145533486907573,0.7083509854546519,0.656910569105691,0.5430615582173943,0.5439024390243903
31.0,1.0,0.0,0.75,0.6167573309463685,0.21453670359508878,0.7082284197820995,0.6560975609756098,0.5432851112497314,0.5439024390243903
39.0,0.8,0.19999999999999996,0.8,0.616757345791323,0.2145524478145183,0.7083243407432276,0.656910569105691,0.5430675317381083,0.5439024390243903
35.0,0.8,0.19999999999999996,0.9,0.6167574745045333,0.21453746146269262,0.7087506561260188,0.656910569105691,0.542854434399201,0.5439024390243903
39.0,0.95,0.050000000000000044,0.8,0.616757530924478,0.21454373601933346,0.7081911171861053,0.6552845528455284,0.5433103935700028,0.5439024390243903
33.0,0.8,0.19999999999999996,0.85,0.6167576028562503,0.21454021382376315,0.7086947022320276,0.6560975609756098,0.5428944711914608,0.5439024390243903
30.0,1.0,0.0,0.75,0.6167579382613017,0.21453588153806483,0.7082603934358089,0.656910569105691,0.5432610861999402,0.5439024390243903
34.0,0.95,0.050000000000000044,0.75,0.6167584535715573,0.21454324700753824,0.7082657223780937,0.6552845528455284,0.5432814521526107,0.5439024390243903
35.0,0.9,0.09999999999999998,0.75,0.6167586567831386,0.21454732638303725,0.7082150974263874,0.6552845528455284,0.5432289932770019,0.5439024390243903
35.0,0.85,0.15000000000000002,0.75,0.6167590993037035,0.2145504510680118,0.7082097684841024,0.6560975609756098,0.5431568789327278,0.5439024390243903
32.0,1.0,0.0,0.75,0.6167592055192079,0.2145385102822903,0.7082204263686722,0.6560975609756098,0.5433082665754189,0.5439024390243903
31.0,0.9,0.09999999999999998,0.9,0.6167592361385956,0.21452642629719673,0.708763978481731,0.6577235772357723,0.5429360584697911,0.5439024390243903
45.0,0.9,0.09999999999999998,0.85,0.6167603406410823,0.2145499832306218,0.708153814590111,0.656910569105691,0.5432572729157419,0.5439024390243903
40.0,0.8,0.19999999999999996,1.0,0.6167603517346488,0.21453526964876282,0.7088678928562864,0.6560975609756098,0.5427941097975141,0.5439024390243903
34.0,0.85,0.15000000000000002,0.95,0.6167611214915594,0.2145288473326511,0.7087559850683038,0.6585365853658537,0.5428491084772836,0.5439024390243903
37.0,0.8,0.19999999999999996,0.95,0.6167611571570033,0.21453637950377316,0.7088439126160044,0.6560975609756098,0.5428156719039722,0.5439024390243903
41.0,0.85,0.15000000000000002,0.8,0.6167613301788039,0.21455323300633247,0.7081564790612535,0.656910569105691,0.5431781578138765,0.5439024390243903
29.0,1.0,0.0,0.75,0.616761373308708,0.21453618866974475,0.7083403275700823,0.6560975609756098,0.5432361452636914,0.5439024390243903
40.0,0.8,0.19999999999999996,0.8,0.6167614256001787,0.2145551215079702,0.7083110183875154,0.656910569105691,0.5430815401825292,0.5439024390243903
29.0,0.85,0.15000000000000002,0.75,0.6167614832489798,0.2145448418685346,0.708404274877501,0.6552845528455284,0.5430437579077556,0.5439024390243903
45.0,0.8,0.19999999999999996,0.85,0.6167617402410004,0.21455623790383627,0.708332334156655,0.656910569105691,0.5430739770580809,0.5439024390243903
33.0,0.8,0.19999999999999996,0.75,0.6167620657890145,0.21455242927424306,0.7083776301660765,0.6560975609756098,0.5430521248451916,0.5439024390243903
32.0,0.8,0.19999999999999996,0.75,0.6167621326279099,0.21455136296981103,0.7084202617043556,0.6552845528455284,0.5430349242869046,0.5439024390243903
31.0,0.8,0.19999999999999996,0.8,0.6167622814472489,0.21454496219452493,0.7086360838668937,0.6552845528455284,0.5429359791284354,0.5439024390243903
32.0,0.85,0.15000000000000002,0.9,0.6167625409167574,0.21453209079492097,0.708716018001167,0.6585365853658537,0.542878974158826,0.5439024390243903
36.0,0.85,0.15000000000000002,1.0,0.6167627109410283,0.2145270272655831,0.7088279257891498,0.6585365853658537,0.5428202522191633,0.5439024390243903
28.0,0.95,0.050000000000000044,0.75,0.6167629982360916,0.21453860016337278,0.7084309195889253,0.6577235772357723,0.543147812957501,0.5439024390243903
29.0,0.95,0.050000000000000044,0.85,0.6167630950427532,0.2145282140185255,0.7086813798763152,0.6560975609756098,0.5430309037678507,0.5439024390243903
33.0,1.0,0.0,0.75,0.6167632573540676,0.21454117496486774,0.7082817092049484,0.6560975609756098,0.5433305958067147,0.5439024390243903
29.0,1.0,0.0,0.85,0.6167632991097177,0.21452554477605246,0.7087346692991642,0.6560975609756098,0.5431021230530266,0.5439024390243903
28.0,0.9,0.09999999999999998,0.75,0.6167633438020544,0.21454158791630085,0.7084442419446376,0.656910569105691,0.5430851498492286,0.5439024390243903
34.0,0.8,0.19999999999999996,0.75,0.6167633476291767,0.21455401396489915,0.7083136828586578,0.6560975609756098,0.5430686975372423,0.5439024390243903
38.0,1.0,0.0,0.8,0.6167635712116241,0.2145420791696058,0.7082124329552449,0.6552845528455284,0.5433723028583749,0.5439024390243903
31.0,0.8,0.19999999999999996,0.75,0.616763738422537,0.2145508940018158,0.7084735511272046,0.6552845528455284,0.5430170615731513,0.5439024390243903
36.0,0.85,0.15000000000000002,0.75,0.6167637541318713,0.21455333608544697,0.7082337487243844,0.6560975609756098,0.5431734287988813,0.5439024390243903
42.0,1.0,0.0,0.85,0.6167637875799759,0.21454225578315883,0.7081538145901112,0.6552845528455284,0.5433901742168111,0.5439024390243903
30.0,1.0,0.0,0.9,0.6167638932163085,0.21452121707293234,0.7088812152119986,0.6560975609756098,0.5430653746570682,0.5439024390243903
44.0,0.95,0.050000000000000044,0.85,0.6167643182190706,0.21454757486922343,0.7081085185806895,0.6552845528455284,0.5433337045626196,0.5439024390243903
41.0,0.9,0.09999999999999998,0.8,0.6167645230544774,0.2145515624568916,0.708135163292114,0.656910569105691,0.5432612590333455,0.5439024390243903
35.0,0.95,0.050000000000000044,0.75,0.6167645504179109,0.21454671212648568,0.7082177618975298,0.6552845528455284,0.5433010141675928,0.5439024390243903
29.0,0.85,0.15000000000000002,0.8,0.6167646235415231,0.21454044062464253,0.7085135181943412,0.656910569105691,0.5429648674297788,0.5439024390243903
36.0,0.9,0.09999999999999998,0.75,0.6167646244783227,0.2145507296555209,0.7081884527149629,0.6552845528455284,0.5432467020330249,0.5439024390243903
33.0,0.95,0.050000000000000044,1.0,0.6167648504482867,0.2145172252343497,0.7089904585288389,0.6585365853658537,0.5429367187878906,0.5439024390243903
39.0,0.75,0.25,0.85,0.6167648714558525,0.2145536261309398,0.7085241760789109,0.6577235772357723,0.5429078996233335,0.5439024390243903
34.0,0.9,0.09999999999999998,1.0,0.6167649147933352,0.21452170049364128,0.7089345046348475,0.656910569105691,0.5428706075725512,0.5439024390243903
28.0,0.95,0.050000000000000044,0.8,0.6167650470590221,0.21453365742685168,0.7085321694923383,0.656910569105691,0.5430753233521496,0.5439024390243903
42.0,0.75,0.25,0.9,0.6167651675368058,0.2145525827842716,0.7086147680977541,0.6577235772357723,0.5428711565916671,0.5439024390243903
43.0,0.75,0.25,0.9,0.6167652258080424,0.21455379701734056,0.7085561497326204,0.656910569105691,0.5428838153595028,0.5439024390243903
40.0,0.75,0.25,0.85,0.6167652283470422,0.21455493953573104,0.7084948668963441,0.6577235772357723,0.5429213740218054,0.5439024390243903
38.0,0.75,0.25,0.85,0.6167653568165228,0.2145526121643297,0.7085801299729023,0.6577235772357723,0.5428939633163605,0.5439024390243903
32.0,0.8,0.19999999999999996,0.85,0.6167655457942944,0.2145419504866938,0.7086893732897426,0.656910569105691,0.5428758572218416,0.5439024390243903
34.0,0.8,0.19999999999999996,0.9,0.6167657767183724,0.2145392331614877,0.7087373337703067,0.656910569105691,0.5428365148740629,0.5439024390243903
35.0,0.8,0.19999999999999996,0.75,0.6167658107834969,0.2145560480273006,0.7083110183875153,0.6560975609756098,0.543084674567964,0.5439024390243903
41.0,0.75,0.25,0.9,0.6167658345546692,0.21455161822357263,0.7086414128091787,0.6577235772357723,0.5428580858979183,0.5439024390243903
44.0,0.75,0.25,0.9,0.6167659350303126,0.21455523247679753,0.7085614786749053,0.656910569105691,0.5428960807977504,0.5439024390243903
41.0,0.8,0.19999999999999996,0.8,0.6167661698956775,0.214558029639766,0.7083083539163728,0.656910569105691,0.5430950921463041,0.5439024390243903
40.0,0.95,0.050000000000000044,0.8,0.6167662846263106,0.21454825841278846,0.7081431567055414,0.6552845528455284,0.5433276668236011,0.5439024390243903
41.0,0.75,0.25,0.85,0.6167663355273256,0.21455651632583111,0.7084442419446376,0.6577235772357723,0.5429344084174159,0.5439024390243903
30.0,0.95,0.050000000000000044,0.9,0.6167666561709927,0.21452500891670376,0.7088252613180073,0.6585365853658537,0.5429889266442836,0.5439024390243903
37.0,0.75,0.25,0.85,0.6167667873574392,0.214551938250175,0.7086733864628879,0.656910569105691,0.5428795417462534,0.5439024390243903
30.0,0.8,0.19999999999999996,0.75,0.6167670998669367,0.21455111284481784,0.7085081892520563,0.6552845528455284,0.5429985002545179,0.5439024390243903
45.0,0.75,0.25,0.9,0.6167672282574931,0.2145568637036917,0.7085881233863296,0.656910569105691,0.5429079704024005,0.5439024390243903
40.0,0.75,0.25,0.9,0.6167673094902446,0.2145509351515114,0.7086893732897426,0.6577235772357723,0.5428445834954949,0.5439024390243903
30.0,0.85,0.15000000000000002,0.85,0.616767679315512,0.2145370846145516,0.7086174325688965,0.6577235772357723,0.5429100205926971,0.5439024390243903
28.0,1.0,0.0,0.8,0.616767804334573,0.21453197496696766,0.7086094391554693,0.656910569105691,0.5431413555101318,0.5439024390243903
28.0,1.0,0.0,0.75,0.6167680294144691,0.2145377903207833,0.7084362485312102,0.656910569105691,0.5432102397694162,0.5439024390243903
39.0,0.8,0.19999999999999996,1.0,0.6167680744170733,0.21453671198011698,0.7089051954522806,0.6560975609756098,0.5427780224236474,0.5439024390243903
42.0,0.75,0.25,0.85,0.6167681107368396,0.21455832445938725,0.7084415774734951,0.6577235772357723,0.5429470233697904,0.5439024390243903
42.0,0.85,0.15000000000000002,0.8,0.6167681381717208,0.21455693455579877,0.7081698014169658,0.656910569105691,0.543192280239707,0.5439024390243903
28.0,0.9,0.09999999999999998,0.8,0.61676827528035,0.2145377559423167,0.7085827944440448,0.6577235772357723,0.543009025347492,0.5439024390243903
36.0,0.75,0.25,0.8,0.6167683940255123,0.2145563332306831,0.7083962814640736,0.6577235772357723,0.5429448857891628,0.5439024390243903
45.0,0.75,0.25,0.95,0.6167686241901628,0.21455289065602434,0.7087160180011671,0.6577235772357723,0.5428346137739961,0.5439024390243903
31.0,1.0,0.0,0.95,0.6167687780673579,0.21451867679512926,0.7089584848751296,0.656910569105691,0.5430308915486506,0.5439024390243903
35.0,0.75,0.25,0.8,0.6167688660725217,0.21455535793831726,0.7084495708869224,0.6577235772357723,0.5429299875066398,0.5439024390243903
37.0,0.75,0.25,0.8,0.6167689230468664,0.21455767722839583,0.7083563143969369,0.6577235772357723,0.5429592637393659,0.5439024390243903
28.0,0.85,0.15000000000000002,0.75,0.6167690531923192,0.21454674053534456,0.7083936169929311,0.6552845528455284,0.5430222530056519,0.5439024390243903
34.0,1.0,0.0,0.75,0.6167692177089169,0.21454458651828062,0.7082071040129599,0.6552845528455284,0.5433521400792094,0.5439024390243903
36.0,0.75,0.25,0.85,0.6167692784222465,0.21455165020028405,0.7087106890588821,0.656910569105691,0.5428646100007888,0.5439024390243903
36.0,0.8,0.19999999999999996,0.75,0.6167693078105914,0.21455847103567863,0.7082897026183758,0.656910569105691,0.5431000861540223,0.5439024390243903
37.0,0.85,0.15000000000000002,0.75,0.6167693995628438,0.21455659219709042,0.7081777948303931,0.656910569105691,0.5431894069419597,0.5439024390243903
32.0,0.9,0.09999999999999998,0.95,0.6167694124169688,0.2145259847552106,0.7088812152119985,0.656910569105691,0.5428909431224546,0.5439024390243903
44.0,0.75,0.25,0.95,0.6167695671779901,0.21455202718271033,0.7087186824723094,0.6577235772357723,0.5428223246557207,0.5439024390243903
29.0,0.9,0.09999999999999998,0.85,0.616769649646234,0.21453359374246483,0.7087346692991642,0.6577235772357723,0.5429594111962381,0.5439024390243903
39.0,0.75,0.25,0.9,0.6167696842848548,0.21455056919357995,0.7087373337703066,0.6577235772357723,0.5428306283223867,0.5439024390243903
36.0,0.8,0.19999999999999996,0.95,0.6167698856006573,0.21453823437784555,0.7088332547314347,0.6560975609756098,0.5427984167557658,0.5439024390243903
30.0,0.8,0.19999999999999996,0.8,0.6167699824295781,0.21454673703077662,0.7086840443474577,0.6552845528455284,0.5429166438548424,0.5439024390243903
38.0,0.75,0.25,0.8,0.6167703366708428,0.2145593430988417,0.7083563143969369,0.6577235772357723,0.5429731472264545,0.5439024390243903
34.0,0.75,0.25,0.8,0.6167704705679603,0.21455480453056203,0.7085428273769081,0.6577235772357723,0.5429145412853496,0.5439024390243903
43.0,0.75,0.25,0.85,0.6167704803160841,0.21456033542818378,0.7084628932426348,0.6577235772357723,0.5429592381892797,0.5439024390243903
43.0,0.75,0.25,0.95,0.6167712144921748,0.2145514021759637,0.7087106890588821,0.6577235772357723,0.5428096496048073,0.5439024390243903
42.0,0.8,0.19999999999999996,0.8,0.6167714978976804,0.21456114049318115,0.708231084253242,0.656910569105691,0.5431082088547358,0.5439024390243903
37.0,0.9,0.09999999999999998,0.75,0.6167716735039797,0.21455454095012821,0.7081218409364017,0.656910569105691,0.54326380443293,0.5439024390243903
36.0,0.95,0.050000000000000044,0.75,0.6167719944614231,0.2145506937365813,0.7081431567055413,0.6552845528455284,0.543319902386256,0.5439024390243903
29.0,0.9,0.09999999999999998,0.7,0.6167722246529358,0.21455146889945495,0.7083190118009428,0.6552845528455284,0.5431849118662414,0.5439024390243903
30.0,0.9,0.09999999999999998,0.7,0.6167723305429649,0.21455245745510543,0.7083003605029454,0.6552845528455284,0.5432059964774014,0.5439024390243903
29.0,0.8,0.19999999999999996,0.75,0.6167724642009647,0.21455212337794002,0.7085614786749053,0.6552845528455284,0.5429792016783244,0.5439024390243903
39.0,0.75,0.25,0.8,0.6167725315130026,0.2145612895411997,0.7083509854546521,0.656910569105691,0.5429865604943624,0.5439024390243903
35.0,0.75,0.25,0.85,0.6167729594383594,0.21455179976117897,0.70869736670317,0.6577235772357723,0.5428491414971117,0.5439024390243903
42.0,0.9,0.09999999999999998,0.8,0.6167729997149007,0.2145559248775716,0.7081245054075441,0.6577235772357723,0.5432764097000313,0.5439024390243903
38.0,0.75,0.25,0.9,0.6167730613577052,0.2145505602883523,0.7087426627125915,0.6577235772357723,0.542816197937794,0.5439024390243903
39.0,1.0,0.0,0.8,0.6167732334038334,0.21454697811773174,0.7081724658881081,0.6552845528455284,0.5433913166586111,0.5439024390243903
33.0,0.75,0.25,0.8,0.6167733559334766,0.21455473348488502,0.7085801299729023,0.6577235772357723,0.5428985176700948,0.5439024390243903
44.0,0.75,0.25,0.85,0.6167733782410681,0.21456252384259356,0.708476215598347,0.6577235772357723,0.5429710710272156,0.5439024390243903
27.0,0.95,0.050000000000000044,0.75,0.6167734670728902,0.2145417108773425,0.7083962814640735,0.6585365853658537,0.5431224257878792,0.5439024390243903
42.0,0.75,0.25,0.95,0.6167736410017459,0.21455104398158364,0.7087613140105886,0.6577235772357723,0.5427965707450261,0.5439024390243903
30.0,0.85,0.15000000000000002,0.7,0.6167736702540001,0.2145559090968774,0.7082390776666694,0.6552845528455284,0.5431441262479488,0.5439024390243903
37.0,0.8,0.19999999999999996,0.75,0.6167737086362077,0.21456123000696403,0.7082390776666694,0.656910569105691,0.5431149606311628,0.5439024390243903
27.0,0.9,0.09999999999999998,0.75,0.616773844592338,0.2145446855514037,0.7084735511272046,0.6577235772357723,0.543061278044069,0.5439024390243903
29.0,0.85,0.15000000000000002,0.7,0.6167742079757772,0.21455516442505285,0.7083296696855125,0.6552845528455284,0.5431243672503002,0.5439024390243903
45.0,0.95,0.050000000000000044,0.85,0.6167743580312118,0.21455256436639206,0.7080205910329889,0.6552845528455284,0.5433491225193058,0.5439024390243903
28.0,0.9,0.09999999999999998,0.7,0.6167744708258451,0.2145514292627511,0.7083563143969369,0.6552845528455284,0.5431629871863868,0.5439024390243903
31.0,0.9,0.09999999999999998,0.7,0.6167744824547757,0.21455426526863194,0.7082390776666693,0.6552845528455284,0.5432262844969393,0.5439024390243903
43.0,1.0,0.0,0.85,0.6167746128386203,0.21454760694362623,0.7081564790612536,0.6552845528455284,0.5434076657880809,0.5439024390243903
31.0,0.95,0.050000000000000044,0.95,0.6167749111859754,0.21452372312797632,0.7089478269905598,0.6585365853658537,0.5429491785052237,0.5439024390243903
31.0,0.85,0.15000000000000002,0.7,0.6167750043108116,0.21455740123661937,0.7081751303592505,0.6560975609756098,0.5431631318750865,0.5439024390243903
29.0,0.95,0.050000000000000044,0.7,0.6167751234655958,0.21454974473652547,0.70820710401296,0.6544715447154471,0.5432452675111744,0.5439024390243903
40.0,0.75,0.25,0.8,0.6167754156860759,0.214563480086622,0.7083403275700821,0.656910569105691,0.5429995262712932,0.5439024390243903
43.0,0.85,0.15000000000000002,0.8,0.6167755010964734,0.2145608280442623,0.7081005251672621,0.656910569105691,0.5432059592303633,0.5439024390243903
33.0,0.85,0.15000000000000002,0.95,0.616775541962737,0.21453281397669055,0.7087826297797281,0.6585365853658537,0.5428284788896629,0.5439024390243903
31.0,0.8,0.19999999999999996,0.85,0.6167755696871611,0.2145444861507231,0.7087186824723095,0.656910569105691,0.5428565369959698,0.5439024390243903
41.0,0.95,0.050000000000000044,0.8,0.6167758873846707,0.21455308990900976,0.7081058541095471,0.6552845528455284,0.5433443918251637,0.5439024390243903
38.0,0.85,0.15000000000000002,0.75,0.6167759090426542,0.2145601681446356,0.7081271698786866,0.656910569105691,0.5432048413762535,0.5439024390243903
33.0,0.8,0.19999999999999996,0.9,0.6167759740749073,0.21454171719341183,0.7087826297797282,0.6577235772357723,0.5428179416970087,0.5439024390243903
30.0,0.95,0.050000000000000044,0.7,0.6167759860628469,0.21455101666040324,0.7081724658881082,0.6544715447154471,0.5432676951484194,0.5439024390243903
33.0,0.75,0.25,0.75,0.6167767022330071,0.21456115898187292,0.7083216762720851,0.656910569105691,0.5429821791920424,0.5439024390243903
45.0,0.75,0.25,0.85,0.6167767452771561,0.21456486706990857,0.7084628932426348,0.6577235772357723,0.5429825389596926,0.5439024390243903
28.0,0.95,0.050000000000000044,0.7,0.6167768203380986,0.2145495073980036,0.7082763802626636,0.6552845528455284,0.5432219549472107,0.5439024390243903
35.0,1.0,0.0,0.75,0.6167768491614051,0.21454864727561948,0.708177794830393,0.6552845528455284,0.5433729381136981,0.5439024390243903
28.0,0.85,0.15000000000000002,0.7,0.6167768988120023,0.214555286581035,0.7083083539163729,0.6544715447154471,0.5431038133620573,0.5439024390243903
41.0,0.75,0.25,0.95,0.6167769295755787,0.21455098416328655,0.7087959521354404,0.6577235772357723,0.5427830690767603,0.5439024390243903
35.0,0.85,0.15000000000000002,1.0,0.6167769689653916,0.21453083645953785,0.7088785507408563,0.6585365853658537,0.5428004257380044,0.5439024390243903
30.0,0.9,0.09999999999999998,0.9,0.6167770049068364,0.21453182406060772,0.7088332547314347,0.6577235772357723,0.5429122017748164,0.5439024390243903
34.0,0.75,0.25,0.75,0.6167771780483428,0.21456241685230412,0.7082603934358088,0.656910569105691,0.5429975603114556,0.5439024390243903
38.0,0.8,0.19999999999999996,1.0,0.6167772617959795,0.21453868050148028,0.7089265112214203,0.656910569105691,0.5427614005323856,0.5439024390243903
32.0,1.0,0.0,1.0,0.6167772622121628,0.2145176542212749,0.709086379489967,0.6552845528455284,0.5429984791954123,0.5439024390243903
31.0,0.85,0.15000000000000002,0.9,0.6167772710976023,0.2145363018107761,0.7087346692991642,0.6585365853658537,0.542857495630878,0.5439024390243903
43.0,0.8,0.19999999999999996,0.8,0.6167773375506702,0.21456442594840558,0.7081937816572478,0.656910569105691,0.543120910253722,0.5439024390243903
32.0,0.75,0.25,0.75,0.6167774499344753,0.21456036885906962,0.7083589788680794,0.656910569105691,0.5429662097390933,0.5439024390243903
28.0,0.85,0.15000000000000002,0.8,0.6167774747011248,0.2145442556088444,0.70856680761719,0.6577235772357723,0.5429424644825895,0.5439024390243903
37.0,0.75,0.25,0.9,0.6167775549370608,0.2145509532672526,0.7088146034334375,0.6577235772357723,0.5428012684161114,0.5439024390243903
32.0,0.75,0.25,0.8,0.6167776901088396,0.21455521369154706,0.7085748010306174,0.6577235772357723,0.5428818852501983,0.5439024390243903
32.0,0.85,0.15000000000000002,0.7,0.6167779647856637,0.21455953734195546,0.7081484856478262,0.6560975609756098,0.5431814234341532,0.5439024390243903
34.0,0.75,0.25,0.85,0.616777975842688,0.21455244547075056,0.7087160180011671,0.6577235772357723,0.5428331078661904,0.5439024390243903
27.0,1.0,0.0,0.75,0.6167783547689548,0.21454087596920918,0.7084229261754981,0.656910569105691,0.5431833186505519,0.5439024390243903
32.0,0.9,0.09999999999999998,0.7,0.6167784131079828,0.214556779729441,0.7082150974263873,0.6552845528455284,0.5432458171028627,0.5439024390243903
35.0,0.75,0.25,0.75,0.6167787257348946,0.2145640799069226,0.7082737157915211,0.656910569105691,0.5430123835597563,0.5439024390243903
38.0,0.8,0.19999999999999996,0.75,0.616778898359063,0.2145642784227118,0.7081964461283903,0.656910569105691,0.5431293245664657,0.5439024390243903
41.0,0.75,0.25,0.8,0.616778907427176,0.21456588249556366,0.7083216762720852,0.656910569105691,0.5430120658749761,0.5439024390243903
31.0,0.95,0.050000000000000044,0.7,0.6167790765030136,0.21455318286407085,0.7082044395418174,0.6552845528455284,0.5432892832310194,0.5439024390243903
27.0,0.9,0.09999999999999998,0.7,0.61677942018868,0.21455248814411684,0.7083723012237916,0.6552845528455284,0.543140176750182,0.5439024390243903
27.0,0.85,0.15000000000000002,0.75,0.6167794817369137,0.21454979039290256,0.7084442419446376,0.656910569105691,0.542999877747406,0.5439024390243903
31.0,0.75,0.25,0.75,0.6167795937569067,0.21456011815736847,0.7084175972332132,0.656910569105691,0.5429496195009432,0.5439024390243903
38.0,0.9,0.09999999999999998,0.75,0.6167796650959098,0.21455870404390376,0.7081191764652592,0.656910569105691,0.5432803299056392,0.5439024390243903
30.0,0.8,0.19999999999999996,0.7,0.6167799815704462,0.2145613545697802,0.7082710513203786,0.6552845528455284,0.5430820869404618,0.5439024390243903
29.0,0.8,0.19999999999999996,0.8,0.616779996525505,0.21454942030847746,0.7086467417514635,0.6560975609756098,0.5428965460929509,0.5439024390243903
28.0,0.8,0.19999999999999996,0.75,0.6167801140927208,0.21455404511864964,0.7085748010306174,0.6552845528455284,0.5429591249956645,0.5439024390243903
35.0,0.8,0.19999999999999996,0.95,0.6167803573440404,0.2145407317759875,0.7088918730965684,0.656910569105691,0.5427805564318456,0.5439024390243903
45.0,0.75,0.25,1.0,0.6167805229170631,0.2145527718976821,0.7088146034334375,0.6577235772357723,0.5427624439528632,0.5439024390243903
31.0,0.8,0.19999999999999996,0.7,0.6167806119485139,0.21456257074767807,0.7082124329552449,0.6560975609756098,0.5430998279673678,0.5439024390243903
37.0,0.95,0.050000000000000044,0.75,0.6167806146128736,0.2145551221461287,0.7081138475229743,0.6552845528455284,0.5433381496148424,0.5439024390243903
29.0,0.8,0.19999999999999996,0.7,0.6167810561773251,0.21456081725348503,0.7082790447338061,0.6552845528455284,0.5430636360010984,0.5439024390243903
40.0,0.75,0.25,0.95,0.6167811720327229,0.21455125790721785,0.7088172679045801,0.6585365853658537,0.5427691243886659,0.5439024390243903
36.0,0.75,0.25,0.75,0.6167812118426594,0.21456609344423647,0.7082577289646664,0.656910569105691,0.5430266775031237,0.5439024390243903
27.0,0.95,0.050000000000000044,0.7,0.6167814566180828,0.21455046627283253,0.7083003605029455,0.6552845528455284,0.5431977098059302,0.5439024390243903
27.0,0.95,0.050000000000000044,0.8,0.6167818263906555,0.2145390870603838,0.7085454918480505,0.6560975609756098,0.5430488541984249,0.5439024390243903
27.0,0.85,0.15000000000000002,0.7,0.6167820660189142,0.21455641349930435,0.7083509854546519,0.6544715447154471,0.5430824209263474,0.5439024390243903
43.0,0.9,0.09999999999999998,0.8,0.6167820760909946,0.21456049740333724,0.7080845383404075,0.656910569105691,0.5432910886274881,0.5439024390243903
28.0,0.95,0.050000000000000044,0.85,0.6167822975138006,0.21453438840535602,0.7087346692991642,0.656910569105691,0.5430044394437652,0.5439024390243903
33.0,0.85,0.15000000000000002,0.7,0.6167823372908972,0.2145622274904984,0.7081431567055413,0.6560975609756098,0.5431990380027899,0.5439024390243903
28.0,1.0,0.0,0.85,0.6167826371424897,0.21453180394434646,0.7087932876642979,0.6560975609756098,0.5430740164008392,0.5439024390243903
32.0,0.8,0.19999999999999996,0.7,0.6167827230501798,0.2145643710698628,0.7082017750706753,0.6560975609756098,0.5431168964533148,0.5439024390243903
29.0,1.0,0.0,0.7,0.6167829222396797,0.21455000616935152,0.7081698014169657,0.656910569105691,0.5433054318455875,0.5439024390243903
42.0,0.75,0.25,0.8,0.61678293390512,0.21456846823742756,0.7083216762720851,0.656910569105691,0.5430241993125121,0.5439024390243903
29.0,0.85,0.15000000000000002,0.85,0.6167829371808371,0.21454166239128603,0.70869736670317,0.6585365853658537,0.5428876490652736,0.5439024390243903
39.0,0.85,0.15000000000000002,0.75,0.6167831705545586,0.21456401881568582,0.7080978606961197,0.656910569105691,0.5432197583845475,0.5439024390243903
36.0,0.75,0.25,0.9,0.616783292584726,0.21455179852335515,0.708859899442859,0.6585365853658537,0.542785814235078,0.5439024390243903
30.0,0.75,0.25,0.75,0.6167833305106083,0.21456048913476122,0.7084762155983471,0.656910569105691,0.5429323739625955,0.5439024390243903
44.0,0.85,0.15000000000000002,0.8,0.6167833479045421,0.2145648858304084,0.708063222571268,0.6577235772357723,0.5432192146246001,0.5439024390243903
44.0,0.8,0.19999999999999996,0.8,0.6167836245294882,0.2145678610552346,0.708111183051832,0.656910569105691,0.5431332151012566,0.5439024390243903
31.0,0.75,0.25,0.8,0.6167836634449726,0.2145563237633998,0.7085801299729022,0.656910569105691,0.5428646105638205,0.5439024390243903
44.0,0.75,0.25,1.0,0.6167838549976458,0.2145527280138435,0.7088439126160044,0.6577235772357723,0.5427497766475403,0.5439024390243903
33.0,0.9,0.09999999999999998,0.7,0.6167838886508731,0.21455990285284562,0.708159143532396,0.6552845528455284,0.5432646331633777,0.5439024390243903
40.0,1.0,0.0,0.8,0.6167839420562781,0.2145522655318984,0.7081165119941168,0.6552845528455284,0.5434097238995129,0.5439024390243903
28.0,1.0,0.0,0.7,0.6167839588479431,0.21454953225440618,0.7081911171861054,0.656910569105691,0.5432807144767405,0.5439024390243903
28.0,0.8,0.19999999999999996,0.7,0.616784093282043,0.21456106820315715,0.7083936169929311,0.6552845528455284,0.5430444356471378,0.5439024390243903
33.0,0.9,0.09999999999999998,1.0,0.616784096013804,0.21452735589455788,0.7089904585288389,0.656910569105691,0.5428478041501886,0.5439024390243903
32.0,0.95,0.050000000000000044,0.7,0.6167841047648688,0.21455612130656443,0.7081644724746808,0.6552845528455284,0.5433100747561217,0.5439024390243903
33.0,0.75,0.25,0.85,0.61678449131083,0.21455365365668186,0.7087746363663008,0.656910569105691,0.5428164788377945,0.5439024390243903
37.0,0.75,0.25,0.75,0.6167845187579944,0.21456840956468853,0.708201775070675,0.656910569105691,0.5430404689149259,0.5439024390243903
30.0,1.0,0.0,0.7,0.6167846611092842,0.21455160396519926,0.7081698014169657,0.656910569105691,0.5433292197716719,0.5439024390243903
27.0,1.0,0.0,0.8,0.6167847423003591,0.2145375009227052,0.708596116799757,0.656910569105691,0.5431132718533906,0.5439024390243903
27.0,0.9,0.09999999999999998,0.8,0.6167847743746767,0.21454304788924067,0.7085934523286146,0.6577235772357723,0.5429841499574856,0.5439024390243903
39.0,0.8,0.19999999999999996,0.75,0.6167847753618086,0.21456757539186172,0.7081245054075441,0.6577235772357723,0.5431432028711741,0.5439024390243903
29.0,1.0,0.0,0.9,0.6167855779048154,0.21452819639603196,0.7089185178079929,0.656910569105691,0.5430373034747747,0.5439024390243903
36.0,1.0,0.0,0.75,0.616785941689962,0.2145532712757223,0.7080951962249774,0.6552845528455284,0.5433930263210008,0.5439024390243903
33.0,0.8,0.19999999999999996,0.7,0.6167861191913055,0.21456667337505803,0.7081671369458233,0.656910569105691,0.5431333276352602,0.5439024390243903
44.0,1.0,0.0,0.85,0.6167862065100077,0.21455323232426987,0.708135163292114,0.6552845528455284,0.5434246338929635,0.5439024390243903
42.0,0.95,0.050000000000000044,0.8,0.6167862319936751,0.21455818817677796,0.708033913388701,0.6552845528455284,0.5433605933223032,0.5439024390243903
39.0,0.75,0.25,0.95,0.6167864702209279,0.21455190448436748,0.7088758862697138,0.6585365853658537,0.5427547151623818,0.5439024390243903
32.0,0.95,0.050000000000000044,1.0,0.6167871567923473,0.2145240826590018,0.7090703926631123,0.6585365853658537,0.5429114693335263,0.5439024390243903
43.0,0.75,0.25,0.8,0.6167874301817392,0.2145712120401718,0.7083270052143701,0.656910569105691,0.5430359453742152,0.5439024390243903
26.0,0.9,0.09999999999999998,0.7,0.6167874764930131,0.21455481853410296,0.7083802946372189,0.6560975609756098,0.5431164328590656,0.5439024390243903
26.0,0.95,0.050000000000000044,0.75,0.6167877994873544,0.21454639265396025,0.7084815445406318,0.6577235772357723,0.5430960196983402,0.5439024390243903
26.0,0.9,0.09999999999999998,0.75,0.6167879033111624,0.21454922854122474,0.7084655577137772,0.6577235772357723,0.5430364377917049,0.5439024390243903
30.0,0.8,0.19999999999999996,0.85,0.6167879340995633,0.21454792810891968,0.7087506561260188,0.6577235772357723,0.5428364719283807,0.5439024390243903
34.0,0.85,0.15000000000000002,0.7,0.6167879341839375,0.2145653934229947,0.708129834349829,0.656910569105691,0.5432160104768045,0.5439024390243903
43.0,0.75,0.25,1.0,0.6167880167476305,0.21455296687928785,0.7088225968468649,0.6585365853658537,0.5427367140947181,0.5439024390243903
37.0,0.8,0.19999999999999996,1.0,0.6167880659230536,0.21454123438028253,0.7089265112214203,0.656910569105691,0.542744217756656,0.5439024390243903
27.0,1.0,0.0,0.7,0.6167881806181926,0.21455035623791133,0.7082603934358089,0.6560975609756098,0.5432550181203648,0.5439024390243903
29.0,0.95,0.050000000000000044,0.9,0.6167882359074693,0.21453191724246823,0.7088865441542835,0.6585365853658537,0.5429625232541051,0.5439024390243903
32.0,0.8,0.19999999999999996,0.9,0.6167882886613272,0.2145450036780271,0.7087932876642979,0.656910569105691,0.5427986799463722,0.5439024390243903
39.0,0.9,0.09999999999999998,0.75,0.6167884763274045,0.21456316939614334,0.7080925317538349,0.656910569105691,0.5432963060765138,0.5439024390243903
38.0,0.75,0.25,0.75,0.6167885426823873,0.2145709862675062,0.7081698014169657,0.656910569105691,0.5430537828836389,0.5439024390243903
28.0,0.9,0.09999999999999998,0.85,0.6167885716702949,0.21453963338607587,0.7087719718951584,0.6577235772357723,0.542934565642851,0.5439024390243903
31.0,1.0,0.0,0.7,0.6167888173654231,0.21455417435073149,0.7080738804558377,0.6560975609756098,0.5433521254591075,0.5439024390243903
29.0,0.75,0.25,0.75,0.6167888850441458,0.21456157638195023,0.7085348339634807,0.656910569105691,0.5429144365023877,0.5439024390243903
27.0,0.8,0.19999999999999996,0.7,0.6167893892147935,0.21456223405660044,0.7084042748775008,0.6544715447154471,0.5430244443193233,0.5439024390243903
26.0,0.95,0.050000000000000044,0.7,0.6167894685314924,0.21455280796259507,0.7082843736760909,0.6560975609756098,0.5431724823714742,0.5439024390243903
31.0,0.9,0.09999999999999998,0.95,0.6167895120713276,0.2145321241942987,0.7088998665099957,0.656910569105691,0.5428671892180617,0.5439024390243903
26.0,0.85,0.15000000000000002,0.7,0.6167900818722275,0.21455870494365586,0.7083723012237917,0.6544715447154471,0.5430601443358457,0.5439024390243903
38.0,0.95,0.050000000000000044,0.75,0.6167902593320331,0.21455993593985395,0.7080658870424105,0.6552845528455284,0.5433557866631601,0.5439024390243903
45.0,0.8,0.19999999999999996,0.8,0.6167903013684238,0.2145714236609706,0.7080898672826924,0.6577235772357723,0.5431451410524489,0.5439024390243903
27.0,0.8,0.19999999999999996,0.75,0.6167903734390306,0.2145570158872919,0.7085881233863296,0.6552845528455284,0.542938227242229,0.5439024390243903
35.0,0.75,0.25,0.9,0.6167904169463976,0.21455315278494472,0.7088678928562864,0.6585365853658537,0.5427698081593113,0.5439024390243903
34.0,0.8,0.19999999999999996,0.7,0.6167906293219052,0.21456940626762463,0.7081191764652592,0.6577235772357723,0.5431491546590077,0.5439024390243903
34.0,0.9,0.09999999999999998,0.7,0.6167907041456291,0.21456354923625695,0.7080898672826925,0.656910569105691,0.5432827692790935,0.5439024390243903
33.0,0.95,0.050000000000000044,0.7,0.6167908167698433,0.21455972563988485,0.7080978606961197,0.6552845528455284,0.5433301103313158,0.5439024390243903
40.0,0.85,0.15000000000000002,0.75,0.6167910848509298,0.21456810446661806,0.708063222571268,0.656910569105691,0.5432341826328515,0.5439024390243903
30.0,0.75,0.25,0.7,0.6167912415238989,0.21456877708900687,0.7082950315606605,0.656910569105691,0.5430198810264634,0.5439024390243903
40.0,0.8,0.19999999999999996,0.75,0.6167912496800619,0.21457108493203667,0.7080951962249773,0.6577235772357723,0.5431566189111818,0.5439024390243903
31.0,0.75,0.25,0.7,0.616791276015924,0.21456975408181284,0.7082124329552448,0.656910569105691,0.5430363753595849,0.5439024390243903
30.0,0.75,0.25,0.8,0.6167914920960407,0.2145581535803872,0.7086520706937484,0.6552845528455284,0.5428466580222496,0.5439024390243903
45.0,0.85,0.15000000000000002,0.8,0.6167916151053057,0.21456908335250904,0.7080525646866982,0.6577235772357723,0.5432320651054565,0.5439024390243903
44.0,0.9,0.09999999999999998,0.8,0.6167916740513089,0.21456524955278786,0.7080552291578406,0.6577235772357723,0.543305316718043,0.5439024390243903
44.0,0.75,0.25,0.8,0.6167923383052635,0.2145740914995595,0.7083110183875153,0.656910569105691,0.5430473217212055,0.5439024390243903
32.0,0.85,0.15000000000000002,0.95,0.6167925768921398,0.21453777157932705,0.7088199323757225,0.6577235772357723,0.542807099070967,0.5439024390243903
28.0,0.8,0.19999999999999996,0.8,0.6167926317687509,0.2145531416907812,0.7086467417514635,0.6560975609756098,0.5428756437552986,0.5439024390243903
32.0,0.75,0.25,0.7,0.6167926520532065,0.21457125821568965,0.7081324988209715,0.656910569105691,0.543052238840207,0.5439024390243903
32.0,0.75,0.25,0.85,0.6167926903458302,0.21455549960372874,0.7087613140105886,0.656910569105691,0.542799222130521,0.5439024390243903
30.0,1.0,0.0,0.95,0.6167927391618324,0.21452635730746292,0.7090544058362576,0.656910569105691,0.543002904033298,0.5439024390243903
29.0,0.75,0.25,0.7,0.616792752559975,0.21456841349421077,0.7083589788680793,0.656910569105691,0.5430027204545519,0.5439024390243903
34.0,0.8,0.19999999999999996,0.95,0.6167927649113928,0.21454394841025448,0.7088785507408563,0.656910569105691,0.5427620595478622,0.5439024390243903
26.0,1.0,0.0,0.75,0.6167928611749152,0.21454566325712643,0.7084895379540592,0.6585365853658537,0.5431553286894701,0.5439024390243903
38.0,0.75,0.25,0.95,0.6167929372432189,0.21455296778039196,0.708889208625426,0.6585365853658537,0.5427398184702669,0.5439024390243903
42.0,0.75,0.25,1.0,0.6167930911490735,0.21455351977920306,0.7088865441542835,0.6585365853658537,0.5427232380745031,0.5439024390243903
26.0,0.85,0.15000000000000002,0.75,0.6167931742304276,0.21455416471294017,0.7085321694923383,0.656910569105691,0.5429765850368591,0.5439024390243903
39.0,0.75,0.25,0.75,0.6167931918953987,0.21457378667888755,0.7081591435323958,0.656910569105691,0.5430666429211458,0.5439024390243903
37.0,0.7,0.30000000000000004,0.8,0.6167934069668697,0.21457015744201172,0.7084708866560622,0.6577235772357723,0.5428804259692593,0.5439024390243903
27.0,0.85,0.15000000000000002,0.8,0.6167935805263667,0.21454937252609707,0.7085854589151872,0.6577235772357723,0.5429191618419343,0.5439024390243903
34.0,0.85,0.15000000000000002,1.0,0.6167936082209367,0.21453553211026447,0.7088625639140015,0.6577235772357723,0.5427799062571353,0.5439024390243903
36.0,0.7,0.30000000000000004,0.8,0.6167936899190211,0.21456915101269758,0.7084922024252017,0.656910569105691,0.5428671665378626,0.5439024390243903
38.0,0.7,0.30000000000000004,0.8,0.6167939254727701,0.21457145284450102,0.7084735511272044,0.6577235772357723,0.5428932252283363,0.5439024390243903
35.0,0.85,0.15000000000000002,0.7,0.616794590979622,0.21456896692422517,0.7080818738692651,0.656910569105691,0.5432323736459689,0.5439024390243903
35.0,0.7,0.30000000000000004,0.8,0.6167948789968655,0.21456847561705436,0.7085081892520563,0.656910569105691,0.5428534226104712,0.5439024390243903
30.0,0.85,0.15000000000000002,0.9,0.6167948991325582,0.21454163279074073,0.7088066100200101,0.6585365853658537,0.542835204594955,0.5439024390243903
40.0,0.7,0.30000000000000004,0.85,0.6167949191096774,0.21456932198223433,0.7085801299729023,0.6577235772357723,0.5428349913359413,0.5439024390243903
41.0,0.7,0.30000000000000004,0.85,0.6167950460116721,0.214570494946079,0.7085481563191929,0.6577235772357723,0.5428469860280284,0.5439024390243903
32.0,1.0,0.0,0.7,0.6167950774242744,0.21455758553348872,0.7080872028115499,0.6560975609756098,0.5433741936667538,0.5439024390243903
39.0,0.7,0.30000000000000004,0.8,0.6167951525925285,0.21457300017045625,0.7084815445406318,0.6577235772357723,0.5429055870976085,0.5439024390243903
33.0,0.75,0.25,0.7,0.6167951918964291,0.2145732147889006,0.7081085185806896,0.656910569105691,0.5430675048155924,0.5439024390243903
39.0,0.7,0.30000000000000004,0.85,0.6167954757638415,0.21456838635929512,0.708590787857472,0.6577235772357723,0.5428225878861088,0.5439024390243903
41.0,1.0,0.0,0.8,0.6167955662654339,0.21455788941239579,0.7080898672826924,0.6552845528455284,0.5434275520689944,0.5439024390243903
42.0,0.7,0.30000000000000004,0.85,0.6167957826577766,0.21457187657039475,0.7085881233863297,0.6577235772357723,0.5428585912553616,0.5439024390243903
28.0,0.75,0.25,0.7,0.6167960436987726,0.21456876309446826,0.7083962814640736,0.6560975609756098,0.5429848562195122,0.5439024390243903
26.0,1.0,0.0,0.7,0.6167960572416537,0.2145526787115887,0.7082897026183759,0.6577235772357723,0.5432282911181325,0.5439024390243903
35.0,0.8,0.19999999999999996,0.7,0.6167961036863555,0.21457250760775376,0.7081005251672622,0.6577235772357723,0.543164408653509,0.5439024390243903
37.0,1.0,0.0,0.75,0.6167963092973929,0.21455838276304948,0.7081005251672623,0.6552845528455284,0.5434124389213306,0.5439024390243903
28.0,0.75,0.25,0.75,0.6167965147853727,0.21456348890293986,0.7085428273769081,0.6560975609756098,0.5428957683957867,0.5439024390243903
38.0,0.7,0.30000000000000004,0.85,0.6167967985223993,0.21456772037520458,0.7086414128091786,0.6585365853658537,0.5428097551101295,0.5439024390243903
40.0,0.7,0.30000000000000004,0.8,0.6167970058598237,0.2145747667405212,0.7085108537231988,0.656910569105691,0.5429175329230197,0.5439024390243903
34.0,0.7,0.30000000000000004,0.75,0.6167970135057312,0.21457317108317583,0.7083856235795039,0.656910569105691,0.5429263190878763,0.5439024390243903
43.0,0.7,0.30000000000000004,0.85,0.6167970629714102,0.214573441357597,0.70857746550176,0.6577235772357723,0.5428698251277793,0.5439024390243903
34.0,0.7,0.30000000000000004,0.8,0.6167970923671717,0.21456817907334044,0.7085081892520564,0.656910569105691,0.5428391682152274,0.5439024390243903
33.0,0.7,0.30000000000000004,0.75,0.6167972140708966,0.21457219524597587,0.7083882880506462,0.656910569105691,0.5429121088821263,0.5439024390243903
43.0,0.95,0.050000000000000044,0.8,0.6167972226954335,0.21456351558474,0.7079806239658522,0.6552845528455284,0.5433762946117837,0.5439024390243903
26.0,0.8,0.19999999999999996,0.7,0.616797285781929,0.2145644617404941,0.7084389130023527,0.6544715447154471,0.543003618574535,0.5439024390243903
45.0,0.75,0.25,0.8,0.6167976065172992,0.2145770867393968,0.708284373676091,0.656910569105691,0.5430583449667666,0.5439024390243903
35.0,0.7,0.30000000000000004,0.75,0.6167977803315589,0.21457451013082685,0.7083429920412248,0.656910569105691,0.5429400092303958,0.5439024390243903
40.0,0.9,0.09999999999999998,0.75,0.616797998200832,0.21456789331172216,0.7080578936289831,0.656910569105691,0.5433117588860223,0.5439024390243903
41.0,0.8,0.19999999999999996,0.75,0.6167982415905143,0.21457477535095262,0.7080285844464161,0.6577235772357723,0.5431695946132932,0.5439024390243903
29.0,0.9,0.09999999999999998,0.9,0.6167983102724363,0.2145386023734952,0.7088972020388533,0.656910569105691,0.542887439701997,0.5439024390243903
40.0,0.75,0.25,0.75,0.6167983852574935,0.214576778390549,0.7081085185806896,0.656910569105691,0.5430790710686696,0.5439024390243903
45.0,1.0,0.0,0.85,0.6167984734283856,0.2145590949815977,0.70808720281155,0.6544715447154471,0.5434411007698077,0.5439024390243903
32.0,0.7,0.30000000000000004,0.75,0.6167985186617436,0.2145716390144806,0.7084442419446375,0.6560975609756098,0.5428973499360448,0.5439024390243903
35.0,0.9,0.09999999999999998,0.7,0.6167986797301278,0.21456764432998213,0.7080658870424104,0.656910569105691,0.5433002598599705,0.5439024390243903
34.0,0.75,0.25,0.7,0.6167987403889049,0.21457555899012776,0.7081058541095471,0.656910569105691,0.5430822046374384,0.5439024390243903
30.0,0.95,0.050000000000000044,0.95,0.6167988051777475,0.21453134853594719,0.7090410834805453,0.6585365853658537,0.54292288224864,0.5439024390243903
44.0,0.7,0.30000000000000004,0.85,0.6167988277370191,0.21457516661562923,0.7085801299729023,0.6577235772357723,0.5428807046580051,0.5439024390243903
37.0,0.7,0.30000000000000004,0.85,0.61679897981767,0.21456736044733393,0.7086467417514635,0.6585365853658537,0.5427964710659359,0.5439024390243903
34.0,0.95,0.050000000000000044,0.7,0.6167989895784094,0.2145639030377464,0.7080525646866982,0.6552845528455284,0.543349428215746,0.5439024390243903
34.0,0.75,0.25,0.9,0.616799087766914,0.21455508001276968,0.7088812152119986,0.656910569105691,0.5427532211212508,0.5439024390243903
25.0,0.9,0.09999999999999998,0.7,0.61679910514678,0.21455862096305542,0.7084149327620707,0.6560975609756098,0.543091706158995,0.5439024390243903
41.0,0.75,0.25,1.0,0.6167991697959825,0.21455442144796807,0.7089211822791354,0.6577235772357723,0.5427093292223636,0.5439024390243903
36.0,0.7,0.30000000000000004,0.75,0.6167993944402024,0.21457616315114114,0.7083643078103643,0.656910569105691,0.5429532061871165,0.5439024390243903
41.0,0.7,0.30000000000000004,0.8,0.616799411935642,0.21457672369508138,0.7085268405500533,0.656910569105691,0.5429290827143611,0.5439024390243903
41.0,0.85,0.15000000000000002,0.75,0.6167995639201616,0.2145723900526451,0.7080205910329888,0.6577235772357723,0.5432481372808324,0.5439024390243903
44.0,0.7,0.30000000000000004,0.9,0.6168003803771108,0.21457128276628748,0.7086653930494606,0.6585365853658537,0.5428012097260574,0.5439024390243903
33.0,0.7,0.30000000000000004,0.8,0.6168004636440892,0.21456831583137367,0.7085987812708994,0.656910569105691,0.5428243756253438,0.5439024390243903
45.0,0.7,0.30000000000000004,0.9,0.6168005830336981,0.2145724684236688,0.7087000311743124,0.6585365853658537,0.542812127843166,0.5439024390243903
36.0,0.8,0.19999999999999996,1.0,0.616800655565317,0.21454443969246784,0.7089584848751296,0.656910569105691,0.5427264459832412,0.5439024390243903
37.0,0.75,0.25,0.95,0.6168006988559616,0.2145544969041371,0.7089291756925625,0.6585365853658537,0.5427244098664132,0.5439024390243903
43.0,0.7,0.30000000000000004,0.9,0.6168007146696093,0.2145702747907031,0.708614768097754,0.6585365853658537,0.5427899432790717,0.5439024390243903
39.0,0.95,0.050000000000000044,0.75,0.616800794262957,0.21456508093859367,0.708015262090704,0.6552845528455284,0.5433728424690537,0.5439024390243903
45.0,0.7,0.30000000000000004,0.85,0.6168010238343025,0.21457703212966003,0.7085748010306175,0.6577235772357723,0.5428912458414851,0.5439024390243903
31.0,0.7,0.30000000000000004,0.75,0.6168010829807813,0.21457156709177155,0.7084415774734952,0.656910569105691,0.5428820116833246,0.5439024390243903
25.0,0.95,0.050000000000000044,0.7,0.6168013581323244,0.21455674842147365,0.7083296696855126,0.6577235772357723,0.5431462212396001,0.5439024390243903
25.0,0.85,0.15000000000000002,0.7,0.6168013761880026,0.2145623464232906,0.7083723012237915,0.6544715447154471,0.5430369363669386,0.5439024390243903
27.0,0.75,0.25,0.7,0.6168013852942803,0.21456994160281884,0.7084069393486434,0.6560975609756098,0.542966248925459,0.5439024390243903
29.0,0.75,0.25,0.8,0.6168014220126492,0.2145608061174738,0.7086813798763154,0.6560975609756098,0.5428279898666619,0.5439024390243903
28.0,0.85,0.15000000000000002,0.85,0.6168014440080872,0.21454752205123567,0.7087506561260188,0.6585365853658537,0.5428643984408225,0.5439024390243903
42.0,0.7,0.30000000000000004,0.9,0.6168016460042943,0.21456946726098336,0.70869736670317,0.6585365853658537,0.5427783121100516,0.5439024390243903
45.0,0.9,0.09999999999999998,0.8,0.6168017237533233,0.21457015421883233,0.7080845383404075,0.656910569105691,0.5433191136677494,0.5439024390243903
37.0,0.7,0.30000000000000004,0.75,0.6168017500842449,0.2145780870884991,0.7083723012237916,0.6577235772357723,0.5429659351349811,0.5439024390243903
28.0,0.85,0.15000000000000002,0.65,0.6168017765081897,0.2145702248486091,0.7081191764652592,0.6552845528455284,0.5431871959842095,0.5439024390243903
36.0,0.7,0.30000000000000004,0.85,0.6168021232860453,0.21456734769354588,0.7086733864628878,0.6577235772357723,0.5427827123341206,0.5439024390243903
27.0,0.85,0.15000000000000002,0.65,0.616802130065159,0.21456958615392552,0.7081804593015356,0.6552845528455284,0.5431668447134997,0.5439024390243903
36.0,0.85,0.15000000000000002,0.7,0.6168021632943208,0.21457288845061562,0.7080019397349917,0.656910569105691,0.5432481582901151,0.5439024390243903
27.0,0.9,0.09999999999999998,0.65,0.616802271353368,0.21456678985688257,0.708231084253242,0.6552845528455284,0.5432208981652624,0.5439024390243903
42.0,0.7,0.30000000000000004,0.8,0.6168023055235723,0.21457884551962958,0.7084842090117742,0.656910569105691,0.5429402552404674,0.5439024390243903
28.0,0.9,0.09999999999999998,0.65,0.6168023932765,0.21456760025531837,0.7081511501189688,0.6552845528455284,0.5432425864236669,0.5439024390243903
36.0,0.8,0.19999999999999996,0.7,0.6168024109838757,0.21457592323384173,0.7080712159846952,0.6577235772357723,0.5431791188242119,0.5439024390243903
31.0,0.75,0.25,0.85,0.6168027812949506,0.21455806892292686,0.7087613140105886,0.656910569105691,0.5427813033534478,0.5439024390243903
29.0,0.8,0.19999999999999996,0.85,0.6168029329611348,0.21455239870587278,0.7087346692991641,0.6577235772357723,0.5428156211050816,0.5439024390243903
31.0,0.8,0.19999999999999996,0.9,0.6168029702062463,0.21454919465208458,0.7088385836737195,0.656910569105691,0.5427786924372814,0.5439024390243903
26.0,0.95,0.050000000000000044,0.8,0.6168029735982494,0.2145462810011207,0.7085748010306174,0.6560975609756098,0.5430213323818769,0.5439024390243903
35.0,0.75,0.25,0.7,0.6168031618617069,0.2145782344969978,0.7080658870424102,0.656910569105691,0.5430963677343316,0.5439024390243903
33.0,1.0,0.0,0.7,0.6168031662149369,0.21456172250113037,0.7080472357444132,0.6560975609756098,0.5433954666893847,0.5439024390243903
41.0,0.7,0.30000000000000004,0.9,0.6168032411112474,0.2145688856256593,0.7087053601165973,0.6585365853658537,0.5427662987850904,0.5439024390243903
31.0,1.0,0.0,1.0,0.6168034168997686,0.214526012483559,0.7091449978551008,0.6552845528455284,0.542970614941128,0.5439024390243903
29.0,0.85,0.15000000000000002,0.65,0.6168035325326168,0.21457172683086406,0.7080685515135527,0.6560975609756098,0.5432067431876295,0.5439024390243903
26.0,0.8,0.19999999999999996,0.75,0.6168036142906906,0.21456119499904427,0.7085481563191929,0.6560975609756098,0.5429164635248236,0.5439024390243903
41.0,0.75,0.25,0.75,0.6168040509161321,0.21457993289132796,0.7081218409364017,0.656910569105691,0.54309108799857,0.5439024390243903
38.0,0.7,0.30000000000000004,0.75,0.6168047540250464,0.2145802442399232,0.7083669722815067,0.6577235772357723,0.5429782196536753,0.5439024390243903
29.0,0.9,0.09999999999999998,0.65,0.616804820164359,0.2145693553544927,0.7081378277632564,0.6552845528455284,0.5432634252219226,0.5439024390243903
26.0,0.9,0.09999999999999998,0.65,0.616804822304341,0.21456708247853867,0.7081937816572479,0.6552845528455284,0.5431983144132747,0.5439024390243903
26.0,0.85,0.15000000000000002,0.65,0.6168049325412303,0.2145699569935481,0.7082417421378118,0.6552845528455284,0.5431456453948105,0.5439024390243903
30.0,0.7,0.30000000000000004,0.75,0.6168050847912745,0.21457205385021555,0.7084682221849197,0.656910569105691,0.5428660615965114,0.5439024390243903
32.0,0.7,0.30000000000000004,0.8,0.6168051441616274,0.2145689479978434,0.7086653930494606,0.656910569105691,0.5428090152566843,0.5439024390243903
26.0,0.9,0.09999999999999998,0.8,0.6168052974919347,0.21454996367169676,0.7086147680977541,0.656910569105691,0.5429582738654237,0.5439024390243903
28.0,0.8,0.19999999999999996,0.65,0.6168053638474881,0.2145745535480048,0.7081165119941168,0.656910569105691,0.5431316274714069,0.5439024390243903
40.0,0.7,0.30000000000000004,0.9,0.6168055741704966,0.21456855836557556,0.7087506561260188,0.6585365853658537,0.5427538847464244,0.5439024390243903
43.0,0.7,0.30000000000000004,0.8,0.6168056284266452,0.21458110963459864,0.7084469064157801,0.6577235772357723,0.5429510681186435,0.5439024390243903
42.0,0.8,0.19999999999999996,0.75,0.6168056803856596,0.21457861871265224,0.708009933148419,0.6577235772357723,0.5431821505661145,0.5439024390243903
27.0,0.95,0.050000000000000044,0.85,0.6168058333542613,0.2145422906999622,0.7087852942508706,0.6577235772357723,0.5429769453276011,0.5439024390243903
25.0,0.9,0.09999999999999998,0.75,0.6168060248377009,0.21455543364947924,0.7084735511272044,0.6577235772357723,0.5430105782001012,0.5439024390243903
27.0,0.8,0.19999999999999996,0.65,0.6168061117841391,0.21457405978161195,0.7081218409364017,0.6560975609756098,0.543112598352063,0.5439024390243903
35.0,0.7,0.30000000000000004,0.85,0.6168063452898824,0.2145677286066813,0.708763978481731,0.6577235772357723,0.5427684539099343,0.5439024390243903
40.0,0.75,0.25,1.0,0.6168063538956345,0.2145557104945891,0.7089451625194173,0.6577235772357723,0.5426949669386166,0.5439024390243903
26.0,1.0,0.0,0.8,0.6168064051555828,0.21454493703368918,0.7086813798763153,0.6560975609756098,0.543084084190833,0.5439024390243903
32.0,0.9,0.09999999999999998,1.0,0.6168064568345398,0.2145342160670256,0.7090757216053971,0.6577235772357723,0.5428241883098455,0.5439024390243903
27.0,0.75,0.25,0.75,0.6168065151472003,0.21456635260122503,0.7086360838668937,0.6560975609756098,0.5428763288886436,0.5439024390243903
29.0,0.8,0.19999999999999996,0.65,0.6168065382682917,0.21457583264197075,0.7081058541095471,0.656910569105691,0.5431498982348023,0.5439024390243903
27.0,0.95,0.050000000000000044,0.65,0.6168065402372412,0.21456567798964377,0.7081271698786866,0.6536585365853659,0.5432747570518028,0.5439024390243903
25.0,0.95,0.050000000000000044,0.75,0.6168065402695443,0.21455287896693034,0.7085028603097714,0.6577235772357723,0.5430685417265946,0.5439024390243903
27.0,1.0,0.0,0.85,0.6168066634607533,0.21453993486255968,0.7088439126160044,0.6560975609756098,0.5430448292997564,0.5439024390243903
31.0,0.7,0.30000000000000004,0.7,0.6168069679155155,0.21457893181255816,0.7082630579069513,0.656910569105691,0.5429727766216175,0.5439024390243903
30.0,0.85,0.15000000000000002,0.65,0.6168071048169805,0.21457396634268514,0.7080472357444132,0.6560975609756098,0.5432255284025548,0.5439024390243903
28.0,0.95,0.050000000000000044,0.65,0.6168072238348131,0.21456668926012037,0.7081111830518321,0.6552845528455284,0.5432977969790173,0.5439024390243903
33.0,0.8,0.19999999999999996,0.95,0.6168073234489251,0.21454797058006422,0.708931840163705,0.6577235772357723,0.5427428926298302,0.5439024390243903
30.0,0.7,0.30000000000000004,0.7,0.6168074277903387,0.21457816009572903,0.7082737157915211,0.656910569105691,0.54295751096863,0.5439024390243903
36.0,0.9,0.09999999999999998,0.7,0.6168076573427952,0.2145721229691309,0.7080578936289831,0.656910569105691,0.5433171372238266,0.5439024390243903
32.0,0.7,0.30000000000000004,0.7,0.6168077168255733,0.21458017644989982,0.7082577289646665,0.656910569105691,0.5429874532515907,0.5439024390243903
38.0,1.0,0.0,0.75,0.6168077870928013,0.21456391489917892,0.7080525646866982,0.6560975609756098,0.5434312080704969,0.5439024390243903
42.0,1.0,0.0,0.8,0.6168079891220943,0.21456380352405227,0.7080312489175585,0.6544715447154471,0.5434448270407457,0.5439024390243903
25.0,1.0,0.0,0.7,0.6168081284611766,0.21455673144911677,0.7083723012237916,0.6577235772357723,0.5432004800966714,0.5439024390243903
41.0,0.9,0.09999999999999998,0.75,0.6168081339902558,0.21457283721872278,0.7080632225712679,0.6577235772357723,0.5433267127040579,0.5439024390243903
25.0,0.8,0.19999999999999996,0.7,0.6168081782736154,0.21456792215283102,0.7084628932426347,0.6544715447154471,0.5429819133988835,0.5439024390243903
27.0,0.8,0.19999999999999996,0.8,0.6168082397641349,0.21455805018562857,0.70856680761719,0.656910569105691,0.5428538925846984,0.5439024390243903
39.0,0.7,0.30000000000000004,0.75,0.6168083239440459,0.21458260154739497,0.7083563143969369,0.6577235772357723,0.5429900818290649,0.5439024390243903
36.0,0.75,0.25,0.7,0.6168083375073269,0.21458119229214676,0.7080152620907039,0.656910569105691,0.5431100217019993,0.5439024390243903
35.0,0.95,0.050000000000000044,0.7,0.6168084272990244,0.21456857235561527,0.7080072686772766,0.6552845528455284,0.5433680643978765,0.5439024390243903
42.0,0.85,0.15000000000000002,0.75,0.6168085296541287,0.2145768446488497,0.7080072686772766,0.6577235772357723,0.5432616440867357,0.5439024390243903
39.0,0.7,0.30000000000000004,0.9,0.6168087277380588,0.21456851739287186,0.7087852942508707,0.6585365853658537,0.5427410502238944,0.5439024390243903
26.0,0.95,0.050000000000000044,0.65,0.6168087626351683,0.2145658670663751,0.7081804593015355,0.6544715447154471,0.5432507745893153,0.5439024390243903
44.0,0.95,0.050000000000000044,0.8,0.6168087739056307,0.21456903865824,0.7079566437255701,0.6552845528455284,0.5433915176412446,0.5439024390243903
26.0,0.75,0.25,0.7,0.6168090896984026,0.21457208350405205,0.7084335840600678,0.6552845528455284,0.5429468573653917,0.5439024390243903
26.0,0.8,0.19999999999999996,0.65,0.6168090937557802,0.2145744858738122,0.7081884527149629,0.6560975609756098,0.5430927690142666,0.5439024390243903
30.0,0.9,0.09999999999999998,0.65,0.6168092334913475,0.21457191878656043,0.708068551513553,0.6552845528455284,0.5432834586295547,0.5439024390243903
29.0,0.7,0.30000000000000004,0.7,0.6168092809755982,0.2145779394221918,0.7082630579069513,0.656910569105691,0.542941622944654,0.5439024390243903
44.0,0.7,0.30000000000000004,0.8,0.6168093287253423,0.21458349604006197,0.708452235358065,0.6577235772357723,0.5429615378980996,0.5439024390243903
30.0,0.8,0.19999999999999996,0.65,0.6168093660758195,0.21457778157934038,0.7080898672826924,0.656910569105691,0.5431674506704973,0.5439024390243903
37.0,0.8,0.19999999999999996,0.7,0.6168094359458969,0.2145796058777902,0.7079966107927068,0.6577235772357723,0.543193312556968,0.5439024390243903
33.0,0.75,0.25,0.9,0.6168094842174368,0.21455765244386818,0.7088678928562865,0.656910569105691,0.5427360221026637,0.5439024390243903
33.0,0.7,0.30000000000000004,0.7,0.6168095139686838,0.2145818264633832,0.7082444066089543,0.656910569105691,0.5430015722682596,0.5439024390243903
36.0,0.75,0.25,0.95,0.6168098950662069,0.2145565468883313,0.7089158533368504,0.6577235772357723,0.5427084632716048,0.5439024390243903
42.0,0.75,0.25,0.75,0.6168101251846937,0.21458322507750024,0.7081111830518321,0.656910569105691,0.5431027131109349,0.5439024390243903
29.0,0.95,0.050000000000000044,0.65,0.6168104160416067,0.21456873013324265,0.7080951962249773,0.6552845528455284,0.5433199423908587,0.5439024390243903
25.0,0.9,0.09999999999999998,0.65,0.6168104720827219,0.21456866235132963,0.7082683868492363,0.6552845528455284,0.5431747875009251,0.5439024390243903
37.0,0.85,0.15000000000000002,0.7,0.6168105242340145,0.21457710596316434,0.7080259199752738,0.656910569105691,0.5432633932865704,0.5439024390243903
25.0,0.85,0.15000000000000002,0.65,0.6168105774595338,0.21457150784061732,0.7082577289646664,0.6552845528455284,0.543123552456229,0.5439024390243903
25.0,0.85,0.15000000000000002,0.75,0.6168105967895636,0.21456006398206637,0.7086041102131844,0.6577235772357723,0.5429523261406458,0.5439024390243903
29.0,0.7,0.30000000000000004,0.75,0.6168107274560073,0.21457318494855177,0.7085934523286147,0.656910569105691,0.5428494651437957,0.5439024390243903
31.0,0.7,0.30000000000000004,0.8,0.6168113056335429,0.21457014654335366,0.7087639784817311,0.656910569105691,0.542793055575563,0.5439024390243903
27.0,0.9,0.09999999999999998,0.85,0.6168114854216387,0.21454726252284398,0.7087373337703067,0.656910569105691,0.5429087415434204,0.5439024390243903
45.0,0.7,0.30000000000000004,0.95,0.6168115677656666,0.21457209420449289,0.7087826297797283,0.6585365853658537,0.5427342985296173,0.5439024390243903
34.0,0.7,0.30000000000000004,0.85,0.6168117766771536,0.2145685558396992,0.7088252613180074,0.6577235772357723,0.5427536690927773,0.5439024390243903
28.0,1.0,0.0,0.9,0.6168119178045379,0.21453701207796302,0.7090117742979785,0.656910569105691,0.5430081780937334,0.5439024390243903
40.0,0.95,0.050000000000000044,0.75,0.6168121001822543,0.21457050930206845,0.7079646371389974,0.6552845528455284,0.5433893442207042,0.5439024390243903
25.0,1.0,0.0,0.75,0.6168121344678115,0.21455240279263776,0.7084708866560621,0.656910569105691,0.5431262149429918,0.5439024390243903
34.0,0.7,0.30000000000000004,0.7,0.6168122193850617,0.21458382334692516,0.7082150974263872,0.656910569105691,0.543015163186251,0.5439024390243903
31.0,0.85,0.15000000000000002,0.65,0.6168122392639276,0.21457683501353916,0.7079912818504219,0.656910569105691,0.5432435916340482,0.5439024390243903
40.0,0.7,0.30000000000000004,0.75,0.6168123870758886,0.21458512999238494,0.7083216762720852,0.6577235772357723,0.5430015423542618,0.5439024390243903
31.0,0.85,0.15000000000000002,0.95,0.6168125223856383,0.21454384045589053,0.7089424980482749,0.6577235772357723,0.5427849291256677,0.5439024390243903
28.0,0.7,0.30000000000000004,0.7,0.6168127399951648,0.21457836033264407,0.7083003605029456,0.656910569105691,0.5429250772618526,0.5439024390243903
38.0,0.7,0.30000000000000004,0.9,0.6168127938030973,0.2145687985096749,0.7088012810777252,0.6585365853658537,0.5427277741399579,0.5439024390243903
34.0,1.0,0.0,0.7,0.616812842085476,0.21456648472247222,0.7080099331484191,0.6560975609756098,0.5434159843973889,0.5439024390243903
33.0,0.85,0.15000000000000002,1.0,0.6168128842396762,0.21454121620028535,0.709009109826836,0.6577235772357723,0.5427586579202323,0.5439024390243903
30.0,0.9,0.09999999999999998,0.95,0.6168131438790763,0.21453962601992488,0.7089824651154115,0.6577235772357723,0.5428425547415681,0.5439024390243903
28.0,0.75,0.25,0.65,0.6168131459868043,0.21458057695509178,0.7080978606961198,0.656910569105691,0.5430758826990457,0.5439024390243903
31.0,0.95,0.050000000000000044,1.0,0.6168132890839606,0.21453240366742715,0.7091263465571036,0.656910569105691,0.5428853181039928,0.5439024390243903
45.0,0.7,0.30000000000000004,0.8,0.6168133600596394,0.21458598700726114,0.7083882880506462,0.6577235772357723,0.5429716801374158,0.5439024390243903
26.0,0.85,0.15000000000000002,0.8,0.6168133795005772,0.21455597812166569,0.7086813798763153,0.6577235772357723,0.5428949110446286,0.5439024390243903
43.0,0.8,0.19999999999999996,0.75,0.6168135033080074,0.21458259037582736,0.7079673016101399,0.6577235772357723,0.5431943061149596,0.5439024390243903
44.0,0.7,0.30000000000000004,0.95,0.6168135069496842,0.214571638781559,0.7088012810777253,0.6585365853658537,0.5427230246533025,0.5439024390243903
31.0,0.8,0.19999999999999996,0.65,0.6168136146352848,0.21458030101175435,0.7080552291578406,0.656910569105691,0.5431843228128188,0.5439024390243903
28.0,0.75,0.25,0.8,0.6168137336631593,0.214564399616424,0.7087160180011671,0.6552845528455284,0.5428085661746233,0.5439024390243903
29.0,0.75,0.25,0.65,0.6168138229332022,0.21458166100395315,0.7080898672826923,0.656910569105691,0.5430928923079742,0.5439024390243903
28.0,0.95,0.050000000000000044,0.9,0.6168141185952152,0.21454052021448655,0.7089025309811383,0.6577235772357723,0.5429351155514577,0.5439024390243903
37.0,0.75,0.25,0.7,0.6168141631430515,0.2145843896597563,0.7079966107927067,0.656910569105691,0.5431231924033558,0.5439024390243903
27.0,0.75,0.25,0.65,0.6168142122443823,0.21458020369750233,0.708159143532396,0.6560975609756098,0.5430581607445915,0.5439024390243903
25.0,0.95,0.050000000000000044,0.65,0.6168143503704393,0.2145674548500821,0.7081804593015355,0.6552845528455284,0.5432257999019663,0.5439024390243903
25.0,0.8,0.19999999999999996,0.65,0.6168146718232334,0.21457598891657484,0.7081831237726779,0.6544715447154471,0.5430720960522224,0.5439024390243903
39.0,0.75,0.25,1.0,0.6168147554024984,0.21455742988818224,0.7089638138174145,0.6577235772357723,0.5426801292907205,0.5439024390243903
24.0,0.9,0.09999999999999998,0.7,0.6168148440949959,0.21456412850770784,0.7083643078103643,0.656910569105691,0.5430659462101971,0.5439024390243903
27.0,1.0,0.0,0.65,0.6168149416316284,0.2145662577095989,0.7080552291578406,0.656910569105691,0.5433284197258232,0.5439024390243903
30.0,0.75,0.25,0.85,0.6168149998784819,0.2145614591632942,0.70881726790458,0.6560975609756098,0.5427626859287836,0.5439024390243903
35.0,0.8,0.19999999999999996,1.0,0.6168152182857468,0.21454837033946336,0.7089931229999813,0.656910569105691,0.5427080552246452,0.5439024390243903
31.0,0.9,0.09999999999999998,0.65,0.6168153569024207,0.2145751728441203,0.7080232555041314,0.656910569105691,0.5433027285679259,0.5439024390243903
35.0,0.7,0.30000000000000004,0.7,0.6168157108537291,0.2145861163384763,0.708159143532396,0.656910569105691,0.5430282536953573,0.5439024390243903
30.0,0.95,0.050000000000000044,0.65,0.6168157722780111,0.21457165329826328,0.7080312489175586,0.6552845528455284,0.5433412392869013,0.5439024390243903
29.0,0.85,0.15000000000000002,0.9,0.6168157725814553,0.2145482275702034,0.7089291756925628,0.6577235772357723,0.5428120570765644,0.5439024390243903
30.0,0.75,0.25,0.65,0.6168159976062928,0.21458335029463993,0.7080738804558377,0.6577235772357723,0.5431092274901809,0.5439024390243903
43.0,0.7,0.30000000000000004,0.95,0.6168160936100545,0.21457140003438407,0.7088119389622951,0.6585365853658537,0.5427113932434919,0.5439024390243903
28.0,1.0,0.0,0.65,0.6168162782457762,0.21456750145069492,0.7080738804558377,0.6560975609756098,0.5433528258426372,0.5439024390243903
24.0,0.85,0.15000000000000002,0.7,0.6168164466067066,0.21456755392668198,0.7084735511272046,0.6552845528455284,0.5430127487173749,0.5439024390243903
43.0,0.75,0.25,0.75,0.6168165515688313,0.21458663282988993,0.7080845383404075,0.656910569105691,0.5431139646243918,0.5439024390243903
26.0,1.0,0.0,0.65,0.6168167534097315,0.214566315521881,0.7081165119941168,0.656910569105691,0.5433030244556147,0.5439024390243903
41.0,0.7,0.30000000000000004,0.75,0.6168168790291471,0.21458780407642253,0.7083110183875153,0.6577235772357723,0.5430126206266642,0.5439024390243903
38.0,0.8,0.19999999999999996,0.7,0.6168170772624078,0.2145835142412499,0.7079779594947098,0.6577235772357723,0.543207015526532,0.5439024390243903
26.0,0.75,0.25,0.65,0.6168173066414318,0.21458066440788573,0.7082390776666694,0.6560975609756098,0.5430396867648332,0.5439024390243903
37.0,0.9,0.09999999999999998,0.7,0.6168174979183403,0.21457692812314558,0.7080259199752736,0.656910569105691,0.5433334317069664,0.5439024390243903
24.0,0.95,0.050000000000000044,0.7,0.6168177047748048,0.2145625382329361,0.7083829591083614,0.6577235772357723,0.54311887391964,0.5439024390243903
37.0,0.7,0.30000000000000004,0.9,0.6168178749975648,0.21456944193672883,0.7088359192025772,0.6585365853658537,0.5427140340084726,0.5439024390243903
43.0,0.85,0.15000000000000002,0.75,0.6168179126873427,0.214581440948654,0.70796730161014,0.6577235772357723,0.5432747235061337,0.5439024390243903
27.0,0.7,0.30000000000000004,0.7,0.6168180501822688,0.21457952799145047,0.7084255906466405,0.656910569105691,0.5429078367523169,0.5439024390243903
28.0,0.7,0.30000000000000004,0.75,0.6168182441392874,0.21457505925993067,0.7086174325688966,0.656910569105691,0.5428321857899222,0.5439024390243903
33.0,0.7,0.30000000000000004,0.85,0.6168185648221883,0.2145698891223488,0.7088572349717166,0.6577235772357723,0.5427383293760236,0.5439024390243903
32.0,0.85,0.15000000000000002,0.65,0.6168187153249495,0.21458023927608413,0.707961972667855,0.656910569105691,0.5432609707406748,0.5439024390243903
42.0,0.9,0.09999999999999998,0.75,0.616818797798665,0.21457796704321286,0.7080472357444133,0.656910569105691,0.5433411904386182,0.5439024390243903
36.0,0.95,0.050000000000000044,0.7,0.616818957591079,0.21457366256610116,0.7079779594947098,0.6552845528455284,0.5433860526960742,0.5439024390243903
32.0,0.8,0.19999999999999996,0.65,0.6168190823343629,0.2145833053048337,0.7080099331484191,0.6577235772357723,0.5432005506361458,0.5439024390243903
30.0,0.7,0.30000000000000004,0.8,0.616819143278373,0.21457199272833763,0.7087559850683036,0.656910569105691,0.5427764630251433,0.5439024390243903
26.0,0.75,0.25,0.75,0.6168192259946638,0.21457031326335793,0.708668057520603,0.6552845528455284,0.5428560753700256,0.5439024390243903
42.0,0.7,0.30000000000000004,0.95,0.6168193950035356,0.21457140333119856,0.7088678928562864,0.6585365853658537,0.5426993875484809,0.5439024390243903
31.0,0.75,0.25,0.65,0.6168194580371714,0.2145855541843351,0.7080472357444133,0.6577235772357723,0.543124924255754,0.5439024390243903
25.0,0.75,0.25,0.7,0.6168195187536556,0.21457534550237498,0.7085348339634807,0.6552845528455284,0.5429266388134119,0.5439024390243903
24.0,0.85,0.15000000000000002,0.65,0.6168195224063121,0.2145744379198382,0.7082630579069513,0.6552845528455284,0.5431005192364013,0.5439024390243903
38.0,0.85,0.15000000000000002,0.7,0.6168195621546788,0.21458157393191343,0.7079673016101399,0.656910569105691,0.5432781057226187,0.5439024390243903
24.0,0.9,0.09999999999999998,0.65,0.616819715138639,0.21457174440505555,0.7083003605029455,0.6552845528455284,0.5431502686599761,0.5439024390243903
36.0,0.7,0.30000000000000004,0.7,0.6168198814758981,0.21458866132856888,0.7081111830518318,0.656910569105691,0.5430408697473393,0.5439024390243903
39.0,1.0,0.0,0.75,0.6168202287624158,0.2145698086528681,0.7079939463215644,0.6552845528455284,0.5434493639876214,0.5439024390243903
25.0,0.8,0.19999999999999996,0.75,0.616820265164739,0.21456676710502218,0.7085428273769081,0.6560975609756098,0.5428937873560996,0.5439024390243903
30.0,0.8,0.19999999999999996,0.9,0.6168203000315959,0.2145544058757825,0.7089051954522807,0.6577235772357723,0.5427579396409736,0.5439024390243903
29.0,1.0,0.0,0.65,0.6168203354897424,0.21456986322696486,0.7080019397349917,0.6560975609756098,0.5433762927453702,0.5439024390243903
38.0,0.75,0.25,0.7,0.6168205472999747,0.2145877893324051,0.7080046042061341,0.6577235772357723,0.5431359040727132,0.5439024390243903
35.0,0.75,0.25,0.95,0.6168206819614072,0.2145591794985825,0.7089078599234231,0.656910569105691,0.5426919508534769,0.5439024390243903
45.0,0.95,0.050000000000000044,0.8,0.6168208090926968,0.21457472760432766,0.7079593081967125,0.6552845528455284,0.5434062831038196,0.5439024390243903
28.0,0.8,0.19999999999999996,0.85,0.6168208998256892,0.21455803776274815,0.7087320048280218,0.6585365853658537,0.5427939412964435,0.5439024390243903
43.0,1.0,0.0,0.8,0.6168211061491361,0.21456996672830408,0.7079939463215643,0.6544715447154471,0.5434615731861058,0.5439024390243903
29.0,1.0,0.0,0.95,0.6168213243832674,0.21453584121299388,0.709105030787964,0.6560975609756098,0.5429738903818457,0.5439024390243903
44.0,0.8,0.19999999999999996,0.75,0.6168216546209977,0.21458666859358722,0.7079326634852882,0.6577235772357723,0.5432060794505192,0.5439024390243903
42.0,0.7,0.30000000000000004,0.75,0.6168217427662521,0.21459060137432612,0.708249735551239,0.6577235772357723,0.543023334839975,0.5439024390243903
32.0,0.75,0.25,0.9,0.6168218075915458,0.21456095180975307,0.7088838796831411,0.6560975609756098,0.5427181780214481,0.5439024390243903
25.0,1.0,0.0,0.65,0.616822207259674,0.21456788774111926,0.7081458211766838,0.6560975609756098,0.5432765883924044,0.5439024390243903
24.0,0.8,0.19999999999999996,0.7,0.6168225251466166,0.21457281462168754,0.7084415774734951,0.6544715447154471,0.542959282713366,0.5439024390243903
25.0,0.75,0.25,0.65,0.6168227607541932,0.21458210317987128,0.7082897026183759,0.6560975609756098,0.5430204195904632,0.5439024390243903
32.0,0.9,0.09999999999999998,0.65,0.6168229501751237,0.2145790157334025,0.7079886173792794,0.656910569105691,0.5433212747304476,0.5439024390243903
31.0,0.95,0.050000000000000044,0.65,0.6168229931373927,0.21457533139799012,0.7079566437255701,0.6552845528455284,0.5433617314494862,0.5439024390243903
24.0,0.8,0.19999999999999996,0.65,0.6168232677292519,0.21457875282409897,0.7082603934358089,0.6544715447154471,0.5430505349886151,0.5439024390243903
44.0,0.75,0.25,0.75,0.6168232799189749,0.2145901366478172,0.7080658870424106,0.656910569105691,0.543124859660913,0.5439024390243903
41.0,0.7,0.30000000000000004,0.95,0.6168234855704008,0.21457167693270565,0.7089265112214203,0.6585365853658537,0.5426869897522817,0.5439024390243903
28.0,0.9,0.09999999999999998,0.9,0.6168235796391487,0.21454693907096192,0.7089424980482748,0.6577235772357723,0.5428617237581609,0.5439024390243903
27.0,0.85,0.15000000000000002,0.85,0.6168236139708743,0.21455483813707837,0.7087879587220131,0.6577235772357723,0.5428402210683585,0.5439024390243903
24.0,0.95,0.050000000000000044,0.65,0.616823835764256,0.21457067236251384,0.7081857882438203,0.6552845528455284,0.5431997821925703,0.5439024390243903
35.0,1.0,0.0,0.7,0.6168238924569889,0.2145717841962594,0.7079992752638493,0.6552845528455284,0.5434357843150275,0.5439024390243903
32.0,0.75,0.25,0.65,0.6168240208122804,0.21458819467720536,0.7079992752638493,0.6577235772357723,0.5431400166464855,0.5439024390243903
41.0,0.95,0.050000000000000044,0.75,0.6168240712144848,0.21457617875306198,0.7079566437255701,0.6552845528455284,0.5434053174745475,0.5439024390243903
36.0,0.7,0.30000000000000004,0.9,0.6168240859837646,0.2145704929241962,0.7089025309811382,0.6577235772357723,0.5426998058278566,0.5439024390243903
32.0,0.8,0.19999999999999996,0.95,0.6168242737613311,0.21455289554283763,0.708966478288557,0.6577235772357723,0.5427230199935844,0.5439024390243903
38.0,0.75,0.25,1.0,0.6168244983049854,0.21455962751325516,0.7090117742979785,0.656910569105691,0.5426647929083411,0.5439024390243903
37.0,0.7,0.30000000000000004,0.7,0.6168246376208435,0.21459141993683847,0.7080978606961198,0.656910569105691,0.543053035651766,0.5439024390243903
24.0,1.0,0.0,0.7,0.616825016129127,0.21456278295002112,0.7084229261754981,0.6577235772357723,0.5431715306018413,0.5439024390243903
28.0,0.7,0.30000000000000004,0.65,0.6168251139880092,0.21458828576300784,0.708159143532396,0.656910569105691,0.543019963483809,0.5439024390243903
39.0,0.8,0.19999999999999996,0.7,0.6168252458016619,0.21458761220662928,0.7079459858410004,0.6577235772357723,0.5432202518055275,0.5439024390243903
29.0,0.7,0.30000000000000004,0.65,0.6168253725218417,0.21458920026665435,0.708159143532396,0.656910569105691,0.5430357273493281,0.5439024390243903
26.0,0.7,0.30000000000000004,0.7,0.6168254954581969,0.21458156484256868,0.708452235358065,0.656910569105691,0.5428898625159433,0.5439024390243903
33.0,0.8,0.19999999999999996,0.65,0.6168255941311656,0.2145867205151676,0.7079779594947098,0.6577235772357723,0.5432161680542403,0.5439024390243903
33.0,0.85,0.15000000000000002,0.65,0.6168263412364882,0.21458409820392868,0.7079726305524249,0.656910569105691,0.5432777014309469,0.5439024390243903
27.0,0.7,0.30000000000000004,0.65,0.6168264274987612,0.2145880109144551,0.7081511501189688,0.656910569105691,0.5430035335626415,0.5439024390243903
30.0,1.0,0.0,0.65,0.6168267418832595,0.21457318445448537,0.7080125976195615,0.6552845528455284,0.5433988683021546,0.5439024390243903
32.0,0.7,0.30000000000000004,0.85,0.6168268760001668,0.21457179633478027,0.7088758862697138,0.6577235772357723,0.5427224043414247,0.5439024390243903
43.0,0.7,0.30000000000000004,0.75,0.6168269277189834,0.21459350214898534,0.7082337487243845,0.6577235772357723,0.5430337020706679,0.5439024390243903
29.0,0.95,0.050000000000000044,0.95,0.6168269742130055,0.21454063786008615,0.7090757216053972,0.6577235772357723,0.542895608919975,0.5439024390243903
30.0,0.7,0.30000000000000004,0.65,0.6168269802548921,0.2145906584682642,0.7081245054075442,0.656910569105691,0.5430508609106387,0.5439024390243903
26.0,0.8,0.19999999999999996,0.8,0.6168272228590694,0.21456431746695337,0.7086041102131843,0.6577235772357723,0.5428312463536807,0.5439024390243903
39.0,0.75,0.25,0.7,0.6168274095852371,0.21459135876358537,0.7079832884369945,0.6577235772357723,0.543148179420278,0.5439024390243903
44.0,0.85,0.15000000000000002,0.75,0.6168276513835302,0.2145861548283957,0.7079113477161485,0.6577235772357723,0.5432873947842248,0.5439024390243903
27.0,0.7,0.30000000000000004,0.75,0.6168279028194733,0.21457779117999204,0.708620097040039,0.656910569105691,0.542814185062203,0.5439024390243903
38.0,0.9,0.09999999999999998,0.7,0.6168280789790859,0.21458200982743478,0.7079939463215643,0.656910569105691,0.5433491717802877,0.5439024390243903
40.0,0.7,0.30000000000000004,0.95,0.6168284477939394,0.21457225235919064,0.7089531559328448,0.6577235772357723,0.542674180890329,0.5439024390243903
27.0,0.75,0.25,0.8,0.6168287476422802,0.2145690701767745,0.7087453271837338,0.6552845528455284,0.5427883449399024,0.5439024390243903
24.0,0.9,0.09999999999999998,0.75,0.616828790456926,0.21456355196679544,0.7085428273769081,0.6577235772357723,0.5429836473106372,0.5439024390243903
29.0,0.7,0.30000000000000004,0.8,0.6168288795058668,0.21457457979373093,0.7087879587220132,0.656910569105691,0.542759201982188,0.5439024390243903
25.0,0.95,0.050000000000000044,0.8,0.6168290761519599,0.21455549013863218,0.7086547351648907,0.6560975609756098,0.5429927035190584,0.5439024390243903
39.0,0.85,0.15000000000000002,0.7,0.6168291787362153,0.214586252484288,0.7079273345430033,0.6577235772357723,0.5432923210086319,0.5439024390243903
33.0,0.75,0.25,0.65,0.6168295269311831,0.21459120454001732,0.707961972667855,0.6577235772357723,0.543154536737771,0.5439024390243903
26.0,0.7,0.30000000000000004,0.65,0.6168295721726995,0.21458848790945909,0.708231084253242,0.656910569105691,0.5429864001523489,0.5439024390243903
29.0,0.75,0.25,0.85,0.6168296133344545,0.2145657817160602,0.7088119389622951,0.6560975609756098,0.5427433310486528,0.5439024390243903
31.0,0.7,0.30000000000000004,0.65,0.616829745085521,0.21459257811181665,0.7080898672826924,0.656910569105691,0.543065398101067,0.5439024390243903
38.0,0.7,0.30000000000000004,0.7,0.6168298971740842,0.21459435872822194,0.70808720281155,0.6577235772357723,0.543064774175613,0.5439024390243903
43.0,0.9,0.09999999999999998,0.75,0.6168299132992514,0.21458325266684544,0.7079939463215643,0.656910569105691,0.5433552136381465,0.5439024390243903
45.0,0.8,0.19999999999999996,0.75,0.6168300847974173,0.21459083416574481,0.7079113477161486,0.656910569105691,0.5432174876912885,0.5439024390243903
45.0,0.75,0.25,0.75,0.6168302656910779,0.21459371933155139,0.7080099331484191,0.6577235772357723,0.5431354143246186,0.5439024390243903
24.0,0.95,0.050000000000000044,0.75,0.6168303156479266,0.21456143981425788,0.70856680761719,0.6577235772357723,0.5430399378485176,0.5439024390243903
25.0,0.9,0.09999999999999998,0.8,0.616830388926561,0.21455873619498622,0.7086627285783182,0.656910569105691,0.542931344772207,0.5439024390243903
37.0,0.95,0.050000000000000044,0.7,0.6168304286654787,0.2145791114241812,0.7079646371389974,0.6552845528455284,0.5434034248721086,0.5439024390243903
24.0,0.75,0.25,0.65,0.6168309615159554,0.21458468901969313,0.7082950315606606,0.6552845528455284,0.5430003170045012,0.5439024390243903
35.0,0.7,0.30000000000000004,0.9,0.6168315550502242,0.2145720024593151,0.708931840163705,0.6585365853658537,0.5426850639697547,0.5439024390243903
33.0,0.9,0.09999999999999998,0.65,0.6168318041421007,0.2145833592723679,0.7079752950235673,0.656910569105691,0.5433391345758306,0.5439024390243903
32.0,0.95,0.050000000000000044,0.65,0.6168318179848941,0.214579654119548,0.7079353279564307,0.6552845528455284,0.543381460356634,0.5439024390243903
24.0,1.0,0.0,0.65,0.6168318743680632,0.21457122186032085,0.7081644724746807,0.656910569105691,0.5432490587886883,0.5439024390243903
34.0,0.8,0.19999999999999996,1.0,0.6168319628236733,0.21455310910635061,0.7090011164134087,0.656910569105691,0.5426890134881535,0.5439024390243903
24.0,0.85,0.15000000000000002,0.75,0.6168322869558461,0.21456772083164793,0.7086147680977543,0.6577235772357723,0.5429270512609787,0.5439024390243903
23.0,0.85,0.15000000000000002,0.65,0.6168323010420432,0.21457898071211917,0.7082950315606606,0.6552845528455284,0.5430764987450531,0.5439024390243903
31.0,0.9,0.09999999999999998,1.0,0.6168323449709454,0.21454242151618902,0.7091423333839584,0.6577235772357723,0.5427997175473454,0.5439024390243903
44.0,0.7,0.30000000000000004,0.75,0.6168323890197404,0.21459648901843847,0.7082417421378118,0.6577235772357723,0.5430437383586971,0.5439024390243903
34.0,0.8,0.19999999999999996,0.65,0.6168329978080578,0.21459048269397374,0.7079459858410004,0.6577235772357723,0.5432312069639554,0.5439024390243903
24.0,0.75,0.25,0.7,0.616833092870649,0.21457991070299356,0.708548156319193,0.6544715447154471,0.5429055494984858,0.5439024390243903
23.0,0.9,0.09999999999999998,0.65,0.6168331271077693,0.21457658008257846,0.7083110183875153,0.6560975609756098,0.5431247088251168,0.5439024390243903
34.0,0.75,0.25,0.95,0.6168332338111228,0.21456246417007802,0.7089877940576965,0.6552845528455284,0.5426748429039774,0.5439024390243903
25.0,1.0,0.0,0.8,0.6168334247700887,0.21455455262493542,0.7087240114145944,0.6560975609756098,0.5430537361523096,0.5439024390243903
32.0,0.7,0.30000000000000004,0.65,0.616833501061502,0.21459488854447775,0.7080152620907039,0.656910569105691,0.5430793709823952,0.5439024390243903
40.0,1.0,0.0,0.75,0.6168335043717144,0.21457601184133965,0.7079699660812825,0.6544715447154471,0.5434669350807771,0.5439024390243903
45.0,0.7,0.30000000000000004,1.0,0.6168335318249013,0.21457571892933006,0.7089638138174145,0.6577235772357723,0.5426577307467131,0.5439024390243903
40.0,0.8,0.19999999999999996,0.7,0.6168338630774582,0.21459186816134762,0.707890031947009,0.656910569105691,0.5432330439711184,0.5439024390243903
30.0,1.0,0.0,1.0,0.6168341653899402,0.2145361430990104,0.7092089451625195,0.6552845528455284,0.542941753720475,0.5439024390243903
26.0,0.95,0.050000000000000044,0.85,0.616834255991239,0.21455215485450935,0.7088385836737194,0.656910569105691,0.5429483674572293,0.5439024390243903
39.0,0.7,0.30000000000000004,0.95,0.6168343731772319,0.2145731648107957,0.708985129586554,0.6585365853658537,0.5426609407585246,0.5439024390243903
40.0,0.75,0.25,0.7,0.6168346792744269,0.2145950695056473,0.7079486503121427,0.6577235772357723,0.5431600397343304,0.5439024390243903
44.0,1.0,0.0,0.8,0.6168348239282899,0.2145763423995086,0.7079646371389974,0.6544715447154471,0.5434778134786976,0.5439024390243903
25.0,0.7,0.30000000000000004,0.65,0.6168348500894979,0.2145898482324532,0.7083003605029455,0.656910569105691,0.5429685243895269,0.5439024390243903
34.0,0.85,0.15000000000000002,0.65,0.6168349500039813,0.21458834169557972,0.7079513147832852,0.656910569105691,0.5432938173068254,0.5439024390243903
25.0,0.75,0.25,0.75,0.6168350394229118,0.2145755401556026,0.7087053601165971,0.6560975609756098,0.5428349636847631,0.5439024390243903
32.0,0.85,0.15000000000000002,1.0,0.6168350820678655,0.2145480032522106,0.7090650637208273,0.6560975609756098,0.5427366425210716,0.5439024390243903
31.0,1.0,0.0,0.65,0.6168351741751279,0.21457732781497107,0.7078926964181513,0.6552845528455284,0.5434205981001524,0.5439024390243903
23.0,0.9,0.09999999999999998,0.7,0.6168353170058964,0.2145716128633096,0.7084016104063584,0.656910569105691,0.5430391023470365,0.5439024390243903
23.0,0.8,0.19999999999999996,0.65,0.6168353742254299,0.21458299352462396,0.7083296696855124,0.6544715447154471,0.543028040991253,0.5439024390243903
25.0,0.7,0.30000000000000004,0.7,0.6168354053088588,0.21458461382159894,0.7084442419446376,0.6560975609756098,0.5428711141919702,0.5439024390243903
39.0,0.7,0.30000000000000004,0.7,0.6168355880387465,0.21459744854573623,0.7080712159846954,0.6577235772357723,0.5430761066429788,0.5439024390243903
30.0,0.85,0.15000000000000002,0.95,0.616835710717631,0.21455115656575377,0.7090171032402635,0.656910569105691,0.5427619266646991,0.5439024390243903
37.0,0.75,0.25,1.0,0.6168357200888588,0.214562356806368,0.709033090067118,0.656910569105691,0.5426489328714443,0.5439024390243903
34.0,0.75,0.25,0.65,0.6168358383275745,0.21459452572468216,0.7078980253604363,0.6577235772357723,0.5431685146821987,0.5439024390243903
23.0,0.85,0.15000000000000002,0.7,0.6168358710786455,0.21457457967203034,0.7084682221849197,0.656910569105691,0.5429875328194305,0.5439024390243903
26.0,1.0,0.0,0.85,0.6168359742836074,0.21455018907332216,0.708889208625426,0.6560975609756098,0.5430145058147325,0.5439024390243903
36.0,1.0,0.0,0.7,0.6168361301022901,0.21457754378936425,0.70796730161014,0.6552845528455284,0.5434549017227688,0.5439024390243903
31.0,0.75,0.25,0.9,0.6168362844397349,0.21456507076285242,0.7088998665099957,0.6560975609756098,0.5426996536306075,0.5439024390243903
42.0,0.95,0.050000000000000044,0.75,0.6168366132763158,0.21458205190494697,0.7079752950235672,0.6552845528455284,0.5434207862674465,0.5439024390243903
24.0,1.0,0.0,0.75,0.6168368470007107,0.2145613839183243,0.7085694720883327,0.656910569105691,0.5430959214177198,0.5439024390243903
31.0,0.7,0.30000000000000004,0.85,0.6168368981597366,0.21457435476916015,0.708865228385144,0.6585365853658537,0.5427058615642775,0.5439024390243903
25.0,0.85,0.15000000000000002,0.8,0.6168373739831365,0.21456428777781422,0.7087133535300246,0.656910569105691,0.5428696619725023,0.5439024390243903
45.0,0.85,0.15000000000000002,0.75,0.6168376909491415,0.21459096496849128,0.7078553938221572,0.6585365853658537,0.5432996760416733,0.5439024390243903
44.0,0.7,0.30000000000000004,1.0,0.616837752138344,0.21457604040600417,0.7089851295865541,0.6577235772357723,0.542646121474367,0.5439024390243903
23.0,0.95,0.050000000000000044,0.65,0.6168378374763571,0.21457578940796873,0.7082284197820995,0.6560975609756098,0.5431726704045828,0.5439024390243903
45.0,0.7,0.30000000000000004,0.75,0.6168380868319865,0.21459954666750397,0.7081698014169657,0.6577235772357723,0.5430534587824614,0.5439024390243903
33.0,0.7,0.30000000000000004,0.65,0.6168381045451665,0.21459752897007564,0.7079353279564305,0.656910569105691,0.5430928097490081,0.5439024390243903
26.0,0.85,0.15000000000000002,0.6,0.6168386116362068,0.21458830494653838,0.7079539792544276,0.6560975609756098,0.5432331459406005,0.5439024390243903
26.0,0.9,0.09999999999999998,0.85,0.616838902791526,0.21455669797579027,0.7087799653085858,0.6577235772357723,0.5428818870069232,0.5439024390243903
25.0,0.85,0.15000000000000002,0.6,0.6168391245534597,0.2145879483989934,0.7080205910329889,0.6552845528455284,0.5432122356284846,0.5439024390243903
23.0,0.95,0.050000000000000044,0.7,0.6168391789919554,0.21457046899958568,0.7084522353580649,0.6577235772357723,0.543090387741076,0.5439024390243903
40.0,0.85,0.15000000000000002,0.7,0.6168392873214591,0.21459110667451486,0.7078793740624392,0.6585365853658537,0.5433060629889425,0.5439024390243903
39.0,0.9,0.09999999999999998,0.7,0.6168392925600399,0.21458732426796198,0.7079273345430032,0.656910569105691,0.5433643841662754,0.5439024390243903
26.0,0.8,0.19999999999999996,0.6,0.6168399523580876,0.21459166259791027,0.7079859529081369,0.656910569105691,0.5431839736732879,0.5439024390243903
26.0,0.7,0.30000000000000004,0.75,0.6168400122980362,0.21458151340171583,0.7086547351648907,0.6560975609756098,0.5427954227099457,0.5439024390243903
28.0,0.85,0.15000000000000002,0.9,0.6168402841238703,0.2145562498242183,0.7089744717019842,0.6577235772357723,0.542788006642393,0.5439024390243903
34.0,0.7,0.30000000000000004,0.9,0.6168404259523843,0.2145740280886178,0.7089478269905598,0.6585365853658537,0.5426697810651162,0.5439024390243903
27.0,0.85,0.15000000000000002,0.6,0.6168405227009889,0.21458967714772456,0.7079459858410002,0.6560975609756098,0.5432532035908639,0.5439024390243903
29.0,0.8,0.19999999999999996,0.9,0.616840595674373,0.2145607689595289,0.7088945375677109,0.6577235772357723,0.5427363796421524,0.5439024390243903
25.0,0.8,0.19999999999999996,0.6,0.6168406965547907,0.21459137778030885,0.7080552291578406,0.6560975609756098,0.5431643974733356,0.5439024390243903
29.0,0.9,0.09999999999999998,0.95,0.6168407149242046,0.2145486577349078,0.709086379489967,0.6577235772357723,0.5428169927736127,0.5439024390243903
28.0,0.7,0.30000000000000004,0.8,0.6168407682847846,0.21457801497338946,0.7088012810777253,0.6585365853658537,0.5427412347603914,0.5439024390243903
26.0,0.9,0.09999999999999998,0.6,0.6168407989801217,0.2145863940569095,0.7080472357444133,0.6544715447154471,0.5432821390261354,0.5439024390243903
24.0,0.8,0.19999999999999996,0.75,0.6168408210787841,0.21457394683665743,0.7085561497326203,0.656910569105691,0.542870151193403,0.5439024390243903
23.0,0.8,0.19999999999999996,0.7,0.6168408598013195,0.21457937233032387,0.7084762155983471,0.6544715447154471,0.5429356801403147,0.5439024390243903
25.0,0.9,0.09999999999999998,0.6,0.616841024347317,0.21458594846450296,0.7080978606961197,0.6544715447154471,0.5432598824506732,0.5439024390243903
35.0,0.8,0.19999999999999996,0.65,0.6168411608069054,0.2145945364595478,0.7079273345430033,0.6577235772357723,0.5432456973179264,0.5439024390243903
38.0,0.7,0.30000000000000004,0.95,0.6168413633556197,0.2145744536497908,0.708966478288557,0.6585365853658537,0.5426472478155955,0.5439024390243903
44.0,0.9,0.09999999999999998,0.75,0.6168414126349778,0.21458866745526867,0.7079593081967126,0.656910569105691,0.5433688025872306,0.5439024390243903
27.0,0.8,0.19999999999999996,0.6,0.6168414205220326,0.21459287379894468,0.7079806239658522,0.656910569105691,0.5432027450723963,0.5439024390243903
40.0,0.7,0.30000000000000004,0.7,0.6168416468497975,0.21460066394090388,0.7080738804558377,0.6577235772357723,0.5430870530324817,0.5439024390243903
34.0,0.9,0.09999999999999998,0.65,0.6168417364031079,0.21458812695426485,0.7079593081967126,0.656910569105691,0.5433563433710592,0.5439024390243903
33.0,0.95,0.050000000000000044,0.65,0.6168420195649768,0.2145845257525525,0.7079086832450061,0.6552845528455284,0.5434004651718011,0.5439024390243903
27.0,0.8,0.19999999999999996,0.85,0.6168422140929193,0.2145650054607058,0.7087506561260188,0.6577235772357723,0.5427713870519341,0.5439024390243903
41.0,0.75,0.25,0.7,0.6168422940985682,0.21459889667649218,0.707895360889294,0.6577235772357723,0.5431715049794098,0.5439024390243903
23.0,0.75,0.25,0.65,0.6168423618536656,0.2145886207222594,0.7082976960318031,0.6552845528455284,0.5429793364150302,0.5439024390243903
24.0,0.85,0.15000000000000002,0.6,0.6168424789065807,0.21458878987126093,0.708063222571268,0.6552845528455284,0.5431904277992797,0.5439024390243903
24.0,0.7,0.30000000000000004,0.65,0.6168426144210957,0.21459224639243824,0.7083083539163729,0.656910569105691,0.5429498663928827,0.5439024390243903
38.0,0.95,0.050000000000000044,0.7,0.6168427067040185,0.21458486432502769,0.7079806239658522,0.6552845528455284,0.5434202107505904,0.5439024390243903
43.0,0.7,0.30000000000000004,1.0,0.6168427349893265,0.21457661897269256,0.7090224321825482,0.6585365853658537,0.5426341462022618,0.5439024390243903
35.0,0.75,0.25,0.65,0.6168428349356967,0.21459810804296625,0.7079006898315788,0.6577235772357723,0.5431819787803019,0.5439024390243903
41.0,0.8,0.19999999999999996,0.7,0.6168428599261089,0.21459625441756722,0.7078793740624392,0.656910569105691,0.5432454132075946,0.5439024390243903
27.0,0.9,0.09999999999999998,0.6,0.6168432179903891,0.21458794826053013,0.7079752950235673,0.6536585365853659,0.5433034954743966,0.5439024390243903
34.0,0.7,0.30000000000000004,0.65,0.6168434309987213,0.2146004469895516,0.7079246700718609,0.656910569105691,0.5431057427710264,0.5439024390243903
27.0,1.0,0.0,0.9,0.6168434775601991,0.21454789981195307,0.7090783860765396,0.656910569105691,0.5429779436318679,0.5439024390243903
30.0,0.95,0.050000000000000044,1.0,0.6168436697490857,0.21454235987694517,0.7092062806913768,0.656910569105691,0.5428582181232577,0.5439024390243903
31.0,0.8,0.19999999999999996,0.95,0.6168438858270804,0.21455883311345436,0.7089531559328447,0.656910569105691,0.542702403637857,0.5439024390243903
24.0,0.8,0.19999999999999996,0.6,0.616844038055088,0.2145921877590083,0.708081873869265,0.6560975609756098,0.5431439737532651,0.5439024390243903
24.0,0.9,0.09999999999999998,0.6,0.6168443449753597,0.21458680816248843,0.7080792093981225,0.6544715447154471,0.5432366788254387,0.5439024390243903
35.0,0.85,0.15000000000000002,0.65,0.616844396003058,0.21459290894365485,0.7079220056007183,0.6577235772357723,0.543309349938019,0.5439024390243903
28.0,0.85,0.15000000000000002,0.6,0.6168445004281653,0.2145919095948005,0.7079433213698579,0.6560975609756098,0.54327245233884,0.5439024390243903
28.0,0.8,0.19999999999999996,0.6,0.6168447721439139,0.2145948681242577,0.7079832884369948,0.656910569105691,0.5432207533165072,0.5439024390243903
26.0,0.75,0.25,0.6,0.6168448212713479,0.21459646299106933,0.7080472357444134,0.6577235772357723,0.5431346234480983,0.5439024390243903
27.0,0.95,0.050000000000000044,0.9,0.6168448275974376,0.21455103672367348,0.7089771361731267,0.6577235772357723,0.5429066505903059,0.5439024390243903
32.0,1.0,0.0,0.65,0.6168453505786271,0.21458217418439865,0.7078926964181514,0.6552845528455284,0.5434415253509001,0.5439024390243903
25.0,0.75,0.25,0.6,0.6168457444738157,0.2145962344849431,0.7080685515135529,0.656910569105691,0.5431163690532358,0.5439024390243903
27.0,0.75,0.25,0.6,0.616845907521245,0.21459753228142536,0.7079539792544276,0.6577235772357723,0.5431521212815485,0.5439024390243903
25.0,0.95,0.050000000000000044,0.6,0.6168463920096632,0.21458538010346997,0.7080552291578406,0.6544715447154471,0.5433073368843936,0.5439024390243903
23.0,1.0,0.0,0.65,0.6168464174505296,0.21457660643512466,0.7082097684841023,0.656910569105691,0.5432203826811597,0.5439024390243903
26.0,0.95,0.050000000000000044,0.6,0.6168465144804373,0.21458593397093978,0.7079433213698579,0.6552845528455284,0.5433309517151566,0.5439024390243903
26.0,0.75,0.25,0.8,0.6168468313678064,0.21457497486046115,0.7087639784817311,0.6552845528455284,0.5427672822573992,0.5439024390243903
28.0,0.75,0.25,0.85,0.6168469253085015,0.2145711640734445,0.7088465770871468,0.656910569105691,0.542723197684166,0.5439024390243903
23.0,1.0,0.0,0.7,0.6168474387695311,0.21457114514304026,0.7084522353580651,0.6577235772357723,0.5431413880520369,0.5439024390243903
41.0,1.0,0.0,0.75,0.6168474984508032,0.2145824783000709,0.7079246700718609,0.6544715447154471,0.5434839480682239,0.5439024390243903
33.0,0.75,0.25,0.95,0.6168477454883952,0.21456647909541715,0.7090064453556936,0.6560975609756098,0.5426571077174208,0.5439024390243903
28.0,0.9,0.09999999999999998,0.6,0.6168478947726096,0.21459044317681325,0.7079006898315788,0.6560975609756098,0.5433239976054867,0.5439024390243903
41.0,0.7,0.30000000000000004,0.7,0.6168480178679171,0.2146039826862424,0.7080285844464163,0.6577235772357723,0.5430976320707743,0.5439024390243903
24.0,0.7,0.30000000000000004,0.7,0.616848163253562,0.21458884225837058,0.7085028603097714,0.6552845528455284,0.5428515504009381,0.5439024390243903
42.0,0.7,0.30000000000000004,1.0,0.6168485549697774,0.21457748264944454,0.7090197677114057,0.6585365853658537,0.5426217878534785,0.5439024390243903
36.0,0.75,0.25,1.0,0.6168485734055069,0.21456567748797092,0.709081050547682,0.6560975609756098,0.5426325225920986,0.5439024390243903
28.0,0.75,0.25,0.6,0.616848701861014,0.21459931089837805,0.707932663485288,0.6577235772357723,0.5431689020232006,0.5439024390243903
30.0,0.7,0.30000000000000004,0.85,0.6168488441729157,0.21457765261746187,0.7088332547314347,0.6585365853658537,0.5426886665381635,0.5439024390243903
24.0,0.75,0.25,0.6,0.616849030490269,0.21459700158873332,0.7080792093981226,0.656910569105691,0.5430973175815502,0.5439024390243903
45.0,1.0,0.0,0.8,0.6168490588908421,0.21458289791382887,0.7079433213698578,0.6544715447154471,0.5434935695917852,0.5439024390243903
23.0,0.85,0.15000000000000002,0.6,0.6168491637742486,0.21459104392963674,0.7081351632921141,0.6552845528455284,0.5431676772088815,0.5439024390243903
35.0,0.7,0.30000000000000004,0.65,0.6168493722786773,0.2146035973768253,0.7079060187738636,0.6577235772357723,0.543118196662788,0.5439024390243903
37.0,1.0,0.0,0.7,0.6168493899487597,0.21458369581690945,0.7079486503121428,0.6544715447154471,0.5434733697733418,0.5439024390243903
27.0,0.95,0.050000000000000044,0.6,0.6168495105694346,0.21458769311586867,0.7079486503121428,0.6552845528455284,0.5433536193659728,0.5439024390243903
37.0,0.7,0.30000000000000004,0.95,0.6168495313666535,0.21457616295535104,0.7090144387691208,0.6585365853658537,0.5426330790789917,0.5439024390243903
22.0,0.85,0.15000000000000002,0.65,0.6168495377938488,0.21458541068381307,0.7084042748775009,0.6552845528455284,0.5430514447680636,0.5439024390243903
24.0,0.95,0.050000000000000044,0.6,0.6168496283781358,0.21458624285909467,0.7081031896384047,0.6536585365853659,0.543282725953068,0.5439024390243903
43.0,0.95,0.050000000000000044,0.75,0.6168496427171916,0.21458809567744636,0.7078980253604363,0.6552845528455284,0.5434357732223751,0.5439024390243903
29.0,0.8,0.19999999999999996,0.6,0.6168497254819982,0.21459752341760746,0.7079326634852882,0.656910569105691,0.5432380385408678,0.5439024390243903
41.0,0.85,0.15000000000000002,0.7,0.6168498114801055,0.2145961058552881,0.7078154267550205,0.6577235772357723,0.5433193540485627,0.5439024390243903
26.0,0.85,0.15000000000000002,0.85,0.616849918694749,0.21456381081298456,0.7087906231931556,0.6577235772357723,0.5428150672249009,0.5439024390243903
36.0,0.8,0.19999999999999996,0.65,0.6168499675456929,0.21459883379183142,0.7078767095912968,0.656910569105691,0.5432596672150884,0.5439024390243903
25.0,0.8,0.19999999999999996,0.8,0.6168500427358193,0.21457214186557846,0.7086280904534663,0.6577235772357723,0.5428076572203795,0.5439024390243903
42.0,0.75,0.25,0.7,0.6168501991961806,0.21460281850120794,0.7079006898315788,0.656910569105691,0.5431825938894934,0.5439024390243903
29.0,0.85,0.15000000000000002,0.6,0.616850238198517,0.2145948695358743,0.7079220056007183,0.656910569105691,0.5432909343832867,0.5439024390243903
23.0,0.75,0.25,0.7,0.6168503020896229,0.2145859937084588,0.7085588142037628,0.6544715447154471,0.5428835453241445,0.5439024390243903
36.0,0.75,0.25,0.65,0.61685041220751,0.2146019080492684,0.7079113477161487,0.6577235772357723,0.5431949555679586,0.5439024390243903
23.0,0.8,0.19999999999999996,0.6,0.6168504286755281,0.214594291043067,0.7081777948303931,0.6560975609756098,0.5431226593861976,0.5439024390243903
33.0,0.7,0.30000000000000004,0.9,0.6168508600421798,0.2145766348761457,0.708961149346272,0.6585365853658537,0.54265392789064,0.5439024390243903
40.0,0.9,0.09999999999999998,0.7,0.6168510434166233,0.21459283299475992,0.7078980253604363,0.6560975609756098,0.5433790939537897,0.5439024390243903
33.0,0.8,0.19999999999999996,1.0,0.6168511218260998,0.21455874888664797,0.7090064453556937,0.6560975609756098,0.5426692866456965,0.5439024390243903
23.0,0.9,0.09999999999999998,0.6,0.6168512881678704,0.2145892041489379,0.7080951962249773,0.6544715447154471,0.5432124808630873,0.5439024390243903
22.0,0.9,0.09999999999999998,0.65,0.6168513803067843,0.21458346443693738,0.7083349986277974,0.656910569105691,0.5430980598011368,0.5439024390243903
22.0,0.8,0.19999999999999996,0.65,0.6168515689512363,0.21458896531705085,0.7083882880506462,0.6544715447154471,0.5430045699158643,0.5439024390243903
42.0,0.8,0.19999999999999996,0.7,0.6168521753616103,0.21460074671268045,0.7078474004087298,0.656910569105691,0.5432573794037926,0.5439024390243903
35.0,0.9,0.09999999999999998,0.65,0.6168525876895343,0.21459325231275403,0.7079060187738636,0.6560975609756098,0.543372934266976,0.5439024390243903
29.0,0.75,0.25,0.6,0.6168529466051741,0.21460168695468954,0.7079273345430033,0.6577235772357723,0.5431850036875723,0.5439024390243903
30.0,0.75,0.25,0.9,0.6168531702275735,0.21457011455277272,0.7089158533368505,0.656910569105691,0.5426804114392144,0.5439024390243903
26.0,0.7,0.30000000000000004,0.6,0.6168532187159933,0.21460270212730453,0.7080365778598435,0.6577235772357723,0.5430850964979582,0.5439024390243903
45.0,0.9,0.09999999999999998,0.75,0.6168532354546629,0.21459418784724438,0.7078847030047242,0.6560975609756098,0.5433819763956381,0.5439024390243903
23.0,0.7,0.30000000000000004,0.65,0.6168532793724935,0.2145958644806598,0.7083110183875154,0.6560975609756098,0.5429303858920178,0.5439024390243903
27.0,0.9,0.09999999999999998,0.9,0.61685329636762,0.21455703670979104,0.7089824651154116,0.6577235772357723,0.5428350030313183,0.5439024390243903
34.0,0.95,0.050000000000000044,0.65,0.6168533994394401,0.21458986313174142,0.7078820385335817,0.6552845528455284,0.5434187827860122,0.5439024390243903
27.0,0.7,0.30000000000000004,0.6,0.6168539800105522,0.21460364670712156,0.7079886173792795,0.6577235772357723,0.5431013335862859,0.5439024390243903
25.0,0.7,0.30000000000000004,0.6,0.6168542726278828,0.21460251639198646,0.7081138475229745,0.656910569105691,0.5430681514485558,0.5439024390243903
24.0,0.75,0.25,0.75,0.616854409165306,0.2145822303803329,0.7087026956454547,0.6560975609756098,0.5428129486384692,0.5439024390243903
29.0,0.9,0.09999999999999998,0.6,0.6168544970139334,0.21459373513510527,0.707937992427573,0.6560975609756098,0.5433436896236957,0.5439024390243903
36.0,0.85,0.15000000000000002,0.65,0.616854552092542,0.21459774714017327,0.7079273345430033,0.656910569105691,0.5433243289552969,0.5439024390243903
42.0,0.7,0.30000000000000004,0.7,0.6168546520254771,0.21460738535693885,0.7080339133887009,0.6577235772357723,0.5431078613212279,0.5439024390243903
25.0,0.7,0.30000000000000004,0.75,0.6168549294416498,0.21458638026652305,0.7087346692991642,0.6552845528455284,0.5427758569950166,0.5439024390243903
28.0,0.95,0.050000000000000044,0.6,0.6168549635238169,0.21459047681142412,0.7079166766584335,0.6552845528455284,0.5433753876333961,0.5439024390243903
28.0,1.0,0.0,0.95,0.616855070226662,0.21454735002173553,0.7091609846819554,0.6552845528455284,0.5429437972194624,0.5439024390243903
23.0,0.75,0.25,0.6,0.6168550948524274,0.2145989471369834,0.7081085185806895,0.656910569105691,0.5430774280966574,0.5439024390243903
27.0,0.7,0.30000000000000004,0.8,0.6168551003426022,0.21458242189939924,0.7087932876642979,0.656910569105691,0.5427225216824514,0.5439024390243903
25.0,1.0,0.0,0.6,0.6168552238105861,0.2145862454462309,0.7080312489175586,0.6552845528455284,0.543354597886772,0.5439024390243903
41.0,0.7,0.30000000000000004,1.0,0.6168552944054899,0.21457866255722055,0.7090277611248332,0.6585365853658537,0.5426090282660014,0.5439024390243903
39.0,0.95,0.050000000000000044,0.7,0.61685567363269,0.21459087332385027,0.707937992427573,0.6552845528455284,0.5434364383395288,0.5439024390243903
26.0,1.0,0.0,0.6,0.6168557584457446,0.21458692875327215,0.7079726305524248,0.6552845528455284,0.5433795828022228,0.5439024390243903
36.0,0.7,0.30000000000000004,0.65,0.6168558343502879,0.21460694104860129,0.7079006898315787,0.6577235772357723,0.5431301963667986,0.5439024390243903
30.0,0.8,0.19999999999999996,0.6,0.6168560386388073,0.21460073529042986,0.707890031947009,0.6577235772357723,0.5432546391017715,0.5439024390243903
28.0,0.7,0.30000000000000004,0.6,0.6168562818044836,0.21460523012321459,0.7079353279564305,0.6577235772357723,0.5431168999452067,0.5439024390243903
23.0,0.95,0.050000000000000044,0.6,0.6168567900631056,0.21458877003421015,0.7081191764652593,0.6544715447154471,0.5432570696652235,0.5439024390243903
23.0,0.9,0.09999999999999998,0.75,0.6168568714982908,0.21457387522411572,0.7085987812708995,0.656910569105691,0.5429555930124322,0.5439024390243903
33.0,1.0,0.0,0.65,0.6168570250630637,0.2145876200511515,0.7078953608892938,0.6552845528455284,0.543461690876278,0.5439024390243903
22.0,0.95,0.050000000000000044,0.65,0.6168570767926684,0.21458312203330462,0.7082524000223815,0.6560975609756098,0.5431444144512289,0.5439024390243903
24.0,0.7,0.30000000000000004,0.6,0.6168574644673318,0.21460323111239832,0.7081724658881082,0.656910569105691,0.5430504601936443,0.5439024390243903
30.0,0.85,0.15000000000000002,0.6,0.6168574723062403,0.21459844332693187,0.7078820385335816,0.656910569105691,0.5433086900755004,0.5439024390243903
22.0,0.75,0.25,0.65,0.616857493743801,0.21459413285065515,0.7083536499257944,0.6544715447154471,0.5429574358355194,0.5439024390243903
24.0,1.0,0.0,0.6,0.6168583214180045,0.21458709417738267,0.7079752950235673,0.6552845528455284,0.5433285683190915,0.5439024390243903
43.0,0.75,0.25,0.7,0.6168583462058183,0.21460681591718217,0.7078793740624393,0.656910569105691,0.5431933240556217,0.5439024390243903
30.0,0.75,0.25,0.6,0.6168584208996081,0.21460456501162964,0.7078500648798722,0.6577235772357723,0.5432004625838486,0.5439024390243903
37.0,0.75,0.25,0.65,0.616858479004133,0.2146058880957714,0.7079006898315787,0.656910569105691,0.5432074699129101,0.5439024390243903
23.0,0.85,0.15000000000000002,0.75,0.6168588666129493,0.214577406018506,0.7086334193957512,0.6577235772357723,0.5429007104004602,0.5439024390243903
36.0,0.7,0.30000000000000004,0.95,0.61685900310341,0.21457834216340116,0.709038419009403,0.6577235772357723,0.5426184100149452,0.5439024390243903
37.0,0.8,0.19999999999999996,0.65,0.6168593171355304,0.21460333301127882,0.7078180912261631,0.656910569105691,0.5432731430010381,0.5439024390243903
27.0,1.0,0.0,0.6,0.6168594048670264,0.21458891773906527,0.7078847030047242,0.6552845528455284,0.5434035739142163,0.5439024390243903
22.0,0.85,0.15000000000000002,0.6,0.6168597539356334,0.21459496375697779,0.7081964461283903,0.6552845528455284,0.5431439392529784,0.5439024390243903
23.0,0.95,0.050000000000000044,0.75,0.6168598476399588,0.21457238835984108,0.7086041102131844,0.656910569105691,0.5430101539420197,0.5439024390243903
29.0,0.7,0.30000000000000004,0.6,0.6168598896419316,0.21460735042701926,0.7079033543027211,0.6577235772357723,0.5431318314120971,0.5439024390243903
28.0,0.95,0.050000000000000044,0.95,0.6168599149345386,0.21455179654573753,0.7091503267973857,0.656910569105691,0.5428673070271826,0.5439024390243903
22.0,0.85,0.15000000000000002,0.7,0.6168603231164029,0.21458371912818414,0.708428255117783,0.656910569105691,0.5429612410199315,0.5439024390243903
22.0,0.8,0.19999999999999996,0.6,0.6168604003982813,0.2145979222968699,0.708201775070675,0.6552845528455284,0.5431004118080829,0.5439024390243903
31.0,0.85,0.15000000000000002,1.0,0.6168605201796054,0.21455602210856006,0.7091156886725337,0.6560975609756098,0.5427138193909686,0.5439024390243903
24.0,0.9,0.09999999999999998,0.8,0.6168606730837528,0.21456963440822946,0.7086707219917454,0.6577235772357723,0.5429033093337161,0.5439024390243903
42.0,0.85,0.15000000000000002,0.7,0.6168606837641124,0.21460122313604607,0.7078314135818752,0.6577235772357723,0.5433322152145953,0.5439024390243903
24.0,0.95,0.050000000000000044,0.8,0.616860806924137,0.2145670037132226,0.7087133535300245,0.656910569105691,0.542962912191671,0.5439024390243903
22.0,0.9,0.09999999999999998,0.7,0.6168612493514571,0.2145813917457908,0.7084442419446376,0.656910569105691,0.5430111249241286,0.5439024390243903
43.0,0.7,0.30000000000000004,0.7,0.6168615061017368,0.21461085497103063,0.708015262090704,0.656910569105691,0.5431177572672881,0.5439024390243903
43.0,0.8,0.19999999999999996,0.7,0.6168617555827336,0.21460532377830507,0.7078633872355846,0.656910569105691,0.543268961244762,0.5439024390243903
42.0,1.0,0.0,0.75,0.6168621083227769,0.21458916716213125,0.707895360889294,0.6544715447154471,0.5435004280938098,0.5439024390243903
30.0,0.9,0.09999999999999998,1.0,0.6168621492371215,0.21455213044316163,0.7091476623262432,0.6577235772357723,0.5427743467231703,0.5439024390243903
22.0,0.9,0.09999999999999998,0.6,0.6168624724990497,0.2145934085104585,0.7081165119941168,0.6544715447154471,0.5431872419982231,0.5439024390243903
29.0,0.95,0.050000000000000044,0.6,0.6168625145257736,0.21459413014847467,0.7078687161778695,0.6552845528455284,0.5433963026685614,0.5439024390243903
29.0,0.85,0.15000000000000002,0.95,0.6168625154464428,0.21455987386946024,0.7090437479516878,0.656910569105691,0.5427380467638889,0.5439024390243903
37.0,0.7,0.30000000000000004,0.65,0.6168627353501002,0.21461044419459657,0.7079113477161486,0.6577235772357723,0.5431417652460928,0.5439024390243903
30.0,0.9,0.09999999999999998,0.6,0.6168627384380904,0.2145977009327156,0.7079060187738637,0.6560975609756098,0.5433626138224456,0.5439024390243903
29.0,0.7,0.30000000000000004,0.85,0.6168629556602928,0.214581790732566,0.7088519060294318,0.6577235772357723,0.542670782631605,0.5439024390243903
32.0,0.7,0.30000000000000004,0.9,0.616863038740031,0.21457989652373016,0.7089691427596994,0.6577235772357723,0.5426374732600353,0.5439024390243903
40.0,0.7,0.30000000000000004,1.0,0.6168630442614819,0.2145801933039665,0.7090730571342547,0.6585365853658537,0.542595848106301,0.5439024390243903
44.0,0.95,0.050000000000000044,0.75,0.6168630851293,0.2145942807879483,0.7078580582932996,0.6552845528455284,0.5434502996472844,0.5439024390243903
23.0,0.7,0.30000000000000004,0.6,0.6168631744734352,0.21460501383968647,0.7082204263686722,0.656910569105691,0.543031984059814,0.5439024390243903
35.0,0.75,0.25,1.0,0.6168632279786295,0.21456965640592846,0.709105030787964,0.6560975609756098,0.5426155336912831,0.5439024390243903
41.0,0.9,0.09999999999999998,0.7,0.616863247472643,0.2145985022444801,0.707842071466445,0.6560975609756098,0.5433933247086508,0.5439024390243903
31.0,0.8,0.19999999999999996,0.6,0.6168635035013853,0.21460441436372354,0.7078847030047241,0.6577235772357723,0.5432705914307798,0.5439024390243903
38.0,1.0,0.0,0.7,0.6168635263230696,0.2145901808254199,0.7079006898315787,0.6544715447154471,0.5434912196142015,0.5439024390243903
22.0,0.8,0.19999999999999996,0.7,0.616863804994342,0.21458786895144918,0.7084655577137773,0.6552845528455284,0.542911060117166,0.5439024390243903
28.0,0.8,0.19999999999999996,0.9,0.6168642163162492,0.21456843387816063,0.7088705573274289,0.656910569105691,0.5427139681545496,0.5439024390243903
23.0,0.7,0.30000000000000004,0.7,0.6168642171846185,0.2145944466414344,0.7085321694923383,0.6544715447154471,0.5428311294175973,0.5439024390243903
36.0,0.9,0.09999999999999998,0.65,0.6168642187709679,0.2145986775369689,0.7078687161778694,0.6560975609756098,0.5433889383940701,0.5439024390243903
22.0,0.75,0.25,0.6,0.6168644277620476,0.2146022876710493,0.7081404922343988,0.6560975609756098,0.5430566601532214,0.5439024390243903
32.0,0.75,0.25,0.95,0.6168644352685202,0.21457131249200795,0.7090224321825482,0.6560975609756098,0.5426387114740541,0.5439024390243903
30.0,0.7,0.30000000000000004,0.6,0.6168646029440661,0.2146099208214888,0.7078420714664451,0.6577235772357723,0.5431461621977421,0.5439024390243903
31.0,0.75,0.25,0.6,0.6168649350620495,0.21460786350140207,0.7078340780530177,0.6577235772357723,0.5432153131810857,0.5439024390243903
37.0,0.85,0.15000000000000002,0.65,0.6168653071539074,0.21460281037802348,0.7078527293510148,0.6577235772357723,0.5433387821543786,0.5439024390243903
23.0,1.0,0.0,0.6,0.6168656578537639,0.21458973990018004,0.7079513147832852,0.6560975609756098,0.5433014429498166,0.5439024390243903
28.0,1.0,0.0,0.6,0.616865715320029,0.21459201851560541,0.7078074333415931,0.6552845528455284,0.5434266209412584,0.5439024390243903
35.0,0.95,0.050000000000000044,0.65,0.6168657841129188,0.214595593897295,0.7079193411295759,0.6552845528455284,0.5434364478944161,0.5439024390243903
23.0,0.8,0.19999999999999996,0.75,0.6168658557381853,0.2145829844494743,0.7085614786749052,0.6577235772357723,0.5428455072540731,0.5439024390243903
31.0,0.85,0.15000000000000002,0.6,0.616865975498473,0.2146025334932088,0.707890031947009,0.6577235772357723,0.5433257577623177,0.5439024390243903
24.0,0.85,0.15000000000000002,0.8,0.6168661412050541,0.21457455062810965,0.708721346943452,0.656910569105691,0.5428433634596338,0.5439024390243903
30.0,0.8,0.19999999999999996,0.95,0.616866462883528,0.21456590753742516,0.7089718072308417,0.656910569105691,0.5426810031618343,0.5439024390243903
24.0,1.0,0.0,0.8,0.6168665237538818,0.21456665769072225,0.7087746363663008,0.6560975609756098,0.5430221703503689,0.5439024390243903
22.0,0.95,0.050000000000000044,0.7,0.6168665593918685,0.21458088112089935,0.7084922024252016,0.6577235772357723,0.5430607111656097,0.5439024390243903
22.0,1.0,0.0,0.65,0.6168666078202552,0.2145843789015081,0.7082870381472333,0.6585365853658537,0.5431905081816646,0.5439024390243903
44.0,0.75,0.25,0.7,0.6168666924785157,0.21461087223313258,0.7078793740624392,0.656910569105691,0.5432037120077575,0.5439024390243903
38.0,0.75,0.25,0.65,0.6168669557994008,0.21461001553094916,0.7078314135818753,0.656910569105691,0.5432195451151057,0.5439024390243903
27.0,0.75,0.25,0.85,0.6168672816509091,0.21457775251930994,0.70881726790458,0.656910569105691,0.542702242671581,0.5439024390243903
26.0,0.8,0.19999999999999996,0.85,0.616867308407422,0.21457348578466526,0.7088066100200103,0.656910569105691,0.5427479109121401,0.5439024390243903
22.0,0.7,0.30000000000000004,0.65,0.6168673324052378,0.2146009177687553,0.7083536499257945,0.6560975609756098,0.5429100431450599,0.5439024390243903
23.0,1.0,0.0,0.75,0.6168677726967029,0.21457294167623084,0.7085934523286146,0.656910569105691,0.5430643920834994,0.5439024390243903
25.0,0.95,0.050000000000000044,0.85,0.6168681954555048,0.214564249048314,0.708913188865708,0.656910569105691,0.5429186501471422,0.5439024390243903
25.0,0.75,0.25,0.8,0.6168684071208135,0.21458229542918938,0.7087293403568793,0.6560975609756098,0.5427453326555729,0.5439024390243903
22.0,0.95,0.050000000000000044,0.6,0.6168685404137146,0.21459325299451773,0.7081378277632564,0.6544715447154471,0.5432303195742003,0.5439024390243903
44.0,0.7,0.30000000000000004,0.7,0.6168685420081336,0.214614376679202,0.7080072686772766,0.6577235772357723,0.543127335390304,0.5439024390243903
27.0,0.85,0.15000000000000002,0.9,0.6168688784077327,0.21456588625133236,0.7089424980482749,0.656910569105691,0.5427630045110348,0.5439024390243903
38.0,0.8,0.19999999999999996,0.65,0.616869121432162,0.21460799791123183,0.7078021043993084,0.656910569105691,0.5432861493726168,0.5439024390243903
40.0,0.95,0.050000000000000044,0.7,0.616869225195257,0.21459709629250465,0.7078607227644421,0.6552845528455284,0.543452133948755,0.5439024390243903
35.0,0.7,0.30000000000000004,0.95,0.6168699189820652,0.2145810468065919,0.7090890439611094,0.6577235772357723,0.5426032144238632,0.5439024390243903
34.0,1.0,0.0,0.65,0.6168699825161454,0.2145935753373398,0.7078660517067269,0.6544715447154471,0.5434811331495015,0.5439024390243903
38.0,0.7,0.30000000000000004,0.65,0.6168700039382897,0.214614077540973,0.7079113477161485,0.6577235772357723,0.5431529251800343,0.5439024390243903
29.0,1.0,0.0,1.0,0.6168700189005252,0.21454825482904372,0.7092142741048043,0.6552845528455284,0.5429118439854994,0.5439024390243903
31.0,0.7,0.30000000000000004,0.6,0.6168702497488722,0.21461286726390996,0.7078207556973054,0.6577235772357723,0.5431599247622785,0.5439024390243903
25.0,1.0,0.0,0.85,0.6168712473873632,0.21456285447615064,0.7090171032402633,0.6560975609756098,0.5429829882724704,0.5439024390243903
25.0,0.9,0.09999999999999998,0.85,0.6168714073760295,0.2145681886798709,0.7088492415582893,0.6577235772357723,0.5428539484415292,0.5439024390243903
44.0,0.8,0.19999999999999996,0.7,0.6168715531100115,0.21460996696756082,0.7078074333415931,0.656910569105691,0.5432801762974385,0.5439024390243903
22.0,0.75,0.25,0.7,0.6168717196420739,0.21459384686114205,0.7085694720883324,0.6544715447154471,0.5428605829158019,0.5439024390243903
43.0,0.85,0.15000000000000002,0.7,0.6168718446266267,0.21460643491483777,0.7077861175724536,0.6577235772357723,0.543344666251709,0.5439024390243903
22.0,0.7,0.30000000000000004,0.6,0.616871852103159,0.21460806339803906,0.7082044395418174,0.6560975609756098,0.5430126847980914,0.5439024390243903
30.0,0.95,0.050000000000000044,0.6,0.6168718539689839,0.2145985200646859,0.7078287491107327,0.6552845528455284,0.5434164086534077,0.5439024390243903
39.0,0.7,0.30000000000000004,1.0,0.6168719051686272,0.2145821134258212,0.7091103597302489,0.6585365853658537,0.5425822267760264,0.5439024390243903
32.0,0.8,0.19999999999999996,0.6,0.6168719406987709,0.2146084839776905,0.7078340780530177,0.656910569105691,0.5432859299763446,0.5439024390243903
21.0,0.85,0.15000000000000002,0.65,0.6168719659388219,0.2145940515546656,0.7083483209835095,0.6552845528455284,0.5430253134230796,0.5439024390243903
26.0,0.7,0.30000000000000004,0.8,0.616872209387349,0.21458794348959534,0.7088199323757225,0.656910569105691,0.5427030212507774,0.5439024390243903
32.0,0.75,0.25,0.6,0.6168723258810288,0.21461151259014602,0.7077994399281657,0.6577235772357723,0.5432295880556728,0.5439024390243903
31.0,0.9,0.09999999999999998,0.6,0.6168723719440254,0.21460223471598422,0.707895360889294,0.6560975609756098,0.5433808104158377,0.5439024390243903
21.0,0.8,0.19999999999999996,0.65,0.6168725315440978,0.2145969686928308,0.7083882880506464,0.6544715447154471,0.5429800797754772,0.5439024390243903
28.0,0.9,0.09999999999999998,0.95,0.6168726832908901,0.2145594091921801,0.7090597347785424,0.6577235772357723,0.5427904538021566,0.5439024390243903
29.0,0.75,0.25,0.9,0.6168727536229095,0.21457620300362212,0.7089398335771324,0.6577235772357723,0.5426604116691192,0.5439024390243903
32.0,0.8,0.19999999999999996,1.0,0.616872954991692,0.21456539410446784,0.7090357545382605,0.6560975609756098,0.5426488383099446,0.5439024390243903
24.0,0.7,0.30000000000000004,0.75,0.6168730679599813,0.21459257183053804,0.7087453271837338,0.6552845528455284,0.5427554451631321,0.5439024390243903
29.0,1.0,0.0,0.6,0.6168743036752256,0.21459606461883787,0.7078180912261629,0.6552845528455284,0.5434487719219794,0.5439024390243903
21.0,0.8,0.19999999999999996,0.6,0.6168745817748014,0.2146033598043669,0.7082177618975297,0.6552845528455284,0.5430771903866499,0.5439024390243903
21.0,0.85,0.15000000000000002,0.6,0.6168749272141808,0.21460084904567353,0.7081964461283902,0.6552845528455284,0.5431191714166951,0.5439024390243903
45.0,0.75,0.25,0.7,0.6168752003928656,0.21461497283406217,0.7078740451201544,0.656910569105691,0.5432137732908808,0.5439024390243903
21.0,0.9,0.09999999999999998,0.65,0.6168752627747138,0.21459274483852245,0.7082950315606606,0.6560975609756098,0.5430702759044067,0.5439024390243903
32.0,0.85,0.15000000000000002,0.6,0.6168755515898272,0.21460705628509213,0.7078580582932996,0.656910569105691,0.543342173721623,0.5439024390243903
45.0,0.7,0.30000000000000004,0.7,0.616875726167648,0.21461793749677444,0.7080046042061341,0.6577235772357723,0.543136610241847,0.5439024390243903
39.0,0.75,0.25,0.65,0.6168757731447737,0.2146142620177323,0.7078127622838781,0.656910569105691,0.5432312030072176,0.5439024390243903
42.0,0.9,0.09999999999999998,0.7,0.6168758304731488,0.21460430235544758,0.707818091226163,0.6560975609756098,0.5434070985787917,0.5439024390243903
22.0,1.0,0.0,0.7,0.6168762292772503,0.21458218153352543,0.70844690641578,0.656910569105691,0.5431099991161107,0.5439024390243903
37.0,0.9,0.09999999999999998,0.65,0.6168765078141655,0.2146043522945668,0.707799439928166,0.6560975609756098,0.5434043849695891,0.5439024390243903
38.0,0.85,0.15000000000000002,0.65,0.6168765639876181,0.21460805871608082,0.7078260846395902,0.6577235772357723,0.5433527356044594,0.5439024390243903
32.0,0.7,0.30000000000000004,0.6,0.6168766823497731,0.2146161264817243,0.7078367425241602,0.6577235772357723,0.5431731497682147,0.5439024390243903
45.0,0.95,0.050000000000000044,0.75,0.6168768743037754,0.21460058130768725,0.7077967754570234,0.6560975609756098,0.5434643856271215,0.5439024390243903
21.0,0.75,0.25,0.65,0.6168769843344907,0.21460150310536338,0.7083723012237917,0.6544715447154471,0.5429345752675534,0.5439024390243903
31.0,0.7,0.30000000000000004,0.9,0.6168771664146121,0.2145838966851942,0.7089798006442691,0.6577235772357723,0.5426203839265624,0.5439024390243903
24.0,0.8,0.19999999999999996,0.8,0.6168772307672941,0.21458175318834216,0.7087533205971613,0.6577235772357723,0.5427830762999168,0.5439024390243903
43.0,1.0,0.0,0.75,0.6168772426411544,0.21459604223118953,0.7078500648798722,0.6544715447154471,0.54351639883575,0.5439024390243903
39.0,0.7,0.30000000000000004,0.65,0.6168775778932013,0.21461781572477687,0.7079406568987154,0.6577235772357723,0.5431636966601374,0.5439024390243903
21.0,0.75,0.25,0.6,0.6168776095415389,0.21460728046881247,0.7081831237726779,0.6560975609756098,0.5430349750848205,0.5439024390243903
23.0,0.75,0.25,0.75,0.6168778620423445,0.21459061417898612,0.708649406222606,0.6552845528455284,0.5427899847633093,0.5439024390243903
22.0,1.0,0.0,0.6,0.6168779422041261,0.2145944936250371,0.7080525646866982,0.6560975609756098,0.5432731715314074,0.5439024390243903
39.0,1.0,0.0,0.7,0.6168784105699868,0.2145969465470086,0.7078500648798722,0.6544715447154471,0.5435084805113544,0.5439024390243903
21.0,0.9,0.09999999999999998,0.6,0.6168786260842233,0.21459974273790203,0.708159143532396,0.6544715447154471,0.5431609179173728,0.5439024390243903
29.0,0.95,0.050000000000000044,1.0,0.6168787715140971,0.21455414467682907,0.7092622345853684,0.656910569105691,0.5428301196619222,0.5439024390243903
36.0,0.95,0.050000000000000044,0.65,0.6168790217304114,0.2146016550188192,0.7078793740624392,0.6552845528455284,0.5434534930942397,0.5439024390243903
39.0,0.8,0.19999999999999996,0.65,0.6168793033680565,0.2146127970186259,0.7078234201684479,0.656910569105691,0.5432987094828379,0.5439024390243903
28.0,0.7,0.30000000000000004,0.85,0.6168795075136883,0.21458688472119594,0.708865228385144,0.656910569105691,0.5426521710937102,0.5439024390243903
34.0,0.75,0.25,1.0,0.6168798727894398,0.2145743685105671,0.709206280691377,0.6560975609756098,0.5425979358728807,0.5439024390243903
33.0,0.75,0.25,0.6,0.6168804526936859,0.21461545239924362,0.707818091226163,0.656910569105691,0.5432433178961326,0.5439024390243903
26.0,1.0,0.0,0.9,0.6168808955586408,0.21456112794116944,0.7091023663168217,0.6560975609756098,0.542946542961609,0.5439024390243903
25.0,0.85,0.15000000000000002,0.85,0.6168808966716942,0.2145746702571646,0.708841248144862,0.6577235772357723,0.5427888855170044,0.5439024390243903
26.0,0.95,0.050000000000000044,0.9,0.6168809554024183,0.21456371634778493,0.7090224321825482,0.6577235772357723,0.5428770732172362,0.5439024390243903
33.0,0.8,0.19999999999999996,0.6,0.6168811953873248,0.21461287828231312,0.7077781241590264,0.656910569105691,0.5433006872064122,0.5439024390243903
45.0,0.8,0.19999999999999996,0.7,0.6168815260340962,0.21461465993206624,0.7078234201684479,0.656910569105691,0.5432910410903212,0.5439024390243903
38.0,0.7,0.30000000000000004,1.0,0.6168819885903152,0.21458446589251684,0.7091476623262432,0.6585365853658537,0.5425681423117664,0.5439024390243903
21.0,0.95,0.050000000000000044,0.65,0.6168823976090193,0.2145930416672955,0.7082923670895183,0.656910569105691,0.5431149669425192,0.5439024390243903
34.0,0.7,0.30000000000000004,0.95,0.6168824358607912,0.21458433937255697,0.7090464124228302,0.6577235772357723,0.5425874643230328,0.5439024390243903
31.0,0.95,0.050000000000000044,0.6,0.6168827141965783,0.21460353204566457,0.7078207556973055,0.6552845528455284,0.5434357476205471,0.5439024390243903
32.0,0.9,0.09999999999999998,0.6,0.6168831838763648,0.2146072453822257,0.7078553938221572,0.6560975609756098,0.543398317467777,0.5439024390243903
44.0,0.85,0.15000000000000002,0.7,0.6168832414809575,0.21461172047289148,0.7077994399281659,0.6577235772357723,0.5433567257514136,0.5439024390243903
41.0,0.95,0.050000000000000044,0.7,0.6168832692824879,0.21460349619193905,0.7077967754570235,0.6552845528455284,0.5434673223041047,0.5439024390243903
31.0,0.75,0.25,0.95,0.6168835480755631,0.21457706408369526,0.709105030787964,0.656910569105691,0.5426196181363191,0.5439024390243903
33.0,0.7,0.30000000000000004,0.6,0.6168837736635235,0.2146196443237595,0.7078234201684479,0.656910569105691,0.5431858660871276,0.5439024390243903
21.0,0.7,0.30000000000000004,0.6,0.6168840305164616,0.21461261647429347,0.7082150974263874,0.6560975609756098,0.5429925257902931,0.5439024390243903
35.0,1.0,0.0,0.65,0.616884034628369,0.21459996155372296,0.7078260846395903,0.6544715447154471,0.543499888372336,0.5439024390243903
22.0,0.7,0.30000000000000004,0.7,0.6168840920674892,0.2146016584639079,0.7085987812708995,0.6544715447154471,0.5428098101515388,0.5439024390243903
30.0,1.0,0.0,0.6,0.6168848362389757,0.21460091282795407,0.7077887820435962,0.6552845528455284,0.5434700728725396,0.5439024390243903
40.0,0.75,0.25,0.65,0.6168848703539133,0.21461860295189295,0.7078154267550205,0.656910569105691,0.5432424640528807,0.5439024390243903
21.0,0.7,0.30000000000000004,0.65,0.6168853493573975,0.21460766161894357,0.7083270052143701,0.6552845528455284,0.5428888002342773,0.5439024390243903
40.0,0.7,0.30000000000000004,0.65,0.6168854029091002,0.21462163676120738,0.7079140121872911,0.6577235772357723,0.5431740988836139,0.5439024390243903
21.0,0.95,0.050000000000000044,0.6,0.6168856588345301,0.21460003540728842,0.7080925317538349,0.6552845528455284,0.5432024296526077,0.5439024390243903
24.0,0.8,0.19999999999999996,0.55,0.6168858953835363,0.21461357856261343,0.7079140121872909,0.656910569105691,0.5432396662857167,0.5439024390243903
33.0,0.85,0.15000000000000002,0.6,0.6168860309531289,0.21461193963730515,0.7078047688704509,0.656910569105691,0.5433579721624603,0.5439024390243903
24.0,0.85,0.15000000000000002,0.55,0.6168863482966526,0.21461105856621518,0.707842071466445,0.6560975609756098,0.5432825408993011,0.5439024390243903
23.0,0.8,0.19999999999999996,0.55,0.6168871270111538,0.21461374258509403,0.707937992427573,0.656910569105691,0.5432196066193141,0.5439024390243903
25.0,0.8,0.19999999999999996,0.55,0.6168872693600195,0.21461453020151594,0.7078687161778694,0.656910569105691,0.543258881211455,0.5439024390243903
23.0,0.85,0.15000000000000002,0.55,0.6168875385277028,0.21461123779432725,0.7078873674758666,0.6560975609756098,0.5432611389335008,0.5439024390243903
25.0,0.85,0.15000000000000002,0.55,0.6168880050180112,0.21461209816491533,0.7078633872355846,0.6560975609756098,0.5433030484567055,0.5439024390243903
26.0,0.9,0.09999999999999998,0.9,0.6168880083877476,0.21456912658732927,0.7090250966536907,0.6577235772357723,0.5428072244481048,0.5439024390243903
39.0,0.85,0.15000000000000002,0.65,0.6168882375093585,0.21461345738133822,0.7077834531013112,0.6577235772357723,0.5433662137572657,0.5439024390243903
24.0,0.75,0.25,0.55,0.6168883877278217,0.2146173186487539,0.7078847030047241,0.6577235772357723,0.5431966192263074,0.5439024390243903
43.0,0.9,0.09999999999999998,0.7,0.6168887268125491,0.2146102072614289,0.7078100978127355,0.6560975609756098,0.5434204363933104,0.5439024390243903
34.0,0.75,0.25,0.6,0.6168891940999097,0.21461963151936062,0.7078021043993084,0.656910569105691,0.5432565315467729,0.5439024390243903
38.0,0.9,0.09999999999999998,0.65,0.6168893481212822,0.21461023272854368,0.7078100978127356,0.6560975609756098,0.5434193014097098,0.5439024390243903
25.0,0.75,0.25,0.55,0.6168895177923658,0.21461819302615834,0.707890031947009,0.6577235772357723,0.5432145516655432,0.5439024390243903
30.0,0.85,0.15000000000000002,1.0,0.6168895550058313,0.21456541800928283,0.7091716425665252,0.6560975609756098,0.5426901453132539,0.5439024390243903
23.0,0.75,0.25,0.55,0.6168896311246281,0.21461746062839945,0.7079299990141457,0.656910569105691,0.5431778921632191,0.5439024390243903
24.0,0.9,0.09999999999999998,0.55,0.6168897403581154,0.2146097589763074,0.7078287491107327,0.6544715447154471,0.5433252423472421,0.5439024390243903
40.0,0.8,0.19999999999999996,0.65,0.6168897955207535,0.21461770296234783,0.7077967754570234,0.6577235772357723,0.543310845043551,0.5439024390243903
21.0,0.85,0.15000000000000002,0.7,0.6168905905480419,0.21459531963144532,0.708505524780914,0.656910569105691,0.5429338282398963,0.5439024390243903
26.0,0.8,0.19999999999999996,0.55,0.6168908382694808,0.2146164165506058,0.7078553938221572,0.656910569105691,0.5432772926368474,0.5439024390243903
23.0,0.9,0.09999999999999998,0.55,0.616890856433451,0.21460994505936684,0.7078500648798725,0.6536585365853659,0.5433024885395878,0.5439024390243903
22.0,0.9,0.09999999999999998,0.75,0.6168910459465421,0.21458674347962453,0.7086041102131844,0.6577235772357723,0.5429263643660617,0.5439024390243903
22.0,0.85,0.15000000000000002,0.75,0.6168910577473002,0.21458943571837555,0.7086041102131844,0.656910569105691,0.5428732546157442,0.5439024390243903
26.0,0.75,0.25,0.85,0.6168910773254769,0.21458571534862605,0.7088625639140015,0.6577235772357723,0.5426804209090116,0.5439024390243903
34.0,0.8,0.19999999999999996,0.6,0.6168911337134817,0.2146175406395942,0.7077834531013112,0.656910569105691,0.5433148936524065,0.5439024390243903
34.0,0.7,0.30000000000000004,0.6,0.6168914141929553,0.2146233743850923,0.7078394069953026,0.656910569105691,0.5431981008426696,0.5439024390243903
22.0,0.8,0.19999999999999996,0.55,0.6168914500893051,0.2146152370571026,0.7079832884369945,0.6560975609756098,0.5431986614129226,0.5439024390243903
27.0,0.8,0.19999999999999996,0.9,0.6168915691938848,0.2145775719559607,0.7089318401637051,0.656910569105691,0.5426906586222452,0.5439024390243903
25.0,0.9,0.09999999999999998,0.55,0.6168917218192759,0.214610898748855,0.7078154267550205,0.6544715447154471,0.5433470525427885,0.5439024390243903
26.0,0.85,0.15000000000000002,0.55,0.6168920644020974,0.21461416108701886,0.7078580582932996,0.6560975609756098,0.5433227049116981,0.5439024390243903
21.0,0.8,0.19999999999999996,0.7,0.6168920905892928,0.21459862680217712,0.7085588142037627,0.656910569105691,0.5428853794643924,0.5439024390243903
22.0,0.85,0.15000000000000002,0.55,0.6168921003494796,0.2146128674897361,0.7078820385335817,0.6552845528455284,0.5432387997600063,0.5439024390243903
29.0,0.8,0.19999999999999996,0.95,0.6168923461941435,0.2145742596930317,0.7090250966536907,0.656910569105691,0.5426587757224133,0.5439024390243903
25.0,0.7,0.30000000000000004,0.8,0.6168924795936422,0.21459474543003024,0.7088385836737197,0.656910569105691,0.5426826904566733,0.5439024390243903
26.0,0.75,0.25,0.55,0.6168926433961657,0.21461991701699798,0.7078687161778694,0.6577235772357723,0.5432317285911612,0.5439024390243903
44.0,1.0,0.0,0.75,0.6168928201077294,0.21460307143484386,0.707812762283878,0.6552845528455284,0.5435318826084305,0.5439024390243903
37.0,0.95,0.050000000000000044,0.65,0.6168929792530361,0.21460799153906185,0.7078314135818752,0.6552845528455284,0.5434699489948152,0.5439024390243903
21.0,1.0,0.0,0.65,0.616893346297938,0.21459493514008823,0.7083696367526491,0.6577235772357723,0.5431593862894687,0.5439024390243903
28.0,0.85,0.15000000000000002,0.95,0.6168933573987329,0.21457016710609964,0.7090943729033943,0.656910569105691,0.5427132419867251,0.5439024390243903
37.0,0.7,0.30000000000000004,1.0,0.6168934181512873,0.21458729868775459,0.7091796359799525,0.6585365853658537,0.5425535712781162,0.5439024390243903
41.0,0.7,0.30000000000000004,0.65,0.6168934315650239,0.2146255215887655,0.707890031947009,0.6577235772357723,0.5431841498431742,0.5439024390243903
30.0,0.7,0.30000000000000004,0.9,0.616893473750779,0.21458873051359614,0.7089771361731266,0.656910569105691,0.5426026245060783,0.5439024390243903
21.0,0.9,0.09999999999999998,0.7,0.6168934881459676,0.21459383796273793,0.7085135181943412,0.6560975609756098,0.5429819670673298,0.5439024390243903
22.0,0.75,0.25,0.55,0.616893695944485,0.21461881725835807,0.7079832884369945,0.656910569105691,0.5431583317460188,0.5439024390243903
20.0,0.8,0.19999999999999996,0.6,0.6168937182889593,0.2146109347091025,0.708201775070675,0.6552845528455284,0.543052958300748,0.5439024390243903
24.0,0.7,0.30000000000000004,0.55,0.6168938315751301,0.21462227850060078,0.7078847030047242,0.6577235772357723,0.5431534004518404,0.5439024390243903
40.0,1.0,0.0,0.7,0.6168939289890732,0.21460394699815005,0.7077887820435961,0.6544715447154471,0.5435251799711386,0.5439024390243903
24.0,0.75,0.25,0.8,0.6168939617561129,0.21459124286550257,0.708763978481731,0.656910569105691,0.5427224496321015,0.5439024390243903
41.0,0.75,0.25,0.65,0.6168941943725463,0.21462301696464667,0.7078420714664451,0.656910569105691,0.543253347441076,0.5439024390243903
27.0,1.0,0.0,0.95,0.6168945802463317,0.21456113469611884,0.7092009517490921,0.6552845528455284,0.5429125685904058,0.5439024390243903
25.0,0.7,0.30000000000000004,0.55,0.6168947534061184,0.21462308480950495,0.7078154267550206,0.6577235772357723,0.5431700606862012,0.5439024390243903
45.0,0.85,0.15000000000000002,0.7,0.6168948278798273,0.21461706162275293,0.7077807886301687,0.6585365853658537,0.5433684112151224,0.5439024390243903
32.0,0.95,0.050000000000000044,0.6,0.6168948634267438,0.214609067372884,0.7078287491107328,0.6552845528455284,0.5434543593757424,0.5439024390243903
23.0,0.7,0.30000000000000004,0.75,0.6168949091089792,0.2146002988231529,0.7087852942508706,0.6552845528455284,0.5427341441600535,0.5439024390243903
33.0,0.9,0.09999999999999998,0.6,0.6168949892197603,0.21461265440700064,0.7077914465147386,0.6560975609756098,0.5434151708893028,0.5439024390243903
23.0,0.7,0.30000000000000004,0.55,0.6168950602462298,0.21462239310713355,0.7079113477161486,0.6577235772357723,0.5431359961442717,0.5439024390243903
20.0,0.75,0.25,0.6,0.6168953298428433,0.21461423225931708,0.7081911171861054,0.6544715447154471,0.5430123377733044,0.5439024390243903
28.0,0.75,0.25,0.9,0.6168953615432748,0.21458347285589938,0.7089851295865539,0.6577235772357723,0.5426396122664392,0.5439024390243903
20.0,0.85,0.15000000000000002,0.6,0.6168954859761685,0.214609055754728,0.7081484856478263,0.6552845528455284,0.5430933352632439,0.5439024390243903
22.0,0.9,0.09999999999999998,0.55,0.6168956343678339,0.214611705840159,0.7079060187738637,0.6544715447154471,0.5432787463902371,0.5439024390243903
22.0,0.95,0.050000000000000044,0.75,0.6168959714993072,0.2145860890074977,0.7086627285783182,0.6560975609756098,0.5429791371807162,0.5439024390243903
21.0,1.0,0.0,0.6,0.6168960061382062,0.21460172156179078,0.7081218409364018,0.656910569105691,0.543243706407822,0.5439024390243903
22.0,0.8,0.19999999999999996,0.75,0.6168960364332631,0.2145941727169933,0.7086520706937484,0.6577235772357723,0.542819808698914,0.5439024390243903
24.0,0.95,0.050000000000000044,0.55,0.6168960655956479,0.21460968010264656,0.707932663485288,0.6552845528455284,0.5433677699207613,0.5439024390243903
27.0,0.8,0.19999999999999996,0.55,0.6168962539693531,0.2146190847558455,0.7078287491107328,0.656910569105691,0.543294941346628,0.5439024390243903
29.0,0.9,0.09999999999999998,1.0,0.6168963051691702,0.2145635213390623,0.709152991268528,0.6577235772357723,0.5427480280224304,0.5439024390243903
26.0,0.9,0.09999999999999998,0.55,0.616896322050623,0.2146131539832745,0.7077914465147386,0.6560975609756098,0.5433679644328646,0.5439024390243903
25.0,0.8,0.19999999999999996,0.85,0.6168966775081584,0.21458369065584876,0.7088892086254259,0.656910569105691,0.5427234637853543,0.5439024390243903
33.0,0.7,0.30000000000000004,0.95,0.6168967292546718,0.21458829030240464,0.7090703926631123,0.6577235772357723,0.5425711298297168,0.5439024390243903
23.0,0.9,0.09999999999999998,0.8,0.6168968685296164,0.21458296984401395,0.7087399982414491,0.6577235772357723,0.5428741141286981,0.5439024390243903
31.0,1.0,0.0,0.6,0.6168970240913962,0.21460643968716406,0.7077727952167414,0.6544715447154471,0.5434905675945991,0.5439024390243903
23.0,0.95,0.050000000000000044,0.55,0.6168970716246436,0.2146098631699304,0.7079433213698579,0.6544715447154471,0.5433436548843172,0.5439024390243903
34.0,0.85,0.15000000000000002,0.6,0.6168972667282581,0.2146171214584922,0.7077941109858811,0.656910569105691,0.5433731852690431,0.5439024390243903
27.0,0.75,0.25,0.55,0.6168974447673213,0.21462235003133123,0.7077727952167414,0.6577235772357723,0.5432481886510381,0.5439024390243903
26.0,0.7,0.30000000000000004,0.55,0.616897479684834,0.2146246591465038,0.7078047688704507,0.6577235772357723,0.5431860137637327,0.5439024390243903
42.0,0.95,0.050000000000000044,0.7,0.6168977244797788,0.21461004044306306,0.7077594728610292,0.656910569105691,0.5434820266560673,0.5439024390243903
31.0,0.8,0.19999999999999996,1.0,0.6168977527024847,0.21457316237148197,0.709134339970531,0.6560975609756098,0.5426276297245469,0.5439024390243903
21.0,0.75,0.25,0.7,0.6168980186825653,0.21460376792890995,0.708620097040039,0.6544715447154471,0.5428366210965585,0.5439024390243903
27.0,0.85,0.15000000000000002,0.55,0.6168981491109318,0.214617081885868,0.7078527293510147,0.656910569105691,0.5433415531262825,0.5439024390243903
27.0,0.95,0.050000000000000044,0.95,0.6168981867246898,0.2145650576754515,0.7092222675182316,0.656910569105691,0.5428379225513367,0.5439024390243903
25.0,0.95,0.050000000000000044,0.55,0.6168984169614414,0.21461093378935292,0.7078687161778694,0.6552845528455284,0.5433908926200208,0.5439024390243903
35.0,0.75,0.25,0.6,0.6168984451990016,0.2146240057646954,0.7078127622838781,0.656910569105691,0.5432692560766201,0.5439024390243903
33.0,0.75,0.25,1.0,0.6168987185886087,0.21457989798518898,0.7092196030470892,0.656910569105691,0.5425796967982652,0.5439024390243903
27.0,0.7,0.30000000000000004,0.85,0.6168988132696357,0.21459306744173964,0.7088732217985714,0.656910569105691,0.5426327911321184,0.5439024390243903
22.0,0.7,0.30000000000000004,0.55,0.6168988504187007,0.21462361079328604,0.7079646371389975,0.6577235772357723,0.5431178111707358,0.5439024390243903
23.0,0.95,0.050000000000000044,0.8,0.6168989389686717,0.21458115619335924,0.7088012810777252,0.656910569105691,0.5429319029668357,0.5439024390243903
36.0,1.0,0.0,0.65,0.6168990163791431,0.21460671023188607,0.7077754596878838,0.6544715447154471,0.5435179905749121,0.5439024390243903
20.0,0.8,0.19999999999999996,0.65,0.6168990648633226,0.21460736000938982,0.7084122682909284,0.6544715447154471,0.542954532755834,0.5439024390243903
21.0,0.8,0.19999999999999996,0.55,0.6168994412650017,0.21461831768314196,0.7080472357444132,0.6560975609756098,0.5431767915746872,0.5439024390243903
35.0,0.7,0.30000000000000004,0.6,0.6168995094773801,0.2146272768561143,0.7078447359375873,0.656910569105691,0.5432098794771567,0.5439024390243903
40.0,0.85,0.15000000000000002,0.65,0.6169002531992033,0.21461897608614927,0.7077807886301687,0.6577235772357723,0.5433792395538792,0.5439024390243903
20.0,0.7,0.30000000000000004,0.6,0.6169003446124868,0.2146189557990246,0.7082017750706752,0.6560975609756098,0.5429714737076762,0.5439024390243903
23.0,0.85,0.15000000000000002,0.8,0.6169003465792994,0.21458705575420003,0.7086733864628878,0.6577235772357723,0.5428159642079148,0.5439024390243903
20.0,0.85,0.15000000000000002,0.65,0.6169004500006582,0.21460528650798263,0.7083509854546519,0.6560975609756098,0.5429980652916931,0.5439024390243903
41.0,0.8,0.19999999999999996,0.65,0.6169005388808347,0.2146226919321943,0.7078127622838781,0.6577235772357723,0.5433225764241592,0.5439024390243903
20.0,0.9,0.09999999999999998,0.6,0.6169006091946262,0.2146085879919969,0.7082497355512392,0.6544715447154471,0.5431334686563344,0.5439024390243903
21.0,0.85,0.15000000000000002,0.55,0.6169006552767418,0.21461622291907,0.7078953608892938,0.6552845528455284,0.543215482427716,0.5439024390243903
21.0,0.95,0.050000000000000044,0.7,0.6169007533640829,0.2145941733104654,0.7085401629057657,0.6577235772357723,0.5430297956291992,0.5439024390243903
21.0,0.75,0.25,0.55,0.6169011149002831,0.2146216250462958,0.7080179265618464,0.656910569105691,0.5431379008155036,0.5439024390243903
20.0,0.75,0.25,0.65,0.6169015759755245,0.214611061451548,0.7084309195889253,0.6544715447154471,0.5429107185987865,0.5439024390243903
42.0,0.7,0.30000000000000004,0.65,0.6169016224381761,0.21462945367994438,0.7078687161778694,0.6577235772357723,0.5431938664121937,0.5439024390243903
35.0,0.8,0.19999999999999996,0.6,0.6169016398336742,0.21462242228190506,0.7077168413227501,0.6577235772357723,0.5433285779802006,0.5439024390243903
27.0,0.7,0.30000000000000004,0.55,0.6169017181765138,0.21462687285202264,0.7077914465147385,0.6577235772357723,0.5432012961365146,0.5439024390243903
44.0,0.9,0.09999999999999998,0.7,0.6169018785130822,0.21461619405256926,0.7077674662744564,0.656910569105691,0.5434333577551345,0.5439024390243903
22.0,0.95,0.050000000000000044,0.55,0.6169020399330825,0.2146117493762897,0.7079353279564305,0.6544715447154471,0.5433185009210297,0.5439024390243903
26.0,0.85,0.15000000000000002,0.9,0.616902060161341,0.21457735036397793,0.709009109826836,0.6577235772357723,0.5427369997936872,0.5439024390243903
39.0,0.9,0.09999999999999998,0.65,0.6169026461873283,0.21461628059974444,0.7077701307455991,0.6560975609756098,0.5434337134424423,0.5439024390243903
27.0,0.9,0.09999999999999998,0.55,0.6169031337025346,0.21461634631683005,0.7077834531013112,0.6560975609756098,0.5433880228965555,0.5439024390243903
28.0,0.8,0.19999999999999996,0.55,0.6169032205529076,0.214622405384816,0.7078340780530177,0.656910569105691,0.5433118670559959,0.5439024390243903
26.0,0.95,0.050000000000000044,0.55,0.6169036116321999,0.21461339861424808,0.7078127622838781,0.6552845528455284,0.5434130702238393,0.5439024390243903
28.0,0.75,0.25,0.55,0.616903650622894,0.21462537324378322,0.7077727952167415,0.656910569105691,0.54326396945475,0.5439024390243903
42.0,0.75,0.25,0.65,0.6169036988051376,0.21462748549623886,0.7078314135818752,0.656910569105691,0.5432638711757015,0.5439024390243903
21.0,0.9,0.09999999999999998,0.55,0.6169047414588653,0.21461533650275733,0.707961972667855,0.6544715447154471,0.5432539731628657,0.5439024390243903
24.0,1.0,0.0,0.55,0.6169053181739711,0.2146108222483203,0.7078474004087298,0.6552845528455284,0.5434101229222001,0.5439024390243903
30.0,0.75,0.25,0.95,0.6169053592629099,0.21458384683911058,0.7091396689128158,0.656910569105691,0.5425997893680531,0.5439024390243903
21.0,0.7,0.30000000000000004,0.55,0.6169056918239038,0.21462614924537393,0.7079806239658522,0.6577235772357723,0.5430988103773995,0.5439024390243903
20.0,0.9,0.09999999999999998,0.65,0.6169057018206744,0.2146048317124061,0.7083270052143701,0.656910569105691,0.5430413162111899,0.5439024390243903
22.0,1.0,0.0,0.75,0.6169058053181306,0.21458746526235925,0.7086787154051729,0.656910569105691,0.5430315723369913,0.5439024390243903
28.0,0.85,0.15000000000000002,0.55,0.616905937838222,0.21462072021158882,0.7078420714664451,0.656910569105691,0.543359634866534,0.5439024390243903
22.0,0.75,0.25,0.75,0.6169060119829725,0.21460096142063115,0.7086387483380361,0.656910569105691,0.5427660274310944,0.5439024390243903
23.0,1.0,0.0,0.55,0.6169061751343876,0.21461099090250532,0.7079060187738637,0.6552845528455284,0.5433846374274288,0.5439024390243903
36.0,0.7,0.30000000000000004,1.0,0.6169063311549308,0.2145906654774201,0.7091876293933799,0.6577235772357723,0.5425384886546777,0.5439024390243903
23.0,1.0,0.0,0.8,0.6169065309543745,0.2145816101044059,0.7088225968468649,0.6560975609756098,0.542989329453011,0.5439024390243903
28.0,0.7,0.30000000000000004,0.55,0.6169072214400247,0.2146296173933964,0.7078047688704509,0.6577235772357723,0.5432159432544096,0.5439024390243903
38.0,0.95,0.050000000000000044,0.65,0.6169075400353676,0.21461455550146105,0.7077568083898869,0.6552845528455284,0.5434858443331069,0.5439024390243903
34.0,0.9,0.09999999999999998,0.6,0.6169076275515536,0.21461839402031502,0.7077328281496047,0.6560975609756098,0.5434314044823244,0.5439024390243903
36.0,0.7,0.30000000000000004,0.6,0.6169079779446708,0.214631317556063,0.7078234201684479,0.6577235772357723,0.5432212258325038,0.5439024390243903
20.0,0.7,0.30000000000000004,0.65,0.6169080132588998,0.21461640005596705,0.7083270052143701,0.6552845528455284,0.5428666228458061,0.5439024390243903
25.0,1.0,0.0,0.55,0.6169080877875274,0.21461220512633264,0.7078234201684479,0.6552845528455284,0.5434345678476338,0.5439024390243903
33.0,0.95,0.050000000000000044,0.6,0.61690810064916,0.21461504081866134,0.7077914465147386,0.6552845528455284,0.5434722814921727,0.5439024390243903
36.0,0.75,0.25,0.6,0.6169081152574614,0.21462853712515584,0.7077781241590262,0.6577235772357723,0.5432815168638037,0.5439024390243903
24.0,0.95,0.050000000000000044,0.85,0.6169083709781897,0.21457888157301466,0.7089398335771324,0.656910569105691,0.5428877367055596,0.5439024390243903
21.0,0.7,0.30000000000000004,0.7,0.6169084056377232,0.21461075143271005,0.7086227615111815,0.6536585365853659,0.5427875535303966,0.5439024390243903
45.0,1.0,0.0,0.75,0.6169087683465019,0.21461022634701266,0.707794110985881,0.6560975609756098,0.5435469004571966,0.5439024390243903
20.0,0.95,0.050000000000000044,0.6,0.6169090644970225,0.2146095240068924,0.7081458211766838,0.6560975609756098,0.5431733584978067,0.5439024390243903
35.0,0.85,0.15000000000000002,0.6,0.6169091316225606,0.2146225481926905,0.707764801803314,0.6577235772357723,0.5433878432734591,0.5439024390243903
23.0,0.8,0.19999999999999996,0.8,0.6169094005776561,0.21459341856724468,0.7087959521354403,0.656910569105691,0.5427574545276852,0.5439024390243903
27.0,0.9,0.09999999999999998,0.95,0.6169095655494489,0.2145720960852825,0.7090970373745368,0.6585365853658537,0.5427628858502866,0.5439024390243903
24.0,0.9,0.09999999999999998,0.85,0.6169096664313573,0.2145820212706521,0.7088732217985714,0.6577235772357723,0.54282487123359,0.5439024390243903
43.0,0.7,0.30000000000000004,0.65,0.6169099393398152,0.21463341870724192,0.707866051706727,0.6585365853658537,0.5432032644247726,0.5439024390243903
41.0,1.0,0.0,0.7,0.6169099810425097,0.21461114170109757,0.7077541439187442,0.6560975609756098,0.543541343857745,0.5439024390243903
32.0,1.0,0.0,0.6,0.6169106166666395,0.21461253859969856,0.7077594728610292,0.6544715447154471,0.5435102975908956,0.5439024390243903
29.0,0.75,0.25,0.55,0.6169110302765586,0.2146288860071231,0.7077248347361773,0.656910569105691,0.5432791071974804,0.5439024390243903
27.0,0.95,0.050000000000000044,0.55,0.616911211438706,0.21461688298000217,0.7077701307455989,0.6552845528455284,0.5434343495676397,0.5439024390243903
22.0,1.0,0.0,0.55,0.6169113049792168,0.21461299535042533,0.7078767095912968,0.6544715447154471,0.5433580629842829,0.5439024390243903
42.0,0.8,0.19999999999999996,0.65,0.6169114817891359,0.2146277432143158,0.7077514794476019,0.6601626016260163,0.5433339227453681,0.5439024390243903
29.0,0.8,0.19999999999999996,0.55,0.6169114859274443,0.21462626860058234,0.7077807886301687,0.656910569105691,0.5433281080087619,0.5439024390243903
28.0,1.0,0.0,1.0,0.6169115499619854,0.2145625831183724,0.7092329254028015,0.6552845528455284,0.5428808314071358,0.5439024390243903
21.0,0.95,0.050000000000000044,0.55,0.6169116844983701,0.21461565416880357,0.7079193411295759,0.6536585365853659,0.5432922635839275,0.5439024390243903
20.0,0.8,0.19999999999999996,0.55,0.6169117873992879,0.2146232898568513,0.707961972667855,0.6552845528455284,0.5431539614607152,0.5439024390243903
28.0,0.9,0.09999999999999998,0.55,0.6169118092993519,0.21462032417558344,0.7077834531013112,0.6552845528455284,0.5434072716954517,0.5439024390243903
29.0,0.7,0.30000000000000004,0.9,0.6169122217051431,0.21459450648981138,0.7089931229999813,0.6560975609756098,0.542584157433525,0.5439024390243903
21.0,1.0,0.0,0.7,0.6169123565741168,0.2145963171588217,0.7085135181943412,0.656910569105691,0.543077313646213,0.5439024390243903
43.0,0.95,0.050000000000000044,0.7,0.6169125188018982,0.214616700381489,0.7077088479093226,0.656910569105691,0.5434962688821836,0.5439024390243903
20.0,0.75,0.25,0.55,0.6169125237603529,0.2146261669845284,0.7080472357444132,0.6560975609756098,0.5431165654216631,0.5439024390243903
41.0,0.85,0.15000000000000002,0.65,0.6169125457648896,0.21462458844249585,0.7077541439187442,0.6585365853658537,0.5433918345275418,0.5439024390243903
36.0,0.8,0.19999999999999996,0.6,0.6169126133947347,0.21462748118167144,0.7077488149764595,0.6585365853658537,0.5433417670776471,0.5439024390243903
32.0,0.7,0.30000000000000004,0.95,0.6169129959008733,0.21459297915612832,0.709105030787964,0.656910569105691,0.5425541790492736,0.5439024390243903
24.0,1.0,0.0,0.85,0.6169132553349138,0.21457826150475004,0.7090464124228302,0.6560975609756098,0.5429502180168534,0.5439024390243903
43.0,0.75,0.25,0.65,0.6169133430746787,0.21463199242954312,0.7077861175724536,0.6577235772357723,0.5432740521598226,0.5439024390243903
29.0,0.7,0.30000000000000004,0.55,0.6169137794665869,0.21463280101904386,0.707764801803314,0.6577235772357723,0.5432299892146334,0.5439024390243903
26.0,1.0,0.0,0.55,0.6169139337257729,0.2146148983731764,0.7077488149764595,0.6552845528455284,0.5434580213145445,0.5439024390243903
20.0,0.85,0.15000000000000002,0.55,0.6169139422068927,0.2146216322431278,0.7079406568987154,0.6552845528455284,0.543191149675955,0.5439024390243903
37.0,1.0,0.0,0.65,0.6169147830268008,0.21461376158779424,0.7076875321401832,0.6544715447154471,0.5435354717283729,0.5439024390243903
20.0,0.95,0.050000000000000044,0.65,0.616914791108002,0.21460598637538847,0.7083776301660766,0.6577235772357723,0.543084285549141,0.5439024390243903
29.0,0.85,0.15000000000000002,0.55,0.6169151563600883,0.21462495674631246,0.707794110985881,0.656910569105691,0.5433769903748886,0.5439024390243903
45.0,0.9,0.09999999999999998,0.7,0.6169152343326181,0.21462224259380075,0.7077008544958955,0.656910569105691,0.5434458811272721,0.5439024390243903
20.0,0.7,0.30000000000000004,0.55,0.6169161701042188,0.21463026943243516,0.708033913388701,0.656910569105691,0.5430789615844765,0.5439024390243903
40.0,0.9,0.09999999999999998,0.65,0.6169163200273406,0.21462246255196132,0.7077381570918897,0.656910569105691,0.5434476452183509,0.5439024390243903
24.0,0.7,0.30000000000000004,0.8,0.6169163546630363,0.21460302039546422,0.7088678928562865,0.6560975609756098,0.5426614852803858,0.5439024390243903
37.0,0.7,0.30000000000000004,0.6,0.6169167490956817,0.2146354671189197,0.7078314135818752,0.6577235772357723,0.5432321622389115,0.5439024390243903
24.0,0.85,0.15000000000000002,0.85,0.616917164566132,0.2145876819500198,0.7088252613180073,0.6577235772357723,0.5427616235218253,0.5439024390243903
37.0,0.75,0.25,0.6,0.6169181257340876,0.21463319288227029,0.7077834531013112,0.6577235772357723,0.5432933376883546,0.5439024390243903
44.0,0.7,0.30000000000000004,0.65,0.6169183506552463,0.2146374042559983,0.7078127622838781,0.6593495934959349,0.5432123587505067,0.5439024390243903
25.0,0.75,0.25,0.85,0.6169187646905161,0.21459524673796176,0.7088918730965683,0.6577235772357723,0.5426576857083077,0.5439024390243903
20.0,0.9,0.09999999999999998,0.55,0.6169189695613712,0.2146211883290258,0.7079779594947098,0.6544715447154471,0.5432281300578021,0.5439024390243903
28.0,0.95,0.050000000000000044,1.0,0.6169191243632725,0.21456797645639403,0.7092942082390776,0.6560975609756098,0.5428009702736989,0.5439024390243903
30.0,0.75,0.25,0.55,0.6169193871585105,0.21463280290880288,0.7077781241590264,0.6577235772357723,0.5432936364313907,0.5439024390243903
32.0,0.75,0.25,1.0,0.6169200007932831,0.21458633956108222,0.7091796359799525,0.6560975609756098,0.5425607819666023,0.5439024390243903
20.0,1.0,0.0,0.6,0.6169208286963117,0.21461185637634125,0.7081085185806895,0.656910569105691,0.5432130048276225,0.5439024390243903
30.0,0.8,0.19999999999999996,0.55,0.6169208348880155,0.21463058101676227,0.7077328281496047,0.6585365853658537,0.5433437007320577,0.5439024390243903
28.0,0.95,0.050000000000000044,0.55,0.6169208419718802,0.2146212237856908,0.7077381570918897,0.6552845528455284,0.5434547763525948,0.5439024390243903
35.0,0.7,0.30000000000000004,1.0,0.6169208803203485,0.21459462638106278,0.7091849649222375,0.6577235772357723,0.5425228677182157,0.5439024390243903
35.0,0.9,0.09999999999999998,0.6,0.6169209596201205,0.21462440567035015,0.7077274992073197,0.6560975609756098,0.5434470500137596,0.5439024390243903
22.0,0.7,0.30000000000000004,0.75,0.6169210148244902,0.21460980872480662,0.7087932876642979,0.6552845528455284,0.5427119116740734,0.5439024390243903
30.0,0.7,0.30000000000000004,0.55,0.6169212136459057,0.2146363460166889,0.7077568083898867,0.6577235772357723,0.5432434665496113,0.5439024390243903
26.0,0.7,0.30000000000000004,0.85,0.6169212315276006,0.21460049199866713,0.708913188865708,0.6560975609756098,0.5426126000947044,0.5439024390243903
27.0,0.75,0.25,0.9,0.6169213651279831,0.21459208055210652,0.7089904585288389,0.656910569105691,0.542617968993841,0.5439024390243903
21.0,1.0,0.0,0.55,0.616921469244853,0.21461717163815916,0.7079433213698579,0.6544715447154471,0.5433303535102052,0.5439024390243903
36.0,0.85,0.15000000000000002,0.6,0.6169215152009607,0.21462817360548184,0.7077115123804651,0.6585365853658537,0.5434019745460468,0.5439024390243903
28.0,0.8,0.19999999999999996,0.95,0.6169219206374679,0.21458404969080622,0.7090730571342547,0.6560975609756098,0.5426356760522498,0.5439024390243903
29.0,0.9,0.09999999999999998,0.55,0.6169220517650064,0.21462495847221302,0.7077354926207471,0.6560975609756098,0.543425753019986,0.5439024390243903
34.0,0.95,0.050000000000000044,0.6,0.6169222513194749,0.21462137870836626,0.7077674662744566,0.6552845528455284,0.5434895493536054,0.5439024390243903
27.0,1.0,0.0,0.55,0.6169223862000035,0.21461869684323887,0.7077035189670378,0.6552845528455284,0.5434805320534429,0.5439024390243903
43.0,0.8,0.19999999999999996,0.65,0.6169225790178687,0.21463283879142153,0.7077274992073199,0.6593495934959349,0.5433449019674136,0.5439024390243903
29.0,0.85,0.15000000000000002,1.0,0.616922586197445,0.2145763550261298,0.7092169385759467,0.6560975609756098,0.5426655744815478,0.5439024390243903
39.0,0.95,0.050000000000000044,0.65,0.6169226017413536,0.21462130503205945,0.7077195057938925,0.656910569105691,0.5435012060901881,0.5439024390243903
44.0,0.75,0.25,0.65,0.6169230916958104,0.21463652377453327,0.7077727952167414,0.6585365853658537,0.5432839062743944,0.5439024390243903
26.0,0.8,0.19999999999999996,0.9,0.6169231172081151,0.2145883794268232,0.7090091098268361,0.656910569105691,0.5426664024439442,0.5439024390243903
25.0,0.95,0.050000000000000044,0.9,0.6169231744323844,0.21457884441250566,0.7090943729033943,0.6577235772357723,0.5428463265477781,0.5439024390243903
37.0,0.8,0.19999999999999996,0.6,0.6169239673965756,0.21463268109614492,0.707764801803314,0.6585365853658537,0.5433544861511987,0.5439024390243903
23.0,0.75,0.25,0.8,0.6169240585039998,0.2146020628698813,0.7087799653085857,0.656910569105691,0.5426985864648857,0.5439024390243903
25.0,1.0,0.0,0.9,0.6169248953001646,0.21457700277804947,0.7091423333839583,0.6560975609756098,0.5429139172132832,0.5439024390243903
42.0,0.85,0.15000000000000002,0.65,0.6169250579868988,0.21463027145829022,0.7077301636784624,0.6593495934959349,0.5434040189013521,0.5439024390243903
33.0,1.0,0.0,0.6,0.6169253963501917,0.21461911739024844,0.7077141768516076,0.6544715447154471,0.5435293020561696,0.5439024390243903
30.0,0.85,0.15000000000000002,0.55,0.6169255701629979,0.21462968985815326,0.7077568083898869,0.6577235772357723,0.5433936581080164,0.5439024390243903
38.0,0.7,0.30000000000000004,0.6,0.6169257619647872,0.21463970030563115,0.7078180912261629,0.6585365853658537,0.5432427096066615,0.5439024390243903
30.0,0.8,0.19999999999999996,1.0,0.6169258402351762,0.21458218642448865,0.7091609846819555,0.6552845528455284,0.5426056196798174,0.5439024390243903
42.0,1.0,0.0,0.7,0.6169264777948962,0.2146184950096541,0.7077061834381803,0.6560975609756098,0.5435569965051125,0.5439024390243903
20.0,0.8,0.19999999999999996,0.7,0.6169265755606073,0.21461202692032177,0.7085641431460477,0.656910569105691,0.5428585995344921,0.5439024390243903
45.0,0.7,0.30000000000000004,0.65,0.6169268287725447,0.21464139957697467,0.7077648018033141,0.6593495934959349,0.5432211633639846,0.5439024390243903
20.0,0.95,0.050000000000000044,0.55,0.616926851031728,0.21462195229263656,0.7079806239658522,0.6544715447154471,0.5432649026127335,0.5439024390243903
44.0,0.95,0.050000000000000044,0.7,0.6169275885885257,0.21462345078394918,0.7077141768516075,0.656910569105691,0.5435100695828873,0.5439024390243903
20.0,0.85,0.15000000000000002,0.7,0.616927598726229,0.21460979101645278,0.7085321694923383,0.656910569105691,0.5429052542476631,0.5439024390243903
20.0,1.0,0.0,0.65,0.6169276889954919,0.21460874123842746,0.7083936169929312,0.656910569105691,0.5431269733702424,0.5439024390243903
25.0,0.9,0.09999999999999998,0.9,0.6169283384385721,0.21458347354081797,0.709062399249685,0.6585365853658537,0.542778333223329,0.5439024390243903
38.0,0.75,0.25,0.6,0.6169284086024562,0.2146379448610533,0.7077727952167415,0.6577235772357723,0.5433047408284686,0.5439024390243903
31.0,0.75,0.25,0.55,0.6169285534693114,0.21463705134499314,0.7077568083898867,0.6577235772357723,0.5433075899439819,0.5439024390243903
27.0,0.85,0.15000000000000002,0.95,0.6169287117058148,0.21458223508011126,0.7091210176148187,0.656910569105691,0.5426874625018977,0.5439024390243903
31.0,0.7,0.30000000000000004,0.55,0.6169293717967012,0.21464018645713903,0.7077674662744564,0.6577235772357723,0.5432564061151136,0.5439024390243903
21.0,0.85,0.15000000000000002,0.75,0.6169297018077079,0.21460418046798524,0.7085907878574721,0.6577235772357723,0.542844637779489,0.5439024390243903
20.0,0.75,0.25,0.7,0.6169299930637158,0.2146161096163767,0.7085774655017598,0.6552845528455284,0.5428116229113576,0.5439024390243903
29.0,0.75,0.25,0.95,0.6169301790344867,0.21459178901910173,0.7091636491530977,0.6560975609756098,0.5425791844910081,0.5439024390243903
41.0,0.9,0.09999999999999998,0.65,0.6169302977322341,0.21462874948051253,0.7076848676690408,0.656910569105691,0.543461119417201,0.5439024390243903
24.0,0.8,0.19999999999999996,0.85,0.6169308888779819,0.21459586491573418,0.7089105243945655,0.656910569105691,0.5426979955508904,0.5439024390243903
31.0,0.8,0.19999999999999996,0.55,0.6169310833935225,0.2146352631015538,0.7077088479093228,0.6585365853658537,0.5433586799046939,0.5439024390243903
38.0,1.0,0.0,0.65,0.6169312075224289,0.21462106337919754,0.7076582229576163,0.6560975609756098,0.5435523618634697,0.5439024390243903
31.0,0.7,0.30000000000000004,0.95,0.6169314567402774,0.21459849597752534,0.7090917084322519,0.656910569105691,0.542536577975051,0.5439024390243903
21.0,0.8,0.19999999999999996,0.75,0.6169321423707357,0.21460785539651914,0.7087000311743124,0.656910569105691,0.5427930112969946,0.5439024390243903
29.0,0.95,0.050000000000000044,0.55,0.6169321825860459,0.21462628188862673,0.7076901966113256,0.6552845528455284,0.5434743946659146,0.5439024390243903
21.0,0.9,0.09999999999999998,0.75,0.6169322188106505,0.2146025545285948,0.7086387483380361,0.656910569105691,0.5428959134623398,0.5439024390243903
45.0,0.75,0.25,0.65,0.6169329136447014,0.21464106739600036,0.7077781241590263,0.6585365853658537,0.5432934484514647,0.5439024390243903
20.0,0.9,0.09999999999999998,0.7,0.6169330263364637,0.21460939058821743,0.7085854589151872,0.656910569105691,0.5429515870704008,0.5439024390243903
28.0,1.0,0.0,0.55,0.616933043109218,0.21462342560927272,0.7076742097844709,0.6544715447154471,0.5435021476486196,0.5439024390243903
30.0,0.9,0.09999999999999998,0.55,0.6169336066059085,0.2146301390594456,0.707698190024753,0.6560975609756098,0.5434435072102991,0.5439024390243903
28.0,0.7,0.30000000000000004,0.9,0.6169337061733338,0.21460134859239663,0.709027761124833,0.6560975609756098,0.5425649429707562,0.5439024390243903
44.0,0.8,0.19999999999999996,0.65,0.6169337909744752,0.21463796299796825,0.7076955255536104,0.6593495934959349,0.5433555309725436,0.5439024390243903
37.0,0.85,0.15000000000000002,0.6,0.616934321583287,0.2146339577565505,0.7076848676690408,0.6593495934959349,0.5434156056955523,0.5439024390243903
36.0,0.9,0.09999999999999998,0.6,0.6169348644419842,0.21463063872512783,0.7076822031978982,0.6577235772357723,0.5434621373084662,0.5439024390243903
39.0,0.7,0.30000000000000004,0.6,0.6169349638107265,0.2146439954214333,0.7078021043993082,0.6585365853658537,0.5432528875178231,0.5439024390243903
28.0,0.9,0.09999999999999998,1.0,0.6169353015766558,0.2145767960317775,0.7092196030470892,0.6577235772357723,0.5427207109855506,0.5439024390243903
38.0,0.8,0.19999999999999996,0.6,0.6169356263735698,0.214637990757771,0.7076955255536104,0.6593495934959349,0.5433667588263617,0.5439024390243903
31.0,0.85,0.15000000000000002,0.55,0.6169369783413623,0.21463483283511423,0.7077195057938925,0.6577235772357723,0.5434096745949513,0.5439024390243903
35.0,0.95,0.050000000000000044,0.6,0.6169371637132541,0.21462801728564723,0.7077008544958954,0.6560975609756098,0.5435061962296723,0.5439024390243903
34.0,0.7,0.30000000000000004,1.0,0.6169372357767339,0.21459924886519857,0.7092462477585137,0.6552845528455284,0.5425066799220082,0.5439024390243903
20.0,1.0,0.0,0.55,0.6169375683762423,0.21462391830497815,0.7079220056007184,0.6536585365853659,0.5433014673632406,0.5439024390243903
43.0,0.85,0.15000000000000002,0.65,0.6169377397184049,0.21463600510323871,0.7077061834381801,0.6593495934959349,0.5434158116802631,0.5439024390243903
20.0,0.7,0.30000000000000004,0.7,0.616937887924037,0.21462205040453144,0.7086414128091786,0.6536585365853659,0.5427643243983769,0.5439024390243903
40.0,0.95,0.050000000000000044,0.65,0.6169380745467757,0.21462820355148737,0.7076369071884767,0.656910569105691,0.5435160596055971,0.5439024390243903
32.0,0.7,0.30000000000000004,0.55,0.6169381240554389,0.21464426633021208,0.7077461505053169,0.6577235772357723,0.5432688370497656,0.5439024390243903
32.0,0.75,0.25,0.55,0.6169383857492938,0.2146415695131125,0.7077328281496047,0.6577235772357723,0.5433209987126613,0.5439024390243903
39.0,0.75,0.25,0.6,0.6169389049218699,0.21464276879515967,0.7077141768516075,0.6585365853658537,0.5433157471568149,0.5439024390243903
21.0,0.75,0.25,0.75,0.6169395773095327,0.21461358958320925,0.7086573996360332,0.656910569105691,0.5427410344205348,0.5439024390243903
21.0,0.95,0.050000000000000044,0.75,0.6169396570746316,0.21460296726980613,0.7086893732897426,0.656910569105691,0.5429468379892954,0.5439024390243903
22.0,0.9,0.09999999999999998,0.8,0.6169398050823692,0.21459910457173506,0.7087879587220131,0.6577235772357723,0.5428437070589452,0.5439024390243903
25.0,0.85,0.15000000000000002,0.9,0.6169404038585544,0.21459088702289156,0.709038419009403,0.6577235772357723,0.542709939917216,0.5439024390243903
26.0,1.0,0.0,0.95,0.6169405349007091,0.21457748025544035,0.7092089451625194,0.6552845528455284,0.5428801462652432,0.5439024390243903
22.0,0.85,0.15000000000000002,0.8,0.6169407599221969,0.21460213973447018,0.7087080245877397,0.656910569105691,0.5427874141132036,0.5439024390243903
34.0,1.0,0.0,0.6,0.616941173913412,0.21462609625269863,0.7076715453133285,0.6552845528455284,0.5435476179194836,0.5439024390243903
32.0,0.8,0.19999999999999996,0.55,0.6169420738149611,0.21464024702626933,0.7076795387267558,0.6585365853658537,0.543373078306524,0.5439024390243903
26.0,0.95,0.050000000000000044,0.95,0.616942421045986,0.21458068634388722,0.709230260931659,0.656910569105691,0.5428073992355678,0.5439024390243903
20.0,0.95,0.050000000000000044,0.7,0.6169428226269555,0.21461081430393214,0.7085081892520564,0.6560975609756098,0.5429975980617449,0.5439024390243903
45.0,0.95,0.050000000000000044,0.7,0.6169428775383172,0.21463026945612892,0.7076848676690407,0.656910569105691,0.5435234481707483,0.5439024390243903
43.0,1.0,0.0,0.7,0.6169433405521482,0.21462597552400092,0.7076262493039069,0.6560975609756098,0.5435721608224466,0.5439024390243903
31.0,0.75,0.25,1.0,0.6169439828402261,0.21459380005241455,0.7092435832873712,0.6552845528455284,0.5425411546083391,0.5439024390243903
40.0,0.7,0.30000000000000004,0.6,0.6169443090002529,0.2146483338209139,0.7077834531013112,0.6601626016260163,0.5432627143157247,0.5439024390243903
23.0,0.7,0.30000000000000004,0.8,0.6169443488585773,0.21461299319037255,0.7088598994428591,0.6560975609756098,0.5426393614497976,0.5439024390243903
22.0,0.95,0.050000000000000044,0.8,0.616944363466725,0.214598335626628,0.7088439126160044,0.656910569105691,0.5428996218712643,0.5439024390243903
42.0,0.9,0.09999999999999998,0.65,0.6169445162191683,0.2146351159884416,0.7076528940153314,0.6577235772357723,0.5434741573493775,0.5439024390243903
30.0,0.95,0.050000000000000044,0.55,0.6169449581378507,0.2146319383579485,0.7076822031978982,0.6552845528455284,0.5434932466845392,0.5439024390243903
45.0,0.8,0.19999999999999996,0.65,0.6169450830104357,0.21464310222215827,0.7076502295441889,0.6593495934959349,0.5433658256417513,0.5439024390243903
29.0,1.0,0.0,0.55,0.6169455595241146,0.21462893518982187,0.7076342427173342,0.6544715447154471,0.5435229140322873,0.5439024390243903
22.0,0.8,0.19999999999999996,0.5,0.61694595458586,0.21464144703036356,0.7077088479093228,0.656910569105691,0.5432993961713997,0.5439024390243903
31.0,0.9,0.09999999999999998,0.55,0.616946255429606,0.21463577179387353,0.7076635518999012,0.656910569105691,0.5434605726039228,0.5439024390243903
22.0,0.75,0.25,0.5,0.6169465606896182,0.21464426890435984,0.7077061834381804,0.6577235772357723,0.5432625283207224,0.5439024390243903
23.0,0.8,0.19999999999999996,0.5,0.6169466539069487,0.21464186386624645,0.7077141768516076,0.6577235772357723,0.543318955614974,0.5439024390243903
25.0,0.7,0.30000000000000004,0.85,0.6169471736599171,0.21460933534930673,0.7089345046348475,0.656910569105691,0.5425915537969848,0.5439024390243903
23.0,0.75,0.25,0.5,0.6169471841005294,0.2146446880875948,0.7077301636784622,0.6585365853658537,0.5432808020573184,0.5439024390243903
22.0,0.8,0.19999999999999996,0.8,0.6169472633793164,0.21460744959665348,0.7087852942508707,0.6560975609756098,0.5427307439113788,0.5439024390243903
33.0,0.7,0.30000000000000004,0.55,0.6169473594606897,0.21464853799882003,0.7077434860341746,0.6577235772357723,0.5432807867842298,0.5439024390243903
38.0,0.85,0.15000000000000002,0.6,0.6169474674816471,0.21463986612747885,0.7076555584864739,0.6593495934959349,0.5434287616735008,0.5439024390243903
39.0,0.8,0.19999999999999996,0.6,0.6169475248426651,0.21464338318606108,0.7076822031978983,0.6593495934959349,0.543378607248352,0.5439024390243903
22.0,0.85,0.15000000000000002,0.5,0.6169477894253261,0.2146396502659499,0.7077354926207472,0.6552845528455284,0.5433361033824298,0.5439024390243903
39.0,1.0,0.0,0.65,0.6169481782816201,0.21462856992604298,0.7076608874287588,0.6560975609756098,0.5435686891903367,0.5439024390243903
21.0,0.8,0.19999999999999996,0.5,0.6169484011676951,0.21464240254801564,0.7077781241590263,0.656910569105691,0.5432789656541647,0.5439024390243903
23.0,0.85,0.15000000000000002,0.5,0.6169485829187504,0.2146400676603323,0.70771684132275,0.656910569105691,0.5433569562476158,0.5439024390243903
33.0,0.75,0.25,0.55,0.6169487611911726,0.2146463047443464,0.7076688808421862,0.6577235772357723,0.5433338919124016,0.5439024390243903
21.0,0.75,0.25,0.5,0.6169488142565399,0.21464510550360744,0.7078127622838781,0.656910569105691,0.5432434347597134,0.5439024390243903
32.0,0.85,0.15000000000000002,0.55,0.6169492085230741,0.2146403115891622,0.7077035189670379,0.6585365853658537,0.543425074380995,0.5439024390243903
37.0,0.9,0.09999999999999998,0.6,0.6169492368310104,0.21463704937186157,0.7076608874287588,0.6577235772357723,0.5434766943526481,0.5439024390243903
40.0,0.75,0.25,0.6,0.6169495636166745,0.21464764378675605,0.707722170265035,0.6585365853658537,0.5433263762346031,0.5439024390243903
22.0,0.7,0.30000000000000004,0.5,0.6169496172182152,0.21464811790521304,0.7076742097844709,0.6585365853658537,0.5432255001542211,0.5439024390243903
24.0,0.8,0.19999999999999996,0.5,0.6169499751433293,0.21464342028465844,0.7077035189670378,0.656910569105691,0.5433376813242559,0.5439024390243903
23.0,0.7,0.30000000000000004,0.5,0.6169501805407965,0.21464854115332452,0.7076635518999013,0.6585365853658537,0.5432424960292119,0.5439024390243903
24.0,0.75,0.25,0.5,0.6169502001143796,0.21464614764880963,0.7077301636784623,0.6577235772357723,0.5432982914220615,0.5439024390243903
21.0,0.85,0.15000000000000002,0.5,0.6169504202296996,0.21464072575817056,0.7077408215630321,0.6552845528455284,0.5433143286993569,0.5439024390243903
44.0,0.85,0.15000000000000002,0.65,0.6169505470175128,0.21464177193385567,0.7077248347361773,0.6593495934959349,0.5434272307371274,0.5439024390243903
24.0,0.75,0.25,0.85,0.6169508634855663,0.2146065714219464,0.7089584848751296,0.656910569105691,0.5426339893607759,0.5439024390243903
26.0,0.75,0.25,0.9,0.6169511868428108,0.21460220556531967,0.7090650637208273,0.6560975609756098,0.5425954356387254,0.5439024390243903
21.0,0.7,0.30000000000000004,0.5,0.6169516714256127,0.21464883784541722,0.7077035189670379,0.6577235772357723,0.5432077361961325,0.5439024390243903
26.0,0.9,0.09999999999999998,0.95,0.6169519455881003,0.21458696409090994,0.7091823004510951,0.6577235772357723,0.5427342347472236,0.5439024390243903
21.0,1.0,0.0,0.75,0.6169519807952866,0.21460540834551148,0.7087773008374433,0.656910569105691,0.5429974110534485,0.5439024390243903
21.0,0.7,0.30000000000000004,0.75,0.6169520439430911,0.21462139325572172,0.7088225968468648,0.6552845528455284,0.5426887076052505,0.5439024390243903
22.0,0.9,0.09999999999999998,0.5,0.6169520558296951,0.2146388765823479,0.7077301636784622,0.6544715447154471,0.5433726496400302,0.5439024390243903
24.0,0.85,0.15000000000000002,0.5,0.6169522362865575,0.21464172747743973,0.7077141768516076,0.6577235772357723,0.5433769264573877,0.5439024390243903
30.0,0.7,0.30000000000000004,0.95,0.6169523603969588,0.2146049428986285,0.7091236820859612,0.6560975609756098,0.5425182904096832,0.5439024390243903
36.0,0.95,0.050000000000000044,0.6,0.616952705827574,0.2146349013287545,0.7076209203616222,0.6577235772357723,0.5435222533710654,0.5439024390243903
24.0,0.7,0.30000000000000004,0.5,0.6169529157933197,0.21464990921736884,0.7076715453133284,0.6577235772357723,0.5432587573236971,0.5439024390243903
23.0,0.9,0.09999999999999998,0.5,0.6169529641918184,0.21463929863140024,0.7077141768516075,0.6560975609756098,0.5433948035096126,0.5439024390243903
33.0,0.8,0.19999999999999996,0.55,0.6169536709739514,0.2146454748754694,0.7076608874287587,0.6585365853658537,0.5433869268242975,0.5439024390243903
41.0,0.7,0.30000000000000004,0.6,0.6169537580537381,0.2146526994865527,0.70771684132275,0.6601626016260163,0.5432722071908187,0.5439024390243903
41.0,0.95,0.050000000000000044,0.65,0.6169538795850615,0.21463521909690322,0.7076608874287588,0.6577235772357723,0.5435304286875839,0.5439024390243903
22.0,1.0,0.0,0.8,0.6169544002407358,0.21459982435963693,0.7089291756925626,0.6560975609756098,0.5429551577318686,0.5439024390243903
23.0,0.9,0.09999999999999998,0.85,0.6169544452979411,0.2145985268365626,0.7089584848751296,0.6577235772357723,0.5427946007683228,0.5439024390243903
20.0,0.75,0.25,0.5,0.6169545255285049,0.21464745664272886,0.7078047688704507,0.656910569105691,0.5432234887916056,0.5439024390243903
20.0,0.8,0.19999999999999996,0.5,0.6169546206775527,0.21464500953164234,0.707770130745599,0.6560975609756098,0.5432576298081948,0.5439024390243903
21.0,0.9,0.09999999999999998,0.5,0.6169548596290101,0.21464007190322168,0.7077354926207471,0.6544715447154471,0.5433495237259912,0.5439024390243903
25.0,0.75,0.25,0.5,0.6169552034004743,0.21464846774568802,0.7076555584864739,0.6577235772357723,0.543315033233298,0.5439024390243903
25.0,0.8,0.19999999999999996,0.5,0.6169554789786855,0.21464592158805498,0.7076901966113256,0.656910569105691,0.5433556121242843,0.5439024390243903
33.0,0.7,0.30000000000000004,1.0,0.6169555873602718,0.2146046087808767,0.7092648990565108,0.6560975609756098,0.5424898947755973,0.5439024390243903
23.0,0.95,0.050000000000000044,0.85,0.6169556061594621,0.21459640793142198,0.7090250966536906,0.6560975609756098,0.5428555705103768,0.5439024390243903
27.0,0.8,0.19999999999999996,0.95,0.6169556212927305,0.2145954599554471,0.7091876293933799,0.6552845528455284,0.542611656567422,0.5439024390243903
20.0,0.7,0.30000000000000004,0.5,0.6169568784454486,0.2146509397144386,0.7077674662744565,0.6577235772357723,0.5431891733110562,0.5439024390243903
20.0,1.0,0.0,0.7,0.6169569522885432,0.2146140508183837,0.7085534852614779,0.656910569105691,0.5430432873200767,0.5439024390243903
24.0,0.9,0.09999999999999998,0.5,0.6169569790476612,0.21464106957511056,0.7076795387267558,0.6552845528455284,0.5434160262561185,0.5439024390243903
34.0,0.7,0.30000000000000004,0.55,0.6169569831042077,0.2146529609123169,0.7077248347361774,0.6577235772357723,0.5432922810839563,0.5439024390243903
20.0,0.85,0.15000000000000002,0.5,0.6169571494897951,0.21464359393298876,0.707746150505317,0.6552845528455284,0.5432915963379338,0.5439024390243903
25.0,0.7,0.30000000000000004,0.5,0.6169574508218909,0.21465205678575766,0.7077061834381801,0.6577235772357723,0.5432743187899954,0.5439024390243903
29.0,0.8,0.19999999999999996,1.0,0.6169575826653435,0.21459261639991195,0.7092329254028014,0.6552845528455284,0.5425827644697498,0.5439024390243903
35.0,1.0,0.0,0.6,0.6169577846409777,0.21463340601619998,0.7076182558904796,0.6560975609756098,0.5435652799203523,0.5439024390243903
27.0,0.7,0.30000000000000004,0.9,0.6169582635247325,0.21460939888356004,0.709062399249685,0.6560975609756098,0.5425449392901567,0.5439024390243903
25.0,0.85,0.15000000000000002,0.5,0.6169582754297626,0.21464441984651506,0.7076928610824682,0.6577235772357723,0.5433960547836187,0.5439024390243903
28.0,0.75,0.25,0.95,0.6169583576394086,0.2146010365981235,0.7091689780953827,0.6560975609756098,0.5425577604985945,0.5439024390243903
22.0,0.95,0.050000000000000044,0.5,0.6169587445235484,0.21463912393949963,0.7077274992073198,0.6552845528455284,0.5434090346404871,0.5439024390243903
43.0,0.9,0.09999999999999998,0.65,0.6169589201478753,0.2146415399171265,0.7076129269481947,0.6585365853658537,0.543486779051438,0.5439024390243903
31.0,0.95,0.050000000000000044,0.55,0.6169589321258557,0.21463809136852927,0.7076209203616219,0.6560975609756098,0.5435113725121605,0.5439024390243903
22.0,0.75,0.25,0.8,0.6169593514089846,0.21461504258006558,0.7088252613180073,0.6560975609756098,0.5426736973898074,0.5439024390243903
25.0,0.8,0.19999999999999996,0.9,0.6169593880095517,0.21460108170097808,0.7091396689128159,0.6560975609756098,0.5426411493698365,0.5439024390243903
27.0,1.0,0.0,1.0,0.6169594010030015,0.21457939410171978,0.7093208529505022,0.6544715447154471,0.5428486590327871,0.5439024390243903
23.0,0.85,0.15000000000000002,0.85,0.6169594308826383,0.21460315307412825,0.7089025309811383,0.6577235772357723,0.5427332287526646,0.5439024390243903
34.0,0.75,0.25,0.55,0.61695957455906,0.21465121211360427,0.7076662163710437,0.6585365853658537,0.5433462969593256,0.5439024390243903
40.0,0.8,0.19999999999999996,0.6,0.6169596059755634,0.21464883510120367,0.7076209203616219,0.6593495934959349,0.5433900521805113,0.5439024390243903
30.0,1.0,0.0,0.55,0.6169596389834526,0.2146350976038258,0.7076289137750493,0.6552845528455284,0.5435428751709416,0.5439024390243903
23.0,0.95,0.050000000000000044,0.5,0.6169597908791001,0.21463955593167697,0.7077514794476019,0.6552845528455284,0.5434324969643121,0.5439024390243903
32.0,0.9,0.09999999999999998,0.55,0.6169598105463393,0.2146417760952409,0.7076822031978982,0.656910569105691,0.5434769854739722,0.5439024390243903
28.0,0.85,0.15000000000000002,1.0,0.6169600627700278,0.2145890189269724,0.709254241171941,0.6560975609756098,0.5426400585250654,0.5439024390243903
41.0,0.75,0.25,0.6,0.6169603404309125,0.21465255184583593,0.7077008544958955,0.6601626016260163,0.5433366464019278,0.5439024390243903
44.0,1.0,0.0,0.7,0.6169604996717377,0.21463355558174152,0.7076049335347674,0.6560975609756098,0.5435868583930225,0.5439024390243903
39.0,0.85,0.15000000000000002,0.6,0.6169608805228814,0.21464586887928147,0.7076422361307615,0.6593495934959349,0.5434414658789396,0.5439024390243903
21.0,0.95,0.050000000000000044,0.5,0.6169617076672504,0.21464043774219388,0.7077301636784622,0.6544715447154471,0.5433845505756041,0.5439024390243903
26.0,0.75,0.25,0.5,0.6169618537734703,0.2146514978263946,0.7076608874287588,0.6577235772357723,0.5433310645828993,0.5439024390243903
20.0,0.9,0.09999999999999998,0.5,0.6169620976976359,0.21464320539262763,0.7077434860341745,0.6536585365853659,0.5433253883691784,0.5439024390243903
33.0,0.85,0.15000000000000002,0.55,0.616962112631866,0.2146460627432745,0.7076795387267559,0.6593495934959349,0.5434398900314927,0.5439024390243903
26.0,0.8,0.19999999999999996,0.5,0.6169627959998486,0.21464920448782396,0.7076315782461918,0.6585365853658537,0.543372787163962,0.5439024390243903
23.0,1.0,0.0,0.85,0.6169628813764845,0.21459679056646577,0.7090171032402635,0.6552845528455284,0.5429161365403258,0.5439024390243903
42.0,0.7,0.30000000000000004,0.6,0.6169632768272714,0.21465707866898084,0.7077088479093228,0.6601626016260163,0.5432813822621054,0.5439024390243903
45.0,0.85,0.15000000000000002,0.65,0.616963441392804,0.214647556768907,0.7077035189670379,0.6593495934959349,0.543438292892783,0.5439024390243903
26.0,0.7,0.30000000000000004,0.5,0.6169634738983167,0.21465484573287943,0.7077248347361774,0.6577235772357723,0.5432892154077633,0.5439024390243903
25.0,0.9,0.09999999999999998,0.5,0.6169635907300373,0.21464396405790467,0.7076822031978982,0.6560975609756098,0.5434363605379191,0.5439024390243903
38.0,0.9,0.09999999999999998,0.6,0.6169639852890058,0.2146435996811716,0.7076475650730464,0.6577235772357723,0.5434907474018753,0.5439024390243903
24.0,0.95,0.050000000000000044,0.5,0.6169641990275996,0.21464144692124823,0.7076901966113256,0.6544715447154471,0.5434549801627241,0.5439024390243903
27.0,0.95,0.050000000000000044,1.0,0.6169653236690866,0.21458410240661693,0.7093421687196417,0.6560975609756098,0.5427707149414386,0.5439024390243903
40.0,1.0,0.0,0.65,0.6169655972596325,0.214636241268433,0.7075836177656278,0.6560975609756098,0.5435844802162277,0.5439024390243903
34.0,0.8,0.19999999999999996,0.55,0.6169657588270466,0.2146508971525674,0.7076102624770523,0.6593495934959349,0.5434002544958005,0.5439024390243903
26.0,0.85,0.15000000000000002,0.5,0.6169663009457423,0.21464796843678935,0.7077274992073198,0.6577235772357723,0.5434143823765416,0.5439024390243903
35.0,0.7,0.30000000000000004,0.55,0.6169669137459342,0.2146575005320118,0.707722170265035,0.6593495934959349,0.5433033441136873,0.5439024390243903
22.0,1.0,0.0,0.5,0.6169678463339797,0.21464039028628465,0.7076848676690408,0.6552845528455284,0.543445258090181,0.5439024390243903
37.0,0.95,0.050000000000000044,0.6,0.6169687627394684,0.21464198297576886,0.70759694012134,0.6577235772357723,0.5435377501159161,0.5439024390243903
23.0,1.0,0.0,0.5,0.6169690562304829,0.21464083870426717,0.7076582229576163,0.6552845528455284,0.5434700361840841,0.5439024390243903
26.0,0.85,0.15000000000000002,0.95,0.6169691161226813,0.21459630456903148,0.7091556557396705,0.656910569105691,0.5426606563367368,0.5439024390243903
20.0,0.95,0.050000000000000044,0.5,0.6169694511676899,0.21464383945077284,0.7077541439187444,0.6544715447154471,0.5433590059015073,0.5439024390243903
27.0,0.75,0.25,0.5,0.6169698649738137,0.21465511155805647,0.7076475650730465,0.6577235772357723,0.5433464220650537,0.5439024390243903
42.0,0.95,0.050000000000000044,0.65,0.6169699476004277,0.21464232373717113,0.7076049335347674,0.6577235772357723,0.5435443357180211,0.5439024390243903
23.0,0.8,0.19999999999999996,0.85,0.616970595643976,0.21461029236846013,0.7089345046348475,0.6577235772357723,0.5426714559695712,0.5439024390243903
27.0,0.7,0.30000000000000004,0.5,0.6169707232246342,0.21465816037498509,0.707698190024753,0.6577235772357723,0.5433034816628795,0.5439024390243903
35.0,0.75,0.25,0.55,0.6169707356046689,0.2146562532768332,0.707650229544189,0.6601626016260163,0.5433582395776372,0.5439024390243903
21.0,1.0,0.0,0.5,0.6169709527605431,0.21464182002425658,0.7077248347361774,0.6552845528455284,0.5434194091005676,0.5439024390243903
30.0,0.75,0.25,1.0,0.6169709600822005,0.21460240015435708,0.7093128595370747,0.6552845528455284,0.5425207756025524,0.5439024390243903
42.0,0.75,0.25,0.6,0.6169711970309898,0.21465747749636854,0.7076395716596191,0.6609756097560976,0.5433465748635007,0.5439024390243903
25.0,0.95,0.050000000000000044,0.5,0.6169714229594054,0.21464455576247357,0.7076795387267558,0.6560975609756098,0.5434765287198202,0.5439024390243903
27.0,0.8,0.19999999999999996,0.5,0.6169716147587144,0.21465313170791234,0.7076155914193373,0.6585365853658537,0.5433892450948924,0.5439024390243903
41.0,0.8,0.19999999999999996,0.6,0.6169718204597586,0.21465432642313775,0.7075942756501976,0.6601626016260163,0.5434011130989113,0.5439024390243903
24.0,0.95,0.050000000000000044,0.9,0.6169722499514888,0.2145967480562855,0.7091476623262432,0.656910569105691,0.5428143527207635,0.5439024390243903
26.0,0.9,0.09999999999999998,0.5,0.6169723690940686,0.21464779240653706,0.7076315782461919,0.656910569105691,0.5434558494503947,0.5439024390243903
43.0,0.7,0.30000000000000004,0.6,0.616972835810131,0.21466145957923286,0.707698190024753,0.6601626016260163,0.543290254653681,0.5439024390243903
44.0,0.9,0.09999999999999998,0.65,0.6169734609789809,0.2146480019402531,0.7075889467079126,0.6585365853658537,0.5434990033755305,0.5439024390243903
24.0,1.0,0.0,0.5,0.6169738919248536,0.21464285985525527,0.7076315782461918,0.6544715447154471,0.5434937876271494,0.5439024390243903
32.0,0.95,0.050000000000000044,0.55,0.6169739009671105,0.21464465361527504,0.7075889467079127,0.656910569105691,0.5435288101114558,0.5439024390243903
33.0,0.9,0.09999999999999998,0.55,0.6169741104533832,0.21464808290981818,0.7076502295441889,0.6577235772357723,0.5434927800305742,0.5439024390243903
40.0,0.85,0.15000000000000002,0.6,0.6169744978108869,0.21465194021873443,0.7076289137750493,0.6593495934959349,0.5434537402609669,0.5439024390243903
24.0,0.9,0.09999999999999998,0.9,0.6169749963214439,0.21460038170824253,0.7090837150188245,0.6585365853658537,0.5427482735742114,0.5439024390243903
31.0,1.0,0.0,0.55,0.6169750262547474,0.2146418030949439,0.707591611179055,0.6560975609756098,0.5435620728915094,0.5439024390243903
36.0,1.0,0.0,0.6,0.6169750850346231,0.2146409866753838,0.7075942756501976,0.656910569105691,0.5435823207059177,0.5439024390243903
20.0,0.8,0.19999999999999996,0.75,0.6169750873839314,0.2146244376807762,0.708692037760885,0.656910569105691,0.542765075706008,0.5439024390243903
34.0,0.85,0.15000000000000002,0.55,0.6169755633344806,0.214652032031833,0.7076129269481948,0.6593495934959349,0.5434541521762465,0.5439024390243903
20.0,0.85,0.15000000000000002,0.75,0.6169757836493786,0.2146220761875201,0.7086733864628879,0.6577235772357723,0.5428148189922142,0.5439024390243903
27.0,0.85,0.15000000000000002,0.5,0.6169759754775551,0.2146522247389671,0.7076875321401832,0.6577235772357723,0.5434319498937579,0.5439024390243903
29.0,0.7,0.30000000000000004,0.95,0.6169759872562385,0.21461243603302133,0.7091529912685282,0.6560975609756098,0.5424992779213168,0.5439024390243903
32.0,0.7,0.30000000000000004,1.0,0.6169761472683831,0.21461079157276755,0.7093128595370748,0.6560975609756098,0.542472479729753,0.5439024390243903
24.0,1.0,0.0,0.9,0.6169762989516414,0.21459587496824714,0.7091663136242403,0.6560975609756098,0.542880006569868,0.5439024390243903
22.0,0.7,0.30000000000000004,0.8,0.6169770605321983,0.21462492704431138,0.7088785507408564,0.656910569105691,0.5426162755437053,0.5439024390243903
36.0,0.7,0.30000000000000004,0.55,0.6169770818105047,0.21466212743099947,0.7076768742556133,0.6593495934959349,0.5433139985151518,0.5439024390243903
24.0,0.7,0.30000000000000004,0.85,0.6169771131302235,0.21461980266991657,0.7089824651154115,0.6577235772357723,0.5425696070503733,0.5439024390243903
45.0,1.0,0.0,0.7,0.6169778935207854,0.2146412108143434,0.7075889467079126,0.6560975609756098,0.543601109566225,0.5439024390243903
35.0,0.8,0.19999999999999996,0.55,0.6169782376803252,0.21465647152790118,0.7076475650730465,0.6593495934959349,0.5434130885789277,0.5439024390243903
28.0,0.7,0.30000000000000004,0.5,0.6169789784295443,0.21466190362209925,0.7076475650730466,0.6577235772357723,0.5433171510562733,0.5439024390243903
28.0,0.75,0.25,0.5,0.6169789955639369,0.21465920270734742,0.7076155914193372,0.6577235772357723,0.5433611412501764,0.5439024390243903
39.0,0.9,0.09999999999999998,0.6,0.6169790301997969,0.21465025680928274,0.7076209203616219,0.656910569105691,0.5435043210896603,0.5439024390243903
20.0,1.0,0.0,0.5,0.6169791958997985,0.21464549164231234,0.7077408215630321,0.6544715447154471,0.5433924489456948,0.5439024390243903
20.0,0.75,0.25,0.75,0.616979402188325,0.21462887362283978,0.708692037760885,0.656910569105691,0.5427149680654412,0.5439024390243903
27.0,0.9,0.09999999999999998,1.0,0.6169796882143911,0.2145921832802562,0.7092888792967929,0.656910569105691,0.5426923426431375,0.5439024390243903
26.0,0.95,0.050000000000000044,0.5,0.6169810010432143,0.21464867914426392,0.707620920361622,0.6560975609756098,0.543497187619506,0.5439024390243903
20.0,0.9,0.09999999999999998,0.75,0.6169814472753199,0.2146217754849756,0.7086573996360332,0.656910569105691,0.5428641979651307,0.5439024390243903
28.0,0.8,0.19999999999999996,0.5,0.6169816720711997,0.21465758759552242,0.707650229544189,0.6585365853658537,0.5434050235103688,0.5439024390243903
25.0,1.0,0.0,0.5,0.6169817703018068,0.21464619650413416,0.7076422361307616,0.6544715447154471,0.5435165586680356,0.5439024390243903
43.0,0.75,0.25,0.6,0.6169821002336742,0.21466240743883358,0.7076049335347674,0.6609756097560976,0.5433561777692941,0.5439024390243903
36.0,0.75,0.25,0.55,0.6169821668930208,0.2146613954953958,0.7075916111790551,0.6593495934959349,0.5433697438807622,0.5439024390243903
44.0,0.7,0.30000000000000004,0.6,0.616982409520062,0.21466583212491577,0.7077035189670379,0.6609756097560976,0.5432988385662374,0.5439024390243903
27.0,0.9,0.09999999999999998,0.5,0.6169829501601664,0.21465239459230148,0.7076049335347674,0.656910569105691,0.5434745356052417,0.5439024390243903
41.0,1.0,0.0,0.65,0.61698337828464,0.214644042441027,0.7075596375253458,0.656910569105691,0.5435997598591183,0.5439024390243903
42.0,0.8,0.19999999999999996,0.6,0.6169841255192788,0.2146598398426282,0.7075862822367703,0.6593495934959349,0.5434118082821868,0.5439024390243903
24.0,0.85,0.15000000000000002,0.9,0.6169845653082733,0.21460677788946272,0.7090570703074001,0.656910569105691,0.5426817712985186,0.5439024390243903
38.0,0.95,0.050000000000000044,0.6,0.6169852343471213,0.21464922072429704,0.7076102624770522,0.656910569105691,0.5435527140011942,0.5439024390243903
25.0,0.75,0.25,0.9,0.6169853089819837,0.21461405439583656,0.709099701845679,0.6560975609756098,0.5425719643841498,0.5439024390243903
43.0,0.95,0.050000000000000044,0.65,0.6169862177782024,0.214649493067335,0.7076049335347674,0.6577235772357723,0.5435578017513043,0.5439024390243903
26.0,0.7,0.30000000000000004,0.9,0.6169862772018113,0.21461882060515988,0.7091130242013914,0.6560975609756098,0.5425241026670636,0.5439024390243903
28.0,0.85,0.15000000000000002,0.5,0.6169870134189827,0.21465706340763177,0.7076289137750493,0.6577235772357723,0.5434487969043059,0.5439024390243903
37.0,0.7,0.30000000000000004,0.55,0.616987427698823,0.21466681653775938,0.7076582229576163,0.6593495934959349,0.5433242654918329,0.5439024390243903
23.0,0.75,0.25,0.85,0.6169879729541811,0.21461995037315554,0.7090197677114058,0.656910569105691,0.542609283992653,0.5439024390243903
29.0,0.7,0.30000000000000004,0.5,0.6169880536443139,0.21466599384309243,0.7076182558904796,0.6577235772357723,0.5433302557851386,0.5439024390243903
45.0,0.9,0.09999999999999998,0.65,0.6169880961541365,0.21465448521189,0.7075649664676307,0.6585365853658537,0.543510848072653,0.5439024390243903
41.0,0.85,0.15000000000000002,0.6,0.6169882646914598,0.2146580578562259,0.7076049335347672,0.6593495934959349,0.5434656054173694,0.5439024390243903
21.0,0.85,0.15000000000000002,0.8,0.616988275361792,0.2146201958901018,0.7088119389622951,0.656910569105691,0.542757666128126,0.5439024390243903
20.0,0.7,0.30000000000000004,0.75,0.616988772367665,0.2146353976516087,0.7087320048280217,0.6560975609756098,0.542664496080673,0.5439024390243903
34.0,0.9,0.09999999999999998,0.55,0.6169890160428577,0.21465463300482804,0.707668880842186,0.6577235772357723,0.5435079884652789,0.5439024390243903
29.0,0.75,0.25,0.5,0.6169890415039723,0.21466368177971293,0.7075756243522004,0.6585365853658537,0.5433752563426459,0.5439024390243903
35.0,0.85,0.15000000000000002,0.55,0.6169894510510245,0.21465817295849943,0.7075463151696335,0.6593495934959349,0.5434678895804513,0.5439024390243903
33.0,0.95,0.050000000000000044,0.55,0.616989689201873,0.2146515501523573,0.707548979640776,0.6577235772357723,0.543545595302907,0.5439024390243903
27.0,0.75,0.25,0.95,0.6169902915066436,0.21461175614044994,0.7091769715088102,0.6552845528455284,0.5425354721540578,0.5439024390243903
21.0,0.9,0.09999999999999998,0.8,0.616990444750976,0.2146184609238442,0.7088305902602922,0.656910569105691,0.5428120393144502,0.5439024390243903
36.0,0.8,0.19999999999999996,0.55,0.6169910218414351,0.21466216178658112,0.7075916111790552,0.6593495934959349,0.5434254546359945,0.5439024390243903
32.0,1.0,0.0,0.55,0.6169915012851349,0.21464895740079498,0.707548979640776,0.656910569105691,0.5435805468073869,0.5439024390243903
21.0,0.8,0.19999999999999996,0.8,0.6169916468303415,0.21462421108980956,0.7088092744911526,0.656910569105691,0.542702899291191,0.5439024390243903
45.0,0.7,0.30000000000000004,0.6,0.6169919759816902,0.2146701876835727,0.7076715453133285,0.6601626016260163,0.5433071473435359,0.5439024390243903
20.0,0.95,0.050000000000000044,0.75,0.6169920351418905,0.21462352189694503,0.7087026956454548,0.656910569105691,0.5429132127168553,0.5439024390243903
26.0,1.0,0.0,0.5,0.6169921975078925,0.21465063141146187,0.7075862822367702,0.6552845528455284,0.5435383961221487,0.5439024390243903
27.0,0.95,0.050000000000000044,0.5,0.616992541969281,0.21465364523613734,0.7075916111790551,0.6560975609756098,0.5435170013752161,0.5439024390243903
29.0,0.8,0.19999999999999996,0.5,0.6169927450938776,0.21466247453512277,0.7075889467079126,0.6585365853658537,0.5434201585795352,0.5439024390243903
37.0,1.0,0.0,0.6,0.6169929499983927,0.21464878614063465,0.7075676309387732,0.656910569105691,0.5435987709400237,0.5439024390243903
44.0,0.75,0.25,0.6,0.6169930213405143,0.2146673302604584,0.7076102624770522,0.6601626016260163,0.5433654702899041,0.5439024390243903
25.0,0.95,0.050000000000000044,0.95,0.6169933325049464,0.2145989848667502,0.7092542411719411,0.656910569105691,0.5427756790851977,0.5439024390243903
28.0,0.8,0.19999999999999996,1.0,0.6169933906054911,0.21460462251492313,0.709302201652505,0.6552845528455284,0.5425590179123648,0.5439024390243903
25.0,1.0,0.0,0.95,0.6169937031898194,0.2145967112490375,0.7092675635276533,0.6544715447154471,0.5428464702694635,0.5439024390243903
37.0,0.75,0.25,0.55,0.6169938019669008,0.21466661081495483,0.707548979640776,0.6601626016260163,0.5433808324601718,0.5439024390243903
26.0,0.8,0.19999999999999996,0.95,0.6169939412431139,0.21460869889671758,0.7092462477585136,0.6560975609756098,0.5425866676036556,0.5439024390243903
40.0,0.9,0.09999999999999998,0.6,0.6169943022790754,0.21465699231609545,0.707578288823343,0.6585365853658537,0.5435174385338575,0.5439024390243903
28.0,0.9,0.09999999999999998,0.5,0.6169950252288113,0.21465763530689874,0.7075996045924824,0.656910569105691,0.5434924604996125,0.5439024390243903
43.0,0.8,0.19999999999999996,0.6,0.6169964840708722,0.21466536045318227,0.7075569730542033,0.6601626016260163,0.5434221548960855,0.5439024390243903
30.0,0.7,0.30000000000000004,0.5,0.6169977918377675,0.21467036230095998,0.7076022690636249,0.6585365853658537,0.5433428265512438,0.5439024390243903
38.0,0.7,0.30000000000000004,0.55,0.6169979003608782,0.21467154649875672,0.7076209203616222,0.6601626016260163,0.5433341648964923,0.5439024390243903
21.0,0.95,0.050000000000000044,0.8,0.6169981116743681,0.21461899383654331,0.7088439126160044,0.656910569105691,0.5428660184586088,0.5439024390243903
31.0,0.7,0.30000000000000004,1.0,0.6169991531382125,0.21461789369304335,0.7093794713156358,0.6552845528455284,0.5424544000736763,0.5439024390243903
29.0,0.85,0.15000000000000002,0.5,0.6169991724935169,0.2146623784508241,0.7075996045924824,0.6585365853658537,0.5434649614991438,0.5439024390243903
30.0,0.75,0.25,0.5,0.6169998300678854,0.21466847326587282,0.7075276638716365,0.6593495934959349,0.5433887999741308,0.5439024390243903
25.0,0.9,0.09999999999999998,0.95,0.6170004850957842,0.2146042938096581,0.7092569056430835,0.656910569105691,0.5427044446003305,0.5439024390243903
21.0,0.75,0.25,0.8,0.6170006031162046,0.2146305188289326,0.7088998665099957,0.6560975609756098,0.5426477392579796,0.5439024390243903
24.0,0.8,0.19999999999999996,0.9,0.6170009849163481,0.21461593850471092,0.7091210176148187,0.656910569105691,0.5426148481363062,0.5439024390243903
29.0,0.75,0.25,1.0,0.6170012643352645,0.21461227655784026,0.7093608200176387,0.6552845528455284,0.5424996034331526,0.5439024390243903
42.0,1.0,0.0,0.65,0.6170014456112242,0.2146519428463218,0.7075463151696335,0.656910569105691,0.5436145515558855,0.5439024390243903
39.0,0.95,0.050000000000000044,0.6,0.6170020334329673,0.21465657857739098,0.7075836177656278,0.6577235772357723,0.5435671708748647,0.5439024390243903
42.0,0.85,0.15000000000000002,0.6,0.6170021336886694,0.214664202540831,0.7075916111790551,0.6593495934959349,0.5434770806883531,0.5439024390243903
27.0,0.85,0.15000000000000002,1.0,0.6170024903147654,0.21460362056091883,0.7092462477585136,0.6560975609756098,0.5426135466327322,0.5439024390243903
44.0,0.95,0.050000000000000044,0.65,0.617002636726981,0.21465670577071366,0.7075809532944853,0.6577235772357723,0.5435708466069483,0.5439024390243903
28.0,0.7,0.30000000000000004,0.95,0.6170026542669371,0.2146211077193047,0.7092435832873711,0.6552845528455284,0.5424794998534752,0.5439024390243903
36.0,0.85,0.15000000000000002,0.55,0.6170036814306336,0.2146644456665308,0.707530328342779,0.6593495934959349,0.5434811292319093,0.5439024390243903
45.0,0.75,0.25,0.6,0.6170039355628653,0.21467223618591527,0.7075996045924825,0.6601626016260163,0.5433744666866469,0.5439024390243903
37.0,0.8,0.19999999999999996,0.55,0.6170040376340743,0.21466793694157574,0.7075676309387732,0.6593495934959349,0.543437376626359,0.5439024390243903
35.0,0.9,0.09999999999999998,0.55,0.6170044074053971,0.21466137553526038,0.7076182558904796,0.656910569105691,0.543522641023586,0.5439024390243903
30.0,0.8,0.19999999999999996,0.5,0.6170046448210206,0.21466771000622817,0.7075516441119183,0.6593495934959349,0.5434346848255589,0.5439024390243903
27.0,1.0,0.0,0.5,0.6170047542018438,0.21465598066633432,0.7075516441119184,0.6560975609756098,0.543559346351885,0.5439024390243903
38.0,0.75,0.25,0.55,0.6170055837926437,0.21467187537243093,0.7075249994004941,0.6601626016260163,0.5433915264772908,0.5439024390243903
28.0,0.95,0.050000000000000044,0.5,0.6170057132779115,0.21465930849944878,0.7075596375253458,0.656910569105691,0.5435360133641187,0.5439024390243903
34.0,0.95,0.050000000000000044,0.55,0.6170061454600491,0.21465871658101632,0.7075329928139213,0.6577235772357723,0.5435617618089397,0.5439024390243903
22.0,0.9,0.09999999999999998,0.85,0.617006624926631,0.21461808912205382,0.7089771361731267,0.6577235772357723,0.5427630839055348,0.5439024390243903
20.0,1.0,0.0,0.75,0.6170075047124779,0.21462730173136385,0.7087666429528734,0.656910569105691,0.5429618633902658,0.5439024390243903
31.0,0.7,0.30000000000000004,0.5,0.617008060160349,0.21467495104611045,0.7075782888233428,0.6593495934959349,0.543354892461369,0.5439024390243903
29.0,0.9,0.09999999999999998,0.5,0.6170083319636275,0.21466339992850852,0.7076209203616219,0.656910569105691,0.5435096641028243,0.5439024390243903
39.0,0.7,0.30000000000000004,0.55,0.6170084560859949,0.21467629913988343,0.7075889467079126,0.6601626016260163,0.5433437153184929,0.5439024390243903
22.0,0.85,0.15000000000000002,0.85,0.6170085126049378,0.21462144030238814,0.7089744717019842,0.656910569105691,0.5427036500566438,0.5439024390243903
44.0,0.8,0.19999999999999996,0.6,0.617008863995394,0.2146708754345109,0.707524999400494,0.6601626016260163,0.5434321690725221,0.5439024390243903
33.0,1.0,0.0,0.55,0.6170088741251055,0.21465647946769398,0.7075116770447818,0.656910569105691,0.5435983343143908,0.5439024390243903
41.0,0.9,0.09999999999999998,0.6,0.6170097412405379,0.21466378158087623,0.7075836177656278,0.6585365853658537,0.5435301214391162,0.5439024390243903
22.0,0.95,0.050000000000000044,0.85,0.6170108473652017,0.21461723944792643,0.7090197677114058,0.6560975609756098,0.5428220965629901,0.5439024390243903
31.0,0.75,0.25,0.5,0.6170112148351994,0.21467351337669782,0.7075116770447818,0.6593495934959349,0.5434018030952519,0.5439024390243903
21.0,1.0,0.0,0.8,0.617011233438743,0.21462178222787776,0.7089105243945656,0.6560975609756098,0.5429196032316862,0.5439024390243903
38.0,1.0,0.0,0.6,0.6170112704279278,0.2146567591723947,0.7075276638716365,0.656910569105691,0.5436146594177339,0.5439024390243903
23.0,0.7,0.30000000000000004,0.85,0.617011596829412,0.21463213266851885,0.7089504914617023,0.656910569105691,0.5425467144626419,0.5439024390243903
30.0,0.85,0.15000000000000002,0.5,0.6170122468323651,0.21466808009929034,0.7075702954099155,0.6593495934959349,0.5434804800540053,0.5439024390243903
26.0,1.0,0.0,1.0,0.617014294419238,0.21459898933675406,0.7093528266042115,0.6552845528455284,0.5428152676086437,0.5439024390243903
25.0,0.85,0.15000000000000002,0.95,0.6170151809233623,0.21461263499248265,0.7092036162202345,0.656910569105691,0.5426327698214306,0.5439024390243903
21.0,0.7,0.30000000000000004,0.8,0.6170151888208122,0.2146391313624118,0.7088572349717167,0.656910569105691,0.5425921865456783,0.5439024390243903
43.0,0.85,0.15000000000000002,0.6,0.6170160635869453,0.214670357660731,0.7075702954099156,0.6593495934959349,0.5434881842448083,0.5439024390243903
22.0,0.8,0.19999999999999996,0.85,0.617016552313261,0.21462730314650838,0.7089504914617023,0.656910569105691,0.5426437960033341,0.5439024390243903
31.0,0.8,0.19999999999999996,0.5,0.6170172107228136,0.21467322415951234,0.7075516441119184,0.6593495934959349,0.5434486350083072,0.5439024390243903
38.0,0.8,0.19999999999999996,0.55,0.6170172217139652,0.21467377048396452,0.7075383217562062,0.6601626016260163,0.5434488770024621,0.5439024390243903
39.0,0.75,0.25,0.55,0.6170174634404589,0.2146771688094936,0.7075409862273486,0.6601626016260163,0.5434018457553185,0.5439024390243903
26.0,0.95,0.050000000000000044,1.0,0.6170180397465593,0.21460280301832618,0.7093927936713481,0.656910569105691,0.5427392963802415,0.5439024390243903
37.0,0.85,0.15000000000000002,0.55,0.6170181732132571,0.21467081598504886,0.7075090125736392,0.6593495934959349,0.5434938964371865,0.5439024390243903
25.0,0.7,0.30000000000000004,0.9,0.6170181856353896,0.21462980190330738,0.7091609846819553,0.6552845528455284,0.5425023878250085,0.5439024390243903
32.0,0.7,0.30000000000000004,0.5,0.6170187461011082,0.2146797111792152,0.7075702954099156,0.6601626016260163,0.5433664809932759,0.5439024390243903
40.0,0.7,0.30000000000000004,0.55,0.6170190574746891,0.21468105901025894,0.7075463151696335,0.6601626016260163,0.5433529341689245,0.5439024390243903
28.0,1.0,0.0,0.5,0.6170190835010629,0.21466208823502106,0.7074637165642177,0.6560975609756098,0.5435794545658931,0.5439024390243903
40.0,0.95,0.050000000000000044,0.6,0.6170190839985333,0.2146640253124352,0.7076209203616219,0.6577235772357723,0.5435811450059232,0.5439024390243903
45.0,0.95,0.050000000000000044,0.65,0.6170191575912327,0.21466394323881383,0.7075569730542033,0.6577235772357723,0.5435834889558422,0.5439024390243903
43.0,1.0,0.0,0.65,0.6170197326623756,0.21465991571214407,0.707501019160212,0.6577235772357723,0.5436288773643455,0.5439024390243903
36.0,0.9,0.09999999999999998,0.55,0.617020181126874,0.21466826683572726,0.7075809532944853,0.6577235772357723,0.5435367660947915,0.5439024390243903
29.0,0.95,0.050000000000000044,0.5,0.6170202319486578,0.21466554543102404,0.707501019160212,0.6577235772357723,0.5435542653899553,0.5439024390243903
22.0,1.0,0.0,0.85,0.6170211386994019,0.21461888105187008,0.709009109826836,0.6544715447154471,0.542880687115938,0.5439024390243903
45.0,0.8,0.19999999999999996,0.6,0.6170212375074337,0.21467637377977633,0.7074876968044997,0.6601626016260163,0.5434418659831397,0.5439024390243903
30.0,0.9,0.09999999999999998,0.5,0.6170226470506863,0.21466959120283213,0.707602269063625,0.6577235772357723,0.5435261846037343,0.5439024390243903
32.0,0.75,0.25,0.5,0.6170230715503809,0.21467874817263835,0.7074557231507904,0.6593495934959349,0.5434142949372485,0.5439024390243903
35.0,0.95,0.050000000000000044,0.55,0.6170231390559106,0.21466609752453825,0.7075649664676307,0.656910569105691,0.5435773413277688,0.5439024390243903
24.0,0.75,0.25,0.9,0.6170242839071016,0.21462786539454692,0.7090917084322517,0.6552845528455284,0.5425475064040787,0.5439024390243903
30.0,0.7,0.30000000000000004,1.0,0.6170248716315562,0.2146260242608801,0.7094141094404878,0.6536585365853659,0.5424356188544773,0.5439024390243903
42.0,0.9,0.09999999999999998,0.6,0.6170252946455133,0.2146706033004317,0.7074903612756422,0.6585365853658537,0.5435423901942988,0.5439024390243903
31.0,0.85,0.15000000000000002,0.5,0.617026061258236,0.21467409222360204,0.7075276638716366,0.6593495934959349,0.5434953871028798,0.5439024390243903
26.0,0.75,0.25,0.95,0.6170264305303845,0.2146241382325767,0.7092196030470892,0.6552845528455284,0.5425122722098482,0.5439024390243903
34.0,1.0,0.0,0.55,0.6170269806517701,0.21466429953127872,0.707501019160212,0.6560975609756098,0.54361547063436,0.5439024390243903
23.0,0.9,0.09999999999999998,0.9,0.6170287936638289,0.21462020148080863,0.709110359730249,0.6577235772357723,0.5427169897932625,0.5439024390243903
23.0,0.95,0.050000000000000044,0.9,0.6170290555879492,0.21461780353754883,0.7091396689128159,0.6577235772357723,0.5427810940294165,0.5439024390243903
40.0,0.75,0.25,0.55,0.617029398960972,0.21468247377495164,0.707501019160212,0.6601626016260163,0.5434118088688352,0.5439024390243903
41.0,0.7,0.30000000000000004,0.55,0.6170296725627107,0.21468581299487213,0.707501019160212,0.6617886178861788,0.5433618377622614,0.5439024390243903
33.0,0.7,0.30000000000000004,0.5,0.617029754302917,0.2146846014135714,0.7075409862273486,0.6601626016260163,0.543377618007244,0.5439024390243903
39.0,1.0,0.0,0.6,0.6170299511401076,0.21466486646992106,0.707495690217927,0.6577235772357723,0.5436300131808167,0.5439024390243903
44.0,0.85,0.15000000000000002,0.6,0.6170300186372978,0.21467650889907805,0.7075356572850637,0.6601626016260163,0.5434989331708815,0.5439024390243903
26.0,0.9,0.09999999999999998,1.0,0.6170300848170045,0.21460994303476444,0.7093554910753539,0.6577235772357723,0.5426628678002886,0.5439024390243903
32.0,0.8,0.19999999999999996,0.5,0.6170303063053266,0.2146789578121854,0.7075036836313544,0.6585365853658537,0.543462040081469,0.5439024390243903
39.0,0.8,0.19999999999999996,0.55,0.6170305196365793,0.21467963974744822,0.7074823678622149,0.6601626016260163,0.5434599768059171,0.5439024390243903
22.0,0.75,0.25,0.85,0.6170307866613532,0.21463568773824734,0.7089851295865539,0.656910569105691,0.5425835228065456,0.5439024390243903
27.0,0.7,0.30000000000000004,0.95,0.6170327206256813,0.214631109191179,0.7092808858833655,0.6552845528455284,0.5424589134141481,0.5439024390243903
38.0,0.85,0.15000000000000002,0.55,0.6170328564131448,0.214677254621576,0.7075196704582091,0.6593495934959349,0.5435062149215424,0.5439024390243903
27.0,0.8,0.19999999999999996,1.0,0.6170337269536219,0.21461839824191764,0.7093101950659324,0.6552845528455284,0.5425343314634865,0.5439024390243903
29.0,1.0,0.0,0.5,0.6170348810792684,0.21466882148337016,0.7074823678622149,0.656910569105691,0.5435987643579504,0.5439024390243903
28.0,0.75,0.25,1.0,0.6170352692110557,0.21462358444710125,0.7093848002579207,0.6544715447154471,0.5424775942047098,0.5439024390243903
33.0,0.75,0.25,0.5,0.6170352946857408,0.2146841320133291,0.7074344073816509,0.6601626016260163,0.5434263030223675,0.5439024390243903
23.0,0.85,0.15000000000000002,0.9,0.6170352956469742,0.2146253480172272,0.7090650637208273,0.656910569105691,0.5426524403593984,0.5439024390243903
30.0,0.95,0.050000000000000044,0.5,0.6170358566415338,0.21467225105645357,0.7074850323333572,0.6577235772357723,0.5435717974147765,0.5439024390243903
23.0,1.0,0.0,0.9,0.6170360436132756,0.21461814714597952,0.7091956228068071,0.6560975609756098,0.5428447514565484,0.5439024390243903
37.0,0.9,0.09999999999999998,0.55,0.617036247994895,0.21467526939896175,0.7075436506984911,0.6585365853658537,0.5435503903114249,0.5439024390243903
41.0,0.95,0.050000000000000044,0.6,0.6170363198294416,0.2146715338537747,0.7075702954099157,0.6577235772357723,0.5435946591904391,0.5439024390243903
25.0,0.8,0.19999999999999996,0.95,0.6170374408780804,0.21462400530351314,0.7092622345853683,0.6552845528455284,0.5425606578330743,0.5439024390243903
31.0,0.9,0.09999999999999998,0.5,0.6170377801271988,0.21467612650110932,0.7075090125736393,0.656910569105691,0.5435420582748189,0.5439024390243903
44.0,1.0,0.0,0.65,0.6170381809332857,0.2146679376210573,0.7074850323333572,0.6577235772357723,0.5436427580588329,0.5439024390243903
42.0,0.7,0.30000000000000004,0.55,0.6170402740730148,0.21469054998493117,0.7074823678622149,0.6617886178861788,0.5433704413937829,0.5439024390243903
32.0,0.85,0.15000000000000002,0.5,0.61704046654431,0.21468035019496123,0.7074903612756422,0.6585365853658537,0.5435097152903544,0.5439024390243903
36.0,0.95,0.050000000000000044,0.55,0.6170405571034744,0.21467364534079852,0.7075916111790551,0.6577235772357723,0.5435923636256156,0.5439024390243903
43.0,0.9,0.09999999999999998,0.6,0.6170409169087125,0.214677439057182,0.7074983546890696,0.6585365853658537,0.5435542639642756,0.5439024390243903
34.0,0.7,0.30000000000000004,0.5,0.6170410039132381,0.2146895868812423,0.7075170059870666,0.6601626016260163,0.5433883277883547,0.5439024390243903
41.0,0.75,0.25,0.55,0.6170413544264642,0.21468777550156062,0.7074930257467846,0.6601626016260163,0.5434214332298258,0.5439024390243903
20.0,0.8,0.19999999999999996,0.8,0.617043518384228,0.21464413188095946,0.7087826297797282,0.656910569105691,0.5426738807496398,0.5439024390243903
33.0,0.8,0.19999999999999996,0.5,0.6170438154188759,0.21468486078402868,0.7074876968044999,0.6593495934959349,0.5434749292015447,0.5439024390243903
40.0,0.8,0.19999999999999996,0.55,0.6170438846358177,0.21468552536834523,0.7074503942085055,0.6601626016260163,0.5434706957613815,0.5439024390243903
20.0,0.85,0.15000000000000002,0.8,0.6170439359464297,0.21464168567287945,0.7088972020388533,0.656910569105691,0.5427266788107948,0.5439024390243903
45.0,0.85,0.15000000000000002,0.6,0.6170439678695588,0.2146826439370243,0.7075409862273486,0.6601626016260163,0.5435093435408438,0.5439024390243903
35.0,1.0,0.0,0.55,0.6170456789525438,0.21467235749895924,0.7074450652662206,0.6577235772357723,0.5436319888900568,0.5439024390243903
39.0,0.85,0.15000000000000002,0.55,0.6170476707713839,0.21468373647658248,0.7074850323333574,0.6593495934959349,0.543518106929057,0.5439024390243903
34.0,0.75,0.25,0.5,0.6170477945775497,0.21468962626812957,0.7074424007950781,0.6601626016260163,0.5434378532071823,0.5439024390243903
23.0,0.8,0.19999999999999996,0.9,0.617048600123375,0.21463325010500214,0.7090597347785424,0.656910569105691,0.5425874474229558,0.5439024390243903
20.0,0.75,0.25,0.8,0.6170487069343176,0.21464888834842286,0.7088492415582893,0.6560975609756098,0.5426206738060918,0.5439024390243903
40.0,1.0,0.0,0.6,0.6170489090904534,0.21467307389011062,0.7074663810353601,0.6577235772357723,0.5436448576311818,0.5439024390243903
20.0,0.9,0.09999999999999998,0.8,0.6170499075739808,0.21464153345659226,0.7087986166065829,0.6577235772357723,0.5427790680605803,0.5439024390243903
26.0,0.85,0.15000000000000002,1.0,0.6170504395087484,0.21462039987784048,0.7093075305947899,0.6552845528455284,0.542585985819088,0.5439024390243903
43.0,0.7,0.30000000000000004,0.55,0.6170508387755912,0.21469526059672475,0.7074797033910725,0.6617886178861788,0.5433787594123528,0.5439024390243903
22.0,0.7,0.30000000000000004,0.85,0.6170512589603364,0.21464660408479436,0.7089931229999814,0.6560975609756098,0.542522831601023,0.5439024390243903
24.0,0.95,0.050000000000000044,0.95,0.617051732044109,0.2146202990154234,0.7093155240082172,0.656910569105691,0.5427427031590064,0.5439024390243903
30.0,1.0,0.0,0.5,0.6170518869905052,0.21467606748293608,0.7074743744487875,0.656910569105691,0.5436173174229041,0.5439024390243903
31.0,0.95,0.050000000000000044,0.5,0.6170523812701975,0.21467933602901756,0.7075063481024969,0.656910569105691,0.5435886474134178,0.5439024390243903
35.0,0.7,0.30000000000000004,0.5,0.6170524263726359,0.21469463813841785,0.7074717099776451,0.6601626016260163,0.543398633108655,0.5439024390243903
38.0,0.9,0.09999999999999998,0.55,0.6170525310472336,0.21468235100968264,0.7074903612756422,0.6585365853658537,0.5435635386528229,0.5439024390243903
42.0,0.75,0.25,0.55,0.6170532991107902,0.21469306144530598,0.7074903612756422,0.6601626016260163,0.5434307351692949,0.5439024390243903
32.0,0.9,0.09999999999999998,0.5,0.6170535687381208,0.2146829355459383,0.7075223349293516,0.6577235772357723,0.543557319419504,0.5439024390243903
29.0,0.7,0.30000000000000004,1.0,0.6170536026279889,0.21463530701795064,0.7094647343921943,0.6528455284552845,0.5424160968330287,0.5439024390243903
42.0,0.95,0.050000000000000044,0.6,0.6170536832559784,0.2146790807331262,0.7075036836313545,0.6577235772357723,0.5436077348524604,0.5439024390243903
24.0,0.7,0.30000000000000004,0.9,0.6170544917985468,0.21464256033210383,0.7091716425665253,0.6552845528455284,0.5424797484916709,0.5439024390243903
24.0,1.0,0.0,0.95,0.6170549565036414,0.2146191982964732,0.7093075305947899,0.6552845528455284,0.5428114797172802,0.5439024390243903
33.0,0.85,0.15000000000000002,0.5,0.6170553354660328,0.2146867991069468,0.7074317429105084,0.6593495934959349,0.5435234953789548,0.5439024390243903
24.0,0.9,0.09999999999999998,0.95,0.617055936087195,0.21462440668971464,0.7092808858833655,0.6577235772357723,0.5426734585441964,0.5439024390243903
44.0,0.9,0.09999999999999998,0.6,0.6170565684371837,0.2146842729466261,0.7074823678622149,0.6585365853658537,0.5435657607758383,0.5439024390243903
45.0,1.0,0.0,0.65,0.617056739034356,0.21467598810134375,0.7074717099776451,0.6577235772357723,0.5436562132192754,0.5439024390243903
41.0,0.8,0.19999999999999996,0.55,0.6170572765800505,0.21469141082563303,0.7074344073816508,0.6601626016260163,0.5434810523667483,0.5439024390243903
34.0,0.8,0.19999999999999996,0.5,0.6170576391770172,0.21469089051141071,0.7074317429105086,0.6601626016260163,0.543487329771944,0.5439024390243903
37.0,0.95,0.050000000000000044,0.55,0.617058302065243,0.21468131903210028,0.707572959881058,0.6577235772357723,0.5436068566391697,0.5439024390243903
20.0,0.7,0.30000000000000004,0.8,0.617059554394799,0.21465597131881475,0.7088545705005742,0.6560975609756098,0.5425670579741939,0.5439024390243903
35.0,0.75,0.25,0.5,0.6170604950313635,0.21469519824019062,0.7074157560836538,0.6601626016260163,0.5434489697472537,0.5439024390243903
44.0,0.7,0.30000000000000004,0.55,0.617061346938475,0.21469993693137188,0.7074743744487875,0.6609756097560976,0.5433868052884059,0.5439024390243903
20.0,0.95,0.050000000000000044,0.8,0.6170613819627176,0.21464365894332102,0.7088865441542835,0.6577235772357723,0.5428310486347946,0.5439024390243903
40.0,0.85,0.15000000000000002,0.55,0.617062564434248,0.21469024006014129,0.7074583876219329,0.6601626016260163,0.5435295933205531,0.5439024390243903
36.0,0.7,0.30000000000000004,0.5,0.6170639635626359,0.2146997303342178,0.7074503942085055,0.6601626016260163,0.5434085553013216,0.5439024390243903
36.0,1.0,0.0,0.55,0.6170648462569251,0.2146806015823747,0.7074077626702264,0.6577235772357723,0.5436479201994919,0.5439024390243903
43.0,0.75,0.25,0.55,0.6170652067863983,0.21469832097728167,0.7074530586796479,0.6601626016260163,0.5434397300140301,0.5439024390243903
21.0,0.85,0.15000000000000002,0.85,0.6170653556005875,0.21464295932882627,0.7090091098268361,0.6577235772357723,0.5426728395771523,0.5439024390243903
26.0,0.7,0.30000000000000004,0.95,0.6170665945431763,0.2146426137701291,0.7093315108350718,0.6536585365853659,0.5424374738786542,0.5439024390243903
21.0,0.9,0.09999999999999998,0.85,0.6170672233320939,0.2146411545499969,0.7089771361731266,0.6585365853658537,0.5427302710500322,0.5439024390243903
25.0,0.75,0.25,0.95,0.6170672867747169,0.21463840159963507,0.7092728924699381,0.6544715447154471,0.5424881117972089,0.5439024390243903
24.0,0.85,0.15000000000000002,0.95,0.6170676007491676,0.21463152401991972,0.7092489122296561,0.656910569105691,0.5426037482962466,0.5439024390243903
41.0,1.0,0.0,0.6,0.617068071834645,0.21468135177620756,0.7074743744487875,0.6577235772357723,0.5436592166402943,0.5439024390243903
23.0,0.75,0.25,0.9,0.6170687464617624,0.21464391461525298,0.7091423333839583,0.6552845528455284,0.5425220127626549,0.5439024390243903
39.0,0.9,0.09999999999999998,0.55,0.6170689639066833,0.2146894840082382,0.7074530586796479,0.6585365853658537,0.5435762345490643,0.5439024390243903
32.0,0.95,0.050000000000000044,0.5,0.6170696296550515,0.21468672422021257,0.7074983546890695,0.6577235772357723,0.5436048513155929,0.5439024390243903
21.0,0.8,0.19999999999999996,0.85,0.6170696341065387,0.21464728273972958,0.7089478269905598,0.656910569105691,0.5426149696695709,0.5439024390243903
33.0,0.9,0.09999999999999998,0.5,0.617069874129547,0.21468995851811126,0.7074637165642177,0.6577235772357723,0.5435720003776122,0.5439024390243903
31.0,1.0,0.0,0.5,0.6170698788866495,0.2146837299509432,0.7074157560836538,0.656910569105691,0.543635153401349,0.5439024390243903
34.0,0.85,0.15000000000000002,0.5,0.6170705595006879,0.2146933922921659,0.7074024337279414,0.6593495934959349,0.5435367562937703,0.5439024390243903
42.0,0.8,0.19999999999999996,0.55,0.6170706610777266,0.2146972820482864,0.7074050981990839,0.6601626016260163,0.5434910639787711,0.5439024390243903
43.0,0.95,0.050000000000000044,0.6,0.6170711240803161,0.21468664562448037,0.7074397363239358,0.6577235772357723,0.5436203921391449,0.5439024390243903
35.0,0.8,0.19999999999999996,0.5,0.6170716933760999,0.21469701088907667,0.707429078439366,0.6601626016260163,0.5434992675098907,0.5439024390243903
45.0,0.7,0.30000000000000004,0.55,0.6170717818560462,0.21470457236912074,0.7074450652662205,0.6609756097560976,0.54339459167716,0.5439024390243903
45.0,0.9,0.09999999999999998,0.6,0.6170722148832118,0.21469109125540267,0.7074477297373631,0.6585365853658537,0.543576897597717,0.5439024390243903
36.0,0.75,0.25,0.5,0.6170733313131107,0.21470082026593626,0.7074157560836537,0.6601626016260163,0.5434596753747254,0.5439024390243903
27.0,0.75,0.25,1.0,0.6170733964024122,0.21463650046246924,0.7094807212190488,0.6528455284552845,0.5424547017463104,0.5439024390243903
21.0,0.95,0.050000000000000044,0.85,0.6170751862060834,0.2146418537720187,0.7090357545382605,0.656910569105691,0.5427872636666352,0.5439024390243903
37.0,0.7,0.30000000000000004,0.5,0.6170755662497873,0.2147048425140752,0.7074157560836538,0.6601626016260163,0.5434181143411914,0.5439024390243903
38.0,0.95,0.050000000000000044,0.55,0.6170762896631287,0.21468908331946668,0.7074903612756422,0.6577235772357723,0.543620846582566,0.5439024390243903
25.0,1.0,0.0,1.0,0.6170770444551534,0.21462171142313957,0.7094780567479063,0.6552845528455284,0.5427805961333435,0.5439024390243903
44.0,0.75,0.25,0.55,0.617077055120513,0.21470354511996564,0.7074557231507905,0.6601626016260163,0.5434484321583483,0.5439024390243903
41.0,0.85,0.15000000000000002,0.55,0.6170774928216913,0.2146967469943011,0.7074317429105084,0.6601626016260163,0.5435406936677556,0.5439024390243903
25.0,0.95,0.050000000000000044,1.0,0.6170780291511732,0.2146243974314524,0.709446083094197,0.656910569105691,0.5427066555611729,0.5439024390243903
20.0,1.0,0.0,0.8,0.6170783085429434,0.2146480458261577,0.7089158533368505,0.6560975609756098,0.5428826207336518,0.5439024390243903
26.0,0.8,0.19999999999999996,1.0,0.6170791148757137,0.21463416408493774,0.7094167739116302,0.6552845528455284,0.5425086544646391,0.5439024390243903
21.0,0.75,0.25,0.85,0.6170801107341857,0.214654139355317,0.7090250966536906,0.6577235772357723,0.5425566618274034,0.5439024390243903
43.0,0.8,0.19999999999999996,0.55,0.6170840087094934,0.2147031270793545,0.7074424007950781,0.6601626016260163,0.5435007468936472,0.5439024390243903
37.0,1.0,0.0,0.55,0.6170843763251531,0.21468898713774695,0.7074637165642178,0.6577235772357723,0.5436632937811632,0.5439024390243903
40.0,0.9,0.09999999999999998,0.55,0.6170854893566743,0.21469664466301136,0.7074317429105084,0.6585365853658537,0.5435884999827295,0.5439024390243903
28.0,0.7,0.30000000000000004,1.0,0.6170856841531236,0.21464588264240822,0.7094967080459036,0.6528455284552845,0.5423957924957177,0.5439024390243903
36.0,0.8,0.19999999999999996,0.5,0.617085906326962,0.21470319129930518,0.7074130916125113,0.6601626016260163,0.5435107665272078,0.5439024390243903
35.0,0.85,0.15000000000000002,0.5,0.6170860460587347,0.2147000900808535,0.7073784534876595,0.6593495934959349,0.5435495251913516,0.5439024390243903
37.0,0.75,0.25,0.5,0.6170862484586312,0.21470646895918388,0.7073891113722293,0.6601626016260163,0.5434699913828459,0.5439024390243903
34.0,0.9,0.09999999999999998,0.5,0.6170865777267283,0.21469714447514013,0.7074450652662208,0.6585365853658537,0.5435861315702647,0.5439024390243903
24.0,0.8,0.19999999999999996,0.95,0.6170867590559419,0.21464165363107382,0.7093208529505022,0.6560975609756098,0.5425335749298426,0.5439024390243903
25.0,0.9,0.09999999999999998,1.0,0.6170871918048351,0.21463037151194161,0.7094221028539149,0.6560975609756098,0.5426322295307788,0.5439024390243903
38.0,0.7,0.30000000000000004,0.5,0.6170871927748128,0.21470995703432685,0.7073704600742321,0.6601626016260163,0.5434273289276949,0.5439024390243903
42.0,1.0,0.0,0.6,0.6170873761977793,0.21468967437961914,0.7074690455065027,0.6577235772357723,0.5436731126533608,0.5439024390243903
33.0,0.95,0.050000000000000044,0.5,0.6170874510565924,0.21469435071114665,0.7074797033910724,0.6577235772357723,0.5436204430092051,0.5439024390243903
44.0,0.95,0.050000000000000044,0.6,0.6170885986461442,0.21469421094238886,0.7074184205547963,0.6577235772357723,0.5436326500098445,0.5439024390243903
32.0,1.0,0.0,0.5,0.6170886663660782,0.2146917267053144,0.7073944403145143,0.6577235772357723,0.5436523098162589,0.5439024390243903
45.0,0.75,0.25,0.55,0.6170888251555046,0.21470872632106577,0.7074077626702265,0.6609756097560976,0.5434568551308315,0.5439024390243903
21.0,1.0,0.0,0.85,0.617089193909286,0.21464504230870557,0.7091130242013914,0.6552845528455284,0.5428438170836969,0.5439024390243903
22.0,0.9,0.09999999999999998,0.9,0.6170906618392634,0.21464333794091484,0.7091716425665252,0.6585365853658537,0.5426844277988555,0.5439024390243903
42.0,0.85,0.15000000000000002,0.55,0.6170924176564508,0.21470324158762943,0.7074184205547962,0.6601626016260163,0.543551426342746,0.5439024390243903
22.0,0.85,0.15000000000000002,0.9,0.6170934583559633,0.21464697386526618,0.7091236820859612,0.6577235772357723,0.5426218949949849,0.5439024390243903
39.0,0.95,0.050000000000000044,0.55,0.6170944470932153,0.2146969078544894,0.7074477297373631,0.6577235772357723,0.5436343580549,0.5439024390243903
22.0,0.95,0.050000000000000044,0.9,0.6170945921385924,0.21464244508877914,0.7092409188162289,0.6577235772357723,0.5427464945542442,0.5439024390243903
23.0,0.7,0.30000000000000004,0.9,0.6170957748164616,0.21465734832861513,0.7091476623262432,0.6544715447154471,0.5424561382404413,0.5439024390243903
21.0,0.7,0.30000000000000004,0.85,0.6170968381646443,0.21466354368622154,0.7090304255959755,0.6560975609756098,0.5424979166294334,0.5439024390243903
44.0,0.8,0.19999999999999996,0.55,0.6170972943676079,0.21470893578799918,0.7074157560836538,0.6609756097560976,0.5435101164223681,0.5439024390243903
39.0,0.7,0.30000000000000004,0.5,0.6170988079452848,0.21471505906899774,0.7073198351225256,0.6617886178861788,0.5434362165674663,0.5439024390243903
38.0,0.75,0.25,0.5,0.6170991998471237,0.21471212457494615,0.7073358219493804,0.6601626016260163,0.5434799377131804,0.5439024390243903
37.0,0.8,0.19999999999999996,0.5,0.6171002170273651,0.21470940579576603,0.7073491443050925,0.6601626016260163,0.5435218494185963,0.5439024390243903
36.0,0.85,0.15000000000000002,0.5,0.6171017161536151,0.21470685875875897,0.7073624666608049,0.6593495934959349,0.5435618275434441,0.5439024390243903
41.0,0.9,0.09999999999999998,0.55,0.6171020581199391,0.2147038126342536,0.7074157560836538,0.6593495934959349,0.5436003555868305,0.5439024390243903
22.0,0.8,0.19999999999999996,0.9,0.6171030307994241,0.21465336489023384,0.7091316754993886,0.656910569105691,0.5425588972389522,0.5439024390243903
35.0,0.9,0.09999999999999998,0.5,0.6171035781748949,0.21470445002582517,0.7073971047856566,0.6585365853658537,0.5435997415705268,0.5439024390243903
38.0,1.0,0.0,0.55,0.6171041772192749,0.2146974756797543,0.7074503942085055,0.6577235772357723,0.5436781370641937,0.5439024390243903
25.0,0.85,0.15000000000000002,1.0,0.6171045562216344,0.21463963072524794,0.7093661489599237,0.6560975609756098,0.5425573213893475,0.5439024390243903
25.0,0.7,0.30000000000000004,0.95,0.6171047413475801,0.21465582070190467,0.7093448331907841,0.6536585365853659,0.5424151349523589,0.5439024390243903
22.0,1.0,0.0,0.9,0.617105200988917,0.21464428319544848,0.7092728924699381,0.6544715447154471,0.5428080942561818,0.5439024390243903
34.0,0.95,0.050000000000000044,0.5,0.6171057164299141,0.21470216011226245,0.7074290784393659,0.6577235772357723,0.5436354543852817,0.5439024390243903
45.0,0.95,0.050000000000000044,0.6,0.6171060690303052,0.21470176149432227,0.707399769256799,0.6577235772357723,0.5436445263191104,0.5439024390243903
43.0,1.0,0.0,0.6,0.6171067671209284,0.21469801936085228,0.7074717099776451,0.6577235772357723,0.5436865667876106,0.5439024390243903
43.0,0.85,0.15000000000000002,0.55,0.6171073061292056,0.21470971047068615,0.7073864469010869,0.6601626016260163,0.5435618086021956,0.5439024390243903
33.0,1.0,0.0,0.5,0.617108086245529,0.21469998754019073,0.7073971047856566,0.6577235772357723,0.5436688220739286,0.5439024390243903
40.0,0.7,0.30000000000000004,0.5,0.6171103820978894,0.21472013619326014,0.7073038482956711,0.6626016260162602,0.5434447936547996,0.5439024390243903
45.0,0.8,0.19999999999999996,0.55,0.617110496686579,0.21471469962217912,0.7073704600742322,0.6609756097560976,0.5435191869608422,0.5439024390243903
39.0,0.75,0.25,0.5,0.6171121459940848,0.21471777047259244,0.7073224995936681,0.6609756097560976,0.5434895330425977,0.5439024390243903
40.0,0.95,0.050000000000000044,0.55,0.6171127114963175,0.21470476654661189,0.7073784534876595,0.6577235772357723,0.5436474141456112,0.5439024390243903
24.0,0.75,0.25,0.95,0.6171134449426063,0.2146547980679178,0.7093608200176387,0.6544715447154471,0.5424629410504873,0.5439024390243903
38.0,0.8,0.19999999999999996,0.5,0.6171145736172312,0.2147156324155594,0.7073038482956711,0.6601626016260163,0.5435325373529095,0.5439024390243903
26.0,0.75,0.25,1.0,0.6171161231354283,0.21465122623174768,0.7095340106418977,0.6528455284552845,0.5424308778418352,0.5439024390243903
37.0,0.85,0.15000000000000002,0.5,0.6171175024345994,0.21471366968979366,0.707333157478238,0.6593495934959349,0.5435736872287951,0.5439024390243903
23.0,0.95,0.050000000000000044,0.95,0.6171185427850712,0.21464502552070355,0.7093688134310662,0.6560975609756098,0.5427084127551145,0.5439024390243903
42.0,0.9,0.09999999999999998,0.55,0.6171186278089558,0.21471097051500512,0.7073784534876596,0.6593495934959349,0.5436118207379106,0.5439024390243903
23.0,0.9,0.09999999999999998,0.95,0.6171191559751436,0.21464767216832412,0.7093341753062143,0.6577235772357723,0.5426412198652705,0.5439024390243903
22.0,0.75,0.25,0.9,0.6171194291322222,0.21466252295494867,0.7091476623262432,0.6560975609756098,0.5424954357184596,0.5439024390243903
36.0,0.9,0.09999999999999998,0.5,0.617120788844798,0.21471183821598716,0.7073704600742321,0.6585365853658537,0.5436128571898494,0.5439024390243903
27.0,0.7,0.30000000000000004,1.0,0.617121498201612,0.2146579114993545,0.7095206882861855,0.6528455284552845,0.5423746621488044,0.5439024390243903
41.0,0.7,0.30000000000000004,0.5,0.6171218903024458,0.2147251780308492,0.7072878614688163,0.6626016260162602,0.5434530755487819,0.5439024390243903
44.0,0.85,0.15000000000000002,0.55,0.6171221301793008,0.2147161422830785,0.7073624666608047,0.6609756097560976,0.5435718566661687,0.5439024390243903
39.0,1.0,0.0,0.55,0.6171241693955022,0.21470603404073826,0.7074264139682235,0.6577235772357723,0.5436924757992052,0.5439024390243903
35.0,0.95,0.050000000000000044,0.5,0.617124315272856,0.2147101051531018,0.7073891113722293,0.6577235772357723,0.5436499154101225,0.5439024390243903
40.0,0.75,0.25,0.5,0.6171250535274238,0.2147233926617594,0.7073065127668134,0.6609756097560976,0.5434987948680741,0.5439024390243903
23.0,1.0,0.0,0.95,0.6171252852209536,0.21464536594634706,0.709344833190784,0.6552845528455284,0.542775114059137,0.5439024390243903
44.0,1.0,0.0,0.6,0.6171261966594292,0.2147063673578639,0.707434407381651,0.6577235772357723,0.543699598924373,0.5439024390243903
23.0,0.85,0.15000000000000002,0.95,0.6171271688963202,0.21465331434299717,0.7092995371813625,0.656910569105691,0.5425735371752263,0.5439024390243903
34.0,1.0,0.0,0.5,0.6171279985892919,0.2147084524462542,0.7074077626702264,0.6577235772357723,0.5436847235086967,0.5439024390243903
39.0,0.8,0.19999999999999996,0.5,0.617128932069449,0.21472185259781834,0.7072718746419615,0.6609756097560976,0.5435428501643113,0.5439024390243903
25.0,0.8,0.19999999999999996,1.0,0.617130147306896,0.21465217209481718,0.7094940435747611,0.6552845528455284,0.5424819345793592,0.5439024390243903
20.0,0.8,0.19999999999999996,0.85,0.6171308608867648,0.21467068312554333,0.7089957874711238,0.656910569105691,0.5425849365788276,0.5439024390243903
41.0,0.95,0.050000000000000044,0.55,0.6171310286445997,0.2147126369875862,0.7073544732473775,0.6577235772357723,0.5436600365359872,0.5439024390243903
20.0,0.85,0.15000000000000002,0.85,0.6171310598304534,0.2146681965981119,0.7090064453556936,0.656910569105691,0.5426407554379294,0.5439024390243903
42.0,0.7,0.30000000000000004,0.5,0.6171333116847717,0.2147301759549781,0.7072851969976739,0.6626016260162602,0.5434610766464028,0.5439024390243903
38.0,0.85,0.15000000000000002,0.5,0.6171333475213954,0.2147204985753764,0.7073145061802407,0.6601626016260163,0.5435851266282686,0.5439024390243903
43.0,0.9,0.09999999999999998,0.55,0.6171351620221225,0.21471810343718703,0.7073118417090983,0.6601626016260163,0.5436229136437615,0.5439024390243903
45.0,0.85,0.15000000000000002,0.55,0.6171368658738895,0.21472252740428788,0.7072931904111013,0.6609756097560976,0.5435815857914933,0.5439024390243903
20.0,0.75,0.25,0.85,0.6171368864795422,0.21467572327124707,0.7089638138174145,0.656910569105691,0.5425286622933697,0.5439024390243903
20.0,0.9,0.09999999999999998,0.85,0.6171374220523969,0.2146682445367656,0.7090384190094029,0.6585365853658537,0.5426961189817977,0.5439024390243903
41.0,0.75,0.25,0.5,0.617137894316929,0.21472897941738364,0.7072985193533863,0.6617886178861788,0.543507739588057,0.5439024390243903
37.0,0.9,0.09999999999999998,0.5,0.6171381357235889,0.21471927758900652,0.7073304930070956,0.6593495934959349,0.5436255035731747,0.5439024390243903
23.0,0.8,0.19999999999999996,0.95,0.6171426265936056,0.21466196039782304,0.7093368397773567,0.6560975609756098,0.5425053665731654,0.5439024390243903
22.0,0.7,0.30000000000000004,0.9,0.6171427041749672,0.21467445990540557,0.7091636491530979,0.6544715447154471,0.5424315117124892,0.5439024390243903
36.0,0.95,0.050000000000000044,0.5,0.6171431529650266,0.2147181454950595,0.7073411508916653,0.6577235772357723,0.543663854214213,0.5439024390243903
40.0,0.8,0.19999999999999996,0.5,0.6171432550775678,0.21472805069118026,0.7072745391131041,0.6609756097560976,0.5435528064412395,0.5439024390243903
40.0,1.0,0.0,0.55,0.6171442840674651,0.21471463365203325,0.7073917758433717,0.6577235772357723,0.543706334167112,0.5439024390243903
43.0,0.7,0.30000000000000004,0.5,0.6171446288494733,0.214735122834126,0.7072931904111013,0.6634146341463415,0.5434688104512703,0.5439024390243903
45.0,1.0,0.0,0.6,0.6171456231113602,0.2147147016120002,0.7073864469010869,0.6577235772357723,0.5437122277949132,0.5439024390243903
24.0,0.95,0.050000000000000044,1.0,0.6171461481301609,0.21464924983048117,0.7095313461707553,0.6560975609756098,0.5426727325392252,0.5439024390243903
24.0,0.7,0.30000000000000004,0.95,0.6171476932530271,0.21467095979067805,0.7093688134310662,0.6536585365853659,0.5423918493538618,0.5439024390243903
35.0,1.0,0.0,0.5,0.6171482833626681,0.2147170701149871,0.7073544732473775,0.6577235772357723,0.54370004545636,0.5439024390243903
24.0,1.0,0.0,1.0,0.6171485713217687,0.2146479507095074,0.7094940435747612,0.6544715447154471,0.5427445827307077,0.5439024390243903
20.0,0.7,0.30000000000000004,0.85,0.617149198799761,0.21468333615929183,0.7090703926631123,0.6552845528455284,0.5424719325518361,0.5439024390243903
39.0,0.85,0.15000000000000002,0.5,0.6171492025904889,0.21472732482757395,0.7072772035842465,0.6601626016260163,0.5435961667199771,0.5439024390243903
42.0,0.95,0.050000000000000044,0.55,0.6171493518112486,0.21472049995796869,0.7073304930070955,0.6585365853658537,0.5436722455957262,0.5439024390243903
20.0,0.95,0.050000000000000044,0.85,0.6171498872161714,0.21467080776502875,0.709062399249685,0.6560975609756098,0.5427510274025431,0.5439024390243903
42.0,0.75,0.25,0.5,0.617150644732506,0.21473452095263465,0.7072772035842465,0.6626016260162602,0.5435163825796331,0.5439024390243903
44.0,0.9,0.09999999999999998,0.55,0.6171516295639107,0.21472519873294021,0.7072878614688163,0.6601626016260163,0.543633651425525,0.5439024390243903
24.0,0.9,0.09999999999999998,1.0,0.6171518030571296,0.21465380727283456,0.7095073659304733,0.6552845528455284,0.5426003699607066,0.5439024390243903
38.0,0.9,0.09999999999999998,0.5,0.6171555556264579,0.21472674139158593,0.7072665456996768,0.6601626016260163,0.5436377042976788,0.5439024390243903
44.0,0.7,0.30000000000000004,0.5,0.617155827386969,0.21474001281555916,0.7073198351225257,0.6642276422764227,0.5434762896377994,0.5439024390243903
41.0,0.8,0.19999999999999996,0.5,0.6171575111085809,0.21473421353559594,0.7072798680553889,0.6617886178861788,0.5435624236118276,0.5439024390243903
21.0,0.85,0.15000000000000002,0.9,0.6171600501148119,0.2146720930963887,0.7091370044416734,0.656910569105691,0.5425900866348929,0.5439024390243903
26.0,0.7,0.30000000000000004,1.0,0.6171614776571936,0.21467157692570385,0.7095286816996128,0.6536585365853659,0.5423526601314637,0.5439024390243903
21.0,0.9,0.09999999999999998,0.9,0.6171616738858061,0.21467026116244045,0.7092275964605166,0.6585365853658537,0.5426505373100832,0.5439024390243903
37.0,0.95,0.050000000000000044,0.5,0.6171621485144368,0.21472624672896826,0.7072958548822438,0.6577235772357723,0.5436772971904037,0.5439024390243903
43.0,0.75,0.25,0.5,0.6171632850108475,0.21474000914048327,0.7072292431036826,0.6626016260162602,0.5435247382710985,0.5439024390243903
25.0,0.75,0.25,1.0,0.6171639910599147,0.2146679926005364,0.7095526619398949,0.6544715447154471,0.542406072637881,0.5439024390243903
41.0,1.0,0.0,0.55,0.6171644617986235,0.21472324992823888,0.7073251640648106,0.6577235772357723,0.5437197348840032,0.5439024390243903
40.0,0.85,0.15000000000000002,0.5,0.6171650261722061,0.21473413103727326,0.707183947094261,0.6601626016260163,0.543606827172214,0.5439024390243903
21.0,0.8,0.19999999999999996,0.9,0.6171651988515415,0.21467668865526085,0.7091316754993886,0.656910569105691,0.5425291508704854,0.5439024390243903
24.0,0.85,0.15000000000000002,1.0,0.6171655736000514,0.21466162660341223,0.7094327607384848,0.656910569105691,0.5425274976791377,0.5439024390243903
23.0,0.75,0.25,0.95,0.6171655750555614,0.2146736185801965,0.7094354252096272,0.6552845528455284,0.5424367100496176,0.5439024390243903
45.0,0.7,0.30000000000000004,0.5,0.6171668954517018,0.21474484114065892,0.7073065127668134,0.6642276422764227,0.5434835261108975,0.5439024390243903
43.0,0.95,0.050000000000000044,0.55,0.6171676407956868,0.21472833900307184,0.7072772035842466,0.6601626016260163,0.5436840604739691,0.5439024390243903
45.0,0.9,0.09999999999999998,0.55,0.6171680037707526,0.21473224564291357,0.7072372365171098,0.6609756097560976,0.543644050194171,0.5439024390243903
20.0,1.0,0.0,0.85,0.6171683958962549,0.2146758670862386,0.709158320210813,0.6552845528455284,0.5428054809727533,0.5439024390243903
36.0,1.0,0.0,0.5,0.6171688376023465,0.21472579667768346,0.7073438153628077,0.6577235772357723,0.543714817345323,0.5439024390243903
21.0,0.95,0.050000000000000044,0.9,0.6171700105275973,0.21467117570762484,0.7092942082390776,0.6560975609756098,0.5427105024517314,0.5439024390243903
42.0,0.8,0.19999999999999996,0.5,0.6171716735945404,0.21474033010649551,0.7072212496902552,0.6626016260162602,0.5435717180249704,0.5439024390243903
39.0,0.9,0.09999999999999998,0.5,0.6171729946762554,0.21473420690056427,0.707213256276828,0.6601626016260163,0.5436494814716707,0.5439024390243903
44.0,0.75,0.25,0.5,0.6171757987136555,0.21474543727622358,0.7072718746419617,0.6626016260162602,0.5435328202097804,0.5439024390243903
21.0,0.75,0.25,0.9,0.6171771806992542,0.2146840649150894,0.7091876293933799,0.6552845528455284,0.5424677305581277,0.5439024390243903
41.0,0.85,0.15000000000000002,0.5,0.6171807831247215,0.2147409025219506,0.7071439800271244,0.6609756097560976,0.5436171264327576,0.5439024390243903
38.0,0.95,0.050000000000000044,0.5,0.617181232643919,0.21473437952643137,0.7072372365171099,0.6601626016260163,0.543690269096063,0.5439024390243903
42.0,1.0,0.0,0.55,0.6171846512891154,0.21473186173851738,0.7073358219493804,0.6585365853658537,0.5437326993009852,0.5439024390243903
21.0,1.0,0.0,0.9,0.6171850013598276,0.21467481952124154,0.709254241171941,0.6544715447154471,0.5427699817121027,0.5439024390243903
43.0,0.8,0.19999999999999996,0.5,0.6171857202412627,0.2147463912114037,0.7072345720459676,0.6626016260162602,0.5435807050266056,0.5439024390243903
44.0,0.95,0.050000000000000044,0.55,0.6171858610812943,0.21473614006787342,0.7072931904111013,0.6601626016260163,0.5436954991845468,0.5439024390243903
24.0,0.8,0.19999999999999996,1.0,0.617187498337334,0.2146727112963317,0.7095499974687525,0.6544715447154471,0.5424541184893891,0.5439024390243903
45.0,0.75,0.25,0.5,0.6171881722633535,0.21475079987456575,0.7072478944016797,0.6626016260162602,0.5435406411251286,0.5439024390243903
37.0,1.0,0.0,0.5,0.6171895730166133,0.21473459463928415,0.7073011838245286,0.6577235772357723,0.5437290667976258,0.5439024390243903
40.0,0.9,0.09999999999999998,0.5,0.617190407007761,0.21474165485095534,0.707159966853979,0.6609756097560976,0.5436608558313089,0.5439024390243903
22.0,0.9,0.09999999999999998,0.95,0.6171911258468863,0.21467451633100093,0.709379471315636,0.6560975609756098,0.5426076736268135,0.5439024390243903
22.0,0.85,0.15000000000000002,0.95,0.6171947946756843,0.21467840190132773,0.7093128595370748,0.6577235772357723,0.5425420834847691,0.5439024390243903
22.0,0.95,0.050000000000000044,0.95,0.6171948192019586,0.21467362115632185,0.7094434186230547,0.6560975609756098,0.5426727511226209,0.5439024390243903
21.0,0.7,0.30000000000000004,0.9,0.6171960572373777,0.21469423887768352,0.709206280691377,0.6552845528455284,0.5424058263362466,0.5439024390243903
23.0,0.7,0.30000000000000004,0.95,0.6171960612180587,0.2146882970273182,0.709422102853915,0.6544715447154471,0.5423675696970663,0.5439024390243903
42.0,0.85,0.15000000000000002,0.5,0.6171964437570981,0.2147476269403019,0.7071839470942609,0.6609756097560976,0.5436270818136792,0.5439024390243903
44.0,0.8,0.19999999999999996,0.5,0.6171996324360366,0.21475238923078302,0.7072345720459674,0.6626016260162602,0.5435893990310352,0.5439024390243903
39.0,0.95,0.050000000000000044,0.5,0.6172003461618373,0.21474251891948026,0.7072025983922581,0.6601626016260163,0.5437027931555461,0.5439024390243903
45.0,0.95,0.050000000000000044,0.55,0.6172039831063149,0.21474389118209605,0.7072878614688163,0.6609756097560976,0.543706578685425,0.5439024390243903
43.0,1.0,0.0,0.55,0.6172048083280637,0.21474045095166705,0.7072772035842465,0.6585365853658537,0.5437452474983621,0.5439024390243903
22.0,1.0,0.0,0.95,0.6172058187597537,0.21467570217465928,0.7093608200176389,0.6544715447154471,0.542737314880455,0.5439024390243903
22.0,0.8,0.19999999999999996,0.95,0.617205882691051,0.21468529196888947,0.7092862148256505,0.6544715447154471,0.542475981899713,0.5439024390243903
25.0,0.7,0.30000000000000004,1.0,0.6172061145682756,0.21468708917308102,0.7095873000647468,0.6544715447154471,0.5423297391956476,0.5439024390243903
41.0,0.9,0.09999999999999998,0.5,0.6172077536608743,0.2147490689488856,0.7071013484888453,0.6609756097560976,0.5436718468336145,0.5439024390243903
38.0,1.0,0.0,0.5,0.6172104139443868,0.21474343197447734,0.7072505588728222,0.6585365853658537,0.5437428197342975,0.5439024390243903
43.0,0.85,0.15000000000000002,0.5,0.6172119830782025,0.21475429396318804,0.7071626313251215,0.6617886178861788,0.5436367095711876,0.5439024390243903
45.0,0.8,0.19999999999999996,0.5,0.6172133947392607,0.21475831789626465,0.7072265786325401,0.6626016260162602,0.5435978135873032,0.5439024390243903
24.0,0.75,0.25,1.0,0.6172176169280778,0.214687064726824,0.7095633198244646,0.6544715447154471,0.5423802352967261,0.5439024390243903
40.0,0.95,0.050000000000000044,0.5,0.617219438571464,0.21475064368767693,0.7072105918056856,0.6609756097560976,0.5437148911605055,0.5439024390243903
23.0,0.95,0.050000000000000044,1.0,0.6172233687569476,0.21467777713399336,0.7095739777090344,0.6552845528455284,0.542637467693847,0.5439024390243903
22.0,0.75,0.25,0.95,0.6172244479251089,0.21469520052862412,0.709451412036482,0.6552845528455284,0.5424093701864836,0.5439024390243903
23.0,0.9,0.09999999999999998,1.0,0.6172248212646473,0.2146806385431558,0.7095126948727581,0.6544715447154471,0.5425672314446123,0.5439024390243903
44.0,1.0,0.0,0.55,0.6172248948870461,0.21474900204390465,0.7072265786325402,0.6601626016260163,0.5437573983738746,0.5439024390243903
42.0,0.9,0.09999999999999998,0.5,0.6172250016331612,0.21475643545594078,0.707069374835136,0.6609756097560976,0.5436824727448605,0.5439024390243903
44.0,0.85,0.15000000000000002,0.5,0.6172273801522126,0.21476089499213205,0.7071786181519761,0.6617886178861788,0.5436460249803189,0.5439024390243903
23.0,1.0,0.0,1.0,0.6172299180969514,0.21467815334449292,0.7095420040553251,0.6544715447154471,0.5427071659551995,0.5439024390243903
39.0,1.0,0.0,0.5,0.6172312956149,0.21475228135940486,0.7071812826231185,0.6593495934959349,0.5437561004811918,0.5439024390243903
23.0,0.85,0.15000000000000002,1.0,0.6172343266232337,0.21468674760893727,0.7094380896807697,0.6560975609756098,0.5424964591666468,0.5439024390243903
20.0,0.8,0.19999999999999996,0.9,0.6172361753775587,0.21470369603942113,0.7090997018456792,0.656910569105691,0.5424981675450637,0.5439024390243903
20.0,0.85,0.15000000000000002,0.9,0.6172362265541534,0.21470121662705277,0.709134339970531,0.656910569105691,0.5425569730615338,0.5439024390243903
41.0,0.95,0.050000000000000044,0.5,0.6172384668813578,0.21475873583545185,0.7071226642579849,0.6609756097560976,0.5437265835664417,0.5439024390243903
43.0,0.9,0.09999999999999998,0.5,0.6172421230671841,0.21476374283373895,0.7070267432968567,0.6609756097560976,0.543692750723834,0.5439024390243903
45.0,0.85,0.15000000000000002,0.5,0.6172426175446184,0.21476742291806872,0.7071519734405517,0.6617886178861788,0.5436550424044805,0.5439024390243903
20.0,0.75,0.25,0.9,0.6172429893581582,0.21470897941317824,0.7091982872779498,0.6552845528455284,0.5424388581063334,0.5439024390243903
20.0,0.9,0.09999999999999998,0.9,0.6172430715263585,0.21470151885785302,0.7093128595370748,0.6585365853658537,0.542615274819001,0.5439024390243903
45.0,1.0,0.0,0.55,0.61724487833431,0.21475750176008057,0.7072025983922581,0.6601626016260163,0.5437691697249694,0.5439024390243903
22.0,0.7,0.30000000000000004,0.95,0.6172505494473359,0.21470814146373673,0.7094354252096273,0.6544715447154471,0.5423422497714699,0.5439024390243903
23.0,0.8,0.19999999999999996,1.0,0.6172519369567058,0.21469611424810275,0.7095393395841827,0.6544715447154471,0.5424251529432165,0.5439024390243903
40.0,1.0,0.0,0.5,0.6172521626601409,0.21476111951705631,0.7072025983922581,0.6601626016260163,0.5437689318727071,0.5439024390243903
24.0,0.7,0.30000000000000004,1.0,0.6172559701118377,0.21470469016577168,0.7095553264110375,0.6536585365853659,0.542305851116091,0.5439024390243903
20.0,0.95,0.050000000000000044,0.9,0.617256640061224,0.21470458038631293,0.7093048661236474,0.6552845528455284,0.5426730730806313,0.5439024390243903
20.0,0.7,0.30000000000000004,0.9,0.6172567410003105,0.21471708903420358,0.7092755569410806,0.6552845528455284,0.542379044682575,0.5439024390243903
42.0,0.95,0.050000000000000044,0.5,0.6172573945855294,0.21476678014543898,0.7070880261331329,0.6609756097560976,0.543737889584514,0.5439024390243903
44.0,0.9,0.09999999999999998,0.5,0.6172590945521413,0.21477098143942613,0.707034736710284,0.6617886178861788,0.5437026968997625,0.5439024390243903
21.0,0.85,0.15000000000000002,0.95,0.6172715246718472,0.21470724593233786,0.7093128595370748,0.656910569105691,0.5425093380228374,0.5439024390243903
41.0,1.0,0.0,0.5,0.6172729678404694,0.2147699266582635,0.707112006373415,0.6601626016260163,0.5437813353517021,0.5439024390243903
21.0,0.9,0.09999999999999998,0.95,0.6172729728027206,0.21470543247324003,0.7094380896807697,0.656910569105691,0.5425727689477143,0.5439024390243903
45.0,0.9,0.09999999999999998,0.5,0.6172758965226888,0.2147781432643356,0.7070054275277171,0.6617886178861788,0.543712326444902,0.5439024390243903
43.0,0.95,0.050000000000000044,0.5,0.6172761907874268,0.21477476379598942,0.7070294077679993,0.6609756097560976,0.543748827268075,0.5439024390243903
20.0,1.0,0.0,0.9,0.6172768630404192,0.21471037884505356,0.7092675635276533,0.6544715447154471,0.5427303682087823,0.5439024390243903
21.0,0.8,0.19999999999999996,0.95,0.6172774950852178,0.21471207408230378,0.7092942082390776,0.6544715447154471,0.5424453735434004,0.5439024390243903
23.0,0.75,0.25,1.0,0.6172777055146715,0.2147087482506999,0.7096379250164532,0.6536585365853659,0.5423533149815388,0.5439024390243903
21.0,0.95,0.050000000000000044,0.95,0.6172817705132108,0.214706613800426,0.7093794713156358,0.6552845528455284,0.5426356658603788,0.5439024390243903
21.0,0.75,0.25,0.95,0.6172909541765558,0.21471993674580164,0.7094141094404878,0.6552845528455284,0.5423808760852887,0.5439024390243903
42.0,1.0,0.0,0.5,0.6172936709505588,0.21477868600331515,0.7070267432968567,0.6601626016260163,0.5437933310645688,0.5439024390243903
44.0,0.95,0.050000000000000044,0.5,0.6172948294460592,0.21478267603302345,0.7070240788257143,0.6609756097560976,0.5437594135936987,0.5439024390243903
21.0,1.0,0.0,0.95,0.6172978499953625,0.21471076993374116,0.7094141094404878,0.6544715447154471,0.5426980284208806,0.5439024390243903
22.0,0.9,0.09999999999999998,1.0,0.6173072765285148,0.2147113120814559,0.7094913791036187,0.6536585365853659,0.5425327582645731,0.5439024390243903
22.0,0.95,0.050000000000000044,1.0,0.6173107984384099,0.2147104582947656,0.7095979579493163,0.6544715447154471,0.5426008035192745,0.5439024390243903
23.0,0.7,0.30000000000000004,1.0,0.6173116866772071,0.21472465927422316,0.7096086158338862,0.6544715447154471,0.5422809476123797,0.5439024390243903
22.0,0.85,0.15000000000000002,1.0,0.61731176977273,0.21471540886119067,0.7094780567479064,0.6552845528455284,0.5424641520809887,0.5439024390243903
21.0,0.7,0.30000000000000004,0.95,0.6173119732611982,0.21473085365773453,0.7094647343921942,0.6544715447154471,0.542315846342962,0.5439024390243903
45.0,0.95,0.050000000000000044,0.5,0.6173132887261091,0.21479050788799828,0.7069707894028654,0.6617886178861788,0.5437696645366925,0.5439024390243903
43.0,1.0,0.0,0.5,0.6173142378782978,0.21478738337174152,0.7070080919988596,0.6601626016260163,0.5438049379508925,0.5439024390243903
22.0,1.0,0.0,1.0,0.6173222711195913,0.2147128309986214,0.7095473329976099,0.6536585365853659,0.5426682866741207,0.5439024390243903
22.0,0.8,0.19999999999999996,1.0,0.6173243437748633,0.2147227650178463,0.7095126948727583,0.6544715447154471,0.542394986274082,0.5439024390243903
44.0,1.0,0.0,0.5,0.6173346397937779,0.21479600682989147,0.70698677622972,0.6609756097560976,0.5438161738274488,0.5439024390243903
22.0,0.75,0.25,1.0,0.6173450653696562,0.2147333968094014,0.7096752276124474,0.6536585365853659,0.5423252622842679,0.5439024390243903
45.0,1.0,0.0,0.5,0.6173548524491875,0.21480454638762114,0.7069281578645862,0.6609756097560976,0.5438270554665171,0.5439024390243903
20.0,0.85,0.15000000000000002,0.95,0.617358568987203,0.21474038132238685,0.7093634844887813,0.6560975609756098,0.5424752583107268,0.5439024390243903
20.0,0.8,0.19999999999999996,0.95,0.6173585849764983,0.2147428035765111,0.7092888792967927,0.6544715447154471,0.5424135004253168,0.5439024390243903
20.0,0.9,0.09999999999999998,0.95,0.6173659974830064,0.21474099405957733,0.7093395042484993,0.6560975609756098,0.5425364621162727,0.5439024390243903
20.0,0.75,0.25,0.95,0.6173661278237059,0.21474828659321965,0.7094247673250574,0.6552845528455284,0.5423511882305707,0.5439024390243903
22.0,0.7,0.30000000000000004,1.0,0.6173740026328061,0.2147473203613402,0.7095926290070316,0.6544715447154471,0.5422549816868284,0.5439024390243903
20.0,0.95,0.050000000000000044,0.95,0.6173807894565305,0.21474461598676922,0.7094327607384848,0.6536585365853659,0.5425971121932063,0.5439024390243903
20.0,0.7,0.30000000000000004,0.95,0.6173812812850209,0.21475685610716705,0.7095420040553252,0.6544715447154471,0.5422883216195995,0.5439024390243903
21.0,0.85,0.15000000000000002,1.0,0.6173989986581054,0.2147480907896362,0.709499372517046,0.6552845528455284,0.5424305266590623,0.5439024390243903
21.0,0.9,0.09999999999999998,1.0,0.6174003490784553,0.21474634398740397,0.7095766421801769,0.6536585365853659,0.5424968990128006,0.5439024390243903
20.0,1.0,0.0,0.95,0.6174028652480528,0.2147512212796633,0.7093661489599237,0.6544715447154471,0.5426572090135681,0.5439024390243903
21.0,0.8,0.19999999999999996,1.0,0.6174057315278283,0.21475310893618166,0.7094594054499093,0.6544715447154471,0.5423635705315156,0.5439024390243903
21.0,0.95,0.050000000000000044,1.0,0.6174097036978059,0.21474784561613924,0.709595293478174,0.6544715447154471,0.5425626871334718,0.5439024390243903
21.0,0.75,0.25,1.0,0.6174206281780741,0.21476142124536182,0.7095819711224618,0.6536585365853659,0.5422960312320726,0.5439024390243903
21.0,1.0,0.0,1.0,0.6174269848088674,0.2147525726756757,0.7096059513627437,0.6544715447154471,0.5426278907036935,0.5439024390243903
21.0,0.7,0.30000000000000004,1.0,0.6174437705143891,0.21477305043293116,0.7096539118433078,0.6544715447154471,0.5422279095058161,0.5439024390243903
20.0,0.8,0.19999999999999996,1.0,0.6174972704330479,0.21478766459708729,0.709499372517046,0.6552845528455284,0.5423308643962457,0.5439024390243903
20.0,0.85,0.15000000000000002,1.0,0.6174972767053545,0.21478535176881972,0.7095153593439006,0.6552845528455284,0.5423955402303654,0.5439024390243903
20.0,0.9,0.09999999999999998,1.0,0.61750539725792,0.21478633295473262,0.7095686487667494,0.6528455284552845,0.5424596098468484,0.5439024390243903
20.0,0.75,0.25,1.0,0.6175054727461627,0.2147933009557556,0.7095633198244646,0.6536585365853659,0.5422655820325288,0.5439024390243903
20.0,0.95,0.050000000000000044,1.0,0.6175215394198693,0.21479057860622336,0.7095020369881884,0.6552845528455284,0.5425230737045021,0.5439024390243903
20.0,0.7,0.30000000000000004,1.0,0.6175219796066244,0.21480229032022033,0.7097258525641539,0.6536585365853659,0.5421996929751971,0.5439024390243903
20.0,1.0,0.0,1.0,0.6175456121323576,0.21479805915137962,0.7096885499681596,0.6544715447154471,0.5425859324076303,0.5439024390243903
