season,gameDate,gameId,homeTeam,awayTeam,homeWin,homeRatingBefore,awayRatingBefore,homeExpectedWinProb,awayExpectedWinProb,homeRatingChange,awayRatingChange,homeRatingAfter,awayRatingAfter,homePreGameWins,homePreGameLosses,awayPreGameWins,awayPreGameLosses,homePreGameWinPct,awayPreGameWinPct,standingsHomeWinProb
2024-25,2024-10-22,0022400061,BOS,NYK,1,1500.0,1500.0,0.550199353253537,0.44980064674646303,13.49401940239389,-13.49401940239389,1513.4940194023939,1486.5059805976061,0,0,0,0,0.5,0.5,0.5
2024-25,2024-10-22,0022400062,LAL,MIN,1,1500.0,1500.0,0.550199353253537,0.44980064674646303,13.49401940239389,-13.49401940239389,1513.4940194023939,1486.5059805976061,0,0,0,0,0.5,0.5,0.5
2024-25,2024-10-23,0022400063,DET,IND,0,1500.0,1500.0,0.550199353253537,0.44980064674646303,-16.505980597606108,16.505980597606108,1483.4940194023939,1516.5059805976061,0,0,0,0,0.5,0.5,0.5
2024-25,2024-10-23,0022400064,ATL,BKN,1,1500.0,1500.0,0.550199353253537,0.44980064674646303,13.49401940239389,-13.49401940239389,1513.4940194023939,1486.5059805976061,0,0,0,0,0.5,0.5,0.5
2024-25,2024-10-23,0022400065,MIA,ORL,0,1500.0,1500.0,0.550199353253537,0.44980064674646303,-16.505980597606108,16.505980597606108,1483.4940194023939,1516.5059805976061,0,0,0,0,0.5,0.5,0.5
2024-25,2024-10-23,0022400066,PHI,MIL,0,1500.0,1500.0,0.550199353253537,0.44980064674646303,-16.505980597606108,16.505980597606108,1483.4940194023939,1516.5059805976061,0,0,0,0,0.5,0.5,0.5
2024-25,2024-10-23,0022400067,TOR,CLE,0,1500.0,1500.0,0.550199353253537,0.44980064674646303,-16.505980597606108,16.505980597606108,1483.4940194023939,1516.5059805976061,0,0,0,0,0.5,0.5,0.5
2024-25,2024-10-23,0022400068,HOU,CHA,0,1500.0,1500.0,0.550199353253537,0.44980064674646303,-16.505980597606108,16.505980597606108,1483.4940194023939,1516.5059805976061,0,0,0,0,0.5,0.5,0.5
2024-25,2024-10-23,0022400069,NOP,CHI,1,1500.0,1500.0,0.550199353253537,0.44980064674646303,13.49401940239389,-13.49401940239389,1513.4940194023939,1486.5059805976061,0,0,0,0,0.5,0.5,0.5
2024-25,2024-10-23,0022400070,UTA,MEM,0,1500.0,1500.0,0.550199353253537,0.44980064674646303,-16.505980597606108,16.505980597606108,1483.4940194023939,1516.5059805976061,0,0,0,0,0.5,0.5,0.5
2024-25,2024-10-23,0022400071,LAC,PHX,0,1500.0,1500.0,0.550199353253537,0.44980064674646303,-16.505980597606108,16.505980597606108,1483.4940194023939,1516.5059805976061,0,0,0,0,0.5,0.5,0.5
2024-25,2024-10-23,0022400072,POR,GSW,0,1500.0,1500.0,0.550199353253537,0.44980064674646303,-16.505980597606108,16.505980597606108,1483.4940194023939,1516.5059805976061,0,0,0,0,0.5,0.5,0.5
2024-25,2024-10-24,0022400073,WAS,BOS,0,1500.0,1513.4940194023939,0.530910126558305,0.46908987344169495,-15.927303796749152,15.927303796749152,1484.0726962032509,1529.421323199143,0,0,1,0,0.5,1.0,0.3333333333333333
2024-25,2024-10-24,0022400074,DAL,SAS,1,1500.0,1500.0,0.550199353253537,0.44980064674646303,13.49401940239389,-13.49401940239389,1513.4940194023939,1486.5059805976061,0,0,0,0,0.5,0.5,0.5
2024-25,2024-10-24,0022400075,DEN,OKC,0,1500.0,1500.0,0.550199353253537,0.44980064674646303,-16.505980597606108,16.505980597606108,1483.4940194023939,1516.5059805976061,0,0,0,0,0.5,0.5,0.5
2024-25,2024-10-24,0022400076,SAC,MIN,0,1500.0,1486.5059805976061,0.5693388073621067,0.43066119263789326,-17.080164220863203,17.080164220863203,1482.9198357791367,1503.5861448184694,0,0,0,1,0.5,0.0,1.0
2024-25,2024-10-25,0022400077,ORL,BKN,1,1516.5059805976061,1486.5059805976061,0.5924662305843318,0.4075337694156682,12.226013082470047,-12.226013082470047,1528.7319936800761,1474.2799675151361,1,0,0,1,1.0,0.0,1.0
2024-25,2024-10-25,0022400078,TOR,PHI,1,1483.4940194023939,1483.4940194023939,0.550199353253537,0.44980064674646303,13.49401940239389,-13.49401940239389,1496.9880388047877,1470.0,0,1,0,1,0.0,0.0,0.5
2024-25,2024-10-25,0022400079,ATL,CHA,1,1513.4940194023939,1516.5059805976061,0.545904854384169,0.454095145615831,13.622854368474929,-13.622854368474929,1527.1168737708688,1502.8831262291312,1,0,1,0,1.0,1.0,0.5
2024-25,2024-10-25,0022400080,CLE,DET,1,1516.5059805976061,1483.4940194023939,0.5966457438341367,0.4033542561658633,12.1006276849759,-12.1006276849759,1528.606608282582,1471.393391717418,1,0,0,1,1.0,0.0,1.0
2024-25,2024-10-25,0022400081,NYK,IND,1,1486.5059805976061,1516.5059805976061,0.5071950817090514,0.49280491829094863,14.784147548728459,-14.784147548728459,1501.2901281463346,1501.7218330488777,0,1,1,0,0.0,1.0,0.0
2024-25,2024-10-25,0022400082,HOU,MEM,1,1483.4940194023939,1516.5059805976061,0.5028609865981779,0.4971390134018221,14.914170402054662,-14.914170402054662,1498.4081898044485,1501.5918101955515,0,1,1,0,0.0,1.0,0.0
2024-25,2024-10-25,0022400083,MIL,CHI,0,1516.5059805976061,1486.5059805976061,0.5924662305843318,0.4075337694156682,-17.773986917529953,17.773986917529953,1498.7319936800761,1504.2799675151361,1,0,0,1,1.0,0.0,1.0
2024-25,2024-10-25,0022400084,UTA,GSW,0,1483.4940194023939,1516.5059805976061,0.5028609865981779,0.4971390134018221,-15.085829597945338,15.085829597945338,1468.4081898044485,1531.5918101955515,0,1,1,0,0.0,1.0,0.0
2024-25,2024-10-25,0022400085,LAL,PHX,1,1513.4940194023939,1516.5059805976061,0.545904854384169,0.454095145615831,13.622854368474929,-13.622854368474929,1527.1168737708688,1502.8831262291312,1,0,1,0,1.0,1.0,0.5
2024-25,2024-10-25,0022400086,POR,NOP,0,1483.4940194023939,1513.4940194023939,0.5071950817090514,0.49280491829094863,-15.215852451271541,15.215852451271541,1468.2781669511223,1528.7098718536654,0,1,1,0,0.0,1.0,0.0
2024-25,2024-10-26,0022400087,DEN,LAC,0,1483.4940194023939,1483.4940194023939,0.550199353253537,0.44980064674646303,-16.505980597606108,16.505980597606108,1466.9880388047877,1500.0,0,1,0,1,0.0,0.0,0.5
2024-25,2024-10-26,0022400088,CHA,MIA,0,1502.8831262291312,1483.4940194023939,0.5776390387941175,0.4223609612058825,-17.329171163823524,17.329171163823524,1485.5539550653077,1500.8231905662174,1,1,0,1,0.5,0.0,1.0
2024-25,2024-10-26,0022400089,DET,BOS,0,1471.393391717418,1529.421323199143,0.4669085853372681,0.5330914146627319,-14.007257560118042,14.007257560118042,1457.3861341573,1543.428580759261,0,2,2,0,0.0,1.0,0.0
2024-25,2024-10-26,0022400090,WAS,CLE,0,1484.0726962032509,1528.606608282582,0.4862830403789692,0.5137169596210308,-14.588491211369076,14.588491211369076,1469.4842049918818,1543.1950994939511,0,1,2,0,0.0,1.0,0.0
2024-25,2024-10-26,0022400091,CHI,OKC,0,1504.2799675151361,1516.5059805976061,0.5327275422772164,0.4672724577227836,-15.981826268316492,15.981826268316492,1488.2981412468196,1532.4878068659227,1,1,1,0,0.5,1.0,0.3333333333333333
2024-25,2024-10-26,0022400092,MEM,ORL,1,1501.5918101955515,1528.7319936800761,0.5113092560275131,0.4886907439724869,14.660722319174607,-14.660722319174607,1516.252532514726,1514.0712713609016,1,1,2,0,0.5,1.0,0.3333333333333333
2024-25,2024-10-26,0022400093,MIN,TOR,1,1503.5861448184694,1496.9880388047877,0.5595800645081673,0.44041993549183267,13.21259806475498,-13.21259806475498,1516.7987428832243,1483.7754407400328,1,1,1,1,0.5,0.5,0.5
2024-25,2024-10-26,0022400094,SAS,HOU,1,1486.5059805976061,1498.4081898044485,0.5331915085972395,0.4668084914027605,14.004254742082814,-14.004254742082814,1500.510235339689,1484.4039350623657,0,1,1,1,0.0,0.5,0.0
2024-25,2024-10-26,0022400095,PHX,DAL,1,1502.8831262291312,1513.4940194023939,0.5350412076525772,0.46495879234742277,13.948763770422683,-13.948763770422683,1516.8318899995538,1499.5452556319713,1,1,1,0,0.5,1.0,0.3333333333333333
2024-25,2024-10-26,0022400096,LAL,SAC,1,1527.1168737708688,1482.9198357791367,0.6120398573879559,0.38796014261204415,11.638804278361324,-11.638804278361324,1538.75567804923,1471.2810315007755,2,0,0,1,1.0,0.0,1.0
2024-25,2024-10-27,0022400097,IND,PHI,0,1501.7218330488777,1470.0,0.5948571918543475,0.4051428081456525,-17.845715755630426,17.845715755630426,1483.8761172932473,1487.8457157556304,1,1,0,2,0.5,0.0,1.0
2024-25,2024-10-27,0022400098,BKN,MIL,1,1474.2799675151361,1498.7319936800761,0.5151750925644079,0.48482490743559215,14.544747223067764,-14.544747223067764,1488.824714738204,1484.1872464570083,0,2,1,1,0.0,0.5,0.0
2024-25,2024-10-27,0022400099,POR,NOP,1,1468.2781669511223,1528.7098718536654,0.46346606089295744,0.5365339391070425,16.096018173211274,-16.096018173211274,1484.3741851243335,1512.6138536804542,0,2,2,0,0.0,1.0,0.0
2024-25,2024-10-27,0022400100,OKC,ATL,1,1532.4878068659227,1527.1168737708688,0.5578383712037237,0.4421616287962763,13.26484886388829,-13.26484886388829,1545.752655729811,1513.8520249069804,2,0,2,0,1.0,1.0,0.5
2024-25,2024-10-27,0022400101,GSW,LAC,0,1531.5918101955515,1500.0,0.5946767957913875,0.40532320420861245,-17.840303873741625,17.840303873741625,1513.7515063218098,1517.8403038737417,2,0,1,1,1.0,0.5,0.6666666666666666
2024-25,2024-10-28,0022400102,ORL,IND,1,1514.0712713609016,1483.8761172932473,0.5927374466126558,0.4072625533873442,12.217876601620326,-12.217876601620326,1526.2891479625218,1471.658240691627,2,1,1,2,0.6666666666666666,0.3333333333333333,0.6666666666666666
2024-25,2024-10-28,0022400103,ATL,WAS,0,1513.8520249069804,1469.4842049918818,0.612273265822042,0.387726734177958,-18.36819797466126,18.36819797466126,1495.483826932319,1487.8524029665432,2,1,0,2,0.6666666666666666,0.0,1.0
2024-25,2024-10-28,0022400104,BOS,MIL,1,1543.428580759261,1484.1872464570083,0.6323930291003677,0.36760697089963235,11.02820912698897,-11.02820912698897,1554.45678988625,1473.1590373300194,3,0,1,2,1.0,0.3333333333333333,0.75
2024-25,2024-10-28,0022400105,MIA,DET,1,1500.8231905662174,1457.3861341573,0.6110005648465179,0.3889994351534821,11.669983054604463,-11.669983054604463,1512.4931736208218,1445.7161511026954,1,1,0,3,0.5,0.0,1.0
2024-25,2024-10-28,0022400106,NYK,CLE,0,1501.2901281463346,1543.1950994939511,0.4900642555479912,0.5099357444520087,-14.701927666439737,14.701927666439737,1486.5882004798948,1557.897027160391,1,1,3,0,0.5,1.0,0.3333333333333333
2024-25,2024-10-28,0022400107,TOR,DEN,0,1483.7754407400328,1466.9880388047877,0.5739809757282177,0.4260190242717823,-17.219429271846533,17.219429271846533,1466.5560114681862,1484.2074680766343,1,2,0,2,0.3333333333333333,0.0,1.0
2024-25,2024-10-28,0022400108,MEM,CHI,0,1516.252532514726,1488.2981412468196,0.5896199770863805,0.4103800229136195,-17.688599312591414,17.688599312591414,1498.5639332021346,1505.986740559411,2,1,1,2,0.6666666666666666,0.3333333333333333,0.6666666666666666
2024-25,2024-10-28,0022400109,SAS,HOU,0,1500.510235339689,1484.4039350623657,0.5730219736252083,0.42697802637479165,-17.19065920875625,17.19065920875625,1483.3195761309328,1501.5945942711219,1,1,1,2,0.5,0.3333333333333333,0.6000000000000001
2024-25,2024-10-28,0022400110,DAL,UTA,1,1499.5452556319713,1468.4081898044485,0.5940456744210657,0.4059543255789343,12.17862976736803,-12.17862976736803,1511.7238853993392,1456.2295600370805,1,1,0,2,0.5,0.0,1.0
2024-25,2024-10-28,0022400111,PHX,LAL,1,1516.8318899995538,1538.75567804923,0.5188093014329509,0.4811906985670491,14.435720957011473,-14.435720957011473,1531.2676109565652,1524.3199570922186,2,1,3,0,0.6666666666666666,1.0,0.4
2024-25,2024-10-28,0022400112,SAC,POR,1,1471.2810315007755,1484.3741851243335,0.5314847728102862,0.46851522718971383,14.055456815691414,-14.055456815691414,1485.336488316467,1470.318728308642,0,2,1,2,0.0,0.3333333333333333,0.0
2024-25,2024-10-29,0022400113,BKN,DEN,0,1488.824714738204,1484.2074680766343,0.5567679760278904,0.4432320239721096,-16.703039280836713,16.703039280836713,1472.1216754573672,1500.910507357471,1,2,1,2,0.3333333333333333,0.3333333333333333,0.5
2024-25,2024-10-29,0022400114,MIN,DAL,0,1516.7987428832243,1511.7238853993392,0.5574179443229861,0.4425820556770139,-16.722538329689584,16.722538329689584,1500.0762045535348,1528.4464237290288,2,1,2,1,0.6666666666666666,0.6666666666666666,0.5
2024-25,2024-10-29,0022400115,UTA,SAC,0,1456.2295600370805,1485.336488316467,0.5084799987279848,0.49152000127201523,-15.254399961839542,15.254399961839542,1440.975160075241,1500.5908882783065,0,3,1,2,0.0,0.3333333333333333,0.0
2024-25,2024-10-29,0022400116,GSW,NOP,1,1513.7515063218098,1512.6138536804542,0.5518195256409343,0.4481804743590657,13.445414230771972,-13.445414230771972,1527.1969205525818,1499.1684394496822,2,1,2,1,0.6666666666666666,0.6666666666666666,0.5
2024-25,2024-10-30,0022400117,CHA,TOR,1,1485.5539550653077,1466.5560114681862,0.5770895867749123,0.4229104132250877,12.687312396752631,-12.687312396752631,1498.2412674620603,1453.8686990714336,1,2,1,3,0.3333333333333333,0.25,0.5714285714285715
2024-25,2024-10-30,0022400118,CLE,LAL,1,1557.897027160391,1524.3199570922186,0.5974283695513445,0.4025716304486555,12.077148913459666,-12.077148913459666,1569.9741760738507,1512.2428081787589,4,0,3,1,1.0,0.75,0.5714285714285714
2024-25,2024-10-30,0022400119,IND,BOS,1,1471.658240691627,1554.45678988625,0.43164307791542933,0.5683569220845707,17.05070766253712,-17.05070766253712,1488.7089483541642,1537.4060822237127,1,3,4,0,0.25,1.0,0.2
2024-25,2024-10-30,0022400120,PHI,DET,0,1487.8457157556304,1445.7161511026954,0.609210180922644,0.390789819077356,-18.27630542767932,18.27630542767932,1469.5694103279511,1463.9924565303747,1,2,0,4,0.3333333333333333,0.0,1.0
2024-25,2024-10-30,0022400121,WAS,ATL,1,1487.8524029665432,1495.483826932319,0.539305281558688,0.46069471844131205,13.820841553239362,-13.820841553239362,1501.6732445197827,1481.6629853790796,1,2,2,2,0.3333333333333333,0.5,0.4
2024-25,2024-10-30,0022400122,MIA,NYK,0,1512.4931736208218,1486.5882004798948,0.5867623928326464,0.4132376071673536,-17.602871784979392,17.602871784979392,1494.8903018358424,1504.1910722648743,2,1,1,2,0.6666666666666666,0.3333333333333333,0.6666666666666666
2024-25,2024-10-30,0022400123,CHI,ORL,1,1505.986740559411,1526.2891479625218,0.5211389277923799,0.4788610722076201,14.365832166228603,-14.365832166228603,1520.3525727256394,1511.9233157962933,2,2,3,1,0.5,0.75,0.4
2024-25,2024-10-30,0022400124,MEM,BKN,0,1498.5639332021346,1472.1216754573672,0.5875121235962628,0.4124878764037372,-17.625363707887885,17.625363707887885,1480.9385694942468,1489.747039165255,2,2,1,3,0.5,0.25,0.6666666666666666
2024-25,2024-10-30,0022400125,OKC,SAS,1,1545.752655729811,1483.3195761309328,0.6366537925166184,0.36334620748338164,10.90038622450145,-10.90038622450145,1556.6530419543126,1472.4191899064313,3,0,1,2,1.0,0.3333333333333333,0.75
2024-25,2024-10-30,0022400126,GSW,NOP,1,1527.1969205525818,1499.1684394496822,0.5897231714838863,0.4102768285161137,12.30830485548341,-12.30830485548341,1539.5052254080651,1486.8601345941988,3,1,2,2,0.75,0.5,0.6
2024-25,2024-10-30,0022400127,LAC,POR,0,1517.8403038737417,1470.318728308642,0.6165741581892512,0.3834258418107488,-18.497224745677535,18.497224745677535,1499.3430791280641,1488.8159530543196,2,1,1,3,0.6666666666666666,0.25,0.7272727272727273
2024-25,2024-10-31,0022400128,MEM,MIL,1,1480.9385694942468,1473.1590373300194,0.5612554465993194,0.43874455340068064,13.162336602020419,-13.162336602020419,1494.1009060962672,1459.996700727999,2,3,1,3,0.4,0.25,0.6153846153846154
2024-25,2024-10-31,0022400129,DAL,HOU,0,1528.4464237290288,1501.5945942711219,0.5880833705213965,0.4119166294786035,-17.642501115641895,17.642501115641895,1510.803922613387,1519.2370953867637,3,1,2,2,0.75,0.5,0.6
2024-25,2024-10-31,0022400130,UTA,SAS,0,1440.975160075241,1472.4191899064313,0.5051172737561603,0.49488272624383967,-15.15351821268481,15.15351821268481,1425.8216418625564,1487.572708119116,0,4,1,3,0.0,0.25,0.0
2024-25,2024-10-31,0022400131,LAC,PHX,0,1499.3430791280641,1531.2676109565652,0.5044258388817067,0.49557416111829333,-15.1327751664512,15.1327751664512,1484.210303961613,1546.4003861230165,2,2,3,1,0.5,0.75,0.4
2024-25,2024-11-01,0022400132,CHA,BOS,0,1498.2412674620603,1537.4060822237127,0.49400663682931273,0.5059933631706872,-14.820199104879382,14.820199104879382,1483.421068357181,1552.226281328592,2,2,4,1,0.5,0.8,0.3846153846153846
2024-25,2024-11-01,0022400133,CLE,ORL,1,1569.9741760738507,1511.9233157962933,0.6307984761796402,0.36920152382035976,11.076045714610792,-11.076045714610792,1581.0502217884614,1500.8472700816826,5,0,3,2,1.0,0.6,0.625
2024-25,2024-11-01,0022400134,DET,NYK,0,1463.9924565303747,1504.1910722648743,0.4925191488434469,0.5074808511565532,-14.775574465303407,14.775574465303407,1449.2168820650713,1518.9666467301777,1,4,2,2,0.2,0.5,0.28571428571428575
2024-25,2024-11-01,0022400135,ATL,SAC,0,1481.6629853790796,1500.5908882783065,0.5231131226448805,0.4768868773551195,-15.693393679346416,15.693393679346416,1465.9695916997332,1516.2842819576529,2,3,2,2,0.4,0.5,0.4444444444444445
2024-25,2024-11-01,0022400136,BKN,CHI,1,1489.747039165255,1520.3525727256394,0.5063238083497188,0.4936761916502812,14.810285749508436,-14.810285749508436,1504.5573249147635,1505.542286976131,2,3,3,2,0.4,0.6,0.4
2024-25,2024-11-01,0022400137,TOR,LAL,0,1453.8686990714336,1512.2428081787589,0.4664126107112198,0.5335873892887801,-13.992378321336595,13.992378321336595,1439.876320750097,1526.2351865000956,1,4,3,2,0.2,0.6,0.25
2024-25,2024-11-01,0022400138,NOP,IND,1,1486.8601345941988,1488.7089483541642,0.5475641325310031,0.4524358674689969,13.573076024069907,-13.573076024069907,1500.4332106182687,1475.1358723300943,2,3,2,3,0.4,0.4,0.5
2024-25,2024-11-01,0022400139,MIN,DEN,1,1500.0762045535348,1500.910507357471,0.5490105131880634,0.4509894868119366,13.5296846043581,-13.5296846043581,1513.605889157893,1487.3808227531129,2,2,2,2,0.5,0.5,0.5
2024-25,2024-11-01,0022400140,POR,OKC,0,1488.8159530543196,1556.6530419543126,0.45288383775495744,0.5471161622450426,-13.586515132648723,13.586515132648723,1475.229437921671,1570.2395570869612,2,3,4,0,0.4,1.0,0.28571428571428575
2024-25,2024-11-02,0022400141,CHA,BOS,0,1483.421068357181,1552.226281328592,0.4515033329012153,0.5484966670987848,-13.545099987036458,13.545099987036458,1469.8759683701444,1565.7713813156286,2,3,5,1,0.4,0.8333333333333334,0.32432432432432434
2024-25,2024-11-02,0022400142,PHI,MEM,0,1469.5694103279511,1494.1009060962672,0.5150608311669789,0.48493916883302113,-15.451824935009366,15.451824935009366,1454.1175853929417,1509.5527310312766,1,3,3,3,0.25,0.5,0.3333333333333333
2024-25,2024-11-02,0022400143,TOR,SAC,1,1439.876320750097,1516.2842819576529,0.4406897079734531,0.5593102920265469,16.779308760796408,-16.779308760796408,1456.6556295108933,1499.5049731968566,1,5,3,2,0.16666666666666666,0.6,0.21739130434782608
2024-25,2024-11-02,0022400144,HOU,GSW,0,1519.2370953867637,1539.5052254080651,0.5211881685328653,0.4788118314671347,-15.63564505598596,15.63564505598596,1503.6014503307777,1555.1408704640512,3,2,4,1,0.6,0.8,0.4285714285714286
2024-25,2024-11-02,0022400145,MIL,CLE,0,1459.996700727999,1581.0502217884614,0.37863078951463364,0.6213692104853663,-11.35892368543901,11.35892368543901,1448.63777704256,1592.4091454739005,1,4,6,0,0.2,1.0,0.16666666666666669
2024-25,2024-11-02,0022400146,SAS,MIN,1,1487.572708119116,1513.605889157893,0.5129014254495505,0.48709857455044947,14.612957236513484,-14.612957236513484,1502.1856653556295,1498.9929319213795,2,3,3,2,0.4,0.6,0.4
2024-25,2024-11-02,0022400147,WAS,MIA,0,1501.6732445197827,1494.8903018358424,0.5598422722226964,0.44015772777730355,-16.795268166680895,16.795268166680895,1484.8779763531018,1511.6855700025233,2,2,2,2,0.5,0.5,0.5
2024-25,2024-11-02,0022400148,DEN,UTA,1,1487.3808227531129,1425.8216418625564,0.6354892951872047,0.36451070481279535,10.93532114438386,-10.93532114438386,1498.3161438974967,1414.8863207181726,2,3,0,5,0.4,0.0,1.0
2024-25,2024-11-02,0022400149,PHX,POR,1,1546.4003861230165,1475.229437921671,0.648207444951368,0.35179255504863205,10.55377665145896,-10.55377665145896,1556.9541627744754,1464.675661270212,4,1,2,4,0.8,0.3333333333333333,0.7058823529411765
2024-25,2024-11-02,0022400150,LAC,OKC,0,1484.210303961613,1570.2395570869612,0.427086544716149,0.5729134552838511,-12.81259634148447,12.81259634148447,1471.3977076201284,1583.0521534284458,2,3,5,0,0.4,1.0,0.28571428571428575
2024-25,2024-11-03,0022400151,BKN,DET,0,1504.5573249147635,1449.2168820650713,0.6271574452132544,0.37284255478674555,-18.814723356397632,18.814723356397632,1485.7426015583658,1468.031605421469,3,3,1,5,0.5,0.16666666666666666,0.75
2024-25,2024-11-03,0022400152,NOP,ATL,0,1500.4332106182687,1465.9695916997332,0.598655160464857,0.401344839535143,-17.95965481394571,17.95965481394571,1482.473555804323,1483.929246513679,3,3,2,4,0.5,0.3333333333333333,0.6000000000000001
2024-25,2024-11-03,0022400153,DAL,ORL,1,1510.803922613387,1500.8472700816826,0.564339142132002,0.435660857867998,13.06982573603994,-13.06982573603994,1523.873748349427,1487.7774443456426,3,2,3,3,0.6,0.5,0.5454545454545454
2024-25,2024-11-04,0022400154,CLE,MIL,1,1592.4091454739005,1448.63777704256,0.7367395749699954,0.2632604250300046,7.897812750900137,-7.897812750900137,1600.3069582248006,1440.7399642916598,7,0,1,5,1.0,0.16666666666666666,0.8571428571428571
2024-25,2024-11-04,0022400155,WAS,GSW,0,1484.8779763531018,1555.1408704640512,0.4494261538090595,0.5505738461909405,-13.482784614271784,13.482784614271784,1471.39519173883,1568.623655078323,2,3,5,1,0.4,0.8333333333333334,0.32432432432432434
2024-25,2024-11-04,0022400156,DET,LAL,1,1468.031605421469,1526.2351865000956,0.4666569209085969,0.5333430790914031,16.000292372742095,-16.000292372742095,1484.031897794211,1510.2348941273535,2,5,4,2,0.2857142857142857,0.6666666666666666,0.3
2024-25,2024-11-04,0022400157,ATL,BOS,0,1483.929246513679,1565.7713813156286,0.43299424828234884,0.5670057517176512,-12.989827448470464,12.989827448470464,1470.9394190652083,1578.7612087640991,3,4,6,1,0.42857142857142855,0.8571428571428571,0.33333333333333337
2024-25,2024-11-04,0022400158,BKN,MEM,1,1485.7426015583658,1509.5527310312766,0.5160979524536893,0.4839020475463107,14.517061426389322,-14.517061426389322,1500.259662984755,1495.0356696048873,3,4,4,3,0.42857142857142855,0.5714285714285714,0.42857142857142855
2024-25,2024-11-04,0022400159,MIA,SAC,0,1511.6855700025233,1499.5049731968566,0.5674840274874969,0.43251597251250307,-17.024520824624908,17.024520824624908,1494.6610491778983,1516.5294940214815,3,2,3,3,0.6,0.5,0.5454545454545454
2024-25,2024-11-04,0022400160,CHI,UTA,0,1505.542286976131,1414.8863207181726,0.6733407387862502,0.3266592612137498,-20.200222163587508,20.200222163587508,1485.3420648125434,1435.0865428817601,3,3,0,6,0.5,0.0,1.0
2024-25,2024-11-04,0022400161,HOU,NYK,1,1503.6014503307777,1518.9666467301777,0.528226710257857,0.47177328974214305,14.153198692264292,-14.153198692264292,1517.754649023042,1504.8134480379133,3,3,3,2,0.5,0.6,0.45454545454545453
2024-25,2024-11-04,0022400162,MIN,CHA,1,1498.9929319213795,1469.8759683701444,0.591238325576761,0.40876167442323896,12.262850232697168,-12.262850232697168,1511.2557821540768,1457.6131181374471,3,3,2,4,0.5,0.3333333333333333,0.6000000000000001
2024-25,2024-11-04,0022400163,OKC,ORL,1,1583.0521534284458,1487.7774443456426,0.6791615958818956,0.3208384041181044,9.625152123543131,-9.625152123543131,1592.6773055519889,1478.1522922220995,6,0,3,4,1.0,0.42857142857142855,0.7
2024-25,2024-11-04,0022400164,NOP,POR,0,1482.473555804323,1464.675661270212,0.575402738862568,0.424597261137432,-17.26208216587704,17.26208216587704,1465.211473638446,1481.937743436089,3,4,2,5,0.42857142857142855,0.2857142857142857,0.6000000000000001
2024-25,2024-11-04,0022400165,DAL,IND,0,1523.873748349427,1475.1358723300943,0.6182280502542387,0.38177194974576134,-18.54684150762716,18.54684150762716,1505.3269068417999,1493.6827138377214,4,2,2,4,0.6666666666666666,0.3333333333333333,0.6666666666666666
2024-25,2024-11-04,0022400166,DEN,TOR,1,1498.3161438974967,1456.6556295108933,0.6085671774842405,0.3914328225157595,11.742984675472785,-11.742984675472785,1510.0591285729695,1444.9126448354205,3,3,2,5,0.5,0.2857142857142857,0.6363636363636364
2024-25,2024-11-04,0022400167,PHX,PHI,1,1556.9541627744754,1454.1175853929417,0.6885718723798105,0.31142812762018945,9.342843828605684,-9.342843828605684,1566.2970066030812,1444.774741564336,5,1,1,4,0.8333333333333334,0.2,0.8064516129032258
2024-25,2024-11-04,0022400168,LAC,SAS,1,1471.3977076201284,1502.1856653556295,0.5060613191341228,0.4939386808658772,14.818160425976316,-14.818160425976316,1486.2158680461048,1487.367504929653,2,4,3,3,0.3333333333333333,0.5,0.4
2024-25,2024-11-06,0022400169,CHA,DET,1,1457.6131181374471,1484.031897794211,0.5123468582367849,0.48765314176321506,14.629594252896451,-14.629594252896451,1472.2427123903435,1469.4023035413147,2,5,3,5,0.2857142857142857,0.375,0.4324324324324324
2024-25,2024-11-06,0022400170,IND,ORL,1,1493.6827138377214,1478.1522922220995,0.5722106983693335,0.42778930163066653,12.833679048919995,-12.833679048919995,1506.5163928866414,1465.3186131731795,3,4,3,5,0.42857142857142855,0.375,0.5333333333333333
2024-25,2024-11-06,0022400171,ATL,NYK,1,1470.9394190652083,1504.8134480379133,0.5016203968912133,0.4983796031087867,14.951388093263601,-14.951388093263601,1485.890807158472,1489.8620599446497,3,5,3,3,0.375,0.5,0.42857142857142855
2024-25,2024-11-06,0022400172,BOS,GSW,0,1578.7612087640991,1568.623655078323,0.5645951519465383,0.4354048480534617,-16.93785455839615,16.93785455839615,1561.823354205703,1585.5615096367192,7,1,6,1,0.875,0.8571428571428571,0.5051546391752577
2024-25,2024-11-06,0022400173,HOU,SAS,1,1517.754649023042,1487.367504929653,0.5930042102653302,0.40699578973466977,12.209873692040093,-12.209873692040093,1529.964522715082,1475.157631237613,4,3,3,4,0.5714285714285714,0.42857142857142855,0.5714285714285714
2024-25,2024-11-06,0022400174,MEM,LAL,1,1495.0356696048873,1510.2348941273535,0.5284647953291431,0.47153520467085686,14.146056140125706,-14.146056140125706,1509.181725745013,1496.0888379872279,4,4,4,3,0.5,0.5714285714285714,0.4666666666666667
2024-25,2024-11-06,0022400175,NOP,CLE,0,1465.211473638446,1600.3069582248006,0.3598083797965926,0.6401916202034075,-10.794251393897778,10.794251393897778,1454.4172222445482,1611.1012096186985,3,5,8,0,0.375,1.0,0.2727272727272727
2024-25,2024-11-06,0022400176,DAL,CHI,1,1505.3269068417999,1485.3420648125434,0.578475475776211,0.42152452422378905,12.64573572671367,-12.64573572671367,1517.9726425685135,1472.6963290858298,4,3,3,4,0.5714285714285714,0.42857142857142855,0.5714285714285714
2024-25,2024-11-06,0022400177,DEN,OKC,1,1510.0591285729695,1592.6773055519889,0.431897820797541,0.568102179202459,17.04306537607377,-17.04306537607377,1527.1021939490433,1575.634240175915,4,3,7,0,0.5714285714285714,1.0,0.36363636363636365
2024-25,2024-11-06,0022400178,PHX,MIA,1,1566.2970066030812,1494.6610491778983,0.6488176072990451,0.35118239270095486,10.535471781028646,-10.535471781028646,1576.83247838411,1484.1255773968696,6,1,3,3,0.8571428571428571,0.5,0.631578947368421
2024-25,2024-11-06,0022400179,LAC,PHI,1,1486.2158680461048,1444.774741564336,0.6082662972663259,0.39173370273367414,11.752011082010224,-11.752011082010224,1497.967879128115,1433.0227304823256,3,4,1,5,0.42857142857142855,0.16666666666666666,0.72
2024-25,2024-11-06,0022400180,SAC,TOR,1,1516.5294940214815,1444.9126448354205,0.6487925439654845,0.35120745603451553,10.536223681035466,-10.536223681035466,1527.0657177025168,1434.376421154385,4,3,2,6,0.5714285714285714,0.25,0.6956521739130435
2024-25,2024-11-07,0022400181,CHI,MIN,0,1472.6963290858298,1511.2557821540768,0.49487771447416906,0.5051222855258309,-14.846331434225071,14.846331434225071,1457.8499976516048,1526.1021135883018,3,5,4,3,0.375,0.5714285714285714,0.39622641509433965
2024-25,2024-11-07,0022400182,MIL,UTA,1,1440.7399642916598,1435.0865428817601,0.5582394268919354,0.4417605731080646,13.252817193241938,-13.252817193241938,1453.9927814849018,1421.8337256885181,1,6,1,6,0.14285714285714285,0.14285714285714285,0.5
2024-25,2024-11-07,0022400183,SAS,POR,1,1475.157631237613,1481.937743436089,0.5405226098831343,0.4594773901168657,13.784321703505972,-13.784321703505972,1488.941952941119,1468.153421732583,3,5,3,5,0.375,0.375,0.5
2024-25,2024-11-08,0022400184,CHA,IND,1,1472.2427123903435,1506.5163928866414,0.5010452562660561,0.4989547437339439,14.968642312018316,-14.968642312018316,1487.2113547023619,1491.547750574623,3,5,4,4,0.375,0.5,0.42857142857142855
2024-25,2024-11-08,0022400185,DET,ATL,1,1469.4023035413147,1485.890807158472,0.5266150046556061,0.47338499534439393,14.201549860331818,-14.201549860331818,1483.6038534016466,1471.68925729814,3,6,4,5,0.3333333333333333,0.4444444444444444,0.4285714285714286
2024-25,2024-11-08,0022400186,ORL,NOP,1,1465.3186131731795,1454.4172222445482,0.5656757468121494,0.4343242531878506,13.029727595635519,-13.029727595635519,1478.348340768815,1441.3874946489127,3,6,3,6,0.3333333333333333,0.3333333333333333,0.5
2024-25,2024-11-08,0022400187,BOS,BKN,1,1561.823354205703,1500.259662984755,0.6354953094313203,0.36450469056867973,10.935140717060392,-10.935140717060392,1572.7584949227635,1489.3245222676946,7,2,4,4,0.7777777777777778,0.5,0.6086956521739131
2024-25,2024-11-08,0022400188,CLE,GSW,1,1611.1012096186985,1585.5615096367192,0.5862524580407473,0.4137475419592527,12.41242625877758,-12.41242625877758,1623.513635877476,1573.1490833779417,9,0,7,1,1.0,0.875,0.5333333333333333
2024-25,2024-11-08,0022400189,NYK,MIL,1,1489.8620599446497,1453.9927814849018,0.6005977513095544,0.3994022486904456,11.982067460713369,-11.982067460713369,1501.844127405363,1442.0107140241885,3,4,2,6,0.42857142857142855,0.25,0.631578947368421
2024-25,2024-11-08,0022400190,DAL,PHX,0,1517.9726425685135,1576.83247838411,0.46571681386457775,0.5342831861354223,-13.971504415937332,13.971504415937332,1504.0011381525762,1590.8039828000472,5,3,7,1,0.625,0.875,0.4166666666666667
2024-25,2024-11-08,0022400191,MEM,WAS,1,1509.181725745013,1471.39519173883,0.6032422514399248,0.3967577485600752,11.902732456802255,-11.902732456802255,1521.0844582018153,1459.4924592820275,5,4,2,4,0.5555555555555556,0.3333333333333333,0.6250000000000001
2024-25,2024-11-08,0022400192,OKC,HOU,1,1575.634240175915,1529.964522715082,0.6140508748679625,0.3859491251320375,11.578473753961125,-11.578473753961125,1587.2127139298761,1518.3860489611209,7,1,5,3,0.875,0.625,0.5833333333333334
2024-25,2024-11-08,0022400193,MIN,POR,1,1526.1021135883018,1468.153421732583,0.6306614953159396,0.3693385046840604,11.08015514052181,-11.08015514052181,1537.1822687288236,1457.0732665920611,5,3,3,6,0.625,0.3333333333333333,0.6521739130434783
2024-25,2024-11-08,0022400194,DEN,MIA,1,1527.1021939490433,1484.1255773968696,0.6103704108033252,0.3896295891966748,11.688887675900244,-11.688887675900244,1538.7910816249437,1472.4366897209693,5,3,3,4,0.625,0.42857142857142855,0.5932203389830508
2024-25,2024-11-08,0022400195,LAL,PHI,1,1496.0888379872279,1433.0227304823256,0.6374963233906886,0.3625036766093114,10.875110298279342,-10.875110298279342,1506.9639482855073,1422.1476201840462,4,4,1,6,0.5,0.14285714285714285,0.7777777777777779
2024-25,2024-11-08,0022400196,SAC,LAC,0,1527.0657177025168,1497.967879128115,0.5912117187106067,0.40878828128939326,-17.7363515613182,17.7363515613182,1509.3293661411985,1515.7042306894332,5,3,4,4,0.625,0.5,0.5555555555555556
2024-25,2024-11-09,0022400197,SAS,UTA,0,1488.941952941119,1421.8337256885181,0.6428561188671638,0.35714388113283624,-19.285683566014914,19.285683566014914,1469.656269375104,1441.1194092545331,4,5,1,7,0.4444444444444444,0.125,0.7804878048780488
2024-25,2024-11-09,0022400198,ATL,CHI,0,1471.68925729814,1457.8499976516048,0.5698260257307551,0.43017397426924486,-17.094780771922654,17.094780771922654,1454.5944765262175,1474.9447784235274,4,6,3,6,0.4,0.3333333333333333,0.5454545454545454
2024-25,2024-11-09,0022400199,CLE,BKN,1,1623.513635877476,1489.3245222676946,0.7259023013223441,0.2740976986776559,8.222930960329677,-8.222930960329677,1631.7365668378056,1481.101591307365,10,0,4,5,1.0,0.4444444444444444,0.6923076923076923
2024-25,2024-11-09,0022400200,LAC,TOR,1,1515.7042306894332,1434.376421154385,0.6614218055588091,0.33857819444119086,10.157345833235725,-10.157345833235725,1525.8615765226689,1424.2190753211494,5,4,2,7,0.5555555555555556,0.2222222222222222,0.7142857142857143
2024-25,2024-11-10,0022400201,DET,HOU,0,1483.6038534016466,1518.3860489611209,0.5003134457451534,0.49968655425484665,-15.009403372354601,15.009403372354601,1468.594450029292,1533.3954523334755,4,6,5,4,0.4,0.5555555555555556,0.4186046511627907
2024-25,2024-11-10,0022400202,MIL,BOS,0,1442.0107140241885,1572.7584949227635,0.365593343045145,0.634406656954855,-10.96780029135435,10.96780029135435,1431.0429137328342,1583.7262952141177,2,7,8,2,0.2222222222222222,0.8,0.21739130434782608
2024-25,2024-11-10,0022400203,IND,NYK,1,1491.547750574623,1501.844127405363,0.5354915812680031,0.4645084187319969,13.935252561959906,-13.935252561959906,1505.483003136583,1487.908874843403,4,5,4,4,0.4444444444444444,0.5,0.47058823529411764
2024-25,2024-11-10,0022400204,ORL,WAS,1,1478.348340768815,1459.4924592820275,0.576889990270431,0.423110009729569,12.69330029188707,-12.69330029188707,1491.041641060702,1446.7991589901405,4,6,2,5,0.4,0.2857142857142857,0.5833333333333334
2024-25,2024-11-10,0022400205,PHI,CHA,1,1422.1476201840462,1487.2113547023619,0.4568424685430651,0.5431575314569349,16.29472594370805,-16.29472594370805,1438.4423461277543,1470.9166287586538,1,7,4,5,0.125,0.4444444444444444,0.21951219512195122
2024-25,2024-11-10,0022400206,MIN,MIA,0,1537.1822687288236,1472.4366897209693,0.6397275215293278,0.36027247847067223,-19.191825645879835,19.191825645879835,1517.9904430829438,1491.6285153668491,6,3,3,5,0.6666666666666666,0.375,0.64
2024-25,2024-11-10,0022400207,OKC,GSW,0,1587.2127139298761,1573.1490833779417,0.5701425954890645,0.42985740451093546,-17.104277864671936,17.104277864671936,1570.1084360652042,1590.2533612426137,8,1,7,2,0.8888888888888888,0.7777777777777778,0.5333333333333333
2024-25,2024-11-10,0022400208,DEN,DAL,1,1538.7910816249437,1504.0011381525762,0.5991064125895548,0.40089358741044523,12.026807622313356,-12.026807622313356,1550.817889247257,1491.974330530263,6,3,5,4,0.6666666666666666,0.5555555555555556,0.5454545454545454
2024-25,2024-11-10,0022400209,PHX,SAC,0,1590.8039828000472,1509.3293661411985,0.6616110316656566,0.3383889683343434,-19.848330949969696,19.848330949969696,1570.9556518500774,1529.1776970911683,8,1,5,4,0.8888888888888888,0.5555555555555556,0.6153846153846153
2024-25,2024-11-10,0022400210,POR,MEM,0,1457.0732665920611,1521.0844582018153,0.4583463029989546,0.5416536970010454,-13.750389089968639,13.750389089968639,1443.3228775020925,1534.834847291784,3,7,6,4,0.3,0.6,0.33333333333333337
2024-25,2024-11-10,0022400211,LAL,TOR,1,1506.9639482855073,1424.2190753211494,0.6632461573588778,0.3367538426411222,10.102615279233666,-10.102615279233666,1517.066563564741,1414.1164600419156,5,4,2,8,0.5555555555555556,0.2,0.7352941176470589
2024-25,2024-11-11,0022400212,CHI,CLE,0,1474.9447784235274,1631.7365668378056,0.3315706292484073,0.6684293707515927,-9.947118877452219,9.947118877452219,1464.9976595460753,1641.6836857152578,4,6,11,0,0.4,1.0,0.28571428571428575
2024-25,2024-11-11,0022400213,HOU,WAS,1,1533.3954523334755,1446.7991589901405,0.668179908196051,0.331820091803949,9.95460275411847,-9.95460275411847,1543.350055087594,1436.844556236022,6,4,2,6,0.6,0.25,0.7058823529411765
2024-25,2024-11-11,0022400214,NOP,BKN,0,1441.3874946489127,1481.101591307365,0.4932162858506934,0.5067837141493066,-14.7964885755208,14.7964885755208,1426.591006073392,1495.8980798828857,3,7,4,6,0.3,0.4,0.4285714285714286
2024-25,2024-11-11,0022400215,OKC,LAC,1,1570.1084360652042,1525.8615765226689,0.6121079540457259,0.38789204595427407,11.636761378628222,-11.636761378628222,1581.7451974438325,1514.2248151440406,8,2,6,4,0.8,0.6,0.5714285714285715
2024-25,2024-11-11,0022400216,SAS,SAC,1,1469.656269375104,1529.1776970911683,0.4647693076283401,0.5352306923716599,16.056920771149798,-16.056920771149798,1485.713190146254,1513.1207763200184,4,6,6,4,0.4,0.6,0.4
2024-25,2024-11-12,0022400001,BOS,ATL,0,1583.7262952141177,1454.5944765262175,0.7200719834163054,0.2799280165836946,-21.60215950248916,21.60215950248916,1562.1241357116285,1476.1966360287067,9,2,4,7,0.8181818181818182,0.36363636363636365,0.6923076923076923
2024-25,2024-11-12,0022400002,DET,MIA,1,1468.594450029292,1491.6285153668491,0.5172135587407821,0.4827864412592179,14.483593237776537,-14.483593237776537,1483.0780432670686,1477.1449221290725,4,7,4,5,0.36363636363636365,0.4444444444444444,0.45
2024-25,2024-11-12,0022400003,ORL,CHA,1,1491.041641060702,1470.9166287586538,0.578672215425204,0.421327784574796,12.63983353724388,-12.63983353724388,1503.681474597946,1458.2767952214099,5,6,4,6,0.45454545454545453,0.4,0.5319148936170213
2024-25,2024-11-12,0022400004,PHI,NYK,0,1438.4423461277543,1487.908874843403,0.4791930147816349,0.5208069852183651,-14.375790443449047,14.375790443449047,1424.0665556843053,1502.284665286852,2,7,4,5,0.2222222222222222,0.4444444444444444,0.3333333333333333
2024-25,2024-11-12,0022400005,MIL,TOR,1,1431.0429137328342,1414.1164600419156,0.5741766946998559,0.4258233053001441,12.774699159004324,-12.774699159004324,1443.8176128918385,1401.3417608829113,2,8,2,9,0.2,0.18181818181818182,0.5238095238095238
2024-25,2024-11-12,0022400006,UTA,PHX,0,1441.1194092545331,1570.9556518500774,0.3668112161325208,0.6331887838674792,-11.004336483975624,11.004336483975624,1430.1150727705576,1581.959988334053,2,7,8,2,0.2222222222222222,0.8,0.21739130434782608
2024-25,2024-11-12,0022400007,GSW,DAL,1,1590.2533612426137,1491.974330530263,0.6829183020800109,0.3170816979199891,9.512450937599672,-9.512450937599672,1599.7658121802133,1482.4618795926633,8,2,5,5,0.8,0.5,0.6153846153846154
2024-25,2024-11-12,0022400008,POR,MIN,1,1443.3228775020925,1517.9904430829438,0.4431605438580255,0.5568394561419745,16.705183684259236,-16.705183684259236,1460.0280611863518,1501.2852593986845,3,8,6,4,0.2727272727272727,0.6,0.3125
2024-25,2024-11-13,0022400217,ORL,IND,1,1503.681474597946,1505.483003136583,0.5476315647603014,0.4523684352396986,13.571053057190959,-13.571053057190959,1517.2525276551369,1491.911950079392,6,6,5,5,0.5,0.5,0.5
2024-25,2024-11-13,0022400218,BKN,BOS,0,1495.8980798828857,1562.1241357116285,0.45518270139504385,0.5448172986049562,-13.655481041851315,13.655481041851315,1482.2425988410344,1575.7796167534798,5,6,9,3,0.45454545454545453,0.75,0.3773584905660377
2024-25,2024-11-13,0022400219,NYK,CHI,0,1502.284665286852,1464.9976595460753,0.602553818590559,0.397446181409441,-18.07661455771677,18.07661455771677,1484.2080507291353,1483.074274103792,5,5,4,7,0.5,0.36363636363636365,0.5789473684210527
2024-25,2024-11-13,0022400220,PHI,CLE,0,1424.0665556843053,1641.6836857152578,0.2589892258630091,0.7410107741369909,-7.769676775890273,7.769676775890273,1416.296878908415,1649.453362491148,2,8,12,0,0.2,1.0,0.16666666666666669
2024-25,2024-11-13,0022400221,OKC,NOP,1,1581.7451974438325,1426.591006073392,0.7492498565944856,0.2507501434055144,7.522504302165432,-7.522504302165432,1589.267701745998,1419.0685017712265,9,2,3,8,0.8181818181818182,0.2727272727272727,0.7500000000000001
2024-25,2024-11-13,0022400222,HOU,LAC,1,1543.350055087594,1514.2248151440406,0.5912498396139093,0.4087501603860907,12.26250481158272,-12.26250481158272,1555.6125598991766,1501.962310332458,7,4,6,5,0.6363636363636364,0.5454545454545454,0.5384615384615385
2024-25,2024-11-13,0022400223,MIL,DET,1,1443.8176128918385,1483.0780432670686,0.4938690551284553,0.5061309448715448,15.183928346146342,-15.183928346146342,1459.0015412379848,1467.8941149209222,3,8,5,7,0.2727272727272727,0.4166666666666667,0.39560439560439553
2024-25,2024-11-13,0022400224,SAS,WAS,1,1485.713190146254,1436.844556236022,0.6184056889841071,0.3815943110158929,11.447829330476788,-11.447829330476788,1497.1610194767306,1425.3967269055454,5,6,2,7,0.45454545454545453,0.2222222222222222,0.6716417910447762
2024-25,2024-11-13,0022400225,LAL,MEM,1,1517.066563564741,1534.834847291784,0.5247781196543415,0.4752218803456585,14.256656410369754,-14.256656410369754,1531.3232199751108,1520.5781908814142,6,4,7,4,0.6,0.6363636363636364,0.4852941176470588
2024-25,2024-11-13,0022400226,POR,MIN,1,1460.0280611863518,1501.2852593986845,0.490996141360375,0.509003858639625,15.270115759188752,-15.270115759188752,1475.2981769455405,1486.0151436394958,4,8,6,5,0.3333333333333333,0.5454545454545454,0.37931034482758624
2024-25,2024-11-13,0022400227,SAC,PHX,1,1513.1207763200184,1581.959988334053,0.45145486511145866,0.5485451348885413,16.456354046656237,-16.456354046656237,1529.5771303666747,1565.5036342873966,6,5,9,2,0.5454545454545454,0.8181818181818182,0.3999999999999999
2024-25,2024-11-14,0022400228,UTA,DAL,1,1430.1150727705576,1482.4618795926633,0.47505666120386275,0.5249433387961373,15.74830016388412,-15.74830016388412,1445.8633729344417,1466.7135794287792,2,8,5,6,0.2,0.45454545454545453,0.3055555555555556
2024-25,2024-11-15,0022400009,IND,MIA,0,1491.911950079392,1477.1449221290725,0.5711346611894487,0.42886533881055133,-17.13403983568346,17.13403983568346,1474.7779102437084,1494.278961964756,5,6,4,6,0.45454545454545453,0.4,0.5319148936170213
2024-25,2024-11-15,0022400010,ORL,PHI,1,1517.2525276551369,1416.296878908415,0.6862452896026703,0.3137547103973297,9.412641311919892,-9.412641311919892,1526.6651689670568,1406.884237596495,7,6,2,9,0.5384615384615384,0.18181818181818182,0.7475728155339806
2024-25,2024-11-15,0022400011,TOR,DET,0,1401.3417608829113,1467.8941149209222,0.454716932652948,0.545283067347052,-13.64150797958844,13.64150797958844,1387.700252903323,1481.5356229005106,2,10,5,8,0.16666666666666666,0.38461538461538464,0.3023255813953488
2024-25,2024-11-15,0022400012,ATL,WAS,1,1476.1966360287067,1425.3967269055454,0.6210256779085291,0.37897432209147086,11.369229662744125,-11.369229662744125,1487.5658656914509,1414.0274972428012,5,7,2,8,0.4166666666666667,0.2,0.6756756756756757
2024-25,2024-11-15,0022400013,CLE,CHI,1,1649.453362491148,1483.074274103792,0.7611929949741756,0.23880700502582441,7.164210150774732,-7.164210150774732,1656.6175726419228,1475.9100639530172,13,0,5,7,1.0,0.4166666666666667,0.7058823529411764
2024-25,2024-11-15,0022400014,NYK,BKN,1,1484.2080507291353,1482.2425988410344,0.552997735550018,0.44700226444998203,13.41006793349946,-13.41006793349946,1497.6181186626347,1468.8325309075349,5,6,5,7,0.45454545454545453,0.4166666666666667,0.5217391304347826
2024-25,2024-11-15,0022400015,SAS,LAL,0,1497.1610194767306,1531.3232199751108,0.5012056880651654,0.4987943119348346,-15.036170641954962,15.036170641954962,1482.1248488347758,1546.3593906170656,6,6,7,4,0.5,0.6363636363636364,0.44000000000000006
2024-25,2024-11-15,0022400016,HOU,LAC,1,1555.6125598991766,1501.962310332458,0.6248795783840049,0.3751204216159951,11.253612648479853,-11.253612648479853,1566.8661725476566,1490.708697683978,8,4,6,6,0.6666666666666666,0.5,0.5714285714285715
2024-25,2024-11-15,0022400017,NOP,DEN,1,1419.0685017712265,1550.817889247257,0.36425711295401186,0.6357428870459881,19.072286611379646,-19.072286611379646,1438.1407883826062,1531.7456026358773,3,9,7,3,0.25,0.7,0.2631578947368421
2024-25,2024-11-15,0022400018,OKC,PHX,1,1589.267701745998,1565.5036342873966,0.5837709930181676,0.4162290069818324,12.486870209454972,-12.486870209454972,1601.754571955453,1553.0167640779416,10,2,9,3,0.8333333333333334,0.75,0.5263157894736842
2024-25,2024-11-15,0022400019,GSW,MEM,1,1599.7658121802133,1520.5781908814142,0.6586573844426258,0.3413426155573742,10.240278466721227,-10.240278466721227,1610.0060906469346,1510.337912414693,9,2,7,5,0.8181818181818182,0.5833333333333334,0.5837837837837838
2024-25,2024-11-15,0022400020,SAC,MIN,0,1529.5771303666747,1486.0151436394958,0.6111714795557426,0.3888285204442574,-18.335144386672276,18.335144386672276,1511.2419859800025,1504.350288026168,7,5,6,6,0.5833333333333334,0.5,0.5384615384615384
2024-25,2024-11-16,0022400229,CHA,MIL,1,1458.2767952214099,1459.0015412379848,0.5491666583840427,0.45083334161595734,13.52500024847872,-13.52500024847872,1471.8017954698887,1445.476540989506,4,7,4,8,0.36363636363636365,0.3333333333333333,0.5217391304347826
2024-25,2024-11-16,0022400230,BOS,TOR,1,1575.7796167534798,1387.700252903323,0.783155038042995,0.21684496195700498,6.50534885871015,-6.50534885871015,1582.28496561219,1381.1949040446127,10,3,2,11,0.7692307692307693,0.15384615384615385,0.8333333333333334
2024-25,2024-11-16,0022400231,NOP,LAL,0,1438.1407883826062,1546.3593906170656,0.39616261633086003,0.60383738366914,-11.8848784899258,11.8848784899258,1426.2559098926804,1558.2442691069914,4,9,8,4,0.3076923076923077,0.6666666666666666,0.31578947368421056
2024-25,2024-11-16,0022400232,DAL,SAS,1,1466.7135794287792,1482.1248488347758,0.5281606166884212,0.4718393833115788,14.155181499347364,-14.155181499347364,1480.8687609281267,1467.9696673354283,5,7,6,7,0.4166666666666667,0.46153846153846156,0.4744525547445256
2024-25,2024-11-16,0022400233,SAC,UTA,1,1511.2419859800025,1445.8633729344417,0.6405669570200928,0.3594330429799072,10.782991289397216,-10.782991289397216,1522.0249772693996,1435.0803816450446,7,6,3,8,0.5384615384615384,0.2727272727272727,0.6637931034482759
2024-25,2024-11-17,0022400234,MIN,PHX,1,1504.350288026168,1553.0167640779416,0.4803424973856384,0.5196575026143616,15.589725078430849,-15.589725078430849,1519.9400131045988,1537.4270389995108,7,6,9,4,0.5384615384615384,0.6923076923076923,0.43749999999999994
2024-25,2024-11-17,0022400235,IND,MIA,1,1474.7779102437084,1494.278961964756,0.522289995709378,0.47771000429062205,14.331300128718661,-14.331300128718661,1489.109210372427,1479.9476618360375,5,7,5,6,0.4166666666666667,0.45454545454545453,0.4782608695652174
2024-25,2024-11-17,0022400236,CLE,CHA,1,1656.6175726419228,1471.8017954698887,0.7799476499738276,0.2200523500261724,6.601570500785172,-6.601570500785172,1663.219143142708,1465.2002249691036,14,0,5,7,1.0,0.4166666666666667,0.7058823529411764
2024-25,2024-11-17,0022400237,WAS,DET,0,1414.0274972428012,1481.5356229005106,0.4533530918356053,0.5466469081643948,-13.600592755068158,13.600592755068158,1400.426904487733,1495.1362156555788,2,9,6,8,0.18181818181818182,0.42857142857142855,0.29787234042553196
2024-25,2024-11-17,0022400238,MEM,DEN,1,1510.337912414693,1531.7456026358773,0.5195509328502889,0.48044906714971114,14.413472014491335,-14.413472014491335,1524.7513844291843,1517.3321306213859,7,6,7,4,0.5384615384615384,0.6363636363636364,0.4583333333333333
2024-25,2024-11-17,0022400239,POR,ATL,1,1475.2981769455405,1487.5658656914509,0.5326678226674468,0.46733217733255317,14.019965319976595,-14.019965319976595,1489.318142265517,1473.5459003714743,5,8,6,7,0.38461538461538464,0.46153846153846156,0.45454545454545453
2024-25,2024-11-17,0022400240,NYK,BKN,1,1497.6181186626347,1468.8325309075349,0.590777236653082,0.409222763346918,12.27668290040754,-12.27668290040754,1509.8948015630424,1456.5558480071272,6,6,5,8,0.5,0.38461538461538464,0.5652173913043479
2024-25,2024-11-17,0022400241,CHI,HOU,0,1475.9100639530172,1566.8661725476566,0.420161792724763,0.579838207275237,-12.60485378174289,12.60485378174289,1463.3052101712744,1579.4710263293994,5,8,9,4,0.38461538461538464,0.6923076923076923,0.3571428571428572
2024-25,2024-11-17,0022400242,OKC,DAL,0,1601.754571955453,1480.8687609281267,0.7104047998104605,0.28959520018953955,-21.312143994313814,21.312143994313814,1580.4424279611392,1502.1809049224405,11,2,6,7,0.8461538461538461,0.46153846153846156,0.6470588235294118
2024-25,2024-11-17,0022400243,LAC,UTA,1,1490.708697683978,1435.0803816450446,0.6275448521308664,0.3724551478691336,11.173654436074008,-11.173654436074008,1501.882352120052,1423.9067272089706,6,7,3,9,0.46153846153846156,0.25,0.6486486486486487
2024-25,2024-11-18,0022400244,DET,CHI,0,1495.1362156555788,1463.3052101712744,0.5950086398896219,0.40499136011037806,-17.850259196688658,17.850259196688658,1477.28595645889,1481.1554693679632,7,8,5,9,0.4666666666666667,0.35714285714285715,0.5664739884393064
2024-25,2024-11-18,0022400245,MIA,PHI,1,1479.9476618360375,1406.884237596495,0.650687617095714,0.349312382904286,10.47937148712858,-10.47937148712858,1490.4270333231661,1396.4048661093664,5,7,2,10,0.4166666666666667,0.16666666666666666,0.7142857142857143
2024-25,2024-11-18,0022400246,NYK,WAS,1,1509.8948015630424,1400.426904487733,0.6966982203967313,0.30330177960326865,9.09905338809806,-9.09905338809806,1518.9938549511405,1391.327851099635,7,6,2,10,0.5384615384615384,0.16666666666666666,0.7636363636363637
2024-25,2024-11-18,0022400247,TOR,IND,1,1381.1949040446127,1489.109210372427,0.39658172262678326,0.6034182773732167,18.1025483211965,-18.1025483211965,1399.2974523658092,1471.0066620512305,2,12,6,7,0.14285714285714285,0.46153846153846156,0.23636363636363633
2024-25,2024-11-18,0022400248,MIL,HOU,1,1445.476540989506,1579.4710263293994,0.36126957612269145,0.6387304238773086,19.161912716319257,-19.161912716319257,1464.6384537058252,1560.3091136130802,4,9,10,4,0.3076923076923077,0.7142857142857143,0.30107526881720437
2024-25,2024-11-18,0022400249,PHX,ORL,0,1537.4270389995108,1526.6651689670568,0.5654784139204226,0.43452158607957736,-16.96435241761268,16.96435241761268,1520.4626865818982,1543.6295213846695,9,5,8,6,0.6428571428571429,0.5714285714285714,0.5294117647058824
2024-25,2024-11-18,0022400250,SAC,ATL,0,1522.0249772693996,1473.5459003714743,0.6178763702818749,0.3821236297181251,-18.536291108456247,18.536291108456247,1503.4886861609434,1492.0821914799305,8,6,6,8,0.5714285714285714,0.42857142857142855,0.5714285714285714
2024-25,2024-11-18,0022400251,LAC,GSW,1,1501.882352120052,1610.0060906469346,0.3962932556461421,0.603706744353858,18.11120233061574,-18.11120233061574,1519.9935544506677,1591.8948883163189,7,7,10,2,0.5,0.8333333333333334,0.37499999999999994
2024-25,2024-11-19,0022400021,BOS,CLE,1,1582.28496561219,1663.219143142708,0.4342778841205143,0.5657221158794856,16.97166347638457,-16.97166347638457,1599.2566290885745,1646.2474796663234,11,3,15,0,0.7857142857142857,1.0,0.44
2024-25,2024-11-19,0022400022,BKN,CHA,1,1456.5558480071272,1465.2002249691036,0.5378562053898728,0.4621437946101272,13.864313838303817,-13.864313838303817,1470.420161845431,1451.3359111307998,5,9,5,8,0.35714285714285715,0.38461538461538464,0.48148148148148145
2024-25,2024-11-19,0022400023,MEM,DEN,0,1524.7513844291843,1517.3321306213859,0.5607446815198702,0.4392553184801298,-16.822340445596108,16.822340445596108,1507.9290439835881,1534.154471066982,8,6,7,5,0.5714285714285714,0.5833333333333334,0.4948453608247423
2024-25,2024-11-19,0022400024,DAL,NOP,1,1502.1809049224405,1426.2559098926804,0.6544223560069629,0.34557764399303714,10.367329319791114,-10.367329319791114,1512.5482342422317,1415.8885805728892,7,7,4,10,0.5,0.2857142857142857,0.6363636363636364
2024-25,2024-11-19,0022400025,SAS,OKC,1,1467.9696673354283,1580.4424279611392,0.39031958462902555,0.6096804153709745,18.290412461129236,-18.290412461129236,1486.2600797965576,1562.1520155000098,6,8,11,3,0.42857142857142855,0.7857142857142857,0.35294117647058826
2024-25,2024-11-19,0022400026,LAL,UTA,1,1558.2442691069914,1423.9067272089706,0.7260722712520208,0.2739277287479792,8.217831862439377,-8.217831862439377,1566.4621009694308,1415.6888953465311,9,4,3,10,0.6923076923076923,0.23076923076923078,0.7499999999999999
2024-25,2024-11-20,0022400252,CLE,NOP,1,1646.2474796663234,1415.8885805728892,0.8216444330548469,0.1783555669451531,5.350667008354593,-5.350667008354593,1651.598146674678,1410.5379135645346,15,1,4,11,0.9375,0.26666666666666666,0.7785467128027682
2024-25,2024-11-20,0022400253,MIL,CHI,1,1464.6384537058252,1481.1554693679632,0.5265740886077063,0.47342591139229373,14.202777341768812,-14.202777341768812,1478.841231047594,1466.9526920261944,5,9,6,9,0.35714285714285715,0.4,0.4716981132075472
2024-25,2024-11-20,0022400254,HOU,IND,1,1560.3091136130802,1471.0066620512305,0.6716246755627806,0.3283753244372194,9.851259733116581,-9.851259733116581,1570.1603733461968,1461.1554023181138,10,5,6,8,0.6666666666666666,0.42857142857142855,0.6086956521739131
2024-25,2024-11-20,0022400255,MEM,PHI,1,1507.9290439835881,1396.4048661093664,0.6991936350826834,0.3008063649173166,9.024190947519498,-9.024190947519498,1516.9532349311075,1387.380675161847,8,7,2,11,0.5333333333333333,0.15384615384615385,0.7761194029850746
2024-25,2024-11-20,0022400256,OKC,POR,1,1562.1520155000098,1489.318142265517,0.6503872116225314,0.34961278837746856,10.488383651324057,-10.488383651324057,1572.640399151334,1478.829758614193,11,4,6,8,0.7333333333333333,0.42857142857142855,0.6311475409836066
2024-25,2024-11-20,0022400257,PHX,NYK,0,1520.4626865818982,1518.9938549511405,0.5522909645641566,0.4477090354358434,-16.5687289369247,16.5687289369247,1503.8939576449734,1535.5625838880653,9,6,8,6,0.6,0.5714285714285714,0.5121951219512195
2024-25,2024-11-20,0022400258,GSW,ATL,1,1591.8948883163189,1492.0821914799305,0.6848269369750861,0.3151730630249139,9.455191890747416,-9.455191890747416,1601.3500802070664,1482.626999589183,10,3,7,8,0.7692307692307693,0.4666666666666667,0.6224066390041494
2024-25,2024-11-20,0022400259,LAC,ORL,1,1519.9935544506677,1543.6295213846695,0.5163483286254866,0.48365167137451337,14.509550141235401,-14.509550141235401,1534.5031045919031,1529.119971243434,8,7,9,6,0.5333333333333333,0.6,0.47058823529411764
2024-25,2024-11-21,0022400260,CHA,DET,1,1451.3359111307998,1477.28595645889,0.5130209869581095,0.4869790130418905,14.609370391256714,-14.609370391256714,1465.9452815220566,1462.6765860676333,5,9,7,9,0.35714285714285715,0.4375,0.449438202247191
2024-25,2024-11-21,0022400261,TOR,MIN,1,1399.2974523658092,1519.9400131045988,0.37918752096643443,0.6208124790335656,18.62437437100697,-18.62437437100697,1417.9218267368162,1501.3156387335919,3,12,8,6,0.2,0.5714285714285714,0.2592592592592593
2024-25,2024-11-21,0022400262,SAS,UTA,1,1486.2600797965576,1415.6888953465311,0.647419749351354,0.35258025064864595,10.577407519459378,-10.577407519459378,1496.8374873160171,1405.1114878270716,7,8,3,11,0.4666666666666667,0.21428571428571427,0.6853146853146853
2024-25,2024-11-21,0022400263,LAL,ORL,0,1566.4621009694308,1529.119971243434,0.602629808572344,0.39737019142765595,-18.078894257170322,18.078894257170322,1548.3832067122605,1547.1988655006044,10,4,9,7,0.7142857142857143,0.5625,0.5594405594405594
2024-25,2024-11-22,0022400027,PHI,BKN,1,1387.380675161847,1470.420161845431,0.43130285405384566,0.5686971459461543,17.060914378384627,-17.060914378384627,1404.4415895402317,1453.3592474670463,2,12,6,9,0.14285714285714285,0.4,0.26315789473684204
2024-25,2024-11-22,0022400028,WAS,BOS,0,1391.327851099635,1599.2566290885745,0.2698353564263643,0.7301646435736358,-8.095060692790929,8.095060692790929,1383.232790406844,1607.3516897813654,2,11,12,3,0.15384615384615385,0.8,0.16129032258064516
2024-25,2024-11-22,0022400029,MIL,IND,1,1478.841231047594,1461.1554023181138,0.5752451233223351,0.42475487667766487,12.742646300329946,-12.742646300329946,1491.5838773479238,1448.412756017784,6,9,6,9,0.4,0.4,0.5
2024-25,2024-11-22,0022400030,CHI,ATL,1,1466.9526920261944,1482.626999589183,0.5277832591001057,0.4722167408998943,14.16650222699683,-14.16650222699683,1481.1191942531912,1468.4604973621863,6,10,7,9,0.375,0.4375,0.46153846153846156
2024-25,2024-11-22,0022400031,HOU,POR,1,1570.1603733461968,1478.829758614193,0.6741943700237802,0.32580562997621976,9.774168899286593,-9.774168899286593,1579.9345422454835,1469.0555897149063,11,5,6,9,0.6875,0.4,0.632183908045977
2024-25,2024-11-22,0022400032,NOP,GSW,0,1410.5379135645346,1601.3500802070664,0.28968242324889804,0.710317576751102,-8.69047269746694,8.69047269746694,1401.8474408670677,1610.0405529045333,4,12,11,3,0.25,0.7857142857142857,0.24137931034482762
2024-25,2024-11-22,0022400033,DEN,DAL,0,1534.154471066982,1512.5482342422317,0.5807496887749825,0.41925031122501755,-17.422490663249473,17.422490663249473,1516.7319804037327,1529.9707249054811,8,5,8,7,0.6153846153846154,0.5333333333333333,0.5357142857142858
2024-25,2024-11-22,0022400034,LAC,SAC,1,1534.5031045919031,1503.4886861609434,0.5938754037445722,0.40612459625542785,12.183737887662836,-12.183737887662836,1546.686842479566,1491.3049482732806,9,7,8,7,0.5625,0.5333333333333333,0.5133079847908746
2024-25,2024-11-23,0022400264,UTA,NYK,1,1405.1114878270716,1535.5625838880653,0.3659895450389777,0.6340104549610224,19.020313648830673,-19.020313648830673,1424.1318014759024,1516.5422702392345,3,12,9,6,0.2,0.6,0.25
2024-25,2024-11-23,0022400265,ORL,DET,1,1547.1988655006044,1462.6765860676333,0.665527556071691,0.334472443928309,10.03417331784927,-10.03417331784927,1557.2330388184537,1452.642412749784,10,7,7,10,0.5882352941176471,0.4117647058823529,0.5882352941176471
2024-25,2024-11-23,0022400266,CHI,MEM,0,1481.1191942531912,1516.9532349311075,0.4987997212856632,0.5012002787143368,-14.963991638569896,14.963991638569896,1466.1552026146212,1531.9172265696775,7,10,9,7,0.4117647058823529,0.5625,0.4226415094339622
2024-25,2024-11-23,0022400267,HOU,POR,0,1579.9345422454835,1469.0555897149063,0.698411876723357,0.30158812327664297,-20.95235630170071,20.95235630170071,1558.9821859437827,1490.007946016607,12,5,6,10,0.7058823529411765,0.375,0.6530612244897959
2024-25,2024-11-23,0022400268,MIL,CHA,1,1491.5838773479238,1465.9452815220566,0.586390538589764,0.413609461410236,12.40828384230708,-12.40828384230708,1503.992161190231,1453.5369976797494,7,9,6,9,0.4375,0.4,0.5223880597014925
2024-25,2024-11-23,0022400269,SAS,GSW,1,1496.8374873160171,1610.0405529045333,0.3893196267811796,0.6106803732188204,18.320411196564613,-18.320411196564613,1515.1578985125818,1591.7201417079687,8,8,12,3,0.5,0.8,0.3846153846153846
2024-25,2024-11-23,0022400270,LAL,DEN,0,1548.3832067122605,1516.7319804037327,0.594759233958377,0.40524076604162296,-17.84277701875131,17.84277701875131,1530.5404296935092,1534.574757422484,10,5,8,6,0.6666666666666666,0.5714285714285714,0.5384615384615384
2024-25,2024-11-24,0022400271,BOS,MIN,1,1607.3516897813654,1501.3156387335919,0.6925075852127182,0.30749241478728184,9.224772443618455,-9.224772443618455,1616.5764622249837,1492.0908662899735,13,3,8,7,0.8125,0.5333333333333333,0.6037151702786379
2024-25,2024-11-24,0022400272,IND,WAS,1,1448.412756017784,1383.232790406844,0.6403036327090357,0.3596963672909643,10.79089101872893,-10.79089101872893,1459.2036470365128,1372.4418993881152,6,10,2,12,0.375,0.14285714285714285,0.7241379310344829
2024-25,2024-11-24,0022400273,MIA,DAL,1,1490.4270333231661,1529.9707249054811,0.4934614749389387,0.5065385250610612,15.196155751831837,-15.196155751831837,1505.623189074998,1514.7745691536493,6,7,9,7,0.46153846153846156,0.5625,0.45070422535211263
2024-25,2024-11-24,0022400274,PHI,LAC,0,1404.4415895402317,1546.686842479566,0.35038364068367656,0.6496163593163234,-10.511509220510296,10.511509220510296,1393.9300803197214,1557.1983517000763,3,12,10,7,0.2,0.5882352941176471,0.2537313432835821
2024-25,2024-11-24,0022400275,CLE,TOR,1,1651.598146674678,1417.9218267368162,0.8244257745803363,0.17557422541966372,5.267226762589912,-5.267226762589912,1656.8653734372679,1412.6545999742264,16,1,4,12,0.9411764705882353,0.25,0.7901234567901234
2024-25,2024-11-24,0022400276,SAC,BKN,0,1491.3049482732806,1453.3592474670463,0.603461523976975,0.39653847602302505,-18.10384571930925,18.10384571930925,1473.2011025539714,1471.4630931863555,8,8,6,10,0.5,0.375,0.5714285714285714
2024-25,2024-11-25,0022400277,CHA,ORL,0,1453.5369976797494,1557.2330388184537,0.4024069291281301,0.59759307087187,-12.072207873843903,12.072207873843903,1441.4647898059056,1569.3052466922975,6,10,11,7,0.375,0.6111111111111112,0.38028169014084506
2024-25,2024-11-25,0022400278,DET,TOR,1,1452.642412749784,1412.6545999742264,0.6062710773863154,0.39372892261368464,11.81186767841054,-11.81186767841054,1464.4542804281946,1400.8427322958157,7,11,4,13,0.3888888888888889,0.23529411764705882,0.6230366492146597
2024-25,2024-11-25,0022400279,IND,NOP,1,1459.2036470365128,1401.8474408670677,0.6298667140483838,0.3701332859516162,11.103998578548486,-11.103998578548486,1470.3076456150613,1390.7434422885192,7,10,4,13,0.4117647058823529,0.23529411764705882,0.6363636363636365
2024-25,2024-11-25,0022400280,ATL,DAL,0,1468.4604973621863,1514.7745691536493,0.48372349489915845,0.5162765051008416,-14.511704846974753,14.511704846974753,1453.9487925152116,1529.286274000624,7,10,9,8,0.4117647058823529,0.5294117647058824,0.4375
2024-25,2024-11-25,0022400281,BOS,LAC,1,1616.5764622249837,1557.1983517000763,0.6325760462658061,0.3674239537341939,11.022718612025816,-11.022718612025816,1627.5991808370095,1546.1756330880505,14,3,11,7,0.8235294117647058,0.6111111111111112,0.5740318906605922
2024-25,2024-11-25,0022400282,MEM,POR,1,1531.9172265696775,1490.007946016607,0.6089082487926666,0.3910917512073334,11.732752536220003,-11.732752536220003,1543.6499791058975,1478.275193480387,10,7,7,10,0.5882352941176471,0.4117647058823529,0.5882352941176471
2024-25,2024-11-25,0022400283,DEN,NYK,0,1534.574757422484,1516.5422702392345,0.5757326332478687,0.4242673667521313,-17.27197899743606,17.27197899743606,1517.302778425048,1533.8142492366705,9,6,9,7,0.6,0.5625,0.5161290322580645
2024-25,2024-11-25,0022400284,GSW,BKN,0,1591.7201417079687,1471.4630931863555,0.709659604748997,0.29034039525100297,-21.28978814246991,21.28978814246991,1570.4303535654988,1492.7528813288254,12,4,7,10,0.75,0.4117647058823529,0.6455696202531647
2024-25,2024-11-25,0022400285,SAC,OKC,0,1473.2011025539714,1572.640399151334,0.40831332188116876,0.5916866781188312,-12.249399656435063,12.249399656435063,1460.9517028975363,1584.889798807769,8,9,12,4,0.47058823529411764,0.75,0.38554216867469876
2024-25,2024-11-26,0022400035,WAS,CHI,0,1372.4418993881152,1466.1552026146212,0.41630001362817454,0.5836999863718255,-12.489000408845236,12.489000408845236,1359.95289897927,1478.6442030234664,2,13,7,11,0.13333333333333333,0.3888888888888889,0.2553191489361702
2024-25,2024-11-26,0022400036,MIA,MIL,0,1505.623189074998,1503.992161190231,0.5525218194551096,0.4474781805448904,-16.57565458365329,16.57565458365329,1489.0475344913448,1520.5678157738841,7,7,8,9,0.5,0.47058823529411764,0.5151515151515151
2024-25,2024-11-26,0022400037,MIN,HOU,0,1492.0908662899735,1558.9821859437827,0.4542331659507647,0.5457668340492353,-13.62699497852294,13.62699497852294,1478.4638713114505,1572.6091809223058,8,8,12,6,0.5,0.6666666666666666,0.4285714285714286
2024-25,2024-11-26,0022400038,UTA,SAS,0,1424.1318014759024,1515.1578985125818,0.42006364246918304,0.579936357530817,-12.601909274075492,12.601909274075492,1411.529892201827,1527.7598077866573,4,12,9,8,0.25,0.5294117647058824,0.32075471698113206
2024-25,2024-11-26,0022400039,PHX,LAL,1,1503.8939576449734,1530.5404296935092,0.5120193771020575,0.48798062289794253,14.639418686938276,-14.639418686938276,1518.5333763319118,1515.9010110065708,9,7,10,6,0.5625,0.625,0.47368421052631576
2024-25,2024-11-27,0022400286,CHA,MIA,0,1441.4647898059056,1489.0475344913448,0.48189988747773566,0.5181001125222644,-14.456996624332069,14.456996624332069,1427.0077931815736,1503.5045311156769,6,11,7,8,0.35294117647058826,0.4666666666666667,0.430622009569378
2024-25,2024-11-27,0022400287,CLE,ATL,0,1656.8653734372679,1453.9487925152116,0.7973087213655382,0.2026912786344618,-23.919261640966145,23.919261640966145,1632.9461117963017,1477.8680541561778,17,1,7,11,0.9444444444444444,0.3888888888888889,0.7083333333333334
2024-25,2024-11-27,0022400288,IND,POR,1,1470.3076456150613,1478.275193480387,0.5388245131837146,0.4611754868162854,13.835264604488561,-13.835264604488561,1484.14291021955,1464.4399288758984,8,10,7,11,0.4444444444444444,0.3888888888888889,0.5333333333333333
2024-25,2024-11-27,0022400289,ORL,CHI,1,1569.3052466922975,1478.6442030234664,0.6733471675234467,0.3266528324765533,9.799584974296598,-9.799584974296598,1579.104831666594,1468.8446180491699,12,7,8,11,0.631578947368421,0.42105263157894735,0.6
2024-25,2024-11-27,0022400290,PHI,HOU,0,1393.9300803197214,1572.6091809223058,0.30426212537949354,0.6957378746205065,-9.127863761384805,9.127863761384805,1384.8022165583366,1581.7370446836906,3,13,13,6,0.1875,0.6842105263157895,0.21509433962264152
2024-25,2024-11-27,0022400291,WAS,LAC,0,1359.95289897927,1546.1756330880505,0.295148601857107,0.704851398142893,-8.85445805571321,8.85445805571321,1351.0984409235568,1555.0300911437637,2,14,11,8,0.125,0.5789473684210527,0.17757009345794392
2024-25,2024-11-27,0022400292,DAL,NYK,1,1529.286274000624,1533.8142492366705,0.543740671316039,0.456259328683961,13.68777986051883,-13.68777986051883,1542.9740538611427,1520.1264693761518,10,8,10,7,0.5555555555555556,0.5882352941176471,0.48571428571428577
2024-25,2024-11-27,0022400293,MEM,DET,1,1543.6499791058975,1464.4542804281946,0.6586678382146903,0.3413321617853097,10.23996485355929,-10.23996485355929,1553.8899439594568,1454.2143155746353,11,7,8,11,0.6111111111111112,0.42105263157894735,0.5920679886685553
2024-25,2024-11-27,0022400294,MIN,SAC,0,1478.4638713114505,1460.9517028975363,0.5750008476398197,0.42499915236018027,-17.250025429194594,17.250025429194594,1461.2138458822558,1478.201728326731,8,9,8,10,0.47058823529411764,0.4444444444444444,0.5142857142857143
2024-25,2024-11-27,0022400295,NOP,TOR,0,1390.7434422885192,1400.8427322958157,0.5357737715091176,0.46422622849088235,-16.07321314527353,16.07321314527353,1374.6702291432457,1416.9159454410892,4,14,4,14,0.2222222222222222,0.2222222222222222,0.5
2024-25,2024-11-27,0022400296,SAS,LAL,0,1527.7598077866573,1515.9010110065708,0.56702929944822,0.43297070055178,-17.0108789834466,17.0108789834466,1510.7489288032107,1532.9118899900175,10,8,10,7,0.5555555555555556,0.5882352941176471,0.48571428571428577
2024-25,2024-11-27,0022400297,PHX,BKN,0,1518.5333763319118,1492.7528813288254,0.5865886376082899,0.41341136239171006,-17.597659128248697,17.597659128248697,1500.935717203663,1510.3505404570742,10,7,8,10,0.5882352941176471,0.4444444444444444,0.569620253164557
2024-25,2024-11-27,0022400298,UTA,DEN,0,1411.529892201827,1517.302778425048,0.3995353603792938,0.6004646396207062,-11.986060811378815,11.986060811378815,1399.543831390448,1529.2888392364268,4,13,9,7,0.23529411764705882,0.5625,0.29493087557603687
2024-25,2024-11-27,0022400299,GSW,OKC,0,1570.4303535654988,1584.889798807769,0.5295258426360189,0.4704741573639811,-15.885775279080566,15.885775279080566,1554.5445782864183,1600.7755740868495,12,5,13,4,0.7058823529411765,0.7647058823529411,0.48
2024-25,2024-11-29,0022400040,CHA,NYK,0,1427.0077931815736,1520.1264693761518,0.4171320081629173,0.5828679918370827,-12.51396024488752,12.51396024488752,1414.493832936686,1532.6404296210394,6,12,10,8,0.3333333333333333,0.5555555555555556,0.375
2024-25,2024-11-29,0022400041,ATL,CLE,1,1477.8680541561778,1632.9461117963017,0.33376065161200885,0.6662393483879911,19.987180451639734,-19.987180451639734,1497.8552346078175,1612.958931344662,8,11,17,2,0.42105263157894735,0.8947368421052632,0.31999999999999995
2024-25,2024-11-29,0022400042,MEM,NOP,1,1553.8899439594568,1374.6702291432457,0.7743690388345206,0.22563096116547943,6.768928834964383,-6.768928834964383,1560.658872794421,1367.9013003082814,12,7,4,15,0.631578947368421,0.21052631578947367,0.75
2024-25,2024-11-29,0022400043,BKN,ORL,0,1510.3505404570742,1579.104831666594,0.4515759268203696,0.5484240731796304,-13.547277804611088,13.547277804611088,1496.8032626524632,1592.652109471205,9,10,13,7,0.47368421052631576,0.65,0.42154566744730676
2024-25,2024-11-29,0022400044,MIN,LAC,1,1461.2138458822558,1555.0300911437637,0.4161560267213422,0.5838439732786578,17.515319198359734,-17.515319198359734,1478.7291650806155,1537.514771945404,8,10,12,8,0.4444444444444444,0.6,0.4255319148936171
2024-25,2024-11-29,0022400045,IND,DET,0,1484.14291021955,1454.2143155746353,0.5923669806600537,0.40763301933994633,-17.77100941980161,17.77100941980161,1466.3719007997483,1471.985324994437,9,10,8,12,0.47368421052631576,0.4,0.5421686746987951
2024-25,2024-11-29,0022400046,MIA,TOR,1,1503.5045311156769,1416.9159454410892,0.6681700708472277,0.3318299291527723,9.95489787458317,-9.95489787458317,1513.45942899026,1406.961047566506,8,8,5,14,0.5,0.2631578947368421,0.6551724137931035
2024-25,2024-11-29,0022400047,CHI,BOS,0,1468.8446180491699,1627.5991808370095,0.32907127764288463,0.6709287223571154,-9.872138329286539,9.872138329286539,1458.9724797198833,1637.471319166296,8,12,15,3,0.4,0.8333333333333334,0.32432432432432434
2024-25,2024-11-29,0022400048,LAL,OKC,0,1532.9118899900175,1600.7755740868495,0.45284590432274635,0.5471540956772536,-13.58537712968239,13.58537712968239,1519.326512860335,1614.360951216532,11,7,14,4,0.6111111111111112,0.7777777777777778,0.44000000000000006
2024-25,2024-11-29,0022400049,POR,SAC,1,1464.4399288758984,1478.201728326731,0.5305262146466408,0.46947378535335915,14.084213560600775,-14.084213560600775,1478.5241424364992,1464.1175147661302,7,12,9,10,0.3684210526315789,0.47368421052631576,0.4375
2024-25,2024-11-30,0022400300,CHA,ATL,0,1414.493832936686,1497.8552346078175,0.43084838442298823,0.5691516155770118,-12.925451532689646,12.925451532689646,1401.5683814039962,1510.7806861405072,6,13,9,11,0.3157894736842105,0.45,0.41237113402061853
2024-25,2024-11-30,0022400301,DET,PHI,0,1471.985324994437,1384.8022165583366,0.6689284326538562,0.33107156734614385,-20.067852979615683,20.067852979615683,1451.9174720148212,1404.8700695379523,9,12,3,14,0.42857142857142855,0.17647058823529413,0.7083333333333334
2024-25,2024-11-30,0022400302,MIL,WAS,1,1520.5678157738841,1351.0984409235568,0.7644116294046434,0.23558837059535664,7.0676511178606996,-7.0676511178606996,1527.635466891745,1344.030789805696,9,9,2,15,0.5,0.11764705882352941,0.8095238095238095
2024-25,2024-11-30,0022400303,PHX,GSW,1,1500.935717203663,1554.5445782864183,0.47324527538375083,0.5267547246162492,15.802641738487475,-15.802641738487475,1516.7383589421504,1538.741936547931,10,8,12,6,0.5555555555555556,0.6666666666666666,0.45454545454545453
2024-25,2024-11-30,0022400304,UTA,DAL,0,1399.543831390448,1542.9740538611427,0.3488326150627514,0.6511673849372486,-10.464978451882542,10.464978451882542,1389.0788529385654,1553.4390323130253,4,14,11,8,0.2222222222222222,0.5789473684210527,0.2773722627737226
2024-25,2024-12-01,0022400305,BKN,ORL,0,1496.8032626524632,1592.652109471205,0.4133159495114348,0.5866840504885652,-12.399478485343044,12.399478485343044,1484.4037841671202,1605.051587956548,9,11,14,7,0.45,0.6666666666666666,0.40298507462686567
2024-25,2024-12-01,0022400306,MEM,IND,1,1560.658872794421,1466.3719007997483,0.6779213779914768,0.3220786220085232,9.662358660255697,-9.662358660255697,1570.3212314546768,1456.7095421394927,13,7,9,11,0.65,0.45,0.5909090909090908
2024-25,2024-12-01,0022400307,CLE,BOS,1,1612.958931344662,1637.471319166296,0.5150883047173502,0.48491169528264977,14.547350858479493,-14.547350858479493,1627.5062822031416,1622.9239683078165,17,3,16,3,0.85,0.8421052631578947,0.5023328149300156
2024-25,2024-12-01,0022400308,NYK,NOP,1,1532.6404296210394,1367.9013003082814,0.7594727135243973,0.24052728647560273,7.215818594268082,-7.215818594268082,1539.8562482153075,1360.6854817140133,11,8,4,16,0.5789473684210527,0.2,0.7432432432432433
2024-25,2024-12-01,0022400309,TOR,MIA,1,1406.961047566506,1513.45942899026,0.3985338623674571,0.601466137632543,18.04398412897629,-18.04398412897629,1425.0050316954823,1495.4154448612837,5,15,9,8,0.25,0.5294117647058824,0.32075471698113206
2024-25,2024-12-01,0022400310,HOU,OKC,1,1581.7370446836906,1614.360951216532,0.5034194200631981,0.49658057993680194,14.897417398104057,-14.897417398104057,1596.6344620817947,1599.4635338184278,14,6,15,4,0.7,0.7894736842105263,0.469964664310954
2024-25,2024-12-01,0022400311,UTA,LAL,0,1389.0788529385654,1519.326512860335,0.3662613247382298,0.6337386752617702,-10.987839742146894,10.987839742146894,1378.0910131964185,1530.314352602482,4,15,11,8,0.21052631578947367,0.5789473684210527,0.26666666666666666
2024-25,2024-12-01,0022400312,POR,DAL,0,1478.5241424364992,1553.4390323130253,0.44280924369666325,0.5571907563033367,-13.284277310899897,13.284277310899897,1465.2398651255994,1566.7233096239252,8,12,12,8,0.4,0.6,0.4
2024-25,2024-12-01,0022400313,SAC,SAS,0,1464.1175147661302,1510.7489288032107,0.48326730034368715,0.5167326996563129,-14.498019010310614,14.498019010310614,1449.6194957558196,1525.2469478135213,9,11,10,9,0.45,0.5263157894736842,0.4609164420485175
2024-25,2024-12-01,0022400314,LAC,DEN,1,1537.514771945404,1529.2888392364268,0.5618881266274565,0.43811187337254354,13.143356201176307,-13.143356201176307,1550.6581281465803,1516.1454830352504,12,9,10,7,0.5714285714285714,0.5882352941176471,0.4927536231884058
2024-25,2024-12-02,0022400315,ATL,NOP,1,1510.7806861405072,1360.6854817140133,0.7437389877581073,0.2562610122418927,7.6878303672567805,-7.6878303672567805,1518.468516507764,1352.9976513467566,10,11,4,17,0.47619047619047616,0.19047619047619047,0.7142857142857143
2024-25,2024-12-02,0022400316,BOS,MIA,1,1622.9239683078165,1495.4154448612837,0.7181845729847754,0.28181542701522455,8.454462810456736,-8.454462810456736,1631.3784311182733,1486.960982050827,16,4,9,9,0.8,0.5,0.6153846153846154
2024-25,2024-12-02,0022400317,CHI,BKN,1,1458.9724797198833,1484.4037841671202,0.5137669792513834,0.48623302074861663,14.586990622458499,-14.586990622458499,1473.5594703423417,1469.8167935446618,8,13,9,12,0.38095238095238093,0.42857142857142855,0.47058823529411764
2024-25,2024-12-02,0022400318,MIN,LAL,1,1478.7291650806155,1530.314352602482,0.4761501095696344,0.5238498904303657,15.71549671291097,-15.71549671291097,1494.4446617935264,1514.598855889571,9,10,12,8,0.47368421052631576,0.6,0.4411764705882353
2024-25,2024-12-03,0022400050,CHA,PHI,0,1401.5683814039962,1404.8700695379523,0.5454913867293483,0.45450861327065173,-16.364741601880446,16.364741601880446,1385.2036398021157,1421.2348111398328,6,14,4,14,0.3,0.2222222222222222,0.574468085106383
2024-25,2024-12-03,0022400051,CLE,WAS,1,1627.5062822031416,1344.030789805696,0.8621534668862993,0.13784653311370065,4.13539599341102,-4.13539599341102,1631.6416781965527,1339.895393812285,18,3,2,16,0.8571428571428571,0.1111111111111111,0.8852459016393444
2024-25,2024-12-03,0022400052,DET,MIL,0,1451.9174720148212,1527.635466891745,0.44166890719801377,0.5583310928019862,-13.250067215940414,13.250067215940414,1438.6674047988809,1540.8855341076853,9,13,10,9,0.4090909090909091,0.5263157894736842,0.43734015345268545
2024-25,2024-12-03,0022400053,NYK,ORL,1,1539.8562482153075,1605.051587956548,0.456654490606496,0.543345509393504,16.30036528180512,-16.30036528180512,1556.1566134971126,1588.7512226747428,12,8,15,7,0.6,0.6818181818181818,0.46808510638297873
2024-25,2024-12-03,0022400054,TOR,IND,1,1425.0050316954823,1456.7095421394927,0.5047424484805185,0.4952575515194815,14.857726545584445,-14.857726545584445,1439.8627582410668,1441.8518155939082,6,15,9,12,0.2857142857142857,0.42857142857142855,0.4
2024-25,2024-12-03,0022400055,OKC,UTA,1,1599.4635338184278,1378.0910131964185,0.8139371846407298,0.18606281535927016,5.581884460778105,-5.581884460778105,1605.045418279206,1372.5091287356404,15,5,4,16,0.75,0.2,0.7894736842105263
2024-25,2024-12-03,0022400056,DAL,MEM,1,1566.7233096239252,1570.3212314546768,0.5450685684473321,0.4549314315526679,13.647942946580038,-13.647942946580038,1580.3712525705052,1556.6732885080967,13,8,14,7,0.6190476190476191,0.6666666666666666,0.48148148148148157
2024-25,2024-12-03,0022400057,PHX,SAS,1,1516.7383589421504,1525.2469478135213,0.5380504942120173,0.46194950578798266,13.85848517363948,-13.85848517363948,1530.59684411579,1511.3884626398817,11,8,11,9,0.5789473684210527,0.55,0.5128205128205128
2024-25,2024-12-03,0022400058,DEN,GSW,1,1516.1454830352504,1538.741936547931,0.5178425587485417,0.4821574412514583,14.46472323754375,-14.46472323754375,1530.6102062727941,1524.2772133103872,10,8,12,7,0.5555555555555556,0.631578947368421,0.4679802955665025
2024-25,2024-12-03,0022400059,SAC,HOU,1,1449.6194957558196,1596.6344620817947,0.3441600478740442,0.6558399521259558,19.675198563778675,-19.675198563778675,1469.2946943195982,1576.959263518016,9,12,15,6,0.42857142857142855,0.7142857142857143,0.375
2024-25,2024-12-03,0022400060,LAC,POR,1,1550.6581281465803,1465.2398651255994,0.6666746805809255,0.3333253194190745,9.999759582572235,-9.999759582572235,1560.6578877291527,1455.240105543027,13,9,8,13,0.5909090909090909,0.38095238095238093,0.6080178173719377
2024-25,2024-12-04,0022400319,BOS,DET,1,1631.3784311182733,1438.6674047988809,0.7876486727738999,0.21235132722610006,6.370539816783002,-6.370539816783002,1637.7489709350564,1432.2968649820978,17,4,9,14,0.8095238095238095,0.391304347826087,0.6741379310344828
2024-25,2024-12-04,0022400320,BKN,IND,1,1469.8167935446618,1441.8518155939082,0.589634722998083,0.41036527700191705,12.310958310057512,-12.310958310057512,1482.1277518547192,1429.5408572838508,9,13,9,13,0.4090909090909091,0.4090909090909091,0.5
2024-25,2024-12-04,0022400321,MIA,LAL,1,1486.960982050827,1514.598855889571,0.5105933657512478,0.4894066342487522,14.682199027462566,-14.682199027462566,1501.6431810782894,1499.9166568621085,9,10,12,9,0.47368421052631576,0.5714285714285714,0.45323741007194246
2024-25,2024-12-04,0022400322,PHI,ORL,0,1421.2348111398328,1588.7512226747428,0.31803307247349066,0.6819669275265093,-9.54099217420472,9.54099217420472,1411.693818965628,1598.2922148489477,5,14,15,8,0.2631578947368421,0.6521739130434783,0.2875
2024-25,2024-12-04,0022400323,MIL,ATL,0,1540.8855341076853,1518.468516507764,0.5818856332045206,0.4181143667954794,-17.456568996135616,17.456568996135616,1523.4289651115496,1535.9250855038995,11,9,11,11,0.55,0.5,0.5238095238095238
2024-25,2024-12-04,0022400324,LAC,MIN,0,1560.6578877291527,1494.4446617935264,0.6416723820241302,0.35832761797586976,-19.25017146072391,19.25017146072391,1541.4077162684287,1513.6948332542504,14,9,10,10,0.6086956521739131,0.5,0.5490196078431373
2024-25,2024-12-05,0022400325,CLE,DEN,1,1631.6416781965527,1530.6102062727941,0.6863392602019236,0.3136607397980764,9.409822193942292,-9.409822193942292,1641.051500390495,1521.2003840788518,19,3,11,8,0.8636363636363636,0.5789473684210527,0.5986733001658374
2024-25,2024-12-05,0022400326,WAS,DAL,0,1339.895393812285,1580.3712525705052,0.2345465866797007,0.7654534133202993,-7.036397600391021,7.036397600391021,1332.858996211894,1587.4076501708962,2,17,14,8,0.10526315789473684,0.6363636363636364,0.14193548387096774
2024-25,2024-12-05,0022400327,NYK,CHA,1,1556.1566134971126,1385.2036398021157,0.7659461442272087,0.23405385577279125,7.021615673183738,-7.021615673183738,1563.1782291702964,1378.182024128932,13,8,6,15,0.6190476190476191,0.2857142857142857,0.6842105263157895
2024-25,2024-12-05,0022400328,TOR,OKC,0,1439.8627582410668,1605.045418279206,0.3209538758478251,0.6790461241521749,-9.628616275434753,9.628616275434753,1430.234141965632,1614.6740345546407,7,15,16,5,0.3181818181818182,0.7619047619047619,0.29458917835671344
2024-25,2024-12-05,0022400329,MEM,SAC,1,1556.6732885080967,1469.2946943195982,0.6691775992116955,0.3308224007883045,9.924672023649135,-9.924672023649135,1566.597960531746,1459.370022295949,14,8,10,12,0.6363636363636364,0.45454545454545453,0.5833333333333334
2024-25,2024-12-05,0022400330,NOP,PHX,1,1352.9976513467566,1530.59684411579,0.30557966382995133,0.6944203361700487,20.83261008510146,-20.83261008510146,1373.830261431858,1509.7642340306886,4,18,12,8,0.18181818181818182,0.6,0.23255813953488375
2024-25,2024-12-05,0022400331,SAS,CHI,0,1511.3884626398817,1473.5594703423417,0.6033007472041003,0.3966992527958997,-18.09902241612301,18.09902241612301,1493.2894402237587,1491.6584927584647,11,10,9,13,0.5238095238095238,0.4090909090909091,0.5614849187935035
2024-25,2024-12-05,0022400332,GSW,HOU,1,1524.2772133103872,1576.959263518016,0.4745754311779033,0.5254245688220966,15.7627370646629,-15.7627370646629,1540.03995037505,1561.1965264533533,12,8,15,7,0.6,0.6818181818181818,0.46808510638297873
2024-25,2024-12-06,0022400333,PHI,ORL,1,1411.693818965628,1598.2922148489477,0.2946989271243735,0.7053010728756265,21.159032186268796,-21.159032186268796,1432.8528511518969,1577.1331826626788,5,15,16,8,0.25,0.6666666666666666,0.27272727272727276
2024-25,2024-12-06,0022400334,ATL,LAL,1,1535.9250855038995,1499.9166568621085,0.6007898828507188,0.39921011714928123,11.976303514478436,-11.976303514478436,1547.9013890183778,1487.9403533476302,12,11,12,10,0.5217391304347826,0.5454545454545454,0.4888888888888889
2024-25,2024-12-06,0022400335,BOS,MIL,1,1637.7489709350564,1523.4289651115496,0.7025676828919674,0.29743231710803264,8.922969513240979,-8.922969513240979,1646.6719404482974,1514.5059955983086,18,4,11,10,0.8181818181818182,0.5238095238095238,0.6096774193548388
2024-25,2024-12-06,0022400336,CHI,IND,0,1491.6584927584647,1429.5408572838508,0.6362336372979202,0.36376636270207985,-19.087009118937605,19.087009118937605,1472.571483639527,1448.6278664027884,10,13,9,14,0.43478260869565216,0.391304347826087,0.5263157894736842
2024-25,2024-12-06,0022400337,SAS,SAC,0,1493.2894402237587,1459.370022295949,0.5979022500143575,0.4020977499856425,-17.937067500430725,17.937067500430725,1475.352372723328,1477.3070897963796,11,11,10,13,0.5,0.43478260869565216,0.5348837209302326
2024-25,2024-12-06,0022400338,GSW,MIN,0,1540.03995037505,1513.6948332542504,0.5873766028297887,0.41262339717021135,-17.62129808489366,17.62129808489366,1522.4186522901564,1531.316131339144,13,8,11,10,0.6190476190476191,0.5238095238095238,0.5416666666666667
2024-25,2024-12-06,0022400339,POR,UTA,0,1455.240105543027,1372.5091287356404,0.663228290698494,0.336771709301506,-19.896848720954818,19.896848720954818,1435.3432568220724,1392.405977456595,8,14,4,17,0.36363636363636365,0.19047619047619047,0.65625
2024-25,2024-12-07,0022400340,CHA,CLE,0,1378.182024128932,1641.051500390495,0.21219880913968148,0.7878011908603185,-6.3659642741904445,6.3659642741904445,1371.8160598547415,1647.4174646646854,6,16,20,3,0.2727272727272727,0.8695652173913043,0.23875432525951554
2024-25,2024-12-07,0022400341,WAS,DEN,1,1332.858996211894,1521.2003840788518,0.2926177603909916,0.7073822396090084,21.22146718827025,-21.22146718827025,1354.0804634001643,1499.9789168905816,2,18,11,9,0.1,0.55,0.15384615384615385
2024-25,2024-12-07,0022400342,NOP,OKC,0,1373.830261431858,1614.6740345546407,0.2341665670162901,0.7658334329837099,-7.024997010488703,7.024997010488703,1366.8052644213692,1621.6990315651294,5,18,17,5,0.21739130434782608,0.7727272727272727,0.21956087824351297
2024-25,2024-12-07,0022400343,NYK,DET,0,1563.1782291702964,1432.2968649820978,0.7220975105124617,0.27790248948753826,-21.66292531537385,21.66292531537385,1541.5153038549226,1453.9597902974715,14,8,9,15,0.6363636363636364,0.375,0.6292134831460675
2024-25,2024-12-07,0022400344,TOR,DAL,0,1430.234141965632,1587.4076501708962,0.33108380626254047,0.6689161937374595,-9.932514187876214,9.932514187876214,1420.3016277777558,1597.3401643587724,7,16,15,8,0.30434782608695654,0.6521739130434783,0.3181818181818182
2024-25,2024-12-07,0022400345,BOS,MEM,0,1646.6719404482974,1566.597960531746,0.6598035909732537,0.3401964090267463,-19.79410772919761,19.79410772919761,1626.8778327190998,1586.3920682609435,19,4,15,8,0.8260869565217391,0.6521739130434783,0.5588235294117647
2024-25,2024-12-07,0022400346,MIA,PHX,1,1501.6431810782894,1509.7642340306886,0.5386049260442791,0.4613950739557209,13.841852218671626,-13.841852218671626,1515.485033296961,1495.922381812017,10,10,12,9,0.5,0.5714285714285714,0.4666666666666667
2024-25,2024-12-08,0022400347,CHI,PHI,0,1472.571483639527,1432.8528511518969,0.6059011346081076,0.39409886539189243,-18.177034038243228,18.177034038243228,1454.394449601284,1451.02988519014,10,14,6,15,0.4166666666666667,0.2857142857142857,0.5932203389830509
2024-25,2024-12-08,0022400348,BKN,MIL,0,1482.1277518547192,1514.5059955983086,0.5037729389327513,0.4962270610672487,-15.113188167982539,15.113188167982539,1467.0145636867367,1529.6191837662911,10,13,11,11,0.43478260869565216,0.5,0.46511627906976744
2024-25,2024-12-08,0022400349,IND,CHA,0,1448.6278664027884,1371.8160598547415,0.6555759357543264,0.3444240642456736,-19.66727807262979,19.66727807262979,1428.9605883301585,1391.4833379273714,10,14,6,17,0.4166666666666667,0.2608695652173913,0.6149732620320856
2024-25,2024-12-08,0022400350,ATL,DEN,0,1547.9013890183778,1499.9789168905816,0.6171195865495682,0.3828804134504318,-18.513587596487046,18.513587596487046,1529.3878014218908,1518.4925044870686,13,11,11,10,0.5416666666666666,0.5238095238095238,0.5083798882681564
2024-25,2024-12-08,0022400351,MIA,CLE,1,1515.485033296961,1647.4174646646854,0.3640131418811307,0.6359868581188692,19.079605743566077,-19.079605743566077,1534.5646390405273,1628.3378589211193,11,10,21,3,0.5238095238095238,0.875,0.374468085106383
2024-25,2024-12-08,0022400352,ORL,PHX,1,1577.1331826626788,1495.922381812017,0.6612709509814803,0.33872904901851975,10.161871470555592,-10.161871470555592,1587.2950541332343,1485.7605103414614,16,9,12,10,0.64,0.5454545454545454,0.5398773006134969
2024-25,2024-12-08,0022400353,WAS,MEM,0,1354.0804634001643,1586.3920682609435,0.24308921080061333,0.7569107891993867,-7.2926763240184,7.2926763240184,1346.7877870761458,1593.684744584962,3,18,16,8,0.14285714285714285,0.6666666666666666,0.1764705882352941
2024-25,2024-12-08,0022400354,SAS,NOP,1,1475.352372723328,1366.8052644213692,0.695577009306705,0.30442299069329504,9.13268972079885,-9.13268972079885,1484.485062444127,1357.6725747005703,11,12,5,19,0.4782608695652174,0.20833333333333334,0.6965699208443271
2024-25,2024-12-08,0022400355,GSW,MIN,1,1522.4186522901564,1531.316131339144,0.5374940302715401,0.4625059697284599,13.875179091853798,-13.875179091853798,1536.2938313820102,1517.4409522472902,13,9,12,10,0.5909090909090909,0.5454545454545454,0.5200000000000001
2024-25,2024-12-08,0022400356,LAC,HOU,0,1541.4077162684287,1561.1965264533533,0.5218766858325032,0.47812331416749676,-15.656300574975097,15.656300574975097,1525.7514156934535,1576.8528270283284,14,10,15,8,0.5833333333333334,0.6521739130434783,0.4721407624633432
2024-25,2024-12-08,0022400357,SAC,UTA,1,1477.3070897963796,1392.405977456595,0.6660128142542966,0.3339871857457034,10.019615572371102,-10.019615572371102,1487.3267053687507,1382.386361884224,11,13,5,17,0.4583333333333333,0.22727272727272727,0.6685082872928177
2024-25,2024-12-08,0022400358,LAL,POR,1,1487.9403533476302,1435.3432568220724,0.6234574401588149,0.3765425598411851,11.296276795235553,-11.296276795235553,1499.2366301428658,1424.0469800268368,12,11,8,15,0.5217391304347826,0.34782608695652173,0.6
2024-25,2024-12-09,0022400359,TOR,NYK,0,1420.3016277777558,1541.5153038549226,0.3784139126238549,0.6215860873761452,-11.352417378715646,11.352417378715646,1408.94921039904,1552.8677212336383,7,17,14,9,0.2916666666666667,0.6086956521739131,0.32394366197183094
2024-25,2024-12-10,0022401201,MIL,ORL,1,1529.6191837662911,1587.2950541332343,0.4674130564273427,0.5325869435726573,15.97760830717972,-15.97760830717972,1545.5967920734709,1571.3174458260546,12,11,17,9,0.5217391304347826,0.6538461538461539,0.4438122332859175
2024-25,2024-12-10,0022401203,OKC,DAL,1,1621.6990315651294,1597.3401643587724,0.584602711503073,0.41539728849692703,12.46191865490781,-12.46191865490781,1634.1609502200372,1584.8782457038646,18,5,16,8,0.782608695652174,0.6666666666666666,0.54
2024-25,2024-12-11,0022401202,NYK,ATL,0,1552.8677212336383,1529.3878014218908,0.5833734958571685,0.41662650414283153,-17.501204875715054,17.501204875715054,1535.3665163579233,1546.8890062976059,15,9,13,12,0.625,0.52,0.5458515283842794
2024-25,2024-12-11,0022401204,HOU,GSW,1,1576.8528270283284,1536.2938313820102,0.6070556676706673,0.3929443323293327,11.78832996987998,-11.78832996987998,1588.6411569982083,1524.5055014121303,16,8,14,9,0.6666666666666666,0.6086956521739131,0.5227272727272727
2024-25,2024-12-12,0022401205,BOS,DET,1,1626.8778327190998,1453.9597902974715,0.7679679447935511,0.23203205520644887,6.960961656193466,-6.960961656193466,1633.8387943752932,1446.9988286412781,19,5,10,15,0.7916666666666666,0.4,0.6643356643356643
2024-25,2024-12-12,0022401206,MIA,TOR,1,1534.5646390405273,1408.94921039904,0.7159737273109852,0.2840262726890148,8.520788180670444,-8.520788180670444,1543.0854272211977,1400.4284222183696,12,10,7,18,0.5454545454545454,0.28,0.6607929515418501
2024-25,2024-12-12,0022401207,NOP,SAC,0,1357.6725747005703,1487.3267053687507,0.36705473381992626,0.6329452661800737,-11.011642014597788,11.011642014597788,1346.6609326859725,1498.3383473833485,5,20,12,13,0.2,0.48,0.2941176470588236
2024-25,2024-12-13,0022401208,CLE,WAS,1,1628.3378589211193,1346.7877870761458,0.8608309415035825,0.13916905849641747,4.1750717548925245,-4.1750717548925245,1632.5129306760118,1342.6127153212533,21,4,3,19,0.84,0.13636363636363635,0.8603351955307262
2024-25,2024-12-13,0022401209,PHI,IND,0,1451.02988519014,1428.9605883301585,0.5813985646840532,0.41860143531594685,-17.441956940521596,17.441956940521596,1433.5879282496185,1446.40254527068,7,15,10,15,0.3181818181818182,0.4,0.4430379746835443
2024-25,2024-12-13,0022401210,MIN,LAL,1,1517.4409522472902,1499.2366301428658,0.5759742321923017,0.4240257678076983,12.720773034230948,-12.720773034230948,1530.161725281521,1486.515857108635,12,11,13,11,0.5217391304347826,0.5416666666666666,0.4906303236797274
2024-25,2024-12-13,0022401211,MEM,BKN,1,1593.684744584962,1467.0145636867367,0.7172068074565505,0.2827931925434495,8.483795776303484,-8.483795776303484,1602.1685403612653,1458.5307679104333,17,8,10,14,0.68,0.4166666666666667,0.6200607902735563
2024-25,2024-12-13,0022401212,CHI,CHA,1,1454.394449601284,1391.4833379273714,0.637290108953523,0.362709891046477,10.88129673139431,-10.88129673139431,1465.2757463326782,1380.602041195977,10,15,7,17,0.4,0.2916666666666667,0.5783132530120483
2024-25,2024-12-13,0022401213,DEN,LAC,1,1518.4925044870686,1525.7514156934535,0.5398380125814183,0.4601619874185817,13.804859622557451,-13.804859622557451,1532.297364109626,1511.9465560708961,12,10,14,11,0.5454545454545454,0.56,0.4934210526315789
2024-25,2024-12-13,0022401214,UTA,PHX,0,1382.386361884224,1485.7605103414614,0.40285260202386125,0.5971473979761388,-12.085578060715838,12.085578060715838,1370.3007838235083,1497.8460884021772,5,18,12,11,0.21739130434782608,0.5217391304347826,0.29411764705882354
2024-25,2024-12-13,0022401215,POR,SAS,0,1424.0469800268368,1484.485062444127,0.46345693192417214,0.5365430680758279,-13.903707957725164,13.903707957725164,1410.1432720691116,1498.388770401852,8,16,12,12,0.3333333333333333,0.5,0.4
2024-25,2024-12-14,0022401229,MIL,ATL,1,1545.5967920734709,1546.8890062976059,0.548357773364848,0.45164222663515197,13.549266799054559,-13.549266799054559,1559.1460588725254,1533.3397394985514,13,11,14,12,0.5416666666666666,0.5384615384615384,0.5014836795252225
2024-25,2024-12-14,0022401230,OKC,HOU,1,1634.1609502200372,1588.6411569982083,0.6138463224166493,0.38615367758335073,11.584610327500522,-11.584610327500522,1645.7455605475377,1577.0565466707078,19,5,17,8,0.7916666666666666,0.68,0.5379388448471121
2024-25,2024-12-15,0022401216,IND,NOP,1,1446.40254527068,1346.6609326859725,0.6847386103043352,0.31526138969566475,9.457841690869943,-9.457841690869943,1455.8603869615501,1337.2030909951025,11,15,5,21,0.4230769230769231,0.19230769230769232,0.6875
2024-25,2024-12-15,0022401217,WAS,BOS,0,1342.6127153212533,1633.8387943752932,0.18619051376300302,0.813809486236997,-5.5857154128900905,5.5857154128900905,1337.0269999083632,1639.4245097881833,3,20,20,5,0.13043478260869565,0.8,0.14018691588785046
2024-25,2024-12-15,0022401218,SAS,MIN,0,1498.388770401852,1530.161725281521,0.504643957698316,0.49535604230168395,-15.139318730949482,15.139318730949482,1483.2494516709025,1545.3010440124706,13,12,13,11,0.52,0.5416666666666666,0.48979591836734704
2024-25,2024-12-15,0022401219,PHX,POR,1,1497.8460884021772,1410.1432720691116,0.6695906442815707,0.33040935571842933,9.91228067155288,-9.91228067155288,1507.7583690737301,1400.2309913975587,13,11,8,17,0.5416666666666666,0.32,0.6286266924564797
2024-25,2024-12-15,0022401220,LAL,MEM,1,1486.515857108635,1602.1685403612653,0.3859723641044505,0.6140276358955494,18.420829076866482,-18.420829076866482,1504.9366861855015,1583.7477112843987,13,12,18,8,0.52,0.6923076923076923,0.4289340101522843
2024-25,2024-12-15,0022401227,ORL,NYK,0,1571.3174458260546,1535.3665163579233,0.6007104946543945,0.3992895053456055,-18.021314839631835,18.021314839631835,1553.2961309864227,1553.3878311975552,17,10,15,10,0.6296296296296297,0.6,0.5120481927710844
2024-25,2024-12-15,0022401228,GSW,DAL,0,1524.5055014121303,1584.8782457038646,0.46355046006537237,0.5364495399346276,-13.906513801961172,13.906513801961172,1510.5989876101692,1598.7847595058258,14,10,16,9,0.5833333333333334,0.64,0.4768392370572207
2024-25,2024-12-16,0022401221,DET,MIA,1,1446.9988286412781,1543.0854272211977,0.41298412054180067,0.5870158794581993,17.61047638374598,-17.61047638374598,1464.609305025024,1525.4749508374518,10,16,13,10,0.38461538461538464,0.5652173913043478,0.40492957746478875
2024-25,2024-12-16,0022401222,CHA,PHI,0,1380.602041195977,1433.5879282496185,0.4741393248970271,0.5258606751029729,-14.224179746910814,14.224179746910814,1366.3778614490664,1447.8121079965292,7,18,7,16,0.28,0.30434782608695654,0.4791666666666667
2024-25,2024-12-16,0022401223,TOR,CHI,0,1400.4284222183696,1465.2757463326782,0.45715160441440833,0.5428483955855916,-13.71454813243225,13.71454813243225,1386.7138740859373,1478.9902944651105,7,19,11,15,0.2692307692307692,0.4230769230769231,0.3888888888888889
2024-25,2024-12-16,0022401224,BKN,CLE,0,1458.5307679104333,1632.5129306760118,0.31001575602431886,0.6899842439756811,-9.300472680729566,9.300472680729566,1449.2302952297036,1641.8134033567414,10,15,22,4,0.4,0.8461538461538461,0.3209876543209877
2024-25,2024-12-16,0022401225,SAC,DEN,0,1498.3383473833485,1532.297364109626,0.5014980908722172,0.4985019091277828,-15.044942726166516,15.044942726166516,1483.293404657182,1547.3423068357924,13,13,13,10,0.5,0.5652173913043478,0.4693877551020409
2024-25,2024-12-16,0022401226,LAC,UTA,1,1511.9465560708961,1370.3007838235083,0.7343595009722044,0.26564049902779563,7.969214970833869,-7.969214970833869,1519.91577104173,1362.3315688526743,14,12,5,19,0.5384615384615384,0.20833333333333334,0.7210300429184548
2024-25,2024-12-19,0022400360,DET,UTA,0,1464.609305025024,1362.3315688526743,0.6878816096996517,0.31211839030034827,-20.636448290989552,20.636448290989552,1443.9728567340344,1382.968017143664,11,16,5,20,0.4074074074074074,0.2,0.6707317073170731
2024-25,2024-12-19,0022400361,ORL,OKC,0,1553.2961309864227,1645.7455605475377,0.41806897398253223,0.5819310260174677,-12.542069219475968,12.542069219475968,1540.7540617669467,1658.2876297670136,17,11,20,5,0.6071428571428571,0.8,0.43147208121827413
2024-25,2024-12-19,0022400362,WAS,CHA,1,1337.0269999083632,1366.3778614490664,0.508129047400714,0.49187095259928604,14.756128577978581,-14.756128577978581,1351.7831284863419,1351.6217328710877,3,21,7,19,0.125,0.2692307692307692,0.3170731707317073
2024-25,2024-12-19,0022400363,BOS,CHI,0,1639.4245097881833,1478.9902944651105,0.7549167958170773,0.24508320418292273,-22.647503874512317,22.647503874512317,1616.777005913671,1501.6377983396228,21,5,12,15,0.8076923076923077,0.4444444444444444,0.6450511945392492
2024-25,2024-12-19,0022400364,TOR,BKN,0,1386.7138740859373,1449.2302952297036,0.4604832741258536,0.5395167258741465,-13.814498223775608,13.814498223775608,1372.8993758621616,1463.0447934534793,7,20,10,16,0.25925925925925924,0.38461538461538464,0.40265486725663713
2024-25,2024-12-19,0022400365,HOU,NOP,1,1577.0565466707078,1337.2030909951025,0.8295135572516875,0.17048644274831248,5.114593282449374,-5.114593282449374,1582.171139953157,1332.0884977126532,17,9,5,22,0.6538461538461539,0.18518518518518517,0.7792869269949065
2024-25,2024-12-19,0022400366,MEM,GSW,1,1583.7477112843987,1510.5989876101692,0.6507992150496473,0.34920078495035267,10.47602354851058,-10.47602354851058,1594.2237348329093,1500.1229640616586,18,9,14,11,0.6666666666666666,0.56,0.5434782608695652
2024-25,2024-12-19,0022400367,MIN,NYK,0,1545.3010440124706,1553.3878311975552,0.538653944104944,0.46134605589505595,-16.159618323148322,16.159618323148322,1529.1414256893222,1569.5474495207036,14,11,16,10,0.56,0.6153846153846154,0.47643979057591623
2024-25,2024-12-19,0022400368,DAL,LAC,0,1598.7847595058258,1519.91577104173,0.6582448857446678,0.3417551142553322,-19.74734657234003,19.74734657234003,1579.0374129334857,1539.6631176140702,17,9,15,12,0.6538461538461539,0.5555555555555556,0.5406360424028268
2024-25,2024-12-19,0022400369,PHX,IND,0,1507.7583690737301,1455.8603869615501,0.6225122045359284,0.37748779546407163,-18.67536613607785,18.67536613607785,1489.0830029376523,1474.535753097628,14,11,12,15,0.56,0.4444444444444444,0.5575221238938054
2024-25,2024-12-19,0022400370,SAS,ATL,1,1483.2494516709025,1533.3397394985514,0.47829697566799806,0.521703024332002,15.65109072996006,-15.65109072996006,1498.9005424008626,1517.6886487685913,13,13,14,13,0.5,0.5185185185185185,0.49090909090909085
2024-25,2024-12-19,0022400371,POR,DEN,1,1400.2309913975587,1547.3423068357924,0.3440348709744983,0.6559651290255017,19.678953870765053,-19.678953870765053,1419.9099452683238,1527.6633529650273,8,18,14,10,0.3076923076923077,0.5833333333333334,0.34532374100719426
2024-25,2024-12-19,0022400372,SAC,LAL,0,1483.293404657182,1504.9366861855015,0.5192123991632561,0.4807876008367439,-15.576371974897684,15.576371974897684,1467.7170326822843,1520.5130581603992,13,14,14,12,0.48148148148148145,0.5384615384615384,0.4720670391061452
2024-25,2024-12-20,0022400373,PHI,CHA,1,1447.8121079965292,1351.6217328710877,0.6803090658614048,0.3196909341385952,9.590728024157855,-9.590728024157855,1457.4028360206871,1342.0310048469298,8,16,7,20,0.3333333333333333,0.25925925925925924,0.5625
2024-25,2024-12-20,0022400374,CLE,MIL,1,1641.8134033567414,1559.1460588725254,0.6631464709606762,0.33685352903932375,10.105605871179712,-10.105605871179712,1651.9190092279212,1549.0404530013457,23,4,14,11,0.8518518518518519,0.56,0.6033578174186779
2024-25,2024-12-20,0022400375,MIA,OKC,0,1525.4749508374518,1658.2876297670136,0.3628408772763667,0.6371591227236333,-10.885226318291002,10.885226318291002,1514.5897245191609,1669.1728560853046,13,11,21,5,0.5416666666666666,0.8076923076923077,0.40142517814726836
2024-25,2024-12-21,0022400376,SAC,LAL,0,1467.7170326822843,1520.5130581603992,0.47441183441859747,0.5255881655814025,-14.232355032557924,14.232355032557924,1453.4846776497263,1534.7454131929571,13,15,15,12,0.4642857142857143,0.5555555555555556,0.4552529182879378
2024-25,2024-12-21,0022400377,ORL,MIA,1,1540.7540617669467,1514.5897245191609,0.5871243618061109,0.41287563819388906,12.386269145816671,-12.386269145816671,1553.1403309127634,1502.2034553733442,17,12,13,12,0.5862068965517241,0.52,0.5299251870324189
2024-25,2024-12-21,0022400378,ATL,MEM,0,1517.6886487685913,1594.2237348329093,0.4405093426585387,0.5594906573414613,-13.215280279756161,13.215280279756161,1504.4733684888351,1607.4390151126654,14,14,19,9,0.5,0.6785714285714286,0.42424242424242425
2024-25,2024-12-21,0022400379,BKN,UTA,0,1463.0447934534793,1382.968017143664,0.6598072042167316,0.34019279578326844,-19.794216126501947,19.794216126501947,1443.2505773269775,1402.7622332701658,11,16,6,20,0.4074074074074074,0.23076923076923078,0.6383928571428571
2024-25,2024-12-21,0022400380,CLE,PHI,1,1651.9190092279212,1457.4028360206871,0.7893815017012992,0.21061849829870083,6.318554948961025,-6.318554948961025,1658.2375641768822,1451.084281071726,24,4,9,16,0.8571428571428571,0.36,0.704225352112676
2024-25,2024-12-21,0022400381,CHI,BOS,0,1501.6377983396228,1616.777005913671,0.3866731184303378,0.6133268815696622,-11.600193552910135,11.600193552910135,1490.0376047867126,1628.3771994665813,13,15,21,6,0.4642857142857143,0.7777777777777778,0.3738019169329074
2024-25,2024-12-21,0022400382,MIL,WAS,1,1549.0404530013457,1351.7831284863419,0.7919929691123826,0.2080070308876174,6.240210926628523,-6.240210926628523,1555.2806639279743,1345.5429175597133,14,12,4,21,0.5384615384615384,0.16,0.7709251101321586
2024-25,2024-12-21,0022400383,MIN,GSW,0,1529.1414256893222,1500.1229640616586,0.5911012829691547,0.40889871703084535,-17.73303848907464,17.73303848907464,1511.4083872002475,1517.8560025507334,14,12,14,12,0.5384615384615384,0.5384615384615384,0.5
2024-25,2024-12-21,0022400384,NOP,NYK,0,1332.0884977126532,1569.5474495207036,0.2376788717327631,0.7623211282672369,-7.1303661519828925,7.1303661519828925,1324.9581315606704,1576.6778156726864,5,23,17,10,0.17857142857142858,0.6296296296296297,0.22094926350245497
2024-25,2024-12-21,0022400385,DAL,LAC,1,1579.0374129334857,1539.6631176140702,0.6054277244387398,0.3945722755612602,11.837168266837805,-11.837168266837805,1590.8745812003235,1527.8259493472324,17,10,16,12,0.6296296296296297,0.5714285714285714,0.5242290748898679
2024-25,2024-12-21,0022400386,SAS,POR,1,1498.9005424008626,1419.9099452683238,0.6584023473306793,0.34159765266932074,10.247929580079623,-10.247929580079623,1509.1484719809423,1409.662015688244,14,13,9,18,0.5185185185185185,0.3333333333333333,0.608695652173913
2024-25,2024-12-21,0022400387,PHX,DET,0,1489.0830029376523,1443.9728567340344,0.6132872066550272,0.38671279334497277,-18.398616199650817,18.398616199650817,1470.6843867380014,1462.3714729336853,14,12,11,17,0.5384615384615384,0.39285714285714285,0.5781710914454277
2024-25,2024-12-22,0022400388,TOR,HOU,0,1372.8993758621616,1582.171139953157,0.26831490472994657,0.7316850952700534,-8.049447141898398,8.049447141898398,1364.8499287202633,1590.2205870950554,7,21,18,9,0.25,0.6666666666666666,0.27272727272727276
2024-25,2024-12-22,0022400389,SAC,IND,0,1453.4846776497263,1474.535753097628,0.5200633373427631,0.4799366626572369,-15.601900120282894,15.601900120282894,1437.8827775294435,1490.1376532179108,13,16,13,15,0.4482758620689655,0.4642857142857143,0.49122807017543857
2024-25,2024-12-22,0022400390,NOP,DEN,0,1324.9581315606704,1527.6633529650273,0.27580055424621513,0.7241994457537848,-8.274016627386453,8.274016627386453,1316.684114933284,1535.9373695924137,5,24,14,11,0.1724137931034483,0.56,0.23540489642184556
2024-25,2024-12-23,0022400391,CHA,HOU,0,1342.0310048469298,1590.2205870950554,0.22666873180865038,0.7733312681913496,-6.800061954259512,6.800061954259512,1335.2309428926703,1597.020649049315,7,21,19,9,0.25,0.6785714285714286,0.2692307692307692
2024-25,2024-12-23,0022400392,CLE,UTA,1,1658.2375641768822,1402.7622332701658,0.8418569917425557,0.15814300825744432,4.744290247723329,-4.744290247723329,1662.9818544246054,1398.0179430224425,25,4,7,20,0.8620689655172413,0.25925925925925924,0.7687927107061503
2024-25,2024-12-23,0022400393,ORL,BOS,1,1553.1403309127634,1628.3771994665813,0.4423519899916733,0.5576480100083268,16.729440300249802,-16.729440300249802,1569.869771213013,1611.6477591663315,18,12,22,6,0.6,0.7857142857142857,0.4329896907216495
2024-25,2024-12-23,0022400394,PHI,SAS,1,1451.084281071726,1509.1484719809423,0.4668566327492578,0.5331433672507422,15.994301017522265,-15.994301017522265,1467.0785820892484,1493.15417096342,9,17,15,13,0.34615384615384615,0.5357142857142857,0.3925233644859813
2024-25,2024-12-23,0022400395,ATL,MIN,1,1504.4733684888351,1511.4083872002475,0.5403011377695494,0.45969886223045064,13.790965866913519,-13.790965866913519,1518.2643343557486,1497.617421333334,14,15,14,13,0.4827586206896552,0.5185185185185185,0.4821428571428572
2024-25,2024-12-23,0022400396,MIA,BKN,1,1502.2034553733442,1443.2505773269775,0.6320069272735078,0.3679930727264922,11.039792181794766,-11.039792181794766,1513.243247555139,1432.2107851451826,13,13,11,17,0.5,0.39285714285714285,0.56
2024-25,2024-12-23,0022400397,NYK,TOR,1,1576.6778156726864,1364.8499287202633,0.8054725018911933,0.19452749810880665,5.8358249432642,-5.8358249432642,1582.5136406159506,1359.014103776999,18,10,7,22,0.6428571428571429,0.2413793103448276,0.7270194986072424
2024-25,2024-12-23,0022400398,CHI,MIL,0,1490.0376047867126,1555.2806639279743,0.45658633378747776,0.5434136662125222,-13.697590013624334,13.697590013624334,1476.3400147730883,1568.9782539415985,13,16,15,12,0.4482758620689655,0.5555555555555556,0.4465648854961832
2024-25,2024-12-23,0022400399,MEM,LAC,0,1607.4390151126654,1527.8259493472324,0.6592077860837312,0.3407922139162688,-19.776233582511935,19.776233582511935,1587.6627815301536,1547.6021829297442,20,9,16,13,0.6896551724137931,0.5517241379310345,0.5555555555555556
2024-25,2024-12-23,0022400400,OKC,WAS,1,1669.1728560853046,1345.5429175597133,0.8873985763779423,0.11260142362205772,3.3780427086617317,-3.3780427086617317,1672.5508987939663,1342.1648748510515,22,5,4,22,0.8148148148148148,0.15384615384615385,0.8411764705882353
2024-25,2024-12-23,0022400401,DAL,POR,1,1590.8745812003235,1409.662015688244,0.7763670945371639,0.2236329054628361,6.708987163885083,-6.708987163885083,1597.5835683642085,1402.953028524359,18,10,9,19,0.6428571428571429,0.32142857142857145,0.6666666666666666
2024-25,2024-12-23,0022400402,DEN,PHX,1,1535.9373695924137,1470.6843867380014,0.6404004331936043,0.3595995668063957,10.787987004191871,-10.787987004191871,1546.7253565966055,1459.8963997338096,15,11,14,13,0.5769230769230769,0.5185185185185185,0.5266579973992198
2024-25,2024-12-23,0022400403,GSW,IND,0,1517.8560025507334,1490.1376532179108,0.5892911587057083,0.41070884129429175,-17.67873476117125,17.67873476117125,1500.1772677895622,1507.816387979082,15,12,14,15,0.5555555555555556,0.4827586206896552,0.5350553505535055
2024-25,2024-12-23,0022400404,LAL,DET,0,1534.7454131929571,1462.3714729336853,0.6497849540778063,0.35021504592219366,-19.493548622334192,19.493548622334192,1515.251864570623,1481.8650215560194,16,12,12,17,0.5714285714285714,0.41379310344827586,0.5800000000000001
2024-25,2024-12-25,0022400405,NYK,SAS,1,1582.5136406159506,1493.15417096342,0.6716970593094398,0.3283029406905602,9.849088220716807,-9.849088220716807,1592.3627288366674,1483.3050827427032,19,10,15,14,0.6551724137931034,0.5172413793103449,0.5588235294117646
2024-25,2024-12-25,0022400406,DAL,MIN,0,1597.5835683642085,1497.617421333334,0.6850175629776495,0.3149824370223505,-20.550526889329486,20.550526889329486,1577.0330414748792,1518.1679482226634,19,10,14,14,0.6551724137931034,0.5,0.5671641791044776
2024-25,2024-12-25,0022400407,BOS,PHI,0,1611.6477591663315,1467.0785820892484,0.7376293522762564,0.26237064772374363,-22.12888056828769,22.12888056828769,1589.5188785980438,1489.207462657536,22,7,10,17,0.7586206896551724,0.37037037037037035,0.671945701357466
2024-25,2024-12-25,0022400408,GSW,LAL,0,1500.1772677895622,1515.251864570623,0.5286435641264652,0.4713564358735348,-15.859306923793955,15.859306923793955,1484.317960865768,1531.111171494417,15,13,16,13,0.5357142857142857,0.5517241379310345,0.4926387315968289
2024-25,2024-12-25,0022400409,PHX,DEN,1,1459.8963997338096,1546.7253565966055,0.4259605321964428,0.5740394678035572,17.221184034106717,-17.221184034106717,1477.1175837679164,1529.5041725624988,14,14,16,11,0.5,0.5925925925925926,0.4576271186440678
2024-25,2024-12-26,0022400410,IND,OKC,0,1507.816387979082,1672.5508987939663,0.32151637341510897,0.678483626584891,-9.645491202453268,9.645491202453268,1498.1708967766288,1682.1963899964196,15,15,23,5,0.5,0.8214285714285714,0.3783783783783784
2024-25,2024-12-26,0022400411,ORL,MIA,0,1569.869771213013,1513.243247555139,0.6288869245835879,0.37111307541641214,-18.866607737507636,18.866607737507636,1551.0031634755055,1532.1098552926467,19,12,14,13,0.6129032258064516,0.5185185185185185,0.5417106652587117
2024-25,2024-12-26,0022400412,WAS,CHA,1,1342.1648748510515,1335.2309428926703,0.5600564395410755,0.43994356045892447,13.198306813767735,-13.198306813767735,1355.3631816648192,1322.0326360789027,4,23,7,22,0.14814814814814814,0.2413793103448276,0.38032786885245895
2024-25,2024-12-26,0022400413,ATL,CHI,1,1518.2643343557486,1476.3400147730883,0.608928864675139,0.39107113532486104,11.732134059745832,-11.732134059745832,1529.9964684154945,1464.6078807133424,15,15,13,17,0.5,0.43333333333333335,0.5357142857142857
2024-25,2024-12-26,0022400414,MEM,TOR,1,1587.6627815301536,1359.014103776999,0.8201971533362599,0.17980284666374013,5.394085399912204,-5.394085399912204,1593.0568669300658,1353.6200183770868,20,10,7,23,0.6666666666666666,0.23333333333333334,0.7407407407407408
2024-25,2024-12-26,0022400415,MIL,BKN,0,1568.9782539415985,1432.2107851451826,0.7288455052407944,0.2711544947592056,-21.86536515722383,21.86536515722383,1547.1128887843747,1454.0761503024064,16,12,11,18,0.5714285714285714,0.3793103448275862,0.6010362694300518
2024-25,2024-12-26,0022400416,NOP,HOU,0,1316.684114933284,1597.020649049315,0.195876167687915,0.804123832312085,-5.87628503063745,5.87628503063745,1310.8078299026465,1602.8969340799524,5,25,20,9,0.16666666666666666,0.6896551724137931,0.19463087248322147
2024-25,2024-12-26,0022400417,POR,UTA,1,1402.953028524359,1398.0179430224425,0.5572194397078005,0.4427805602921995,13.283416808765985,-13.283416808765985,1416.236445333125,1384.7345262136766,9,20,7,21,0.3103448275862069,0.25,0.5538461538461539
2024-25,2024-12-26,0022400418,SAC,DET,0,1437.8827775294435,1481.8650215560194,0.4870763909018585,0.5129236090981415,-14.612291727055755,14.612291727055755,1423.2704858023878,1496.477313283075,13,17,13,17,0.43333333333333335,0.43333333333333335,0.5
2024-25,2024-12-27,0022400419,ORL,NYK,0,1551.0031634755055,1592.3627288366674,0.4908488717487163,0.5091511282512837,-14.725466152461488,14.725466152461488,1536.277697323044,1607.0881949891289,19,13,20,10,0.59375,0.6666666666666666,0.4710743801652893
2024-25,2024-12-27,0022400420,BOS,IND,1,1589.5188785980438,1498.1708967766288,0.6742163293434226,0.32578367065657743,9.773510119697322,-9.773510119697322,1599.292388717741,1488.3973866569315,22,8,15,16,0.7333333333333333,0.4838709677419355,0.6024734982332155
2024-25,2024-12-27,0022400421,BKN,SAS,0,1454.0761503024064,1483.3050827427032,0.5083044700919985,0.49169552990800147,-15.249134102759957,15.249134102759957,1438.8270161996466,1498.554216845463,12,18,15,15,0.4,0.5,0.4444444444444445
2024-25,2024-12-27,0022400422,HOU,MIN,0,1602.8969340799524,1518.1679482226634,0.6657923758853196,0.3342076241146804,-19.97377127655959,19.97377127655959,1582.9231628033929,1538.141719499223,21,9,15,14,0.7,0.5172413793103449,0.575070821529745
2024-25,2024-12-27,0022400423,NOP,MEM,0,1310.8078299026465,1593.0568669300658,0.1941479187554687,0.8058520812445313,-5.824437562664061,5.824437562664061,1304.9833923399824,1598.88130449273,5,26,21,10,0.16129032258064516,0.6774193548387096,0.19230769230769232
2024-25,2024-12-27,0022400424,DEN,CLE,0,1529.5041725624988,1662.9818544246054,0.3619563425790106,0.6380436574209893,-10.858690277370318,10.858690277370318,1518.6454822851285,1673.8405447019757,16,12,26,4,0.5714285714285714,0.8666666666666667,0.3973509933774834
2024-25,2024-12-27,0022400425,PHX,DAL,0,1477.1175837679164,1577.0330414748792,0.40765127985729044,0.5923487201427096,-12.229538395718713,12.229538395718713,1464.8880453721977,1589.2625798705978,15,14,19,11,0.5172413793103449,0.6333333333333333,0.44955044955044965
2024-25,2024-12-27,0022400426,LAC,GSW,1,1547.6021829297442,1484.317960865768,0.6377864285333524,0.36221357146664757,10.866407143999426,-10.866407143999426,1558.4685900737436,1473.4515537217687,17,13,15,14,0.5666666666666667,0.5172413793103449,0.5227995758218451
2024-25,2024-12-28,0022400427,ATL,MIA,1,1529.9964684154945,1532.1098552926467,0.547186799513495,0.452813200486505,13.58439601459515,-13.58439601459515,1543.5808644300896,1518.5254592780516,16,15,15,13,0.5161290322580645,0.5357142857142857,0.4906900328587076
2024-25,2024-12-28,0022400428,CHA,OKC,0,1322.0326360789027,1682.1963899964196,0.13333439015257303,0.866665609847427,-4.000031704577191,4.000031704577191,1318.0326043743255,1686.1964217009968,7,23,24,5,0.23333333333333334,0.8275862068965517,0.21993499458288193
2024-25,2024-12-28,0022400429,WAS,NYK,0,1355.3631816648192,1607.0881949891289,0.22312116007494878,0.7768788399250512,-6.6936348022484635,6.6936348022484635,1348.6695468625708,1613.7818297913773,5,23,21,10,0.17857142857142858,0.6774193548387096,0.20861372812920592
2024-25,2024-12-28,0022400430,CHI,MIL,1,1464.6078807133424,1547.1128887843747,0.43205766965750575,0.5679423303424942,17.038269910274828,-17.038269910274828,1481.6461506236171,1530.0746188741,13,18,16,13,0.41935483870967744,0.5517241379310345,0.43184421534936995
2024-25,2024-12-28,0022400431,GSW,PHX,1,1473.4515537217687,1464.8880453721977,0.5623664364645218,0.4376335635354782,13.129006906064348,-13.129006906064348,1486.5805606278332,1451.7590384661332,15,15,15,15,0.5,0.5,0.5
2024-25,2024-12-28,0022400432,DEN,DET,1,1518.6454822851285,1496.477313283075,0.5815370756562881,0.4184629243437119,12.553887730311358,-12.553887730311358,1531.1993700154399,1483.9234255527638,16,13,14,17,0.5517241379310345,0.45161290322580644,0.5498891352549888
2024-25,2024-12-28,0022400433,UTA,PHI,0,1384.7345262136766,1489.207462657536,0.4013319526370344,0.5986680473629655,-12.039958579111033,12.039958579111033,1372.6945676345656,1501.2474212366471,7,22,11,17,0.2413793103448276,0.39285714285714285,0.3805825242718447
2024-25,2024-12-28,0022400434,POR,DAL,1,1416.236445333125,1589.2625798705978,0.31119418271185045,0.6888058172881495,20.664174518644487,-20.664174518644487,1436.9006198517695,1568.5984053519533,10,20,20,11,0.3333333333333333,0.6451612903225806,0.3406593406593406
2024-25,2024-12-28,0022400435,LAL,SAC,1,1531.111171494417,1423.2704858023878,0.6947152462067246,0.30528475379327535,9.15854261379826,-9.15854261379826,1540.2697141082153,1414.1119431885895,17,13,13,18,0.5666666666666667,0.41935483870967744,0.574700109051254
2024-25,2024-12-29,0022400436,ORL,BKN,1,1536.277697323044,1438.8270161996466,0.6818848569385002,0.3181151430614998,9.543454291844993,-9.543454291844993,1545.821151614889,1429.2835619078016,19,14,12,19,0.5757575757575758,0.3870967741935484,0.5979695431472082
2024-25,2024-12-29,0022400437,BOS,IND,0,1599.292388717741,1488.3973866569315,0.6984313364131148,0.30156866358688517,-20.952940092393444,20.952940092393444,1578.3394486253476,1509.350326749325,23,8,15,17,0.7419354838709677,0.46875,0.6128226477935054
2024-25,2024-12-29,0022400438,TOR,ATL,0,1353.6200183770868,1543.5808644300896,0.29069184003051424,0.7093081599694857,-8.720755200915427,8.720755200915427,1344.8992631761714,1552.301619631005,7,24,17,15,0.22580645161290322,0.53125,0.2982689747003994
2024-25,2024-12-29,0022400439,HOU,MIA,0,1582.9231628033929,1518.5254592780516,0.6392658564426132,0.36073414355738675,-19.1779756932784,19.1779756932784,1563.7451871101146,1537.70343497133,21,10,15,14,0.6774193548387096,0.5172413793103449,0.5670391061452513
2024-25,2024-12-29,0022400440,OKC,MEM,1,1686.1964217009968,1598.88130449273,0.6690967017114317,0.33090329828856835,9.92709894865705,-9.92709894865705,1696.1235206496538,1588.954205544073,25,5,22,10,0.8333333333333334,0.6875,0.547945205479452
2024-25,2024-12-29,0022400441,MIN,SAS,1,1538.141719499223,1498.554216845463,0.6057208748199184,0.39427912518008157,11.828373755402447,-11.828373755402447,1549.9700932546255,1486.7258430900606,16,14,16,15,0.5333333333333333,0.5161290322580645,0.5081967213114754
2024-25,2024-12-30,0022400442,CHA,CHI,0,1318.0326043743255,1481.6461506236171,0.32292562655811685,0.6770743734418831,-9.687768796743505,9.687768796743505,1308.344835577582,1491.3339194203606,7,24,14,18,0.22580645161290322,0.4375,0.3404255319148936
2024-25,2024-12-30,0022400443,WAS,NYK,0,1348.6695468625708,1613.7818297913773,0.21004855206354583,0.7899514479364542,-6.301456561906375,6.301456561906375,1342.3680903006643,1620.0832863532837,5,24,22,10,0.1724137931034483,0.6875,0.2005012531328321
2024-25,2024-12-30,0022400444,NOP,LAC,0,1304.9833923399824,1558.4685900737436,0.2213697512834483,0.7786302487165517,-6.6410925385034485,6.6410925385034485,1298.342299801479,1565.109682612247,5,27,18,13,0.15625,0.5806451612903226,0.21203830369357043
2024-25,2024-12-30,0022400445,UTA,DEN,0,1372.6945676345656,1531.1993700154399,0.32938878392226556,0.6706112160777344,-9.881663517667967,9.881663517667967,1362.8129041168977,1541.0810335331078,7,23,17,13,0.23333333333333334,0.5666666666666667,0.29166666666666663
2024-25,2024-12-30,0022400446,GSW,CLE,0,1486.5805606278332,1673.8405447019757,0.2939079633611165,0.7060920366388834,-8.817238900833496,8.817238900833496,1477.7633217269997,1682.657783602809,16,15,27,4,0.5161290322580645,0.8709677419354839,0.3720930232558139
2024-25,2024-12-30,0022400447,POR,PHI,0,1436.9006198517695,1501.2474212366471,0.457866712399894,0.5421332876001059,-13.73600137199682,13.73600137199682,1423.1646184797728,1514.9834226086439,11,20,12,17,0.3548387096774194,0.41379310344827586,0.46164978292329956
2024-25,2024-12-30,0022400448,SAC,DAL,1,1414.1119431885895,1568.5984053519533,0.33451834146519416,0.6654816585348058,19.964449756044175,-19.964449756044175,1434.0763929446337,1548.6339555959091,13,19,20,12,0.40625,0.625,0.3939393939393939
2024-25,2024-12-31,0022400449,BOS,TOR,1,1578.3394486253476,1344.8992631761714,0.824228932050591,0.175771067949409,5.27313203848227,-5.27313203848227,1583.61258066383,1339.626131137689,23,9,7,25,0.71875,0.21875,0.7666666666666667
2024-25,2024-12-31,0022400450,IND,MIL,0,1509.350326749325,1530.0746188741,0.5205328412700918,0.4794671587299082,-15.615985238102754,15.615985238102754,1493.7343415112223,1545.6906041122027,16,17,16,14,0.48484848484848486,0.5333333333333333,0.4761904761904763
2024-25,2024-12-31,0022400451,SAS,LAC,1,1486.7258430900606,1565.109682612247,0.43788812134264016,0.5621118786573598,16.863356359720793,-16.863356359720793,1503.5891994497813,1548.2463262525264,16,16,19,13,0.5,0.59375,0.45714285714285713
2024-25,2024-12-31,0022400452,OKC,MIN,1,1696.1235206496538,1549.9700932546255,0.7393904756936578,0.2606095243063422,7.818285729190267,-7.818285729190267,1703.941806378844,1542.1518075254353,26,5,17,14,0.8387096774193549,0.5483870967741935,0.6046511627906976
2024-25,2024-12-31,0022400453,PHX,MEM,0,1451.7590384661332,1588.954205544073,0.3570289863261131,0.6429710136738869,-10.710869589783393,10.710869589783393,1441.0481688763498,1599.6650751338564,15,16,22,11,0.4838709677419355,0.6666666666666666,0.42056074766355145
2024-25,2024-12-31,0022400454,LAL,CLE,0,1540.2697141082153,1682.657783602809,0.35019653732448947,0.6498034626755105,-10.505896119734684,10.505896119734684,1529.7638179884807,1693.1636797225437,18,13,28,4,0.5806451612903226,0.875,0.3988919667590028
2024-25,2025-01-01,0022400455,DET,ORL,1,1483.9234255527638,1545.821151614889,0.4613682100003677,0.5386317899996322,16.158953699988967,-16.158953699988967,1500.0823792527528,1529.6621979149,14,18,20,14,0.4375,0.5882352941176471,0.4265232974910394
2024-25,2025-01-01,0022400456,WAS,CHI,1,1342.3680903006643,1491.3339194203606,0.34162972000791647,0.6583702799920835,19.751108399762504,-19.751108399762504,1362.1191987004268,1471.5828110205982,5,25,15,18,0.16666666666666666,0.45454545454545453,0.26829268292682923
2024-25,2025-01-01,0022400457,MIA,NOP,1,1537.70343497133,1298.342299801479,0.8291123928164433,0.17088760718355667,5.1266282155067,-5.1266282155067,1542.8300631868367,1293.2156715859721,16,14,5,28,0.5333333333333333,0.15151515151515152,0.7787610619469026
2024-25,2025-01-01,0022400458,NYK,UTA,1,1620.0832863532837,1362.8129041168977,0.8432278280978465,0.15677217190215353,4.703165157064606,-4.703165157064606,1624.7864515103483,1358.109738959833,23,10,7,24,0.696969696969697,0.22580645161290322,0.7552966101694916
2024-25,2025-01-01,0022400459,TOR,BKN,1,1339.626131137689,1429.2835619078016,0.42198416782306597,0.578015832176934,17.34047496530802,-17.34047496530802,1356.966606102997,1411.9430869424937,7,26,12,20,0.21212121212121213,0.375,0.36129032258064514
2024-25,2025-01-01,0022400460,HOU,DAL,1,1563.7451871101146,1548.6339555959091,0.5716199152470374,0.42838008475296263,12.851402542588879,-12.851402542588879,1576.5965896527034,1535.7825530533203,21,11,20,13,0.65625,0.6060606060606061,0.5198799699924982
2024-25,2025-01-01,0022400461,DEN,ATL,1,1541.0810335331078,1552.301619631005,0.5341679919894263,0.4658320080105737,13.97496024031721,-13.97496024031721,1555.055993773425,1538.3266593906878,18,13,18,15,0.5806451612903226,0.5454545454545454,0.5156250000000001
2024-25,2025-01-01,0022400462,SAC,PHI,1,1434.0763929446337,1514.9834226086439,0.4343162784185941,0.5656837215814059,16.970511647442176,-16.970511647442176,1451.0469045920759,1498.0129109612017,14,19,13,17,0.42424242424242425,0.43333333333333335,0.4946996466431095
2024-25,2025-01-02,0022400463,MIA,IND,0,1542.8300631868367,1493.7343415112223,0.6187141196303785,0.3812858803696215,-18.561423588911353,18.561423588911353,1524.2686395979254,1512.2957651001336,17,14,16,18,0.5483870967741935,0.47058823529411764,0.5381750465549348
2024-25,2025-01-02,0022400464,MIN,BOS,0,1542.1518075254353,1583.61258066383,0.49070327161828053,0.5092967283817195,-14.721098148548416,14.721098148548416,1527.4307093768869,1598.3336788123784,17,15,24,9,0.53125,0.7272727272727273,0.4221218961625282
2024-25,2025-01-02,0022400465,MIL,BKN,0,1545.6906041122027,1411.9430869424937,0.725396227287784,0.27460377271221603,-21.76188681863352,21.76188681863352,1523.9287172935692,1433.7049737611271,17,14,12,21,0.5483870967741935,0.36363636363636365,0.6012861736334405
2024-25,2025-01-02,0022400466,OKC,LAC,1,1703.941806378844,1548.2463262525264,0.7498348016186759,0.2501651983813241,7.504955951439723,-7.504955951439723,1711.4467623302837,1540.7413703010866,27,5,19,14,0.84375,0.5757575757575758,0.5943962641761175
2024-25,2025-01-02,0022400467,GSW,PHI,1,1477.7633217269997,1498.0129109612017,0.5212148028951886,0.4787851971048114,14.363555913144342,-14.363555913144342,1492.1268776401441,1483.6493550480573,16,16,13,18,0.5,0.41935483870967744,0.5438596491228069
2024-25,2025-01-02,0022400468,LAL,POR,1,1529.7638179884807,1423.1646184797728,0.6931974535604227,0.3068025464395773,9.204076393187318,-9.204076393187318,1538.967894381668,1413.9605420865855,18,14,11,21,0.5625,0.34375,0.6206896551724138
2024-25,2025-01-03,0022400469,DET,CHA,1,1500.0823792527528,1308.344835577582,0.7867098774565553,0.2132901225434447,6.398703676303342,-6.398703676303342,1506.4810829290561,1301.9461319012787,15,18,7,25,0.45454545454545453,0.21875,0.6751054852320675
2024-25,2025-01-03,0022400470,TOR,ORL,0,1356.966606102997,1529.6621979149,0.3116021896002557,0.6883978103997443,-9.34806568800767,9.34806568800767,1347.6185404149894,1539.0102636029076,8,26,20,15,0.23529411764705882,0.5714285714285714,0.29166666666666663
2024-25,2025-01-03,0022400471,HOU,BOS,0,1576.5965896527034,1598.3336788123784,0.5190775970573619,0.4809224029426381,-15.572327911720857,15.572327911720857,1561.0242617409826,1613.9060067240991,22,11,25,9,0.6666666666666666,0.7352941176470589,0.4755244755244755
2024-25,2025-01-03,0022400472,NOP,WAS,1,1293.2156715859721,1362.1191987004268,0.45136318237984796,0.548636817620152,16.459104528604563,-16.459104528604563,1309.6747761145766,1345.6600941718223,5,29,6,25,0.14705882352941177,0.1935483870967742,0.4317548746518106
2024-25,2025-01-03,0022400473,OKC,NYK,1,1711.4467623302837,1624.7864515103483,0.6682616084525876,0.33173839154741236,9.95215174642237,-9.95215174642237,1721.398914076706,1614.834299763926,28,5,24,10,0.8484848484848485,0.7058823529411765,0.5458715596330275
2024-25,2025-01-03,0022400474,DAL,CLE,0,1535.7825530533203,1693.1636797225437,0.3308191735050961,0.669180826494904,-9.924575205152882,9.924575205152882,1525.8579778481674,1703.0882549276967,20,14,29,4,0.5882352941176471,0.8787878787878788,0.40097205346294046
2024-25,2025-01-03,0022400475,DEN,SAS,0,1555.055993773425,1503.5891994497813,0.6219287529870346,0.37807124701296535,-18.65786258961104,18.65786258961104,1536.3981311838138,1522.2470620393924,19,13,17,16,0.59375,0.5151515151515151,0.5354397950469684
2024-25,2025-01-03,0022400476,SAC,MEM,1,1451.0469045920759,1599.6650751338564,0.34207998899295383,0.6579200110070462,19.737600330211386,-19.737600330211386,1470.7845049222872,1579.927474803645,15,19,23,11,0.4411764705882353,0.6764705882352942,0.39473684210526316
2024-25,2025-01-03,0022400477,LAL,ATL,1,1538.967894381668,1538.3266593906878,0.5511126924623405,0.4488873075376595,13.466619226129785,-13.466619226129785,1552.4345136077977,1524.860040164558,19,14,18,16,0.5757575757575758,0.5294117647058824,0.5209677419354839
2024-25,2025-01-04,0022400478,BKN,PHI,0,1433.7049737611271,1483.6493550480573,0.4785065602537248,0.5214934397462752,-14.355196807611744,14.355196807611744,1419.3497769535154,1498.004551855669,13,21,13,19,0.38235294117647056,0.40625,0.4848484848484848
2024-25,2025-01-04,0022400479,DET,MIN,1,1506.4810829290561,1527.4307093768869,0.5202090974010012,0.4797909025989988,14.393727077969965,-14.393727077969965,1520.874810007026,1513.0369822989169,16,18,17,16,0.47058823529411764,0.5151515151515151,0.47739602169981915
2024-25,2025-01-04,0022400480,IND,PHX,1,1512.2957651001336,1441.0481688763498,0.6483080521149504,0.35169194788504965,10.55075843655149,-10.55075843655149,1522.846523536685,1430.4974104397984,17,18,15,17,0.4857142857142857,0.46875,0.5088868101028998
2024-25,2025-01-04,0022400481,MIA,UTA,0,1524.2686395979254,1358.109738959833,0.760962514340734,0.23903748565926597,-22.82887543022202,22.82887543022202,1501.4397641677033,1380.9386143900551,17,15,7,25,0.53125,0.21875,0.7083333333333334
2024-25,2025-01-04,0022400482,CHI,NYK,1,1471.5828110205982,1614.834299763926,0.34906635851125223,0.6509336414887478,19.52800924466243,-19.52800924466243,1491.1108202652606,1595.3062905192637,15,19,24,11,0.4411764705882353,0.6857142857142857,0.3914988814317673
2024-25,2025-01-04,0022400483,MIL,POR,0,1523.9287172935692,1413.9605420865855,0.6973064123032314,0.3026935876967686,-20.919192369096944,20.919192369096944,1503.0095249244723,1434.8797344556824,17,15,11,22,0.53125,0.3333333333333333,0.6144578313253013
2024-25,2025-01-04,0022400484,SAS,DEN,0,1522.2470620393924,1536.3981311838138,0.5299680606837698,0.4700319393162302,-15.899041820513094,15.899041820513094,1506.3480202188794,1552.2971730043269,18,16,19,14,0.5294117647058824,0.5757575757575758,0.4790322580645161
2024-25,2025-01-04,0022400485,GSW,MEM,1,1492.1268776401441,1579.927474803645,0.4245934601993381,0.5754065398006619,17.262196194019857,-17.262196194019857,1509.389073834164,1562.6652786096251,17,16,23,12,0.5151515151515151,0.6571428571428571,0.4394387001477105
2024-25,2025-01-04,0022400486,LAC,ATL,1,1540.7413703010866,1524.860040164558,0.5727050910274276,0.4272949089725724,12.818847269177171,-12.818847269177171,1553.5602175702638,1512.0411928953808,19,15,18,17,0.5588235294117647,0.5142857142857142,0.5207517619420517
2024-25,2025-01-05,0022400487,OKC,BOS,1,1721.398914076706,1613.9060067240991,0.6942904903705023,0.3057095096294977,9.171285288884931,-9.171285288884931,1730.570199365591,1604.7347214352142,29,5,26,9,0.8529411764705882,0.7428571428571429,0.5344918378093733
2024-25,2025-01-05,0022400488,CLE,CHA,1,1703.0882549276967,1301.9461319012787,0.9248840790867034,0.07511592091329655,2.2534776273988966,-2.2534776273988966,1705.3417325550956,1299.6926542738797,30,4,7,26,0.8823529411764706,0.21212121212121213,0.8061889250814332
2024-25,2025-01-05,0022400489,WAS,NOP,0,1345.6600941718223,1309.6747761145766,0.6007579750698986,0.3992420249301014,-18.022739252096958,18.022739252096958,1327.6373549197253,1327.6975153666735,6,26,6,29,0.1875,0.17142857142857143,0.5223880597014925
2024-25,2025-01-05,0022400490,ORL,UTA,0,1539.0102636029076,1380.9386143900551,0.7523918396216032,0.24760816037839684,-22.571755188648094,22.571755188648094,1516.4385084142596,1403.5103695787031,21,15,8,25,0.5833333333333334,0.24242424242424243,0.7064220183486238
2024-25,2025-01-05,0022400491,HOU,LAL,1,1561.0242617409826,1552.4345136077977,0.5624036106849372,0.43759638931506284,13.127891679451885,-13.127891679451885,1574.1521534204346,1539.3066219283457,22,12,20,14,0.6470588235294118,0.5882352941176471,0.5238095238095238
2024-25,2025-01-05,0022400492,GSW,SAC,0,1509.389073834164,1470.7845049222872,0.6043687556313,0.3956312443687,-18.131062668939,18.131062668939,1491.258011165225,1488.9155675912261,18,16,16,19,0.5294117647058824,0.45714285714285713,0.5366269165247018
2024-25,2025-01-06,0022400493,DET,POR,1,1520.874810007026,1434.8797344556824,0.6674121295394467,0.33258787046055327,9.977636113816597,-9.977636113816597,1530.8524461208426,1424.902098341866,17,18,12,22,0.4857142857142857,0.35294117647058826,0.5791583166332666
2024-25,2025-01-06,0022400494,PHI,PHX,0,1498.004551855669,1430.4974104397984,0.6433831660708672,0.3566168339291328,-19.301494982126016,19.301494982126016,1478.703056873543,1449.7989054219245,14,19,15,18,0.42424242424242425,0.45454545454545453,0.4827586206896552
2024-25,2025-01-06,0022400495,BKN,IND,0,1419.3497769535154,1522.846523536685,0.40268284120791625,0.5973171587920838,-12.080485236237488,12.080485236237488,1407.2692917172778,1534.9270087729226,13,22,18,18,0.37142857142857144,0.5,0.42622950819672134
2024-25,2025-01-06,0022400496,NYK,ORL,0,1595.3062905192637,1516.4385084142596,0.6582433235494928,0.3417566764505072,-19.74729970648478,19.74729970648478,1575.558990812779,1536.1858081207442,24,12,21,16,0.6666666666666666,0.5675675675675675,0.5401459854014599
2024-25,2025-01-06,0022400497,TOR,MIL,0,1347.6185404149894,1503.0095249244723,0.33336021496501494,0.666639785034985,-10.00080644895045,10.00080644895045,1337.617733966039,1513.0103313734228,8,27,17,16,0.22857142857142856,0.5151515151515151,0.3073341094295693
2024-25,2025-01-06,0022400498,CHI,SAS,1,1491.1108202652606,1506.3480202188794,0.5284103210746776,0.47158967892532244,14.147690367759672,-14.147690367759672,1505.2585106330203,1492.2003298511197,16,19,18,17,0.45714285714285713,0.5142857142857142,0.4705882352941177
2024-25,2025-01-06,0022400499,MEM,DAL,1,1562.6652786096251,1525.8579778481674,0.6018923231944514,0.3981076768055486,11.943230304166457,-11.943230304166457,1574.6085089137916,1513.9147475440009,23,13,20,15,0.6388888888888888,0.5714285714285714,0.5278688524590164
2024-25,2025-01-06,0022400500,MIN,LAC,1,1513.0369822989169,1553.5602175702638,0.4920520950179401,0.5079479049820599,15.238437149461797,-15.238437149461797,1528.2754194483787,1538.321780420802,17,17,20,15,0.5,0.5714285714285714,0.4666666666666667
2024-25,2025-01-06,0022400501,SAC,MIA,1,1488.9155675912261,1501.4397641677033,0.5323002363453772,0.46769976365462285,14.030992909638686,-14.030992909638686,1502.9465605008647,1487.4087712580647,17,19,17,16,0.4722222222222222,0.5151515151515151,0.4782608695652174
2024-25,2025-01-07,0022400502,CHA,PHX,1,1299.6926542738797,1449.7989054219245,0.34015471222523314,0.6598452877747669,19.79535863324301,-19.79535863324301,1319.4880129071228,1430.0035467886814,7,27,16,18,0.20588235294117646,0.47058823529411764,0.3043478260869565
2024-25,2025-01-07,0022400503,WAS,HOU,0,1327.6373549197253,1574.1521534204346,0.22836312495091773,0.7716368750490823,-6.850893748527532,6.850893748527532,1320.7864611711977,1581.0030471689622,6,27,23,12,0.18181818181818182,0.6571428571428571,0.21671826625387
2024-25,2025-01-07,0022400504,DAL,LAL,1,1513.9147475440009,1539.3066219283457,0.5138236804768376,0.4861763195231624,14.585289585694873,-14.585289585694873,1528.5000371296958,1524.7213323426508,20,16,20,15,0.5555555555555556,0.5714285714285714,0.49295774647887325
2024-25,2025-01-07,0022400505,NOP,MIN,0,1327.6975153666735,1528.2754194483787,0.2782531719155523,0.7217468280844477,-8.34759515746657,8.34759515746657,1319.349920209207,1536.6230146058451,7,29,18,17,0.19444444444444445,0.5142857142857142,0.27435610302351626
2024-25,2025-01-07,0022400506,UTA,ATL,0,1403.5103695787031,1512.0411928953808,0.3957327531478629,0.6042672468521371,-11.871982594435886,11.871982594435886,1391.6383869842673,1523.9131754898167,9,25,18,18,0.2647058823529412,0.5,0.3461538461538462
2024-25,2025-01-07,0022400507,DEN,BOS,0,1552.2971730043269,1604.7347214352142,0.47492640022271454,0.5250735997772855,-14.247792006681436,14.247792006681436,1538.0493809976454,1618.9825134418957,20,14,26,10,0.5882352941176471,0.7222222222222222,0.4488778054862843
2024-25,2025-01-07,0022400508,GSW,MIA,0,1491.258011165225,1487.4087712580647,0.5556767004970201,0.4443232995029799,-16.670301014910603,16.670301014910603,1474.5877101503145,1504.0790722729753,18,17,17,17,0.5142857142857142,0.5,0.5070422535211268
2024-25,2025-01-08,0022400509,CLE,OKC,1,1705.3417325550956,1730.570199365591,0.5140586600536533,0.4859413399463467,14.5782401983904,-14.5782401983904,1719.919972753486,1715.9919591672005,31,4,30,5,0.8857142857142857,0.8571428571428571,0.5081967213114754
2024-25,2025-01-08,0022400510,IND,CHI,1,1534.9270087729226,1505.2585106330203,0.592005395668447,0.407994604331553,12.23983812994659,-12.23983812994659,1547.166846902869,1493.0186725030737,19,18,17,19,0.5135135135135135,0.4722222222222222,0.5209444021325209
2024-25,2025-01-08,0022400511,NYK,TOR,1,1575.558990812779,1337.617733966039,0.827951216416861,0.17204878358313902,5.161463507494171,-5.161463507494171,1580.7204543202731,1332.4562704585449,24,13,8,28,0.6486486486486487,0.2222222222222222,0.7448275862068966
2024-25,2025-01-08,0022400512,PHI,WAS,1,1478.703056873543,1320.7864611711977,0.7522255197470835,0.24777448025291648,7.433234407587495,-7.433234407587495,1486.1362912811303,1313.3532267636103,14,20,6,28,0.4117647058823529,0.17647058823529413,0.7
2024-25,2025-01-08,0022400513,BKN,DET,0,1407.2692917172778,1530.8524461208426,0.3752109604490122,0.6247890395509879,-11.256328813470367,11.256328813470367,1396.0129629038074,1542.108774934313,13,23,18,18,0.3611111111111111,0.5,0.4193548387096774
2024-25,2025-01-08,0022400514,NOP,POR,0,1319.349920209207,1424.902098341866,0.3998402004046232,0.6001597995953768,-11.995206012138697,11.995206012138697,1307.3547141970685,1436.8973043540045,7,30,12,23,0.1891891891891892,0.34285714285714286,0.35558780841799714
2024-25,2025-01-08,0022400515,DEN,LAC,1,1538.0493809976454,1538.321780420802,0.5498112599670459,0.45018874003295406,13.505662200988622,-13.505662200988622,1551.555043198634,1524.8161182198135,20,15,20,16,0.5714285714285714,0.5555555555555556,0.5070422535211268
2024-25,2025-01-08,0022400516,MIL,SAS,1,1513.0103313734228,1492.2003298511197,0.5796332895812466,0.4203667104187534,12.611001312562601,-12.611001312562601,1525.6213326859854,1479.589328538557,18,16,18,18,0.5294117647058824,0.5,0.5142857142857143
2024-25,2025-01-09,0022400517,CLE,TOR,1,1719.919972753486,1332.4562704585449,0.9192274610748318,0.08077253892516822,2.423176167755047,-2.423176167755047,1722.343148921241,1330.03309429079,32,4,8,29,0.8888888888888888,0.21621621621621623,0.8043478260869565
2024-25,2025-01-09,0022400518,DET,GSW,0,1542.108774934313,1474.5877101503145,0.6434015554279341,0.3565984445720659,-19.302046662838023,19.302046662838023,1522.806728271475,1493.8897568131524,19,18,18,18,0.5135135135135135,0.5,0.5066666666666666
2024-25,2025-01-09,0022400519,ORL,MIN,0,1536.1858081207442,1536.6230146058451,0.5495764263519719,0.4504235736480281,-16.487292790559156,16.487292790559156,1519.698515330185,1553.1103073964043,22,16,19,17,0.5789473684210527,0.5277777777777778,0.5231175693527081
2024-25,2025-01-09,0022400520,MEM,HOU,0,1574.6085089137916,1581.0030471689622,0.5410738009208151,0.45892619907918486,-16.232214027624455,16.232214027624455,1558.3762948861672,1597.2352611965866,24,13,24,12,0.6486486486486487,0.6666666666666666,0.49315068493150693
2024-25,2025-01-09,0022400521,DAL,POR,1,1528.5000371296958,1436.8973043540045,0.6745383539645003,0.32546164603549965,9.76384938106499,-9.76384938106499,1538.2638865107608,1427.1334549729395,21,16,13,23,0.5675675675675675,0.3611111111111111,0.6111560226354082
2024-25,2025-01-09,0022400522,PHX,ATL,1,1430.0035467886814,1523.9131754898167,0.4160254219721056,0.5839745780278944,17.51923734083683,-17.51923734083683,1447.5227841295182,1506.39393814898,16,19,19,18,0.45714285714285713,0.5135135135135135,0.47096260938743034
2024-25,2025-01-09,0022400523,UTA,MIA,0,1391.6383869842673,1504.0790722729753,0.3903635244523937,0.6096364755476062,-11.710905733571812,11.710905733571812,1379.9274812506956,1515.789978006547,9,26,18,17,0.2571428571428571,0.5142857142857142,0.3333333333333333
2024-25,2025-01-10,0022400525,IND,GSW,1,1547.166846902869,1493.8897568131524,0.6243759229067032,0.3756240770932968,11.268722312798904,-11.268722312798904,1558.435569215668,1482.6210345003535,20,18,19,18,0.5263157894736842,0.5135135135135135,0.506155950752394
2024-25,2025-01-10,0022400526,ORL,MIL,0,1519.698515330185,1525.6213326859854,0.5417480051456903,0.4582519948543097,-16.25244015437071,16.25244015437071,1503.4460751758143,1541.8737728403562,22,17,19,16,0.5641025641025641,0.5428571428571428,0.5095962938451356
2024-25,2025-01-10,0022400527,PHI,NOP,0,1486.1362912811303,1307.3547141970685,0.7739280643822161,0.22607193561778394,-23.21784193146648,23.21784193146648,1462.918449349664,1330.5725561285349,15,20,7,31,0.42857142857142855,0.18421052631578946,0.6993865030674847
2024-25,2025-01-10,0022400528,BOS,SAC,0,1618.9825134418957,1502.9465605008647,0.7046276689251725,0.2953723310748275,-21.138830067755173,21.138830067755173,1597.8436833741405,1524.08539056862,27,10,18,19,0.7297297297297297,0.4864864864864865,0.6
2024-25,2025-01-10,0022400529,NYK,OKC,0,1580.7204543202731,1715.9919591672005,0.35957501363038824,0.6404249863696118,-10.787250408911648,10.787250408911648,1569.9332039113615,1726.7792095761122,25,13,30,6,0.6578947368421053,0.8333333333333334,0.4411764705882353
2024-25,2025-01-10,0022400530,CHI,WAS,1,1493.0186725030737,1313.3532267636103,0.7748170298134704,0.22518297018652955,6.755489105595887,-6.755489105595887,1499.7741616086696,1306.5977376580145,17,20,6,29,0.4594594594594595,0.17142857142857143,0.7282741738066095
2024-25,2025-01-10,0022400531,DEN,BKN,1,1551.555043198634,1396.0129629038074,0.7496691220863899,0.2503308779136101,7.509926337408302,-7.509926337408302,1559.0649695360423,1388.503036566399,21,15,13,24,0.5833333333333334,0.35135135135135137,0.6240963855421686
2024-25,2025-01-11,0022400533,PHX,UTA,1,1447.5227841295182,1379.9274812506956,0.6434995986207895,0.35650040137921046,10.695012041376314,-10.695012041376314,1458.2177961708944,1369.2324692093193,17,19,9,27,0.4722222222222222,0.25,0.6538461538461539
2024-25,2025-01-11,0022400534,DET,TOR,1,1522.806728271475,1330.03309429079,0.787708946172267,0.21229105382773295,6.368731614831988,-6.368731614831988,1529.1754598863072,1323.6643626759578,19,19,8,30,0.5,0.21052631578947367,0.7037037037037037
2024-25,2025-01-11,0022400535,MIN,MEM,0,1553.1103073964043,1558.3762948861672,0.5426865201259223,0.45731347987407767,-16.28059560377767,16.28059560377767,1536.8297117926268,1574.656890489945,20,17,24,14,0.5405405405405406,0.631578947368421,0.46116504854368934
2024-25,2025-01-11,0022400536,POR,MIA,0,1427.1334549729395,1515.789978006547,0.4233901496052914,0.5766098503947086,-12.701704488158743,12.701704488158743,1414.4317504847807,1528.4916824947059,13,24,19,17,0.35135135135135137,0.5277777777777778,0.3996584116140051
2024-25,2025-01-12,0022400539,NYK,MIL,1,1569.9332039113615,1541.8737728403562,0.589766277128293,0.410233722871707,12.30701168615121,-12.30701168615121,1582.2402155975126,1529.566761154205,25,14,20,16,0.6410256410256411,0.5555555555555556,0.5357142857142857
2024-25,2025-01-12,0022400540,DAL,DEN,0,1538.2638865107608,1559.0649695360423,0.5204225156459453,0.4795774843540547,-15.61267546937836,15.61267546937836,1522.6512110413823,1574.6776450054208,22,16,22,15,0.5789473684210527,0.5945945945945946,0.4933333333333333
2024-25,2025-01-12,0022400541,CHI,SAC,0,1499.7741616086696,1524.08539056862,0.5153775268860518,0.48462247311394824,-15.461325806581552,15.461325806581552,1484.312835802088,1539.5467163752014,18,20,19,19,0.47368421052631576,0.5,0.4864864864864865
2024-25,2025-01-12,0022400542,BOS,NOP,1,1597.8436833741405,1330.5725561285349,0.850688650539248,0.14931134946075197,4.4793404838225594,-4.4793404838225594,1602.323023857963,1326.0932156447122,27,11,8,31,0.7105263157894737,0.20512820512820512,0.7759764185703759
2024-25,2025-01-12,0022400543,CLE,IND,0,1722.343148921241,1558.435569215668,0.7585972071690151,0.24140279283098487,-22.757916215070455,22.757916215070455,1699.5852327061705,1581.1934854307385,33,4,21,18,0.8918918918918919,0.5384615384615384,0.623546511627907
2024-25,2025-01-12,0022400544,ORL,PHI,1,1503.4460751758143,1462.918449349664,0.6070125916409044,0.3929874083590956,11.789622250772869,-11.789622250772869,1515.2356974265872,1451.128827098891,22,18,15,21,0.55,0.4166666666666667,0.5689655172413793
2024-25,2025-01-12,0022400545,WAS,OKC,0,1306.5977376580145,1726.7792095761122,0.09820918923498895,0.901790810765011,-2.9462756770496683,2.9462756770496683,1303.6514619809648,1729.7254852531619,6,30,31,6,0.16666666666666666,0.8378378378378378,0.16591928251121077
2024-25,2025-01-12,0022400546,UTA,BKN,1,1369.2324692093193,1388.503036566399,0.5226210203341587,0.4773789796658413,14.321369389975239,-14.321369389975239,1383.5538385992945,1374.1816671764238,9,28,13,25,0.24324324324324326,0.34210526315789475,0.4155528554070474
2024-25,2025-01-12,0022400547,PHX,CHA,1,1458.2177961708944,1319.4880129071228,0.7310721491355687,0.2689278508644313,8.067835525932939,-8.067835525932939,1466.2856316968273,1311.42017738119,18,19,8,27,0.4864864864864865,0.22857142857142856,0.6803455723542117
2024-25,2025-01-13,0022400548,WAS,MIN,0,1303.6514619809648,1536.8297117926268,0.2421724624891054,0.7578275375108946,-7.265173874673162,7.265173874673162,1296.3862881062917,1544.0948856672999,6,31,20,18,0.16216216216216217,0.5263157894736842,0.23553719008264465
2024-25,2025-01-13,0022400549,NYK,DET,0,1582.2402155975126,1529.1754598863072,0.624089213754396,0.37591078624560403,-18.72267641263188,18.72267641263188,1563.5175391848807,1547.898136298939,26,14,20,19,0.65,0.5128205128205128,0.5589856670341787
2024-25,2025-01-13,0022400550,TOR,GSW,1,1323.6643626759578,1482.6210345003535,0.3288144620523651,0.6711855379476349,20.13556613842905,-20.13556613842905,1343.799928814387,1462.4854683619244,8,31,19,19,0.20512820512820512,0.5,0.29090909090909095
2024-25,2025-01-13,0022400551,HOU,MEM,1,1597.2352611965866,1574.656890489945,0.582111593790902,0.41788840620909795,12.536652186272939,-12.536652186272939,1609.7719133828596,1562.120238303672,25,12,25,14,0.6756756756756757,0.6410256410256411,0.513157894736842
2024-25,2025-01-13,0022400552,LAL,SAS,0,1524.7213323426508,1479.589328538557,0.6133170470409047,0.38668295295909527,-18.39951141122714,18.39951141122714,1506.3218209314236,1497.9888399497843,20,16,18,19,0.5555555555555556,0.4864864864864865,0.5331412103746397
2024-25,2025-01-13,0022400553,LAC,MIA,1,1524.8161182198135,1528.4916824947059,0.544957737583243,0.45504226241675705,13.65126787250271,-13.65126787250271,1538.4673860923162,1514.840414622203,20,17,20,17,0.5405405405405406,0.5405405405405406,0.5
2024-25,2025-01-14,0022400554,IND,CLE,0,1581.1934854307385,1699.5852327061705,0.38224232910837674,0.6177576708916233,-11.467269873251302,11.467269873251302,1569.7262155574872,1711.0525025794218,22,18,33,5,0.55,0.868421052631579,0.3877551020408163
2024-25,2025-01-14,0022400555,PHI,OKC,0,1451.128827098891,1729.7254852531619,0.19745850744177093,0.802541492558229,-5.923755223253128,5.923755223253128,1445.2050718756377,1735.6492404764151,15,22,32,6,0.40540540540540543,0.8421052631578947,0.32497149372862033
2024-25,2025-01-14,0022400556,ATL,PHX,1,1506.39393814898,1466.2856316968273,0.6064366361191095,0.3935633638808905,11.806900916426716,-11.806900916426716,1518.2008390654066,1454.4787307804006,19,19,19,19,0.5,0.5,0.5
2024-25,2025-01-14,0022400557,CHI,NOP,0,1484.312835802088,1326.0932156447122,0.7525504924396623,0.24744950756033768,-22.57651477318987,22.57651477318987,1461.7363210288981,1348.6697304179022,18,21,8,32,0.46153846153846156,0.2,0.6976744186046511
2024-25,2025-01-14,0022400558,MIL,SAC,1,1529.566761154205,1539.5467163752014,0.5359446247380388,0.46405537526196117,13.921661257858835,-13.921661257858835,1543.488422412064,1525.6250551173425,20,17,20,19,0.5405405405405406,0.5128205128205128,0.5131578947368421
2024-25,2025-01-14,0022400559,DAL,DEN,0,1522.6512110413823,1574.6776450054208,0.4755165884198859,0.524483411580114,-14.265497652596578,14.265497652596578,1508.3857133887857,1588.9431426580175,22,17,23,15,0.5641025641025641,0.6052631578947368,0.482400461627236
2024-25,2025-01-14,0022400560,POR,BKN,0,1414.4317504847807,1374.1816671764238,0.606631406711538,0.39336859328846197,-18.198942201346142,18.198942201346142,1396.2328082834345,1392.38060937777,13,25,13,26,0.34210526315789475,0.3333333333333333,0.5064935064935066
2024-25,2025-01-15,0022400561,PHI,NYK,0,1445.2050718756377,1563.5175391848807,0.38235009948779675,0.6176499005122033,-11.470502984633903,11.470502984633903,1433.7345688910038,1574.9880421695145,15,23,26,15,0.39473684210526316,0.6341463414634146,0.38365564566437926
2024-25,2025-01-15,0022400562,TOR,BOS,1,1343.799928814387,1602.323023857963,0.2164114924962351,0.783588507503765,23.50765522511295,-23.50765522511295,1367.3075840395,1578.81536863285,9,31,28,11,0.225,0.717948717948718,0.238613188307274
2024-25,2025-01-15,0022400563,CHI,ATL,0,1461.7363210288981,1518.2008390654066,0.4691493152606492,0.5308506847393508,-14.074479457819475,14.074479457819475,1447.6618415710786,1532.2753185232261,18,22,20,19,0.45,0.5128205128205128,0.4673768308921439
2024-25,2025-01-15,0022400564,MIL,ORL,1,1543.488422412064,1515.2356974265872,0.5900354564856657,0.4099645435143343,12.29893630543003,-12.29893630543003,1555.787358717494,1502.9367611211571,21,17,23,18,0.5526315789473685,0.5609756097560976,0.49625360230547544
2024-25,2025-01-15,0022400565,MIN,GSW,0,1544.0948856672999,1462.4854683619244,0.661784736587979,0.338215263412021,-19.85354209763937,19.85354209763937,1524.2413435696606,1482.3390104595637,21,18,19,20,0.5384615384615384,0.48717948717948717,0.525
2024-25,2025-01-15,0022400566,NOP,DAL,1,1348.6697304179022,1508.3857133887857,0.3278505366036797,0.6721494633963203,20.16448390188961,-20.16448390188961,1368.8342143197917,1488.2212294868962,9,32,22,18,0.21951219512195122,0.55,0.28526148969889065
2024-25,2025-01-15,0022400567,SAS,MEM,0,1497.9888399497843,1562.120238303672,0.4581745171279583,0.5418254828720417,-13.74523551383875,13.74523551383875,1484.2436044359456,1575.8654738175107,19,19,25,15,0.5,0.625,0.4444444444444444
2024-25,2025-01-15,0022400568,DEN,HOU,0,1588.9431426580175,1609.7719133828596,0.5203827361892932,0.4796172638107068,-15.611482085678796,15.611482085678796,1573.3316605723387,1625.3833954685383,24,15,26,12,0.6153846153846154,0.6842105263157895,0.47352024922118385
2024-25,2025-01-15,0022400569,UTA,CHA,0,1383.5538385992945,1311.42017738119,0.6494701314393253,0.3505298685606747,-19.484103943179758,19.484103943179758,1364.0697346561149,1330.9042813243695,10,28,8,28,0.2631578947368421,0.2222222222222222,0.5421686746987951
2024-25,2025-01-15,0022400570,LAL,MIA,1,1506.3218209314236,1514.840414622203,0.5380361794726775,0.46196382052732254,13.858914615819677,-13.858914615819677,1520.1807355472433,1500.9815000063834,20,17,20,18,0.5405405405405406,0.5263157894736842,0.5066666666666666
2024-25,2025-01-15,0022400571,LAC,BKN,1,1538.4673860923162,1392.38060937777,0.7393165382712841,0.2606834617287159,7.820503851861478,-7.820503851861478,1546.2878899441778,1384.5601055259085,21,17,14,26,0.5526315789473685,0.35,0.6122448979591837
2024-25,2025-01-16,0022400572,DET,IND,0,1547.898136298939,1569.7262155574872,0.5189468411080803,0.4810531588919197,-15.568405233242409,15.568405233242409,1532.3297310656967,1585.2946207907296,21,19,22,19,0.525,0.5365853658536586,0.49454336588167724
2024-25,2025-01-16,0022400573,WAS,PHX,0,1296.3862881062917,1454.4787307804006,0.32991333435993675,0.6700866656400633,-9.897400030798103,9.897400030798103,1286.4888880754936,1464.3761308111987,6,32,19,20,0.15789473684210525,0.48717948717948717,0.24476987447698745
2024-25,2025-01-16,0022400574,OKC,CLE,1,1735.6492404764151,1711.0525025794218,0.584935195492852,0.415064804507148,12.45194413521444,-12.45194413521444,1748.1011846116296,1698.6005584442073,33,6,34,5,0.8461538461538461,0.8717948717948718,0.4925373134328358
2024-25,2025-01-16,0022400575,POR,LAC,0,1396.2328082834345,1546.2878899441778,0.3402208281108293,0.6597791718891707,-10.20662484332488,10.20662484332488,1386.0261834401097,1556.4945147875026,13,26,22,17,0.3333333333333333,0.5641025641025641,0.37142857142857144
2024-25,2025-01-16,0022400576,SAC,HOU,1,1525.6250551173425,1625.3833954685383,0.40786969481122093,0.5921303051887791,17.763909155663374,-17.763909155663374,1543.388964273006,1607.6194863128749,20,20,27,12,0.5,0.6923076923076923,0.41935483870967744
2024-25,2025-01-17,0022400577,BOS,ORL,1,1578.81536863285,1502.9367611211571,0.6543619641329514,0.34563803586704855,10.369141076011456,-10.369141076011456,1589.1845097088615,1492.5676200451458,28,12,23,19,0.7,0.5476190476190477,0.5610687022900763
2024-25,2025-01-17,0022400578,NYK,MIN,0,1574.9880421695145,1524.2413435696606,0.6209535856442159,0.3790464143557841,-18.628607569326476,18.628607569326476,1556.359434600188,1542.869951138987,27,15,21,19,0.6428571428571429,0.525,0.5504587155963303
2024-25,2025-01-17,0022400579,MIA,DEN,0,1500.9815000063834,1573.3316605723387,0.44645490879405403,0.553545091205946,-13.39364726382162,13.39364726382162,1487.5878527425618,1586.7253078361603,20,19,24,16,0.5128205128205128,0.6,0.46082949308755755
2024-25,2025-01-17,0022400580,MIL,TOR,1,1555.787358717494,1367.3075840395,0.7835462166064399,0.21645378339356014,6.493613501806804,-6.493613501806804,1562.2809722193008,1360.8139705376932,22,17,10,31,0.5641025641025641,0.24390243902439024,0.6981424148606811
2024-25,2025-01-17,0022400581,NOP,UTA,1,1368.8342143197917,1364.0697346561149,0.5569771199860013,0.4430228800139987,13.290686400419961,-13.290686400419961,1382.1249007202116,1350.779048255695,10,32,10,29,0.23809523809523808,0.2564102564102564,0.4814814814814815
2024-25,2025-01-17,0022400582,SAS,MEM,0,1484.2436044359456,1575.8654738175107,0.41922840109592285,0.5807715989040771,-12.576852032877685,12.576852032877685,1471.666752403068,1588.4423258503884,19,20,26,15,0.48717948717948717,0.6341463414634146,0.43446737311767986
2024-25,2025-01-17,0022400583,DAL,OKC,1,1488.2212294868962,1748.1011846116296,0.21508990467753525,0.7849100953224648,23.547302859673945,-23.547302859673945,1511.76853234657,1724.5538817519557,22,19,34,6,0.5365853658536586,0.85,0.38698328935795956
2024-25,2025-01-17,0022400584,CHI,CHA,0,1447.6618415710786,1330.9042813243695,0.7054914754951054,0.2945085245048946,-21.164744264853162,21.164744264853162,1426.4970973062254,1352.0690255892227,18,23,9,28,0.43902439024390244,0.24324324324324326,0.6434782608695652
2024-25,2025-01-17,0022400585,LAL,BKN,1,1520.1807355472433,1384.5601055259085,0.7275388368301255,0.27246116316987445,8.173834895096233,-8.173834895096233,1528.3545704423395,1376.3862706308123,21,17,14,27,0.5526315789473685,0.34146341463414637,0.6180904522613065
2024-25,2025-01-18,0022400586,DET,PHX,0,1532.3297310656967,1464.3761308111987,0.6439726180224279,0.3560273819775721,-19.319178540672837,19.319178540672837,1513.010552525024,1483.6953093518714,21,20,20,20,0.5121951219512195,0.5,0.5060240963855421
2024-25,2025-01-18,0022400587,BOS,ATL,0,1589.1845097088615,1532.2753185232261,0.6292666059402127,0.37073339405978734,-18.87799817820638,18.87799817820638,1570.3065115306551,1551.1533167014325,29,12,21,19,0.7073170731707317,0.525,0.5739732805541811
2024-25,2025-01-18,0022400588,IND,PHI,1,1585.2946207907296,1433.7345688910038,0.7453428126004115,0.25465718739958854,7.639715621987656,-7.639715621987656,1592.9343364127174,1426.094853269016,23,19,15,24,0.5476190476190477,0.38461538461538464,0.587426326129666
2024-25,2025-01-18,0022400589,GSW,WAS,1,1482.3390104595637,1286.4888880754936,0.790655334211274,0.20934466578872601,6.28033997366178,-6.28033997366178,1488.6193504332255,1280.2085481018319,20,20,6,33,0.5,0.15384615384615385,0.7647058823529411
2024-25,2025-01-18,0022400590,MIN,CLE,0,1542.869951138987,1698.6005584442073,0.33292588886880625,0.6670741111311937,-9.987776666064187,9.987776666064187,1532.8821744729228,1708.5883351102716,22,19,34,6,0.5365853658536586,0.85,0.38698328935795956
2024-25,2025-01-18,0022400591,POR,HOU,0,1386.0261834401097,1607.6194863128749,0.2546208585482285,0.7453791414517714,-7.638625756446856,7.638625756446856,1378.3875576836629,1615.2581120693217,13,27,27,13,0.325,0.675,0.325
2024-25,2025-01-19,0022400592,MIA,SAS,1,1487.5878527425618,1471.666752403068,0.5727611138565115,0.4272388861434885,12.817166584304655,-12.817166584304655,1500.4050193268665,1458.8495858187632,20,20,19,21,0.5,0.475,0.5128205128205129
2024-25,2025-01-19,0022400593,ORL,DEN,0,1492.5676200451458,1586.7253078361603,0.4156785473659883,0.5843214526340117,-12.470356420979648,12.470356420979648,1480.097263624166,1599.19566425714,23,20,25,16,0.5348837209302325,0.6097560975609756,0.4672943508424182
2024-25,2025-01-19,0022400594,MIL,PHI,1,1562.2809722193008,1426.094853269016,0.7281836273610924,0.27181637263890757,8.154491179167227,-8.154491179167227,1570.435463398468,1417.9403620898488,23,17,15,25,0.575,0.375,0.6052631578947368
2024-25,2025-01-19,0022400595,OKC,BKN,1,1724.5538817519557,1376.3862706308123,0.9007593189346557,0.09924068106534434,2.97722043196033,-2.97722043196033,1727.5311021839161,1373.409050198852,34,7,14,28,0.8292682926829268,0.3333333333333333,0.7132867132867132
2024-25,2025-01-19,0022400596,LAC,LAL,1,1556.4945147875026,1528.3545704423395,0.589878405729339,0.41012159427066097,12.303647828119828,-12.303647828119828,1568.7981626156225,1516.0509226142196,23,17,22,17,0.575,0.5641025641025641,0.5047833427124366
2024-25,2025-01-19,0022400597,POR,CHI,1,1378.3875576836629,1426.4970973062254,0.4811428042386259,0.5188571957613741,15.565715872841224,-15.565715872841224,1393.953273556504,1410.931381433384,13,28,18,24,0.3170731707317073,0.42857142857142855,0.4252336448598131
2024-25,2025-01-19,0022400598,SAC,WAS,1,1543.388964273006,1280.2085481018319,0.8476728748662943,0.15232712513370572,4.569813754011172,-4.569813754011172,1547.9587780270172,1275.6387343478207,21,20,6,34,0.5121951219512195,0.15,0.7734806629834254
2024-25,2025-01-20,0022400599,CHA,DAL,1,1352.0690255892227,1511.76853234657,0.3278714373577437,0.6721285626422563,20.163856879267687,-20.163856879267687,1372.2328824684905,1491.6046754673023,10,28,23,19,0.2631578947368421,0.5476190476190477,0.32457496136012365
2024-25,2025-01-20,0022400600,HOU,DET,0,1615.2581120693217,1513.010552525024,0.6878443127222136,0.3121556872777864,-20.63532938166641,20.63532938166641,1594.6227826876552,1533.6458819066904,28,13,21,21,0.6829268292682927,0.5,0.5773195876288659
2024-25,2025-01-20,0022400601,MEM,MIN,1,1588.4423258503884,1532.8821744729228,0.6274531339436988,0.37254686605630116,11.176405981689035,-11.176405981689035,1599.6187318320774,1521.7057684912338,27,15,22,20,0.6428571428571429,0.5238095238095238,0.5510204081632654
2024-25,2025-01-20,0022400602,NYK,ATL,1,1556.359434600188,1551.1533167014325,0.5576043440856029,0.4423956559143971,13.271869677431914,-13.271869677431914,1569.6313042776198,1537.8814470240006,27,16,22,19,0.627906976744186,0.5365853658536586,0.5392109108621529
2024-25,2025-01-20,0022400603,CLE,PHX,1,1708.5883351102716,1483.6953093518714,0.8169867791480167,0.18301322085198335,5.490396625559501,-5.490396625559501,1714.078731735831,1478.204912726312,35,6,21,20,0.8536585365853658,0.5121951219512195,0.625
2024-25,2025-01-20,0022400604,GSW,BOS,0,1488.6193504332255,1570.3065115306551,0.433213281123254,0.5667867188767459,-12.996398433697621,12.996398433697621,1475.622951999528,1583.3029099643527,21,20,29,13,0.5121951219512195,0.6904761904761905,0.42588121680347657
2024-25,2025-01-20,0022400605,NOP,UTA,1,1382.1249007202116,1350.779048255695,0.5943354796848517,0.4056645203151483,12.16993560945445,-12.16993560945445,1394.294836329666,1338.6091126462406,11,32,10,30,0.2558139534883721,0.25,0.5057471264367817
2024-25,2025-01-20,0022400611,LAC,CHI,0,1568.7981626156225,1410.931381433384,0.7521720697489364,0.24782793025106364,-22.56516209246809,22.56516209246809,1546.2330005231543,1433.4965435258523,24,17,18,25,0.5853658536585366,0.4186046511627907,0.5830508474576271
2024-25,2025-01-21,0022400606,BKN,NYK,0,1373.409050198852,1569.6313042776198,0.28331645451954157,0.7166835454804584,-8.499493635586248,8.499493635586248,1364.9095565632656,1578.1307979132062,14,29,28,16,0.32558139534883723,0.6363636363636364,0.3384615384615385
2024-25,2025-01-21,0022400607,MIA,POR,0,1500.4050193268665,1393.953273556504,0.6930169030990765,0.3069830969009235,-20.790507092972295,20.790507092972295,1479.6145122338942,1414.7437806494763,21,20,14,28,0.5121951219512195,0.3333333333333333,0.6057692307692308
2024-25,2025-01-21,0022400608,TOR,ORL,1,1360.8139705376932,1480.097263624166,0.38103119301327576,0.6189688069867243,18.569064209601727,-18.569064209601727,1379.383034747295,1461.5281994145644,10,32,23,21,0.23809523809523808,0.5227272727272727,0.31294452347083923
2024-25,2025-01-21,0022400609,DEN,PHI,1,1599.19566425714,1417.9403620898488,0.7764098045324977,0.22359019546750225,6.707705864025067,-6.707705864025067,1605.903370121165,1411.2326562258238,26,16,15,26,0.6190476190476191,0.36585365853658536,0.6285377358490566
2024-25,2025-01-21,0022400610,LAL,WAS,1,1516.0509226142196,1275.6387343478207,0.8299679303747087,0.17003206962529127,5.100962088758738,-5.100962088758738,1521.1518847029784,1270.537772259062,22,18,6,35,0.55,0.14634146341463414,0.7898423817863397
2024-25,2025-01-22,0022400612,ATL,DET,0,1537.8814470240006,1533.6458819066904,0.5562257052099087,0.44377429479009134,-16.68677115629726,16.68677115629726,1521.1946758677034,1550.3326530629877,22,20,22,21,0.5238095238095238,0.5116279069767442,0.5058823529411766
2024-25,2025-01-22,0022400613,BKN,PHX,0,1364.9095565632656,1478.204912726312,0.38919332549845287,0.6108066745015471,-11.675799764953586,11.675799764953586,1353.233756798312,1489.8807124912655,14,30,21,21,0.3181818181818182,0.5,0.3888888888888889
2024-25,2025-01-22,0022400614,DAL,MIN,0,1491.6046754673023,1521.7057684912338,0.5070496266744053,0.49295037332559466,-15.21148880023216,15.21148880023216,1476.39318666707,1536.917257291466,23,20,22,21,0.5348837209302325,0.5116279069767442,0.5111111111111111
2024-25,2025-01-22,0022400615,HOU,CLE,1,1594.6227826876552,1714.078731735831,0.3807968159082675,0.6192031840917325,18.576095522751974,-18.576095522751974,1613.1988782104072,1695.502636213079,28,14,36,6,0.6666666666666666,0.8571428571428571,0.4375
2024-25,2025-01-22,0022400616,MEM,CHA,1,1599.6187318320774,1372.2328824684905,0.8191226073619605,0.18087739263803948,5.426321779141184,-5.426321779141184,1605.0450536112187,1366.8065606893492,28,15,11,28,0.6511627906976745,0.28205128205128205,0.6977635782747604
2024-25,2025-01-22,0022400618,OKC,UTA,1,1727.5311021839161,1338.6091126462406,0.9198485549617766,0.08015144503822336,2.4045433511467005,-2.4045433511467005,1729.9356455350628,1336.204569295094,35,7,10,31,0.8333333333333334,0.24390243902439024,0.7735849056603774
2024-25,2025-01-22,0022400619,SAC,GSW,1,1547.9587780270172,1475.622951999528,0.6497350240750378,0.3502649759249622,10.507949277748866,-10.507949277748866,1558.466727304766,1465.115002721779,22,20,21,21,0.5238095238095238,0.5,0.5116279069767442
2024-25,2025-01-22,0022400620,LAC,BOS,0,1546.2330005231543,1583.3029099643527,0.49702119610359996,0.5029788038964,-14.910635883107998,14.910635883107998,1531.3223646400463,1598.2135458474606,24,18,30,13,0.5714285714285714,0.6976744186046512,0.45026178010471196
2024-25,2025-01-23,0022400621,IND,SAS,0,1592.9343364127174,1458.8495858187632,0.7257827526352405,0.2742172473647595,-21.773482579057216,21.773482579057216,1571.1608538336602,1480.6230683978204,24,19,19,22,0.5581395348837209,0.4634146341463415,0.5463631315935591
2024-25,2025-01-23,0022400622,ORL,POR,0,1461.5281994145644,1414.7437806494763,0.615570475331825,0.38442952466817504,-18.467114259954748,18.467114259954748,1443.0610851546096,1433.210894909431,23,22,15,28,0.5111111111111111,0.3488372093023256,0.5943509615384616
2024-25,2025-01-23,0022400623,ATL,TOR,0,1521.1946758677034,1379.383034747295,0.7345457210021964,0.2654542789978036,-22.036371630065894,22.036371630065894,1499.1583042376376,1401.4194063773607,22,21,11,32,0.5116279069767442,0.2558139534883721,0.6666666666666666
2024-25,2025-01-23,0022400624,MIL,MIA,1,1570.435463398468,1479.6145122338942,0.6735496002205394,0.32645039977946055,9.793511993383817,-9.793511993383817,1580.228975391852,1469.8210002405103,24,17,21,21,0.5853658536585366,0.5,0.5393258426966292
2024-25,2025-01-23,0022400625,OKC,DAL,0,1729.9356455350628,1476.39318666707,0.8403700372184837,0.1596299627815163,-25.21110111655451,25.21110111655451,1704.7245444185082,1501.6042877836246,36,7,23,21,0.8372093023255814,0.5227272727272727,0.6156237854644385
2024-25,2025-01-23,0022400626,DEN,SAC,1,1605.903370121165,1558.466727304766,0.616458567642035,0.383541432357965,11.50624297073895,-11.50624297073895,1617.4096130919038,1546.9604843340271,27,16,23,20,0.627906976744186,0.5348837209302325,0.54
2024-25,2025-01-23,0022400628,GSW,CHI,1,1465.115002721779,1433.4965435258523,0.5947137711821038,0.4052862288178962,12.158586864536886,-12.158586864536886,1477.273589586316,1421.3379566613155,21,22,19,25,0.4883720930232558,0.4318181818181818,0.5307294658242389
2024-25,2025-01-23,0022400629,LAL,BOS,1,1521.1518847029784,1598.2135458474606,0.439762403339644,0.560237596660356,16.80712789981068,-16.80712789981068,1537.959012602789,1581.40641794765,23,18,31,13,0.5609756097560976,0.7045454545454546,0.44327639071397285
2024-25,2025-01-23,0022400983,LAC,WAS,1,1531.3223646400463,1270.537772259062,0.8458835194946702,0.15411648050532978,4.623494415159893,-4.623494415159893,1535.9458590552063,1265.914277843902,24,19,6,36,0.5581395348837209,0.14285714285714285,0.7962085308056871
2024-25,2025-01-24,0022400630,CHA,POR,0,1366.8065606893492,1433.210894909431,0.4549282112150385,0.5450717887849614,-13.647846336451156,13.647846336451156,1353.158714352898,1446.8587412458824,11,29,16,28,0.275,0.36363636363636365,0.4306049822064057
2024-25,2025-01-24,0022400631,PHI,CLE,1,1411.2326562258238,1695.502636213079,0.1923342815665921,0.807665718433408,24.229971553002237,-24.229971553002237,1435.4626277788261,1671.2726646600768,15,27,36,7,0.35714285714285715,0.8372093023255814,0.29902642559109877
2024-25,2025-01-24,0022400632,MEM,NOP,1,1605.0450536112187,1394.294836329666,0.804498644288148,0.195501355711852,5.86504067135556,-5.86504067135556,1610.9100942825742,1388.4297956583105,29,15,12,32,0.6590909090909091,0.2727272727272727,0.7073170731707317
2024-25,2025-01-25,0022400633,SAS,IND,0,1480.6230683978204,1571.1608538336602,0.4207485713503215,0.5792514286496785,-12.622457140509646,12.622457140509646,1468.0006112573108,1583.7833109741698,20,22,24,20,0.47619047619047616,0.5454545454545454,0.4661016949152542
2024-25,2025-01-25,0022400634,MIN,DEN,1,1536.917257291466,1617.4096130919038,0.4349028351748773,0.5650971648251226,16.95291494475368,-16.95291494475368,1553.8701722362198,1600.45669814715,23,21,28,16,0.5227272727272727,0.6363636363636364,0.4509803921568627
2024-25,2025-01-25,0022400635,DAL,BOS,0,1501.6042877836246,1581.40641794765,0.43587956381580567,0.5641204361841943,-13.07638691447417,13.07638691447417,1488.5279008691505,1594.482804862124,24,21,31,14,0.5333333333333333,0.6888888888888889,0.43636363636363634
2024-25,2025-01-25,0022400636,BKN,MIA,0,1353.233756798312,1469.8210002405103,0.38469815787743594,0.615301842122564,-11.540944736323079,11.540944736323079,1341.692812061989,1481.3619449768335,14,31,21,22,0.3111111111111111,0.4883720930232558,0.3891402714932127
2024-25,2025-01-25,0022400637,CHA,NOP,1,1353.158714352898,1388.4297956583105,0.4996098827211433,0.5003901172788567,15.011703518365703,-15.011703518365703,1368.1704178712637,1373.4180921399447,11,30,12,33,0.2682926829268293,0.26666666666666666,0.5015197568389058
2024-25,2025-01-25,0022400638,ORL,DET,1,1443.0610851546096,1550.3326530629877,0.3974674637872496,0.6025325362127504,18.07597608638251,-18.07597608638251,1461.1370612409921,1532.2566769766051,23,23,23,21,0.5,0.5227272727272727,0.4888888888888889
2024-25,2025-01-25,0022400639,ATL,TOR,0,1499.1583042376376,1401.4194063773607,0.6822446387033047,0.31775536129669535,-20.46733916109914,20.46733916109914,1478.6909650765385,1421.8867455384598,22,22,12,32,0.5,0.2727272727272727,0.6470588235294118
2024-25,2025-01-25,0022400640,CLE,HOU,0,1671.2726646600768,1613.1988782104072,0.6308292112257388,0.36917078877426124,-18.92487633677216,18.92487633677216,1652.3477883233047,1632.1237545471793,36,8,29,14,0.8181818181818182,0.6744186046511628,0.548158640226629
2024-25,2025-01-25,0022400641,NYK,SAC,1,1578.1307979132062,1546.9604843340271,0.5940918281900822,0.4059081718099178,12.177245154297534,-12.177245154297534,1590.3080430675036,1534.7832391797297,29,16,23,21,0.6444444444444445,0.5227272727272727,0.552141929900476
2024-25,2025-01-25,0022400642,CHI,PHI,0,1421.3379566613155,1435.4626277788261,0.5300059138535684,0.46999408614643157,-15.900177415607054,15.900177415607054,1405.4377792457085,1451.3628051944331,19,26,16,27,0.4222222222222222,0.37209302325581395,0.5315549772283669
2024-25,2025-01-25,0022400643,MEM,UTA,1,1610.9100942825742,1336.204569295094,0.8560432893495146,0.14395671065048543,4.318701319514563,-4.318701319514563,1615.2287956020887,1331.8858679755795,30,15,10,32,0.6666666666666666,0.23809523809523808,0.736842105263158
2024-25,2025-01-25,0022400644,GSW,LAL,0,1477.273589586316,1537.959012602789,0.46310290001484544,0.5368970999851546,-13.893087000445362,13.893087000445362,1463.3805025858705,1551.8520996032344,22,22,24,18,0.5,0.5714285714285714,0.4666666666666667
2024-25,2025-01-25,0022400645,PHX,WAS,1,1489.8807124912655,1265.914277843902,0.8161879108212274,0.18381208917877256,5.514362675363177,-5.514362675363177,1495.3950751666287,1260.3999151685389,22,21,6,37,0.5116279069767442,0.13953488372093023,0.7857142857142857
2024-25,2025-01-25,0022400646,LAC,MIL,1,1535.9458590552063,1580.228975391852,0.4866436999064123,0.5133563000935877,15.400689002807631,-15.400689002807631,1551.346548058014,1564.8282863890443,25,19,25,17,0.5681818181818182,0.5952380952380952,0.48837209302325585
2024-25,2025-01-26,0022400647,POR,OKC,0,1446.8587412458824,1704.7245444185082,0.21705380750343692,0.782946192496563,-6.5116142251031075,6.5116142251031075,1440.3471270207792,1711.2361586436114,17,28,36,8,0.37777777777777777,0.8181818181818182,0.31587837837837834
2024-25,2025-01-27,0022400648,CHA,LAL,0,1368.1704178712637,1551.8520996032344,0.2982007326627951,0.7017992673372049,-8.946021979883854,8.946021979883854,1359.2243958913798,1560.7981215831182,12,30,25,18,0.2857142857142857,0.5813953488372093,0.3295019157088122
2024-25,2025-01-27,0022400649,CLE,DET,1,1652.3477883233047,1532.2566769766051,0.7094627509096316,0.2905372490903684,8.716117472711051,-8.716117472711051,1661.0639057960157,1523.5405595038942,36,9,23,22,0.8,0.5111111111111111,0.6101694915254238
2024-25,2025-01-27,0022400650,BOS,HOU,0,1594.482804862124,1632.1237545471793,0.49619944108739467,0.5038005589126053,-14.88598323262184,14.88598323262184,1579.5968216295023,1647.009737779801,32,14,30,14,0.6956521739130435,0.6818181818181818,0.5050215208034434
2024-25,2025-01-27,0022400651,BKN,SAC,0,1341.692812061989,1534.7832391797297,0.2869913140223215,0.7130086859776785,-8.609739420669644,8.609739420669644,1333.0830726413192,1543.3929786003994,14,32,23,22,0.30434782608695654,0.5111111111111111,0.37322274881516593
2024-25,2025-01-27,0022400652,MIA,ORL,1,1481.3619449768335,1461.1370612409921,0.5788123773516968,0.42118762264830323,12.635628679449097,-12.635628679449097,1493.9975736562826,1448.501432561543,22,22,24,23,0.5,0.5106382978723404,0.49473684210526325
2024-25,2025-01-27,0022400653,NYK,MEM,1,1590.3080430675036,1615.2287956020887,0.5145011352602256,0.48549886473977444,14.564965942193233,-14.564965942193233,1604.873009009697,1600.6638296598953,30,16,31,15,0.6521739130434783,0.6739130434782609,0.4918032786885246
2024-25,2025-01-27,0022400654,TOR,NOP,1,1421.8867455384598,1373.4180921399447,0.6178622032850647,0.3821377967149353,11.46413390144806,-11.46413390144806,1433.3508794399079,1361.9539582384966,13,32,12,34,0.28888888888888886,0.2608695652173913,0.5254833040421792
2024-25,2025-01-27,0022400655,CHI,DEN,1,1405.4377792457085,1600.45669814715,0.2847250690037669,0.7152749309962332,21.458247929886994,-21.458247929886994,1426.8960271755955,1578.998450217263,19,27,28,17,0.41304347826086957,0.6222222222222222,0.3989734017732151
2024-25,2025-01-27,0022400656,MIN,ATL,1,1553.8701722362198,1478.6909650765385,0.6534508127918965,0.34654918720810346,10.396475616243103,-10.396475616243103,1564.266647852463,1468.2944894602954,24,21,22,23,0.5333333333333333,0.4888888888888889,0.5217391304347826
2024-25,2025-01-27,0022400657,DAL,WAS,1,1488.5279008691505,1260.3999151685389,0.8197546993092257,0.18024530069077427,5.407359020723228,-5.407359020723228,1493.9352598898738,1254.9925561478155,24,22,6,38,0.5217391304347826,0.13636363636363635,0.7927927927927928
2024-25,2025-01-27,0022400658,UTA,MIL,0,1331.8858679755795,1564.8282863890443,0.24242169485084342,0.7575783051491566,-7.272650845525303,7.272650845525303,1324.6132171300542,1572.1009372345695,10,33,25,18,0.23255813953488372,0.5813953488372093,0.2857142857142857
2024-25,2025-01-27,0022400659,PHX,LAC,1,1495.3950751666287,1551.346548058014,0.46988490219049023,0.5301150978095097,15.90345293428529,-15.90345293428529,1511.298528100914,1535.4430951237287,23,21,26,19,0.5227272727272727,0.5777777777777777,0.47498852684717763
2024-25,2025-01-28,0022400532,ATL,HOU,0,1468.2944894602954,1647.009737779801,0.30421807877640744,0.6957819212235925,-9.126542363292224,9.126542363292224,1459.1679470970032,1656.1362801430932,22,24,31,14,0.4782608695652174,0.6888888888888889,0.40976821192052976
2024-25,2025-01-28,0022400660,PHI,LAL,1,1451.3628051944331,1560.7981215831182,0.3944883666096877,0.6055116333903123,18.16534900170937,-18.16534900170937,1469.5281541961424,1542.632772581409,17,27,26,18,0.38636363636363635,0.5909090909090909,0.3953488372093023
2024-25,2025-01-28,0022400661,GSW,UTA,1,1463.3805025858705,1324.6132171300542,0.731114590242845,0.268885409757155,8.06656229271465,-8.06656229271465,1471.4470648785853,1316.5466548373395,22,23,10,34,0.4888888888888889,0.22727272727272727,0.6826516220028209
2024-25,2025-01-28,0022400662,POR,MIL,1,1440.3471270207792,1572.1009372345695,0.3642512172599839,0.6357487827400161,19.072463482200483,-19.072463482200483,1459.4195905029796,1553.028473752369,17,29,26,18,0.3695652173913043,0.5909090909090909,0.3847736625514403
2024-25,2025-01-29,0022400663,CHA,BKN,0,1359.2243958913798,1333.0830726413192,0.587092247234407,0.412907752765593,-17.61276741703221,17.61276741703221,1341.6116284743475,1350.6958400583515,12,31,14,33,0.27906976744186046,0.2978723404255319,0.48370497427101194
2024-25,2025-01-29,0022400664,IND,DET,1,1583.7833109741698,1523.5405595038942,0.6337321167830218,0.36626788321697823,10.988036496509347,-10.988036496509347,1594.771347470679,1512.552523007385,25,20,23,23,0.5555555555555556,0.5,0.5263157894736842
2024-25,2025-01-29,0022400665,WAS,TOR,0,1254.9925561478155,1433.3508794399079,0.3046531550892237,0.6953468449107763,-9.139594652676712,9.139594652676712,1245.8529614951387,1442.4904740925847,6,39,14,32,0.13333333333333333,0.30434782608695654,0.304635761589404
2024-25,2025-01-29,0022400666,BOS,CHI,1,1579.5968216295023,1426.8960271755955,0.7465871973172801,0.25341280268271993,7.602384080481598,-7.602384080481598,1587.199205709984,1419.2936430951138,32,15,20,27,0.6808510638297872,0.425531914893617,0.6153846153846153
2024-25,2025-01-29,0022400667,MIA,CLE,0,1493.9975736562826,1661.0639057960157,0.3185952648878304,0.6814047351121696,-9.557857946634913,9.557857946634913,1484.4397157096478,1670.6217637426505,23,22,37,9,0.5111111111111111,0.8043478260869565,0.3885420492104297
2024-25,2025-01-29,0022400668,NYK,DEN,1,1604.873009009697,1578.998450217263,0.5867199403668917,0.4132800596331083,12.39840178899325,-12.39840178899325,1617.27141079869,1566.60004842827,31,16,28,18,0.6595744680851063,0.6086956521739131,0.5200583515681984
2024-25,2025-01-29,0022400669,PHI,SAC,1,1469.5281541961424,1543.3929786003994,0.4443011498159099,0.55569885018409,16.6709655055227,-16.6709655055227,1486.199119701665,1526.7220130948767,18,27,24,22,0.4,0.5217391304347826,0.4339622641509434
2024-25,2025-01-29,0022400670,NOP,DAL,0,1361.9539582384966,1493.9352598898738,0.3639480166698814,0.6360519833301186,-10.918440500096443,10.918440500096443,1351.0355177384001,1504.8537003899703,12,35,25,22,0.2553191489361702,0.5319148936170213,0.32432432432432434
2024-25,2025-01-29,0022400671,SAS,LAC,0,1468.0006112573108,1535.4430951237287,0.4534467374081399,0.5465532625918601,-13.603402122244198,13.603402122244198,1454.3972091350665,1549.046497245973,20,23,26,20,0.46511627906976744,0.5652173913043478,0.45142296368989204
2024-25,2025-01-29,0022400672,PHX,MIN,0,1511.298528100914,1564.266647852463,0.4741648257674154,0.5258351742325846,-14.224944773022463,14.224944773022463,1497.0735833278914,1578.4915926254855,24,21,25,21,0.5333333333333333,0.5434782608695652,0.4952893674293405
2024-25,2025-01-29,0022400673,GSW,OKC,1,1471.4470648785853,1711.2361586436114,0.23525709171714815,0.7647429082828519,22.942287248485556,-22.942287248485556,1494.3893521270709,1688.2938713951257,23,23,37,8,0.5,0.8222222222222222,0.37815126050420167
2024-25,2025-01-30,0022400674,WAS,LAL,0,1245.8529614951387,1542.632772581409,0.18139484727549052,0.8186051527245095,-5.441845418264715,5.441845418264715,1240.4111160768741,1548.0746179996736,6,40,26,19,0.13043478260869565,0.5777777777777777,0.18417462482946795
2024-25,2025-01-30,0022400675,CLE,ATL,1,1670.6217637426505,1459.1679470970032,0.8051348833806861,0.19486511661931394,5.845953498579418,-5.845953498579418,1676.4677172412298,1453.321993598424,38,9,22,25,0.8085106382978723,0.46808510638297873,0.6333333333333333
2024-25,2025-01-30,0022400676,MEM,HOU,1,1600.6638296598953,1656.1362801430932,0.4705718266522725,0.5294281733477275,15.882845200431825,-15.882845200431825,1616.5466748603271,1640.2534349426614,31,16,32,14,0.6595744680851063,0.6956521739130435,0.48668941979522184
2024-25,2025-01-30,0022400677,UTA,MIN,0,1316.5466548373395,1578.4915926254855,0.2130898650446402,0.7869101349553598,-6.392695951339206,6.392695951339206,1310.1539588860003,1584.8842885768247,10,35,26,21,0.2222222222222222,0.5531914893617021,0.2865853658536585
2024-25,2025-01-30,0022400678,POR,ORL,1,1459.4195905029796,1448.501432561543,0.5656994600185015,0.43430053998149853,13.029016199444957,-13.029016199444957,1472.4486067024245,1435.472416362098,18,29,24,24,0.3829787234042553,0.5,0.43373493975903615
2024-25,2025-01-31,0022400679,CHA,LAC,0,1341.6116284743475,1549.046497245973,0.2703958962644845,0.7296041037355154,-8.111876887934535,8.111876887934535,1333.499751586413,1557.1583741339075,12,32,27,20,0.2727272727272727,0.574468085106383,0.32191780821917804
2024-25,2025-01-31,0022400680,DET,DAL,1,1512.552523007385,1504.8537003899703,0.5611410362622937,0.4388589637377063,13.165768912131188,-13.165768912131188,1525.718291919516,1491.6879314778391,23,24,26,22,0.48936170212765956,0.5416666666666666,0.47463456577815993
2024-25,2025-01-31,0022400681,PHI,DEN,0,1486.199119701665,1566.60004842827,0.4350321834834923,0.5649678165165077,-13.05096550450477,13.05096550450477,1473.1481541971602,1579.6510139327747,19,27,28,19,0.41304347826086957,0.5957446808510638,0.40944520861989914
2024-25,2025-01-31,0022400682,TOR,CHI,0,1442.4904740925847,1419.2936430951138,0.5829773720826574,0.41702262791734257,-17.489321162479722,17.489321162479722,1425.001152930105,1436.7829642575934,15,32,20,28,0.3191489361702128,0.4166666666666667,0.43373493975903615
2024-25,2025-01-31,0022400683,NOP,BOS,0,1351.0355177384001,1587.199205709984,0.23903247291519863,0.7609675270848013,-7.170974187455959,7.170974187455959,1343.864543550944,1594.37017989744,12,36,33,15,0.25,0.6875,0.26666666666666666
2024-25,2025-01-31,0022400684,SAS,MIL,1,1454.3972091350665,1553.028473752369,0.40943754900295576,0.5905624509970442,17.716873529911325,-17.716873529911325,1472.1140826649778,1535.3116002224579,20,24,26,19,0.45454545454545453,0.5777777777777777,0.44031311154598823
2024-25,2025-01-31,0022400685,GSW,PHX,0,1494.3893521270709,1497.0735833278914,0.5463724796468906,0.4536275203531094,-16.391174389406718,16.391174389406718,1477.9981777376643,1513.464757717298,24,23,24,22,0.5106382978723404,0.5217391304347826,0.4946236559139785
2024-25,2025-02-01,0022400686,IND,ATL,1,1594.771347470679,1453.321993598424,0.7341388753908448,0.26586112460915523,7.975833738274657,-7.975833738274657,1602.7471812089536,1445.3461598601493,26,20,22,26,0.5652173913043478,0.4583333333333333,0.552212389380531
2024-25,2025-02-01,0022400687,UTA,ORL,1,1310.1539588860003,1435.472416362098,0.37287214844084116,0.6271278515591588,18.813835546774765,-18.813835546774765,1328.967794432775,1416.6585808153234,10,36,24,25,0.21739130434782608,0.4897959183673469,0.30740276035131747
2024-25,2025-02-01,0022400688,CHA,DEN,0,1333.499751586413,1579.6510139327747,0.22873209324065777,0.7712679067593422,-6.861962797219733,6.861962797219733,1326.637788789193,1586.5129767299945,12,33,29,19,0.26666666666666666,0.6041666666666666,0.3062200956937799
2024-25,2025-02-01,0022400689,HOU,BKN,0,1640.2534349426614,1350.6958400583515,0.8662618793282898,0.1337381206717102,-25.987856379848694,25.987856379848694,1614.2655785628128,1376.6836964382,32,15,15,33,0.6808510638297872,0.3125,0.6854082998661312
2024-25,2025-02-01,0022400690,MIN,WAS,0,1584.8842885768247,1240.4111160768741,0.8988419598318906,0.10115804016810936,-26.965258794956718,26.965258794956718,1557.919029781868,1267.3763748718309,27,21,6,41,0.5625,0.1276595744680851,0.8150289017341041
2024-25,2025-02-01,0022400691,OKC,SAC,1,1688.2938713951257,1526.7220130948767,0.7561264141748874,0.24387358582511265,7.3162075747533795,-7.3162075747533795,1695.6100789698792,1519.4058055201233,37,9,24,23,0.8043478260869565,0.5106382978723404,0.6116778051354204
2024-25,2025-02-01,0022400692,NYK,LAL,0,1617.27141079869,1548.0746179996736,0.6456116816426495,0.3543883183573505,-19.368350449279486,19.368350449279486,1597.9030603494107,1567.442968448953,32,16,27,19,0.6666666666666666,0.5869565217391305,0.5317919075144508
2024-25,2025-02-01,0022400693,SAS,MIA,0,1472.1140826649778,1484.4397157096478,0.5325847891789321,0.46741521082106785,-15.977543675367965,15.977543675367965,1456.1365389896098,1500.4172593850158,21,24,23,23,0.4666666666666667,0.5,0.4827586206896552
2024-25,2025-02-01,0022400694,POR,PHX,1,1472.4486067024245,1513.464757717298,0.49134292794925977,0.5086570720507402,15.259712161522206,-15.259712161522206,1487.7083188639467,1498.2050455557758,19,29,25,22,0.3958333333333333,0.5319148936170213,0.42666029622551366
2024-25,2025-02-02,0022400695,DET,CHI,1,1525.718291919516,1436.7829642575934,0.6711584212093016,0.3288415787906984,9.865247363720952,-9.865247363720952,1535.583539283237,1426.9177168938725,24,24,21,28,0.5,0.42857142857142855,0.5384615384615384
2024-25,2025-02-02,0022400696,CLE,DAL,1,1676.4677172412298,1491.6879314778391,0.7799120892006391,0.22008791079936085,6.602637323980826,-6.602637323980826,1683.0703545652107,1485.0852941538583,39,9,26,23,0.8125,0.5306122448979592,0.6049382716049382
2024-25,2025-02-02,0022400697,TOR,LAC,1,1425.001152930105,1557.1583741339075,0.3637136251428006,0.6362863748571994,19.088591245715982,-19.088591245715982,1444.0897441758211,1538.0697828881914,15,33,28,20,0.3125,0.5833333333333334,0.3488372093023256
2024-25,2025-02-02,0022400698,PHI,BOS,0,1473.1481541971602,1594.37017989744,0.3784026071593082,0.6215973928406918,-11.352078214779246,11.352078214779246,1461.796075982381,1605.7222581122194,19,28,34,15,0.40425531914893614,0.6938775510204082,0.3681296955318308
2024-25,2025-02-02,0022400699,MIL,MEM,0,1535.3116002224579,1616.5466748603271,0.43385238855763636,0.5661476114423636,-13.01557165672909,13.01557165672909,1522.2960285657289,1629.562246517056,26,20,32,16,0.5652173913043478,0.6666666666666666,0.4588235294117647
2024-25,2025-02-03,0022400700,CHA,WAS,0,1326.637788789193,1267.3763748718309,0.6324198995693945,0.3675801004306055,-18.972596987081836,18.972596987081836,1307.6651918021112,1286.3489718589128,12,34,7,41,0.2608695652173913,0.14583333333333334,0.6414253897550112
2024-25,2025-02-03,0022400701,DET,ATL,0,1535.583539283237,1445.3461598601493,0.67281052336845,0.32718947663154996,-20.1843157010535,20.1843157010535,1515.3992235821836,1465.5304755612028,25,24,22,27,0.5102040816326531,0.4489795918367347,0.5319148936170213
2024-25,2025-02-03,0022400702,NYK,HOU,1,1597.9030603494107,1614.2655785628128,0.526795795005439,0.47320420499456095,14.196126149836829,-14.196126149836829,1612.0991864992475,1600.069452412976,32,17,32,16,0.6530612244897959,0.6666666666666666,0.4948453608247423
2024-25,2025-02-03,0022400703,MEM,SAS,1,1629.562246517056,1456.1365389896098,0.7684882807283623,0.23151171927163772,6.945351578149132,-6.945351578149132,1636.5075980952051,1449.1911874114608,33,16,21,25,0.673469387755102,0.45652173913043476,0.5959952885747939
2024-25,2025-02-03,0022400704,MIN,SAC,0,1557.919029781868,1519.4058055201233,0.6042430209096031,0.39575697909039687,-18.127290627288094,18.127290627288094,1539.7917391545798,1537.5330961474115,27,22,24,24,0.5510204081632653,0.5,0.5242718446601942
2024-25,2025-02-03,0022400705,OKC,MIL,1,1695.6100789698792,1522.2960285657289,0.7683739067311822,0.23162609326881778,6.948782798064533,-6.948782798064533,1702.5588617679437,1515.3472457676644,38,9,26,21,0.8085106382978723,0.5531914893617021,0.59375
2024-25,2025-02-03,0022400706,DEN,NOP,1,1586.5129767299945,1343.864543550944,0.8317768548208768,0.16822314517912318,5.046694355373695,-5.046694355373695,1591.5596710853683,1338.8178491955703,30,19,12,37,0.6122448979591837,0.24489795918367346,0.7142857142857143
2024-25,2025-02-03,0022400707,UTA,IND,0,1328.967794432775,1602.7471812089536,0.2018898061080856,0.7981101938919144,-6.056694183242568,6.056694183242568,1322.9111002495324,1608.8038753921962,11,36,27,20,0.23404255319148937,0.574468085106383,0.2894736842105263
2024-25,2025-02-03,0022400708,GSW,ORL,1,1477.9981777376643,1416.6585808153234,0.6351964425228416,0.3648035574771584,10.944106724314754,-10.944106724314754,1488.942284461979,1405.7144740910087,24,24,24,26,0.5,0.48,0.5102040816326531
2024-25,2025-02-03,0022400709,POR,PHX,1,1487.7083188639467,1498.2050455557758,0.5352046956948485,0.4647953043051515,13.943859129154545,-13.943859129154545,1501.6521779931013,1484.2611864266212,20,29,25,23,0.40816326530612246,0.5208333333333334,0.43935926773455375
2024-25,2025-02-04,0022400710,CLE,BOS,0,1683.0703545652107,1605.7222581122194,0.656272663219402,0.34372733678059797,-19.68817989658206,19.68817989658206,1663.3821746686285,1625.4104380088015,40,9,35,15,0.8163265306122449,0.7,0.5383580080753702
2024-25,2025-02-04,0022400711,BKN,HOU,1,1376.6836964382,1600.069452412976,0.25266754176200695,0.747332458237993,22.41997374713979,-22.41997374713979,1399.1036701853398,1577.6494786658363,16,33,32,17,0.32653061224489793,0.6530612244897959,0.3333333333333333
2024-25,2025-02-04,0022400712,PHI,DAL,1,1461.796075982381,1485.0852941538583,0.5168467902974203,0.4831532097025797,14.494596291077391,-14.494596291077391,1476.2906722734583,1470.5906978627809,19,29,26,24,0.3958333333333333,0.52,0.4322111010009099
2024-25,2025-02-04,0022400713,TOR,NYK,0,1444.0897441758211,1612.0991864992475,0.31741783778370675,0.6825821622162933,-9.522535133511202,9.522535133511202,1434.56720904231,1621.6217216327586,16,33,33,17,0.32653061224489793,0.66,0.33098882912701694
2024-25,2025-02-04,0022400714,CHI,MIA,1,1426.9177168938725,1500.4172593850158,0.44482036993064866,0.5551796300693513,16.65538890208054,-16.65538890208054,1443.573105795953,1483.7618704829351,21,29,24,23,0.42,0.5106382978723404,0.4513031550068587
2024-25,2025-02-04,0022400715,LAC,LAL,0,1538.0697828881914,1567.442968448953,0.5080969290117793,0.4919030709882207,-15.242907870353378,15.242907870353378,1522.8268750178381,1582.6858763193063,28,21,28,19,0.5714285714285714,0.5957446808510638,0.4895833333333333
2024-25,2025-02-04,0022400716,POR,IND,1,1501.6521779931013,1608.8038753921962,0.39763272877101113,0.6023672712289889,18.071018136869668,-18.071018136869668,1519.723196129971,1590.7328572553265,21,29,28,20,0.42,0.5833333333333334,0.41860465116279066
2024-25,2025-02-05,0022400717,CHA,MIL,0,1307.6651918021112,1515.3472457676644,0.2701152730609254,0.7298847269390746,-8.103458191827762,8.103458191827762,1299.5617336102835,1523.450703959492,12,35,26,22,0.2553191489361702,0.5416666666666666,0.32035595105672965
2024-25,2025-02-05,0022400718,DET,CLE,0,1515.3992235821836,1663.3821746686285,0.34290342646564154,0.6570965735343585,-10.287102793969247,10.287102793969247,1505.1121207882143,1673.6692774625978,25,25,40,10,0.5,0.8,0.3846153846153846
2024-25,2025-02-05,0022400719,ATL,SAS,0,1465.5304755612028,1449.1911874114608,0.5733500864595336,0.42664991354046644,-17.200502593786005,17.200502593786005,1448.3299729674168,1466.3916900052468,23,27,21,26,0.46,0.44680851063829785,0.5072735804786486
2024-25,2025-02-05,0022400720,BKN,WAS,0,1399.1036701853398,1286.3489718589128,0.7006813333609108,0.29931866663908924,-21.02044000082732,21.02044000082732,1378.0832301845123,1307.3694118597402,17,33,8,41,0.34,0.16326530612244897,0.67558799675588
2024-25,2025-02-05,0022400721,PHI,MIA,0,1476.2906722734583,1483.7618704829351,0.5395344317159597,0.4604655682840403,-16.18603295147879,16.18603295147879,1460.1046393219794,1499.947903434414,20,29,24,24,0.40816326530612246,0.5,0.449438202247191
2024-25,2025-02-05,0022400722,TOR,MEM,0,1434.56720904231,1636.5075980952051,0.27668079904344894,0.723319200956551,-8.300423971303468,8.300423971303468,1426.2667850710066,1644.8080220665086,16,34,34,16,0.32,0.68,0.32
2024-25,2025-02-05,0022400723,MIN,CHI,1,1539.7917391545798,1443.573105795953,0.6803444431498207,0.3196555568501793,9.58966670550538,-9.58966670550538,1549.3814058600851,1433.9834390904477,27,23,22,29,0.54,0.43137254901960786,0.5559144125958821
2024-25,2025-02-05,0022400724,OKC,PHX,1,1702.5588617679437,1484.2611864266212,0.8112416926741044,0.1887583073258956,5.6627492197768685,-5.6627492197768685,1708.2216109877206,1478.5984372068442,39,9,25,24,0.8125,0.5102040816326531,0.6142719382835101
2024-25,2025-02-05,0022400725,UTA,GSW,1,1322.9111002495324,1488.942284461979,0.3198902685529034,0.6801097314470965,20.403291943412896,-20.403291943412896,1343.3143921929452,1468.5389925185661,11,37,25,24,0.22916666666666666,0.5102040816326531,0.3099482461184589
2024-25,2025-02-05,0022400726,DEN,NOP,1,1591.5596710853683,1338.8178491955703,0.8397507995583688,0.16024920044163116,4.807476013248935,-4.807476013248935,1596.3671470986174,1334.0103731823212,31,19,12,38,0.62,0.24,0.7209302325581396
2024-25,2025-02-05,0022400727,SAC,ORL,0,1537.5330961474115,1405.7144740910087,0.7231788994688524,0.2768211005311476,-21.695366984065572,21.695366984065572,1515.837729163346,1427.4098410750744,25,24,24,27,0.5102040816326531,0.47058823529411764,0.5201958384332925
2024-25,2025-02-06,0022400728,BOS,DAL,0,1625.4104380088015,1470.5906978627809,0.7488879765235479,0.2511120234764521,-22.466639295706436,22.466639295706436,1602.943798713095,1493.0573371584874,36,15,26,25,0.7058823529411765,0.5098039215686274,0.5806451612903225
2024-25,2025-02-06,0022400729,MIN,HOU,1,1549.3814058600851,1577.6494786658363,0.5096868097900559,0.4903131902099441,14.709395706298324,-14.709395706298324,1564.0908015663836,1562.940082959538,28,23,32,18,0.5490196078431373,0.64,0.4617414248021109
2024-25,2025-02-06,0022400730,DEN,ORL,1,1596.3671470986174,1427.4098410750744,0.7638803738558255,0.23611962614417448,7.083588784325235,-7.083588784325235,1603.4507358829426,1420.3262522907492,32,19,25,27,0.6274509803921569,0.4807692307692308,0.5661789724396052
2024-25,2025-02-06,0022400731,LAL,GSW,1,1582.6858763193063,1468.5389925185661,0.7023593911827374,0.2976406088172626,8.929218264517878,-8.929218264517878,1591.6150945838242,1459.6097742540483,29,19,25,25,0.6041666666666666,0.5,0.5471698113207547
2024-25,2025-02-06,0022400732,POR,SAC,1,1519.723196129971,1515.837729163346,0.5557281883772232,0.44427181162277685,13.328154348683306,-13.328154348683306,1533.0513504786543,1502.5095748146628,22,29,25,25,0.43137254901960786,0.5,0.4631578947368421
2024-25,2025-02-06,0022400733,LAC,IND,0,1522.8268750178381,1590.7328572553265,0.45278557449509516,0.5472144255049048,-13.583567234852854,13.583567234852854,1509.2433077829853,1604.3164244901793,28,22,28,21,0.56,0.5714285714285714,0.494949494949495
2024-25,2025-02-07,0022400734,CHA,SAS,1,1299.5617336102835,1466.3916900052468,0.31889073272763063,0.6811092672723693,20.43327801817108,-20.43327801817108,1319.9950116284544,1445.9584119870758,12,36,22,26,0.25,0.4583333333333333,0.35294117647058826
2024-25,2025-02-07,0022400735,WAS,CLE,0,1307.3694118597402,1673.6692774625978,0.12930527683620804,0.8706947231637919,-3.8791583050862415,3.8791583050862415,1303.490253554654,1677.5484357676842,9,41,41,10,0.18,0.803921568627451,0.18294141092068553
2024-25,2025-02-07,0022400736,ATL,MIL,1,1448.3299729674168,1523.450703959492,0.4425169099685857,0.5574830900314143,16.724492700942427,-16.724492700942427,1465.0544656683592,1506.7262112585497,23,28,27,22,0.45098039215686275,0.5510204081632653,0.4500798722044729
2024-25,2025-02-07,0022400737,BKN,MIA,1,1378.0832301845123,1499.947903434414,0.37753285393837327,0.6224671460616267,18.6740143818488,-18.6740143818488,1396.7572445663611,1481.2738890525652,17,34,25,24,0.3333333333333333,0.5102040816326531,0.3951612903225806
2024-25,2025-02-07,0022400738,DET,PHI,1,1505.1121207882143,1460.1046393219794,0.6131470355465356,0.3868529644534644,11.605588933603933,-11.605588933603933,1516.7177097218182,1448.4990503883755,25,26,20,30,0.49019607843137253,0.4,0.5506607929515419
2024-25,2025-02-07,0022400739,OKC,TOR,1,1708.2216109877206,1426.2667850710066,0.8611098375252514,0.1388901624747486,4.166704874242458,-4.166704874242458,1712.388315861963,1422.100080196764,40,9,16,35,0.8163265306122449,0.3137254901960784,0.7223796033994334
2024-25,2025-02-07,0022400740,PHX,UTA,1,1478.5984372068442,1343.3143921929452,0.7271545967855377,0.27284540321446227,8.185362096433868,-8.185362096433868,1486.783799303278,1335.1290300965113,25,25,12,37,0.5,0.24489795918367346,0.6712328767123287
2024-25,2025-02-08,0022400741,DAL,HOU,1,1493.0573371584874,1562.940082959538,0.44996769385067714,0.5500323061493229,16.500969184479686,-16.500969184479686,1509.5583063429672,1546.439113775058,27,25,32,19,0.5192307692307693,0.6274509803921569,0.45281157513975673
2024-25,2025-02-08,0022400742,LAL,IND,1,1591.6150945838242,1604.3164244901793,0.532046376471512,0.467953623528488,14.03860870585464,-14.03860870585464,1605.6537032896788,1590.2778157843247,30,19,29,21,0.6122448979591837,0.58,0.5135227661759673
2024-25,2025-02-08,0022400743,ORL,SAS,1,1420.3262522907492,1445.9584119870758,0.5134781398841756,0.48652186011582443,14.595655803474733,-14.595655803474733,1434.921908094224,1431.362756183601,25,28,22,27,0.4716981132075472,0.4489795918367347,0.5123379339188624
2024-25,2025-02-08,0022400744,WAS,ATL,0,1303.490253554654,1465.0544656683592,0.3255103285174264,0.6744896714825737,-9.765309855522792,9.765309855522792,1293.724943699131,1474.819775523882,9,42,24,28,0.17647058823529413,0.46153846153846156,0.2765957446808511
2024-25,2025-02-08,0022400745,CHI,GSW,0,1433.9834390904477,1459.6097742540483,0.5134865159659494,0.4865134840340506,-15.404595478978482,15.404595478978482,1418.5788436114692,1475.0143697330268,22,30,25,26,0.4230769230769231,0.49019607843137253,0.4632535094962841
2024-25,2025-02-08,0022400746,MEM,OKC,0,1644.8080220665086,1712.388315861963,0.453250139488547,0.546749860511453,-13.59750418465641,13.59750418465641,1631.2105178818522,1725.9858200466194,35,16,41,9,0.6862745098039216,0.82,0.4556105180942463
2024-25,2025-02-08,0022400747,MIN,POR,1,1564.0908015663836,1533.0513504786543,0.5939101582728105,0.40608984172718954,12.182695251815685,-12.182695251815685,1576.2734968181992,1520.8686552268387,29,23,23,29,0.5576923076923077,0.4423076923076923,0.5576923076923077
2024-25,2025-02-08,0022400748,NYK,BOS,0,1621.6217216327586,1602.943798713095,0.5766399240256749,0.4233600759743251,-17.299197720770245,17.299197720770245,1604.3225239119884,1620.2429964338653,34,17,36,16,0.6666666666666666,0.6923076923076923,0.490566037735849
2024-25,2025-02-08,0022400749,PHX,DEN,0,1486.783799303278,1603.4507358829426,0.38458957484517065,0.6154104251548294,-11.53768724535512,11.53768724535512,1475.246112057923,1614.9884231282977,26,25,33,19,0.5098039215686274,0.6346153846153846,0.44546952224052716
2024-25,2025-02-08,0022400750,SAC,NOP,1,1502.5095748146628,1334.0103731823212,0.7634044037726256,0.23659559622737436,7.097867886821231,-7.097867886821231,1509.607442701484,1326.9125052955,25,26,12,39,0.49019607843137253,0.23529411764705882,0.6756756756756757
2024-25,2025-02-08,0022400751,LAC,UTA,1,1509.2433077829853,1335.1290300965113,0.7691927330735141,0.2308072669264859,6.924218007794577,-6.924218007794577,1516.1675257907798,1328.2048120887168,28,23,12,38,0.5490196078431373,0.24,0.6958250497017893
2024-25,2025-02-09,0022400752,DET,CHA,1,1516.7177097218182,1319.9950116284544,0.791485516424996,0.20851448357500402,6.25543450725012,-6.25543450725012,1522.9731442290683,1313.7395771212043,26,26,13,36,0.5,0.2653061224489796,0.6533333333333333
2024-25,2025-02-09,0022400753,HOU,TOR,1,1546.439113775058,1422.100080196764,0.7144772016303839,0.28552279836961614,8.565683951088484,-8.565683951088484,1555.0047977261465,1413.5343962456757,32,20,16,36,0.6153846153846154,0.3076923076923077,0.6666666666666666
2024-25,2025-02-09,0022400754,MIL,PHI,1,1506.7262112585497,1448.4990503883755,0.6310347991337494,0.3689652008662506,11.068956025987518,-11.068956025987518,1517.7951672845372,1437.430094362388,27,23,20,31,0.54,0.39215686274509803,0.5793016407236012
2024-25,2025-02-10,0022400755,CLE,MIN,1,1677.5484357676842,1576.2734968181992,0.6866408949548575,0.3133591050451425,9.400773151354276,-9.400773151354276,1686.9492089190385,1566.8727236668449,42,10,30,23,0.8076923076923077,0.5660377358490566,0.5879556259904912
2024-25,2025-02-10,0022400756,ORL,ATL,0,1434.921908094224,1474.819775523882,0.4929518690558064,0.5070481309441937,-14.788556071674192,14.788556071674192,1420.1333520225496,1489.6083315955564,26,28,25,28,0.48148148148148145,0.4716981132075472,0.5051319648093842
2024-25,2025-02-10,0022400757,WAS,SAS,0,1293.724943699131,1431.362756183601,0.3564442661080513,0.6435557338919486,-10.69332798324154,10.69332798324154,1283.0316157158895,1442.0560841668425,9,43,22,28,0.17307692307692307,0.44,0.2823086574654956
2024-25,2025-02-10,0022400758,BKN,CHA,1,1396.7572445663611,1313.7395771212043,0.6635968019731676,0.3364031980268324,10.092095940804972,-10.092095940804972,1406.849340507166,1303.6474811803994,18,34,13,37,0.34615384615384615,0.26,0.5710659898477157
2024-25,2025-02-10,0022400759,MIA,BOS,0,1481.2738890525652,1620.2429964338653,0.3546882515440424,0.6453117484559576,-10.640647546321272,10.640647546321272,1470.6332415062438,1630.8836439801867,25,25,37,16,0.5,0.6981132075471698,0.41732283464566927
2024-25,2025-02-10,0022400760,MIL,GSW,0,1517.7951672845372,1475.0143697330268,0.6101023027133381,0.3898976972866619,-18.303069081400142,18.303069081400142,1499.4920982031372,1493.3174388144269,28,23,26,26,0.5490196078431373,0.5,0.5233644859813085
2024-25,2025-02-10,0022400761,OKC,NOP,1,1725.9858200466194,1326.9125052955,0.9240525198909214,0.07594748010907859,2.278424403272358,-2.278424403272358,1728.2642444498917,1324.6340808922278,42,9,12,40,0.8235294117647058,0.23076923076923078,0.7811158798283261
2024-25,2025-02-10,0022400762,DAL,SAC,0,1509.5583063429672,1509.607442701484,0.5501293521349286,0.44987064786507136,-16.503880564047858,16.503880564047858,1493.0544257789193,1526.1113232655318,28,25,26,26,0.5283018867924528,0.5,0.5137614678899083
2024-25,2025-02-10,0022400763,DEN,POR,1,1614.9884231282977,1520.8686552268387,0.6777111850262187,0.32228881497378126,9.668664449213438,-9.668664449213438,1624.657087577511,1511.1999907776253,34,19,23,30,0.6415094339622641,0.4339622641509434,0.5964912280701754
2024-25,2025-02-10,0022400768,LAL,UTA,1,1605.6537032896788,1328.2048120887168,0.8579784770549613,0.14202152294503867,4.26064568835116,-4.26064568835116,1609.91434897803,1323.9441664003657,31,19,12,39,0.62,0.23529411764705882,0.7248968363136177
2024-25,2025-02-11,0022400764,PHI,TOR,0,1437.430094362388,1413.5343962456757,0.5839550956586781,0.4160449043413219,-17.51865286976034,17.51865286976034,1419.9114414926275,1431.0530491154361,20,32,16,37,0.38461538461538464,0.3018867924528302,0.5602536997885835
2024-25,2025-02-11,0022400765,IND,NYK,0,1590.2778157843247,1604.3225239119884,0.5301205738237165,0.46987942617628353,-15.903617214711494,15.903617214711494,1574.3741985696133,1620.2261411266998,29,22,34,18,0.5686274509803921,0.6538461538461539,0.46514497223935836
2024-25,2025-02-11,0022400766,CHI,DET,0,1418.5788436114692,1522.9731442290683,0.4014407166841382,0.5985592833158617,-12.043221500524147,12.043221500524147,1406.535622110945,1535.0163657295925,22,31,27,26,0.41509433962264153,0.5094339622641509,0.4489795918367347
2024-25,2025-02-11,0022400767,PHX,MEM,0,1475.246112057923,1631.2105178818522,0.3326270607932529,0.6673729392067471,-9.978811823797587,9.978811823797587,1465.2673002341255,1641.1893297056497,26,26,35,17,0.5,0.6730769230769231,0.4262295081967213
2024-25,2025-02-12,0022400769,BOS,SAS,1,1630.8836439801867,1442.0560841668425,0.7838855682090815,0.2161144317909185,6.483432953727554,-6.483432953727554,1637.3670769339142,1435.572651213115,38,16,23,28,0.7037037037037037,0.45098039215686275,0.6094339622641509
2024-25,2025-02-12,0022400770,ORL,CHA,1,1420.1333520225496,1303.6474811803994,0.7051664199730318,0.29483358002696824,8.845007400809047,-8.845007400809047,1428.9783594233586,1294.8024737795904,26,29,13,38,0.4727272727272727,0.2549019607843137,0.6496815286624205
2024-25,2025-02-12,0022400771,WAS,IND,0,1283.0316157158895,1574.3741985696133,0.18608891587529836,0.8139110841247017,-5.58266747625895,5.58266747625895,1277.4489482396307,1579.9568660458722,9,44,29,23,0.16981132075471697,0.5576923076923077,0.23341645885286783
2024-25,2025-02-12,0022400772,BKN,PHI,1,1406.849340507166,1419.9114414926275,0.5315292837015705,0.4684707162984295,14.054121488952886,-14.054121488952886,1420.903461996119,1405.8573200036747,19,34,20,33,0.3584905660377358,0.37735849056603776,0.4871794871794871
2024-25,2025-02-12,0022400773,NYK,ATL,1,1620.2261411266998,1489.6083315955564,0.7217929588633796,0.2782070411366204,8.346211234098613,-8.346211234098613,1628.5723523607983,1481.2621203614578,35,18,26,28,0.660377358490566,0.48148148148148145,0.5783353733170135
2024-25,2025-02-12,0022400774,TOR,CLE,0,1431.0530491154361,1686.9492089190385,0.21898681460942343,0.7810131853905766,-6.569604438282703,6.569604438282703,1424.4834446771533,1693.5188133573213,17,37,43,10,0.3148148148148148,0.8113207547169812,0.2795532112938256
2024-25,2025-02-12,0022400775,CHI,DET,0,1406.535622110945,1535.0163657295925,0.3686253949159917,0.6313746050840083,-11.05876184747975,11.05876184747975,1395.4768602634654,1546.0751275770722,22,32,28,26,0.4074074074074074,0.5185185185185185,0.44
2024-25,2025-02-12,0022400776,MIN,MIL,0,1566.8727236668449,1499.4920982031372,0.6432160501397447,0.3567839498602553,-19.29648150419234,19.29648150419234,1547.5762421626525,1518.7885797073295,30,24,28,24,0.5555555555555556,0.5384615384615384,0.5078125
2024-25,2025-02-12,0022400777,NOP,SAC,0,1324.6340808922278,1526.1113232655318,0.2772146765958927,0.7227853234041073,-8.316440297876781,8.316440297876781,1316.317640594351,1534.4277635634087,12,41,27,26,0.22641509433962265,0.5094339622641509,0.30769230769230765
2024-25,2025-02-12,0022400778,OKC,MIA,1,1728.2642444498917,1470.6332415062438,0.8435020554564727,0.15649794454352728,4.694938336305818,-4.694938336305818,1732.9591827861975,1465.938303169938,43,9,25,26,0.8269230769230769,0.49019607843137253,0.6278270827369024
2024-25,2025-02-12,0022400779,HOU,PHX,1,1555.0047977261465,1465.2673002341255,0.6721767544231805,0.3278232455768195,9.834697367304585,-9.834697367304585,1564.8394950934512,1455.4326028668208,33,20,26,27,0.6226415094339622,0.49056603773584906,0.559322033898305
2024-25,2025-02-12,0022400780,DEN,POR,1,1624.657087577511,1511.1999907776253,0.7015286402980581,0.29847135970194194,8.954140791058258,-8.954140791058258,1633.6112283685693,1502.245849986567,35,19,23,31,0.6481481481481481,0.42592592592592593,0.6034482758620691
2024-25,2025-02-12,0022400781,UTA,LAL,1,1323.9441664003657,1609.91434897803,0.19081850393603952,0.8091814960639605,24.275444881918816,-24.275444881918816,1348.2196112822844,1585.6389040961112,12,40,32,19,0.23076923076923078,0.6274509803921569,0.2688927943760984
2024-25,2025-02-12,0022400782,DAL,GSW,1,1493.0544257789193,1493.3174388144269,0.5498246339656273,0.4501753660343727,13.505260981031181,-13.505260981031181,1506.5596867599504,1479.8121778333957,28,26,27,26,0.5185185185185185,0.5094339622641509,0.5044187627464309
2024-25,2025-02-12,0022400783,LAC,MEM,1,1516.1675257907798,1641.1893297056497,0.3732715552683794,0.6267284447316206,18.80185334194862,-18.80185334194862,1534.9693791327284,1622.3874763637011,29,23,36,17,0.5576923076923077,0.6792452830188679,0.45086535640950426
2024-25,2025-02-13,0022400784,HOU,GSW,0,1564.8394950934512,1479.8121778333957,0.6661743958819841,0.3338256041180159,-19.985231876459522,19.985231876459522,1544.8542632169917,1499.7974097098552,34,20,27,27,0.6296296296296297,0.5,0.5573770491803278
2024-25,2025-02-13,0022400785,NOP,SAC,1,1316.317640594351,1534.4277635634087,0.25844496715743126,0.7415550328425687,22.24665098527706,-22.24665098527706,1338.564291579628,1512.1811125781317,12,42,28,26,0.2222222222222222,0.5185185185185185,0.3
2024-25,2025-02-13,0022400786,DAL,MIA,1,1506.5596867599504,1465.938303169938,0.6071413318412547,0.39285866815874526,11.785760044762357,-11.785760044762357,1518.3454468047128,1454.1525431251757,29,26,25,27,0.5272727272727272,0.4807692307692308,0.5230662504335761
2024-25,2025-02-13,0022400787,MIN,OKC,1,1547.5762421626525,1732.9591827861975,0.296155292294122,0.703844707705878,21.11534123117634,-21.11534123117634,1568.691583393829,1711.843841555021,30,25,44,9,0.5454545454545454,0.8301886792452831,0.3965087281795511
2024-25,2025-02-13,0022401004,UTA,LAC,0,1348.2196112822844,1534.9693791327284,0.2945178446005656,0.7054821553994344,-8.83553533801697,8.83553533801697,1339.3840759442674,1543.8049144707454,13,40,30,23,0.24528301886792453,0.5660377358490566,0.3023255813953488
2024-25,2025-02-19,0022400524,LAL,CHA,0,1585.6389040961112,1294.8024737795904,0.867112436332782,0.132887563667218,-26.01337308998346,26.01337308998346,1559.6255310061279,1320.8158468695738,32,20,13,39,0.6153846153846154,0.25,0.7111111111111111
2024-25,2025-02-20,0022400788,IND,MEM,1,1579.9568660458722,1622.3874763637011,0.4893081222775226,0.5106918777224774,15.320756331674321,-15.320756331674321,1595.2776223775465,1607.0667200320268,30,23,36,18,0.5660377358490566,0.6666666666666666,0.45918367346938777
2024-25,2025-02-20,0022400789,PHI,BOS,0,1405.8573200036747,1637.3670769339142,0.24393951168666098,0.756060488313339,-7.318185350599829,7.318185350599829,1398.5391346530748,1644.685262284514,20,34,39,16,0.37037037037037035,0.7090909090909091,0.3431066749844042
2024-25,2025-02-20,0022400790,ATL,ORL,0,1481.2621203614578,1428.9783594233586,0.6230339114001332,0.3769660885998668,-18.691017342003995,18.691017342003995,1462.5711030194539,1447.6693767653626,26,29,27,29,0.4727272727272727,0.48214285714285715,0.49506970418225094
2024-25,2025-02-20,0022400791,BKN,CLE,0,1420.903461996119,1693.5188133573213,0.20297165326049793,0.7970283467395021,-6.089149597814938,6.089149597814938,1414.814312398304,1699.6079629551361,20,34,44,10,0.37037037037037035,0.8148148148148148,0.3125
2024-25,2025-02-20,0022400792,NYK,CHI,1,1628.5723523607983,1395.4768602634654,0.8239412828328913,0.17605871716710875,5.281761515013263,-5.281761515013263,1633.8541138758114,1390.1950987484522,36,18,22,33,0.6666666666666666,0.4,0.625
2024-25,2025-02-20,0022400793,MIL,LAC,1,1518.7885797073295,1543.8049144707454,0.5143636959834932,0.4856363040165068,14.569089120495205,-14.569089120495205,1533.3576688278247,1529.2358253502503,29,24,31,23,0.5471698113207547,0.5740740740740741,0.4880024929884699
2024-25,2025-02-20,0022400794,DEN,CHA,1,1633.6112283685693,1320.8158468695738,0.8810143642169946,0.11898563578300536,3.569569073490161,-3.569569073490161,1637.1807974420594,1317.2462777960836,36,19,14,39,0.6545454545454545,0.2641509433962264,0.7124719940253921
2024-25,2025-02-20,0022400795,SAS,PHX,1,1435.572651213115,1455.4326028668208,0.5217745001084672,0.47822549989153285,14.346764996745986,-14.346764996745986,1449.919416209861,1441.0858378700748,23,29,26,28,0.4423076923076923,0.48148148148148145,0.47879722436391675
2024-25,2025-02-20,0022400796,POR,LAL,0,1502.245849986567,1559.6255310061279,0.4678375200852798,0.5321624799147202,-14.035125602558393,14.035125602558393,1488.2107243840087,1573.6606566086862,23,32,32,21,0.41818181818181815,0.6037735849056604,0.4091977173548171
2024-25,2025-02-21,0022400797,CLE,NYK,1,1699.6079629551361,1633.8541138758114,0.6410641337034751,0.35893586629652485,10.768075988895745,-10.768075988895745,1710.376038944032,1623.0860378869156,45,10,37,18,0.8181818181818182,0.6727272727272727,0.5487804878048781
2024-25,2025-02-21,0022400798,ORL,MEM,0,1447.6693767653626,1607.0667200320268,0.3282548651242302,0.6717451348757698,-9.847645953726905,9.847645953726905,1437.8217308116357,1616.9143659857536,28,29,36,19,0.49122807017543857,0.6545454545454545,0.4287305122494432
2024-25,2025-02-21,0022400799,WAS,MIL,0,1277.4489482396307,1533.3576688278247,0.2189744483038724,0.7810255516961276,-6.5692334491161715,6.5692334491161715,1270.8797147905145,1539.9269022769408,9,45,30,24,0.16666666666666666,0.5555555555555556,0.23076923076923075
2024-25,2025-02-21,0022400800,TOR,MIA,0,1424.4834446771533,1454.1525431251757,0.5076711820418575,0.49232881795814254,-15.230135461255724,15.230135461255724,1409.2533092158976,1469.3826785864314,17,38,25,28,0.3090909090909091,0.4716981132075472,0.3958699472759227
2024-25,2025-02-21,0022400801,HOU,MIN,1,1544.8542632169917,1568.691583393829,0.5160588623486383,0.4839411376513617,14.51823412954085,-14.51823412954085,1559.3724973465326,1554.1733492642882,34,21,31,25,0.6181818181818182,0.5535714285714286,0.5275699639789415
2024-25,2025-02-21,0022400802,SAS,DET,0,1449.919416209861,1546.0751275770722,0.41288767497536916,0.5871123250246308,-12.386630249261074,12.386630249261074,1437.5327859606,1558.4617578263333,24,29,29,26,0.4528301886792453,0.5272727272727272,0.4620231011550578
2024-25,2025-02-21,0022400803,DAL,NOP,1,1518.3454468047128,1338.564291579628,0.774933222784057,0.22506677721594304,6.752003316478291,-6.752003316478291,1525.097450121191,1331.8122882631496,30,26,13,42,0.5357142857142857,0.23636363636363636,0.6938603868797308
2024-25,2025-02-21,0022400804,UTA,OKC,0,1339.3840759442674,1711.843841555021,0.1253652861434245,0.8746347138565755,-3.7609585843027347,3.7609585843027347,1335.6231173599647,1715.6048001393237,13,41,44,10,0.24074074074074073,0.8148148148148148,0.22807017543859648
2024-25,2025-02-21,0022400805,SAC,GSW,0,1512.1811125781317,1499.7974097098552,0.5677709734133438,0.4322290265866562,-17.033129202400314,17.033129202400314,1495.1479833757314,1516.8305389122554,28,27,28,27,0.509090909090909,0.509090909090909,0.5
2024-25,2025-02-22,0022400806,CHI,PHX,0,1390.1950987484522,1441.0858378700748,0.47714732101641655,0.5228526789835835,-14.314419630492496,14.314419630492496,1375.8806791179597,1455.4002575005672,22,34,26,29,0.39285714285714285,0.4727272727272727,0.45386346586646664
2024-25,2025-02-22,0022400807,PHI,BKN,0,1398.5391346530748,1414.814312398304,0.5269211253540854,0.4730788746459146,-15.807633760622563,15.807633760622563,1382.7315008924522,1430.6219461589267,20,35,20,35,0.36363636363636365,0.36363636363636365,0.5
2024-25,2025-02-22,0022400808,DEN,LAL,0,1637.1807974420594,1573.6606566086862,0.6381001013318087,0.3618998986681913,-19.143003039954262,19.143003039954262,1618.0377944021052,1592.8036596486404,37,19,33,21,0.6607142857142857,0.6111111111111112,0.5195007800312013
2024-25,2025-02-22,0022400809,UTA,HOU,1,1335.6231173599647,1559.3724973465326,0.2522724967241036,0.7477275032758963,22.43182509827689,-22.43182509827689,1358.0549424582416,1536.9406722482556,13,42,35,21,0.23636363636363636,0.625,0.27440633245382584
2024-25,2025-02-22,0022400810,POR,CHA,1,1488.2107243840087,1317.2462777960836,0.7659579837730709,0.2340420162269291,7.021260486807873,-7.021260486807873,1495.2319848708166,1310.2250173092757,23,33,14,40,0.4107142857142857,0.25925925925925924,0.6130306021717671
2024-25,2025-02-23,0022400811,BOS,NYK,1,1644.685262284514,1623.0860378869156,0.5807398602611097,0.4192601397388903,12.57780419216671,-12.57780419216671,1657.2630664766807,1610.508233694749,40,16,37,19,0.7142857142857143,0.6607142857142857,0.5194805194805195
2024-25,2025-02-23,0022400812,GSW,DAL,1,1516.8305389122554,1525.097450121191,0.5383962637194009,0.46160373628059914,13.848112088417974,-13.848112088417974,1530.6786510006734,1511.249338032773,29,27,31,26,0.5178571428571429,0.543859649122807,0.4877544998524639
2024-25,2025-02-23,0022400813,IND,LAC,1,1595.2776223775465,1529.2358253502503,0.6414454508956988,0.3585545491043012,10.756636473129035,-10.756636473129035,1606.0342588506755,1518.4791888771213,31,23,31,24,0.5740740740740741,0.5636363636363636,0.5045871559633027
2024-25,2025-02-23,0022400814,ATL,DET,0,1462.5711030194539,1558.4617578263333,0.4132575925930021,0.5867424074069979,-12.397727777790063,12.397727777790063,1450.1733752416637,1570.8594856041234,26,30,30,26,0.4642857142857143,0.5357142857142857,0.4642857142857143
2024-25,2025-02-23,0022400815,ORL,WAS,1,1437.8217308116357,1270.8797147905145,0.7617815435384594,0.2382184564615406,7.146553693846219,-7.146553693846219,1444.968284505482,1263.7331610966683,28,30,9,46,0.4827586206896552,0.16363636363636364,0.7468477206595538
2024-25,2025-02-23,0022400816,TOR,PHX,1,1409.2533092158976,1455.4002575005672,0.48396375383426093,0.5160362461657391,15.481087384972172,-15.481087384972172,1424.7343966008698,1439.919170115595,17,39,27,29,0.30357142857142855,0.48214285714285715,0.38636363636363635
2024-25,2025-02-23,0022400817,MIL,MIA,1,1539.9269022769408,1469.3826785864314,0.6473843217555542,0.35261567824444584,10.578470347333376,-10.578470347333376,1550.5053726242743,1458.804208239098,31,24,26,28,0.5636363636363636,0.48148148148148145,0.5393041237113402
2024-25,2025-02-23,0022400818,NOP,SAS,1,1331.8122882631496,1437.5327859606,0.3996077119042757,0.6003922880957243,18.01176864287173,-18.01176864287173,1349.8240569060213,1419.5210173177284,13,43,24,30,0.23214285714285715,0.4444444444444444,0.34310850439882695
2024-25,2025-02-23,0022400819,CLE,MEM,1,1710.376038944032,1616.9143659857536,0.6768831931156024,0.3231168068843976,9.693504206531928,-9.693504206531928,1720.069543150564,1607.2208617792217,46,10,37,19,0.8214285714285714,0.6607142857142857,0.5542168674698795
2024-25,2025-02-23,0022400820,MIN,OKC,0,1554.1733492642882,1715.6048001393237,0.32567814127213524,0.6743218587278648,-9.770344238164057,9.770344238164057,1544.403005026124,1725.3751443774877,31,26,45,10,0.543859649122807,0.8181818181818182,0.3992974238875878
2024-25,2025-02-24,0022400821,DET,LAC,1,1570.8594856041234,1518.4791888771213,0.6231644167494377,0.3768355832505623,11.30506749751687,-11.30506749751687,1582.1645531016402,1507.1741213796045,31,26,31,25,0.543859649122807,0.5535714285714286,0.495575221238938
2024-25,2025-02-24,0022400822,IND,DEN,0,1606.0342588506755,1618.0377944021052,0.5330463280462334,0.4669536719537666,-15.991389841387003,15.991389841387003,1590.0428690092886,1634.0291842434922,32,23,37,20,0.5818181818181818,0.6491228070175439,0.4726613112205234
2024-25,2025-02-24,0022400823,PHI,CHI,0,1382.7315008924522,1375.8806791179597,0.5599385565433994,0.4400614434566006,-16.798156696301984,16.798156696301984,1365.9333441961503,1392.6788358142617,20,36,22,35,0.35714285714285715,0.38596491228070173,0.48060708263069146
2024-25,2025-02-24,0022400824,WAS,BKN,1,1263.7331610966683,1430.6219461589267,0.3188171837304215,0.6811828162695786,20.435484488087358,-20.435484488087358,1284.1686455847557,1410.1864616708392,9,47,21,35,0.16071428571428573,0.375,0.30000000000000004
2024-25,2025-02-24,0022400825,ATL,MIA,1,1450.1733752416637,1458.804208239098,0.5378755849329401,0.4621244150670599,13.863732452011797,-13.863732452011797,1464.0371076936756,1444.9404757870861,26,31,26,29,0.45614035087719296,0.4727272727272727,0.49107142857142855
2024-25,2025-02-24,0022400826,OKC,MIN,0,1725.3751443774877,1544.403005026124,0.7761267101139802,0.22387328988601984,-23.283801303419406,23.283801303419406,1702.0913430740684,1567.6868063295433,46,10,31,27,0.8214285714285714,0.5344827586206896,0.6058128973660308
2024-25,2025-02-24,0022400827,UTA,POR,0,1358.0549424582416,1495.2319848708166,0.3570529375132301,0.6429470624867699,-10.711588125396903,10.711588125396903,1347.3433543328447,1505.9435729962136,14,42,24,33,0.25,0.42105263157894735,0.37254901960784315
2024-25,2025-02-24,0022400828,SAC,CHA,1,1495.1479833757314,1310.2250173092757,0.7800535319231378,0.21994646807686224,6.598394042305867,-6.598394042305867,1501.7463774180374,1303.6266232669698,28,28,14,41,0.5,0.2545454545454545,0.6626506024096386
2024-25,2025-02-25,0022400829,TOR,BOS,0,1424.7343966008698,1657.2630664766807,0.2428593756448001,0.7571406243551999,-7.285781269344003,7.285781269344003,1417.4486153315258,1664.5488477460246,18,39,41,16,0.3157894736842105,0.7192982456140351,0.30508474576271183
2024-25,2025-02-25,0022400830,ORL,CLE,0,1444.968284505482,1720.069543150564,0.2006664971028091,0.7993335028971909,-6.019994913084273,6.019994913084273,1438.9482895923977,1726.0895380636482,29,30,47,10,0.4915254237288136,0.8245614035087719,0.3734749209218256
2024-25,2025-02-25,0022400831,HOU,MIL,1,1536.9406722482556,1550.5053726242743,0.5308087959281773,0.4691912040718227,14.07573612215468,-14.07573612215468,1551.0164083704103,1536.4296365021196,35,22,32,24,0.6140350877192983,0.5714285714285714,0.517970401691332
2024-25,2025-02-25,0022400832,MEM,PHX,1,1607.2208617792217,1439.919170115595,0.762157067017418,0.23784293298258197,7.135287989477459,-7.135287989477459,1614.3561497686992,1432.7838821261175,37,20,27,30,0.6491228070175439,0.47368421052631576,0.578125
2024-25,2025-02-25,0022400833,NOP,SAS,1,1349.8240569060213,1419.5210173177284,0.450232397533854,0.549767602466146,16.49302807398438,-16.49302807398438,1366.3170849800056,1403.027989243744,14,43,24,31,0.24561403508771928,0.43636363636363634,0.3601496725912067
2024-25,2025-02-25,0022400834,GSW,CHA,1,1530.6786510006734,1303.6266232669698,0.8188377223212588,0.18116227767874116,5.434868330362235,-5.434868330362235,1536.1135193310356,1298.1917549366076,30,27,14,42,0.5263157894736842,0.25,0.6779661016949152
2024-25,2025-02-25,0022400835,LAL,DAL,1,1592.8036596486404,1511.249338032773,0.661713745219112,0.33828625478088803,10.14858764342664,-10.14858764342664,1602.952247292067,1501.1007503893463,34,21,31,27,0.6181818181818182,0.5344827586206896,0.5363067718248573
2024-25,2025-02-26,0022400836,DET,BOS,1,1582.1645531016402,1664.5488477460246,0.43222819059847206,0.5677718094015279,17.03315428204584,-17.03315428204584,1599.197707383686,1647.5156934639788,32,26,42,16,0.5517241379310345,0.7241379310344828,0.4324324324324324
2024-25,2025-02-26,0022400837,IND,TOR,1,1590.0428690092886,1417.4486153315258,0.7676356486012549,0.23236435139874512,6.970930541962353,-6.970930541962353,1597.013799551251,1410.4776847895635,32,24,18,40,0.5714285714285714,0.3103448275862069,0.6480446927374302
2024-25,2025-02-26,0022400838,NYK,PHI,1,1610.508233694749,1365.9333441961503,0.8333228497227962,0.16667715027720376,5.000314508316112,-5.000314508316112,1615.508548203065,1360.9330296878343,37,20,20,37,0.6491228070175439,0.3508771929824561,0.6491228070175439
2024-25,2025-02-26,0022400839,WAS,POR,0,1284.1686455847557,1505.9435729962136,0.25442248215370034,0.7455775178462997,-7.63267446461101,7.63267446461101,1276.5359711201447,1513.5762474608246,10,47,25,33,0.17543859649122806,0.43103448275862066,0.2892768079800499
2024-25,2025-02-26,0022400840,BKN,OKC,0,1410.1864616708392,1702.0913430740684,0.1855991610820866,0.8144008389179134,-5.567974832462598,5.567974832462598,1404.6184868383766,1707.659317906531,21,36,46,11,0.3684210526315789,0.8070175438596491,0.31343283582089554
2024-25,2025-02-26,0022400841,MIA,ATL,1,1444.9404757870861,1464.0371076936756,0.5228708155385363,0.4771291844614637,14.31387553384391,-14.31387553384391,1459.25435132093,1449.7232321598317,26,30,27,31,0.4642857142857143,0.46551724137931033,0.49933774834437084
2024-25,2025-02-26,0022400842,CHI,LAC,0,1392.6788358142617,1507.1741213796045,0.3875525598627525,0.6124474401372475,-11.626576795882574,11.626576795882574,1381.0522590183791,1518.800698175487,23,35,31,26,0.39655172413793105,0.543859649122807,0.42167899646188484
2024-25,2025-02-26,0022400843,UTA,SAC,0,1347.3433543328447,1501.7463774180374,0.33462527544540266,0.6653747245545973,-10.03875826336208,10.03875826336208,1337.3045960694826,1511.7851356813994,14,43,29,28,0.24561403508771928,0.5087719298245614,0.3255813953488372
2024-25,2025-02-26,0022400844,HOU,SAS,1,1551.0164083704103,1403.027989243744,0.7414207424519202,0.25857925754807976,7.757377726442392,-7.757377726442392,1558.7737860968527,1395.2706115173016,36,22,24,32,0.6206896551724138,0.42857142857142855,0.591549295774648
2024-25,2025-02-27,0022400845,ORL,GSW,0,1438.9482895923977,1536.1135193310356,0.4114796770304926,0.5885203229695074,-12.344390310914777,12.344390310914777,1426.6038992814829,1548.4579096419504,29,31,31,27,0.48333333333333334,0.5344827586206896,0.4748729531338228
2024-25,2025-02-27,0022400846,MIL,DEN,1,1536.4296365021196,1634.0291842434922,0.41087436813909084,0.5891256318609092,17.673768955827274,-17.673768955827274,1554.1034054579468,1616.355415287665,32,25,38,20,0.5614035087719298,0.6551724137931034,0.4614619592242665
2024-25,2025-02-27,0022400847,DAL,CHA,1,1501.1007503893463,1298.1917549366076,0.7973016646051959,0.20269833539480409,6.080950061844122,-6.080950061844122,1507.1817004511904,1292.1108048747635,31,28,14,43,0.5254237288135594,0.24561403508771928,0.6814500578480525
2024-25,2025-02-27,0022400848,PHX,NOP,0,1432.7838821261175,1366.3170849800056,0.6420079336853843,0.35799206631461566,-19.26023801056153,19.26023801056153,1413.523644115556,1385.5773229905672,27,31,15,43,0.46551724137931033,0.25862068965517243,0.6428571428571428
2024-25,2025-02-27,0022400849,LAL,MIN,1,1602.952247292067,1567.6868063295433,0.5997636449466596,0.40023635505334043,12.007090651600214,-12.007090651600214,1614.9593379436674,1555.679715677943,35,21,32,27,0.625,0.5423728813559322,0.5353901996370236
2024-25,2025-02-28,0022400850,DET,DEN,0,1599.197707383686,1616.355415287665,0.5256545737618347,0.47434542623816534,-15.76963721285504,15.76963721285504,1583.428070170831,1632.12505250052,33,26,38,21,0.559322033898305,0.6440677966101694,0.4647887323943662
2024-25,2025-02-28,0022400851,ATL,OKC,0,1449.7232321598317,1707.659317906531,0.21698506062821438,0.7830149393717856,-6.509551818846432,6.509551818846432,1443.2136803409853,1714.1688697253774,27,32,47,11,0.4576271186440678,0.8103448275862069,0.36091265268495043
2024-25,2025-02-28,0022400852,BOS,CLE,0,1647.5156934639788,1726.0895380636482,0.4376189199606862,0.5623810800393139,-13.128567598820586,13.128567598820586,1634.3871258651582,1739.2181056624688,42,17,48,10,0.711864406779661,0.8275862068965517,0.4624145785876993
2024-25,2025-02-28,0022400853,BKN,POR,0,1404.6184868383766,1513.5762474608246,0.39514521054819374,0.6048547894518063,-11.854356316445813,11.854356316445813,1392.7641305219308,1525.4306037772703,21,37,26,33,0.3620689655172414,0.4406779661016949,0.4510374954495814
2024-25,2025-02-28,0022400854,MIA,IND,1,1459.25435132093,1597.013799551251,0.35628366407172457,0.6437163359282754,19.311490077848262,-19.311490077848262,1478.5658413987783,1577.7023094734027,27,30,33,24,0.47368421052631576,0.5789473684210527,0.45
2024-25,2025-02-28,0022400855,CHI,TOR,1,1381.0522590183791,1410.4776847895635,0.5080217688384335,0.49197823116156647,14.759346934846993,-14.759346934846993,1395.811605953226,1395.7183378547165,23,36,18,41,0.3898305084745763,0.3050847457627119,0.5609756097560975
2024-25,2025-02-28,0022400856,MEM,NYK,0,1614.3561497686992,1615.508548203065,0.5485570945843541,0.4514429054156459,-16.456712837530624,16.456712837530624,1597.8994369311686,1631.9652610405956,38,20,38,20,0.6551724137931034,0.6551724137931034,0.5
2024-25,2025-02-28,0022400857,PHX,NOP,1,1413.523644115556,1385.5773229905672,0.5896087362886715,0.4103912637113285,12.311737911339854,-12.311737911339854,1425.8353820268958,1373.2655850792273,27,32,16,43,0.4576271186440678,0.2711864406779661,0.627906976744186
2024-25,2025-02-28,0022400858,UTA,MIN,1,1337.3045960694826,1555.679715677943,0.25815272191694616,0.7418472780830538,22.255418342491616,-22.255418342491616,1359.5600144119742,1533.4242973354515,14,44,32,28,0.2413793103448276,0.5333333333333333,0.3115727002967359
2024-25,2025-02-28,0022400859,LAL,LAC,1,1614.9593379436674,1518.800698175487,0.6802693329880792,0.31973066701192077,9.591920010357622,-9.591920010357622,1624.551257954025,1509.2087781651294,36,21,32,26,0.631578947368421,0.5517241379310345,0.5337423312883436
2024-25,2025-03-01,0022400860,CHA,WAS,0,1292.1108048747635,1276.5359711201447,0.572273278326353,0.427726721673647,-17.16819834979059,17.16819834979059,1274.942606524973,1293.7041694699353,14,44,10,48,0.2413793103448276,0.1724137931034483,0.5833333333333333
2024-25,2025-03-01,0022400861,DET,BKN,1,1583.428070170831,1392.7641305219308,0.7856710246781614,0.2143289753218386,6.429869259655158,-6.429869259655158,1589.857939430486,1386.3342612622757,33,27,21,38,0.55,0.3559322033898305,0.60710944808232
2024-25,2025-03-01,0022400862,HOU,SAC,0,1558.7737860968527,1511.7851356813994,0.615848647840071,0.384151352159929,-18.47545943520213,18.47545943520213,1540.2983266616507,1530.2605951166015,37,22,30,28,0.6271186440677966,0.5172413793103449,0.5480081716036772
2024-25,2025-03-01,0022400863,MEM,SAS,0,1597.8994369311686,1395.2706115173016,0.7970408941206061,0.20295910587939392,-23.911226823618183,23.911226823618183,1573.9882101075505,1419.1818383409197,38,21,24,33,0.6440677966101694,0.42105263157894735,0.6046901172529312
2024-25,2025-03-01,0022400864,PHI,GSW,1,1360.9330296878343,1548.4579096419504,0.2935916139555008,0.7064083860444992,21.192251581334975,-21.192251581334975,1382.1252812691694,1527.2656580606154,20,38,32,27,0.3448275862068966,0.5423728813559322,0.38866930171277997
2024-25,2025-03-01,0022400865,DAL,MIL,0,1507.1817004511904,1554.1034054579468,0.4828500176871197,0.5171499823128802,-14.485500530613592,14.485500530613592,1492.6961999205769,1568.5889059885603,32,28,33,25,0.5333333333333333,0.5689655172413793,0.483837330552659
2024-25,2025-03-02,0022400866,BOS,DEN,1,1634.3871258651582,1632.12505250052,0.5534197739438378,0.4465802260561622,13.397406781684866,-13.397406781684866,1647.784532646843,1618.7276457188352,42,18,39,21,0.7,0.65,0.5185185185185185
2024-25,2025-03-02,0022400867,CLE,POR,1,1739.2181056624688,1525.4306037772703,0.8072339084910172,0.19276609150898283,5.782982745269485,-5.782982745269485,1745.0010884077383,1519.6476210320009,49,10,27,33,0.8305084745762712,0.45,0.6485771012574454
2024-25,2025-03-02,0022400868,IND,CHI,1,1577.7023094734027,1395.811605953226,0.777044124320092,0.22295587567990804,6.6886762703972416,-6.6886762703972416,1584.3909857438,1389.1229296828287,33,25,24,36,0.5689655172413793,0.4,0.5871886120996441
2024-25,2025-03-02,0022400869,MIA,NYK,0,1478.5658413987783,1631.9652610405956,0.3359128037850741,0.664087196214926,-10.077384113552222,10.077384113552222,1468.488457285226,1642.0426451541477,28,30,39,20,0.4827586206896552,0.6610169491525424,0.42207460398569235
2024-25,2025-03-02,0022400870,ORL,TOR,0,1426.6038992814829,1395.7183378547165,0.5936964879913057,0.4063035120086943,-17.81089463973917,17.81089463973917,1408.7930046417437,1413.5292324944558,29,32,18,42,0.47540983606557374,0.3,0.613107822410148
2024-25,2025-03-02,0022400871,SAS,OKC,0,1419.1818383409197,1714.1688697253774,0.182932323829758,0.817067676170242,-5.48796971489274,5.48796971489274,1413.693868626027,1719.65683944027,25,33,48,11,0.43103448275862066,0.8135593220338984,0.3463254285043437
2024-25,2025-03-02,0022400872,UTA,NOP,0,1359.5600144119742,1373.2655850792273,0.5306068319535648,0.46939316804643516,-15.918204958606946,15.918204958606946,1343.6418094533672,1389.1837900378343,15,44,16,44,0.2542372881355932,0.26666666666666666,0.48806941431670287
2024-25,2025-03-02,0022400873,PHX,MIN,0,1425.8353820268958,1533.4242973354515,0.3970300512065201,0.6029699487934799,-11.910901536195603,11.910901536195603,1413.9244804907003,1545.335198871647,28,32,32,29,0.4666666666666667,0.5245901639344263,0.47078280044101434
2024-25,2025-03-02,0022400874,LAL,LAC,1,1624.551257954025,1509.2087781651294,0.7037961556639023,0.2962038443360977,8.88611533008293,-8.88611533008293,1633.437373284108,1500.3226628350465,37,21,32,27,0.6379310344827587,0.5423728813559322,0.5404803169101262
2024-25,2025-03-03,0022400875,CHA,GSW,0,1274.942606524973,1527.2656580606154,0.22252499779860402,0.777475002201396,-6.67574993395812,6.67574993395812,1268.2668565910149,1533.9414079945734,14,45,32,28,0.23728813559322035,0.5333333333333333,0.30791788856304986
2024-25,2025-03-03,0022400876,PHI,POR,0,1382.1252812691694,1519.6476210320009,0.3565967606586151,0.6434032393413849,-10.697902819758454,10.697902819758454,1371.427378449411,1530.3455238517593,21,38,27,34,0.3559322033898305,0.4426229508196721,0.44572025052192066
2024-25,2025-03-03,0022400877,MIA,WAS,1,1468.488457285226,1293.7041694699353,0.769876755763287,0.23012324423671304,6.9036973271013915,-6.9036973271013915,1475.3921546123274,1286.800472142834,28,31,11,48,0.4745762711864407,0.1864406779661017,0.717948717948718
2024-25,2025-03-03,0022400878,MEM,ATL,0,1573.9882101075505,1443.2136803409853,0.7219740822841708,0.2780259177158292,-21.659222468525126,21.659222468525126,1552.3289876390254,1464.8729028095104,38,22,27,33,0.6333333333333333,0.45,0.5846153846153846
2024-25,2025-03-03,0022400879,OKC,HOU,1,1719.65683944027,1540.2983266616507,0.7745086082451584,0.22549139175484156,6.7647417526452465,-6.7647417526452465,1726.4215811929153,1533.5335849090054,49,11,37,23,0.8166666666666667,0.6166666666666667,0.5697674418604651
2024-25,2025-03-03,0022400880,DAL,SAC,0,1492.6961999205769,1530.2605951166015,0.4963096056705618,0.5036903943294382,-14.889288170116854,14.889288170116854,1477.8069117504601,1545.1498832867183,32,29,31,28,0.5245901639344263,0.5254237288135594,0.49960306959513096
2024-25,2025-03-03,0022400881,UTA,DET,0,1343.6418094533672,1589.857939430486,0.22866622560054178,0.7713337743994582,-6.859986768016253,6.859986768016253,1336.781822685351,1596.7179261985023,15,45,34,27,0.25,0.5573770491803278,0.30964467005076146
2024-25,2025-03-04,0022400882,IND,HOU,1,1584.3909857438,1533.5335849090054,0.621103564532531,0.378896435467469,11.366893064024069,-11.366893064024069,1595.757878807824,1522.1666918449814,34,25,37,24,0.576271186440678,0.6065573770491803,0.48719755696499883
2024-25,2025-03-04,0022400883,ORL,TOR,0,1408.7930046417437,1413.5292324944558,0.5434432497459797,0.4565567502540203,-16.30329749237939,16.30329749237939,1392.4897071493642,1429.8325299868352,29,33,19,42,0.46774193548387094,0.3114754098360656,0.6002714625042416
2024-25,2025-03-04,0022400884,ATL,MIL,0,1464.8729028095104,1568.5889059885603,0.40237929620944535,0.5976207037905547,-12.07137888628336,12.07137888628336,1452.801523923227,1580.6602848748437,28,33,34,25,0.45901639344262296,0.576271186440678,0.44337090713902305
2024-25,2025-03-04,0022400885,NYK,GSW,0,1642.0426451541477,1533.9414079945734,0.6950332514425759,0.3049667485574241,-20.850997543277277,20.850997543277277,1621.1916476108704,1554.7924055378508,40,20,33,28,0.6666666666666666,0.5409836065573771,0.5520361990950226
2024-25,2025-03-04,0022400886,CHI,CLE,0,1389.1229296828287,1745.0010884077383,0.136211024662285,0.863788975337715,-4.08633073986855,4.08633073986855,1385.0365989429602,1749.0874191476069,24,37,50,10,0.39344262295081966,0.8333333333333334,0.32071269487750553
2024-25,2025-03-04,0022400887,MIN,PHI,1,1545.335198871647,1371.427378449411,0.768981671374581,0.23101832862541904,6.930549858762571,-6.930549858762571,1552.2657487304095,1364.4968285906484,33,29,21,39,0.532258064516129,0.35,0.603290676416819
2024-25,2025-03-04,0022400888,SAS,BKN,1,1413.693868626027,1386.3342612622757,0.5887912602484666,0.4112087397515334,12.336262192546002,-12.336262192546002,1426.030130818573,1373.9979990697298,25,34,21,39,0.423728813559322,0.35,0.547645125958379
2024-25,2025-03-04,0022400889,PHX,LAC,1,1413.9244804907003,1500.3226628350465,0.4265669840637585,0.5734330159362415,17.202990478087244,-17.202990478087244,1431.1274709687875,1483.1196723569592,28,33,32,28,0.45901639344262296,0.5333333333333333,0.4625550660792952
2024-25,2025-03-04,0022400890,LAL,NOP,1,1633.437373284108,1389.1837900378343,0.8330657912420898,0.1669342087579102,5.008026262737307,-5.008026262737307,1638.4453995468452,1384.175763775097,38,21,17,44,0.6440677966101694,0.2786885245901639,0.6979825353809094
2024-25,2025-03-05,0022400891,BOS,POR,1,1647.784532646843,1530.3455238517593,0.7063058570213727,0.2936941429786273,8.810824289358818,-8.810824289358818,1656.5953569362018,1521.5346995624004,43,18,28,34,0.7049180327868853,0.45161290322580644,0.6095107453132145
2024-25,2025-03-05,0022400892,CHA,MIN,0,1268.2668565910149,1552.2657487304095,0.19257680994848075,0.8074231900515192,-5.777304298454423,5.777304298454423,1262.4895522925603,1558.043053028864,14,46,34,29,0.23333333333333334,0.5396825396825397,0.3018480492813142
2024-25,2025-03-05,0022400893,CLE,MIA,1,1749.0874191476069,1475.3921546123274,0.8553251385664347,0.14467486143356534,4.34024584300696,-4.34024584300696,1753.4276649906137,1471.0519087693206,51,10,29,31,0.8360655737704918,0.48333333333333334,0.6336715676123421
2024-25,2025-03-05,0022400894,WAS,UTA,1,1286.800472142834,1336.781822685351,0.4784534557737097,0.5215465442262903,15.64639632678871,-15.64639632678871,1302.4468684696228,1321.1354263585622,11,49,15,46,0.18333333333333332,0.2459016393442623,0.42711648631444943
2024-25,2025-03-05,0022400895,MEM,OKC,0,1552.3289876390254,1726.4215811929153,0.30987979439878355,0.6901202056012165,-9.296393831963506,9.296393831963506,1543.0325938070619,1735.7179750248788,38,23,50,11,0.6229508196721312,0.819672131147541,0.4318181818181818
2024-25,2025-03-05,0022400896,DEN,SAC,1,1618.7276457188352,1545.1498832867183,0.6513602791979193,0.3486397208020807,10.459191624062422,-10.459191624062422,1629.1868373428977,1534.6906916626558,39,22,32,28,0.639344262295082,0.5333333333333333,0.5452003727865797
2024-25,2025-03-05,0022400897,MIL,DAL,1,1580.6602848748437,1477.8069117504601,0.6885926049960369,0.3114073950039631,9.342221850118893,-9.342221850118893,1590.0025067249626,1468.4646899003412,35,25,32,30,0.5833333333333334,0.5161290322580645,0.530562347188264
2024-25,2025-03-05,0022400898,LAC,DET,1,1483.1196723569592,1596.7179261985023,0.38877890923528974,0.6112210907647102,18.336632722941307,-18.336632722941307,1501.4563050799004,1578.381293475561,32,29,35,27,0.5245901639344263,0.5645161290322581,0.4816703083272639
2024-25,2025-03-06,0022400899,ATL,IND,1,1452.801523923227,1595.757878807824,0.3494524859995407,0.6505475140004593,19.51642542001378,-19.51642542001378,1472.3179493432408,1576.2414533878102,28,34,35,25,0.45161290322580644,0.5833333333333334,0.43636363636363634
2024-25,2025-03-06,0022400900,BOS,PHI,1,1656.5953569362018,1364.4968285906484,0.8679473659120853,0.13205263408791468,3.9615790226374403,-3.9615790226374403,1660.5569359588392,1360.535249568011,44,18,21,40,0.7096774193548387,0.3442622950819672,0.6733567486201707
2024-25,2025-03-06,0022400901,BKN,GSW,0,1373.9979990697298,1554.7924055378508,0.30169064522832284,0.6983093547716772,-9.050719356849685,9.050719356849685,1364.9472797128801,1563.8431248947004,21,40,34,28,0.3442622950819672,0.5483870967741935,0.38566350710900477
2024-25,2025-03-06,0022400902,NOP,HOU,0,1384.175763775097,1522.1666918449814,0.35597811843532945,0.6440218815646706,-10.679343553059883,10.679343553059883,1373.4964202220372,1532.8460353980413,17,45,37,25,0.27419354838709675,0.5967741935483871,0.31481481481481477
2024-25,2025-03-06,0022400903,LAL,NYK,1,1638.4453995468452,1621.1916476108704,0.5746372836796305,0.4253627163203695,12.760881489611084,-12.760881489611084,1651.2062810364564,1608.4307661212592,39,21,40,21,0.65,0.6557377049180327,0.49780288763339614
2024-25,2025-03-06,0022400944,ORL,CHI,0,1392.4897071493642,1385.0365989429602,0.5607926822507212,0.4392073177492788,-16.823780467521637,16.823780467521637,1375.6659266818426,1401.8603794104818,29,34,24,38,0.4603174603174603,0.3870967741935484,0.543202416918429
2024-25,2025-03-07,0022400904,CHA,CLE,0,1262.4895522925603,1753.4276649906137,0.06757247170333447,0.9324275282966655,-2.0271741511000343,2.0271741511000343,1260.4623781414602,1755.4548391417138,14,47,52,10,0.22950819672131148,0.8387096774193549,0.21485148514851488
2024-25,2025-03-07,0022400905,TOR,UTA,1,1429.8325299868352,1321.1354263585622,0.6957598120596664,0.3042401879403336,9.127205638210008,-9.127205638210008,1438.9597356250451,1312.0082207203523,20,42,15,47,0.3225806451612903,0.24193548387096775,0.5714285714285715
2024-25,2025-03-07,0022400906,DAL,MEM,0,1468.4646899003412,1543.0325938070619,0.44330211968692534,0.5566978803130747,-13.29906359060776,13.29906359060776,1455.1656263097334,1556.3316573976697,32,31,38,24,0.5079365079365079,0.6129032258064516,0.4531749657377798
2024-25,2025-03-07,0022400907,MIA,MIN,0,1471.0519087693206,1558.043053028864,0.4257322595554829,0.5742677404445171,-12.771967786664487,12.771967786664487,1458.2799409826562,1570.8150208155284,29,32,35,29,0.47540983606557374,0.546875,0.4650463542971687
2024-25,2025-03-07,0022400908,OKC,POR,1,1735.7179750248788,1521.5346995624004,0.8075881736665047,0.1924118263334953,5.772354790004859,-5.772354790004859,1741.4903298148836,1515.7623447723956,51,11,28,35,0.8225806451612904,0.4444444444444444,0.6492220650636493
2024-25,2025-03-07,0022400909,DEN,PHX,1,1629.1868373428977,1431.1274709687875,0.7927525363443759,0.20724746365562408,6.217423909668723,-6.217423909668723,1635.4042612525664,1424.9100470591188,40,22,29,33,0.6451612903225806,0.46774193548387094,0.5797101449275363
2024-25,2025-03-07,0022400910,SAC,SAS,1,1534.6906916626558,1426.030130818573,0.6957152822197643,0.3042847177802357,9.12854153340707,-9.12854153340707,1543.819233196063,1416.901589285166,32,29,26,34,0.5245901639344263,0.43333333333333335,0.5476326297775242
2024-25,2025-03-07,0022400911,LAC,NYK,1,1501.4563050799004,1608.4307661212592,0.39787712659074065,0.6021228734092594,18.063686202277783,-18.063686202277783,1519.5199912821781,1590.3670799189815,33,29,40,22,0.532258064516129,0.6451612903225806,0.452054794520548
2024-25,2025-03-08,0022400912,CHA,BKN,1,1260.4623781414602,1364.9472797128801,0.4013154040889544,0.5986845959110456,17.96053787733137,-17.96053787733137,1278.4229160187915,1346.9867418355489,14,48,21,41,0.22580645161290322,0.3387096774193548,0.4
2024-25,2025-03-08,0022400913,HOU,NOP,1,1532.8460353980413,1373.4964202220372,0.7537598091919878,0.24624019080801218,7.387205724240365,-7.387205724240365,1540.2332411222817,1366.1092144977968,38,25,17,46,0.6031746031746031,0.2698412698412698,0.6909090909090909
2024-25,2025-03-08,0022400914,ATL,IND,1,1472.3179493432408,1576.2414533878102,0.40209209505477117,0.5979079049452288,17.937237148356864,-17.937237148356864,1490.2551864915977,1558.3042162394534,29,34,35,26,0.4603174603174603,0.5737704918032787,0.44514343231001513
2024-25,2025-03-08,0022400915,TOR,WAS,0,1438.9597356250451,1302.4468684696228,0.7285557610139807,0.2714442389860193,-21.85667283041942,21.85667283041942,1417.1030627946257,1324.3035413000423,21,42,12,49,0.3333333333333333,0.19672131147540983,0.6288659793814434
2024-25,2025-03-08,0022400916,MIA,CHI,0,1458.2799409826562,1401.8603794104818,0.6286088303704982,0.3713911696295018,-18.858264911114947,18.858264911114947,1439.4216760715412,1420.7186443215967,29,33,25,38,0.46774193548387094,0.3968253968253968,0.5410127331951436
2024-25,2025-03-08,0022400917,MIL,ORL,0,1590.0025067249626,1375.6659266818426,0.8077252664651581,0.19227473353484192,-24.23175799395474,24.23175799395474,1565.7707487310079,1399.8976846757973,36,25,29,35,0.5901639344262295,0.453125,0.5656764055978394
2024-25,2025-03-08,0022400918,BOS,LAL,1,1660.5569359588392,1651.2062810364564,0.5634812901321347,0.43651870986786534,13.09556129603596,-13.09556129603596,1673.6524972548752,1638.1107197404203,45,18,40,21,0.7142857142857143,0.6557377049180327,0.5213675213675214
2024-25,2025-03-08,0022400919,GSW,DET,1,1563.8431248947004,1578.381293475561,0.5294129441968342,0.47058705580316584,14.117611674094976,-14.117611674094976,1577.9607365687955,1564.263681801466,35,28,35,28,0.5555555555555556,0.5555555555555556,0.5
2024-25,2025-03-09,0022400920,OKC,DEN,1,1741.4903298148836,1635.4042612525664,0.6925688925807603,0.30743110741923974,9.222933222577192,-9.222933222577192,1750.7132630374608,1626.1813280299891,52,11,41,22,0.8253968253968254,0.6507936507936508,0.5591397849462365
2024-25,2025-03-09,0022400921,DAL,PHX,0,1455.1656263097334,1424.9100470591188,0.592821411266691,0.40717858873330903,-17.78464233800073,17.78464233800073,1437.3809839717326,1442.6946893971196,32,32,29,34,0.5,0.4603174603174603,0.5206611570247934
2024-25,2025-03-09,0022400922,MIL,CLE,0,1565.7707487310079,1755.4548391417138,0.291020437888713,0.708979562111287,-8.73061313666139,8.73061313666139,1557.0401355943466,1764.1854522783751,36,26,53,10,0.5806451612903226,0.8412698412698413,0.4083543392149802
2024-25,2025-03-09,0022400923,NOP,MEM,0,1366.1092144977968,1556.3316573976697,0.2903814419314109,0.7096185580685891,-8.711443257942328,8.711443257942328,1357.3977712398544,1565.043100655612,17,47,39,24,0.265625,0.6190476190476191,0.3002523128679563
2024-25,2025-03-09,0022400924,PHI,UTA,1,1360.535249568011,1312.0082207203523,0.6179415411213397,0.3820584588786603,11.46175376635981,-11.46175376635981,1371.997003334371,1300.5464669539924,21,41,15,48,0.3387096774193548,0.23809523809523808,0.5872170439414115
2024-25,2025-03-09,0022400925,MIN,SAS,1,1570.8150208155284,1416.901589285166,0.7479055966078431,0.25209440339215694,7.562832101764708,-7.562832101764708,1578.3778529172932,1409.3387571834012,36,29,26,35,0.5538461538461539,0.4262295081967213,0.5651055069480185
2024-25,2025-03-09,0022400926,POR,DET,0,1515.7623447723956,1564.263681801466,0.48057978862462314,0.5194202113753769,-14.417393658738694,14.417393658738694,1501.3449511136569,1578.6810754602047,28,36,35,29,0.4375,0.546875,0.4444444444444444
2024-25,2025-03-09,0022400927,LAC,SAC,1,1519.5199912821781,1543.819233196063,0.5153947612967242,0.48460523870327576,14.538157161098272,-14.538157161098272,1534.0581484432764,1529.2810760349646,34,29,33,29,0.5396825396825397,0.532258064516129,0.5034631000716504
2024-25,2025-03-10,0022400928,ATL,PHI,1,1490.2551864915977,1371.997003334371,0.7072830875875642,0.2927169124124358,8.781507372373074,-8.781507372373074,1499.0366938639706,1363.215495961998,30,34,22,41,0.46875,0.3492063492063492,0.5730745906610066
2024-25,2025-03-10,0022400929,BOS,UTA,1,1673.6524972548752,1300.5464669539924,0.9128743687720856,0.08712563122791439,2.613768936837432,-2.613768936837432,1676.2662661917127,1297.932698017155,46,18,15,49,0.71875,0.234375,0.7540983606557377
2024-25,2025-03-10,0022400930,BKN,LAL,1,1346.9867418355489,1638.1107197404203,0.18627958689462373,0.8137204131053762,24.41161239316129,-24.41161239316129,1371.39835422871,1613.699107347259,21,42,40,22,0.3333333333333333,0.6451612903225806,0.3406593406593406
2024-25,2025-03-10,0022400931,MIA,CHA,0,1439.4216760715412,1278.4229160187915,0.7555175636616328,0.2444824363383672,-22.665526909848985,22.665526909848985,1416.7561491616923,1301.0884429286405,29,34,15,48,0.4603174603174603,0.23809523809523808,0.6590909090909091
2024-25,2025-03-10,0022400932,TOR,WAS,1,1417.1030627946257,1324.3035413000423,0.6760489767583875,0.3239510232416125,9.718530697248376,-9.718530697248376,1426.821593491874,1314.585010602794,21,43,13,49,0.328125,0.20967741935483872,0.6101218369259606
2024-25,2025-03-10,0022400933,CHI,IND,1,1420.7186443215967,1558.3042162394534,0.356513251973786,0.643486748026214,19.304602440786418,-19.304602440786418,1440.023246762383,1538.999613798667,26,38,35,27,0.40625,0.5645161290322581,0.41848390446521283
2024-25,2025-03-10,0022400934,HOU,ORL,1,1540.2332411222817,1399.8976846757973,0.7328856016941063,0.2671143983058937,8.01343194917681,-8.01343194917681,1548.2466730714584,1391.8842527266206,39,25,30,35,0.609375,0.46153846153846156,0.569023569023569
2024-25,2025-03-10,0022400935,MEM,PHX,1,1565.043100655612,1442.6946893971196,0.7121338490297312,0.2878661509702688,8.635984529108065,-8.635984529108065,1573.6790851847202,1434.0587048680115,40,24,30,34,0.625,0.46875,0.5714285714285714
2024-25,2025-03-10,0022400936,OKC,DEN,0,1750.7132630374608,1626.1813280299891,0.7147036748450727,0.2852963251549273,-21.44111024535218,21.44111024535218,1729.2721527921087,1647.6224382753412,53,11,41,23,0.828125,0.640625,0.5638297872340425
2024-25,2025-03-10,0022400937,SAS,DAL,0,1409.3387571834012,1437.3809839717326,0.5100117022068485,0.48998829779315145,-15.300351066205456,15.300351066205456,1394.0384061171958,1452.681335037938,26,36,32,33,0.41935483870967744,0.49230769230769234,0.45998911268372344
2024-25,2025-03-10,0022400938,GSW,POR,1,1577.9607365687955,1501.3449511136569,0.6553211053781434,0.34467889462185664,10.340366838655699,-10.340366838655699,1588.3011034074511,1491.0045842750012,36,28,28,37,0.5625,0.4307692307692308,0.5663117134559535
2024-25,2025-03-10,0022400939,SAC,NYK,0,1529.2810760349646,1590.3670799189815,0.46252960611934096,0.5374703938806591,-13.875888183580228,13.875888183580228,1515.4051878513844,1604.2429681025617,33,30,40,23,0.5238095238095238,0.6349206349206349,0.45205479452054803
2024-25,2025-03-11,0022400940,CLE,BKN,1,1764.1854522783751,1371.39835422871,0.921473689262246,0.07852631073775396,2.355789322132619,-2.355789322132619,1766.5412416005076,1369.0425649065776,54,10,22,42,0.84375,0.34375,0.7105263157894737
2024-25,2025-03-11,0022400941,DET,WAS,1,1578.6810754602047,1314.585010602794,0.8483522254690418,0.15164777453095823,4.549433235928747,-4.549433235928747,1583.2305086961335,1310.0355773668653,36,29,13,50,0.5538461538461539,0.20634920634920634,0.7285576614198523
2024-25,2025-03-11,0022400942,IND,MIL,1,1538.999613798667,1557.0401355943466,0.5243872846304828,0.4756127153695172,14.268381461085516,-14.268381461085516,1553.2679952597525,1542.771754133261,35,28,36,27,0.5555555555555556,0.5714285714285714,0.49295774647887325
2024-25,2025-03-11,0022400943,NOP,LAC,1,1357.3977712398544,1534.0581484432764,0.30672765448383293,0.6932723455161671,20.798170365485014,-20.798170365485014,1378.1959416053394,1513.2599780777914,17,48,35,29,0.26153846153846155,0.546875,0.3235206660719596
2024-25,2025-03-12,0022400945,ATL,CHA,1,1499.0366938639706,1301.0884429286405,0.792647427736632,0.207352572263368,6.22057716790104,-6.22057716790104,1505.2572710318716,1294.8678657607395,31,34,16,48,0.47692307692307695,0.25,0.656084656084656
2024-25,2025-03-12,0022400946,BOS,OKC,0,1676.2662661917127,1729.2721527921087,0.47411062031489637,0.5258893796851036,-14.223318609446892,14.223318609446892,1662.0429475822657,1743.4954714015557,47,18,53,12,0.7230769230769231,0.8153846153846154,0.47000000000000003
2024-25,2025-03-12,0022400947,TOR,PHI,1,1426.821593491874,1363.215495961998,0.6382143583811524,0.36178564161884763,10.853569248565428,-10.853569248565428,1437.6751627404394,1352.3619267134325,22,43,22,42,0.3384615384615385,0.34375,0.49612403100775193
2024-25,2025-03-12,0022400948,MIA,LAC,0,1416.7561491616923,1513.2599780777914,0.41240198540363376,0.5875980145963662,-12.372059562109014,12.372059562109014,1404.3840895995834,1525.6320376399003,29,35,35,30,0.453125,0.5384615384615384,0.45696969696969697
2024-25,2025-03-12,0022400949,HOU,PHX,1,1548.2466730714584,1434.0587048680115,0.7024088294756975,0.2975911705243025,8.927735115729075,-8.927735115729075,1557.1744081871875,1425.1309697522825,40,25,30,35,0.6153846153846154,0.46153846153846156,0.5714285714285714
2024-25,2025-03-12,0022400950,MEM,UTA,1,1573.6790851847202,1297.932698017155,0.8567800896225584,0.14321991037744164,4.296597311323249,-4.296597311323249,1577.9756824960434,1293.6361007058317,41,24,15,50,0.6307692307692307,0.23076923076923078,0.7321428571428571
2024-25,2025-03-12,0022400951,SAS,DAL,1,1394.0384061171958,1452.681335037938,0.4660275136934264,0.5339724863065736,16.019174589197206,-16.019174589197206,1410.057580706393,1436.6621604487407,26,37,33,33,0.4126984126984127,0.5,0.45217391304347826
2024-25,2025-03-12,0022400952,DEN,MIN,0,1647.6224382753412,1578.3778529172932,0.645674624921151,0.354325375078849,-19.37023874763453,19.37023874763453,1628.2521995277066,1597.7480916649279,42,23,37,29,0.6461538461538462,0.5606060606060606,0.5354452385551478
2024-25,2025-03-12,0022400953,POR,NYK,0,1491.0045842750012,1604.2429681025617,0.3892712913913273,0.6107287086086727,-11.67813874173982,11.67813874173982,1479.3264455332614,1615.9211068443014,28,38,41,23,0.42424242424242425,0.640625,0.39839928857269896
2024-25,2025-03-13,0022400954,DET,WAS,0,1583.2305086961335,1310.0355773668653,0.8549683723559911,0.1450316276440089,-25.649051170679734,25.649051170679734,1557.5814575254537,1335.684628537545,37,29,13,51,0.5606060606060606,0.203125,0.7340359578425294
2024-25,2025-03-13,0022400955,MIL,LAL,1,1542.771754133261,1613.699107347259,0.4484798875811068,0.5515201124188932,16.545603372566795,-16.545603372566795,1559.3173575058279,1597.1535039746923,36,28,40,23,0.5625,0.6349206349206349,0.46975973487986744
2024-25,2025-03-13,0022400956,CHI,BKN,1,1440.023246762383,1369.0425649065776,0.6479576470458023,0.3520423529541977,10.561270588625932,-10.561270588625932,1450.584517351009,1358.4812943179516,27,38,22,43,0.4153846153846154,0.3384615384615385,0.5510204081632654
2024-25,2025-03-13,0022400957,GSW,SAC,1,1588.3011034074511,1515.4051878513844,0.650468416050482,0.349531583949518,10.48594751848554,-10.48594751848554,1598.7870509259367,1504.9192403328989,37,28,33,31,0.5692307692307692,0.515625,0.5247064037225792
2024-25,2025-03-13,0022401141,NOP,ORL,0,1378.1959416053394,1391.8842527266206,0.530631577288993,0.469368422711007,-15.91894731866979,15.91894731866979,1362.2769942866696,1407.8032000452904,18,48,30,36,0.2727272727272727,0.45454545454545453,0.37499999999999994
2024-25,2025-03-14,0022400958,MIA,BOS,0,1404.3840895995834,1662.0429475822657,0.21725632228040362,0.7827436777195964,-6.517689668412109,6.517689668412109,1397.8663999311714,1668.5606372506777,29,36,47,19,0.4461538461538462,0.7121212121212122,0.3851881666331254
2024-25,2025-03-14,0022400959,PHI,IND,0,1352.3619267134325,1553.2679952597525,0.2778739527816479,0.7221260472183522,-8.336218583449437,8.336218583449437,1344.025708129983,1561.604213843202,22,43,36,28,0.3384615384615385,0.5625,0.37566702241195304
2024-25,2025-03-14,0022400960,ATL,LAC,0,1505.2572710318716,1525.6320376399003,0.521034979741577,0.478965020258423,-15.63104939224731,15.63104939224731,1489.6262216396242,1541.2630870321477,32,34,36,30,0.48484848484848486,0.5454545454545454,0.4705882352941177
2024-25,2025-03-14,0022400961,HOU,DAL,1,1557.1744081871875,1436.6621604487407,0.7099621976698243,0.29003780233017573,8.701134069905272,-8.701134069905272,1565.8755422570928,1427.9610263788354,41,25,33,34,0.6212121212121212,0.4925373134328358,0.557766497461929
2024-25,2025-03-14,0022400962,MEM,CLE,0,1577.9756824960434,1766.5412416005076,0.2923507217231241,0.707649278276876,-8.770521651693723,8.770521651693723,1569.2051608443496,1775.3117632522014,42,24,55,10,0.6363636363636364,0.8461538461538461,0.42924528301886794
2024-25,2025-03-14,0022400963,MIN,ORL,1,1597.7480916649279,1407.8032000452904,0.7849731966109034,0.21502680338909663,6.450804101672899,-6.450804101672899,1604.1988957666008,1401.3523959436175,38,29,31,36,0.5671641791044776,0.4626865671641791,0.5507246376811593
2024-25,2025-03-14,0022400964,SAS,CHA,0,1410.057580706393,1294.8678657607395,0.7036127999246755,0.2963872000753245,-21.108383997740265,21.108383997740265,1388.9491967086528,1315.9762497584798,27,37,16,49,0.421875,0.24615384615384617,0.6315221302626844
2024-25,2025-03-14,0022400965,DEN,LAL,1,1628.2521995277066,1597.1535039746923,0.5939924076177311,0.4060075923822689,12.180227771468067,-12.180227771468067,1640.4324272991746,1584.9732762032243,42,24,40,24,0.6363636363636364,0.625,0.5045045045045046
2024-25,2025-03-14,0022400966,UTA,TOR,0,1293.6361007058317,1437.6751627404394,0.3480369362166026,0.6519630637833974,-10.441108086498078,10.441108086498078,1283.1949926193336,1448.1162708269376,15,51,23,43,0.22727272727272727,0.3484848484848485,0.3947368421052631
2024-25,2025-03-14,0022400967,PHX,SAC,1,1425.1309697522825,1504.9192403328989,0.43589918144114176,0.5641008185588583,16.92302455676575,-16.92302455676575,1442.0539943090482,1487.996215776133,30,36,33,32,0.45454545454545453,0.5076923076923077,0.4723837209302325
2024-25,2025-03-15,0022400968,BKN,BOS,0,1358.4812943179516,1668.5606372506777,0.17030263040855126,0.8296973695914487,-5.109078912256538,5.109078912256538,1353.372215405695,1673.6697161629343,22,44,48,19,0.3333333333333333,0.7164179104477612,0.3175355450236967
2024-25,2025-03-15,0022400969,DET,OKC,0,1557.5814575254537,1743.4954714015557,0.2955184446030797,0.7044815553969204,-8.86555333809239,8.86555333809239,1548.7159041873613,1752.3610247396482,37,30,54,12,0.5522388059701493,0.8181818181818182,0.40297029702970294
2024-25,2025-03-15,0022400970,HOU,CHI,1,1565.8755422570928,1450.584517351009,0.7037344043666932,0.2962655956333068,8.887967868999203,-8.887967868999203,1574.763510126092,1441.69654948201,42,25,28,38,0.6268656716417911,0.42424242424242425,0.5963855421686747
2024-25,2025-03-15,0022400971,MEM,MIA,1,1569.2051608443496,1397.8663999311714,0.7663440323423643,0.23365596765763574,7.009679029729073,-7.009679029729073,1576.2148398740787,1390.8567209014423,42,25,29,37,0.6268656716417911,0.4393939393939394,0.5879109225874867
2024-25,2025-03-15,0022400972,MIL,IND,1,1559.3173575058279,1561.604213843202,0.5469393686656221,0.4530606313343779,13.591818940031338,-13.591818940031338,1572.9091764458592,1548.0123949031706,37,28,37,28,0.5692307692307692,0.5692307692307692,0.5
2024-25,2025-03-15,0022400973,SAS,NOP,1,1388.9491967086528,1362.2769942866696,0.5878328662454151,0.4121671337545849,12.365014012637548,-12.365014012637548,1401.3142107212905,1349.911980274032,27,38,18,49,0.4153846153846154,0.26865671641791045,0.6072507552870091
2024-25,2025-03-15,0022400974,GSW,NYK,1,1598.7870509259367,1615.9211068443014,0.5256885219773741,0.47431147802262585,14.229344340678775,-14.229344340678775,1613.0163952666155,1601.6917625036226,38,28,42,23,0.5757575757575758,0.6461538461538462,0.47119420068676077
2024-25,2025-03-15,0022400975,DEN,WAS,0,1640.4324272991746,1335.684628537545,0.8760717844321834,0.12392821556781664,-26.282153532965502,26.282153532965502,1614.150273766209,1361.9667820705106,43,24,14,51,0.6417910447761194,0.2153846153846154,0.7487275649611572
2024-25,2025-03-16,0022400538,LAC,CHA,1,1541.2630870321477,1315.9762497584798,0.8173254902601784,0.18267450973982158,5.480235292194648,-5.480235292194648,1546.7433223243424,1310.496014466285,37,30,17,49,0.5522388059701493,0.25757575757575757,0.6819324211114214
2024-25,2025-03-16,0022400976,DAL,PHI,0,1427.9610263788354,1344.025708129983,0.6647750084018972,0.3352249915981028,-19.943250252056917,19.943250252056917,1408.0177761267785,1363.96895838204,33,35,22,44,0.4852941176470588,0.3333333333333333,0.592814371257485
2024-25,2025-03-16,0022400977,LAL,PHX,1,1584.9732762032243,1442.0539943090482,0.7357871238297266,0.26421287617027345,7.926386285108204,-7.926386285108204,1592.8996624883325,1434.12760802394,40,25,31,36,0.6153846153846154,0.4626865671641791,0.5708200212992546
2024-25,2025-03-16,0022400978,BKN,ATL,1,1353.372215405695,1489.6262216396242,0.35827364389191835,0.6417263561080817,19.25179068324245,-19.25179068324245,1372.6240060889374,1470.3744309563817,22,45,32,35,0.3283582089552239,0.47761194029850745,0.40740740740740744
2024-25,2025-03-16,0022400979,CLE,ORL,0,1775.3117632522014,1401.3523959436175,0.9132642680644233,0.08673573193557671,-27.397928041932698,27.397928041932698,1747.9138352102686,1428.7503239855503,56,10,31,37,0.8484848484848485,0.45588235294117646,0.6504953877690468
2024-25,2025-03-16,0022400980,POR,TOR,1,1479.3264455332614,1448.1162708269376,0.5941471603046351,0.4058528396953649,12.175585190860946,-12.175585190860946,1491.5020307241225,1435.9406856360765,28,39,24,43,0.417910447761194,0.3582089552238806,0.5384615384615384
2024-25,2025-03-16,0022400981,MIN,UTA,1,1604.1988957666008,1283.1949926193336,0.8858792140906865,0.11412078590931352,3.4236235772794057,-3.4236235772794057,1607.6225193438802,1279.7713690420542,39,29,15,52,0.5735294117647058,0.22388059701492538,0.7192402972749794
2024-25,2025-03-16,0022400982,MIL,OKC,0,1572.9091764458592,1752.3610247396482,0.30332130164845195,0.696678698351548,-9.099639049453558,9.099639049453558,1563.8095373964056,1761.4606637891018,38,28,55,12,0.5757575757575758,0.8208955223880597,0.41224093264248707
2024-25,2025-03-17,0022400537,LAL,SAS,1,1592.8996624883325,1401.3142107212905,0.7865629320028332,0.21343706799716677,6.403112039915003,-6.403112039915003,1599.3027745282475,1394.9110986813755,41,25,28,38,0.6212121212121212,0.42424242424242425,0.5942028985507246
2024-25,2025-03-17,0022400984,NYK,MIA,1,1601.6917625036226,1390.8567209014423,0.8045754310938077,0.1954245689061923,5.862737067185769,-5.862737067185769,1607.5544995708083,1384.9939838342566,42,24,29,38,0.6363636363636364,0.43283582089552236,0.5951776649746193
2024-25,2025-03-17,0022400985,HOU,PHI,1,1574.763510126092,1363.96895838204,0.8045387806944452,0.19546121930555482,5.8638365791666445,-5.8638365791666445,1580.6273467052586,1358.1051218028733,43,25,23,44,0.6323529411764706,0.34328358208955223,0.6481439820022498
2024-25,2025-03-17,0022400986,MIN,IND,0,1607.6225193438802,1548.0123949031706,0.6328864114399739,0.36711358856002607,-18.986592343199217,18.986592343199217,1588.635927000681,1566.9989872463698,40,29,37,29,0.5797101449275363,0.5606060606060606,0.5083766608896593
2024-25,2025-03-17,0022400987,NOP,DET,0,1349.911980274032,1548.7159041873613,0.28030863761649255,0.7196913623835075,-8.409259128494776,8.409259128494776,1341.5027211455372,1557.125163315856,18,50,37,31,0.2647058823529412,0.5441176470588235,0.32727272727272727
2024-25,2025-03-17,0022400989,UTA,CHI,0,1279.7713690420542,1441.69654948201,0.3250542839576221,0.674945716042378,-9.751628518728662,9.751628518728662,1270.0197405233255,1451.4481780007386,15,53,28,39,0.22058823529411764,0.417910447761194,0.3454795462358199
2024-25,2025-03-17,0022400990,GSW,DEN,0,1613.0163952666155,1614.150273766209,0.5485834954137145,0.45141650458628546,-16.457504862411437,16.457504862411437,1596.558890404204,1630.6077786286205,39,28,43,25,0.582089552238806,0.6323529411764706,0.4793059822880896
2024-25,2025-03-17,0022400991,PHX,TOR,1,1434.12760802394,1435.9406856360765,0.5476150950870257,0.45238490491297434,13.57154714738923,-13.57154714738923,1447.6991551713293,1422.3691384886872,31,37,24,44,0.45588235294117646,0.35294117647058826,0.5636363636363636
2024-25,2025-03-17,0022400992,SAC,MEM,1,1487.996215776133,1576.2148398740787,0.42400566091958014,0.5759943390804199,17.279830172412595,-17.279830172412595,1505.2760459485457,1558.935009701666,33,33,43,25,0.5,0.6323529411764706,0.4415584415584416
2024-25,2025-03-17,0022400995,POR,WAS,1,1491.5020307241225,1361.9667820705106,0.7205398521611933,0.2794601478388067,8.383804435164201,-8.383804435164201,1499.8858351592867,1353.5829776353464,29,39,15,51,0.4264705882352941,0.22727272727272727,0.6523517382413088
2024-25,2025-03-18,0022400993,CHA,ATL,0,1310.496014466285,1470.3744309563817,0.3276445195494819,0.6723554804505181,-9.829335586484458,9.829335586484458,1300.6666788798007,1480.203766542866,17,50,32,36,0.2537313432835821,0.47058823529411764,0.35030303030303034
2024-25,2025-03-18,0022400994,BOS,BKN,1,1673.6697161629343,1372.6240060889374,0.873739451808117,0.12626054819188304,3.787816445756491,-3.787816445756491,1677.4575326086908,1368.836189643181,49,19,23,45,0.7205882352941176,0.3382352941176471,0.6805555555555556
2024-25,2025-03-18,0022400997,LAC,CLE,1,1546.7433223243424,1747.9138352102686,0.2775685985708724,0.7224314014291275,21.672942042873828,-21.672942042873828,1568.4162643672162,1726.240893167395,38,30,56,11,0.5588235294117647,0.835820895522388,0.40069247717972933
2024-25,2025-03-18,0022401012,GSW,MIL,1,1596.558890404204,1563.8095373964056,0.596281887011971,0.40371811298802895,12.111543389640868,-12.111543389640868,1608.670433793845,1551.6979940067647,39,29,38,29,0.5735294117647058,0.5671641791044776,0.5027900711949201
2024-25,2025-03-19,0022400627,UTA,WAS,1,1270.0197405233255,1353.5829776353464,0.4305634987386713,0.5694365012613287,17.08309503783986,-17.08309503783986,1287.1028355611654,1336.4998825975065,15,54,15,52,0.21739130434782608,0.22388059701492538,0.4926470588235294
2024-25,2025-03-19,0022400998,IND,DAL,1,1566.9989872463698,1408.0177761267785,0.7533659820604693,0.24663401793953066,7.39902053818592,-7.39902053818592,1574.3980077845556,1400.6187555885926,38,29,33,36,0.5671641791044776,0.4782608695652174,0.54252017380509
2024-25,2025-03-19,0022400999,ORL,HOU,0,1428.7503239855503,1580.6273467052586,0.33787055472014255,0.6621294452798574,-10.136116641604277,10.136116641604277,1418.614207343946,1590.7634633468629,32,37,44,25,0.463768115942029,0.6376811594202898,0.42105263157894735
2024-25,2025-03-19,0022401000,MIA,DET,0,1384.9939838342566,1557.125163315856,0.31229955068023935,0.6877004493197607,-9.36898652040718,9.36898652040718,1375.6249973138495,1566.4941498362632,29,39,38,31,0.4264705882352941,0.5507246376811594,0.43642311886586693
2024-25,2025-03-19,0022401001,MIN,NOP,0,1588.635927000681,1341.5027211455372,0.8353583203666347,0.1646416796333653,-25.060749610999043,25.060749610999043,1563.575177389682,1366.5634707565362,40,30,18,51,0.5714285714285714,0.2608695652173913,0.6865671641791045
2024-25,2025-03-19,0022401002,OKC,PHI,1,1761.4606637891018,1358.1051218028733,0.925764495243688,0.07423550475631202,2.2270651426893604,-2.2270651426893604,1763.687728931791,1355.878056660184,56,12,23,45,0.8235294117647058,0.3382352941176471,0.7088607594936709
2024-25,2025-03-19,0022401003,SAS,NYK,1,1394.9110986813755,1607.5544995708083,0.2645217251853375,0.7354782748146624,22.064348244439874,-22.064348244439874,1416.9754469258153,1585.4901513263685,28,39,43,24,0.417910447761194,0.6417910447761194,0.3943661971830986
2024-25,2025-03-19,0022401006,LAL,DEN,1,1599.3027745282475,1630.6077786286205,0.5053173260788225,0.4946826739211775,14.840480217635324,-14.840480217635324,1614.1432547458828,1615.7672984109852,42,25,44,25,0.6268656716417911,0.6376811594202898,0.4957235716729388
2024-25,2025-03-19,0022401007,PHX,CHI,1,1447.6991551713293,1451.4481780007386,0.5448528749201587,0.45514712507984134,13.65441375239524,-13.65441375239524,1461.3535689237244,1437.7937642483435,32,37,29,39,0.463768115942029,0.4264705882352941,0.5209480488388796
2024-25,2025-03-19,0022401008,POR,MEM,1,1499.8858351592867,1558.935009701666,0.4654456247182333,0.5345543752817667,16.036631258453003,-16.036631258453003,1515.9224664177398,1542.898378443213,30,39,43,26,0.43478260869565216,0.6231884057971014,0.410958904109589
2024-25,2025-03-19,0022401009,SAC,CLE,1,1505.2760459485457,1726.240893167395,0.25530806427591984,0.7446919357240802,22.340758071722405,-22.340758071722405,1527.616804020268,1703.9001350956726,34,33,56,12,0.5074626865671642,0.8235294117647058,0.38126649076517155
2024-25,2025-03-20,0022400996,LAL,MIL,0,1614.1432547458828,1551.6979940067647,0.636670012986874,0.363329987013126,-19.10010038960622,19.10010038960622,1595.0431543562765,1570.798094396371,43,25,38,30,0.6323529411764706,0.5588235294117647,0.5308641975308642
2024-25,2025-03-20,0022401005,GSW,TOR,1,1608.670433793845,1422.3691384886872,0.7814117948554254,0.21858820514457455,6.557646154337236,-6.557646154337236,1615.228079948182,1415.81149233435,40,29,24,45,0.5797101449275363,0.34782608695652173,0.625
2024-25,2025-03-20,0022401010,CHA,NYK,1,1300.6666788798007,1585.4901513263685,0.19183982304064406,0.8081601769593559,24.244805308780677,-24.244805308780677,1324.9114841885814,1561.2453460175877,17,51,43,25,0.25,0.6323529411764706,0.2833333333333333
2024-25,2025-03-20,0022401011,IND,BKN,1,1574.3980077845556,1368.836189643181,0.7997584154437402,0.20024158455625984,6.007247536687795,-6.007247536687795,1580.4052553212434,1362.828942106493,39,29,23,46,0.5735294117647058,0.3333333333333333,0.6324324324324325
2024-25,2025-03-20,0022401013,SAC,CHI,0,1527.616804020268,1437.7937642483435,0.6722852527211207,0.3277147472788793,-20.16855758163362,20.16855758163362,1507.4482464386344,1457.962321829977,35,33,29,40,0.5147058823529411,0.42028985507246375,0.5504900843400957
2024-25,2025-03-21,0022401014,WAS,ORL,0,1336.4998825975065,1418.614207343946,0.4326096107285122,0.5673903892714878,-12.978288321855365,12.978288321855365,1323.521594275651,1431.5924956658014,15,53,32,38,0.22058823529411764,0.45714285714285713,0.3254804711717297
2024-25,2025-03-21,0022401015,MIA,HOU,0,1375.6249973138495,1590.7634633468629,0.2617369189335627,0.7382630810664372,-7.852107568006882,7.852107568006882,1367.7728897458426,1598.6155709148697,29,40,45,25,0.42028985507246375,0.6428571428571429,0.39532619279454717
2024-25,2025-03-21,0022401016,MIN,NOP,1,1563.575177389682,1366.5634707565362,0.7917599485309271,0.20824005146907287,6.247201544072186,-6.247201544072186,1569.8223789337542,1360.316269212464,40,31,19,51,0.5633802816901409,0.2714285714285714,0.6748614123885274
2024-25,2025-03-21,0022401017,OKC,CHA,1,1763.687728931791,1324.9114841885814,0.9386170406172374,0.061382959382762614,1.8414887814828784,-1.8414887814828784,1765.529217713274,1323.0699954070985,57,12,18,51,0.8260869565217391,0.2608695652173913,0.76
2024-25,2025-03-21,0022401018,SAS,PHI,1,1416.9754469258153,1355.878056660184,0.6348733025417025,0.3651266974582975,10.953800923748926,-10.953800923748926,1427.9292478495643,1344.924255736435,29,39,23,46,0.4264705882352941,0.3333333333333333,0.5612903225806452
2024-25,2025-03-21,0022401019,DAL,DET,1,1400.6187555885926,1566.4941498362632,0.3200854081117525,0.6799145918882474,20.397437756647424,-20.397437756647424,1421.01619334524,1546.0967120796158,33,37,39,31,0.4714285714285714,0.5571428571428572,0.45833333333333337
2024-25,2025-03-21,0022401020,UTA,BOS,0,1287.1028355611654,1677.4575326086908,0.11449914466475504,0.8855008553352449,-3.4349743399426513,3.4349743399426513,1283.6678612212227,1680.8925069486336,16,54,50,19,0.22857142857142856,0.7246376811594203,0.23979148566463945
2024-25,2025-03-21,0022401021,PHX,CLE,1,1461.3535689237244,1703.9001350956726,0.232413319903933,0.767586680096067,23.027600402882012,-23.027600402882012,1484.3811693266064,1680.8725346927906,33,37,56,13,0.4714285714285714,0.8115942028985508,0.3674358560593835
2024-25,2025-03-21,0022401022,POR,DEN,1,1515.9224664177398,1615.7672984109852,0.4077494549028435,0.5922505450971565,17.767516352914694,-17.767516352914694,1533.6899827706545,1597.9997820580704,31,39,44,26,0.44285714285714284,0.6285714285714286,0.41333333333333333
2024-25,2025-03-21,0022401023,LAC,MEM,1,1568.4162643672162,1542.898378443213,0.5862219989477436,0.4137780010522564,12.41334003156769,-12.41334003156769,1580.8296043987839,1530.4850384116453,39,30,43,27,0.5652173913043478,0.6142857142857143,0.4791995787256451
2024-25,2025-03-22,0022401024,IND,BKN,1,1580.4052553212434,1362.828942106493,0.8106050050558521,0.1893949949441479,5.681849848324437,-5.681849848324437,1586.0871051695678,1357.1470922581686,40,29,23,47,0.5797101449275363,0.32857142857142857,0.6382493731479371
2024-25,2025-03-22,0022401025,ATL,GSW,1,1480.203766542866,1615.228079948182,0.35990275677473615,0.6400972432252638,19.202917296757917,-19.202917296757917,1499.406683839624,1596.0251626514241,33,36,41,29,0.4782608695652174,0.5857142857142857,0.44950379451255107
2024-25,2025-03-22,0022401026,NYK,WAS,1,1561.2453460175877,1323.521594275651,0.8277727897288598,0.17222721027114019,5.166816308134205,-5.166816308134205,1566.412162325722,1318.3547779675168,43,26,15,54,0.6231884057971014,0.21739130434782608,0.7413793103448276
2024-25,2025-03-22,0022401027,SAC,MIL,0,1507.4482464386344,1570.798094396371,0.45929159651815826,0.5407084034818417,-13.778747895544749,13.778747895544749,1493.6694985430897,1584.5768422919157,35,34,39,30,0.5072463768115942,0.5652173913043478,0.4729729729729731
2024-25,2025-03-22,0022401028,LAL,CHI,0,1595.0431543562765,1457.962321829977,0.7292018557244013,0.2707981442755987,-21.87605567173204,21.87605567173204,1573.1670986845445,1479.8383775017091,43,26,30,40,0.6231884057971014,0.42857142857142855,0.5925196850393701
2024-25,2025-03-23,0022401029,DET,NOP,1,1546.0967120796158,1360.316269212464,0.7808992364626518,0.2191007635373482,6.573022906120446,-6.573022906120446,1552.6697349857363,1353.7432463063435,39,32,19,52,0.5492957746478874,0.2676056338028169,0.6724137931034483
2024-25,2025-03-23,0022401030,UTA,CLE,0,1283.6678612212227,1680.8725346927906,0.1105615720969818,0.8894384279030182,-3.316847162909454,3.316847162909454,1280.3510140583132,1684.1893818557,16,55,56,14,0.22535211267605634,0.8,0.2197802197802198
2024-25,2025-03-23,0022401031,ATL,PHI,1,1499.406683839624,1344.924255736435,0.7485226495775872,0.2514773504224128,7.5443205126723845,-7.5443205126723845,1506.9510043522964,1337.3799352237627,34,36,23,47,0.4857142857142857,0.32857142857142857,0.5964912280701754
2024-25,2025-03-23,0022401032,MIA,CHA,1,1367.7728897458426,1323.0699954070985,0.6127310637750505,0.3872689362249495,11.618068086748485,-11.618068086748485,1379.390957832591,1311.45192732035,29,41,18,52,0.4142857142857143,0.2571428571428571,0.6170212765957447
2024-25,2025-03-23,0022401033,TOR,SAS,0,1415.81149233435,1427.9292478495643,0.5328826667874347,0.4671173332125653,-15.98648000362304,15.98648000362304,1399.825012330727,1443.9157278531873,24,46,30,39,0.34285714285714286,0.43478260869565216,0.4408945686900958
2024-25,2025-03-23,0022401034,POR,BOS,0,1533.6899827706545,1680.8925069486336,0.34391639240612737,0.6560836075938726,-10.317491772183821,10.317491772183821,1523.3724909984708,1691.2099987208173,32,39,51,19,0.4507042253521127,0.7285714285714285,0.38218734004436106
2024-25,2025-03-23,0022401035,HOU,DEN,0,1598.6155709148697,1597.9997820580704,0.5510764549396718,0.44892354506032817,-16.532293648190155,16.532293648190155,1582.0832772666795,1614.5320757062607,46,25,44,27,0.647887323943662,0.6197183098591549,0.5111111111111111
2024-25,2025-03-23,0022401036,LAC,OKC,0,1580.8296043987839,1765.529217713274,0.29697588685340204,0.703024113146598,-8.909276605602061,8.909276605602061,1571.9203277931817,1774.438494318876,40,30,58,12,0.5714285714285714,0.8285714285714286,0.40816326530612246
2024-25,2025-03-24,0022401037,IND,MIN,1,1586.0871051695678,1569.8223789337542,0.5732450892020715,0.4267549107979285,12.802647323937855,-12.802647323937855,1598.8897524935057,1557.0197316098163,41,29,41,31,0.5857142857142857,0.5694444444444444,0.5070422535211269
2024-25,2025-03-24,0022401038,ORL,LAL,1,1431.5924956658014,1573.1670986845445,0.3512628711576482,0.6487371288423518,19.462113865270553,-19.462113865270553,1451.054609531072,1553.704984819274,33,38,43,27,0.4647887323943662,0.6142857142857143,0.4307290695506246
2024-25,2025-03-24,0022401039,WAS,TOR,0,1318.3547779675168,1399.825012330727,0.4335199194014914,0.5664800805985086,-13.005597582044743,13.005597582044743,1305.3491803854722,1412.8306099127717,15,55,24,47,0.21428571428571427,0.3380281690140845,0.3879781420765027
2024-25,2025-03-24,0022401040,BKN,DAL,0,1357.1470922581686,1421.01619334524,0.45854937545722174,0.5414506245427783,-13.756481263716653,13.756481263716653,1343.390610994452,1434.7726746089568,23,48,34,37,0.323943661971831,0.4788732394366197,0.40350877192982454
2024-25,2025-03-24,0022401041,NOP,PHI,1,1353.7432463063435,1337.3799352237627,0.5733839138785428,0.4266160861214572,12.798482583643715,-12.798482583643715,1366.5417288899873,1324.5814526401189,19,53,23,48,0.2638888888888889,0.323943661971831,0.4489184692179701
2024-25,2025-03-24,0022401042,DEN,CHI,0,1614.5320757062607,1479.8383775017091,0.7264798493010377,0.2735201506989623,-21.79439547903113,21.79439547903113,1592.7376802272295,1501.6327729807404,45,27,31,40,0.625,0.43661971830985913,0.5887230514096187
2024-25,2025-03-24,0022401043,PHX,MIL,1,1484.3811693266064,1584.5768422919157,0.4072618323228189,0.5927381676771811,17.782145030315434,-17.782145030315434,1502.1633143569218,1566.7946972616003,34,37,40,30,0.4788732394366197,0.5714285714285714,0.4559386973180076
2024-25,2025-03-24,0022401044,SAC,BOS,0,1493.6694985430897,1691.2099987208173,0.281778172994147,0.718221827005853,-8.45334518982441,8.45334518982441,1485.2161533532653,1699.6633439106417,35,35,52,19,0.5,0.7323943661971831,0.40571428571428575
2024-25,2025-03-25,0022401045,CHA,ORL,0,1311.45192732035,1451.054609531072,0.35385391857902365,0.6461460814209763,-10.61561755737071,10.61561755737071,1300.8363097629792,1461.6702270884427,18,53,34,38,0.2535211267605634,0.4722222222222222,0.34932614555256064
2024-25,2025-03-25,0022401046,DET,SAS,1,1552.6697349857363,1443.9157278531873,0.6958291455044818,0.3041708544955182,9.125125634865546,-9.125125634865546,1561.7948606206019,1434.7906022183217,40,32,31,39,0.5555555555555556,0.44285714285714284,0.5564387917329094
2024-25,2025-03-25,0022401047,MIA,GSW,1,1379.390957832591,1596.0251626514241,0.26007658717083304,0.739923412829167,22.197702384875008,-22.197702384875008,1401.588660217466,1573.8274602665492,30,41,41,30,0.4225352112676056,0.5774647887323944,0.4225352112676056
2024-25,2025-03-25,0022401048,NYK,DAL,1,1566.412162325722,1434.7726746089568,0.7229724187983093,0.2770275812016907,8.31082743605072,-8.31082743605072,1574.7229897617726,1426.4618471729061,44,26,35,37,0.6285714285714286,0.4861111111111111,0.5639017443930224
2024-25,2025-03-25,0022401049,HOU,ATL,1,1582.0832772666795,1506.9510043522964,0.6533896283044466,0.3466103716955534,10.398311150866602,-10.398311150866602,1592.4815884175462,1496.5526932014297,46,26,35,36,0.6388888888888888,0.49295774647887325,0.5644659522986519
2024-25,2025-03-25,0022401050,UTA,MEM,0,1280.3510140583132,1530.4850384116453,0.22471269638624097,0.7752873036137591,-6.741380891587229,6.741380891587229,1273.609633166726,1537.2264193032324,16,56,43,28,0.2222222222222222,0.6056338028169014,0.2684310018903592
2024-25,2025-03-25,0022401051,POR,CLE,0,1523.3724909984708,1684.1893818557,0.32645553906982094,0.6735444609301791,-9.793666172094628,9.793666172094628,1513.5788248263761,1693.9830480277947,32,40,57,14,0.4444444444444444,0.8028169014084507,0.35633626097867
2024-25,2025-03-25,0022401052,SAC,OKC,0,1485.2161533532653,1774.438494318876,0.18794458387550406,0.8120554161244959,-5.638337516265121,5.638337516265121,1479.5778158370001,1780.0768318351413,35,36,59,12,0.49295774647887325,0.8309859154929577,0.3723404255319149
2024-25,2025-03-26,0022401053,PHI,WAS,0,1324.5814526401189,1305.3491803854722,0.5774187622675465,0.4225812377324535,-17.322562868026395,17.322562868026395,1307.2588897720925,1322.6717432534986,23,49,15,56,0.3194444444444444,0.2112676056338028,0.6019166973829709
2024-25,2025-03-26,0022401054,BKN,TOR,0,1343.390610994452,1412.8306099127717,0.45059855806030097,0.5494014419396991,-13.517956741809028,13.517956741809028,1329.8726542526429,1426.3485666545807,23,49,25,47,0.3194444444444444,0.3472222222222222,0.47916666666666663
2024-25,2025-03-26,0022401055,IND,LAL,0,1598.8897524935057,1553.704984819274,0.6133890777104927,0.38661092228950733,-18.40167233131478,18.40167233131478,1580.488080162191,1572.1066571505887,42,29,43,28,0.5915492957746479,0.6056338028169014,0.49411764705882355
2024-25,2025-03-26,0022401056,NYK,LAC,0,1574.7229897617726,1571.9203277931817,0.5541887347522062,0.4458112652477938,-16.625662042566187,16.625662042566187,1558.0973277192065,1588.5459898357478,45,26,40,31,0.6338028169014085,0.5633802816901409,0.5294117647058824
2024-25,2025-03-26,0022401057,DEN,MIL,1,1592.7376802272295,1566.7946972616003,0.586815445280472,0.413184554719528,12.395536641585839,-12.395536641585839,1605.1332168688152,1554.3991606200145,45,28,40,31,0.6164383561643836,0.5633802816901409,0.5224856909239576
2024-25,2025-03-26,0022401058,PHX,BOS,0,1502.1633143569218,1699.6633439106417,0.28182532320333564,0.7181746767966644,-8.45475969610007,8.45475969610007,1493.7085546608216,1708.118103606742,35,37,53,19,0.4861111111111111,0.7361111111111112,0.3977272727272727
2024-25,2025-03-27,0022401059,CLE,SAS,1,1693.9830480277947,1434.7906022183217,0.8446849195043277,0.15531508049567233,4.65945241487017,-4.65945241487017,1698.6425004426649,1430.1311498034515,58,14,31,40,0.8055555555555556,0.43661971830985913,0.648503937007874
2024-25,2025-03-27,0022401060,ORL,DAL,0,1461.6702270884427,1426.4618471729061,0.5996847941050186,0.4003152058949814,-17.99054382315056,17.99054382315056,1443.6796832652922,1444.4523909960567,35,38,35,38,0.4794520547945205,0.4794520547945205,0.5
2024-25,2025-03-27,0022401061,WAS,IND,0,1322.6717432534986,1580.488080162191,0.21710220235052366,0.7828977976494763,-6.51306607051571,6.51306607051571,1316.158677182983,1587.0011462327066,16,56,42,30,0.2222222222222222,0.5833333333333334,0.27586206896551724
2024-25,2025-03-27,0022401062,MIA,ATL,1,1401.588660217466,1496.5526932014297,0.41455156942659355,0.5854484305734065,17.563452917202195,-17.563452917202195,1419.152113134668,1478.9892402842277,31,41,35,37,0.4305555555555556,0.4861111111111111,0.46969696969696967
2024-25,2025-03-27,0022401063,CHI,LAL,1,1501.6327729807404,1572.1066571505887,0.4491256396901109,0.5508743603098891,16.526230809296674,-16.526230809296674,1518.159003790037,1555.580426341292,32,40,44,28,0.4444444444444444,0.6111111111111112,0.42105263157894735
2024-25,2025-03-27,0022401064,OKC,MEM,1,1780.0768318351413,1537.2264193032324,0.8319394799696596,0.16806052003034044,5.041815600910214,-5.041815600910214,1785.1186474360516,1532.1846037023222,60,12,44,28,0.8333333333333334,0.6111111111111112,0.5769230769230769
2024-25,2025-03-27,0022401065,UTA,HOU,0,1273.609633166726,1592.4815884175462,0.16326970416044148,0.8367302958395585,-4.898091124813244,4.898091124813244,1268.711542041913,1597.3796795423593,16,57,47,26,0.2191780821917808,0.6438356164383562,0.25396825396825395
2024-25,2025-03-27,0022401066,SAC,POR,1,1479.5778158370001,1513.5788248263761,0.5014376596687347,0.49856234033126534,14.95687020993796,-14.95687020993796,1494.534686046938,1498.6219546164382,35,37,32,41,0.4861111111111111,0.4383561643835616,0.5258283597448035
2024-25,2025-03-28,0022401067,DET,CLE,1,1561.7948606206019,1698.6425004426649,0.3574883572772682,0.6425116427227318,19.275349281681954,-19.275349281681954,1581.0702099022838,1679.367151160983,41,32,59,14,0.5616438356164384,0.8082191780821918,0.41
2024-25,2025-03-28,0022401068,BKN,LAC,0,1329.8726542526429,1588.5459898357478,0.21626486862572236,0.7837351313742776,-6.487946058771671,6.487946058771671,1323.3847081938711,1595.0339358945196,23,50,41,31,0.3150684931506849,0.5694444444444444,0.35620563562056357
2024-25,2025-03-28,0022401069,TOR,CHA,1,1426.3485666545807,1300.8363097629792,0.7158529381981608,0.28414706180183924,8.524411854055177,-8.524411854055177,1434.872978508636,1292.311897908924,26,47,18,54,0.3561643835616438,0.25,0.5875706214689266
2024-25,2025-03-28,0022401070,MIL,NYK,0,1554.3991606200145,1558.0973277192065,0.5449254722983927,0.4550745277016073,-16.34776416895178,16.34776416895178,1538.0513964510628,1574.4450918881582,40,32,45,27,0.5555555555555556,0.625,0.47058823529411764
2024-25,2025-03-28,0022401071,MIN,PHX,1,1557.0197316098163,1493.7085546608216,0.6378222731456463,0.3621777268543537,10.86533180563061,-10.86533180563061,1567.885063415447,1482.843222855191,41,32,35,38,0.5616438356164384,0.4794520547945205,0.5394736842105263
2024-25,2025-03-28,0022401072,NOP,GSW,0,1366.5417288899873,1573.8274602665492,0.27056529696536574,0.7294347030346342,-8.116958908960973,8.116958908960973,1358.4247699810264,1581.9444191755101,20,53,41,31,0.273972602739726,0.5694444444444444,0.3248364538687119
2024-25,2025-03-28,0022401073,DEN,UTA,1,1605.1332168688152,1268.711542041913,0.8945491640011559,0.10545083599884408,3.1635250799653223,-3.1635250799653223,1608.2967419487804,1265.5480169619477,46,28,16,58,0.6216216216216216,0.21621621621621623,0.7419354838709677
2024-25,2025-03-29,0022401074,ORL,SAC,1,1443.6796832652922,1494.534686046938,0.47719864255125316,0.5228013574487469,15.684040723462406,-15.684040723462406,1459.3637239887546,1478.8506453234756,35,39,36,37,0.47297297297297297,0.4931506849315068,0.4895573864725043
2024-25,2025-03-29,0022401075,WAS,BKN,0,1316.158677182983,1323.3847081938711,0.5398850302417919,0.4601149697582081,-16.19655090725376,16.19655090725376,1299.9621262757291,1339.581259101125,16,57,23,51,0.2191780821917808,0.3108108108108108,0.41355221795319597
2024-25,2025-03-29,0022401076,PHI,MIA,0,1307.2588897720925,1419.152113134668,0.3911137632396686,0.6088862367603314,-11.733412897190059,11.733412897190059,1295.5254768749026,1430.885526031858,23,50,32,41,0.3150684931506849,0.4383561643835616,0.4181818181818182
2024-25,2025-03-29,0022401077,CHI,DAL,0,1518.159003790037,1444.4523909960567,0.6515286980496345,0.34847130195036546,-19.545860941489035,19.545860941489035,1498.613142848548,1463.9982519375458,33,40,36,38,0.4520547945205479,0.4864864864864865,0.4816568047337278
2024-25,2025-03-29,0022401078,MEM,LAL,0,1532.1846037023222,1555.580426341292,0.5166935467237235,0.4833064532762765,-15.500806401711705,15.500806401711705,1516.6837973006104,1571.0812327430037,44,29,44,29,0.6027397260273972,0.6027397260273972,0.5
2024-25,2025-03-29,0022401079,OKC,IND,1,1785.1186474360516,1587.0011462327066,0.792807512758993,0.20719248724100703,6.215774617230211,-6.215774617230211,1791.3344220532817,1580.7853716154764,61,12,43,30,0.8356164383561644,0.589041095890411,0.5865384615384616
2024-25,2025-03-29,0022401080,SAS,BOS,0,1430.1311498034515,1708.118103606742,0.19801528187915696,0.801984718120843,-5.940458456374708,5.940458456374708,1424.1906913470768,1714.0585620631166,31,41,54,19,0.4305555555555556,0.7397260273972602,0.3679076572914973
2024-25,2025-03-30,0022401081,CLE,LAC,1,1679.367151160983,1595.0339358945196,0.6652852470914393,0.3347147529085607,10.041442587256821,-10.041442587256821,1689.4085937482398,1584.9924933072627,59,15,42,31,0.7972972972972973,0.5753424657534246,0.5808496291301416
2024-25,2025-03-30,0022401082,NYK,POR,1,1574.4450918881582,1498.6219546164382,0.6542897409339221,0.3457102590660779,10.371307771982337,-10.371307771982337,1584.8163996601406,1488.2506468444558,46,27,32,42,0.6301369863013698,0.43243243243243246,0.5930313588850175
2024-25,2025-03-30,0022401083,MIL,ATL,0,1538.0513964510628,1478.9892402842277,0.6321532171655834,0.36784678283441663,-18.9645965149675,18.9645965149675,1519.0867999360953,1497.9538367991952,40,33,35,38,0.547945205479452,0.4794520547945205,0.5333333333333333
2024-25,2025-03-30,0022401084,MIN,DET,1,1567.885063415447,1581.0702099022838,0.5313529071840741,0.46864709281592587,14.059412784477775,-14.059412784477775,1581.9444761999246,1567.010797117806,42,32,42,32,0.5675675675675675,0.5675675675675675,0.5
2024-25,2025-03-30,0022401085,NOP,CHA,1,1358.4247699810264,1292.311897908924,0.6415395450552471,0.35846045494475287,10.753813648342586,-10.753813648342586,1369.178583629369,1281.5580842605814,20,54,18,55,0.2702702702702703,0.2465753424657534,0.5229226361031519
2024-25,2025-03-30,0022401086,SAS,GSW,0,1424.1906913470768,1581.9444191755101,0.33034452039586804,0.669655479604132,-9.910335611876041,9.910335611876041,1414.2803557352008,1591.8547547873861,31,42,42,31,0.4246575342465753,0.5753424657534246,0.4246575342465753
2024-25,2025-03-30,0022401087,PHI,TOR,0,1295.5254768749026,1434.872978508636,0.3541898504452921,0.645810149554708,-10.625695513358764,10.625695513358764,1284.8997813615438,1445.4986740219947,23,51,27,47,0.3108108108108108,0.36486486486486486,0.46
2024-25,2025-03-30,0022401088,PHX,HOU,0,1482.843222855191,1597.3796795423593,0.3874963080845272,0.6125036919154728,-11.624889242535815,11.624889242535815,1471.2183336126552,1609.0045687848951,35,39,48,26,0.47297297297297297,0.6486486486486487,0.4216867469879518
2024-25,2025-03-31,0022401089,CHA,UTA,1,1281.5580842605814,1265.5480169619477,0.5728864315955365,0.42711356840446346,12.813407052133904,-12.813407052133904,1294.3714913127153,1252.7346099098138,18,56,16,59,0.24324324324324326,0.21333333333333335,0.5327545382794002
2024-25,2025-03-31,0022401090,IND,SAC,1,1580.7853716154764,1478.8506453234756,0.68745752130638,0.31254247869361995,9.376274360808598,-9.376274360808598,1590.161645976285,1469.474370962667,43,31,36,38,0.581081081081081,0.4864864864864865,0.5443037974683544
2024-25,2025-03-31,0022401091,ORL,LAC,0,1459.3637239887546,1584.9924933072627,0.3724545379946616,0.6275454620053385,-11.173636139839848,11.173636139839848,1448.1900878489148,1596.1661294471025,36,39,42,32,0.48,0.5675675675675675,0.4582043343653251
2024-25,2025-03-31,0022401092,WAS,MIA,0,1299.9621262757291,1430.885526031858,0.3653589019119807,0.6346410980880193,-10.960767057359423,10.960767057359423,1289.0013592183698,1441.8462930892174,16,58,33,41,0.21621621621621623,0.44594594594594594,0.326530612244898
2024-25,2025-03-31,0022401093,MEM,BOS,0,1516.6837973006104,1714.0585620631166,0.2819712930420512,0.7180287069579487,-8.459138791261536,8.459138791261536,1508.224658509349,1722.517700854378,44,30,55,19,0.5945945945945946,0.7432432432432432,0.44444444444444453
2024-25,2025-03-31,0022401094,OKC,CHI,1,1791.3344220532817,1498.613142848548,0.8683576999604431,0.1316423000395569,3.949269001186707,-3.949269001186707,1795.2836910544684,1494.6638738473614,62,12,33,41,0.8378378378378378,0.44594594594594594,0.6526315789473685
2024-25,2025-03-31,0022401095,DAL,BKN,0,1463.9982519375458,1339.581259101125,0.7145687415981866,0.2854312584018134,-21.437062247945597,21.437062247945597,1442.5611896896003,1361.0183213490704,37,38,24,51,0.49333333333333335,0.32,0.6065573770491803
2024-25,2025-03-31,0022401096,LAL,HOU,1,1571.0812327430037,1609.0045687848951,0.4957930805323397,0.5042069194676603,15.126207584029808,-15.126207584029808,1586.2074403270335,1593.8783612008654,45,29,49,26,0.6081081081081081,0.6533333333333333,0.48207398943008145
2024-25,2025-04-01,0022400988,SAS,ORL,0,1414.2803557352008,1448.1900878489148,0.5015690164637612,0.4984309835362388,-15.047070493912836,15.047070493912836,1399.233285241288,1463.2371583428276,31,43,36,40,0.4189189189189189,0.47368421052631576,0.4693227091633466
2024-25,2025-04-01,0022401097,ATL,POR,0,1497.9538367991952,1488.2506468444558,0.563980386313723,0.43601961368627695,-16.91941158941169,16.91941158941169,1481.0344252097834,1505.1700584338676,36,38,32,43,0.4864864864864865,0.4266666666666667,0.5327545382794002
2024-25,2025-04-01,0022401098,NYK,PHI,1,1584.8163996601406,1284.8997813615438,0.8730206829143932,0.12697931708560684,3.809379512568205,-3.809379512568205,1588.625779172709,1281.0904018489755,47,27,23,52,0.6351351351351351,0.30666666666666664,0.6743830112875454
2024-25,2025-04-01,0022401099,CHI,TOR,1,1494.6638738473614,1445.4986740219947,0.618808465755161,0.381191534244839,11.43574602734517,-11.43574602734517,1506.0996198747066,1434.0629279946495,33,42,28,47,0.44,0.37333333333333335,0.540983606557377
2024-25,2025-04-01,0022401100,MEM,GSW,0,1508.224658509349,1591.8547547873861,0.4304691388211127,0.5695308611788873,-12.914074164633382,12.914074164633382,1495.3105843447156,1604.7688289520195,44,31,43,31,0.5866666666666667,0.581081081081081,0.502391606233606
2024-25,2025-04-01,0022401101,MIL,PHX,1,1519.0867999360953,1471.2183336126552,0.6170461276485839,0.3829538723514161,11.488616170542482,-11.488616170542482,1530.5754161066377,1459.7297174421128,40,34,35,40,0.5405405405405406,0.4666666666666667,0.5366726296958856
2024-25,2025-04-01,0022401102,DEN,MIN,0,1608.2967419487804,1581.9444761999246,0.5873865763237831,0.4126134236762169,-17.621597289713492,17.621597289713492,1590.675144659067,1599.566073489638,47,28,43,32,0.6266666666666667,0.5733333333333334,0.5222222222222221
2024-25,2025-04-02,0022401103,CLE,NYK,1,1689.4085937482398,1588.625779172709,0.6860310324222941,0.31396896757770587,9.419069027331176,-9.419069027331176,1698.827662775571,1579.2067101453777,60,15,48,27,0.8,0.64,0.5555555555555556
2024-25,2025-04-02,0022401104,IND,CHA,1,1590.161645976285,1294.3714913127153,0.8703640232165083,0.1296359767834917,3.889079303504751,-3.889079303504751,1594.0507252797897,1290.4824120092105,44,31,19,56,0.5866666666666667,0.25333333333333335,0.6984126984126984
2024-25,2025-04-02,0022401105,WAS,SAC,1,1289.0013592183698,1469.474370962667,0.3020805543437662,0.6979194456562339,20.937583369687015,-20.937583369687015,1309.9389425880568,1448.53678759298,16,59,36,39,0.21333333333333335,0.48,0.3076923076923077
2024-25,2025-04-02,0022401106,BOS,MIA,0,1722.517700854378,1441.8462930892174,0.8602238816015297,0.13977611839847026,-25.806716448045893,25.806716448045893,1696.7109844063323,1467.6530095372632,56,19,34,41,0.7466666666666667,0.4533333333333333,0.6222222222222222
2024-25,2025-04-02,0022401107,HOU,UTA,1,1593.8783612008654,1252.7346099098138,0.897085948462579,0.10291405153742095,3.0874215461226284,-3.0874215461226284,1596.965782746988,1249.6471883636912,49,27,16,60,0.6447368421052632,0.21052631578947367,0.7538461538461538
2024-25,2025-04-02,0022401108,OKC,DET,1,1795.2836910544684,1567.010797117806,0.8198779191903547,0.1801220808096453,5.40366242428936,-5.40366242428936,1800.6873534787578,1561.6071346935166,63,12,42,33,0.84,0.56,0.6
2024-25,2025-04-02,0022401109,DAL,ATL,1,1442.5611896896003,1481.0344252097834,0.4950017787905644,0.5049982212094356,15.149946636283069,-15.149946636283069,1457.7111363258834,1465.8844785735002,37,39,36,39,0.4868421052631579,0.48,0.5035383777898748
2024-25,2025-04-02,0022401110,DEN,SAS,0,1590.675144659067,1399.233285241288,0.7864241308163785,0.21357586918362148,-23.592723924491356,23.592723924491356,1567.0824207345756,1422.8260091657794,47,29,31,44,0.618421052631579,0.41333333333333333,0.5993878592076177
2024-25,2025-04-02,0022401111,LAC,NOP,1,1596.1661294471025,1369.178583629369,0.8187826528837231,0.1812173471162769,5.436520413488307,-5.436520413488307,1601.6026498605909,1363.7420632158808,43,32,21,54,0.5733333333333334,0.28,0.671875
2024-25,2025-04-03,0022401112,WAS,ORL,0,1309.9389425880568,1463.2371583428276,0.33604277466549876,0.6639572253345012,-10.081283239964963,10.081283239964963,1299.8576593480918,1473.3184415827925,17,59,37,40,0.2236842105263158,0.4805194805194805,0.3176413491870905
2024-25,2025-04-03,0022401113,BKN,MIN,0,1361.0183213490704,1599.566073489638,0.23654512093737187,0.7634548790626281,-7.0963536281211566,7.0963536281211566,1353.9219677209494,1606.662427117759,25,51,44,32,0.32894736842105265,0.5789473684210527,0.36231884057971014
2024-25,2025-04-03,0022401114,MIA,MEM,0,1467.6530095372632,1495.3105843447156,0.5105650264707567,0.48943497352924326,-15.316950794122702,15.316950794122702,1452.3360587431405,1510.6275351388383,35,41,44,32,0.4605263157894737,0.5789473684210527,0.4430379746835443
2024-25,2025-04-03,0022401115,PHI,MIL,0,1281.0904018489755,1530.5754161066377,0.22536424048787163,0.7746357595121284,-6.7609272146361485,6.7609272146361485,1274.3294746343392,1537.336343321274,23,53,41,34,0.3026315789473684,0.5466666666666666,0.356331336500723
2024-25,2025-04-03,0022401116,TOR,POR,0,1434.0629279946495,1505.1700584338676,0.4482239279338309,0.5517760720661691,-13.446717838014928,13.446717838014928,1420.6162101566347,1518.6167762718824,28,48,33,43,0.3684210526315789,0.4342105263157895,0.45901639344262296
2024-25,2025-04-03,0022401117,LAL,GSW,0,1586.2074403270335,1604.7688289520195,0.5236394261211833,0.4763605738788167,-15.7091827836355,15.7091827836355,1570.498257543398,1620.478011735655,46,29,44,31,0.6133333333333333,0.5866666666666667,0.5111111111111111
2024-25,2025-04-04,0022401118,CHA,SAC,0,1290.4824120092105,1448.53678759298,0.3299617797447948,0.6700382202552052,-9.898853392343844,9.898853392343844,1280.5835586168666,1458.435640985324,19,57,36,40,0.25,0.47368421052631576,0.3454545454545455
2024-25,2025-04-04,0022401119,IND,UTA,1,1594.0507252797897,1249.6471883636912,0.8988055062593163,0.10119449374068368,3.0358348122205103,-3.0358348122205103,1597.0865600920101,1246.6113535514708,45,31,16,61,0.5921052631578947,0.2077922077922078,0.7402264473403118
2024-25,2025-04-04,0022401120,BOS,PHX,1,1696.7109844063323,1459.7297174421128,0.8271626007697159,0.17283739923028407,5.185121976908523,-5.185121976908523,1701.8961063832407,1454.5445954652043,56,20,35,41,0.7368421052631579,0.4605263157894737,0.6153846153846154
2024-25,2025-04-04,0022401121,TOR,DET,0,1420.6162101566347,1561.6071346935166,0.3520289034246403,0.6479710965753597,-10.56086710273921,10.56086710273921,1410.0553430538955,1572.1680017962558,28,49,42,34,0.36363636363636365,0.5526315789473685,0.3968668407310705
2024-25,2025-04-04,0022401122,CHI,POR,1,1506.0996198747066,1518.6167762718824,0.5323103256830714,0.46768967431692865,14.03069022950786,-14.03069022950786,1520.1303101042145,1504.5860860423745,34,42,34,43,0.4473684210526316,0.44155844155844154,0.5032679738562091
2024-25,2025-04-04,0022401123,HOU,OKC,1,1596.965782746988,1800.6873534787578,0.2746335256499655,0.7253664743500345,21.760994230501037,-21.760994230501037,1618.726776977489,1778.9263592482569,50,27,64,12,0.6493506493506493,0.8421052631578947,0.43538038496791936
2024-25,2025-04-04,0022401124,SAS,CLE,0,1422.8260091657794,1698.827662775571,0.1998364219841214,0.8001635780158786,-5.9950926595236425,5.9950926595236425,1416.8309165062558,1704.8227554350947,32,44,61,15,0.42105263157894735,0.8026315789473685,0.34408602150537626
2024-25,2025-04-04,0022401125,GSW,DEN,1,1620.478011735655,1567.0824207345756,0.6245358934779536,0.3754641065220464,11.263923195661393,-11.263923195661393,1631.7419349313163,1555.8184975389142,45,31,47,30,0.5921052631578947,0.6103896103896104,0.4923973284069916
2024-25,2025-04-04,0022401126,LAL,NOP,1,1570.498257543398,1363.7420632158808,0.8008572038744172,0.19914279612558283,5.974283883767485,-5.974283883767485,1576.4725414271654,1357.7677793321134,46,30,21,55,0.6052631578947368,0.27631578947368424,0.6865671641791045
2024-25,2025-04-04,0022401127,LAC,DAL,1,1601.6026498605909,1457.7111363258834,0.7368736939465907,0.26312630605340925,7.893789181602278,-7.893789181602278,1609.496439042193,1449.8173471442813,44,32,38,39,0.5789473684210527,0.4935064935064935,0.539834289356278
2024-25,2025-04-05,0022401128,ATL,NYK,0,1465.8844785735002,1579.2067101453777,0.3891565488211616,0.6108434511788384,-11.674696464634847,11.674696464634847,1454.2097821088655,1590.8814066100124,36,40,48,28,0.47368421052631576,0.631578947368421,0.4285714285714286
2024-25,2025-04-05,0022401129,DET,MEM,0,1572.1680017962558,1510.6275351388383,0.6354643404731526,0.3645356595268474,-19.063930214194578,19.063930214194578,1553.1040715820611,1529.691465353033,43,34,45,32,0.5584415584415584,0.5844155844155844,0.48863636363636365
2024-25,2025-04-05,0022401130,PHI,MIN,0,1274.3294746343392,1606.662427117759,0.1529581096333466,0.8470418903666534,-4.588743289000398,4.588743289000398,1269.7407313453389,1611.2511704067595,23,54,45,32,0.2987012987012987,0.5844155844155844,0.3382352941176471
2024-25,2025-04-05,0022401131,MIA,MIL,0,1452.3360587431405,1537.336343321274,0.4285364814168737,0.5714635185831263,-12.856094442506212,12.856094442506212,1439.4799643006343,1550.1924377637802,35,42,42,34,0.45454545454545453,0.5526315789473685,0.4513064133016627
2024-25,2025-04-05,0022401132,LAC,DAL,1,1609.496439042193,1449.8173471442813,0.7541116638056079,0.2458883361943921,7.376650085831763,-7.376650085831763,1616.8730891280247,1442.4406970584496,45,32,38,40,0.5844155844155844,0.48717948717948717,0.5453697949036669
2024-25,2025-04-06,0022400617,NOP,MIL,0,1357.7677793321134,1550.1924377637802,0.2877761823142619,0.7122238176857381,-8.633285469427857,8.633285469427857,1349.1344938626855,1558.825723233208,21,56,43,34,0.2727272727272727,0.5584415584415584,0.328125
2024-25,2025-04-06,0022401133,CHA,CHI,0,1280.5835586168666,1520.1303101042145,0.23550816668750696,0.764491833312493,-7.065245000625209,7.065245000625209,1273.5183136162414,1527.1955551048397,19,58,35,42,0.24675324675324675,0.45454545454545453,0.35185185185185186
2024-25,2025-04-06,0022401134,BKN,TOR,0,1353.9219677209494,1410.0553430538955,0.46962408143085543,0.5303759185691446,-14.088722442925663,14.088722442925663,1339.8332452780237,1424.1440654968212,25,52,28,50,0.3246753246753247,0.358974358974359,0.4749147588894301
2024-25,2025-04-06,0022401135,OKC,LAL,0,1778.9263592482569,1576.4725414271654,0.796877877578111,0.20312212242188898,-23.90633632734333,23.90633632734333,1755.0200229209136,1600.3788777545087,64,13,47,30,0.8311688311688312,0.6103896103896104,0.5765765765765767
2024-25,2025-04-06,0022401136,ATL,UTA,1,1454.2097821088655,1246.6113535514708,0.8016293053883007,0.19837069461169932,5.951120838350979,-5.951120838350979,1460.1609029472165,1240.6602327131197,36,41,16,62,0.4675324675324675,0.20512820512820512,0.695049504950495
2024-25,2025-04-06,0022401137,BOS,WAS,1,1701.8961063832407,1299.8576593480918,0.9252417536229041,0.07475824637709594,2.242747391312878,-2.242747391312878,1704.1388537745536,1297.614911956779,57,20,17,60,0.7402597402597403,0.22077922077922077,0.7702702702702703
2024-25,2025-04-06,0022401138,CLE,SAC,0,1704.8227554350947,1458.435640985324,0.8347667783093033,0.16523322169069665,-25.0430033492791,25.0430033492791,1679.7797520858155,1483.4786443346031,62,15,37,40,0.8051948051948052,0.4805194805194805,0.6262626262626263
2024-25,2025-04-06,0022401139,POR,SAS,1,1504.5860860423745,1416.8309165062558,0.6696573155117913,0.3303426844882087,9.910280534646262,-9.910280534646262,1514.4963665770208,1406.9206359716095,34,44,32,45,0.4358974358974359,0.4155844155844156,0.5119280406726633
2024-25,2025-04-06,0022401140,NYK,PHX,1,1590.8814066100124,1454.5445954652043,0.7283552904784572,0.27164470952154285,8.149341285646285,-8.149341285646285,1599.0307478956586,1446.3952541795582,49,28,35,42,0.6363636363636364,0.45454545454545453,0.5833333333333334
2024-25,2025-04-06,0022401142,DEN,IND,0,1555.8184975389142,1597.0865600920101,0.4909805113961009,0.5090194886038991,-14.729415341883026,14.729415341883026,1541.0890821970313,1611.815975433893,47,31,46,31,0.6025641025641025,0.5974025974025974,0.5021506868322464
2024-25,2025-04-06,0022401143,GSW,HOU,0,1631.7419349313163,1618.726776977489,0.5686627946846974,0.4313372053153026,-17.05988384054092,17.05988384054092,1614.6820510907755,1635.7866608180298,46,31,51,27,0.5974025974025974,0.6538461538461539,0.47744510978043914
2024-25,2025-04-07,0022401144,DET,SAC,0,1553.1040715820611,1483.4786443346031,0.6461760170751731,0.35382398292482686,-19.385280512255193,19.385280512255193,1533.718791069806,1502.8639248468583,43,35,38,40,0.5512820512820513,0.48717948717948717,0.5308641975308642
2024-25,2025-04-07,0022401145,MIA,PHI,1,1439.4799643006343,1269.7407313453389,0.7646912659080047,0.23530873409199526,7.059262022759858,-7.059262022759858,1446.5392263233941,1262.681469322579,35,43,23,55,0.44871794871794873,0.2948717948717949,0.603448275862069
2024-25,2025-04-08,0022401146,CHA,MEM,0,1273.5183136162414,1529.691465353033,0.21871422800695997,0.7812857719930401,-6.561426840208799,6.561426840208799,1266.9568867760327,1536.2528921932417,19,59,46,32,0.24358974358974358,0.5897435897435898,0.29230769230769227
2024-25,2025-04-08,0022401147,CLE,CHI,1,1679.7797520858155,1527.1955551048397,0.7464601908623734,0.25353980913762664,7.606194274128799,-7.606194274128799,1687.3859463599442,1519.589360830711,62,16,36,42,0.7948717948717948,0.46153846153846156,0.6326530612244897
2024-25,2025-04-08,0022401148,IND,WAS,1,1611.815975433893,1297.614911956779,0.8818599954868126,0.1181400045131874,3.544200135395622,-3.544200135395622,1615.3601755692887,1294.0707118213834,47,31,17,61,0.6025641025641025,0.21794871794871795,0.734375
2024-25,2025-04-08,0022401149,ORL,ATL,1,1473.3184415827925,1460.1609029472165,0.5688638215203023,0.43113617847969765,12.93408535439093,-12.93408535439093,1486.2525269371833,1447.2268175928257,38,40,37,41,0.48717948717948717,0.47435897435897434,0.5066666666666667
2024-25,2025-04-08,0022401150,BKN,NOP,1,1339.8332452780237,1349.1344938626855,0.5369161765866457,0.4630838234133543,13.892514702400629,-13.892514702400629,1353.7257599804243,1335.241979160285,25,53,21,57,0.32051282051282054,0.2692307692307692,0.5434782608695653
2024-25,2025-04-08,0022401151,NYK,BOS,0,1599.0307478956586,1704.1388537745536,0.400453783897679,0.5995462161023211,-12.01361351693037,12.01361351693037,1587.0171343787283,1716.1524672914838,50,28,58,20,0.6410256410256411,0.7435897435897436,0.462962962962963
2024-25,2025-04-08,0022401152,MIL,MIN,1,1558.825723233208,1611.2511704067595,0.4749437715677665,0.5250562284322335,15.751686852967007,-15.751686852967007,1574.577410086175,1595.4994835537925,44,34,46,32,0.5641025641025641,0.5897435897435898,0.48888888888888893
2024-25,2025-04-08,0022401153,OKC,LAL,1,1755.0200229209136,1600.3788777545087,0.7486945925806359,0.25130540741936414,7.539162222580924,-7.539162222580924,1762.5591851434945,1592.8397155319278,64,14,48,30,0.8205128205128205,0.6153846153846154,0.5714285714285714
2024-25,2025-04-08,0022401154,PHX,GSW,0,1446.3952541795582,1614.6820510907755,0.3170720173577825,0.6829279826422174,-9.512160520733476,9.512160520733476,1436.8830936588247,1624.194211611509,35,43,46,32,0.44871794871794873,0.5897435897435898,0.43209876543209874
2024-25,2025-04-08,0022401155,LAC,SAS,1,1616.8730891280247,1406.9206359716095,0.8037753546461266,0.1962246453538734,5.886739360616202,-5.886739360616202,1622.759828488641,1401.0338966109932,46,32,32,46,0.5897435897435898,0.41025641025641024,0.5897435897435898
2024-25,2025-04-09,0022401156,ORL,BOS,1,1486.2525269371833,1716.1524672914838,0.2456526775822846,0.7543473224177154,22.630419672531463,-22.630419672531463,1508.8829466097147,1693.5220476189525,39,40,59,20,0.4936708860759494,0.7468354430379747,0.39795918367346944
2024-25,2025-04-09,0022401157,WAS,PHI,0,1294.0707118213834,1262.681469322579,0.5943956987678694,0.40560430123213065,-17.83187096303608,17.83187096303608,1276.2388408583472,1280.5133402856152,17,62,23,56,0.21518987341772153,0.2911392405063291,0.425
2024-25,2025-04-09,0022401158,TOR,CHA,1,1424.1440654968212,1266.9568867760327,0.7514420977653667,0.24855790223463325,7.456737067038998,-7.456737067038998,1431.6008025638603,1259.5001497089936,29,50,19,60,0.3670886075949367,0.24050632911392406,0.6041666666666666
2024-25,2025-04-09,0022401159,DAL,LAL,0,1442.4406970584496,1592.8397155319278,0.3397765485298595,0.6602234514701405,-10.193296455895785,10.193296455895785,1432.2474006025539,1603.0330119878236,38,41,48,31,0.4810126582278481,0.6075949367088608,0.4418604651162791
2024-25,2025-04-09,0022401160,CHI,MIA,1,1519.589360830711,1446.5392263233941,0.6506702285421505,0.3493297714578495,10.479893143735485,-10.479893143735485,1530.0692539744466,1436.0593331796586,36,43,36,43,0.45569620253164556,0.45569620253164556,0.5
2024-25,2025-04-09,0022401162,UTA,POR,1,1240.6602327131197,1514.4963665770208,0.20183717600380763,0.7981628239961924,23.944884719885774,-23.944884719885774,1264.6051174330055,1490.551481857135,16,63,35,44,0.20253164556962025,0.4430379746835443,0.3137254901960784
2024-25,2025-04-09,0022401163,GSW,SAS,0,1624.194211611509,1401.0338966109932,0.815490712499468,0.18450928750053197,-24.46472137498404,24.46472137498404,1599.729490236525,1425.4986179859773,47,32,32,47,0.5949367088607594,0.4050632911392405,0.5949367088607594
2024-25,2025-04-09,0022401164,PHX,OKC,0,1436.8830936588247,1762.5591851434945,0.157989210196263,0.842010789803737,-4.73967630588789,4.73967630588789,1432.1434173529367,1767.2988614493825,35,44,65,14,0.4430379746835443,0.8227848101265823,0.35
2024-25,2025-04-09,0022401165,SAC,DEN,0,1502.8639248468583,1541.0890821970313,0.4953587587871026,0.5046412412128973,-14.860762763613078,14.860762763613078,1488.0031620832451,1555.9498449606444,39,40,47,32,0.4936708860759494,0.5949367088607594,0.4534883720930233
2024-25,2025-04-09,0022401166,LAC,HOU,1,1622.759828488641,1635.7866608180298,0.5315798372298689,0.4684201627701311,14.052604883103934,-14.052604883103934,1636.8124333717449,1621.734055934926,47,32,52,27,0.5949367088607594,0.6582278481012658,0.4747474747474747
2024-25,2025-04-10,0022401161,MIL,NOP,1,1574.577410086175,1335.241979160285,0.829091427295605,0.17090857270439497,5.127257181131849,-5.127257181131849,1579.7046672673068,1330.114721979153,45,34,21,58,0.569620253164557,0.26582278481012656,0.6818181818181819
2024-25,2025-04-10,0022401167,DET,NYK,1,1533.718791069806,1587.0171343787283,0.47369088806576365,0.5263091119342364,15.78927335802709,-15.78927335802709,1549.508064427833,1571.2278610207013,43,36,50,29,0.5443037974683544,0.6329113924050633,0.46236559139784944
2024-25,2025-04-10,0022401168,IND,CLE,1,1615.3601755692887,1687.3859463599442,0.44691643541913006,0.5530835645808699,16.592506937426098,-16.592506937426098,1631.9526825067148,1670.793439422518,48,31,63,16,0.6075949367088608,0.7974683544303798,0.43243243243243246
2024-25,2025-04-10,0022401169,BKN,ATL,0,1353.7257599804243,1447.2268175928257,0.41659693050993385,0.5834030694900662,-12.497907915298015,12.497907915298015,1341.2278520651262,1459.7247255081238,26,53,37,42,0.3291139240506329,0.46835443037974683,0.4126984126984127
2024-25,2025-04-10,0022401170,MEM,MIN,0,1536.2528921932417,1595.4994835537925,0.4651628871062106,0.5348371128937894,-13.954886613186318,13.954886613186318,1522.2980055800554,1609.4543701669788,47,32,46,33,0.5949367088607594,0.5822784810126582,0.5053763440860214
2024-25,2025-04-11,0022401171,DET,MIL,0,1549.508064427833,1579.7046672673068,0.5069122037952697,0.4930877962047303,-15.207366113858091,15.207366113858091,1534.3006983139749,1594.912033381165,44,36,46,34,0.55,0.575,0.48888888888888893
2024-25,2025-04-11,0022401172,IND,ORL,0,1631.9526825067148,1508.8829466097147,0.7129843125615826,0.28701568743841743,-21.389529376847477,21.389529376847477,1610.5631531298673,1530.2724759865623,49,31,40,40,0.6125,0.5,0.550561797752809
2024-25,2025-04-11,0022401173,PHI,ATL,0,1280.5133402856152,1459.7247255081238,0.30361389045774384,0.6963861095422561,-9.108416713732316,9.108416713732316,1271.4049235718828,1468.8331422218562,24,56,38,42,0.3,0.475,0.38709677419354843
2024-25,2025-04-11,0022401174,BOS,CHA,1,1693.5220476189525,1259.5001497089936,0.9370211604898975,0.06297883951010252,1.8893651853030757,-1.8893651853030757,1695.4114128042556,1257.6107845236904,59,21,19,61,0.7375,0.2375,0.7564102564102564
2024-25,2025-04-11,0022401175,NYK,CLE,0,1571.2278610207013,1670.793439422518,0.40813771042132063,0.5918622895786794,-12.244131312639619,12.244131312639619,1558.9837297080617,1683.0375707351577,50,30,63,17,0.625,0.7875,0.44247787610619466
2024-25,2025-04-11,0022401176,CHI,WAS,1,1530.0692539744466,1276.2388408583472,0.8405922756183583,0.15940772438164175,4.782231731449253,-4.782231731449253,1534.8514857058958,1271.456609126898,37,43,17,63,0.4625,0.2125,0.6851851851851851
2024-25,2025-04-11,0022401177,NOP,MIA,0,1330.114721979153,1436.0593331796586,0.39929822920024655,0.6007017707997535,-11.978946876007397,11.978946876007397,1318.1357751031458,1448.0382800556658,21,59,36,44,0.2625,0.45,0.3684210526315789
2024-25,2025-04-11,0022401178,DAL,TOR,1,1432.2474006025539,1431.6008025638603,0.5511203298425543,0.4488796701574457,13.46639010472337,-13.46639010472337,1445.7137907072772,1418.134412459137,38,42,30,50,0.475,0.375,0.5588235294117647
2024-25,2025-04-11,0022401179,MIN,BKN,1,1609.4543701669788,1341.2278520651262,0.8513858585035435,0.14861414149645646,4.458424244893694,-4.458424244893694,1613.9127944118725,1336.7694278202325,47,33,26,54,0.5875,0.325,0.6438356164383561
2024-25,2025-04-11,0022401180,DEN,MEM,1,1555.9498449606444,1522.2980055800554,0.5975318813546351,0.4024681186453649,12.074043559360948,-12.074043559360948,1568.0238885200054,1510.2239620206944,48,32,47,33,0.6,0.5875,0.5052631578947369
2024-25,2025-04-11,0022401181,UTA,OKC,0,1264.6051174330055,1767.2988614493825,0.06343152808617712,0.9365684719138229,-1.9029458425853136,1.9029458425853136,1262.7021715904202,1769.2018072919677,17,63,66,14,0.2125,0.825,0.20481927710843376
2024-25,2025-04-11,0022401182,PHX,SAS,1,1432.1434173529367,1425.4986179859773,0.5596463064426302,0.44035369355736975,13.210610806721093,-13.210610806721093,1445.354028159658,1412.288007179256,35,45,33,47,0.4375,0.4125,0.5147058823529412
2024-25,2025-04-11,0022401183,POR,GSW,0,1490.551481857135,1599.729490236525,0.39484222825499476,0.6051577717450052,-11.845266847649842,11.845266847649842,1478.7062150094853,1611.5747570841747,35,45,47,33,0.4375,0.5875,0.426829268292683
2024-25,2025-04-11,0022401184,SAC,LAC,0,1488.0031620832451,1636.8124333717449,0.34183245014633157,0.6581675498536684,-10.254973504389946,10.254973504389946,1477.7481885788552,1647.0674068761348,39,41,48,32,0.4875,0.6,0.4482758620689655
2024-25,2025-04-11,0022401185,LAL,HOU,1,1603.0330119878236,1621.734055934926,0.5234388914056133,0.4765611085943867,14.2968332578316,-14.2968332578316,1617.3298452456552,1607.4372226770943,49,31,52,28,0.6125,0.65,0.48514851485148514
2024-25,2025-04-13,0022401186,ATL,ORL,1,1468.8331422218562,1530.2724759865623,0.46202401795298775,0.5379759820470122,16.139279461410368,-16.139279461410368,1484.9724216832665,1514.133196525152,39,42,41,40,0.48148148148148145,0.5061728395061729,0.4875
2024-25,2025-04-13,0022401187,BOS,CHA,1,1695.4114128042556,1257.6107845236904,0.9382926703376098,0.06170732966239023,1.851219889871707,-1.851219889871707,1697.2626326941274,1255.7595646338186,60,21,19,62,0.7407407407407407,0.2345679012345679,0.759493670886076
2024-25,2025-04-13,0022401188,BKN,NYK,0,1336.7694278202325,1558.9837297080617,0.25394300390277424,0.7460569960972258,-7.618290117083228,7.618290117083228,1329.1511377031493,1566.602019825145,26,55,50,31,0.32098765432098764,0.6172839506172839,0.34210526315789475
2024-25,2025-04-13,0022401189,CLE,IND,0,1683.0375707351577,1610.5631531298673,0.6499165646169862,0.3500834353830138,-19.497496938509585,19.497496938509585,1663.5400737966481,1630.0606500683768,64,17,49,32,0.7901234567901234,0.6049382716049383,0.5663716814159292
2024-25,2025-04-13,0022401190,MIA,WAS,0,1448.0382800556658,1271.456609126898,0.7717047010677268,0.22829529893227318,-23.151141032031806,23.151141032031806,1424.887139023634,1294.6077501589298,37,44,17,64,0.4567901234567901,0.20987654320987653,0.6851851851851852
2024-25,2025-04-13,0022401191,PHI,CHI,0,1271.4049235718828,1534.8514857058958,0.2116440042250401,0.78835599577496,-6.349320126751203,6.349320126751203,1265.0556034451315,1541.2008058326471,24,57,38,43,0.2962962962962963,0.4691358024691358,0.3870967741935484
2024-25,2025-04-13,0022401192,MIL,DET,1,1594.912033381165,1534.3006983139749,0.6342244655821029,0.3657755344178971,10.973266032536914,-10.973266032536914,1605.885299413702,1523.327432281438,47,34,44,37,0.5802469135802469,0.5432098765432098,0.5164835164835164
2024-25,2025-04-13,0022401193,HOU,DEN,0,1607.4372226770943,1568.0238885200054,0.6054814067438594,0.3945185932561406,-18.164442202315783,18.164442202315783,1589.2727804747785,1586.188330722321,52,29,49,32,0.6419753086419753,0.6049382716049383,0.5148514851485149
2024-25,2025-04-13,0022401194,MEM,DAL,1,1510.2239620206944,1445.7137907072772,0.6394151405033539,0.3605848594966461,10.817545784899384,-10.817545784899384,1521.041507805594,1434.8962449223777,47,34,39,42,0.5802469135802469,0.48148148148148145,0.5465116279069767
2024-25,2025-04-13,0022401195,MIN,UTA,1,1613.9127944118725,1262.7021715904202,0.9023142411033577,0.09768575889664233,2.93057276689927,-2.93057276689927,1616.8433671787718,1259.771598823521,48,33,17,64,0.5925925925925926,0.20987654320987653,0.7384615384615384
2024-25,2025-04-13,0022401196,NOP,OKC,0,1318.1357751031458,1769.2018072919677,0.08354951354277683,0.9164504864572232,-2.506485406283305,2.506485406283305,1315.6292896968625,1771.708292698251,21,60,67,14,0.25925925925925924,0.8271604938271605,0.23863636363636365
2024-25,2025-04-13,0022401197,SAS,TOR,1,1412.288007179256,1418.134412459137,0.5418572023196324,0.4581427976803676,13.744283930411028,-13.744283930411028,1426.032291109667,1404.3901285287259,33,48,30,51,0.4074074074074074,0.37037037037037035,0.5238095238095238
2024-25,2025-04-13,0022401198,GSW,LAC,0,1611.5747570841747,1647.0674068761348,0.4992910204332645,0.5007089795667354,-14.978730612997936,14.978730612997936,1596.5960264711769,1662.0461374891327,48,33,49,32,0.5925925925925926,0.6049382716049383,0.49484536082474223
2024-25,2025-04-13,0022401199,POR,LAL,1,1478.7062150094853,1617.3298452456552,0.355143571593644,0.644856428406356,19.34569285219068,-19.34569285219068,1498.051907861676,1597.9841523934645,35,46,50,31,0.43209876543209874,0.6172839506172839,0.4117647058823529
2024-25,2025-04-13,0022401200,SAC,PHX,1,1477.7481885788552,1445.354028159658,0.595789581386834,0.404210418613166,12.126312558394979,-12.126312558394979,1489.8745011372503,1433.2277156012628,39,42,36,45,0.48148148148148145,0.4444444444444444,0.52
