season,gameDate,gameId,homeTeam,awayTeam,homeWin,homeRatingBefore,awayRatingBefore,homeExpectedWinProb,awayExpectedWinProb,homeRatingChange,awayRatingChange,homeRatingAfter,awayRatingAfter,homePreGameWins,homePreGameLosses,awayPreGameWins,awayPreGameLosses,homePreGameWinPct,awayPreGameWinPct,standingsHomeWinProb
2025-26,2025-10-21,0022500001,OKC,HOU,1,1500.0,1500.0,0.550199353253537,0.44980064674646303,13.49401940239389,-13.49401940239389,1513.4940194023939,1486.5059805976061,0,0,0,0,0.5,0.5,0.5
2025-26,2025-10-21,0022500002,LAL,GSW,0,1500.0,1500.0,0.550199353253537,0.44980064674646303,-16.505980597606108,16.505980597606108,1483.4940194023939,1516.5059805976061,0,0,0,0,0.5,0.5,0.5
2025-26,2025-10-22,0022500003,NYK,CLE,1,1500.0,1500.0,0.550199353253537,0.44980064674646303,13.49401940239389,-13.49401940239389,1513.4940194023939,1486.5059805976061,0,0,0,0,0.5,0.5,0.5
2025-26,2025-10-22,0022500004,DAL,SAS,0,1500.0,1500.0,0.550199353253537,0.44980064674646303,-16.505980597606108,16.505980597606108,1483.4940194023939,1516.5059805976061,0,0,0,0,0.5,0.5,0.5
2025-26,2025-10-22,0022500080,CHA,BKN,1,1500.0,1500.0,0.550199353253537,0.44980064674646303,13.49401940239389,-13.49401940239389,1513.4940194023939,1486.5059805976061,0,0,0,0,0.5,0.5,0.5
2025-26,2025-10-22,0022500081,ORL,MIA,1,1500.0,1500.0,0.550199353253537,0.44980064674646303,13.49401940239389,-13.49401940239389,1513.4940194023939,1486.5059805976061,0,0,0,0,0.5,0.5,0.5
2025-26,2025-10-22,0022500082,ATL,TOR,0,1500.0,1500.0,0.550199353253537,0.44980064674646303,-16.505980597606108,16.505980597606108,1483.4940194023939,1516.5059805976061,0,0,0,0,0.5,0.5,0.5
2025-26,2025-10-22,0022500083,BOS,PHI,0,1500.0,1500.0,0.550199353253537,0.44980064674646303,-16.505980597606108,16.505980597606108,1483.4940194023939,1516.5059805976061,0,0,0,0,0.5,0.5,0.5
2025-26,2025-10-22,0022500084,CHI,DET,1,1500.0,1500.0,0.550199353253537,0.44980064674646303,13.49401940239389,-13.49401940239389,1513.4940194023939,1486.5059805976061,0,0,0,0,0.5,0.5,0.5
2025-26,2025-10-22,0022500085,MEM,NOP,1,1500.0,1500.0,0.550199353253537,0.44980064674646303,13.49401940239389,-13.49401940239389,1513.4940194023939,1486.5059805976061,0,0,0,0,0.5,0.5,0.5
2025-26,2025-10-22,0022500086,MIL,WAS,1,1500.0,1500.0,0.550199353253537,0.44980064674646303,13.49401940239389,-13.49401940239389,1513.4940194023939,1486.5059805976061,0,0,0,0,0.5,0.5,0.5
2025-26,2025-10-22,0022500087,UTA,LAC,1,1500.0,1500.0,0.550199353253537,0.44980064674646303,13.49401940239389,-13.49401940239389,1513.4940194023939,1486.5059805976061,0,0,0,0,0.5,0.5,0.5
2025-26,2025-10-22,0022500088,PHX,SAC,1,1500.0,1500.0,0.550199353253537,0.44980064674646303,13.49401940239389,-13.49401940239389,1513.4940194023939,1486.5059805976061,0,0,0,0,0.5,0.5,0.5
2025-26,2025-10-22,0022500089,POR,MIN,0,1500.0,1500.0,0.550199353253537,0.44980064674646303,-16.505980597606108,16.505980597606108,1483.4940194023939,1516.5059805976061,0,0,0,0,0.5,0.5,0.5
2025-26,2025-10-23,0022500005,IND,OKC,0,1500.0,1513.4940194023939,0.530910126558305,0.46908987344169495,-15.927303796749152,15.927303796749152,1484.0726962032509,1529.421323199143,0,0,1,0,0.5,1.0,0.3333333333333333
2025-26,2025-10-23,0022500006,GSW,DEN,1,1516.5059805976061,1500.0,0.5735847969853417,0.4264152030146583,12.79245609043975,-12.79245609043975,1529.298436688046,1487.2075439095602,1,0,0,0,1.0,0.5,0.6666666666666666
2025-26,2025-10-24,0022500018,NYK,BOS,1,1513.4940194023939,1483.4940194023939,0.5924662305843318,0.4075337694156682,12.226013082470047,-12.226013082470047,1525.7200324848639,1471.2680063199239,1,0,0,1,1.0,0.0,1.0
2025-26,2025-10-24,0022500019,LAL,MIN,1,1483.4940194023939,1516.5059805976061,0.5028609865981779,0.4971390134018221,14.914170402054662,-14.914170402054662,1498.4081898044485,1501.5918101955515,0,1,1,0,0.0,1.0,0.0
2025-26,2025-10-24,0022500090,ORL,ATL,0,1513.4940194023939,1483.4940194023939,0.5924662305843318,0.4075337694156682,-17.773986917529953,17.773986917529953,1495.7200324848639,1501.2680063199239,1,0,0,1,1.0,0.0,1.0
2025-26,2025-10-24,0022500091,BKN,CLE,0,1486.5059805976061,1486.5059805976061,0.550199353253537,0.44980064674646303,-16.505980597606108,16.505980597606108,1470.0,1503.0119611952123,0,1,0,1,0.0,0.0,0.5
2025-26,2025-10-24,0022500092,TOR,MIL,0,1516.5059805976061,1513.4940194023939,0.554486383217171,0.44551361678282897,-16.63459149651513,16.63459149651513,1499.871389101091,1530.128610898909,1,0,1,0,1.0,1.0,0.5
2025-26,2025-10-24,0022500093,HOU,DET,0,1486.5059805976061,1486.5059805976061,0.550199353253537,0.44980064674646303,-16.505980597606108,16.505980597606108,1470.0,1503.0119611952123,0,1,0,1,0.0,0.0,0.5
2025-26,2025-10-24,0022500094,MEM,MIA,0,1513.4940194023939,1486.5059805976061,0.5882732949446621,0.4117267050553379,-17.648198848339863,17.648198848339863,1495.845820554054,1504.154179445946,1,0,0,1,1.0,0.0,1.0
2025-26,2025-10-24,0022500095,NOP,SAS,0,1486.5059805976061,1516.5059805976061,0.5071950817090514,0.49280491829094863,-15.215852451271541,15.215852451271541,1471.2901281463346,1531.7218330488777,0,1,1,0,0.0,1.0,0.0
2025-26,2025-10-24,0022500096,DAL,WAS,0,1483.4940194023939,1486.5059805976061,0.545904854384169,0.454095145615831,-16.37714563152507,16.37714563152507,1467.1168737708688,1502.8831262291312,0,1,0,1,0.0,0.0,0.5
2025-26,2025-10-24,0022500097,POR,GSW,1,1483.4940194023939,1529.298436688046,0.484456203916565,0.515543796083435,15.466313882503052,-15.466313882503052,1498.960333284897,1513.832122805543,0,1,2,0,0.0,1.0,0.0
2025-26,2025-10-24,0022500098,SAC,UTA,1,1486.5059805976061,1513.4940194023939,0.5115280956245475,0.4884719043754525,14.654157131263576,-14.654157131263576,1501.1601377288698,1498.8398622711302,0,1,1,0,0.0,1.0,0.0
2025-26,2025-10-24,0022500099,LAC,PHX,1,1486.5059805976061,1513.4940194023939,0.5115280956245475,0.4884719043754525,14.654157131263576,-14.654157131263576,1501.1601377288698,1498.8398622711302,0,1,1,0,0.0,1.0,0.0
2025-26,2025-10-25,0022500100,ORL,CHI,0,1495.7200324848639,1513.4940194023939,0.5247699322530828,0.47523006774691723,-15.743097967592483,15.743097967592483,1479.9769345172713,1529.2371173699864,1,1,1,0,0.5,1.0,0.3333333333333333
2025-26,2025-10-25,0022500101,ATL,OKC,0,1501.2680063199239,1529.421323199143,0.5098518937954627,0.4901481062045373,-15.29555681386388,15.29555681386388,1485.97244950606,1544.7168800130069,1,1,2,0,0.5,1.0,0.3333333333333333
2025-26,2025-10-25,0022500102,PHI,CHA,1,1516.5059805976061,1513.4940194023939,0.554486383217171,0.44551361678282897,13.365408503484868,-13.365408503484868,1529.871389101091,1500.128610898909,1,0,1,0,1.0,1.0,0.5
2025-26,2025-10-25,0022500103,MEM,IND,1,1495.845820554054,1484.0726962032509,0.5669082186889914,0.43309178131100856,12.992753439330256,-12.992753439330256,1508.8385739933842,1471.0799427639206,1,1,0,1,0.5,0.0,1.0
2025-26,2025-10-25,0022500104,DEN,PHX,1,1487.2075439095602,1498.8398622711302,0.5335781811456379,0.46642181885436207,13.992654565630861,-13.992654565630861,1501.200198475191,1484.8472077054994,0,1,1,1,0.0,0.5,0.0
2025-26,2025-10-26,0022500105,SAS,BKN,1,1531.7218330488777,1470.0,0.6357061549267948,0.36429384507320517,10.928815352196155,-10.928815352196155,1542.6506484010738,1459.0711846478039,2,0,0,2,1.0,0.0,1.0
2025-26,2025-10-26,0022500106,DET,BOS,1,1503.0119611952123,1471.2680063199239,0.5948878815287914,0.40511211847120865,12.15336355413626,-12.15336355413626,1515.1653247493484,1459.1146427657877,1,1,0,2,0.5,0.0,1.0
2025-26,2025-10-26,0022500107,CLE,MIL,1,1503.0119611952123,1530.128610898909,0.5113431064819876,0.48865689351801245,14.659706805540374,-14.659706805540374,1517.6716680007526,1515.4689040933688,1,1,2,0,0.5,1.0,0.3333333333333333
2025-26,2025-10-26,0022500108,MIA,NYK,1,1504.154179445946,1525.7200324848639,0.5193236622416868,0.4806763377583132,14.420290132749397,-14.420290132749397,1518.5744695786955,1511.2997423521144,1,1,2,0,0.5,1.0,0.3333333333333333
2025-26,2025-10-26,0022500109,WAS,CHA,0,1502.8831262291312,1500.128610898909,0.5541202589830972,0.44587974101690275,-16.623607769492917,16.623607769492917,1486.2595184596382,1516.752218668402,1,1,1,1,0.5,0.5,0.5
2025-26,2025-10-26,0022500110,MIN,IND,1,1501.5918101955515,1471.0799427639206,0.5931774797564495,0.4068225202435505,12.204675607306514,-12.204675607306514,1513.7964858028581,1458.875267156614,1,1,0,2,0.5,0.0,1.0
2025-26,2025-10-26,0022500111,DAL,TOR,1,1467.1168737708688,1499.871389101091,0.5032314672110785,0.4967685327889215,14.903055983667645,-14.903055983667645,1482.0199297545364,1484.9683331174233,0,2,1,1,0.0,0.5,0.0
2025-26,2025-10-26,0022500112,LAC,POR,1,1501.1601377288698,1498.960333284897,0.5533311829632919,0.44666881703670813,13.400064511101244,-13.400064511101244,1514.560202239971,1485.5602687737958,1,1,1,1,0.5,0.5,0.5
2025-26,2025-10-26,0022500113,SAC,LAL,0,1501.1601377288698,1498.4081898044485,0.5541166074744656,0.44588339252553444,-16.623498224233966,16.623498224233966,1484.5366395046358,1515.0316880286825,1,1,1,1,0.5,0.5,0.5
2025-26,2025-10-27,0022500007,DET,CLE,0,1515.1653247493484,1517.6716680007526,0.5466262668831602,0.4533737331168398,-16.398788006494804,16.398788006494804,1498.7665367428535,1534.0704560072475,2,1,2,1,0.6666666666666666,0.6666666666666666,0.5
2025-26,2025-10-27,0022500008,MIN,DEN,0,1513.7964858028581,1501.200198475191,0.5680712616051746,0.4319287383948254,-17.04213784815524,17.04213784815524,1496.7543479547028,1518.2423363233463,2,1,1,1,0.6666666666666666,0.5,0.5714285714285715
2025-26,2025-10-27,0022500114,PHI,ORL,1,1529.871389101091,1479.9769345172713,0.6197981969867815,0.3802018030132185,11.406054090396555,-11.406054090396555,1541.2774431914875,1468.5708804268747,2,0,1,2,1.0,0.3333333333333333,0.75
2025-26,2025-10-27,0022500115,CHI,ATL,1,1529.2371173699864,1485.97244950606,0.6107646786710768,0.38923532132892324,11.677059639867696,-11.677059639867696,1540.914177009854,1474.2953898661924,2,0,1,2,1.0,0.3333333333333333,0.75
2025-26,2025-10-27,0022500116,HOU,BKN,1,1470.0,1459.0711846478039,0.5657145323967718,0.43428546760322817,13.028564028096845,-13.028564028096845,1483.0285640280968,1446.0426206197071,0,2,0,3,0.0,0.0,0.5
2025-26,2025-10-27,0022500117,NOP,BOS,0,1471.2901281463346,1459.1146427657877,0.5674768055395274,0.4325231944604726,-17.02430416618582,17.02430416618582,1454.2658239801488,1476.1389469319736,0,2,0,3,0.0,0.0,0.5
2025-26,2025-10-27,0022500118,SAS,TOR,1,1542.6506484010738,1484.9683331174233,0.6303042557422516,0.3696957442577484,11.090872327732452,-11.090872327732452,1553.7415207288063,1473.8774607896908,3,0,1,2,1.0,0.3333333333333333,0.75
2025-26,2025-10-27,0022500119,DAL,OKC,0,1482.0199297545364,1544.7168800130069,0.4602251052703305,0.5397748947296694,-13.806753158109915,13.806753158109915,1468.2131765964266,1558.5236331711167,1,2,3,0,0.3333333333333333,1.0,0.25
2025-26,2025-10-27,0022500120,UTA,PHX,1,1498.8398622711302,1484.8472077054994,0.5700424601265351,0.42995753987346486,12.898726196203945,-12.898726196203945,1511.7385884673342,1471.9484815092953,1,1,1,2,0.5,0.3333333333333333,0.6000000000000001
2025-26,2025-10-27,0022500121,GSW,MEM,1,1513.832122805543,1508.8385739933842,0.5573024717150435,0.44269752828495645,13.280925848548694,-13.280925848548694,1527.1130486540917,1495.5576481448354,2,1,2,1,0.6666666666666666,0.6666666666666666,0.5
2025-26,2025-10-27,0022500122,LAL,POR,0,1515.0316880286825,1485.5602687737958,0.5917313511212197,0.40826864887878034,-17.75194053363659,17.75194053363659,1497.279747495046,1503.3122093074323,2,1,1,2,0.6666666666666666,0.3333333333333333,0.6666666666666666
2025-26,2025-10-28,0022500123,WAS,PHI,0,1486.2595184596382,1541.2774431914875,0.47122372571189197,0.528776274288108,-14.13671177135676,14.13671177135676,1472.1228066882816,1555.4141549628441,1,2,3,0,0.3333333333333333,1.0,0.25
2025-26,2025-10-28,0022500124,MIA,CHA,1,1518.5744695786955,1516.752218668402,0.5527939592342174,0.44720604076578263,13.41618122297348,-13.41618122297348,1531.990650801669,1503.3360374454285,2,1,2,1,0.6666666666666666,0.6666666666666666,0.5
2025-26,2025-10-28,0022500125,MIL,NYK,1,1515.4689040933688,1511.2997423521144,0.5561313494570618,0.4438686505429382,13.316059516288147,-13.316059516288147,1528.7849636096569,1497.9836828358264,2,1,2,1,0.6666666666666666,0.6666666666666666,0.5
2025-26,2025-10-28,0022500126,OKC,SAC,1,1558.5236331711167,1484.5366395046358,0.6518950498688723,0.34810495013112774,10.443148503933832,-10.443148503933832,1568.9667816750505,1474.093491000702,4,0,1,2,1.0,0.3333333333333333,0.75
2025-26,2025-10-28,0022500127,GSW,LAC,1,1527.1130486540917,1514.560202239971,0.5680099027910396,0.4319900972089604,12.959702916268812,-12.959702916268812,1540.0727515703604,1501.6004993237023,3,1,2,1,0.75,0.6666666666666666,0.5294117647058824
2025-26,2025-10-29,0022500128,BOS,CLE,1,1476.1389469319736,1534.0704560072475,0.46704674306356764,0.5329532569364324,15.988597708092971,-15.988597708092971,1492.1275446400666,1518.0818582991544,1,3,3,1,0.25,0.75,0.25
2025-26,2025-10-29,0022500129,DET,ORL,1,1498.7665367428535,1468.5708804268747,0.5927381445411383,0.40726185545886173,12.217855663765851,-12.217855663765851,1510.9843924066195,1456.3530247631088,2,2,1,3,0.5,0.25,0.6666666666666666
2025-26,2025-10-29,0022500130,BKN,ATL,0,1446.0426206197071,1474.2953898661924,0.50970882509713,0.49029117490287,-15.2912647529139,15.2912647529139,1430.7513558667931,1489.5866546191064,0,4,1,3,0.0,0.25,0.0
2025-26,2025-10-29,0022500131,TOR,HOU,0,1473.8774607896908,1483.0285640280968,0.5371310683594095,0.4628689316405905,-16.113932050782285,16.113932050782285,1457.7635287389085,1499.142496078879,1,3,1,2,0.25,0.3333333333333333,0.4285714285714286
2025-26,2025-10-29,0022500132,CHI,SAC,1,1540.914177009854,1474.093491000702,0.6424760034844539,0.3575239965155461,10.725719895466383,-10.725719895466383,1551.6398969053205,1463.3677711052355,3,0,1,3,1.0,0.25,0.8
2025-26,2025-10-29,0022500133,DAL,IND,1,1468.2131765964266,1458.875267156614,0.5634632434916526,0.43653675650834745,13.096102695250423,-13.096102695250423,1481.309279291677,1445.7791644613635,1,3,0,3,0.25,0.0,1.0
2025-26,2025-10-29,0022500134,DEN,NOP,1,1518.2423363233463,1454.2658239801488,0.638706549534948,0.361293450465052,10.83880351395156,-10.83880351395156,1529.0811398372978,1443.4270204661973,2,1,0,3,0.6666666666666666,0.0,1.0
2025-26,2025-10-29,0022500135,UTA,POR,0,1511.7385884673342,1503.3122093074323,0.5621721524894372,0.4378278475105628,-16.865164574683117,16.865164574683117,1494.873423892651,1520.1773738821155,2,1,2,2,0.6666666666666666,0.5,0.5714285714285715
2025-26,2025-10-29,0022500136,MIN,LAL,0,1496.7543479547028,1497.279747495046,0.5494507509697969,0.4505492490302031,-16.483522529093907,16.483522529093907,1480.2708254256088,1513.76327002414,2,2,2,2,0.5,0.5,0.5
2025-26,2025-10-29,0022500137,PHX,MEM,0,1471.9484815092953,1495.5576481448354,0.5163868560253416,0.4836131439746584,-15.491605680760248,15.491605680760248,1456.456875828535,1511.0492538255958,1,3,2,2,0.25,0.5,0.3333333333333333
2025-26,2025-10-30,0022500138,CHA,ORL,0,1503.3360374454285,1456.3530247631088,0.6158409700151796,0.38415902998482043,-18.475229100455387,18.475229100455387,1484.860808344973,1474.8282538635642,2,2,1,4,0.5,0.2,0.7142857142857143
2025-26,2025-10-30,0022500139,MIL,GSW,1,1528.7849636096569,1540.0727515703604,0.5340717310864436,0.46592826891355643,13.977848067406693,-13.977848067406693,1542.7628116770636,1526.0949035029537,3,1,4,1,0.75,0.8,0.48387096774193544
2025-26,2025-10-30,0022500140,OKC,WAS,1,1568.9667816750505,1472.1228066882816,0.6811267944677484,0.3188732055322516,9.566196165967549,-9.566196165967549,1578.532977841018,1462.556610522314,5,0,1,3,1.0,0.25,0.8
2025-26,2025-10-30,0022500141,SAS,MIA,1,1553.7415207288063,1531.990650801669,0.5809523900856801,0.4190476099143199,12.571428297429597,-12.571428297429597,1566.3129490262359,1519.4192225042395,4,0,3,1,1.0,0.75,0.5714285714285714
2025-26,2025-10-31,0022500020,IND,ATL,0,1445.7791644613635,1489.5866546191064,0.4873277171656023,0.5126722828343977,-14.61983151496807,14.61983151496807,1431.1593329463954,1504.2064861340746,0,4,2,3,0.0,0.4,0.0
2025-26,2025-10-31,0022500021,PHI,BOS,0,1555.4141549628441,1492.1275446400666,0.6377896045023453,0.36221039549765466,-19.13368813507036,19.13368813507036,1536.2804668277738,1511.261232775137,4,0,2,3,1.0,0.4,0.7142857142857143
2025-26,2025-10-31,0022500022,CLE,TOR,0,1518.0818582991544,1457.7635287389085,0.6338330957424531,0.36616690425754694,-19.01499287227359,19.01499287227359,1499.066865426881,1476.778521611182,3,2,1,4,0.6,0.2,0.7499999999999999
2025-26,2025-10-31,0022500023,CHI,NYK,1,1551.6398969053205,1497.9836828358264,0.6248876265165437,0.3751123734834563,11.253371204503688,-11.253371204503688,1562.8932681098242,1486.7303116313226,4,0,2,2,1.0,0.5,0.6666666666666666
2025-26,2025-10-31,0022500024,MEM,LAL,0,1511.0492538255958,1513.76327002414,0.5463299839524253,0.45367001604757473,-16.389899518572758,16.389899518572758,1494.659354307023,1530.1531695427127,3,2,3,2,0.6,0.6,0.5
2025-26,2025-10-31,0022500025,PHX,UTA,1,1456.456875828535,1494.873423892651,0.4950833505777706,0.5049166494222295,15.147499482666884,-15.147499482666884,1471.604375311202,1479.7259244099841,1,4,2,2,0.2,0.5,0.28571428571428575
2025-26,2025-10-31,0022500026,POR,DEN,1,1520.1773738821155,1529.0811398372978,0.5374850335504954,0.4625149664495046,13.875448993485138,-13.875448993485138,1534.0528228756007,1515.2056908438126,3,2,3,1,0.6,0.75,0.4444444444444444
2025-26,2025-10-31,0022500027,LAC,NOP,1,1501.6004993237023,1443.4270204661973,0.6309628474788902,0.3690371525211098,11.071114575633294,-11.071114575633294,1512.6716138993356,1432.355905890564,2,2,0,4,0.5,0.0,1.0
2025-26,2025-11-01,0022500142,MIL,SAC,0,1542.7628116770636,1463.3677711052355,0.6589257782968989,0.3410742217031011,-19.767773348906967,19.767773348906967,1522.9950383281566,1483.1355444541425,4,1,1,4,0.8,0.2,0.8
2025-26,2025-11-01,0022500143,CHA,MIN,0,1484.860808344973,1480.2708254256088,0.5567292457680046,0.44327075423199536,-16.70187737304014,16.70187737304014,1468.158930971933,1496.972702798649,2,3,2,3,0.4,0.4,0.5
2025-26,2025-11-01,0022500144,IND,GSW,1,1431.1593329463954,1526.0949035029537,0.41459133442069107,0.5854086655793089,17.56225996737927,-17.56225996737927,1448.7215929137747,1508.5326435355744,0,5,4,2,0.0,0.6666666666666666,0.0
2025-26,2025-11-01,0022500145,WAS,ORL,0,1462.556610522314,1474.8282538635642,0.5326621558370086,0.4673378441629914,-15.979864675110258,15.979864675110258,1446.5767458472037,1490.8081185386745,1,4,2,4,0.2,0.3333333333333333,0.375
2025-26,2025-11-01,0022500146,BOS,HOU,0,1511.261232775137,1499.142496078879,0.5673966232263987,0.4326033767736013,-17.02189869679196,17.02189869679196,1494.2393340783449,1516.164394775671,3,3,2,2,0.5,0.5,0.5
2025-26,2025-11-01,0022500147,DET,DAL,1,1510.9843924066195,1481.309279291677,0.5920145930132928,0.40798540698670716,12.239562209601214,-12.239562209601214,1523.2239546162207,1469.0697170820758,3,2,2,3,0.6,0.4,0.6
2025-26,2025-11-02,0022500148,OKC,NOP,1,1578.532977841018,1432.355905890564,0.7394167019821621,0.26058329801783786,7.817498940535136,-7.817498940535136,1586.3504767815532,1424.5384069500287,6,0,0,5,1.0,0.0,1.0
2025-26,2025-11-02,0022500149,BKN,PHI,0,1430.7513558667931,1536.2804668277738,0.3998720650565557,0.6001279349434443,-11.99616195169667,11.99616195169667,1418.7551939150965,1548.2766287794705,0,5,4,1,0.0,0.8,0.0
2025-26,2025-11-02,0022500150,CHA,UTA,1,1468.158930971933,1479.7259244099841,0.5336717661013082,0.4663282338986918,13.989847016960756,-13.989847016960756,1482.1487779888937,1465.7360773930234,2,4,2,3,0.3333333333333333,0.4,0.4545454545454545
2025-26,2025-11-02,0022500151,CLE,ATL,1,1499.066865426881,1504.2064861340746,0.5428670454603504,0.45713295453964964,13.71398863618949,-13.71398863618949,1512.7808540630704,1490.492497497885,3,3,3,3,0.5,0.5,0.5
2025-26,2025-11-02,0022500152,TOR,MEM,1,1476.778521611182,1494.659354307023,0.52461654385177,0.47538345614822997,14.261503684446899,-14.261503684446899,1491.040025295629,1480.397850622576,2,4,3,3,0.3333333333333333,0.5,0.4
2025-26,2025-11-02,0022500153,NYK,CHI,1,1486.7303116313226,1562.8932681098242,0.44103736590444687,0.5589626340955531,16.768879022866592,-16.768879022866592,1503.499190654189,1546.1243890869578,2,3,5,0,0.4,1.0,0.28571428571428575
2025-26,2025-11-02,0022500154,PHX,SAS,1,1471.604375311202,1566.3129490262359,0.414908512590415,0.5850914874095849,17.55274462228755,-17.55274462228755,1489.1571199334894,1548.7602044039484,2,4,5,0,0.3333333333333333,1.0,0.25
2025-26,2025-11-02,0022500155,LAL,MIA,1,1530.1531695427127,1519.4192225042395,0.5654389182366156,0.43456108176338437,13.036832452901532,-13.036832452901532,1543.1900019956142,1506.382390051338,4,2,3,2,0.6666666666666666,0.6,0.5263157894736842
2025-26,2025-11-03,0022500156,BKN,MIN,0,1418.7551939150965,1496.972702798649,0.43812381053864224,0.5618761894613578,-13.143714316159267,13.143714316159267,1405.6114795989372,1510.1164171148082,0,6,3,3,0.0,0.5,0.0
2025-26,2025-11-03,0022500157,IND,MIL,0,1448.7215929137747,1522.9950383281566,0.443720470669209,0.556279529330791,-13.31161412007627,13.31161412007627,1435.4099787936984,1536.3066524482329,1,5,4,2,0.16666666666666666,0.6666666666666666,0.2
2025-26,2025-11-03,0022500158,BOS,UTA,0,1494.2393340783449,1465.7360773930234,0.5903842643970993,0.40961573560290065,-17.71152793191298,17.71152793191298,1476.5278061464319,1483.4476053249364,3,4,2,4,0.42857142857142855,0.3333333333333333,0.5625
2025-26,2025-11-03,0022500159,NYK,WAS,1,1503.499190654189,1446.5767458472037,0.6292844043976833,0.3707155956023167,11.121467868069502,-11.121467868069502,1514.6206585222585,1435.4552779791343,3,3,1,5,0.5,0.16666666666666666,0.75
2025-26,2025-11-03,0022500160,HOU,DAL,1,1516.164394775671,1469.0697170820758,0.6159930317998243,0.38400696820017566,11.52020904600527,-11.52020904600527,1527.6846038216763,1457.5495080360706,3,2,2,4,0.6,0.3333333333333333,0.6428571428571428
2025-26,2025-11-03,0022500161,MEM,DET,0,1480.397850622576,1523.2239546162207,0.4887392354768883,0.5112607645231118,-14.662177064306649,14.662177064306649,1465.7356735582694,1537.8861316805273,3,4,4,2,0.42857142857142855,0.6666666666666666,0.391304347826087
2025-26,2025-11-03,0022500162,DEN,SAC,1,1515.2056908438126,1483.1355444541425,0.5953403217577072,0.40465967824229276,12.139790347268782,-12.139790347268782,1527.3454811910813,1470.9957541068738,3,2,2,4,0.6,0.3333333333333333,0.6428571428571428
2025-26,2025-11-03,0022500163,POR,LAL,0,1534.0528228756007,1543.1900019956142,0.5371509962080775,0.4628490037919225,-16.114529886242323,16.114529886242323,1517.9382929893584,1559.3045318818565,4,2,5,2,0.6666666666666666,0.7142857142857143,0.48275862068965514
2025-26,2025-11-03,0022500164,LAC,MIA,0,1512.6716138993356,1506.382390051338,0.5591418127873783,0.4408581872126217,-16.774254383621347,16.774254383621347,1495.8973595157142,1523.1566444349594,3,2,3,3,0.6,0.5,0.5454545454545454
2025-26,2025-11-04,0022500165,TOR,MIL,1,1491.040025295629,1536.3066524482329,0.48522943475412533,0.5147705652458747,15.443116957376242,-15.443116957376242,1506.4831422530053,1520.8635354908565,3,4,5,2,0.42857142857142855,0.7142857142857143,0.375
2025-26,2025-11-04,0022500166,ATL,ORL,1,1490.492497497885,1490.8081185386745,0.5497496756183703,0.4502503243816297,13.507509731448891,-13.507509731448891,1504.000007229334,1477.3006088072257,3,4,3,4,0.42857142857142855,0.42857142857142855,0.5
2025-26,2025-11-04,0022500167,CHI,PHI,1,1546.1243890869578,1548.2766287794705,0.5471313832213787,0.45286861677862134,13.58605850335864,-13.58605850335864,1559.7104475903163,1534.6905702761119,5,1,5,1,0.8333333333333334,0.8333333333333334,0.5
2025-26,2025-11-04,0022500168,NOP,CHA,1,1424.5384069500287,1482.1487779888937,0.4675069183029127,0.5324930816970873,15.97479245091262,-15.97479245091262,1440.5131994009414,1466.173985537981,0,6,3,4,0.0,0.42857142857142855,0.0
2025-26,2025-11-04,0022500169,GSW,PHX,1,1508.5326435355744,1489.1571199334894,0.5776199621699628,0.4223800378300372,12.671401134901116,-12.671401134901116,1521.2040446704755,1476.4857187985883,4,3,3,4,0.5714285714285714,0.42857142857142855,0.5714285714285714
2025-26,2025-11-04,0022500170,LAC,OKC,0,1495.8973595157142,1586.3504767815532,0.4208673620392428,0.5791326379607572,-12.626020861177285,12.626020861177285,1483.271338654537,1598.9764976427305,3,3,7,0,0.5,1.0,0.3333333333333333
2025-26,2025-11-05,0022500171,CLE,PHI,1,1512.7808540630704,1534.6905702761119,0.5188295237445282,0.4811704762554718,14.435114287664154,-14.435114287664154,1527.2159683507346,1520.2554559884477,4,3,5,2,0.5714285714285714,0.7142857142857143,0.4444444444444445
2025-26,2025-11-05,0022500172,DET,UTA,1,1537.8861316805273,1483.4476053249364,0.6259426308555162,0.37405736914448384,11.221721074334516,-11.221721074334516,1549.1078527548618,1472.225884250602,5,2,3,4,0.7142857142857143,0.42857142857142855,0.625
2025-26,2025-11-05,0022500173,IND,BKN,0,1435.4099787936984,1405.6114795989372,0.5921861350271838,0.40781386497281624,-17.765584050815512,17.765584050815512,1417.644394742883,1423.3770636497527,1,6,0,7,0.14285714285714285,0.0,1.0
2025-26,2025-11-05,0022500174,BOS,WAS,1,1476.5278061464319,1435.4552779791343,0.607760596805794,0.392239403194206,11.76718209582618,-11.76718209582618,1488.2949882422581,1423.688095883308,3,5,1,6,0.375,0.14285714285714285,0.7241379310344829
2025-26,2025-11-05,0022500175,NYK,MIN,1,1514.6206585222585,1510.1164171148082,0.5566074388089929,0.4433925611910071,13.301776835730214,-13.301776835730214,1527.9224353579887,1496.814640279078,4,3,4,3,0.5714285714285714,0.5714285714285714,0.5
2025-26,2025-11-05,0022500176,MEM,HOU,0,1465.7356735582694,1527.6846038216763,0.461294961962817,0.538705038037183,-13.83884885888451,13.83884885888451,1451.8968246993848,1541.523452680561,3,5,4,2,0.375,0.6666666666666666,0.36000000000000004
2025-26,2025-11-05,0022500177,DAL,NOP,0,1457.5495080360706,1440.5131994009414,0.5743313019682618,0.42566869803173824,-17.229939059047854,17.229939059047854,1440.3195689770228,1457.7431384599893,2,5,1,6,0.2857142857142857,0.14285714285714285,0.6666666666666666
2025-26,2025-11-05,0022500178,DEN,MIA,1,1527.3454811910813,1523.1566444349594,0.5561593070550175,0.4438406929449825,13.315220788349475,-13.315220788349475,1540.6607019794308,1509.8414236466099,4,2,4,3,0.6666666666666666,0.5714285714285714,0.5384615384615384
2025-26,2025-11-05,0022500179,LAL,SAS,1,1559.3045318818565,1548.7602044039484,0.565170688860961,0.434829311139039,13.04487933417117,-13.04487933417117,1572.3494112160276,1535.7153250697772,6,2,5,1,0.75,0.8333333333333334,0.47368421052631576
2025-26,2025-11-05,0022500180,POR,OKC,1,1517.9382929893584,1598.9764976427305,0.4341307694275071,0.5658692305724928,16.976076917174787,-16.976076917174787,1534.9143699065332,1582.0004207255556,4,3,8,0,0.5714285714285714,1.0,0.36363636363636365
2025-26,2025-11-05,0022500181,SAC,GSW,1,1470.9957541068738,1521.2040446704755,0.47812747853989684,0.5218725214601032,15.656175643803095,-15.656175643803095,1486.651929750677,1505.5478690266723,2,5,5,3,0.2857142857142857,0.625,0.3137254901960784
2025-26,2025-11-06,0022500182,PHX,LAC,1,1476.4857187985883,1483.271338654537,0.5405147357783637,0.45948526422163627,13.784557926649088,-13.784557926649088,1490.2702767252374,1469.486780727888,3,5,3,4,0.375,0.42857142857142855,0.4666666666666667
2025-26,2025-11-07,0022500028,ORL,BOS,1,1477.3006088072257,1488.2949882422581,0.5344919948868462,0.4655080051131538,13.965240153394614,-13.965240153394614,1491.2658489606204,1474.3297480888634,3,5,4,5,0.375,0.4444444444444444,0.4576271186440678
2025-26,2025-11-07,0022500029,WAS,CLE,0,1423.688095883308,1527.2159683507346,0.40263974511125766,0.5973602548887423,-12.07919235333773,12.07919235333773,1411.6089035299703,1539.2951607040723,1,7,5,3,0.125,0.625,0.16666666666666666
2025-26,2025-11-07,0022500030,ATL,TOR,0,1504.000007229334,1506.4831422530053,0.5466593755596831,0.45334062444031686,-16.399781266790495,16.399781266790495,1487.6002259625434,1522.882923519796,4,4,4,4,0.5,0.5,0.5
2025-26,2025-11-07,0022500031,BKN,DET,0,1423.3770636497527,1549.1078527548618,0.3723172836723051,0.6276827163276949,-11.169518510169153,11.169518510169153,1412.2075451395835,1560.277371265031,1,7,6,2,0.125,0.75,0.14285714285714285
2025-26,2025-11-07,0022500032,SAS,HOU,1,1535.7153250697772,1541.523452680561,0.5419119017605912,0.45808809823940877,13.742642947182263,-13.742642947182263,1549.4579680169595,1527.7808097333786,5,2,5,2,0.7142857142857143,0.7142857142857143,0.5
2025-26,2025-11-07,0022500033,MIA,CHA,1,1509.8414236466099,1466.173985537981,0.6113157242484931,0.3886842757515069,11.660528272545207,-11.660528272545207,1521.501951919155,1454.5134572654358,4,4,3,5,0.5,0.375,0.5714285714285714
2025-26,2025-11-07,0022500034,MEM,DAL,1,1451.8968246993848,1440.3195689770228,0.5666313677547892,0.4333686322452108,13.001058967356325,-13.001058967356325,1464.897883666741,1427.3185100096664,3,6,2,6,0.3333333333333333,0.25,0.5714285714285715
2025-26,2025-11-07,0022500035,MIL,CHI,1,1520.8635354908565,1559.7104475903163,0.4944640746914691,0.505535925308531,15.166077759255929,-15.166077759255929,1536.0296132501126,1544.5443698310603,5,3,6,1,0.625,0.8571428571428571,0.4216867469879518
2025-26,2025-11-07,0022500036,MIN,UTA,1,1496.814640279078,1472.225884250602,0.5849240400806074,0.4150759599193926,12.452278797581778,-12.452278797581778,1509.2669190766599,1459.77360545302,4,4,3,5,0.5,0.375,0.5714285714285714
2025-26,2025-11-07,0022500037,DEN,GSW,1,1540.6607019794308,1505.5478690266723,0.5995527492425105,0.40044725075748955,12.013417522724687,-12.013417522724687,1552.6741195021555,1493.5344515039476,5,2,5,4,0.7142857142857143,0.5555555555555556,0.5625
2025-26,2025-11-07,0022500038,SAC,OKC,0,1486.651929750677,1582.0004207255556,0.4140145506121783,0.5859854493878217,-12.42043651836535,12.42043651836535,1474.2314932323118,1594.4208572439209,3,5,8,1,0.375,0.8888888888888888,0.2967032967032967
2025-26,2025-11-08,0022500183,WAS,DAL,0,1411.6089035299703,1427.3185100096664,0.5277326164393608,0.47226738356063924,-15.831978493180824,15.831978493180824,1395.7769250367896,1443.150488502847,1,8,2,7,0.1111111111111111,0.2222222222222222,0.3333333333333333
2025-26,2025-11-08,0022500184,PHI,TOR,1,1520.2554559884477,1522.882923519796,0.5464534652434633,0.4535465347565367,13.606396042696101,-13.606396042696101,1533.8618520311438,1509.2765274770998,5,3,5,4,0.625,0.5555555555555556,0.5294117647058824
2025-26,2025-11-08,0022500185,ATL,LAL,1,1487.6002259625434,1572.3494112160276,0.4288904969680591,0.5711095030319409,17.133285090958225,-17.133285090958225,1504.7335110535016,1555.2161261250694,4,5,7,2,0.4444444444444444,0.7777777777777778,0.3636363636363636
2025-26,2025-11-08,0022500186,CLE,CHI,1,1539.2951607040723,1544.5443698310603,0.5427104900425762,0.4572895099574238,13.718685298722713,-13.718685298722713,1553.013846002795,1530.8256845323376,6,3,6,2,0.6666666666666666,0.75,0.4705882352941177
2025-26,2025-11-08,0022500187,MIA,POR,1,1521.501951919155,1534.9143699065332,0.5310271099315425,0.46897289006845755,14.069186702053727,-14.069186702053727,1535.5711386212088,1520.8451832044796,5,4,5,3,0.5555555555555556,0.625,0.47058823529411764
2025-26,2025-11-08,0022500188,SAS,NOP,1,1549.4579680169595,1457.7431384599893,0.6746800006379744,0.3253199993620256,9.759599980860768,-9.759599980860768,1559.2175679978202,1447.9835384791286,6,2,2,6,0.75,0.25,0.75
2025-26,2025-11-08,0022500189,DEN,IND,1,1552.6741195021555,1417.644394742883,0.7268640444211871,0.2731359555788129,8.194078667364387,-8.194078667364387,1560.86819816952,1409.4503160755185,6,2,1,7,0.75,0.125,0.8571428571428571
2025-26,2025-11-08,0022500190,LAC,PHX,0,1469.486780727888,1490.2702767252374,0.520447783136693,0.47955221686330696,-15.613433494100791,15.613433494100791,1453.8733472337872,1505.8837102193381,3,5,4,5,0.375,0.4444444444444444,0.4576271186440678
2025-26,2025-11-09,0022500191,MIL,HOU,0,1536.0296132501126,1527.7808097333786,0.5619205358445433,0.43807946415545673,-16.8576160753363,16.8576160753363,1519.1719971747762,1544.638425808715,6,3,5,3,0.6666666666666666,0.625,0.5161290322580645
2025-26,2025-11-09,0022500192,NYK,BKN,1,1527.9224353579887,1412.2075451395835,0.7042428652262457,0.2957571347737543,8.87271404321263,-8.87271404321263,1536.7951494012013,1403.3348310963709,5,3,1,8,0.625,0.1111111111111111,0.8490566037735848
2025-26,2025-11-09,0022500193,ORL,BOS,0,1491.2658489606204,1474.3297480888634,0.574190272496984,0.42580972750301604,-17.225708174909517,17.225708174909517,1474.040140785711,1491.5554562637728,4,5,4,6,0.4444444444444444,0.4,0.5263157894736842
2025-26,2025-11-09,0022500194,MEM,OKC,0,1464.897883666741,1594.4208572439209,0.36723015742504833,0.6327698425749517,-11.01690472275145,11.01690472275145,1453.8809789439897,1605.4377619666723,4,6,9,1,0.4,0.9,0.3076923076923077
2025-26,2025-11-09,0022500195,PHI,DET,0,1533.8618520311438,1560.277371265031,0.512351547500231,0.48764845249976896,-15.370546425006932,15.370546425006932,1518.4913056061368,1575.647917690038,6,3,7,2,0.6666666666666666,0.7777777777777778,0.4615384615384615
2025-26,2025-11-09,0022500196,GSW,IND,1,1493.5344515039476,1409.4503160755185,0.6649658875613654,0.33503411243863457,10.051023373159037,-10.051023373159037,1503.5854748771067,1399.3992927023594,5,5,1,8,0.5,0.1111111111111111,0.8181818181818181
2025-26,2025-11-09,0022500197,SAC,MIN,0,1474.2314932323118,1509.2669190766599,0.49994901811198755,0.5000509818880124,-14.998470543359627,14.998470543359627,1459.2330226889521,1524.2653896200195,3,6,5,4,0.3333333333333333,0.5555555555555556,0.375
2025-26,2025-11-10,0022500198,CHA,LAL,0,1454.5134572654358,1555.2161261250694,0.4065574979115429,0.5934425020884571,-12.196724937346287,12.196724937346287,1442.3167323280895,1567.4128510624157,3,6,7,3,0.3333333333333333,0.7,0.32258064516129037
2025-26,2025-11-10,0022500199,DET,WAS,1,1575.647917690038,1395.7769250367896,0.7750234062509928,0.22497659374900725,6.749297812470218,-6.749297812470218,1582.397215502508,1389.0276272243195,8,2,1,9,0.8,0.1,0.888888888888889
2025-26,2025-11-10,0022500200,ORL,POR,1,1474.040140785711,1520.8451832044796,0.48301771305059493,0.5169822869494051,15.509468608482152,-15.509468608482152,1489.549609394193,1505.3357145959974,4,6,5,4,0.4,0.5555555555555556,0.4186046511627907
2025-26,2025-11-10,0022500201,MIA,CLE,1,1535.5711386212088,1553.013846002795,0.5252454891831876,0.4747545108168124,14.242635324504372,-14.242635324504372,1549.8137739457131,1538.7712106782906,6,4,7,3,0.6,0.7,0.46153846153846156
2025-26,2025-11-10,0022500202,CHI,SAS,0,1530.8256845323376,1559.2175679978202,0.5095086975825379,0.4904913024174621,-15.285260927476138,15.285260927476138,1515.5404236048614,1574.5028289252964,6,3,7,2,0.6666666666666666,0.7777777777777778,0.4615384615384615
2025-26,2025-11-10,0022500203,DAL,MIL,0,1443.150488502847,1519.1719971747762,0.4412381045104673,0.5587618954895327,-13.23714313531402,13.23714313531402,1429.913345367533,1532.4091403100902,3,7,6,4,0.3,0.6,0.33333333333333337
2025-26,2025-11-10,0022500204,PHX,NOP,1,1505.8837102193381,1447.9835384791286,0.630596435283878,0.369403564716122,11.08210694148366,-11.08210694148366,1516.9658171608219,1436.9014315376448,5,5,2,7,0.5,0.2222222222222222,0.6923076923076923
2025-26,2025-11-10,0022500205,UTA,MIN,0,1459.77360545302,1524.2653896200195,0.4576595542730861,0.5423404457269139,-13.729786628192583,13.729786628192583,1446.0438188248274,1537.9951762482121,3,6,6,4,0.3333333333333333,0.6,0.3571428571428571
2025-26,2025-11-10,0022500206,LAC,ATL,0,1453.8733472337872,1504.7335110535016,0.4771912306713827,0.5228087693286173,-14.31573692014148,14.31573692014148,1439.5576103136457,1519.049247973643,3,6,5,5,0.3333333333333333,0.5,0.4
2025-26,2025-11-11,0022500207,BKN,TOR,0,1403.3348310963709,1509.2765274770998,0.39930225381611345,0.6006977461838865,-11.979067614483403,11.979067614483403,1391.3557634818874,1521.2555950915832,1,9,5,5,0.1,0.5,0.16666666666666669
2025-26,2025-11-11,0022500208,NYK,MEM,1,1536.7951494012013,1453.8809789439897,0.6634637901865426,0.33653620981345744,10.096086294403722,-10.096086294403722,1546.891235695605,1443.784892649586,6,3,4,7,0.6666666666666666,0.36363636363636365,0.6470588235294118
2025-26,2025-11-11,0022500209,PHI,BOS,1,1518.4913056061368,1491.5554562637728,0.5882005273188352,0.4117994726811648,12.353984180434944,-12.353984180434944,1530.8452897865718,1479.2014720833379,6,4,5,6,0.6,0.45454545454545453,0.5689655172413793
2025-26,2025-11-11,0022500210,OKC,GSW,1,1605.4377619666723,1503.5854748771067,0.6873555488157161,0.31264445118428386,9.379333535528517,-9.379333535528517,1614.8170955022008,1494.2061413415781,10,1,6,5,0.9090909090909091,0.5454545454545454,0.625
2025-26,2025-11-11,0022500211,UTA,IND,1,1446.0438188248274,1399.3992927023594,0.6153798917499887,0.38462010825001125,11.538603247500337,-11.538603247500337,1457.5824220723277,1387.860689454859,3,7,1,9,0.3,0.1,0.7499999999999999
2025-26,2025-11-11,0022500212,SAC,DEN,0,1459.2330226889521,1560.86819816952,0.4052630355823422,0.5947369644176578,-12.157891067470267,12.157891067470267,1447.075131621482,1573.0260892369902,3,7,7,2,0.3,0.7777777777777778,0.27835051546391754
2025-26,2025-11-12,0022500213,CHA,MIL,1,1442.3167323280895,1532.4091403100902,0.42137354499318574,0.5786264550068143,17.35879365020443,-17.35879365020443,1459.675525978294,1515.0503466598857,3,7,7,4,0.3,0.6363636363636364,0.32038834951456313
2025-26,2025-11-12,0022500214,DET,CHI,1,1582.397215502508,1515.5404236048614,0.6425237435465733,0.35747625645342673,10.724287693602802,-10.724287693602802,1593.1215031961108,1504.8161359112587,9,2,6,4,0.8181818181818182,0.6,0.576923076923077
2025-26,2025-11-12,0022500215,NYK,ORL,0,1546.891235695605,1489.549609394193,0.6298471472024783,0.37015285279752175,-18.89541441607435,18.89541441607435,1527.9958212795307,1508.4450238102675,7,3,5,6,0.7,0.45454545454545453,0.6062992125984251
2025-26,2025-11-12,0022500216,BOS,MEM,1,1479.2014720833379,1443.784892649586,0.5999724734006332,0.4000275265993668,12.000825797981005,-12.000825797981005,1491.2022978813188,1431.784066851605,5,7,4,8,0.4166666666666667,0.3333333333333333,0.5555555555555556
2025-26,2025-11-12,0022500217,MIA,CLE,0,1549.8137739457131,1538.7712106782906,0.5658753942519015,0.4341246057480985,-16.976261827557046,16.976261827557046,1532.8375121181562,1555.7474725058476,7,4,7,4,0.6363636363636364,0.6363636363636364,0.5
2025-26,2025-11-12,0022500218,HOU,WAS,1,1544.638425808715,1389.0276272243195,0.749743350330706,0.25025664966929395,7.507699490078819,-7.507699490078819,1552.1461252987938,1381.5199277342408,6,3,1,10,0.6666666666666666,0.09090909090909091,0.88
2025-26,2025-11-12,0022500219,NOP,POR,0,1436.9014315376448,1505.3357145959974,0.4520321765805134,0.5479678234194866,-13.560965297415402,13.560965297415402,1423.3404662402295,1518.8966798934127,2,8,5,5,0.2,0.5,0.28571428571428575
2025-26,2025-11-12,0022500220,SAS,GSW,0,1574.5028289252964,1494.2061413415781,0.6600912951998085,0.33990870480019153,-19.802738855994253,19.802738855994253,1554.7000900693022,1514.0088801975724,8,2,6,6,0.8,0.5,0.6153846153846154
2025-26,2025-11-12,0022500221,DAL,PHX,0,1429.913345367533,1516.9658171608219,0.4256459516083886,0.5743540483916114,-12.769378548251657,12.769378548251657,1417.1439668192816,1529.7351957090734,3,8,6,5,0.2727272727272727,0.5454545454545454,0.3333333333333333
2025-26,2025-11-12,0022500222,OKC,LAL,1,1614.8170955022008,1567.4128510624157,0.6164144710976819,0.3835855289023181,11.507565867069543,-11.507565867069543,1626.3246613692704,1555.905285195346,11,1,8,3,0.9166666666666666,0.7272727272727273,0.5576036866359446
2025-26,2025-11-12,0022500223,SAC,ATL,0,1447.075131621482,1519.049247973643,0.4469899354080383,0.5530100645919618,-13.409698062241148,13.409698062241148,1433.6654335592407,1532.4589460358843,3,8,6,5,0.2727272727272727,0.5454545454545454,0.3333333333333333
2025-26,2025-11-12,0022500224,LAC,DEN,0,1439.5576103136457,1573.0260892369902,0.36196857724148024,0.6380314227585198,-10.859057317244407,10.859057317244407,1428.6985529964013,1583.8851465542346,3,7,8,2,0.3,0.8,0.2727272727272727
2025-26,2025-11-13,0022500225,CLE,TOR,0,1555.7474725058476,1521.2555950915832,0.598694243850697,0.401305756149303,-17.96082731552091,17.96082731552091,1537.7866451903267,1539.2164224071041,8,4,6,5,0.6666666666666666,0.5454545454545454,0.55
2025-26,2025-11-13,0022500226,PHX,IND,1,1529.7351957090734,1387.860689454859,0.7346162775364602,0.2653837224635398,7.961511673906195,-7.961511673906195,1537.6967073829796,1379.8991777809529,7,5,1,10,0.5833333333333334,0.09090909090909091,0.8651685393258427
2025-26,2025-11-13,0022500227,UTA,ATL,0,1457.5824220723277,1532.4589460358843,0.44286373501304555,0.5571362649869545,-13.285912050391367,13.285912050391367,1444.2965100219365,1545.7448580862756,4,7,7,5,0.36363636363636365,0.5833333333333334,0.384
2025-26,2025-11-14,0022500039,NYK,MIA,1,1527.9958212795307,1532.8375121181562,0.5432926181185249,0.4567073818814751,13.701221456444252,-13.701221456444252,1541.697042735975,1519.1362906617119,7,4,7,5,0.6363636363636364,0.5833333333333334,0.5217391304347826
2025-26,2025-11-14,0022500040,ORL,BKN,1,1508.4450238102675,1391.3557634818874,0.7058880460033562,0.2941119539966438,8.823358619899315,-8.823358619899315,1517.2683824301669,1382.532404861988,6,6,1,10,0.5,0.09090909090909091,0.8461538461538461
2025-26,2025-11-14,0022500041,DET,PHI,1,1593.1215031961108,1530.8452897865718,0.6364448809091957,0.3635551190908043,10.906653572724128,-10.906653572724128,1604.0281567688348,1519.9386362138478,10,2,7,4,0.8333333333333334,0.6363636363636364,0.5670103092783505
2025-26,2025-11-14,0022500042,HOU,POR,1,1552.1461252987938,1518.8966798934127,0.5969746986012219,0.4030253013987781,12.090759041963343,-12.090759041963343,1564.2368843407571,1506.8059208514494,7,3,6,5,0.7,0.5454545454545454,0.5620437956204379
2025-26,2025-11-14,0022500043,MIL,CHA,1,1515.0503466598857,1459.675525978294,0.627203717963067,0.37279628203693305,11.18388846110799,-11.18388846110799,1526.2342351209936,1448.491637517186,7,5,4,7,0.5833333333333334,0.36363636363636365,0.616
2025-26,2025-11-14,0022500044,MIN,SAC,1,1537.9951762482121,1433.6654335592407,0.6904120709080084,0.3095879290919916,9.287637872759749,-9.287637872759749,1547.2828141209718,1424.377795686481,7,4,3,9,0.6363636363636364,0.25,0.717948717948718
2025-26,2025-11-14,0022500045,NOP,LAL,0,1423.3404662402295,1555.905285195346,0.3631707991706545,0.6368292008293455,-10.895123975119635,10.895123975119635,1412.44534226511,1566.8004091704656,2,9,8,4,0.18181818181818182,0.6666666666666666,0.2142857142857143
2025-26,2025-11-14,0022500046,DAL,LAC,0,1417.1439668192816,1428.6985529964013,0.5336895405650247,0.4663104594349753,-16.01068621695074,16.01068621695074,1401.1332806023308,1444.709239213352,3,9,3,8,0.25,0.2727272727272727,0.4782608695652174
2025-26,2025-11-14,0022500047,SAS,GSW,0,1554.7000900693022,1514.0088801975724,0.6072372016903942,0.3927627983096058,-18.217116050711827,18.217116050711827,1536.4829740185903,1532.2259962482842,8,3,7,6,0.7272727272727273,0.5384615384615384,0.574585635359116
2025-26,2025-11-15,0022500228,CLE,MEM,1,1537.7866451903267,1431.784066851605,0.6924665533143752,0.30753344668562477,9.226003400568743,-9.226003400568743,1547.0126485908954,1422.5580634510363,8,5,4,9,0.6153846153846154,0.3076923076923077,0.6666666666666666
2025-26,2025-11-15,0022500229,CHA,OKC,0,1448.491637517186,1626.3246613692704,0.3052941079458237,0.6947058920541763,-9.15882323837471,9.15882323837471,1439.3328142788114,1635.483484607645,4,8,12,1,0.3333333333333333,0.9230769230769231,0.2653061224489796
2025-26,2025-11-15,0022500230,IND,TOR,0,1379.8991777809529,1539.2164224071041,0.3283565440451882,0.6716434559548118,-9.850696321355647,9.850696321355647,1370.0484814595973,1549.0671187284597,1,11,7,5,0.08333333333333333,0.5833333333333334,0.12499999999999999
2025-26,2025-11-15,0022500231,MIL,LAL,0,1526.2342351209936,1566.8004091704656,0.49199031688448114,0.5080096831155189,-14.759709506534435,14.759709506534435,1511.4745256144593,1581.560118677,8,5,9,4,0.6153846153846154,0.6923076923076923,0.47058823529411764
2025-26,2025-11-15,0022500232,MIN,DEN,0,1547.2828141209718,1583.8851465542346,0.49769407461429754,0.5023059253857025,-14.930822238428926,14.930822238428926,1532.351991882543,1598.8159687926634,8,4,9,2,0.6666666666666666,0.8181818181818182,0.44897959183673464
2025-26,2025-11-16,0022500233,BOS,LAC,1,1491.2022978813188,1444.709239213352,0.6151734992191386,0.38482650078086145,11.544795023425843,-11.544795023425843,1502.7470929047447,1433.1644441899261,6,7,4,8,0.46153846153846156,0.3333333333333333,0.5806451612903226
2025-26,2025-11-16,0022500234,SAS,SAC,1,1536.4829740185903,1424.377795686481,0.6998965892703441,0.30010341072965585,9.003102321889676,-9.003102321889676,1545.48607634048,1415.3746933645914,8,4,3,10,0.6666666666666666,0.23076923076923078,0.7428571428571429
2025-26,2025-11-16,0022500235,WAS,BKN,0,1381.5199277342408,1382.532404861988,0.5487565506321987,0.45124344936780125,-16.462696518965963,16.462696518965963,1365.057231215275,1398.9951013809539,1,11,1,11,0.08333333333333333,0.08333333333333333,0.5
2025-26,2025-11-16,0022500236,HOU,ORL,1,1564.2368843407571,1517.2683824301669,0.6158212080543728,0.3841787919456272,11.525363758368815,-11.525363758368815,1575.7622480991258,1505.7430186717982,8,3,7,6,0.7272727272727273,0.5384615384615384,0.574585635359116
2025-26,2025-11-16,0022500237,NOP,GSW,0,1412.44534226511,1532.2259962482842,0.38035618577322156,0.6196438142267784,-11.410685573196647,11.410685573196647,1401.0346566919134,1543.6366818214808,2,10,8,6,0.16666666666666666,0.5714285714285714,0.22580645161290325
2025-26,2025-11-16,0022500238,DAL,POR,1,1401.1332806023308,1506.8059208514494,0.39967380958353926,0.6003261904164607,18.009785712493823,-18.009785712493823,1419.1430663148246,1488.7961351389556,3,10,6,6,0.23076923076923078,0.5,0.3157894736842105
2025-26,2025-11-16,0022500239,PHX,ATL,0,1537.6967073829796,1545.7448580862756,0.5387092136883679,0.4612907863116321,-16.161276410651038,16.161276410651038,1521.5354309723286,1561.9061344969266,8,5,8,5,0.6153846153846154,0.6153846153846154,0.5
2025-26,2025-11-16,0022500240,UTA,CHI,1,1444.2965100219365,1504.8161359112587,0.46334021027644384,0.5366597897235561,16.099793691706683,-16.099793691706683,1460.3963037136432,1488.716342219552,4,8,6,5,0.3333333333333333,0.5454545454545454,0.37931034482758624
2025-26,2025-11-17,0022500241,CLE,MIL,1,1547.0126485908954,1511.4745256144593,0.6001403841100095,0.3998596158899905,11.995788476699715,-11.995788476699715,1559.0084370675952,1499.4787371377595,9,5,8,6,0.6428571428571429,0.5714285714285714,0.5294117647058824
2025-26,2025-11-17,0022500242,DET,IND,1,1604.0281567688348,1370.0484814595973,0.8246783980102105,0.17532160198978952,5.259648059693686,-5.259648059693686,1609.2878048285286,1364.7888333999035,11,2,1,12,0.8461538461538461,0.07692307692307693,0.9166666666666666
2025-26,2025-11-17,0022500243,PHI,LAC,1,1519.9386362138478,1433.1644441899261,0.6684069206519876,0.3315930793480124,9.947792380440372,-9.947792380440372,1529.8864285942882,1423.2166518094857,7,5,4,9,0.5833333333333334,0.3076923076923077,0.6546762589928058
2025-26,2025-11-17,0022500244,MIA,NYK,1,1519.1362906617119,1541.697042735975,0.5178938716333381,0.4821061283666619,14.463183850999856,-14.463183850999856,1533.5994745127118,1527.233858884975,7,6,8,4,0.5384615384615384,0.6666666666666666,0.44680851063829785
2025-26,2025-11-17,0022500245,TOR,CHA,1,1549.0671187284597,1439.3328142788114,0.6970221797545094,0.3029778202454906,9.089334607364718,-9.089334607364718,1558.1564533358244,1430.2434796714467,8,5,4,9,0.6153846153846154,0.3076923076923077,0.6666666666666666
2025-26,2025-11-17,0022500246,MIN,DAL,1,1532.351991882543,1419.1430663148246,0.7012294274881814,0.2987705725118186,8.963117175354558,-8.963117175354558,1541.3151090578974,1410.1799491394702,8,5,4,10,0.6153846153846154,0.2857142857142857,0.6829268292682927
2025-26,2025-11-17,0022500247,NOP,OKC,0,1401.0346566919134,1635.483484607645,0.24083268687661766,0.7591673131233824,-7.22498060629853,7.22498060629853,1393.809676085615,1642.7084652139436,2,11,13,1,0.15384615384615385,0.9285714285714286,0.14213197969543145
2025-26,2025-11-17,0022500248,DEN,CHI,0,1598.8159687926634,1488.716342219552,0.6974661041799296,0.3025338958200704,-20.92398312539789,20.92398312539789,1577.8919856672655,1509.6403253449498,10,2,6,6,0.8333333333333334,0.5,0.625
2025-26,2025-11-18,0022500249,ORL,GSW,1,1505.7430186717982,1543.6366818214808,0.4958357802644201,0.5041642197355799,15.124926592067396,-15.124926592067396,1520.8679452638655,1528.5117552294134,7,7,9,6,0.5,0.6,0.45454545454545453
2025-26,2025-11-18,0022500250,BKN,BOS,0,1398.9951013809539,1502.7470929047447,0.40232948007254027,0.5976705199274597,-12.069884402176209,12.069884402176209,1386.9252169787776,1514.816977306921,2,11,7,7,0.15384615384615385,0.5,0.23529411764705882
2025-26,2025-11-18,0022500251,ATL,DET,0,1561.9061344969266,1609.2878048285286,0.48218888355039,0.51781111644961,-14.4656665065117,14.4656665065117,1547.4404679904148,1623.7534713350403,9,5,12,2,0.6428571428571429,0.8571428571428571,0.4285714285714286
2025-26,2025-11-18,0022500252,SAS,MEM,1,1545.48607634048,1422.5580634510363,0.7128173353859185,0.2871826646140815,8.615479938422444,-8.615479938422444,1554.1015562789023,1413.942583512614,9,4,4,10,0.6923076923076923,0.2857142857142857,0.7078651685393258
2025-26,2025-11-18,0022500253,LAL,UTA,1,1581.560118677,1460.3963037136432,0.7107339223210903,0.28926607767890966,8.67798233036729,-8.67798233036729,1590.2381010073673,1451.718321383276,10,4,5,8,0.7142857142857143,0.38461538461538464,0.6499999999999999
2025-26,2025-11-18,0022500254,POR,PHX,0,1488.7961351389556,1521.5354309723286,0.5032533689066069,0.4967466310933931,-15.097601067198207,15.097601067198207,1473.6985340717574,1536.6330320395268,6,7,8,6,0.46153846153846156,0.5714285714285714,0.44680851063829796
2025-26,2025-11-19,0022500255,CLE,HOU,0,1559.0084370675952,1575.7622480991258,0.5262342630205205,0.47376573697947955,-15.787027890615613,15.787027890615613,1543.2214091769795,1591.5492759897415,10,5,9,3,0.6666666666666666,0.75,0.4705882352941177
2025-26,2025-11-19,0022500256,IND,CHA,1,1364.7888333999035,1430.2434796714467,0.45628414705494796,0.5437158529450521,16.311475588351563,-16.311475588351563,1381.1003089882552,1413.932004083095,1,13,4,10,0.07142857142857142,0.2857142857142857,0.2
2025-26,2025-11-19,0022500257,MIA,GSW,1,1533.5994745127118,1528.5117552294134,0.5574362097710478,0.4425637902289522,13.276913706868566,-13.276913706868566,1546.8763882195803,1515.234841522545,8,6,9,7,0.5714285714285714,0.5625,0.5039370078740157
2025-26,2025-11-19,0022500258,PHI,TOR,0,1529.8864285942882,1558.1564533358244,0.5096840017826948,0.4903159982173052,-15.290520053480844,15.290520053480844,1514.5959085408074,1573.4469733893052,8,5,9,5,0.6153846153846154,0.6428571428571429,0.48908296943231444
2025-26,2025-11-19,0022500259,MIN,WAS,1,1541.3151090578974,1365.057231215275,0.7713761587979727,0.22862384120202728,6.858715236060818,-6.858715236060818,1548.1738242939582,1358.198515979214,9,5,1,12,0.6428571428571429,0.07692307692307693,0.8931297709923663
2025-26,2025-11-19,0022500260,NOP,DEN,0,1393.809676085615,1577.8919856672655,0.2977183227885171,0.7022816772114828,-8.931549683655513,8.931549683655513,1384.8781264019594,1586.823535350921,2,12,10,3,0.14285714285714285,0.7692307692307693,0.15662650602409636
2025-26,2025-11-19,0022500261,OKC,SAC,1,1642.7084652139436,1415.3746933645914,0.8190781871433481,0.18092181285665188,5.427654385699556,-5.427654385699556,1648.136119599643,1409.947038978892,14,1,3,11,0.9333333333333333,0.21428571428571427,0.8132780082987553
2025-26,2025-11-19,0022500262,DAL,NYK,0,1410.1799491394702,1527.233858884975,0.3840624820409498,0.6159375179590503,-11.521874461228494,11.521874461228494,1398.6580746782417,1538.7557333462034,4,11,8,5,0.26666666666666666,0.6153846153846154,0.3023255813953488
2025-26,2025-11-19,0022500263,POR,CHI,0,1473.6985340717574,1509.6403253449498,0.49864465672814356,0.5013553432718565,-14.959339701844307,14.959339701844307,1458.739194369913,1524.5996650467941,6,8,7,6,0.42857142857142855,0.5384615384615384,0.44318181818181823
2025-26,2025-11-20,0022500264,ORL,LAC,1,1520.8679452638655,1423.2166518094857,0.6821353048710698,0.31786469512893023,9.535940853867906,-9.535940853867906,1530.4038861177335,1413.6807109556178,8,7,4,10,0.5333333333333333,0.2857142857142857,0.6511627906976745
2025-26,2025-11-20,0022500265,MEM,SAC,1,1413.942583512614,1409.947038978892,0.5558846292947339,0.4441153707052661,13.323461121157983,-13.323461121157983,1427.266044633772,1396.6235778577338,4,11,3,12,0.26666666666666666,0.2,0.5714285714285714
2025-26,2025-11-20,0022500266,MIL,PHI,0,1499.4787371377595,1514.5959085408074,0.5285824949680372,0.4714175050319628,-15.857474849041116,15.857474849041116,1483.6212622887183,1530.4533833898486,8,7,8,6,0.5333333333333333,0.5714285714285714,0.48275862068965514
2025-26,2025-11-20,0022500267,SAS,ATL,1,1554.1015562789023,1547.4404679904148,0.5596694143641814,0.4403305856358186,13.209917569074559,-13.209917569074559,1567.311473847977,1534.2305504213402,10,4,9,6,0.7142857142857143,0.6,0.5434782608695652
2025-26,2025-11-21,0022500048,CLE,IND,1,1543.2214091769795,1381.1003089882552,0.7567089553336349,0.24329104466636509,7.298731339990953,-7.298731339990953,1550.5201405169705,1373.8015776482641,10,6,2,13,0.625,0.13333333333333333,0.8241758241758242
2025-26,2025-11-21,0022500049,BOS,BKN,0,1514.816977306921,1386.9252169787776,0.7186308604239346,0.28136913957606535,-21.55892581271804,21.55892581271804,1493.2580514942028,1408.4841427914957,8,7,2,12,0.5333333333333333,0.14285714285714285,0.7887323943661971
2025-26,2025-11-21,0022500050,TOR,WAS,1,1573.4469733893052,1358.198515979214,0.8085391758786207,0.19146082412137932,5.74382472364138,-5.74382472364138,1579.1907981129466,1352.4546912555727,10,5,1,13,0.6666666666666666,0.07142857142857142,0.903225806451613
2025-26,2025-11-21,0022500051,CHI,MIA,0,1524.5996650467941,1546.8763882195803,0.5183020865337596,0.48169791346624036,-15.549062596012789,15.549062596012789,1509.0506024507813,1562.4254508155932,8,6,9,6,0.5714285714285714,0.6,0.48780487804878053
2025-26,2025-11-21,0022500052,DAL,NOP,1,1398.6580746782417,1384.8781264019594,0.5697423324837567,0.4302576675162433,12.907730025487298,-12.907730025487298,1411.565804703729,1371.970396376472,4,12,2,13,0.25,0.13333333333333333,0.6521739130434783
2025-26,2025-11-21,0022500053,PHX,MIN,1,1536.6330320395268,1548.1738242939582,0.5337093014400354,0.46629069855996463,13.98872095679894,-13.98872095679894,1550.6217529963258,1534.1851033371593,9,6,10,5,0.6,0.6666666666666666,0.4736842105263158
2025-26,2025-11-21,0022500054,HOU,DEN,0,1591.5492759897415,1586.823535350921,0.5569220932935058,0.44307790670649416,-16.707662798805174,16.707662798805174,1574.8416131909364,1603.5311981497262,10,3,11,3,0.7692307692307693,0.7857142857142857,0.49469964664310956
2025-26,2025-11-21,0022500055,UTA,OKC,0,1451.718321383276,1648.136119599643,0.2830879505396616,0.7169120494603384,-8.49263851618985,8.49263851618985,1443.225682867086,1656.6287581158329,5,9,15,1,0.35714285714285715,0.9375,0.27586206896551724
2025-26,2025-11-21,0022500056,GSW,POR,0,1515.234841522545,1458.739194369913,0.6287110762081219,0.37128892379187806,-18.86133228624366,18.86133228624366,1496.3735092363013,1477.6005266561567,9,8,6,9,0.5294117647058824,0.4,0.569620253164557
2025-26,2025-11-22,0022500268,CHA,LAC,0,1413.932004083095,1413.6807109556178,0.5505573217836278,0.4494426782163722,-16.516719653508833,16.516719653508833,1397.4152844295863,1430.1974306091265,4,11,4,11,0.26666666666666666,0.26666666666666666,0.5
2025-26,2025-11-22,0022500269,ORL,NYK,1,1530.4038861177335,1538.7557333462034,0.5382747495006973,0.4617252504993027,13.85175751497908,-13.85175751497908,1544.2556436327125,1524.9039758312244,9,7,9,5,0.5625,0.6428571428571429,0.4666666666666667
2025-26,2025-11-22,0022500270,NOP,ATL,0,1371.970396376472,1534.2305504213402,0.3246313774107511,0.6753686225892489,-9.738941322322534,9.738941322322534,1362.2314550541496,1543.9694917436627,2,14,9,7,0.125,0.5625,0.18181818181818182
2025-26,2025-11-22,0022500271,CHI,WAS,1,1509.0506024507813,1352.4546912555727,0.7508058383323392,0.24919416166766084,7.475824850029825,-7.475824850029825,1516.526427300811,1344.978866405543,8,7,1,14,0.5333333333333333,0.06666666666666667,0.888888888888889
2025-26,2025-11-22,0022500272,MIL,DET,0,1483.6212622887183,1623.7534713350403,0.3531572846345627,0.6468427153654372,-10.594718539036881,10.594718539036881,1473.0265437496814,1634.3481898740772,8,8,13,2,0.5,0.8666666666666667,0.36585365853658536
2025-26,2025-11-22,0022500273,DAL,MEM,0,1411.565804703729,1427.266044633772,0.5277460544993904,0.4722539455006096,-15.832381634981711,15.832381634981711,1395.7334230687475,1443.0984262687537,5,12,5,11,0.29411764705882354,0.3125,0.4848484848484848
2025-26,2025-11-22,0022500274,DEN,SAC,0,1603.5311981497262,1396.6235778577338,0.8009961869207068,0.19900381307929316,-24.029885607621207,24.029885607621207,1579.5013125421049,1420.6534634653551,12,3,3,13,0.8,0.1875,0.810126582278481
2025-26,2025-11-23,0022500275,PHI,MIA,0,1530.4533833898486,1562.4254508155932,0.5043574349358048,0.49564256506419524,-15.130723048074143,15.130723048074143,1515.3226603417745,1577.5561738636673,9,6,10,6,0.6,0.625,0.48979591836734687
2025-26,2025-11-23,0022500276,ATL,CHA,1,1543.9694917436627,1397.4152844295863,0.7398347854016865,0.26016521459831354,7.804956437949406,-7.804956437949406,1551.7744481816121,1389.610327991637,10,7,4,12,0.5882352941176471,0.25,0.7017543859649122
2025-26,2025-11-23,0022500277,BOS,ORL,1,1493.2580514942028,1544.2556436327125,0.4769938705563153,0.5230061294436847,15.690183883310542,-15.690183883310542,1508.9482353775134,1528.565459749402,8,8,10,7,0.5,0.5882352941176471,0.45945945945945943
2025-26,2025-11-23,0022500278,CLE,LAC,1,1550.5201405169705,1430.1974306091265,0.7097374781017503,0.29026252189824975,8.707875656947493,-8.707875656947493,1559.228016173918,1421.489554952179,11,6,5,11,0.6470588235294118,0.3125,0.6743295019157088
2025-26,2025-11-23,0022500279,TOR,BKN,1,1579.1907981129466,1408.4841427914957,0.7656918536506093,0.23430814634939068,7.02924439048172,-7.02924439048172,1586.2200425034282,1401.4548984010141,11,5,3,12,0.6875,0.2,0.7746478873239437
2025-26,2025-11-23,0022500280,OKC,POR,1,1656.6287581158329,1477.6005266561567,0.7741763907382851,0.22582360926171485,6.774708277851445,-6.774708277851445,1663.4034663936843,1470.8258183783053,16,1,7,9,0.9411764705882353,0.4375,0.6826666666666666
2025-26,2025-11-23,0022500281,PHX,SAS,1,1550.6217529963258,1567.311473847977,0.5263262413992537,0.47367375860074634,14.21021275802239,-14.21021275802239,1564.8319657543482,1553.1012610899545,10,6,11,4,0.625,0.7333333333333333,0.460122699386503
2025-26,2025-11-23,0022500282,UTA,LAL,0,1443.225682867086,1590.2381010073673,0.3441633587742134,0.6558366412257866,-10.324900763226402,10.324900763226402,1432.9007821038597,1600.5630017705937,5,10,11,4,0.3333333333333333,0.7333333333333333,0.3125
2025-26,2025-11-24,0022500283,IND,DET,0,1373.8015776482641,1634.3481898740772,0.2144427277401245,0.7855572722598755,-6.433281832203734,6.433281832203734,1367.3682958160605,1640.7814717062809,2,14,14,2,0.125,0.875,0.125
2025-26,2025-11-24,0022500284,TOR,CLE,1,1586.2200425034282,1559.228016173918,0.5882788545808941,0.41172114541910587,12.351634362573176,-12.351634362573176,1598.5716768660013,1546.8763818113448,12,5,12,6,0.7058823529411765,0.6666666666666666,0.5142857142857143
2025-26,2025-11-24,0022500285,BKN,NYK,0,1401.4548984010141,1524.9039758312244,0.3753919112968618,0.6246080887031382,-11.261757338905854,11.261757338905854,1390.1931410621082,1536.1657331701304,3,13,9,6,0.1875,0.6,0.2380952380952381
2025-26,2025-11-24,0022500286,MIA,DAL,1,1577.5561738636673,1395.7334230687475,0.7769763485843305,0.2230236514156695,6.690709542470085,-6.690709542470085,1584.2468834061374,1389.0427135262773,11,6,5,13,0.6470588235294118,0.2777777777777778,0.6996466431095406
2025-26,2025-11-24,0022500287,MEM,DEN,0,1443.0984262687537,1579.5013125421049,0.35807662669501306,0.6419233733049869,-10.742298800850392,10.742298800850392,1432.3561274679032,1590.2436113429553,6,11,12,4,0.35294117647058826,0.75,0.32
2025-26,2025-11-24,0022500288,MIL,POR,0,1473.0265437496814,1470.8258183783053,0.5533324932059979,0.44666750679400213,-16.599974796179936,16.599974796179936,1456.4265689535014,1487.425793174485,8,9,7,10,0.47058823529411764,0.4117647058823529,0.5333333333333333
2025-26,2025-11-24,0022500289,NOP,CHI,1,1362.2314550541496,1516.526427300811,0.33476377664677404,0.665236223353226,19.95708670059678,-19.95708670059678,1382.1885417547464,1496.5693406002142,2,15,9,7,0.11764705882352941,0.5625,0.17297297297297295
2025-26,2025-11-24,0022500290,PHX,HOU,0,1564.8319657543482,1574.8416131909364,0.5359021147779858,0.46409788522201423,-16.077063443339572,16.077063443339572,1548.7549023110087,1590.918676634276,11,6,10,4,0.6470588235294118,0.7142857142857143,0.47530864197530864
2025-26,2025-11-24,0022500291,GSW,UTA,1,1496.3735092363013,1432.9007821038597,0.6380370704771863,0.3619629295228137,10.858887885684412,-10.858887885684412,1507.2323971219857,1422.0418942181752,9,9,5,11,0.5,0.3125,0.6153846153846154
2025-26,2025-11-24,0022500292,SAC,MIN,1,1420.6534634653551,1534.1851033371593,0.38887003486838523,0.6111299651316148,18.33389895394844,-18.33389895394844,1438.9873624193035,1515.8512043832109,4,13,10,6,0.23529411764705882,0.625,0.2735042735042735
2025-26,2025-11-25,0022500057,WAS,ATL,1,1344.978866405543,1551.7744481816121,0.2711225132629118,0.7288774867370882,21.866324602112645,-21.866324602112645,1366.8451910076556,1529.9081235794995,1,15,11,7,0.0625,0.6111111111111112,0.09278350515463916
2025-26,2025-11-25,0022500058,PHI,ORL,0,1515.3226603417745,1528.565459749402,0.531270263338983,0.468729736661017,-15.93810790016949,15.93810790016949,1499.384552441605,1544.5035676495716,9,7,10,8,0.5625,0.5555555555555556,0.5031055900621118
2025-26,2025-11-25,0022500059,LAL,LAC,1,1600.5630017705937,1421.489554952179,0.7742218916345858,0.22577810836541423,6.7733432509624265,-6.7733432509624265,1607.336345021556,1414.7162117012167,12,4,5,12,0.75,0.29411764705882354,0.7183098591549295
2025-26,2025-11-26,0022500060,BOS,DET,1,1508.9482353775134,1640.7814717062809,0.36414534587246156,0.6358546541275385,19.075639623826156,-19.075639623826156,1528.0238750013395,1621.7058320824547,9,8,15,2,0.5294117647058824,0.8823529411764706,0.37500000000000006
2025-26,2025-11-26,0022500061,CHA,NYK,0,1389.610327991637,1536.1657331701304,0.34475740789528003,0.65524259210472,-10.342722236858402,10.342722236858402,1379.2676057547785,1546.5084554069888,4,13,10,6,0.23529411764705882,0.625,0.2735042735042735
2025-26,2025-11-26,0022500062,MIA,MIL,1,1584.2468834061374,1456.4265689535014,0.7185476928118741,0.28145230718812586,8.443569215643777,-8.443569215643777,1592.690452621781,1447.9829997378577,12,6,8,10,0.6666666666666666,0.4444444444444444,0.6
2025-26,2025-11-26,0022500063,TOR,IND,1,1598.5716768660013,1367.3682958160605,0.8223557076181032,0.17764429238189683,5.329328771456905,-5.329328771456905,1603.9010056374582,1362.0389670446036,13,5,2,15,0.7222222222222222,0.11764705882352941,0.8599221789883268
2025-26,2025-11-26,0022500064,OKC,MIN,1,1663.4034663936843,1515.8512043832109,0.7409391050876087,0.25906089491239126,7.771826847371738,-7.771826847371738,1671.1752932410561,1508.079377535839,17,1,10,7,0.9444444444444444,0.5882352941176471,0.6162046908315565
2025-26,2025-11-26,0022500065,NOP,MEM,0,1382.1885417547464,1432.3561274679032,0.4781859457294941,0.5218140542705059,-14.345578371884823,14.345578371884823,1367.8429633828616,1446.701705839788,3,15,6,12,0.16666666666666666,0.3333333333333333,0.3333333333333333
2025-26,2025-11-26,0022500066,GSW,HOU,0,1507.2323971219857,1590.918676634276,0.43038985000242125,0.5696101499975788,-12.911695500072637,12.911695500072637,1494.320701621913,1603.8303721343486,10,9,11,4,0.5263157894736842,0.7333333333333333,0.4178272980501393
2025-26,2025-11-26,0022500067,POR,SAS,0,1487.425793174485,1553.1012610899545,0.4559688059967895,0.5440311940032105,-13.679064179903685,13.679064179903685,1473.7467289945814,1566.7803252698582,8,10,11,5,0.4444444444444444,0.6875,0.39263803680981596
2025-26,2025-11-26,0022500068,SAC,PHX,0,1438.9873624193035,1548.7549023110087,0.3940316413984136,0.6059683586015864,-11.820949241952409,11.820949241952409,1427.1664131773512,1560.575851552961,5,13,11,7,0.2777777777777778,0.6111111111111112,0.3125
2025-26,2025-11-28,0022500069,ATL,CLE,1,1529.9081235794995,1546.8763818113448,0.5259264883617767,0.4740735116382233,14.2222053491467,-14.2222053491467,1544.1303289286461,1532.6541764621982,11,8,12,7,0.5789473684210527,0.631578947368421,0.4782608695652174
2025-26,2025-11-28,0022500070,BKN,PHI,0,1390.1931410621082,1499.384552441605,0.39482379311653104,0.605176206883469,-11.84471379349593,11.84471379349593,1378.3484272686123,1511.2292662351008,3,14,9,8,0.17647058823529413,0.5294117647058824,0.25
2025-26,2025-11-28,0022500071,CHA,CHI,1,1379.2676057547785,1496.5693406002142,0.3837250645187011,0.6162749354812989,18.488248064438967,-18.488248064438967,1397.7558538192175,1478.0810925357753,4,14,9,8,0.2222222222222222,0.5294117647058824,0.29565217391304344
2025-26,2025-11-28,0022500072,DET,ORL,0,1621.7058320824547,1544.5035676495716,0.6560832702170694,0.34391672978293064,-19.68249810651208,19.68249810651208,1602.0233339759425,1564.1860657560837,15,3,11,8,0.8333333333333334,0.5789473684210527,0.5900621118012422
2025-26,2025-11-28,0022500073,IND,WAS,1,1362.0389670446036,1366.8451910076556,0.5433432759534008,0.4566567240465992,13.699701721397975,-13.699701721397975,1375.7386687660016,1353.1454892862575,2,16,2,15,0.1111111111111111,0.11764705882352941,0.4857142857142857
2025-26,2025-11-28,0022500074,NYK,MIL,1,1546.5084554069888,1447.9829997378577,0.6832253934176504,0.31677460658234957,9.503238197470488,-9.503238197470488,1556.0116936044592,1438.4797615403872,11,6,8,11,0.6470588235294118,0.42105263157894735,0.6057971014492755
2025-26,2025-11-28,0022500075,OKC,PHX,1,1671.1752932410561,1560.575851552961,0.6980728618270395,0.30192713817296046,9.057814145188814,-9.057814145188814,1680.233107386245,1551.5180374077722,18,1,12,7,0.9473684210526315,0.631578947368421,0.6
2025-26,2025-11-28,0022500076,DEN,SAS,0,1590.2436113429553,1566.7803252698582,0.5833502233792786,0.41664977662072145,-17.500506701378356,17.500506701378356,1572.743104641577,1584.2808319712365,13,4,12,5,0.7647058823529411,0.7058823529411765,0.5199999999999999
2025-26,2025-11-28,0022500077,UTA,SAC,1,1422.0418942181752,1427.1664131773512,0.5428886187963474,0.4571113812036526,13.713341436109577,-13.713341436109577,1435.755235654285,1413.4530717412415,5,12,5,14,0.29411764705882354,0.2631578947368421,0.5277777777777778
2025-26,2025-11-28,0022500078,LAL,DAL,1,1607.336345021556,1389.0427135262773,0.8112381280823882,0.18876187191761185,5.662856157528355,-5.662856157528355,1612.9992011790844,1383.379857368749,13,4,5,14,0.7647058823529411,0.2631578947368421,0.7439759036144579
2025-26,2025-11-28,0022500079,LAC,MEM,0,1414.7162117012167,1446.701705839788,0.5043381138038364,0.4956618861961636,-15.130143414115093,15.130143414115093,1399.5860682871016,1461.831849253903,5,13,7,12,0.2777777777777778,0.3684210526315789,0.42986425339366524
2025-26,2025-11-29,0022500293,MIN,BOS,1,1508.079377535839,1528.0238750013395,0.5216530583715255,0.47834694162847446,14.350408248854233,-14.350408248854233,1522.4297857846932,1513.6734667524854,10,8,10,8,0.5555555555555556,0.5555555555555556,0.5
2025-26,2025-11-29,0022500294,CHA,TOR,1,1397.7558538192175,1603.9010056374582,0.2718630526714609,0.7281369473285391,21.844108419856173,-21.844108419856173,1419.5999622390736,1582.056897217602,5,14,14,5,0.2631578947368421,0.7368421052631579,0.2631578947368421
2025-26,2025-11-29,0022500295,IND,CHI,1,1375.7386687660016,1478.0810925357753,0.40428214299123877,0.5957178570087612,17.871535710262837,-17.871535710262837,1393.6102044762645,1460.2095568255124,3,16,9,9,0.15789473684210525,0.5,0.23999999999999996
2025-26,2025-11-29,0022500296,MIA,DET,0,1592.690452621781,1602.0233339759425,0.5368709012246281,0.4631290987753719,-16.106127036738844,16.106127036738844,1576.5843255850423,1618.1294610126813,13,6,15,4,0.6842105263157895,0.7894736842105263,0.46428571428571425
2025-26,2025-11-29,0022500297,MIL,BKN,1,1438.4797615403872,1378.3484272686123,0.6335832322016192,0.36641676779838084,10.992503033951426,-10.992503033951426,1449.4722645743386,1367.355924234661,8,12,3,15,0.4,0.16666666666666666,0.7058823529411765
2025-26,2025-11-29,0022500298,GSW,NOP,1,1494.320701621913,1367.8429633828616,0.7169820703068903,0.2830179296931097,8.490537890793291,-8.490537890793291,1502.8112395127064,1359.3524254920683,10,10,3,16,0.5,0.15789473684210525,0.7599999999999999
2025-26,2025-11-29,0022500299,PHX,DEN,0,1551.5180374077722,1572.743104641577,0.5198133412045667,0.4801866587954333,-15.594400236137,15.594400236137,1535.9236371716352,1588.337504877714,12,8,13,5,0.6,0.7222222222222222,0.453781512605042
2025-26,2025-11-29,0022500300,LAC,DAL,0,1399.5860682871016,1383.379857368749,0.5731626839591124,0.4268373160408876,-17.194880518773374,17.194880518773374,1382.3911877683283,1400.5747378875224,5,14,5,15,0.2631578947368421,0.25,0.5128205128205129
2025-26,2025-11-30,0022500301,UTA,HOU,0,1435.755235654285,1603.8303721343486,0.3173359085840934,0.6826640914159066,-9.520077257522802,9.520077257522802,1426.235158396762,1613.3504493918715,6,12,12,4,0.3333333333333333,0.75,0.3076923076923077
2025-26,2025-11-30,0022500302,CLE,BOS,0,1532.6541764621982,1513.6734667524854,0.5770653745953346,0.4229346254046654,-17.311961237860036,17.311961237860036,1515.3422152243381,1530.9854279903454,12,8,10,9,0.6,0.5263157894736842,0.5327102803738318
2025-26,2025-11-30,0022500303,NYK,TOR,1,1556.0116936044592,1582.056897217602,0.5128841350781637,0.48711586492183634,14.61347594765509,-14.61347594765509,1570.6251695521144,1567.4434212699468,12,6,14,6,0.6666666666666666,0.7,0.4878048780487805
2025-26,2025-11-30,0022500304,PHI,ATL,0,1511.2292662351008,1544.1303289286461,0.5030205768489435,0.4969794231510565,-15.090617305468307,15.090617305468307,1496.1386489296324,1559.2209462341145,10,8,12,8,0.5555555555555556,0.6,0.48076923076923084
2025-26,2025-11-30,0022500305,POR,OKC,0,1473.7467289945814,1680.233107386245,0.27147439513969296,0.728525604860307,-8.144231854190789,8.144231854190789,1465.6024971403906,1688.3773392404357,8,11,19,1,0.42105263157894735,0.95,0.30710172744721687
2025-26,2025-11-30,0022500306,MIN,SAS,1,1522.4297857846932,1584.2808319712365,0.46143498740587713,0.5385650125941228,16.156950377823684,-16.156950377823684,1538.586736162517,1568.1238815934128,11,8,13,5,0.5789473684210527,0.7222222222222222,0.44494382022471907
2025-26,2025-11-30,0022500307,SAC,MEM,0,1413.4530717412415,1461.831849253903,0.4807559022734299,0.5192440977265701,-14.422677068202898,14.422677068202898,1399.0303946730387,1476.254526322106,5,15,8,12,0.25,0.4,0.3846153846153846
2025-26,2025-11-30,0022500308,LAL,NOP,1,1612.9992011790844,1359.3524254920683,0.8404505762188638,0.15954942378113623,4.786482713434087,-4.786482713434087,1617.7856838925184,1354.5659427786343,14,4,3,17,0.7777777777777778,0.15,0.8383233532934131
2025-26,2025-12-01,0022500309,DET,ATL,1,1618.1294610126813,1559.2209462341145,0.6319475315267917,0.36805246847320827,11.041574054196248,-11.041574054196248,1629.1710350668775,1548.1793721799183,16,4,13,8,0.8,0.6190476190476191,0.5637583892617449
2025-26,2025-12-01,0022500310,IND,CLE,0,1393.6102044762645,1515.3422152243381,0.3777123337742411,0.6222876662257588,-11.331370013227234,11.331370013227234,1382.2788344630371,1526.6735852375655,4,16,12,9,0.2,0.5714285714285714,0.2592592592592593
2025-26,2025-12-01,0022500311,WAS,MIL,1,1353.1454892862575,1449.4722645743386,0.41264898732573635,0.5873510126742636,17.62053038022791,-17.62053038022791,1370.7660196664854,1431.8517341941108,2,16,9,12,0.1111111111111111,0.42857142857142855,0.20588235294117646
2025-26,2025-12-01,0022500312,BKN,CHA,1,1367.355924234661,1419.5999622390736,0.4752041915273635,0.5247958084726365,15.743874254179095,-15.743874254179095,1383.09979848884,1403.8560879848947,3,16,6,14,0.15789473684210525,0.3,0.3448275862068966
2025-26,2025-12-01,0022500313,MIA,LAC,1,1576.5843255850423,1382.3911877683283,0.7890721710915143,0.21092782890848571,6.3278348672545714,-6.3278348672545714,1582.9121604522968,1376.0633529010738,13,7,5,15,0.65,0.25,0.7222222222222222
2025-26,2025-12-01,0022500314,ORL,CHI,1,1564.1860657560837,1460.2095568255124,0.6899772821290191,0.3100227178709809,9.300681536129428,-9.300681536129428,1573.486747292213,1450.908875289383,12,8,9,10,0.6,0.47368421052631576,0.5588235294117647
2025-26,2025-12-01,0022500315,DEN,DAL,0,1588.337504877714,1400.5747378875224,0.7828453792364225,0.2171546207635775,-23.485361377092676,23.485361377092676,1564.8521435006214,1424.060099264615,14,5,6,15,0.7368421052631579,0.2857142857142857,0.7205882352941176
2025-26,2025-12-01,0022500316,UTA,HOU,1,1426.235158396762,1613.3504493918715,0.29408084570986087,0.7059191542901391,21.17757462870417,-21.17757462870417,1447.4127330254662,1592.1728747631673,6,13,13,4,0.3157894736842105,0.7647058823529411,0.2922636103151862
2025-26,2025-12-01,0022500317,LAL,PHX,0,1617.7856838925184,1535.9236371716352,0.6621101588957876,0.3378898411042124,-19.86330476687363,19.86330476687363,1597.9223791256447,1555.7869419385088,15,4,12,9,0.7894736842105263,0.5714285714285714,0.580110497237569
2025-26,2025-12-02,0022500318,PHI,WAS,1,1496.1386489296324,1370.7660196664854,0.7156894187656468,0.28431058123435315,8.529317437030596,-8.529317437030596,1504.667966366663,1362.2367022294547,10,9,3,16,0.5263157894736842,0.15789473684210525,0.7692307692307693
2025-26,2025-12-02,0022500319,TOR,POR,1,1567.4434212699468,1465.6024971403906,0.6873414920739702,0.3126585079260298,9.379755237780893,-9.379755237780893,1576.8231765077278,1456.2227419026096,14,7,8,12,0.6666666666666666,0.4,0.625
2025-26,2025-12-02,0022500320,BOS,NYK,1,1530.9854279903454,1570.6251695521144,0.49332327204839516,0.5066767279516049,15.200301838548146,-15.200301838548146,1546.1857298288935,1555.4248677135663,11,9,13,6,0.55,0.6842105263157895,0.4456289978678038
2025-26,2025-12-02,0022500321,NOP,MIN,0,1354.5659427786343,1538.586736162517,0.297792367353983,0.7022076326460169,-8.93377102061949,8.93377102061949,1345.6321717580147,1547.5205071831365,3,18,12,8,0.14285714285714285,0.6,0.1923076923076923
2025-26,2025-12-02,0022500322,SAS,MEM,1,1568.1238815934128,1476.254526322106,0.6748752086110229,0.3251247913889771,9.753743741669313,-9.753743741669313,1577.877625335082,1466.5007825804366,13,6,9,12,0.6842105263157895,0.42857142857142855,0.6148648648648649
2025-26,2025-12-02,0022500323,GSW,OKC,0,1502.8112395127064,1688.3773392404357,0.29593556339226484,0.7040644366077351,-8.878066901767946,8.878066901767946,1493.9331726109385,1697.2554061422036,11,10,20,1,0.5238095238095238,0.9523809523809523,0.3548387096774194
2025-26,2025-12-03,0022500324,CLE,POR,0,1526.6735852375655,1456.2227419026096,0.647261603431851,0.352738396568149,-19.41784810295553,19.41784810295553,1507.25573713461,1475.6405900055652,13,9,8,13,0.5909090909090909,0.38095238095238093,0.6080178173719377
2025-26,2025-12-03,0022500325,IND,DEN,0,1382.2788344630371,1564.8521435006214,0.2995377012062252,0.7004622987937748,-8.986131036186755,8.986131036186755,1373.2927034268503,1573.8382745368083,4,17,14,6,0.19047619047619047,0.7,0.21390374331550802
2025-26,2025-12-03,0022500326,ORL,SAS,0,1573.486747292213,1577.877625335082,0.5439364533441008,0.4560635466558992,-16.318093600323024,16.318093600323024,1557.16865369189,1594.195718935405,13,8,14,6,0.6190476190476191,0.7,0.4693140794223827
2025-26,2025-12-03,0022500327,ATL,LAC,0,1548.1793721799183,1376.0633529010738,0.7671442420192501,0.23285575798074987,-23.014327260577502,23.014327260577502,1525.1650449193407,1399.0776801616514,13,9,5,16,0.5909090909090909,0.23809523809523808,0.7127937336814623
2025-26,2025-12-03,0022500328,NYK,CHA,1,1555.4248677135663,1403.8560879848947,0.745352348651654,0.254647651348346,7.639429540450379,-7.639429540450379,1563.0642972540168,1396.2166584444442,13,7,6,15,0.65,0.2857142857142857,0.6946564885496184
2025-26,2025-12-03,0022500329,CHI,BKN,0,1450.908875289383,1383.09979848884,0.6437818538432106,0.3562181461567894,-19.31345561529632,19.31345561529632,1431.5954196740868,1402.4132541041363,9,11,4,16,0.45,0.2,0.6923076923076923
2025-26,2025-12-03,0022500330,HOU,SAC,1,1592.1728747631673,1399.0303946730387,0.7880637865167611,0.21193621348323888,6.3580864044971666,-6.3580864044971666,1598.5309611676646,1392.6723082685414,13,5,5,16,0.7222222222222222,0.23809523809523808,0.7520661157024794
2025-26,2025-12-03,0022500331,MIL,DET,1,1431.8517341941108,1629.1710350668775,0.2820359392349863,0.7179640607650137,21.538921822950414,-21.538921822950414,1453.3906560170612,1607.632113243927,9,13,17,4,0.4090909090909091,0.8095238095238095,0.33570159857904086
2025-26,2025-12-03,0022500332,DAL,MIA,1,1424.060099264615,1582.9121604522968,0.32894737576902794,0.671052624230972,20.13157872692916,-20.13157872692916,1444.191677991544,1562.7805817253677,7,15,14,7,0.3181818181818182,0.6666666666666666,0.3230769230769231
2025-26,2025-12-04,0022500333,PHI,GSW,1,1504.667966366663,1493.9331726109385,0.5654401158882004,0.4345598841117996,13.036796523353987,-13.036796523353987,1517.704762890017,1480.8963760875845,11,9,11,11,0.55,0.5,0.5238095238095238
2025-26,2025-12-04,0022500334,WAS,BOS,0,1362.2367022294547,1546.1857298288935,0.29787876233548444,0.7021212376645156,-8.936362870064533,8.936362870064533,1353.3003393593901,1555.122092698958,3,17,12,9,0.15,0.5714285714285714,0.2079207920792079
2025-26,2025-12-04,0022500335,BKN,UTA,0,1402.4132541041363,1447.4127330254662,0.4856135651056358,0.5143864348943642,-14.568406953169074,14.568406953169074,1387.8448471509673,1461.9811399786354,5,16,7,13,0.23809523809523808,0.35,0.40485829959514175
2025-26,2025-12-04,0022500336,TOR,LAL,0,1576.8231765077278,1597.9223791256447,0.519994187913593,0.480005812086407,-15.59982563740779,15.59982563740779,1561.22335087032,1613.5222047630525,15,7,15,5,0.6818181818181818,0.75,0.4761904761904762
2025-26,2025-12-04,0022500337,NOP,MIN,0,1345.6321717580147,1547.5205071831365,0.276740770524437,0.723259229475563,-8.30222311573311,8.30222311573311,1337.3299486422816,1555.8227302988696,3,19,13,8,0.13636363636363635,0.6190476190476191,0.1805157593123209
2025-26,2025-12-05,0022500338,BOS,LAL,1,1555.122092698958,1613.5222047630525,0.4663753584972925,0.5336246415027075,16.008739245081223,-16.008739245081223,1571.1308319440393,1597.5134655179713,13,9,16,5,0.5909090909090909,0.7619047619047619,0.4368000000000001
2025-26,2025-12-05,0022500339,ORL,MIA,1,1557.16865369189,1562.7805817253677,0.5421922584087187,0.45780774159128135,13.73423224773844,-13.73423224773844,1570.9028859396285,1549.0463494776293,13,9,14,8,0.5909090909090909,0.6363636363636364,0.4814814814814815
2025-26,2025-12-05,0022500340,ATL,DEN,0,1525.1650449193407,1573.8382745368083,0.48033279325336253,0.5196672067466375,-14.409983797600876,14.409983797600876,1510.7550611217398,1588.2482583344092,13,10,15,6,0.5652173913043478,0.7142857142857143,0.44174757281553395
2025-26,2025-12-05,0022500341,CLE,SAS,1,1507.25573713461,1594.195718935405,0.4258042653723064,0.5741957346276936,17.225872038830808,-17.225872038830808,1524.4816091734408,1576.9698468965742,13,10,15,6,0.5652173913043478,0.7142857142857143,0.44174757281553395
2025-26,2025-12-05,0022500342,DET,POR,1,1607.632113243927,1475.6405900055652,0.7233781053250645,0.2766218946749355,8.298656840248064,-8.298656840248064,1615.930770084175,1467.3419331653172,17,5,9,13,0.7727272727272727,0.4090909090909091,0.6538461538461537
2025-26,2025-12-05,0022500343,NYK,UTA,1,1563.0642972540168,1461.9811399786354,0.6864033070994672,0.3135966929005328,9.407900787015985,-9.407900787015985,1572.4721980410327,1452.5732391916195,14,7,8,13,0.6666666666666666,0.38095238095238093,0.6363636363636365
2025-26,2025-12-05,0022500344,TOR,CHA,0,1561.22335087032,1396.2166584444442,0.759753958550209,0.240246041449791,-22.79261875650627,22.79261875650627,1538.4307321138137,1419.0092772009505,15,8,6,16,0.6521739130434783,0.2727272727272727,0.7051282051282052
2025-26,2025-12-05,0022500345,CHI,IND,0,1431.5954196740868,1373.2927034268503,0.6311360584602621,0.3688639415397379,-18.934081753807863,18.934081753807863,1412.6613379202788,1392.2267851806582,9,12,4,18,0.42857142857142855,0.18181818181818182,0.7021276595744681
2025-26,2025-12-05,0022500346,HOU,PHX,1,1598.5309611676646,1555.7869419385088,0.6100519397740259,0.38994806022597406,11.698441806779222,-11.698441806779222,1610.229402974444,1544.0885001317295,14,5,13,9,0.7368421052631579,0.5909090909090909,0.554954954954955
2025-26,2025-12-05,0022500347,MEM,LAC,1,1466.5007825804366,1399.0776801616514,0.643272162178197,0.35672783782180295,10.701835134654088,-10.701835134654088,1477.2026177150908,1388.3758450269972,9,13,6,16,0.4090909090909091,0.2727272727272727,0.6
2025-26,2025-12-05,0022500348,MIL,PHI,0,1453.3906560170612,1517.704762890017,0.4579134298513954,0.5420865701486046,-13.737402895541862,13.737402895541862,1439.6532531215194,1531.442165785559,10,13,12,9,0.43478260869565216,0.5714285714285714,0.4320987654320988
2025-26,2025-12-05,0022500349,OKC,DAL,1,1697.2554061422036,1444.191677991544,0.8400000052518765,0.15999999474812354,4.7999998424437065,-4.7999998424437065,1702.0554059846472,1439.3916781491005,21,1,8,15,0.9545454545454546,0.34782608695652173,0.7329286798179059
2025-26,2025-12-06,0022500350,BKN,NOP,1,1387.8448471509673,1337.3299486422816,0.6206394690604203,0.37936053093957967,11.38081592818739,-11.38081592818739,1399.2256630791546,1325.9491327140943,5,17,3,20,0.22727272727272727,0.13043478260869565,0.6353591160220995
2025-26,2025-12-06,0022500351,WAS,ATL,0,1353.3003393593901,1510.7550611217398,0.33072539407584595,0.6692746059241541,-9.921761822275379,9.921761822275379,1343.3785775371148,1520.6768229440152,3,18,13,11,0.14285714285714285,0.5416666666666666,0.20869565217391303
2025-26,2025-12-06,0022500352,CLE,GSW,0,1524.4816091734408,1480.8963760875845,0.6112032794270738,0.38879672057292625,-18.336098382812214,18.336098382812214,1506.1455107906286,1499.2324744703967,14,10,11,12,0.5833333333333334,0.4782608695652174,0.5494880546075085
2025-26,2025-12-06,0022500353,DET,MIL,1,1615.930770084175,1439.6532531215194,0.7713960954453153,0.2286039045546847,6.858117136640542,-6.858117136640542,1622.7888872208155,1432.795135984879,18,5,10,14,0.782608695652174,0.4166666666666667,0.6525679758308157
2025-26,2025-12-06,0022500354,MIA,SAC,0,1549.0463494776293,1392.6723082685414,0.7505668047959623,0.24943319520403773,-22.517004143878868,22.517004143878868,1526.5293453337504,1415.1893124124203,14,9,5,17,0.6086956521739131,0.22727272727272727,0.7281323877068557
2025-26,2025-12-06,0022500355,MIN,LAC,1,1555.8227302988696,1388.3758450269972,0.7623085426429216,0.23769145735707842,7.130743720712353,-7.130743720712353,1562.953474019582,1381.2451013062848,14,8,6,17,0.6363636363636364,0.2608695652173913,0.709251101321586
2025-26,2025-12-06,0022500356,DAL,HOU,1,1439.3916781491005,1610.229402974444,0.3139008884374239,0.6860991115625761,20.58297334687728,-20.58297334687728,1459.9746514959777,1589.6464296275667,8,16,15,5,0.3333333333333333,0.75,0.3076923076923077
2025-26,2025-12-07,0022500357,NYK,ORL,1,1572.4721980410327,1570.9028859396285,0.5524339816774906,0.4475660183225094,13.426980549675282,-13.426980549675282,1585.899178590708,1557.4759053899531,15,7,14,9,0.6818181818181818,0.6086956521739131,0.5283307810107197
2025-26,2025-12-07,0022500358,TOR,BOS,0,1538.4307321138137,1571.1308319440393,0.5033097740596444,0.4966902259403556,-15.099293221789331,15.099293221789331,1523.3314388920244,1586.2301251658287,15,9,14,9,0.625,0.6086956521739131,0.5066079295154184
2025-26,2025-12-07,0022500359,CHA,DEN,0,1419.0092772009505,1588.2482583344092,0.3158863218314406,0.6841136781685594,-9.476589654943218,9.476589654943218,1409.5326875460073,1597.7248479893524,7,16,16,6,0.30434782608695654,0.7272727272727273,0.2950191570881226
2025-26,2025-12-07,0022500360,MEM,POR,1,1477.2026177150908,1467.3419331653172,0.5642033151030569,0.4357966848969431,13.073900546908293,-13.073900546908293,1490.2765182619992,1454.2680326184088,10,13,9,14,0.43478260869565216,0.391304347826087,0.5263157894736842
2025-26,2025-12-07,0022500361,CHI,GSW,0,1412.6613379202788,1499.2324744703967,0.4263234694824713,0.5736765305175286,-12.789704084474138,12.789704084474138,1399.8716338358047,1512.0221785548708,9,13,12,12,0.4090909090909091,0.5,0.45
2025-26,2025-12-07,0022500362,PHI,LAL,0,1531.442165785559,1597.5134655179713,0.455403632778481,0.544596367221519,-13.66210898335443,13.66210898335443,1517.7800568022044,1611.1755745013259,13,9,16,6,0.5909090909090909,0.7272727272727273,0.44827586206896547
2025-26,2025-12-07,0022500363,UTA,OKC,0,1452.5732391916195,1702.0554059846472,0.22536710201942087,0.7746328979805791,-6.761013060582626,6.761013060582626,1445.8122261310368,1708.8164190452298,8,14,22,1,0.36363636363636365,0.9565217391304348,0.2754491017964072
2025-26,2025-12-08,0022500364,IND,SAC,1,1392.2267851806582,1415.1893124124203,0.5173163875994333,0.4826836124005667,14.480508372017,-14.480508372017,1406.7072935526753,1400.7088040404033,5,18,6,17,0.21739130434782608,0.2608695652173913,0.45454545454545453
2025-26,2025-12-08,0022500365,MIN,PHX,0,1562.953474019582,1544.0885001317295,0.5769027657978073,0.4230972342021927,-17.307082973934218,17.307082973934218,1545.6463910456478,1561.3955831056637,15,8,13,10,0.6521739130434783,0.5652173913043478,0.5357142857142857
2025-26,2025-12-08,0022500366,NOP,SAS,0,1325.9491327140943,1576.9698468965742,0.22382470867077867,0.7761752913292214,-6.71474126012336,6.71474126012336,1319.2343914539708,1583.6845881566976,3,21,15,7,0.125,0.6818181818181818,0.15492957746478875
2025-26,2025-12-09,0022501201,ORL,MIA,1,1557.4759053899531,1526.5293453337504,0.593781186651009,0.406218813348991,12.18656440046973,-12.18656440046973,1569.6624697904228,1514.3427809332807,14,10,14,10,0.5833333333333334,0.5833333333333334,0.5
2025-26,2025-12-09,0022501202,TOR,NYK,0,1523.3314388920244,1585.899178590708,0.4604098829550251,0.5395901170449748,-13.812296488650754,13.812296488650754,1509.5191424033737,1599.7114750793587,15,10,16,7,0.6,0.6956521739130435,0.4630872483221476
2025-26,2025-12-10,0022501203,OKC,PHX,1,1708.8164190452298,1561.3955831056637,0.740793860234909,0.259206139765091,7.77618419295273,-7.77618419295273,1716.5926032381826,1553.619398912711,23,1,14,10,0.9583333333333334,0.5833333333333334,0.6216216216216216
2025-26,2025-12-10,0022501204,LAL,SAS,0,1611.1755745013259,1583.6845881566976,0.5889743550839656,0.41102564491603444,-17.669230652518966,17.669230652518966,1593.5063438488069,1601.3538188092166,17,6,16,7,0.7391304347826086,0.6956521739130435,0.5151515151515151
2025-26,2025-12-11,0022501205,HOU,LAC,1,1589.6464296275667,1381.2451013062848,0.8023632483860628,0.19763675161393723,5.929102548418117,-5.929102548418117,1595.5755321759848,1375.3159987578667,15,6,6,18,0.7142857142857143,0.25,0.7407407407407407
2025-26,2025-12-11,0022501206,MIL,BOS,1,1432.795135984879,1586.2301251658287,0.3358671295789092,0.6641328704210908,19.923986112632726,-19.923986112632726,1452.7191220975117,1566.306139053196,10,15,15,9,0.4,0.625,0.39024390243902446
2025-26,2025-12-11,0022501207,NOP,POR,1,1319.2343914539708,1454.2680326184088,0.3598903870258639,0.6401096129741362,19.203288389224085,-19.203288389224085,1338.437679843195,1435.0647442291847,3,22,9,15,0.12,0.375,0.24242424242424243
2025-26,2025-12-11,0022501208,SAC,DEN,0,1400.7088040404033,1597.7248479893524,0.2823895608064791,0.717610439193521,-8.471686824194373,8.471686824194373,1392.2371172162088,1606.1965348135468,6,18,17,6,0.25,0.7391304347826086,0.25274725274725274
2025-26,2025-12-12,0022501209,CHA,CHI,0,1409.5326875460073,1399.8716338358047,0.5639207393574043,0.4360792606425957,-16.917622180722127,16.917622180722127,1392.615065365285,1416.789256016527,7,17,9,14,0.2916666666666667,0.391304347826087,0.4270557029177719
2025-26,2025-12-12,0022501210,DET,ATL,1,1622.7888872208155,1520.6768229440152,0.687676816568186,0.312323183431814,9.36969550295442,-9.36969550295442,1632.15858272377,1511.3071274410606,19,5,14,11,0.7916666666666666,0.56,0.5856966707768188
2025-26,2025-12-12,0022501211,PHI,IND,1,1517.7800568022044,1406.7072935526753,0.6986468200806993,0.30135317991930066,9.04059539757902,-9.04059539757902,1526.8206521997834,1397.6666981550964,13,10,6,18,0.5652173913043478,0.25,0.6933333333333334
2025-26,2025-12-12,0022501212,WAS,CLE,0,1343.3785775371148,1506.1455107906286,0.32399210873203205,0.6760078912679679,-9.719763261960962,9.719763261960962,1333.6588142751539,1515.8652740525895,3,19,14,11,0.13636363636363635,0.56,0.19582245430809397
2025-26,2025-12-12,0022501213,MEM,UTA,0,1490.2765182619992,1445.8122261310368,0.612405092074708,0.38759490792529205,-18.37215276224124,18.37215276224124,1471.904365499758,1464.184378893278,11,13,8,15,0.4583333333333333,0.34782608695652173,0.5685393258426966
2025-26,2025-12-12,0022501214,DAL,BKN,1,1459.9746514959777,1399.2256630791546,0.6344082691403329,0.3655917308596671,10.967751925790013,-10.967751925790013,1470.9424034217677,1388.2579111533646,9,16,6,17,0.36,0.2608695652173913,0.5798319327731093
2025-26,2025-12-12,0022501215,GSW,MIN,0,1512.0221785548708,1545.6463910456478,0.5019799070326697,0.4980200929673303,-15.05939721098009,15.05939721098009,1496.9627813438908,1560.7057882566278,13,12,15,9,0.52,0.625,0.45414847161572053
2025-26,2025-12-13,0022501229,ORL,NYK,0,1569.6624697904228,1599.7114750793587,0.5071245718904833,0.4928754281095167,-15.2137371567145,15.2137371567145,1554.4487326337085,1614.925212236073,15,10,17,7,0.6,0.7083333333333334,0.45859872611464964
2025-26,2025-12-13,0022501230,OKC,SAS,0,1716.5926032381826,1601.3538188092166,0.7036717026484351,0.29632829735156485,-21.110151079453054,21.110151079453054,1695.4824521587295,1622.4639698886697,24,1,17,7,0.96,0.7083333333333334,0.5754245754245754
2025-26,2025-12-14,0022501216,IND,WAS,0,1397.6666981550964,1333.6588142751539,0.6387482213166472,0.3612517786833528,-19.162446639499418,19.162446639499418,1378.504251515597,1352.8212609146533,6,19,3,20,0.24,0.13043478260869565,0.6478873239436619
2025-26,2025-12-14,0022501217,ATL,PHI,1,1511.3071274410606,1526.8206521997834,0.5280139237741263,0.47198607622587374,14.159582286776212,-14.159582286776212,1525.4667097278368,1512.6610699130072,14,12,14,10,0.5384615384615384,0.5833333333333334,0.48
2025-26,2025-12-14,0022501218,CLE,CHA,0,1515.8652740525895,1392.615065365285,0.7131968605095034,0.28680313949049663,-21.3959058152851,21.3959058152851,1494.4693682373045,1414.01097118057,15,11,7,18,0.5769230769230769,0.28,0.6732495511669658
2025-26,2025-12-14,0022501219,BKN,MIL,1,1388.2579111533646,1452.7191220975117,0.45770323749686825,0.5422967625031317,16.268902875093953,-16.268902875093953,1404.5268140284586,1436.4502192224177,6,18,11,15,0.25,0.4230769230769231,0.3714285714285714
2025-26,2025-12-14,0022501220,MIN,SAC,1,1560.7057882566278,1392.2371172162088,0.763372658991023,0.23662734100897698,7.098820230269309,-7.098820230269309,1567.804608486897,1385.1382969859396,16,9,6,19,0.64,0.24,0.7272727272727273
2025-26,2025-12-14,0022501221,POR,GSW,1,1435.0647442291847,1496.9627813438908,0.46136776503201393,0.5386322349679861,16.158967049039582,-16.158967049039582,1451.2237112782243,1480.8038142948512,9,16,13,13,0.36,0.5,0.41860465116279066
2025-26,2025-12-14,0022501223,CHI,NOP,0,1416.789256016527,1338.437679843195,0.6575745391989843,0.34242546080101566,-19.72723617596953,19.72723617596953,1397.0620198405575,1358.1649160191644,10,14,4,22,0.4166666666666667,0.15384615384615385,0.7303370786516855
2025-26,2025-12-14,0022501228,PHX,LAL,0,1553.619398912711,1593.5063438488069,0.49296758467116564,0.5070324153288344,-14.789027540134969,14.789027540134969,1538.8303713725759,1608.295371388942,14,11,17,7,0.56,0.7083333333333334,0.44152431011826543
2025-26,2025-12-15,0022501222,BOS,DET,0,1566.306139053196,1632.15858272377,0.45571610387533906,0.544283896124661,-13.671483116260172,13.671483116260172,1552.6346559369358,1645.83006584003,15,10,20,5,0.6,0.8,0.4285714285714286
2025-26,2025-12-15,0022501224,UTA,DAL,1,1464.184378893278,1470.9424034217677,0.5405541876471328,0.4594458123528672,13.783374370586015,-13.783374370586015,1477.967753263864,1457.1590290511817,9,15,10,16,0.375,0.38461538461538464,0.4936708860759494
2025-26,2025-12-15,0022501225,DEN,HOU,1,1606.1965348135468,1595.5755321759848,0.5652791555363207,0.4347208444636793,13.04162533391038,-13.04162533391038,1619.2381601474572,1582.5339068420744,18,6,16,6,0.75,0.7272727272727273,0.5076923076923077
2025-26,2025-12-15,0022501226,LAC,MEM,0,1375.3159987578667,1471.904365499758,0.41228406490225317,0.5877159350977468,-12.368521947067595,12.368521947067595,1362.9474768107991,1484.2728874468255,6,19,11,14,0.24,0.44,0.35294117647058826
2025-26,2025-12-15,0022501227,MIA,TOR,0,1514.3427809332807,1509.5191424033737,0.5570611492616718,0.44293885073832817,-16.711834477850154,16.711834477850154,1497.6309464554306,1526.2309768812238,14,11,15,11,0.56,0.5769230769230769,0.49255751014884985
2025-26,2025-12-17,0022500367,CHI,CLE,1,1397.0620198405575,1494.4693682373045,0.41114220315218747,0.5888577968478126,17.66573390543438,-17.66573390543438,1414.7277537459918,1476.8036343318702,10,15,15,12,0.4,0.5555555555555556,0.4186046511627907
2025-26,2025-12-17,0022500368,MIN,MEM,0,1567.804608486897,1484.2728874468255,0.66425706653551,0.33574293346449,-19.927711996065298,19.927711996065298,1547.8768964908318,1504.2005994428907,17,9,12,14,0.6538461538461539,0.46153846153846156,0.5862068965517241
2025-26,2025-12-18,0022500369,OKC,LAC,1,1695.4824521587295,1362.9474768107991,0.8924199300628972,0.10758006993710278,3.2274020981130835,-3.2274020981130835,1698.7098542568426,1359.720074712686,24,2,6,20,0.9230769230769231,0.23076923076923078,0.7999999999999999
2025-26,2025-12-18,0022500370,SAS,WAS,1,1622.4639698886697,1352.8212609146533,0.8524143941884302,0.14758560581156976,4.427568174347093,-4.427568174347093,1626.8915380630167,1348.3936927403063,18,7,4,20,0.72,0.16666666666666666,0.81203007518797
2025-26,2025-12-18,0022500371,CHA,ATL,1,1414.01097118057,1525.4667097278368,0.39171366041127875,0.6082863395887212,18.248590187661637,-18.248590187661637,1432.2595613682317,1507.2181195401752,8,18,15,12,0.3076923076923077,0.5555555555555556,0.3564356435643564
2025-26,2025-12-18,0022500372,IND,NYK,0,1378.504251515597,1614.925212236073,0.2387631925939955,0.7612368074060045,-7.162895777819865,7.162895777819865,1371.3413557377771,1622.088108013893,6,20,18,7,0.23076923076923078,0.72,0.24271844660194175
2025-26,2025-12-18,0022500373,BKN,MIA,0,1404.5268140284586,1497.6309464554306,0.41715236354972096,0.582847636450279,-12.51457090649163,12.51457090649163,1392.012243121967,1510.1455173619222,7,18,14,12,0.28,0.5384615384615384,0.34210526315789475
2025-26,2025-12-18,0022500374,MIL,TOR,0,1436.4502192224177,1526.2309768812238,0.42181101670797133,0.5781889832920286,-12.65433050123914,12.65433050123914,1423.7958887211785,1538.885307382463,11,16,16,11,0.4074074074074074,0.5925925925925926,0.4074074074074074
2025-26,2025-12-18,0022500375,NOP,HOU,1,1358.1649160191644,1582.5339068420744,0.25160028832364506,0.748399711676355,22.45199135029065,-22.45199135029065,1380.616907369455,1560.0819154917838,5,22,16,7,0.18518518518518517,0.6956521739130435,0.21023765996343693
2025-26,2025-12-18,0022500376,DAL,DET,1,1457.1590290511817,1645.83006584003,0.2922251234243737,0.7077748765756263,21.23324629726879,-21.23324629726879,1478.3922753484505,1624.5968195427613,10,17,21,5,0.37037037037037035,0.8076923076923077,0.31438935912938326
2025-26,2025-12-18,0022500377,DEN,ORL,1,1619.2381601474572,1554.4487326337085,0.6397856945077443,0.36021430549225575,10.806429164767673,-10.806429164767673,1630.0445893122248,1543.6423034689408,19,6,15,11,0.76,0.5769230769230769,0.5684695051783659
2025-26,2025-12-18,0022500378,PHX,GSW,1,1538.8303713725759,1480.8038142948512,0.6307658939183569,0.3692341060816431,11.077023182449292,-11.077023182449292,1549.9073945550251,1469.726791112402,14,12,13,14,0.5384615384615384,0.48148148148148145,0.5279329608938548
2025-26,2025-12-18,0022500379,UTA,LAL,0,1477.967753263864,1608.295371388942,0.36615449473116224,0.6338455052688378,-10.984634841934867,10.984634841934867,1466.9831184219292,1619.2800062308768,10,15,18,7,0.4,0.72,0.35714285714285715
2025-26,2025-12-18,0022500380,POR,SAC,1,1451.2237112782243,1385.1382969859396,0.6415031958002545,0.3584968041997455,10.754904125992365,-10.754904125992365,1461.9786154042167,1374.3833928599472,10,16,6,20,0.38461538461538464,0.23076923076923078,0.625
2025-26,2025-12-19,0022500381,BOS,MIA,1,1552.6346559369358,1510.1455173619222,0.6097028507451003,0.39029714925489967,11.70891447764699,-11.70891447764699,1564.3435704145827,1498.4366028842753,15,11,15,12,0.5769230769230769,0.5555555555555556,0.5094339622641509
2025-26,2025-12-19,0022500382,NYK,PHI,0,1622.088108013893,1512.6610699130072,0.6966485173616725,0.30335148263832745,-20.899455520850175,20.899455520850175,1601.1886524930428,1533.5605254338573,19,7,14,11,0.7307692307692307,0.56,0.5661501787842669
2025-26,2025-12-19,0022500383,ATL,SAS,0,1507.2181195401752,1626.8915380630167,0.38050168436251214,0.6194983156374878,-11.415050530875364,11.415050530875364,1495.8030690092999,1638.306588593892,15,13,19,7,0.5357142857142857,0.7307692307692307,0.4229934924078091
2025-26,2025-12-19,0022500384,CLE,CHI,0,1476.8036343318702,1414.7277537459918,0.6361780063562716,0.36382199364372836,-19.08534019068815,19.08534019068815,1457.718294141182,1433.81309393668,15,13,11,15,0.5357142857142857,0.4230769230769231,0.5587392550143266
2025-26,2025-12-19,0022500385,MIN,OKC,1,1547.8768964908318,1698.7098542568426,0.3392164105613709,0.6607835894386291,19.823507683158873,-19.823507683158873,1567.7004041739906,1678.8863465736838,17,10,25,2,0.6296296296296297,0.9259259259259259,0.40476190476190477
2025-26,2025-12-20,0022500386,DEN,HOU,0,1630.0445893122248,1560.0819154917838,0.6466197462480927,0.3533802537519073,-19.398592387442783,19.398592387442783,1610.6459969247821,1579.4805078792265,20,6,16,8,0.7692307692307693,0.6666666666666666,0.5357142857142857
2025-26,2025-12-20,0022500387,PHI,DAL,1,1533.5605254338573,1478.3922753484505,0.6269256377791615,0.37307436222083845,11.192230866625154,-11.192230866625154,1544.7527563004824,1467.2000444818254,15,11,11,17,0.5769230769230769,0.39285714285714285,0.594900849858357
2025-26,2025-12-20,0022500388,TOR,BOS,0,1538.885307382463,1564.3435704145827,0.5137282120587134,0.48627178794128656,-15.411846361761404,15.411846361761404,1523.4734610207015,1579.7554167763442,17,11,16,11,0.6071428571428571,0.5925925925925926,0.50606394707828
2025-26,2025-12-20,0022500389,NOP,IND,1,1380.616907369455,1371.3413557377771,0.5633749471243854,0.4366250528756146,13.098751586268438,-13.098751586268438,1393.7156589557235,1358.2426041515087,6,22,6,21,0.21428571428571427,0.2222222222222222,0.49090909090909085
2025-26,2025-12-20,0022500390,DET,CHA,1,1624.5968195427613,1432.2595613682317,0.7872885801644488,0.2127114198355512,6.381342595066536,-6.381342595066536,1630.978162137828,1425.8782187731651,21,6,9,18,0.7777777777777778,0.3333333333333333,0.7
2025-26,2025-12-20,0022500391,MEM,WAS,0,1504.2005994428907,1348.3936927403063,0.7499551021000038,0.2500448978999962,-22.498653063000116,22.498653063000116,1481.7019463798906,1370.8923458033064,13,14,4,21,0.48148148148148145,0.16,0.7505773672055427
2025-26,2025-12-20,0022500392,GSW,PHX,1,1469.726791112402,1549.9073945550251,0.4353439294622953,0.5646560705377047,16.93968211613114,-16.93968211613114,1486.666473228533,1532.967712438894,13,15,15,12,0.4642857142857143,0.5555555555555556,0.4552529182879378
2025-26,2025-12-20,0022500393,UTA,ORL,0,1466.9831184219292,1543.6423034689408,0.44033328561428914,0.5596667143857108,-13.209998568428674,13.209998568428674,1453.7731198535005,1556.8523020373696,10,16,15,12,0.38461538461538464,0.5555555555555556,0.4090909090909091
2025-26,2025-12-20,0022500394,SAC,POR,0,1374.3833928599472,1461.9786154042167,0.4248823214122322,0.5751176785877679,-12.746469642366966,12.746469642366966,1361.6369232175803,1474.7250850465837,6,21,11,16,0.2222222222222222,0.4074074074074074,0.35294117647058826
2025-26,2025-12-20,0022500395,LAC,LAL,1,1359.720074712686,1619.2800062308768,0.21540108027813862,0.7845989197218614,23.53796759165584,-23.53796759165584,1383.2580423043419,1595.742038639221,6,21,19,7,0.2222222222222222,0.7307692307692307,0.23318385650224216
2025-26,2025-12-21,0022500396,ATL,CHI,0,1495.8030690092999,1433.81309393668,0.6360635411295785,0.3639364588704215,-19.081906233887356,19.081906233887356,1476.7211627754125,1452.8950001705673,15,14,12,15,0.5172413793103449,0.4444444444444444,0.5378486055776893
2025-26,2025-12-21,0022500397,BKN,TOR,1,1392.012243121967,1523.4734610207015,0.36464134278661564,0.6353586572133844,19.06075971640153,-19.06075971640153,1411.0730028383684,1504.4127013043,7,19,17,12,0.2692307692307692,0.5862068965517241,0.3147286821705426
2025-26,2025-12-21,0022500398,NYK,MIA,1,1601.1886524930428,1498.4366028842753,0.6884675200671877,0.3115324799328123,9.345974397984369,-9.345974397984369,1610.534626891027,1489.090628486291,19,8,15,13,0.7037037037037037,0.5357142857142857,0.567769477054429
2025-26,2025-12-21,0022500399,WAS,SAS,0,1370.8923458033064,1638.306588593892,0.20785826135338212,0.7921417386466179,-6.235747840601464,6.235747840601464,1364.6565979627048,1644.5423364344936,5,21,20,7,0.19230769230769232,0.7407407407407407,0.20610687022900767
2025-26,2025-12-21,0022500400,MIN,MIL,1,1567.7004041739906,1423.7958887211785,0.736888205461269,0.263111794538731,7.89335383616193,-7.89335383616193,1575.5937580101524,1415.9025348850166,18,10,11,17,0.6428571428571429,0.39285714285714285,0.6206896551724138
2025-26,2025-12-21,0022500401,SAC,HOU,1,1361.6369232175803,1579.4805078792265,0.25873912992492454,0.7412608700750755,22.237826102252264,-22.237826102252264,1383.8747493198325,1557.2426817769742,6,22,17,8,0.21428571428571427,0.68,0.23961661341853033
2025-26,2025-12-22,0022500402,CLE,CHA,1,1457.718294141182,1425.8782187731651,0.5950212211541043,0.4049787788458957,12.149363365376871,-12.149363365376871,1469.8676575065588,1413.7288554077882,15,14,9,19,0.5172413793103449,0.32142857142857145,0.6167400881057268
2025-26,2025-12-22,0022500403,BOS,IND,1,1579.7554167763442,1358.2426041515087,0.8140594571918645,0.18594054280813554,5.578216284244066,-5.578216284244066,1585.3336330605882,1352.6643878672646,17,11,6,22,0.6071428571428571,0.21428571428571427,0.7391304347826086
2025-26,2025-12-22,0022500404,NOP,DAL,1,1393.7156589557235,1467.2000444818254,0.44484191700087106,0.5551580829991289,16.65474248997387,-16.65474248997387,1410.3704014456973,1450.5453019918516,7,22,11,18,0.2413793103448276,0.3793103448275862,0.3888888888888889
2025-26,2025-12-22,0022500405,DEN,UTA,1,1610.6459969247821,1453.7731198535005,0.751104015062014,0.24889598493798604,7.466879548139581,-7.466879548139581,1618.1128764729217,1446.306240305361,20,7,10,17,0.7407407407407407,0.37037037037037035,0.6666666666666666
2025-26,2025-12-22,0022500406,OKC,MEM,1,1678.8863465736838,1481.7019463798906,0.7919238050228795,0.2080761949771205,6.242285849313615,-6.242285849313615,1685.1286324229975,1475.459660530577,25,3,13,15,0.8928571428571429,0.4642857142857143,0.6578947368421053
2025-26,2025-12-22,0022500407,GSW,ORL,1,1486.666473228533,1556.8523020373696,0.4495359274929075,0.5504640725070925,16.513922175212777,-16.513922175212777,1503.180395403746,1540.3383798621567,14,15,16,12,0.4827586206896552,0.5714285714285714,0.45794392523364486
2025-26,2025-12-22,0022500408,POR,DET,0,1474.7250850465837,1630.978162137828,0.3322582831752983,0.6677417168247017,-9.967748495258949,9.967748495258949,1464.7573365513247,1640.945910633087,12,16,22,6,0.42857142857142855,0.7857142857142857,0.35294117647058826
2025-26,2025-12-23,0022500409,CHA,WAS,1,1413.7288554077882,1364.6565979627048,0.6186822549381926,0.3813177450618074,11.439532351854222,-11.439532351854222,1425.1683877596424,1353.2170656108506,9,20,5,22,0.3103448275862069,0.18518518518518517,0.6262886597938144
2025-26,2025-12-23,0022500410,PHI,BKN,0,1544.7527563004824,1411.0730028383684,0.7253185180177046,0.27468148198229536,-21.75955554053114,21.75955554053114,1522.9932007599512,1432.8325583788996,16,11,8,19,0.5925925925925926,0.2962962962962963,0.6666666666666666
2025-26,2025-12-23,0022500411,ATL,CHI,0,1476.7211627754125,1452.8950001705673,0.5838578440929474,0.4161421559070526,-17.515735322788423,17.515735322788423,1459.205427452624,1470.4107354933558,15,15,13,15,0.5,0.4642857142857143,0.5185185185185185
2025-26,2025-12-23,0022500412,CLE,NOP,1,1469.8676575065588,1410.3704014456973,0.6327354410758073,0.36726455892419274,11.017936767725782,-11.017936767725782,1480.8855942742846,1399.3524646779715,16,14,8,22,0.5333333333333333,0.26666666666666666,0.6666666666666666
2025-26,2025-12-23,0022500413,IND,MIL,0,1352.6643878672646,1415.9025348850166,0.4594512857004032,0.5405487142995968,-13.783538571012096,13.783538571012096,1338.8808492962526,1429.6860734560287,6,23,11,18,0.20689655172413793,0.3793103448275862,0.35294117647058826
2025-26,2025-12-23,0022500414,MIA,TOR,0,1489.090628486291,1504.4127013043,0.5282885718624168,0.47171142813758316,-15.848657155872505,15.848657155872505,1473.2419713304184,1520.2613584601727,15,14,17,13,0.5172413793103449,0.5666666666666667,0.4772004241781548
2025-26,2025-12-23,0022500415,DAL,DEN,1,1450.5453019918516,1618.1128764729217,0.3179691985544523,0.6820308014455476,20.46092404336643,-20.46092404336643,1471.006226035218,1597.6519524295552,11,19,21,7,0.36666666666666664,0.75,0.32835820895522383
2025-26,2025-12-23,0022500416,MIN,NYK,1,1575.5937580101524,1610.534626891027,0.5000850965200722,0.49991490347992784,14.997447104397835,-14.997447104397835,1590.5912051145503,1595.5371797866292,19,10,20,8,0.6551724137931034,0.7142857142857143,0.4784172661870504
2025-26,2025-12-23,0022500417,SAS,OKC,1,1644.5423364344936,1685.1286324229975,0.49196136654448996,0.50803863345551,15.2411590036653,-15.2411590036653,1659.7834954381588,1669.8874734193323,21,7,26,3,0.75,0.896551724137931,0.45549738219895286
2025-26,2025-12-23,0022500418,PHX,LAL,1,1532.967712438894,1595.742038639221,0.46011445896113956,0.5398855410388604,16.196566231165814,-16.196566231165814,1549.16427867006,1579.545472408055,15,13,19,8,0.5357142857142857,0.7037037037037037,0.432230522945571
2025-26,2025-12-23,0022500419,UTA,MEM,0,1446.306240305361,1475.459660530577,0.5084131105335132,0.49158688946648676,-15.252393316005397,15.252393316005397,1431.0538469893554,1490.7120538465824,10,18,13,16,0.35714285714285715,0.4482758620689655,0.4434250764525994
2025-26,2025-12-23,0022500420,POR,ORL,0,1464.7573365513247,1540.3383798621567,0.4418633228786724,0.5581366771213276,-13.255899686360172,13.255899686360172,1451.5014368649645,1553.5942795485169,12,17,16,13,0.41379310344827586,0.5517241379310345,0.4285714285714286
2025-26,2025-12-23,0022500421,SAC,DET,0,1383.8747493198325,1640.945910633087,0.2178321812315063,0.7821678187684937,-6.534965436945189,6.534965436945189,1377.3397838828873,1647.480876070032,7,22,23,6,0.2413793103448276,0.7931034482758621,0.23333333333333334
2025-26,2025-12-23,0022500422,LAC,HOU,1,1383.2580423043419,1557.2426817769742,0.3100127063595519,0.6899872936404481,20.699618809213444,-20.699618809213444,1403.9576611135553,1536.5430629677608,7,21,17,9,0.25,0.6538461538461539,0.2765957446808511
2025-26,2025-12-25,0022500009,NYK,CLE,1,1595.5371797866292,1480.8855942742846,0.7029663881130089,0.29703361188699107,8.911008356609733,-8.911008356609733,1604.448188143239,1471.9745859176749,20,9,17,14,0.6896551724137931,0.5483870967741935,0.5570530098831986
2025-26,2025-12-25,0022500010,OKC,SAS,0,1669.8874734193323,1659.7834954381588,0.5645476384864326,0.43545236151356737,-16.93642915459298,16.93642915459298,1652.9510442647393,1676.7199245927518,26,4,22,7,0.8666666666666667,0.7586206896551724,0.5332390381895332
2025-26,2025-12-25,0022500011,GSW,DAL,1,1503.180395403746,1471.006226035218,0.5954845716199776,0.4045154283800224,12.135462851400673,-12.135462851400673,1515.3158582551466,1458.8707631838174,15,15,12,19,0.5,0.3870967741935484,0.5636363636363636
2025-26,2025-12-25,0022500012,LAL,HOU,0,1579.545472408055,1536.5430629677608,0.6104057204975449,0.38959427950245507,-18.31217161492635,18.31217161492635,1561.2333007931286,1554.8552345826872,19,9,17,10,0.6785714285714286,0.6296296296296297,0.5187057633973712
2025-26,2025-12-25,0022500013,DEN,MIN,1,1597.6519524295552,1590.5912051145503,0.5602363006414239,0.43976369935857607,13.192910980757283,-13.192910980757283,1610.8448634103124,1577.3982941337931,21,8,20,10,0.7241379310344828,0.6666666666666666,0.5206611570247934
2025-26,2025-12-26,0022500423,ATL,MIA,0,1459.205427452624,1473.2419713304184,0.530132280469009,0.46986771953099105,-15.903968414070269,15.903968414070269,1443.3014590385537,1489.1459397444887,15,16,15,15,0.4838709677419355,0.5,0.4918032786885246
2025-26,2025-12-26,0022500424,ORL,CHA,0,1553.5942795485169,1425.1683877596424,0.7192521498958417,0.28074785010415826,-21.57756449687525,21.57756449687525,1532.0167150516415,1446.7459522565177,17,13,10,20,0.5666666666666667,0.3333333333333333,0.6296296296296297
2025-26,2025-12-26,0022500425,WAS,TOR,1,1353.2170656108506,1520.2613584601727,0.31862280766722406,0.6813771923327759,20.441315769983277,-20.441315769983277,1373.6583813808338,1499.8200426901894,5,23,18,13,0.17857142857142858,0.5806451612903226,0.23520485584218512
2025-26,2025-12-26,0022500426,IND,BOS,0,1338.8808492962526,1585.3336330605882,0.22842603668574252,0.7715739633142575,-6.852781100572275,6.852781100572275,1332.0280681956804,1592.1864141611604,6,24,18,11,0.2,0.6206896551724138,0.24369747899159663
2025-26,2025-12-26,0022500427,CHI,PHI,1,1470.4107354933558,1522.9932007599512,0.47471837694952734,0.5252816230504727,15.758448691514179,-15.758448691514179,1486.16918418487,1507.234752068437,14,15,16,12,0.4827586206896552,0.5714285714285714,0.45794392523364486
2025-26,2025-12-26,0022500428,MEM,MIL,1,1490.7120538465824,1429.6860734560287,0.6347780078526822,0.36522199214731776,10.956659764419532,-10.956659764419532,1501.668713611002,1418.7294136916091,14,16,12,18,0.4666666666666667,0.4,0.5384615384615384
2025-26,2025-12-26,0022500429,NOP,PHX,0,1399.3524646779715,1549.16427867006,0.3405352383652067,0.6594647616347933,-10.216057150956201,10.216057150956201,1389.1364075270153,1559.3803358210162,8,23,16,13,0.25806451612903225,0.5517241379310345,0.31868131868131866
2025-26,2025-12-26,0022500430,UTA,DET,1,1431.0538469893554,1647.480876070032,0.26030615279256475,0.7396938472074353,22.190815416223057,-22.190815416223057,1453.2446624055785,1625.290060653809,10,19,24,6,0.3448275862068966,0.8,0.30120481927710846
2025-26,2025-12-26,0022500431,POR,LAC,0,1451.5014368649645,1403.9576611135553,0.616604369707057,0.383395630292943,-18.49813109121171,18.49813109121171,1433.0033057737528,1422.455792204767,12,18,8,21,0.4,0.27586206896551724,0.5918367346938775
2025-26,2025-12-27,0022500432,SAC,DAL,1,1377.3397838828873,1458.8707631838174,0.4334340478343439,0.5665659521656561,16.996978564969684,-16.996978564969684,1394.336762447857,1441.8737846188478,7,23,12,20,0.23333333333333334,0.375,0.3835616438356164
2025-26,2025-12-27,0022500433,ORL,DEN,1,1532.0167150516415,1610.8448634103124,0.4372586769749397,0.5627413230250603,16.88223969075181,-16.88223969075181,1548.8989547423932,1593.9626237195607,17,14,22,8,0.5483870967741935,0.7333333333333333,0.42785234899328856
2025-26,2025-12-27,0022500434,NOP,PHX,0,1389.1364075270153,1559.3803358210162,0.3146375172177146,0.6853624827822854,-9.439125516531439,9.439125516531439,1379.6972820104838,1568.8194613375476,8,24,17,13,0.25,0.5666666666666667,0.30612244897959184
2025-26,2025-12-27,0022500435,ATL,NYK,0,1443.3014590385537,1604.448188143239,0.32603818580853716,0.6739618141914628,-9.781145574256115,9.781145574256115,1433.5203134642977,1614.229333717495,15,17,21,9,0.46875,0.7,0.40106951871657753
2025-26,2025-12-27,0022500436,MIA,IND,1,1489.1459397444887,1332.0280681956804,0.7513675730140503,0.24863242698594967,7.458972809578491,-7.458972809578491,1496.6049125540671,1324.569095386102,16,15,6,25,0.5161290322580645,0.1935483870967742,0.7272727272727272
2025-26,2025-12-27,0022500437,CHI,MIL,0,1486.16918418487,1418.7294136916091,0.6432941796231022,0.3567058203768978,-19.298825388693068,19.298825388693068,1466.8703587961768,1438.0282390803022,15,15,12,19,0.5,0.3870967741935484,0.5636363636363636
2025-26,2025-12-27,0022500438,HOU,CLE,1,1554.8552345826872,1471.9745859176749,0.6634207032467896,0.3365792967532104,10.097378902596311,-10.097378902596311,1564.9526134852836,1461.8772070150785,18,10,17,15,0.6428571428571429,0.53125,0.5475285171102662
2025-26,2025-12-27,0022500439,MIN,BKN,0,1577.3982941337931,1432.8325583788996,0.7376255184139225,0.26237448158607746,-22.128765552417676,22.128765552417676,1555.2695285813754,1454.9613239313173,20,11,9,19,0.6451612903225806,0.32142857142857145,0.66746126340882
2025-26,2025-12-27,0022500440,SAS,UTA,0,1676.7199245927518,1453.2446624055785,0.8157633478875265,0.18423665211247353,-24.472900436625793,24.472900436625793,1652.247024156126,1477.7175628422044,23,7,11,19,0.7666666666666667,0.36666666666666664,0.6764705882352942
2025-26,2025-12-28,0022500441,TOR,GSW,1,1499.8200426901894,1515.3158582551466,0.528039329277753,0.471960670722247,14.15882012166741,-14.15882012166741,1513.9788628118567,1501.1570381334793,18,14,16,15,0.5625,0.5161290322580645,0.5214953271028038
2025-26,2025-12-28,0022500442,OKC,PHI,1,1652.9510442647393,1507.234752068437,0.7389053021897873,0.26109469781021266,7.83284093430638,-7.83284093430638,1660.7838851990457,1499.4019111341306,26,5,16,13,0.8387096774193549,0.5517241379310345,0.6032000000000001
2025-26,2025-12-28,0022500443,WAS,MEM,1,1373.6583813808338,1501.668713611002,0.36925585870492755,0.6307441412950725,18.922324238852177,-18.922324238852177,1392.580705619686,1482.74638937215,6,23,15,16,0.20689655172413793,0.4838709677419355,0.2995169082125604
2025-26,2025-12-28,0022500444,POR,BOS,1,1433.0033057737528,1592.1864141611604,0.32852685548741145,0.6714731445125885,20.144194335377655,-20.144194335377655,1453.1475001091305,1572.0422198257827,12,19,19,11,0.3870967741935484,0.6333333333333333,0.3793466807165437
2025-26,2025-12-28,0022500445,LAC,DET,1,1422.455792204767,1625.290060653809,0.2756522052067689,0.7243477947932311,21.73043384379693,-21.73043384379693,1444.1862260485639,1603.559626810012,9,21,24,7,0.3,0.7741935483870968,0.27927927927927926
2025-26,2025-12-28,0022500446,LAL,SAC,1,1561.2333007931286,1394.336762447857,0.7617340330414692,0.23826596695853075,7.1479790087559225,-7.1479790087559225,1568.3812798018846,1387.188783439101,19,10,8,23,0.6551724137931034,0.25806451612903225,0.7174177831912302
2025-26,2025-12-29,0022500447,CHA,MIL,0,1446.7459522565177,1438.0282390803022,0.5625848902671728,0.43741510973282716,-16.877546708015185,16.877546708015185,1429.8684055485026,1454.9057857883174,11,20,13,19,0.3548387096774194,0.40625,0.46622516556291393
2025-26,2025-12-29,0022500448,WAS,PHX,0,1392.580705619686,1568.8194613375476,0.30724399808065617,0.6927560019193438,-9.217319942419685,9.217319942419685,1383.3633856772663,1578.0367812799673,7,23,18,13,0.23333333333333334,0.5806451612903226,0.28665785997357995
2025-26,2025-12-29,0022500449,BKN,GSW,0,1454.9613239313173,1501.1570381334793,0.4838936465437375,0.5161063534562624,-14.516809396312125,14.516809396312125,1440.4445145350053,1515.6738475297914,10,19,16,16,0.3448275862068966,0.5,0.40816326530612246
2025-26,2025-12-29,0022500450,MIA,DEN,1,1496.6049125540671,1593.9626237195607,0.4112113825469984,0.5887886174530016,17.663658523590048,-17.663658523590048,1514.2685710776573,1576.2989651959706,17,15,22,9,0.53125,0.7096774193548387,0.4281072298943948
2025-26,2025-12-29,0022500451,TOR,ORL,1,1513.9788628118567,1548.8989547423932,0.5001149969539451,0.4998850030460549,14.996550091381646,-14.996550091381646,1528.9754129032383,1533.9024046510117,19,14,18,14,0.5757575757575758,0.5625,0.5058236272878537
2025-26,2025-12-29,0022500452,CHI,MIN,0,1466.8703587961768,1555.2695285813754,0.4237518569867966,0.5762481430132034,-12.7125557096039,12.7125557096039,1454.1578030865728,1567.9820842909794,15,16,20,12,0.4838709677419355,0.625,0.4363636363636364
2025-26,2025-12-29,0022500453,HOU,IND,1,1564.9526134852836,1324.569095386102,0.8299446386458188,0.1700553613541812,5.101660840625436,-5.101660840625436,1570.054274325909,1319.4674345454764,19,10,6,26,0.6551724137931034,0.1875,0.7774936061381074
2025-26,2025-12-29,0022500454,NOP,NYK,0,1379.6972820104838,1614.229333717495,0.24074510742970376,0.7592548925702962,-7.222353222891113,7.222353222891113,1372.4749287875927,1621.451686940386,8,25,22,9,0.24242424242424243,0.7096774193548387,0.2546201232032854
2025-26,2025-12-29,0022500455,OKC,ATL,1,1660.7838851990457,1433.5203134642977,0.819018295558476,0.18098170444152395,5.429451133245719,-5.429451133245719,1666.2133363322914,1428.090862331052,27,5,15,18,0.84375,0.45454545454545453,0.649890590809628
2025-26,2025-12-29,0022500456,SAS,CLE,0,1652.247024156126,1461.8772070150785,0.7853857812910066,0.21461421870899344,-23.561573438730196,23.561573438730196,1628.6854507173957,1485.4387804538087,23,8,17,16,0.7419354838709677,0.5151515151515151,0.5902021772939346
2025-26,2025-12-29,0022500457,POR,DAL,1,1453.1475001091305,1441.8737846188478,0.566202246030833,0.433797753969167,13.013932619075009,-13.013932619075009,1466.1614327282055,1428.859851999773,13,19,12,21,0.40625,0.36363636363636365,0.5276752767527675
2025-26,2025-12-30,0022500458,MEM,PHI,0,1482.74638937215,1499.4019111341306,0.526375321149057,0.47362467885094295,-15.79125963447171,15.79125963447171,1466.9551297376781,1515.1931707686024,15,17,16,14,0.46875,0.5333333333333333,0.46777546777546786
2025-26,2025-12-30,0022500459,UTA,BOS,0,1477.7175628422044,1572.0422198257827,0.41544511221272146,0.5845548877872786,-12.463353366381643,12.463353366381643,1465.2542094758228,1584.5055731921643,12,19,19,12,0.3870967741935484,0.6129032258064516,0.3870967741935484
2025-26,2025-12-30,0022500460,LAL,DET,0,1568.3812798018846,1603.559626810012,0.4997433380461096,0.5002566619538904,-14.992300141383287,14.992300141383287,1553.3889796605013,1618.5519269513954,20,10,24,8,0.6666666666666666,0.75,0.4705882352941177
2025-26,2025-12-30,0022500461,LAC,SAC,1,1444.1862260485639,1387.188783439101,0.6293851132889855,0.3706148867110145,11.118446601330435,-11.118446601330435,1455.3046726498942,1376.0703368377706,10,21,8,24,0.3225806451612903,0.25,0.5633802816901409
2025-26,2025-12-31,0022500462,CHA,GSW,0,1429.8684055485026,1515.6738475297914,0.4274018150124408,0.5725981849875592,-12.822054450373223,12.822054450373223,1417.0463510981294,1528.4959019801645,11,21,17,16,0.34375,0.5151515151515151,0.40022050716648294
2025-26,2025-12-31,0022500463,ATL,MIN,1,1428.090862331052,1567.9820842909794,0.3534742448374504,0.6465257551625496,19.395772654876488,-19.395772654876488,1447.4866349859285,1548.586311636103,15,19,21,12,0.4411764705882353,0.6363636363636364,0.4094292803970223
2025-26,2025-12-31,0022500464,IND,ORL,0,1319.4674345454764,1533.9024046510117,0.2625201899789585,0.7374798100210416,-7.875605699368754,7.875605699368754,1311.5918288461075,1541.7780103503806,6,27,18,15,0.18181818181818182,0.5454545454545454,0.25
2025-26,2025-12-31,0022500465,CLE,PHX,1,1485.4387804538087,1578.0367812799673,0.41786091833312833,0.5821390816668717,17.46417245000615,-17.46417245000615,1502.9029529038148,1560.5726088299612,18,16,19,13,0.5294117647058824,0.59375,0.4713584288052374
2025-26,2025-12-31,0022500466,CHI,NOP,1,1454.1578030865728,1372.4749287875927,0.6618793753565602,0.33812062464343984,10.143618739303195,-10.143618739303195,1464.301421825876,1362.3313100482894,15,17,8,26,0.46875,0.23529411764705882,0.6657963446475196
2025-26,2025-12-31,0022500467,SAS,NYK,1,1628.6854507173957,1621.451686940386,0.5604816628416612,0.43951833715833877,13.185550114750162,-13.185550114750162,1641.871000832146,1608.2661368256358,23,9,23,9,0.71875,0.71875,0.5
2025-26,2025-12-31,0022500468,TOR,DEN,0,1528.9754129032383,1576.2989651959706,0.4822724164959434,0.5177275835040567,-14.468172494878301,14.468172494878301,1514.50724040836,1590.7671376908488,20,14,22,10,0.5882352941176471,0.6875,0.4610951008645533
2025-26,2025-12-31,0022500469,MIL,WAS,0,1454.9057857883174,1383.3633856772663,0.648694884966356,0.35130511503364403,-19.46084654899068,19.46084654899068,1435.4449392393267,1402.824232226257,14,19,7,24,0.42424242424242425,0.22580645161290322,0.6526315789473685
2025-26,2025-12-31,0022500470,OKC,POR,1,1666.2133363322914,1466.1614327282055,0.7946306782520841,0.2053693217479159,6.1610796524374765,-6.1610796524374765,1672.3744159847288,1460.000353075768,28,5,14,19,0.8484848484848485,0.42424242424242425,0.6666666666666667
2025-26,2026-01-01,0022500471,BKN,HOU,0,1440.4445145350053,1570.054274325909,0.36711407626595616,0.6328859237340438,-11.013422287978685,11.013422287978685,1429.4310922470265,1581.0676966138878,10,20,20,10,0.3333333333333333,0.6666666666666666,0.3333333333333333
2025-26,2026-01-01,0022500472,DET,MIA,0,1618.5519269513954,1514.2685710776573,0.6903549934362156,0.30964500656378435,-20.71064980308647,20.71064980308647,1597.841277148309,1534.9792208807437,25,8,18,15,0.7575757575757576,0.5454545454545454,0.5813953488372093
2025-26,2026-01-01,0022500473,DAL,PHI,0,1428.859851999773,1515.1931707686024,0.42665831931290965,0.5733416806870903,-12.799749579387289,12.799749579387289,1416.0601024203856,1527.9929203479896,12,22,17,14,0.35294117647058826,0.5483870967741935,0.3915789473684211
2025-26,2026-01-01,0022500474,SAC,BOS,0,1376.0703368377706,1584.5055731921643,0.26926133583907824,0.7307386641609217,-8.077840075172347,8.077840075172347,1367.9924967625982,1592.5834132673367,8,25,20,12,0.24242424242424243,0.625,0.2794759825327511
2025-26,2026-01-01,0022500475,LAC,UTA,1,1455.3046726498942,1465.2542094758228,0.5359881738181715,0.46401182618182846,13.920354785454855,-13.920354785454855,1469.2250274353491,1451.3338546903678,11,21,12,20,0.34375,0.375,0.4782608695652174
2025-26,2026-01-02,0022500476,IND,SAS,0,1311.5918288461075,1641.871000832146,0.15449614943787768,0.8455038505621223,-4.6348844831363305,4.6348844831363305,1306.9569443629712,1646.5058853152823,6,28,24,9,0.17647058823529413,0.7272727272727273,0.1952662721893491
2025-26,2026-01-02,0022500477,WAS,BKN,1,1402.824232226257,1429.4310922470265,0.5120763502943095,0.48792364970569047,14.637709491170714,-14.637709491170714,1417.4619417174276,1414.7933827558559,8,24,10,21,0.25,0.3225806451612903,0.4366197183098592
2025-26,2026-01-02,0022500478,CLE,DEN,1,1502.9029529038148,1590.7671376908488,0.42450403407812864,0.5754959659218714,17.264878977656142,-17.264878977656142,1520.1678318814709,1573.5022587131928,19,16,23,10,0.5428571428571428,0.696969696969697,0.43784916201117313
2025-26,2026-01-02,0022500479,NYK,ATL,0,1608.2661368256358,1447.4866349859285,0.7552843554583066,0.24471564454169337,-22.6585306637492,22.6585306637492,1585.6076061618867,1470.1451656496777,23,10,16,19,0.696969696969697,0.45714285714285713,0.603900975243811
2025-26,2026-01-02,0022500480,CHI,ORL,1,1464.301421825876,1541.7780103503806,0.4391740266596733,0.5608259733403267,16.8247792002098,-16.8247792002098,1481.126201026086,1524.9532311501707,16,17,19,15,0.48484848484848486,0.5588235294117647,0.4645602049530316
2025-26,2026-01-02,0022500481,MIL,CHA,1,1435.4449392393267,1417.0463510981294,0.5762473254257561,0.4237526745742439,12.712580237227318,-12.712580237227318,1448.157519476554,1404.3337708609022,14,20,11,22,0.4117647058823529,0.3333333333333333,0.5526315789473684
2025-26,2026-01-02,0022500482,NOP,POR,0,1362.3313100482894,1460.000353075768,0.41077753756152,0.58922246243848,-12.3233261268456,12.3233261268456,1350.0079839214438,1472.3236792026137,8,27,14,20,0.22857142857142856,0.4117647058823529,0.3569553805774278
2025-26,2026-01-02,0022500483,PHX,SAC,1,1560.5726088299612,1367.9924967625982,0.7875225991361192,0.21247740086388078,6.374322025916424,-6.374322025916424,1566.9469308558776,1361.6181747366818,19,14,8,26,0.5757575757575758,0.23529411764705882,0.7098901098901099
2025-26,2026-01-02,0022500484,GSW,OKC,0,1528.4959019801645,1672.3744159847288,0.34824667076443394,0.6517533292355661,-10.447400122933018,10.447400122933018,1518.0485018572315,1682.8218161076618,18,16,29,5,0.5294117647058824,0.8529411764705882,0.3829787234042553
2025-26,2026-01-02,0022500485,LAL,MEM,1,1553.3889796605013,1466.9551297376781,0.6679725495312565,0.3320274504687435,9.960823514062305,-9.960823514062305,1563.3498031745635,1456.994306223616,20,11,15,18,0.6451612903225806,0.45454545454545453,0.5866666666666667
2025-26,2026-01-03,0022500486,MIA,MIN,0,1534.9792208807437,1548.586311636103,0.530748022429943,0.469251977570057,-15.92244067289829,15.92244067289829,1519.0567802078453,1564.5087523090012,19,15,21,13,0.5588235294117647,0.6176470588235294,0.475
2025-26,2026-01-03,0022500487,NYK,PHI,0,1585.6076061618867,1527.9929203479896,0.6302135346236446,0.3697864653763554,-18.90640603870934,18.90640603870934,1566.7012001231774,1546.899326386699,23,11,18,14,0.6764705882352942,0.5625,0.5459940652818991
2025-26,2026-01-03,0022500488,TOR,ATL,1,1514.50724040836,1470.1451656496777,0.612265414727428,0.387734585272572,11.63203755817716,-11.63203755817716,1526.1392779665373,1458.5131280915004,20,15,17,19,0.5714285714285714,0.4722222222222222,0.5475285171102662
2025-26,2026-01-03,0022500489,CHI,CHA,0,1481.126201026086,1404.3337708609022,0.6555507501468121,0.3444492498531879,-19.666522504404362,19.666522504404362,1461.4596785216816,1424.0002933653066,17,17,11,23,0.5,0.3235294117647059,0.6071428571428572
2025-26,2026-01-03,0022500490,SAS,POR,0,1646.5058853152823,1472.3236792026137,0.769262146931567,0.23073785306843297,-23.07786440794701,23.07786440794701,1623.4280209073352,1495.4015436105608,25,9,15,20,0.7352941176470589,0.42857142857142855,0.631768953068592
2025-26,2026-01-03,0022500491,DAL,HOU,1,1416.0601024203856,1581.0676966138878,0.3211735491874839,0.6788264508125161,20.364793524375486,-20.364793524375486,1436.4248959447611,1560.7029030895123,12,23,21,10,0.34285714285714286,0.6774193548387096,0.33604336043360433
2025-26,2026-01-03,0022500492,GSW,UTA,1,1518.0485018572315,1451.3338546903678,0.6423357800691049,0.35766421993089514,10.729926597926854,-10.729926597926854,1528.7784284551583,1440.603928092441,18,17,12,21,0.5142857142857142,0.36363636363636365,0.5857988165680473
2025-26,2026-01-03,0022500493,LAC,BOS,0,1469.2250274353491,1592.5834132673367,0.37551432879812585,0.6244856712018741,-11.265429863943776,11.265429863943776,1457.9595975714053,1603.8488431312805,12,21,21,12,0.36363636363636365,0.6363636363636364,0.36363636363636365
2025-26,2026-01-04,0022500494,CLE,DET,0,1520.1678318814709,1597.841277148309,0.4388949389079691,0.561105061092031,-13.166848167239072,13.166848167239072,1507.0009837142318,1611.008125315548,20,16,25,9,0.5555555555555556,0.7352941176470589,0.43037974683544306
2025-26,2026-01-04,0022500495,ORL,IND,1,1524.9532311501707,1306.9569443629712,0.8109758814868835,0.1890241185131165,5.670723555393495,-5.670723555393495,1530.6239547055643,1301.2862208075776,19,16,6,29,0.5428571428571428,0.17142857142857143,0.76
2025-26,2026-01-04,0022500496,BKN,DEN,1,1414.7933827558559,1573.5022587131928,0.32912934507357094,0.670870654926429,20.126119647792873,-20.126119647792873,1434.9195024036487,1553.3761390654,10,22,23,11,0.3125,0.6764705882352942,0.3159851301115241
2025-26,2026-01-04,0022500497,MIA,NOP,1,1519.0567802078453,1350.0079839214438,0.7639753528682538,0.2360246471317462,7.0807394139523865,-7.0807394139523865,1526.1375196217978,1342.9272445074914,19,16,8,28,0.5428571428571428,0.2222222222222222,0.7095435684647303
2025-26,2026-01-04,0022500498,WAS,MIN,0,1417.4619417174276,1564.5087523090012,0.34411867336532054,0.6558813266346795,-10.323560200959616,10.323560200959616,1407.138381516468,1574.832312509961,9,24,22,13,0.2727272727272727,0.6285714285714286,0.3025936599423631
2025-26,2026-01-04,0022500499,PHX,OKC,1,1566.9469308558776,1682.8218161076618,0.38566926518371136,0.6143307348162886,18.42992204448866,-18.42992204448866,1585.3768529003662,1664.3918940631731,20,14,30,5,0.5882352941176471,0.8571428571428571,0.4069767441860465
2025-26,2026-01-04,0022500500,SAC,MIL,0,1361.6181747366818,1448.157519476554,0.42636822876683483,0.5736317712331651,-12.791046863005045,12.791046863005045,1348.8271278736768,1460.948566339559,8,27,15,20,0.22857142857142856,0.42857142857142855,0.34782608695652173
2025-26,2026-01-04,0022500501,LAL,MEM,1,1563.3498031745635,1456.994306223616,0.6928990188355807,0.3071009811644193,9.21302943493258,-9.21302943493258,1572.5628326094961,1447.7812767886833,21,11,15,19,0.65625,0.4411764705882353,0.5979899497487438
2025-26,2026-01-05,0022500502,DET,NYK,1,1611.008125315548,1566.7012001231774,0.6121900466315835,0.3878099533684165,11.634298601052496,-11.634298601052496,1622.6424239166006,1555.066901522125,26,9,23,12,0.7428571428571429,0.6571428571428571,0.5306122448979592
2025-26,2026-01-05,0022500503,BOS,CHI,1,1603.8488431312805,1461.4596785216816,0.7351934524855082,0.26480654751449184,7.944196425434756,-7.944196425434756,1611.7930395567153,1453.5154820962468,22,12,17,18,0.6470588235294118,0.4857142857142857,0.5712166172106825
2025-26,2026-01-05,0022500504,TOR,ATL,1,1526.1392779665373,1458.5131280915004,0.6435403334419277,0.35645966655807226,10.693789996742169,-10.693789996742169,1536.8330679632795,1447.8193380947582,21,15,17,20,0.5833333333333334,0.4594594594594595,0.5593952483801296
2025-26,2026-01-05,0022500505,HOU,PHX,1,1560.7029030895123,1585.3768529003662,0.5148560068086637,0.4851439931913363,14.554319795740088,-14.554319795740088,1575.2572228852525,1570.822533104626,21,11,21,14,0.65625,0.6,0.5223880597014925
2025-26,2026-01-05,0022500506,OKC,CHA,0,1664.3918940631731,1424.0002933653066,0.8299512052297334,0.17004879477026658,-24.898536156892003,24.898536156892003,1639.493357906281,1448.8988295221986,30,6,12,23,0.8333333333333334,0.34285714285714286,0.708502024291498
2025-26,2026-01-05,0022500507,PHI,DEN,0,1546.899326386699,1553.3761390654,0.5409561952285515,0.45904380477144846,-16.228685856856547,16.228685856856547,1530.6706405298423,1569.6048249222565,19,14,23,12,0.5757575757575758,0.6571428571428571,0.46699438202247195
2025-26,2026-01-05,0022500508,LAC,GSW,1,1457.9595975714053,1528.7784284551583,0.4486344105692561,0.5513655894307439,16.540967682922314,-16.540967682922314,1474.5005652543277,1512.2374607722359,12,22,19,17,0.35294117647058826,0.5277777777777778,0.40074211502782936
2025-26,2026-01-05,0022500509,POR,UTA,1,1495.4015436105608,1440.603928092441,0.626426488425429,0.37357351157457097,11.20720534723713,-11.20720534723713,1506.6087489577978,1429.396722745204,16,20,12,22,0.4444444444444444,0.35294117647058826,0.5573770491803278
2025-26,2026-01-06,0022500510,IND,CLE,0,1301.2862208075776,1507.0009837142318,0.27235376316495286,0.7276462368350471,-8.170612894948587,8.170612894948587,1293.115607912629,1515.1715966091804,6,30,20,17,0.16666666666666666,0.5405405405405406,0.23566878980891717
2025-26,2026-01-06,0022500511,WAS,ORL,1,1407.138381516468,1530.6239547055643,0.37534265301720776,0.6246573469827923,18.73972040948377,-18.73972040948377,1425.8781019259518,1511.8842342960804,9,25,20,16,0.2647058823529412,0.5555555555555556,0.32270916334661354
2025-26,2026-01-06,0022500512,MEM,SAS,1,1447.7812767886833,1623.4280209073352,0.30796982751465796,0.692030172485342,20.76090517456026,-20.76090517456026,1468.5421819632436,1602.6671157327748,15,20,25,10,0.42857142857142855,0.7142857142857143,0.375
2025-26,2026-01-06,0022500513,MIN,MIA,1,1574.832312509961,1526.1375196217978,0.6181695135306471,0.3818304864693529,11.454914594080588,-11.454914594080588,1586.2872271040414,1514.6826050277173,23,13,20,16,0.6388888888888888,0.5555555555555556,0.5348837209302325
2025-26,2026-01-06,0022500514,NOP,LAL,0,1342.9272445074914,1572.5628326094961,0.24593477532409436,0.7540652246759056,-7.378043259722831,7.378043259722831,1335.5492012477687,1579.9408758692189,8,29,22,11,0.21621621621621623,0.6666666666666666,0.2448979591836735
2025-26,2026-01-06,0022500515,SAC,DAL,0,1348.8271278736768,1436.4248959447611,0.42487874079189114,0.5751212592081089,-12.746362223756734,12.746362223756734,1336.08076564992,1449.1712581685179,8,28,13,23,0.2222222222222222,0.3611111111111111,0.380952380952381
2025-26,2026-01-07,0022500516,CHA,TOR,0,1448.8988295221986,1536.8330679632795,0.42440552021077493,0.5755944797892251,-12.732165606323248,12.732165606323248,1436.1666639158755,1549.5652335696027,13,23,22,15,0.3611111111111111,0.5945945945945946,0.377847604084839
2025-26,2026-01-07,0022500517,DET,CHI,1,1622.6424239166006,1453.5154820962468,0.76405645737541,0.23594354262459005,7.078306278737702,-7.078306278737702,1629.7207301953383,1446.4371758175091,27,9,17,19,0.75,0.4722222222222222,0.6136363636363635
2025-26,2026-01-07,0022500518,PHI,WAS,1,1530.6706405298423,1425.8781019259518,0.6909812082789678,0.3090187917210322,9.270563751630966,-9.270563751630966,1539.9412042814733,1416.6075381743208,19,15,10,25,0.5588235294117647,0.2857142857142857,0.6616915422885572
2025-26,2026-01-07,0022500519,ATL,NOP,1,1447.8193380947582,1335.5492012477687,0.7000960019559243,0.29990399804407575,8.997119941322273,-8.997119941322273,1456.8164580360806,1326.5520813064463,17,21,8,30,0.4473684210526316,0.21052631578947367,0.6799999999999999
2025-26,2026-01-07,0022500520,BOS,DEN,0,1611.7930395567153,1569.6048249222565,0.6092905553614579,0.39070944463854207,-18.278716660843738,18.278716660843738,1593.5143228958716,1587.8835415831002,23,12,24,12,0.6571428571428571,0.6666666666666666,0.49640287769784175
2025-26,2026-01-07,0022500521,BKN,ORL,0,1434.9195024036487,1511.8842342960804,0.4398998757326441,0.5601001242673559,-13.196996271979323,13.196996271979323,1421.7225061316694,1525.0812305680597,11,22,20,17,0.3333333333333333,0.5405405405405406,0.38144329896907214
2025-26,2026-01-07,0022500522,NYK,LAC,1,1555.066901522125,1474.5005652543277,0.6604394819977328,0.33956051800226716,10.186815540068014,-10.186815540068014,1565.253717062193,1464.3137497142598,23,13,13,22,0.6388888888888888,0.37142857142857144,0.6323644933228594
2025-26,2026-01-07,0022500523,SAS,LAL,1,1602.6671157327748,1579.9408758692189,0.5823186410501501,0.4176813589498499,12.530440768495497,-12.530440768495497,1615.1975565012704,1567.4104351007234,25,11,23,11,0.6944444444444444,0.6764705882352942,0.5065554231227651
2025-26,2026-01-07,0022500524,MEM,PHX,0,1468.5421819632436,1570.822533104626,0.40436820190493233,0.5956317980950676,-12.13104605714797,12.13104605714797,1456.4111359060955,1582.953579161774,16,20,21,15,0.4444444444444444,0.5833333333333334,0.43243243243243246
2025-26,2026-01-07,0022500525,OKC,UTA,1,1639.493357906281,1429.396722745204,0.8039062262687201,0.1960937737312799,5.882813211938397,-5.882813211938397,1645.3761711182194,1423.5139095332656,30,7,12,23,0.8108108108108109,0.34285714285714286,0.7028112449799196
2025-26,2026-01-07,0022500526,GSW,MIL,1,1512.2374607722359,1460.948566339559,0.6216879289359014,0.3783120710640986,11.349362131922957,-11.349362131922957,1523.586822904159,1449.599204207636,19,18,16,20,0.5135135135135135,0.4444444444444444,0.5360501567398119
2025-26,2026-01-07,0022500527,POR,HOU,1,1506.6087489577978,1575.2572228852525,0.4517267862247561,0.548273213775244,16.448196413257318,-16.448196413257318,1523.0569453710552,1558.8090264719951,17,20,22,11,0.4594594594594595,0.6666666666666666,0.40800000000000003
2025-26,2026-01-08,0022500528,CHA,IND,0,1436.1666639158755,1293.115607912629,0.73593456346834,0.26406543653166004,-22.078036904050197,22.078036904050197,1414.0886270118253,1315.1936448166791,13,24,6,31,0.35135135135135137,0.16216216216216217,0.6842105263157894
2025-26,2026-01-08,0022500530,MIN,CLE,1,1586.2872271040414,1515.1715966091804,0.6481348274978972,0.3518651725021028,10.555955175063085,-10.555955175063085,1596.8431822791044,1504.6156414341174,24,13,21,17,0.6486486486486487,0.5526315789473685,0.5399644760213144
2025-26,2026-01-08,0022500531,UTA,DAL,1,1423.5139095332656,1449.1712581685179,0.5134419163569872,0.4865580836430128,14.596742509290383,-14.596742509290383,1438.110652042556,1434.5745156592275,12,24,14,23,0.3333333333333333,0.3783783783783784,0.4683544303797468
2025-26,2026-01-09,0022500532,BOS,TOR,1,1593.5143228958716,1549.5652335696027,0.6117008933143998,0.3882991066856002,11.648973200568006,-11.648973200568006,1605.1632960964396,1537.9162603690347,23,13,23,15,0.6388888888888888,0.6052631578947368,0.5135135135135136
2025-26,2026-01-09,0022500533,ORL,PHI,0,1525.0812305680597,1539.9412042814733,0.5289514069701373,0.4710485930298627,-15.86854220910412,15.86854220910412,1509.2126883589556,1555.8097464905775,21,17,20,15,0.5526315789473685,0.5714285714285714,0.49163879598662213
2025-26,2026-01-09,0022500534,WAS,NOP,0,1416.6075381743208,1326.5520813064463,0.6725799480006434,0.32742005199935664,-20.1773984400193,20.1773984400193,1396.4301397343015,1346.7294797464656,10,26,8,31,0.2777777777777778,0.20512820512820512,0.5752212389380531
2025-26,2026-01-09,0022500535,BKN,LAC,0,1421.7225061316694,1464.3137497142598,0.4890770604337249,0.5109229395662751,-14.672311813011747,14.672311813011747,1407.0501943186578,1478.9860615272714,11,23,13,23,0.3235294117647059,0.3611111111111111,0.4725536992840096
2025-26,2026-01-09,0022500536,MEM,OKC,0,1456.4111359060955,1645.3761711182194,0.29187521000229044,0.7081247899977096,-8.756256300068713,8.756256300068713,1447.6548796060267,1654.1324274182882,16,21,31,7,0.43243243243243246,0.8157894736842105,0.34643874643874645
2025-26,2026-01-09,0022500537,DEN,ATL,0,1587.8835415831002,1456.8164580360806,0.7223119960478938,0.27768800395210624,-21.66935988143681,21.66935988143681,1566.2141817016634,1478.4858179175174,25,12,18,21,0.6756756756756757,0.46153846153846156,0.5941499085923218
2025-26,2026-01-09,0022500538,PHX,NYK,1,1582.953579161774,1565.253717062193,0.5752648614682703,0.42473513853172973,12.742054155951891,-12.742054155951891,1595.6956333177259,1552.511662906241,22,15,24,13,0.5945945945945946,0.6486486486486487,0.47826086956521735
2025-26,2026-01-09,0022500539,GSW,SAC,1,1523.586822904159,1336.08076564992,0.7825940606625242,0.21740593933747576,6.522178180124273,-6.522178180124273,1530.1090010842831,1329.5585874697958,20,18,8,29,0.5263157894736842,0.21621621621621623,0.7088122605363985
2025-26,2026-01-09,0022500540,POR,HOU,1,1523.0569453710552,1558.8090264719951,0.4989176699831734,0.5010823300168266,15.032469900504797,-15.032469900504797,1538.08941527156,1543.7765565714903,18,20,22,12,0.47368421052631576,0.6470588235294118,0.42265193370165743
2025-26,2026-01-09,0022500541,LAL,MIL,0,1567.4104351007234,1449.599204207636,0.7067501340316592,0.2932498659683408,-21.202504020949775,21.202504020949775,1546.2079310797735,1470.8017082285858,23,12,16,21,0.6571428571428571,0.43243243243243246,0.6031183557760454
2025-26,2026-01-10,0022500542,CLE,MIN,1,1504.6156414341174,1596.8431822791044,0.4183797559115374,0.5816202440884626,17.448607322653878,-17.448607322653878,1522.0642487567713,1579.3945749564505,21,18,25,13,0.5384615384615384,0.6578947368421053,0.4500846023688663
2025-26,2026-01-10,0022500543,IND,MIA,1,1315.1936448166791,1514.6826050277173,0.27951380549222005,0.72048619450778,21.6145858352334,-21.6145858352334,1336.8082306519125,1493.068019192484,7,31,20,17,0.18421052631578946,0.5405405405405406,0.254170755642787
2025-26,2026-01-10,0022500544,DET,LAC,0,1629.7207301953383,1478.9860615272714,0.7444399345879025,0.2555600654120975,-22.333198037637075,22.333198037637075,1607.3875321577013,1501.3192595649084,28,9,14,23,0.7567567567567568,0.3783783783783784,0.6666666666666667
2025-26,2026-01-10,0022500545,BOS,SAS,0,1605.1632960964396,1615.1975565012704,0.5358668763149885,0.4641331236850115,-16.076006289449655,16.076006289449655,1589.08728980699,1631.27356279072,24,13,26,11,0.6486486486486487,0.7027027027027027,0.48000000000000004
2025-26,2026-01-10,0022500546,CHI,DAL,1,1446.4371758175091,1434.5745156592275,0.5670347593682641,0.4329652406317359,12.988957218952077,-12.988957218952077,1459.4261330364611,1421.5855584402755,17,20,14,24,0.4594594594594595,0.3684210526315789,0.5549828178694158
2025-26,2026-01-10,0022500547,UTA,CHA,0,1438.110652042556,1414.0886270118253,0.5841317582967367,0.4158682417032633,-17.5239527489021,17.5239527489021,1420.586699293654,1431.6125797607274,13,24,13,25,0.35135135135135137,0.34210526315789475,0.5066666666666667
2025-26,2026-01-11,0022500548,ORL,NOP,1,1509.2126883589556,1346.7294797464656,0.7570925007844982,0.2429074992155018,7.287224976465055,-7.287224976465055,1516.4999133354206,1339.4422547700005,21,18,9,31,0.5384615384615384,0.225,0.7052896725440806
2025-26,2026-01-11,0022500549,MEM,BKN,1,1447.6548796060267,1407.0501943186578,0.60711840423912,0.39288159576088,11.7864478728264,-11.7864478728264,1459.441327478853,1395.2637464458314,16,22,11,24,0.42105263157894735,0.3142857142857143,0.5725971370143149
2025-26,2026-01-11,0022500550,TOR,PHI,1,1537.9162603690347,1555.8097464905775,0.5245983782143747,0.4754016217856253,14.262048653568758,-14.262048653568758,1552.1783090226036,1541.5476978370086,23,16,21,15,0.5897435897435898,0.5833333333333334,0.5027322404371585
2025-26,2026-01-11,0022500551,POR,NYK,0,1538.08941527156,1552.511662906241,0.5295791872886767,0.4704208127113233,-15.8873756186603,15.8873756186603,1522.2020396528997,1568.3990385249015,19,20,24,14,0.48717948717948717,0.631578947368421,0.43546441495778043
2025-26,2026-01-11,0022500552,MIN,SAS,1,1579.3945749564505,1631.27356279072,0.4757282760605595,0.5242717239394405,15.728151718183216,-15.728151718183216,1595.1227266746337,1615.5454110725368,25,14,27,11,0.6410256410256411,0.7105263157894737,0.4742885671492761
2025-26,2026-01-11,0022500553,OKC,MIA,1,1654.1324274182882,1493.068019192484,0.7555873593560848,0.2444126406439152,7.332379219317456,-7.332379219317456,1661.4648066376058,1485.7356399731664,32,7,20,18,0.8205128205128205,0.5263157894736842,0.6092184368737474
2025-26,2026-01-11,0022500554,DEN,MIL,1,1566.2141817016634,1470.8017082285858,0.6793343746669493,0.32066562533305065,9.619968759991519,-9.619968759991519,1575.8341504616549,1461.1817394685943,25,13,17,21,0.6578947368421053,0.4473684210526316,0.5952380952380952
2025-26,2026-01-11,0022500555,PHX,WAS,1,1595.6956333177259,1396.4301397343015,0.7938909290114243,0.20610907098857567,6.18327212965727,-6.18327212965727,1601.8789054473832,1390.2468676046442,23,15,10,27,0.6052631578947368,0.2702702702702703,0.6913078797725426
2025-26,2026-01-11,0022500556,GSW,ATL,0,1530.1090010842831,1478.4858179175174,0.6221404077530099,0.37785959224699006,-18.664212232590298,18.664212232590298,1511.444788851693,1497.1500301501076,21,18,19,21,0.5384615384615384,0.475,0.5313092979127134
2025-26,2026-01-11,0022500557,SAC,HOU,1,1329.5585874697958,1543.7765565714903,0.26276210290879365,0.7372378970912064,22.11713691273619,-22.11713691273619,1351.675724382532,1521.6594196587541,8,30,22,13,0.21052631578947367,0.6285714285714286,0.25089605734767023
2025-26,2026-01-12,0022500558,CLE,UTA,0,1522.0642487567713,1420.586699293654,0.6868917917311445,0.31310820826885555,-20.606753751934335,20.606753751934335,1501.457495004837,1441.1934530455883,22,18,13,25,0.55,0.34210526315789475,0.616519174041298
2025-26,2026-01-12,0022500559,IND,BOS,1,1336.8082306519125,1589.08728980699,0.22256881341406043,0.7774311865859396,23.322935597578187,-23.322935597578187,1360.1311662494907,1565.7643542094117,8,31,24,14,0.20512820512820512,0.631578947368421,0.24516129032258066
2025-26,2026-01-12,0022500560,TOR,PHI,0,1552.1783090226036,1541.5476978370086,0.5652927475978137,0.43470725240218633,-16.95878242793441,16.95878242793441,1535.219526594669,1558.506480264943,24,16,21,16,0.6,0.5675675675675675,0.5138888888888888
2025-26,2026-01-12,0022500561,DAL,BKN,1,1421.5855584402755,1395.2637464458314,0.5873440879058097,0.4126559120941903,12.379677362825708,-12.379677362825708,1433.9652358031012,1382.8840690830057,14,25,11,25,0.358974358974359,0.3055555555555556,0.540192926045016
2025-26,2026-01-12,0022500562,SAC,LAL,1,1351.675724382532,1546.2079310797735,0.2852960062574893,0.7147039937425107,21.44111981227532,-21.44111981227532,1373.1168441948073,1524.7668112674983,9,30,23,13,0.23076923076923078,0.6388888888888888,0.2653562653562654
2025-26,2026-01-12,0022500563,LAC,CHA,1,1501.3192595649084,1431.6125797607274,0.6462829474613064,0.35371705253869357,10.611511576160806,-10.611511576160806,1511.9307711410693,1421.0010681845665,15,23,14,25,0.39473684210526316,0.358974358974359,0.5237242614145031
2025-26,2026-01-13,0022500564,MIA,PHX,1,1485.7356399731664,1601.8789054473832,0.3853032941692352,0.6146967058307649,18.440901174922946,-18.440901174922946,1504.1765411480894,1583.4380042724601,20,19,24,15,0.5128205128205128,0.6153846153846154,0.45454545454545453
2025-26,2026-01-13,0022500565,HOU,CHI,1,1521.6594196587541,1459.4261330364611,0.6363877028004796,0.3636122971995204,10.908368915985612,-10.908368915985612,1532.5677885747398,1448.5177641204755,22,14,18,20,0.6111111111111112,0.47368421052631576,0.5633423180592992
2025-26,2026-01-13,0022500566,MIL,MIN,0,1461.1817394685943,1595.1227266746337,0.36134064212314254,0.6386593578768575,-10.840219263694276,10.840219263694276,1450.3415202049,1605.962945938328,17,22,26,14,0.4358974358974359,0.65,0.4014167650531286
2025-26,2026-01-13,0022500567,NOP,DEN,0,1339.4422547700005,1575.8341504616549,0.2387936037264953,0.7612063962735047,-7.163808111794859,7.163808111794859,1332.2784466582057,1582.9979585734498,9,32,26,13,0.21951219512195122,0.6666666666666666,0.24770642201834864
2025-26,2026-01-13,0022500568,OKC,SAS,1,1661.4648066376058,1615.5454110725368,0.6143914393179032,0.3856085606820968,11.568256820462905,-11.568256820462905,1673.0330634580687,1603.977154252074,33,7,27,12,0.825,0.6923076923076923,0.5437262357414449
2025-26,2026-01-13,0022500569,LAL,ATL,1,1524.7668112674983,1497.1500301501076,0.5891496444610503,0.41085035553894966,12.32551066616849,-12.32551066616849,1537.0923219336667,1484.8245194839392,23,14,20,21,0.6216216216216216,0.4878048780487805,0.560308972073678
2025-26,2026-01-13,0022500570,GSW,POR,1,1511.444788851693,1522.2020396528997,0.534831610416356,0.46516838958364404,13.955051687509322,-13.955051687509322,1525.3998405392022,1508.2469879653904,21,19,19,21,0.525,0.475,0.525
2025-26,2026-01-14,0022500571,IND,TOR,0,1360.1311662494907,1535.219526594669,0.3086552991073695,0.6913447008926306,-9.259658973221084,9.259658973221084,1350.8715072762695,1544.4791855678902,9,31,24,17,0.225,0.5853658536585366,0.2776523702031603
2025-26,2026-01-14,0022500572,PHI,CLE,0,1558.506480264943,1501.457495004837,0.6294543195039836,0.37054568049601644,-18.883629585119508,18.883629585119508,1539.6228506798236,1520.3411245899565,22,16,22,19,0.5789473684210527,0.5365853658536586,0.5189873417721519
2025-26,2026-01-14,0022500573,CHI,UTA,1,1448.5177641204755,1441.1934530455883,0.5606100601438418,0.43938993985615815,13.181698195684744,-13.181698195684744,1461.6994623161602,1428.0117548499036,18,21,14,25,0.46153846153846156,0.358974358974359,0.5625
2025-26,2026-01-14,0022500574,NOP,BKN,1,1332.2784466582057,1382.8840690830057,0.4775567950510434,0.5224432049489566,15.673296148468697,-15.673296148468697,1347.9517428066745,1367.2107729345369,9,33,11,26,0.21428571428571427,0.2972972972972973,0.4188679245283019
2025-26,2026-01-14,0022500575,DAL,DEN,0,1433.9652358031012,1582.9979585734498,0.3415431156056661,0.6584568843943339,-10.246293468169982,10.246293468169982,1423.7189423349312,1593.2442520416198,15,25,27,13,0.375,0.675,0.35714285714285715
2025-26,2026-01-14,0022500576,SAC,NYK,1,1373.1168441948073,1568.3990385249015,0.28441652082632934,0.7155834791736706,21.46750437521012,-21.46750437521012,1394.5843485700175,1546.9315341496913,10,30,25,14,0.25,0.6410256410256411,0.2805755395683453
2025-26,2026-01-14,0022500577,LAC,WAS,1,1511.9307711410693,1390.2468676046442,0.7113490472413536,0.2886509527586464,8.65952858275939,-8.65952858275939,1520.5902997238286,1381.5873390218849,16,23,10,28,0.41025641025641024,0.2631578947368421,0.6092184368737474
2025-26,2026-01-15,0022500578,ORL,MEM,1,1516.4999133354206,1459.441327478853,0.6294672096185947,0.3705327903814053,11.115983711442158,-11.115983711442158,1527.6158970468628,1448.325343767411,22,18,17,22,0.55,0.4358974358974359,0.5578673602080625
2025-26,2026-01-15,0022500579,DET,PHX,1,1607.3875321577013,1583.4380042724601,0.5840303768646806,0.4159696231353194,12.47908869405958,-12.47908869405958,1619.866620851761,1570.9589155784006,28,10,24,16,0.7368421052631579,0.6,0.5511811023622047
2025-26,2026-01-15,0022500580,MIA,BOS,0,1504.1765411480894,1565.7643542094117,0.46181157862659966,0.5381884213734003,-13.85434735879799,13.85434735879799,1490.3221937892915,1579.6187015682096,21,19,24,15,0.525,0.6153846153846154,0.4603709949409781
2025-26,2026-01-15,0022500581,HOU,OKC,0,1532.5677885747398,1673.0330634580687,0.35271942968822734,0.6472805703117727,-10.58158289064682,10.58158289064682,1521.986205684093,1683.6146463487155,23,14,34,7,0.6216216216216216,0.8292682926829268,0.4284416174466152
2025-26,2026-01-15,0022500582,SAS,MIL,1,1603.977154252074,1450.3415202049,0.747603972464197,0.25239602753580304,7.571880826074091,-7.571880826074091,1611.5490350781479,1442.769639378826,27,13,17,23,0.675,0.425,0.6136363636363636
2025-26,2026-01-15,0022500583,DAL,UTA,1,1423.7189423349312,1428.0117548499036,0.5440764877684202,0.4559235122315798,13.677705366947393,-13.677705366947393,1437.3966477018785,1414.3340494829563,15,26,14,26,0.36585365853658536,0.35,0.5110732538330495
2025-26,2026-01-15,0022500584,GSW,NYK,1,1525.3998405392022,1546.9315341496913,0.5193727479989878,0.4806272520010122,14.418817560030366,-14.418817560030366,1539.8186580992326,1532.5127165896608,22,19,25,15,0.5365853658536586,0.625,0.46194225721784776
2025-26,2026-01-15,0022500585,POR,ATL,1,1508.2469879653904,1484.8245194839392,0.5832931133872956,0.4167068866127044,12.501206598381131,-12.501206598381131,1520.7481945637714,1472.3233128855582,19,22,20,22,0.4634146341463415,0.47619047619047616,0.4932014833127318
2025-26,2026-01-15,0022500586,LAL,CHA,0,1537.0923219336667,1421.0010681845665,0.7046939193069163,0.29530608069308373,-21.14081757920749,21.14081757920749,1515.951504354459,1442.141885763774,24,14,14,26,0.631578947368421,0.35,0.6434316353887399
2025-26,2026-01-16,0022500587,BKN,CHI,1,1367.2107729345369,1461.6994623161602,0.41521581985700906,0.5847841801429909,17.543525404289728,-17.543525404289728,1384.7542983388266,1444.1559369118704,11,27,19,21,0.2894736842105263,0.475,0.37865748709122204
2025-26,2026-01-16,0022500588,IND,NOP,1,1350.8715072762695,1347.9517428066745,0.5543552732794168,0.4456447267205832,13.369341801617496,-13.369341801617496,1364.240849077887,1334.582401005057,9,32,10,33,0.21951219512195122,0.23255813953488372,0.48557089084065247
2025-26,2026-01-16,0022500589,PHI,CLE,0,1539.6228506798236,1520.3411245899565,0.5774882242545823,0.42251177574541765,-17.32464672763747,17.32464672763747,1522.2982039521862,1537.665771317594,22,17,23,19,0.5641025641025641,0.5476190476190477,0.5074135090609555
2025-26,2026-01-16,0022500590,TOR,LAC,0,1544.4791855678902,1520.5902997238286,0.5839455683813234,0.4160544316186766,-17.5183670514397,17.5183670514397,1526.9608185164504,1538.1086667752684,25,17,17,23,0.5952380952380952,0.425,0.5834305717619603
2025-26,2026-01-16,0022500591,HOU,MIN,1,1521.986205684093,1605.962945938328,0.4299799931182161,0.5700200068817839,17.100600206453517,-17.100600206453517,1539.0868058905464,1588.8623457318745,23,15,27,14,0.6052631578947368,0.6585365853658537,0.47892331132554594
2025-26,2026-01-16,0022500592,SAC,WAS,1,1394.5843485700175,1381.5873390218849,0.5686371693806802,0.4313628306193198,12.940884918579593,-12.940884918579593,1407.525233488597,1368.6464541033054,11,30,10,29,0.2682926829268293,0.2564102564102564,0.5113230035756854
2025-26,2026-01-17,0022500593,DAL,UTA,1,1437.3966477018785,1414.3340494829563,0.5827895038191128,0.41721049618088724,12.516314885426617,-12.516314885426617,1449.9129625873052,1401.8177345975296,16,26,14,27,0.38095238095238093,0.34146341463414637,0.5273311897106109
2025-26,2026-01-17,0022500594,ATL,BOS,0,1472.3233128855582,1579.6187015682096,0.3974346249666234,0.6025653750333766,-11.923038748998703,11.923038748998703,1460.4002741365593,1591.5417403172085,20,23,25,15,0.46511627906976744,0.625,0.4266666666666667
2025-26,2026-01-17,0022500595,DET,IND,1,1619.866620851761,1364.240849077887,0.8419722524453063,0.15802774755469373,4.740832426640812,-4.740832426640812,1624.6074532784016,1359.5000166512464,29,10,10,32,0.7435897435897436,0.23809523809523808,0.7574626865671642
2025-26,2026-01-17,0022500596,NYK,PHX,0,1532.5127165896608,1570.9589155784006,0.4950406836290655,0.5049593163709345,-14.851220508871965,14.851220508871965,1517.6614960807888,1585.8101360872727,25,16,24,17,0.6097560975609756,0.5853658536585366,0.5102040816326531
2025-26,2026-01-17,0022500597,MIA,OKC,1,1490.3221937892915,1683.6146463487155,0.28675340127230203,0.7132465987276979,21.397397961830936,-21.397397961830936,1511.7195917511224,1662.2172483868846,21,20,35,7,0.5121951219512195,0.8333333333333334,0.38066465256797577
2025-26,2026-01-17,0022500598,SAS,MIN,1,1611.5490350781479,1588.8623457318745,0.5822632650237458,0.4177367349762542,12.532102049287626,-12.532102049287626,1624.0811371274356,1576.3302436825868,28,13,27,15,0.6829268292682927,0.6428571428571429,0.5151116951379764
2025-26,2026-01-17,0022500599,GSW,CHA,1,1539.8186580992326,1442.141885763774,0.6821671056141849,0.3178328943858151,9.534986831574452,-9.534986831574452,1549.3536449308071,1432.6068989321996,23,19,15,26,0.5476190476190477,0.36585365853658536,0.5994914176732359
2025-26,2026-01-17,0022500600,DEN,WAS,1,1593.2442520416198,1368.6464541033054,0.8167325388512645,0.1832674611487355,5.498023834462065,-5.498023834462065,1598.742275876082,1363.1484302688432,28,13,10,30,0.6829268292682927,0.25,0.7320261437908497
2025-26,2026-01-17,0022500601,POR,LAL,1,1520.7481945637714,1515.951504354459,0.557022872261736,0.44297712773826403,13.28931383214792,-13.28931383214792,1534.0375083959193,1502.6621905223112,20,22,24,15,0.47619047619047616,0.6153846153846154,0.43624161073825496
2025-26,2026-01-18,0022500602,MEM,ORL,1,1448.325343767411,1527.6158970468628,0.43660381072586085,0.5633961892741391,16.901885678224176,-16.901885678224176,1465.2272294456352,1510.7140113686387,17,23,23,18,0.425,0.5609756097560976,0.4310451453308596
2025-26,2026-01-18,0022500603,CHI,BKN,1,1444.1559369118704,1384.7542983388266,0.6326075247642075,0.36739247523579255,11.021774257073776,-11.021774257073776,1455.1777111689441,1373.732524081753,19,22,12,27,0.4634146341463415,0.3076923076923077,0.6009732360097324
2025-26,2026-01-18,0022500604,HOU,NOP,1,1539.0868058905464,1334.582401005057,0.7987818410301311,0.20121815896986894,6.036544769096068,-6.036544769096068,1545.1233506596425,1328.5458562359609,24,15,10,34,0.6153846153846154,0.22727272727272727,0.7302904564315352
2025-26,2026-01-18,0022500605,DEN,CHA,0,1598.742275876082,1432.6068989321996,0.7609378819908468,0.23906211800915322,-22.828136459725403,22.828136459725403,1575.9141394163566,1455.4350353919249,29,13,15,27,0.6904761904761905,0.35714285714285715,0.6590909090909091
2025-26,2026-01-18,0022500606,SAC,POR,0,1407.525233488597,1534.0375083959193,0.3712665805050606,0.6287334194949394,-11.137997415151819,11.137997415151819,1396.3872360734451,1545.1755058110712,12,30,21,22,0.2857142857142857,0.4883720930232558,0.36909871244635195
2025-26,2026-01-18,0022500607,LAL,TOR,1,1502.6621905223112,1526.9608185164504,0.5153956439606554,0.4846043560393446,14.538130681180338,-14.538130681180338,1517.2003212034915,1512.4226878352702,24,16,25,18,0.6,0.5813953488372093,0.5078740157480315
2025-26,2026-01-19,0022500014,ATL,MIL,0,1460.4002741365593,1442.769639378826,0.575167489844383,0.42483251015561696,-17.255024695331493,17.255024695331493,1443.1452494412279,1460.0246640741575,20,24,17,24,0.45454545454545453,0.4146341463414634,0.5229591836734694
2025-26,2026-01-19,0022500015,CLE,OKC,0,1537.665771317594,1662.2172483868846,0.3739051455945837,0.6260948544054163,-11.21715436783751,11.21715436783751,1526.4486169497563,1673.4344027547222,24,19,35,8,0.5581395348837209,0.813953488372093,0.4067796610169491
2025-26,2026-01-19,0022500016,NYK,DAL,0,1517.6614960807888,1449.9129625873052,0.6437019259499224,0.35629807405007763,-19.31105777849767,19.31105777849767,1498.3504383022912,1469.2240203658027,25,17,17,26,0.5952380952380952,0.3953488372093023,0.6008943543879263
2025-26,2026-01-19,0022500017,DET,BOS,1,1624.6074532784016,1591.5417403172085,0.5967202065093613,0.4032797934906387,12.09839380471916,-12.09839380471916,1636.7058470831207,1579.4433465124894,30,10,26,15,0.75,0.6341463414634146,0.5418502202643172
2025-26,2026-01-19,0022500608,WAS,LAC,0,1363.1484302688432,1538.1086667752684,0.30881270293521706,0.691187297064783,-9.264381088056512,9.264381088056512,1353.8840491807866,1547.373047863325,10,31,18,23,0.24390243902439024,0.43902439024390244,0.35714285714285715
2025-26,2026-01-19,0022500609,PHI,IND,1,1522.2982039521862,1359.5000166512464,0.7574257922680905,0.24257420773190952,7.277226231957286,-7.277226231957286,1529.5754301841434,1352.2227904192891,22,18,10,33,0.55,0.23255813953488372,0.7028231797919763
2025-26,2026-01-19,0022500610,BKN,PHX,0,1373.732524081753,1585.8101360872727,0.2651558490885921,0.7348441509114079,-7.954675472657763,7.954675472657763,1365.7778486090951,1593.7648115599304,12,28,25,17,0.3,0.5952380952380952,0.3351063829787234
2025-26,2026-01-19,0022500611,SAS,UTA,1,1624.0811371274356,1401.8177345975296,0.8147125862963818,0.18528741370361823,5.558622411108547,-5.558622411108547,1629.639759538544,1396.2591121864211,29,13,14,28,0.6904761904761905,0.3333333333333333,0.6744186046511629
2025-26,2026-01-19,0022500612,GSW,MIA,1,1549.3536449308071,1511.7195917511224,0.6030321507715113,0.3969678492284887,11.909035476854662,-11.909035476854662,1561.2626804076617,1499.8105562742678,24,19,22,20,0.5581395348837209,0.5238095238095238,0.5158648925281474
2025-26,2026-01-20,0022500613,PHI,PHX,0,1529.5754301841434,1593.7648115599304,0.4580916579092978,0.5419083420907023,-13.742749737278933,13.742749737278933,1515.8326804468645,1607.5075612972093,23,18,26,17,0.5609756097560976,0.6046511627906976,0.4812652068126521
2025-26,2026-01-20,0022500614,CHI,LAC,1,1455.1777111689441,1547.373047863325,0.4184248671025118,0.5815751328974882,17.447253986924647,-17.447253986924647,1472.6249651558687,1529.9257938764003,20,22,19,23,0.47619047619047616,0.4523809523809524,0.5128205128205128
2025-26,2026-01-20,0022500615,HOU,SAS,1,1545.1233506596425,1629.639759538544,0.4292187446940349,0.570781255305965,17.12343765917895,-17.12343765917895,1562.2467883188215,1612.516321879365,25,15,30,13,0.625,0.6976744186046512,0.47252747252747257
2025-26,2026-01-20,0022500616,UTA,MIN,1,1396.2591121864211,1576.3302436825868,0.3025685086209558,0.6974314913790443,20.922944741371328,-20.922944741371328,1417.1820569277925,1555.4072989412155,14,29,27,16,0.32558139534883723,0.627906976744186,0.34146341463414637
2025-26,2026-01-20,0022500617,DEN,LAL,0,1575.9141394163566,1517.2003212034915,0.6316868147799063,0.3683131852200937,-18.95060444339719,18.95060444339719,1556.9635349729595,1536.1509256468887,29,14,25,16,0.6744186046511628,0.6097560975609756,0.5251766784452296
2025-26,2026-01-20,0022500618,GSW,TOR,0,1561.2626804076617,1512.4226878352702,0.6183667815274445,0.3816332184725555,-18.551003445823333,18.551003445823333,1542.7116769618383,1530.9736912810936,25,19,25,19,0.5681818181818182,0.5681818181818182,0.5
2025-26,2026-01-20,0022500619,SAC,MIA,0,1396.3872360734451,1499.8105562742678,0.40278451143689825,0.5972154885631018,-12.083535343106947,12.083535343106947,1384.3037007303383,1511.8940916173747,12,31,22,21,0.27906976744186046,0.5116279069767442,0.3529411764705882
2025-26,2026-01-21,0022500620,CHA,CLE,0,1455.4350353919249,1526.4486169497563,0.44835711568779973,0.5516428843122003,-13.450713470633993,13.450713470633993,1441.984321921291,1539.8993304203902,16,27,24,20,0.37209302325581395,0.5454545454545454,0.4055299539170507
2025-26,2026-01-21,0022500621,BOS,IND,1,1579.4433465124894,1352.2227904192891,0.8189815889140202,0.18101841108597982,5.430552332579395,-5.430552332579395,1584.8738988450687,1346.7922380867099,26,16,10,34,0.6190476190476191,0.22727272727272727,0.731457800511509
2025-26,2026-01-21,0022500622,NYK,BKN,1,1498.3504383022912,1365.7778486090951,0.7240469243766289,0.2759530756233711,8.278592268701134,-8.278592268701134,1506.6290305709924,1357.499256340394,25,18,12,29,0.5813953488372093,0.2926829268292683,0.6651524983776769
2025-26,2026-01-21,0022500623,MEM,ATL,0,1465.2272294456352,1443.1452494412279,0.5814163333459031,0.41858366665409685,-17.442490000377095,17.442490000377095,1447.784739445258,1460.587739441605,18,23,20,25,0.43902439024390244,0.4444444444444444,0.4969325153374234
2025-26,2026-01-21,0022500624,NOP,DET,0,1328.5458562359609,1636.7058470831207,0.17186949650372424,0.8281305034962758,-5.156084895111727,5.156084895111727,1323.3897713408492,1641.8619319782324,10,35,31,10,0.2222222222222222,0.7560975609756098,0.22714681440443213
2025-26,2026-01-21,0022500625,MIL,OKC,0,1460.0246640741575,1673.4344027547222,0.26366438036929046,0.7363356196307096,-7.909931411078714,7.909931411078714,1452.1147326630787,1681.344334165801,18,24,36,8,0.42857142857142855,0.8181818181818182,0.34375
2025-26,2026-01-21,0022500626,SAC,TOR,0,1384.3037007303383,1530.9736912810936,0.3446084182387253,0.6553915817612748,-10.338252547161758,10.338252547161758,1373.9654481831765,1541.3119438282554,12,32,26,19,0.2727272727272727,0.5777777777777777,0.32066508313539194
2025-26,2026-01-22,0022500627,ORL,CHA,0,1510.7140113686387,1441.984321921291,0.6449962366118674,0.35500376338813255,-19.349887098356024,19.349887098356024,1491.3641242702827,1461.334209019647,23,19,16,28,0.5476190476190477,0.36363636363636365,0.6009501187648456
2025-26,2026-01-22,0022500628,PHI,HOU,1,1515.8326804468645,1562.2467883188215,0.48357968531662004,0.5164203146833799,15.492609440501397,-15.492609440501397,1531.325289887366,1546.75417887832,23,19,26,15,0.5476190476190477,0.6341463414634146,0.4633906633906635
2025-26,2026-01-22,0022500629,WAS,DEN,0,1353.8840491807866,1556.9635349729595,0.27537044613476974,0.7246295538652303,-8.261113384043092,8.261113384043092,1345.6229357967436,1565.2246483570025,10,32,29,15,0.23809523809523808,0.6590909090909091,0.26537997587454765
2025-26,2026-01-22,0022500630,DAL,GSW,1,1469.2240203658027,1542.7116769618383,0.44483726684568453,0.5551627331543154,16.654881994629463,-16.654881994629463,1485.8789023604322,1526.0567949672088,18,26,25,20,0.4090909090909091,0.5555555555555556,0.42408376963350786
2025-26,2026-01-22,0022500631,MIN,CHI,0,1555.4072989412155,1472.6249651558687,0.6632943194129902,0.3367056805870098,-19.898829582389705,19.898829582389705,1535.5084693588258,1492.5237947382584,27,17,21,22,0.6136363636363636,0.4883720930232558,0.5568345323741006
2025-26,2026-01-22,0022500632,UTA,SAS,0,1417.1820569277925,1612.516321879365,0.2843555200282234,0.7156444799717766,-8.530665600846701,8.530665600846701,1408.6513913269457,1621.0469874802118,15,29,30,14,0.3409090909090909,0.6818181818181818,0.3333333333333333
2025-26,2026-01-22,0022500633,LAC,LAL,1,1529.9257938764003,1536.1509256468887,0.5413159415438148,0.4586840584561852,13.760521753685556,-13.760521753685556,1543.6863156300858,1522.3904038932033,19,24,26,16,0.4418604651162791,0.6190476190476191,0.41649269311064724
2025-26,2026-01-22,0022500634,POR,MIA,1,1545.1755058110712,1511.8940916173747,0.5970189739874222,0.4029810260125778,12.089430780377334,-12.089430780377334,1557.2649365914485,1499.8046608369973,22,22,23,21,0.5,0.5227272727272727,0.4888888888888889
2025-26,2026-01-23,0022500635,DET,HOU,0,1641.8619319782324,1546.75417887832,0.6789521403162508,0.32104785968374916,-20.368564209487523,20.368564209487523,1621.493367768745,1567.1227430878075,32,10,26,16,0.7619047619047619,0.6190476190476191,0.5517241379310345
2025-26,2026-01-23,0022500636,ATL,PHX,1,1460.587739441605,1607.5075612972093,0.34428368093790696,0.655716319062093,19.671489571862793,-19.671489571862793,1480.2592290134678,1587.8360717253465,21,25,27,17,0.45652173913043476,0.6136363636363636,0.4265927977839335
2025-26,2026-01-23,0022500637,BKN,BOS,0,1357.499256340394,1584.8738988450687,0.2483564007241544,0.7516435992758456,-7.450692021724632,7.450692021724632,1350.0485643186694,1592.3245908667932,12,30,27,16,0.2857142857142857,0.627906976744186,0.3127272727272727
2025-26,2026-01-23,0022500638,CLE,SAC,1,1539.8993304203902,1373.9654481831765,0.7607268196637174,0.23927318033628264,7.178195410088479,-7.178195410088479,1547.0775258304786,1366.787252773088,25,20,12,33,0.5555555555555556,0.26666666666666666,0.6756756756756758
2025-26,2026-01-23,0022500639,MEM,NOP,0,1447.784739445258,1323.3897713408492,0.7145428818857691,0.2854571181142309,-21.43628645657307,21.43628645657307,1426.348452988685,1344.8260577974222,18,24,10,36,0.42857142857142855,0.21739130434782608,0.6634615384615384
2025-26,2026-01-23,0022500640,MIL,DEN,0,1452.1147326630787,1565.2246483570025,0.3894471191207795,0.6105528808792204,-11.683413573623385,11.683413573623385,1440.4313190894554,1576.9080619306258,18,25,30,15,0.4186046511627907,0.6666666666666666,0.3857142857142858
2025-26,2026-01-23,0022500641,OKC,IND,0,1681.344334165801,1346.7922380867099,0.8935296398459984,0.10647036015400158,-26.805889195379955,26.805889195379955,1654.538444970421,1373.5981272820898,37,8,10,35,0.8222222222222222,0.2222222222222222,0.7872340425531916
2025-26,2026-01-23,0022500642,POR,TOR,0,1557.2649365914485,1541.3119438282554,0.5728060381979323,0.4271939618020677,-17.18418114593797,17.18418114593797,1540.0807554455105,1558.4961249741934,23,22,27,19,0.5111111111111111,0.5869565217391305,0.4654641443026837
2025-26,2026-01-24,0022500643,PHI,NYK,0,1531.325289887366,1506.6290305709924,0.5850742787259438,0.41492572127405625,-17.55222836177831,17.55222836177831,1513.7730615255875,1524.1812589327708,24,19,26,18,0.5581395348837209,0.5909090909090909,0.4857405703771849
2025-26,2026-01-24,0022500645,CHA,WAS,1,1461.334209019647,1345.6229357967436,0.7042385284881112,0.2957614715118888,8.872844145356664,-8.872844145356664,1470.2070531650036,1336.750091651387,17,28,10,33,0.37777777777777777,0.23255813953488372,0.6189669771380186
2025-26,2026-01-24,0022500646,ORL,CLE,0,1491.3641242702827,1547.0775258304786,0.47022628552661044,0.5297737144733896,-14.106788565798313,14.106788565798313,1477.2573357044844,1561.184314396277,23,20,26,20,0.5348837209302325,0.5652173913043478,0.48621323529411764
2025-26,2026-01-24,0022500647,CHI,BOS,1,1492.5237947382584,1592.3245908667932,0.407810671789412,0.592189328210588,17.76567984631764,-17.76567984631764,1510.289474584576,1574.5589110204755,22,22,28,16,0.5,0.6363636363636364,0.44000000000000006
2025-26,2026-01-24,0022500648,DAL,LAL,0,1485.8789023604322,1522.3904038932033,0.4978247881621046,0.5021752118378954,-14.934743644863138,14.934743644863138,1470.944158715569,1537.3251475380664,19,26,26,17,0.4222222222222222,0.6046511627906976,0.4111726220432813
2025-26,2026-01-24,0022500649,UTA,MIA,0,1408.6513913269457,1499.8046608369973,0.41988531476729934,0.5801146852327006,-12.59655944301898,12.59655944301898,1396.0548318839267,1512.4012202800163,15,30,23,22,0.3333333333333333,0.5111111111111111,0.39473684210526316
2025-26,2026-01-25,0022500644,MIN,GSW,0,1535.5084693588258,1526.0567949672088,0.5636243201190558,0.43637567988094417,-16.908729603571675,16.908729603571675,1518.5997397552542,1542.9655245707804,27,18,25,21,0.6,0.5434782608695652,0.5247148288973384
2025-26,2026-01-25,0022500650,DET,SAC,1,1621.493367768745,1366.787252773088,0.8412665875031424,0.15873341249685757,4.762002374905727,-4.762002374905727,1626.2553701436507,1362.0252503981824,32,11,12,34,0.7441860465116279,0.2608695652173913,0.7404426559356136
2025-26,2026-01-25,0022500653,OKC,TOR,0,1654.538444970421,1558.4961249741934,0.6801236775058498,0.3198763224941502,-20.403710325175492,20.403710325175492,1634.1347346452455,1578.899835299369,37,9,28,19,0.8043478260869565,0.5957446808510638,0.5744962008589363
2025-26,2026-01-25,0022500654,SAS,NOP,0,1621.0469874802118,1344.8260577974222,0.8571149627178246,0.1428850372821754,-25.713448881534738,25.713448881534738,1595.333538598677,1370.539506678957,31,14,11,36,0.6888888888888889,0.23404255319148937,0.7464139344262295
2025-26,2026-01-25,0022500655,PHX,MIA,0,1587.8360717253465,1512.4012202800163,0.6537839870463847,0.34621601295361526,-19.613519611391542,19.613519611391542,1568.222552113955,1532.0147398914078,27,18,24,22,0.6,0.5217391304347826,0.5348837209302325
2025-26,2026-01-25,0022500656,LAC,BKN,1,1543.6863156300858,1350.0485643186694,0.7885395690678624,0.21146043093213762,6.343812927964128,-6.343812927964128,1550.03012855805,1343.7047513907053,20,24,12,31,0.45454545454545453,0.27906976744186046,0.6195965417867435
2025-26,2026-01-26,0022500657,CHA,PHI,1,1470.2070531650036,1513.7730615255875,0.48767502024048615,0.5123249797595139,15.369749392785415,-15.369749392785415,1485.576802557789,1498.403312132802,18,28,24,20,0.391304347826087,0.5454545454545454,0.41772151898734183
2025-26,2026-01-26,0022500658,CLE,ORL,1,1561.184314396277,1477.2573357044844,0.6647643101408731,0.3352356898591269,10.057070695773806,-10.057070695773806,1571.2413850920507,1467.2002650087106,27,20,23,21,0.574468085106383,0.5227272727272727,0.5235786690171882
2025-26,2026-01-26,0022500659,ATL,IND,1,1480.2592290134678,1373.5981272820898,0.6932732324011575,0.30672676759884254,9.201803027965276,-9.201803027965276,1489.461032041433,1364.3963242541245,22,25,11,35,0.46808510638297873,0.2391304347826087,0.6618705035971224
2025-26,2026-01-26,0022500660,BOS,POR,1,1574.5589110204755,1540.0807554455105,0.5986752657877218,0.4013247342122782,12.039742026368346,-12.039742026368346,1586.598653046844,1528.041013419142,28,17,23,23,0.6222222222222222,0.5,0.5544554455445545
2025-26,2026-01-26,0022500661,CHI,LAL,0,1510.289474584576,1537.3251475380664,0.5114595807988604,0.48854041920113955,-15.343787423965814,15.343787423965814,1494.9456871606103,1552.6689349620322,23,22,27,17,0.5111111111111111,0.6136363636363636,0.45442299057027385
2025-26,2026-01-26,0022500662,HOU,MEM,1,1567.1227430878075,1426.348452988685,0.7333797240925481,0.26662027590745185,7.998608277223555,-7.998608277223555,1575.1213513650312,1418.3498447114614,27,16,18,25,0.627906976744186,0.4186046511627907,0.6
2025-26,2026-01-26,0022500663,MIN,GSW,1,1518.5997397552542,1542.9655245707804,0.5152990885831138,0.4847009114168862,14.541027342506586,-14.541027342506586,1533.1407670977608,1528.4244972282738,27,19,26,21,0.5869565217391305,0.5531914893617021,0.5148073022312374
2025-26,2026-01-27,0022500664,WAS,POR,1,1336.750091651387,1528.041013419142,0.28911567274952893,0.710884327250471,21.326529817514132,-21.326529817514132,1358.076621468901,1506.714483601628,10,34,23,24,0.22727272727272727,0.48936170212765956,0.31713900134952766
2025-26,2026-01-27,0022500665,NYK,SAC,1,1524.1812589327708,1362.0252503981824,0.756745948163951,0.24325405183604898,7.297621555081469,-7.297621555081469,1531.4788804878522,1354.727628843101,27,18,12,35,0.6,0.2553191489361702,0.7014925373134328
2025-26,2026-01-27,0022500666,PHI,MIL,1,1498.403312132802,1440.4313190894554,0.6306927379070553,0.36930726209294473,11.079217862788342,-11.079217862788342,1509.4825299955903,1429.3521012266672,24,21,18,26,0.5333333333333333,0.4090909090909091,0.5659163987138264
2025-26,2026-01-27,0022500667,OKC,NOP,1,1634.1347346452455,1370.539506678957,0.8479809465077885,0.15201905349221145,4.560571604766343,-4.560571604766343,1638.695306250012,1365.9789350741905,37,10,12,36,0.7872340425531915,0.25,0.758974358974359
2025-26,2026-01-27,0022500668,DEN,DET,0,1576.9080619306258,1626.2553701436507,0.4793642922004963,0.5206357077995036,-14.38092876601489,14.38092876601489,1562.5271331646109,1640.6362989096656,31,15,33,11,0.6739130434782609,0.75,0.4732824427480916
2025-26,2026-01-27,0022500669,PHX,BKN,1,1568.222552113955,1343.7047513907053,0.8166636007799953,0.18333639922000466,5.50009197660014,-5.50009197660014,1573.7226440905551,1338.2046594141052,27,19,12,32,0.5869565217391305,0.2727272727272727,0.6827586206896552
2025-26,2026-01-27,0022500670,UTA,LAC,0,1396.0548318839267,1550.03012855805,0.3351737082957633,0.6648262917042367,-10.055211248872899,10.055211248872899,1385.9996206350538,1560.0853398069228,15,31,21,24,0.32608695652173914,0.4666666666666667,0.41133455210237657
2025-26,2026-01-28,0022500671,CLE,LAL,1,1571.2413850920507,1552.6689349620322,0.576491695791804,0.42350830420819596,12.705249126245878,-12.705249126245878,1583.9466342182966,1539.9636858357862,28,20,28,17,0.5833333333333334,0.6222222222222222,0.48387096774193544
2025-26,2026-01-28,0022500672,IND,CHI,1,1364.3963242541245,1494.9456871606103,0.36585829637876777,0.6341417036212322,19.024251108636967,-19.024251108636967,1383.4205753627614,1475.9214360519734,11,36,23,23,0.23404255319148937,0.5,0.31884057971014496
2025-26,2026-01-28,0022500673,BOS,ATL,0,1586.598653046844,1489.461032041433,0.681493817024308,0.318506182975692,-20.44481451072924,20.44481451072924,1566.1538385361148,1509.9058465521623,29,17,23,25,0.6304347826086957,0.4791666666666667,0.5681632653061225
2025-26,2026-01-28,0022500674,MIA,ORL,0,1532.0147398914078,1467.2002650087106,0.6398189225334657,0.36018107746653427,-19.19456767600397,19.19456767600397,1512.8201722154038,1486.3948326847146,25,22,23,22,0.5319148936170213,0.5111111111111111,0.5099728014505893
2025-26,2026-01-28,0022500675,TOR,NYK,0,1578.899835299369,1531.4788804878522,0.6164372153667934,0.3835627846332066,-18.4931164610038,18.4931164610038,1560.4067188383651,1549.971996948856,29,19,28,18,0.6041666666666666,0.6086956521739131,0.4981329350261389
2025-26,2026-01-28,0022500676,MEM,CHA,0,1418.3498447114614,1485.576802557789,0.45375423322202674,0.5462457667779732,-13.612626996660802,13.612626996660802,1404.7372177148006,1499.1894295544498,18,26,19,28,0.4090909090909091,0.40425531914893614,0.5029726516052319
2025-26,2026-01-28,0022500677,DAL,MIN,0,1470.944158715569,1533.1407670977608,0.4609406799956203,0.5390593200043797,-13.828220399868608,13.828220399868608,1457.1159383157005,1546.9689874976293,19,27,28,19,0.41304347826086957,0.5957446808510638,0.40944520861989914
2025-26,2026-01-28,0022500678,UTA,GSW,0,1385.9996206350538,1528.4244972282738,0.35014832396820866,0.6498516760317914,-10.50444971904626,10.50444971904626,1375.4951709160075,1538.9289469473201,15,32,26,22,0.3191489361702128,0.5416666666666666,0.3707518022657055
2025-26,2026-01-28,0022500679,HOU,SAS,0,1575.1213513650312,1595.333538598677,0.5212685315540887,0.4787314684459113,-15.63805594662266,15.63805594662266,1559.4832954184085,1610.9715945452997,28,16,31,15,0.6363636363636364,0.6739130434782609,0.4856711915535445
2025-26,2026-01-29,0022500529,CHI,MIA,0,1475.9214360519734,1512.8201722154038,0.4972675262119557,0.5027324737880443,-14.91802578635867,14.91802578635867,1461.0034102656148,1527.7381980017624,23,24,25,23,0.48936170212765956,0.5208333333333334,0.4844229925405879
2025-26,2026-01-29,0022500680,PHI,SAC,1,1509.4825299955903,1354.727628843101,0.748817779827959,0.25118222017204095,7.535466605161228,-7.535466605161228,1517.0179966007515,1347.1921622379398,25,21,12,36,0.5434782608695652,0.25,0.684931506849315
2025-26,2026-01-29,0022500681,WAS,MIL,1,1358.076621468901,1429.3521012266672,0.44798426375034683,0.5520157362496532,16.560472087489593,-16.560472087489593,1374.6370935563907,1412.7916291391775,11,34,18,27,0.24444444444444444,0.4,0.3793103448275862
2025-26,2026-01-29,0022500682,ATL,HOU,0,1509.9058465521623,1559.4832954184085,0.4790336664053091,0.5209663335946909,-14.371009992159273,14.371009992159273,1495.534836560003,1573.8543054105678,24,25,28,17,0.4897959183673469,0.6222222222222222,0.4404567699836867
2025-26,2026-01-29,0022500683,DAL,CHA,0,1457.1159383157005,1499.1894295544498,0.4898218340505171,0.5101781659494828,-14.694655021515514,14.694655021515514,1442.421283294185,1513.8840845759653,19,28,20,28,0.40425531914893614,0.4166666666666667,0.4924406047516198
2025-26,2026-01-29,0022500684,DEN,BKN,1,1562.5271331646109,1338.2046594141052,0.8164951921172249,0.18350480788277512,5.505144236483254,-5.505144236483254,1568.032277401094,1332.699515177622,31,16,12,33,0.6595744680851063,0.26666666666666666,0.7120980091883614
2025-26,2026-01-29,0022500685,PHX,DET,1,1573.7226440905551,1640.6362989096656,0.45420129255805153,0.5457987074419485,16.373961223258455,-16.373961223258455,1590.0966053138136,1624.2623376864071,28,19,34,11,0.5957446808510638,0.7555555555555555,0.44086773967809656
2025-26,2026-01-29,0022500686,MIN,OKC,1,1546.9689874976293,1638.695306250012,0.41908201612574164,0.5809179838742584,17.427539516227753,-17.427539516227753,1564.3965270138572,1621.2677667337841,29,19,38,10,0.6041666666666666,0.7916666666666666,0.43283582089552236
2025-26,2026-01-30,0022500687,ORL,TOR,1,1486.3948326847146,1560.4067188383651,0.4440921471348583,0.5559078528651418,16.677235585954254,-16.677235585954254,1503.072068270669,1543.7294832524108,24,22,29,20,0.5217391304347826,0.5918367346938775,0.46852589641434256
2025-26,2026-01-30,0022500688,WAS,LAL,0,1374.6370935563907,1539.9636858357862,0.3207733284479243,0.6792266715520757,-9.623199853437729,9.623199853437729,1365.013893702953,1549.586885689224,12,34,28,18,0.2608695652173913,0.6086956521739131,0.3
2025-26,2026-01-30,0022500689,BOS,SAC,1,1566.1538385361148,1347.1921622379398,0.8118262994655666,0.18817370053443339,5.645211016033001,-5.645211016033001,1571.7990495521478,1341.5469512219067,29,18,12,37,0.6170212765957447,0.24489795918367346,0.7158690176322419
2025-26,2026-01-30,0022500690,NYK,POR,1,1549.971996948856,1506.714483601628,0.6107548877367609,0.3892451122632391,11.677353367897172,-11.677353367897172,1561.6493503167533,1495.0371302337307,29,18,23,25,0.6170212765957447,0.4791666666666667,0.5628790942175496
2025-26,2026-01-30,0022500691,NOP,MEM,1,1365.9789350741905,1404.7372177148006,0.49459160745753294,0.505408392542467,15.162251776274012,-15.162251776274012,1381.1411868504645,1389.5749659385267,12,37,18,27,0.24489795918367346,0.4,0.379746835443038
2025-26,2026-01-30,0022500693,PHX,CLE,1,1590.0966053138136,1583.9466342182966,0.5589442064208658,0.44105579357913416,13.231673807374024,-13.231673807374024,1603.3282791211877,1570.7149604109225,29,19,29,20,0.6041666666666666,0.5918367346938775,0.5051546391752577
2025-26,2026-01-30,0022500694,UTA,BKN,0,1375.4951709160075,1332.699515177622,0.6101226483253372,0.38987735167466275,-18.303679449760118,18.303679449760118,1357.1914914662475,1351.003194627382,15,33,12,34,0.3125,0.2608695652173913,0.5450236966824644
2025-26,2026-01-30,0022500695,DEN,LAC,1,1568.032277401094,1560.0853398069228,0.5614927324683234,0.43850726753167657,13.155218025950298,-13.155218025950298,1581.1874954270443,1546.9301217809725,32,16,22,24,0.6666666666666666,0.4782608695652174,0.5822784810126582
2025-26,2026-01-30,0022500696,GSW,DET,0,1538.9289469473201,1624.2623376864071,0.4280669604059324,0.5719330395940676,-12.842008812177973,12.842008812177973,1526.0869381351422,1637.104346498585,27,22,34,12,0.5510204081632653,0.7391304347826086,0.42709766162310864
2025-26,2026-01-31,0022500692,MIA,CHI,0,1527.7381980017624,1461.0034102656148,0.6423624153868845,0.35763758461311546,-19.270872461606537,19.270872461606537,1508.4673255401558,1480.2742827272214,26,23,23,25,0.5306122448979592,0.4791666666666667,0.5254736842105263
2025-26,2026-01-31,0022500697,CHA,SAS,1,1513.8840845759653,1610.9715945452997,0.4115880233711037,0.5884119766288963,17.65235929886689,-17.65235929886689,1531.5364438748322,1593.3192352464328,21,28,32,15,0.42857142857142855,0.6808510638297872,0.3863013698630137
2025-26,2026-01-31,0022500698,IND,ATL,1,1383.4205753627614,1495.534836560003,0.39081079203980335,0.6091892079601966,18.275676238805897,-18.275676238805897,1401.6962516015674,1477.259160321197,12,36,24,26,0.25,0.48,0.3424657534246575
2025-26,2026-01-31,0022500699,PHI,NOP,1,1517.0179966007515,1381.1411868504645,0.727831060550523,0.27216893944947695,8.165068183484308,-8.165068183484308,1525.1830647842357,1372.9761186669803,26,21,13,37,0.5531914893617021,0.26,0.6802721088435374
2025-26,2026-01-31,0022500700,MEM,MIN,0,1389.5749659385267,1564.3965270138572,0.30898311972928405,0.691016880270716,-9.269493591878522,9.269493591878522,1380.3054723466482,1573.6660206057356,18,28,30,19,0.391304347826087,0.6122448979591837,0.38992042440318303
2025-26,2026-01-31,0022500701,HOU,DAL,1,1573.8543054105678,1442.421283294185,0.7227343167153382,0.27726568328466183,8.317970498539855,-8.317970498539855,1582.1722759091076,1434.1033127956453,29,17,19,29,0.6304347826086957,0.3958333333333333,0.6142983230361871
2025-26,2026-02-01,0022500702,BOS,MIL,1,1571.7990495521478,1412.7916291391775,0.7533940140157565,0.24660598598424355,7.398179579527307,-7.398179579527307,1579.1972291316752,1405.3934495596502,30,18,18,28,0.625,0.391304347826087,0.6149732620320856
2025-26,2026-02-01,0022500703,SAS,ORL,1,1593.3192352464328,1503.072068270669,0.6728229261097132,0.32717707389028683,9.815312216708605,-9.815312216708605,1603.1345474631414,1493.2567560539603,32,16,25,22,0.6666666666666666,0.5319148936170213,0.5562130177514794
2025-26,2026-02-01,0022500704,DET,BKN,1,1637.104346498585,1351.003194627382,0.8639399361802157,0.1360600638197843,4.081801914593529,-4.081801914593529,1641.1861484131787,1346.9213927127885,35,12,13,34,0.7446808510638298,0.2765957446808511,0.7291666666666667
2025-26,2026-02-01,0022500705,MIA,CHI,1,1508.4673255401558,1480.2742827272214,0.5899523493797851,0.41004765062021487,12.301429518606446,-12.301429518606446,1520.7687550587623,1467.9728532086149,26,24,24,25,0.52,0.4897959183673469,0.5149555375909458
2025-26,2026-02-01,0022500706,TOR,UTA,1,1543.7294832524108,1357.1914914662475,0.7816444365897328,0.21835556341026718,6.5506669023080155,-6.5506669023080155,1550.2801501547187,1350.6408245639395,29,21,15,34,0.58,0.30612244897959184,0.6545370796867802
2025-26,2026-02-01,0022500707,WAS,SAC,1,1365.013893702953,1341.5469512219067,0.5833553391385701,0.4166446608614299,12.499339825842897,-12.499339825842897,1377.513233528796,1329.0476113960638,12,35,12,38,0.2553191489361702,0.24,0.5154639175257731
2025-26,2026-02-01,0022500708,NYK,LAL,1,1561.6493503167533,1549.586885689224,0.5673171108545968,0.4326828891454032,12.980486674362096,-12.980486674362096,1574.6298369911153,1536.6063990148618,30,18,29,18,0.625,0.6170212765957447,0.5032119914346894
2025-26,2026-02-01,0022500709,PHX,LAC,0,1603.3282791211877,1546.9301217809725,0.6285800647147582,0.37141993528524175,-18.85740194144275,18.85740194144275,1584.470877179745,1565.7875237224152,30,19,22,25,0.6122448979591837,0.46808510638297873,0.5667202572347267
2025-26,2026-02-01,0022500710,POR,CLE,0,1495.0371302337307,1570.7149604109225,0.44172592293176083,0.5582740770682392,-13.251777687952824,13.251777687952824,1481.7853525457779,1583.9667380988753,23,26,29,21,0.46938775510204084,0.58,0.44729677168416965
2025-26,2026-02-01,0022500711,DEN,OKC,0,1581.1874954270443,1621.2677667337841,0.49268942290200607,0.507310577097994,-14.780682687060182,14.780682687060182,1566.4068127399842,1636.0484494208442,33,16,38,11,0.673469387755102,0.7755102040816326,0.46478873239436613
2025-26,2026-02-02,0022500712,CHA,NOP,1,1531.5364438748322,1372.9761186669803,0.7529155331559846,0.24708446684401542,7.412534005320462,-7.412534005320462,1538.9489778801526,1365.56358466166,22,28,13,38,0.44,0.2549019607843137,0.6331828442437923
2025-26,2026-02-02,0022500713,IND,HOU,0,1401.6962516015674,1582.1722759091076,0.30207689824054795,0.697923101759452,-9.062306947216438,9.062306947216438,1392.633944654351,1591.234582856324,13,36,30,17,0.2653061224489796,0.6382978723404256,0.2936088419029313
2025-26,2026-02-02,0022500714,MEM,MIN,1,1380.3054723466482,1573.6660206057356,0.28667323579843257,0.7133267642015675,21.399802926047023,-21.399802926047023,1401.7052752726952,1552.2662176796887,18,29,31,19,0.3829787234042553,0.62,0.3818413237165889
2025-26,2026-02-02,0022500715,LAC,PHI,0,1565.7875237224152,1525.1830647842357,0.6071180934471531,0.39288190655284694,-18.21354280341459,18.21354280341459,1547.5739809190006,1543.3966075876504,23,25,27,21,0.4791666666666667,0.5625,0.45999999999999996
2025-26,2026-02-03,0022500716,DET,DEN,1,1641.1861484131787,1566.4068127399842,0.6529293694117166,0.34707063058828336,10.4121189176485,-10.4121189176485,1651.5982673308272,1555.9946938223356,36,12,33,17,0.75,0.66,0.5319148936170213
2025-26,2026-02-03,0022500717,IND,UTA,0,1392.633944654351,1350.6408245639395,0.6090231731937098,0.3909768268062902,-18.270695195811292,18.270695195811292,1374.3632494585397,1368.9115197597507,13,37,15,35,0.26,0.3,0.46428571428571425
2025-26,2026-02-03,0022500718,WAS,NYK,0,1377.513233528796,1574.6298369911153,0.2822722706594971,0.7177277293405029,-8.468168119784913,8.468168119784913,1369.0450654090112,1583.0980051109002,13,35,31,18,0.2708333333333333,0.6326530612244898,0.29976470588235293
2025-26,2026-02-03,0022500719,BKN,LAL,0,1346.9213927127885,1536.6063990148618,0.2910193500703386,0.7089806499296614,-8.730580502110158,8.730580502110158,1338.1908122106784,1545.336979516972,13,35,29,19,0.2708333333333333,0.6041666666666666,0.3095238095238095
2025-26,2026-02-03,0022500720,MIA,ATL,0,1520.7687550587623,1477.259160321197,0.6110998064309359,0.38890019356906413,-18.332994192928076,18.332994192928076,1502.4357608658343,1495.592154514125,27,24,24,27,0.5294117647058824,0.47058823529411764,0.5294117647058824
2025-26,2026-02-03,0022500721,DAL,BOS,0,1434.1033127956453,1579.1972291316752,0.3466603779185752,0.6533396220814248,-10.399811337557255,10.399811337557255,1423.7035014580879,1589.5970404692325,19,30,31,18,0.3877551020408163,0.6326530612244898,0.38
2025-26,2026-02-03,0022500722,MIL,CHI,1,1405.3934495596502,1467.9728532086149,0.4603932024641627,0.5396067975358373,16.18820392607512,-16.18820392607512,1421.5816534857254,1451.7846492825397,18,29,24,26,0.3829787234042553,0.48,0.4437869822485207
2025-26,2026-02-03,0022500723,OKC,ORL,1,1636.0484494208442,1493.2567560539603,0.7356443170978542,0.26435568290214584,7.930670487064376,-7.930670487064376,1643.9791199079086,1485.326085566896,39,11,25,23,0.78,0.5208333333333334,0.5996156310057655
2025-26,2026-02-03,0022500724,GSW,PHI,0,1526.0869381351422,1543.3966075876504,0.525436454363276,0.474563545636724,-15.76309363089828,15.76309363089828,1510.3238445042439,1559.1597012185487,27,23,28,21,0.54,0.5714285714285714,0.48586118251928023
2025-26,2026-02-03,0022500725,POR,PHX,0,1481.7853525457779,1584.470877179745,0.4038065664200514,0.5961934335799486,-12.114196992601542,12.114196992601542,1469.6711555531763,1596.5850741723466,23,27,30,20,0.46,0.6,0.4339622641509434
2025-26,2026-02-04,0022500726,NYK,DEN,1,1583.0980051109002,1555.9946938223356,0.588434005375354,0.41156599462464605,12.346979838739381,-12.346979838739381,1595.4449849496395,1543.6477139835963,32,18,33,18,0.64,0.6470588235294118,0.49725776965265084
2025-26,2026-02-04,0022500727,TOR,MIN,0,1550.2801501547187,1552.2662176796887,0.5473683886107924,0.4526316113892076,-16.421051658323773,16.421051658323773,1533.859098496395,1568.6872693380124,30,21,31,20,0.5882352941176471,0.6078431372549019,0.49180327868852464
2025-26,2026-02-04,0022500728,HOU,BOS,0,1591.234582856324,1589.5970404692325,0.5525310911126519,0.44746890888734814,-16.575932733379556,16.575932733379556,1574.6586501229444,1606.1729732026122,31,17,32,18,0.6458333333333334,0.64,0.5022683084899546
2025-26,2026-02-04,0022500729,MIL,NOP,1,1421.5816534857254,1365.56358466166,0.6280691030921484,0.37193089690785164,11.157926907235549,-11.157926907235549,1432.739580392961,1354.4056577544243,19,29,13,39,0.3958333333333333,0.25,0.6129032258064516
2025-26,2026-02-04,0022500730,SAS,OKC,1,1603.1345474631414,1643.9791199079086,0.4915897774289994,0.5084102225710005,15.252306677130017,-15.252306677130017,1618.3868541402715,1628.7268132307786,33,16,40,11,0.673469387755102,0.7843137254901961,0.46198188306340926
2025-26,2026-02-04,0022500731,SAC,MEM,0,1329.0476113960638,1401.7052752726952,0.4460174926328814,0.5539825073671186,-13.380524778986441,13.380524778986441,1315.6670866170773,1415.0858000516816,12,39,19,29,0.23529411764705882,0.3958333333333333,0.37281553398058254
2025-26,2026-02-04,0022500732,LAC,CLE,0,1547.5739809190006,1583.9667380988753,0.49799567203583006,0.5020043279641699,-14.939870161074902,14.939870161074902,1532.6341107579258,1598.9066082599502,23,26,30,21,0.46938775510204084,0.5882352941176471,0.4438138479001135
2025-26,2026-02-05,0022500733,DET,WAS,0,1651.5982673308272,1369.0450654090112,0.8615212899369117,0.13847871006308832,-25.84563869810735,25.84563869810735,1625.7526286327197,1394.8907041071186,37,12,13,36,0.7551020408163265,0.2653061224489796,0.7399999999999999
2025-26,2026-02-05,0022500734,ORL,BKN,1,1485.326085566896,1338.1908122106784,0.7404780897757569,0.2595219102242431,7.785657306727293,-7.785657306727293,1493.1117428736231,1330.4051549039511,25,24,13,36,0.5102040816326531,0.2653061224489796,0.6578947368421053
2025-26,2026-02-05,0022500735,ATL,UTA,1,1495.592154514125,1368.9115197597507,0.7172190125158612,0.2827809874841388,8.483429624524165,-8.483429624524165,1504.0755841386492,1360.4280901352265,25,27,16,35,0.4807692307692308,0.3137254901960784,0.605125771238728
2025-26,2026-02-05,0022500736,TOR,CHI,1,1533.859098496395,1451.7846492825397,0.6623836445599978,0.33761635544000224,10.128490663200067,-10.128490663200067,1543.987589159595,1441.6561586193397,30,22,24,27,0.5769230769230769,0.47058823529411764,0.550755939524838
2025-26,2026-02-05,0022500737,HOU,CHA,0,1574.6586501229444,1538.9489778801526,0.6003773369826614,0.3996226630173386,-18.01132010947984,18.01132010947984,1556.6473300134646,1556.9602979896324,31,18,23,28,0.6326530612244898,0.45098039215686275,0.5838257016248154
2025-26,2026-02-05,0022500738,DAL,SAS,0,1423.7035014580879,1618.3868541402715,0.2851186309895175,0.7148813690104825,-8.553558929685526,8.553558929685526,1415.1499425284023,1626.940413069957,19,31,34,16,0.38,0.68,0.3584905660377358
2025-26,2026-02-05,0022500739,PHX,GSW,0,1596.5850741723466,1510.3238445042439,0.6677521287610962,0.33224787123890376,-20.032563862832887,20.032563862832887,1576.5525103095138,1530.3564083670767,31,20,27,24,0.6078431372549019,0.5294117647058824,0.5344827586206896
2025-26,2026-02-05,0022500740,LAL,PHI,1,1545.336979516972,1559.1597012185487,0.5304388663425482,0.4695611336574518,14.086834009723553,-14.086834009723553,1559.4238135266955,1545.072867208825,30,19,29,21,0.6122448979591837,0.58,0.5135227661759673
2025-26,2026-02-06,0022500741,BOS,MIA,1,1606.1729732026122,1502.4357608658343,0.6896825454922362,0.3103174545077638,9.309523635232914,-9.309523635232914,1615.482496837845,1493.1262372306014,33,18,27,25,0.6470588235294118,0.5192307692307693,0.5548011639185257
2025-26,2026-02-06,0022500742,DET,NYK,1,1625.7526286327197,1595.4449849496395,0.5928937537753479,0.4071062462246521,12.213187386739563,-12.213187386739563,1637.9658160194592,1583.2317975629,37,13,33,18,0.74,0.6470588235294118,0.5335029686174724
2025-26,2026-02-06,0022500743,MIL,IND,1,1432.739580392961,1374.3632494585397,0.6312347057651585,0.3687652942348415,11.062958827045245,-11.062958827045245,1443.8025392200063,1363.3002906314944,20,29,13,38,0.40816326530612246,0.2549019607843137,0.6155703077851539
2025-26,2026-02-06,0022500744,MIN,NOP,0,1568.6872693380124,1354.4056577544243,0.8076761194172491,0.19232388058275085,-24.230283582517476,24.230283582517476,1544.4569857554948,1378.6359413369419,32,20,13,40,0.6153846153846154,0.24528301886792453,0.715008431703204
2025-26,2026-02-06,0022500745,POR,MEM,1,1469.6711555531763,1415.0858000516816,0.6261405074658972,0.3738594925341028,11.215784776023083,-11.215784776023083,1480.8869403291994,1403.8700152756585,23,28,20,29,0.45098039215686275,0.40816326530612246,0.5249184909175594
2025-26,2026-02-06,0022500746,SAC,LAC,0,1315.6670866170773,1532.6341107579258,0.2597080744014247,0.7402919255985754,-7.79124223204274,7.79124223204274,1307.8758443850345,1540.4253529899686,12,40,23,27,0.23076923076923078,0.46,0.33407572383073497
2025-26,2026-02-07,0022500747,BKN,WAS,1,1330.4051549039511,1394.8907041071186,0.4576684627779785,0.5423315372220214,16.26994611666064,-16.26994611666064,1346.6751010206117,1378.620757990458,13,37,14,36,0.26,0.28,0.48148148148148145
2025-26,2026-02-07,0022500748,OKC,HOU,0,1628.7268132307786,1556.6473300134646,0.6493991273882785,0.35060087261172146,-19.481973821648356,19.481973821648356,1609.2448394091302,1576.129303835113,40,12,31,19,0.7692307692307693,0.62,0.5537098560354374
2025-26,2026-02-07,0022500749,SAS,DAL,1,1626.940413069957,1415.1499425284023,0.8054387515539698,0.19456124844603018,5.836837453380905,-5.836837453380905,1632.777250523338,1409.3131050750214,35,16,19,32,0.6862745098039216,0.37254901960784315,0.6481481481481481
2025-26,2026-02-07,0022500750,ORL,UTA,1,1493.1117428736231,1360.4280901352265,0.7241746461699261,0.2758253538300739,8.274760614902217,-8.274760614902217,1501.3865034885252,1352.1533295203244,26,24,16,36,0.52,0.3076923076923077,0.6282527881040892
2025-26,2026-02-07,0022500751,ATL,CHA,0,1504.0755841386492,1556.9602979896324,0.4742845375285383,0.5257154624714617,-14.228536125856149,14.228536125856149,1489.847048012793,1571.1888341154886,26,27,24,28,0.49056603773584906,0.46153846153846156,0.5152439024390244
2025-26,2026-02-07,0022500752,CHI,DEN,0,1441.6561586193397,1543.6477139835963,0.4047686722464097,0.5952313277535903,-12.143060167392292,12.143060167392292,1429.5130984519474,1555.7907741509887,24,28,33,19,0.46153846153846156,0.6346153846153846,0.42105263157894735
2025-26,2026-02-07,0022500753,LAL,GSW,1,1559.4238135266955,1530.3564083670767,0.5911693783266129,0.40883062167338713,12.264918650201613,-12.264918650201613,1571.6887321768972,1518.091489716875,31,19,28,24,0.62,0.5384615384615384,0.5351925630810093
2025-26,2026-02-07,0022500754,PHX,PHI,0,1576.5525103095138,1545.072867208825,0.5945211525868725,0.40547884741312745,-17.835634577606175,17.835634577606175,1558.7168757319075,1562.9085017864313,31,21,29,22,0.5961538461538461,0.5686274509803921,0.5118161217222402
2025-26,2026-02-07,0022500755,POR,MEM,1,1480.8869403291994,1403.8700152756585,0.6558424971230588,0.34415750287694125,10.324725086308238,-10.324725086308238,1491.2116654155077,1393.5452901893502,24,28,20,30,0.46153846153846156,0.4,0.5357142857142857
2025-26,2026-02-07,0022500756,SAC,CLE,0,1307.8758443850345,1598.9066082599502,0.186360935584388,0.813639064415612,-5.59082806753164,5.59082806753164,1302.2850163175028,1604.4974363274819,12,41,31,21,0.22641509433962265,0.5961538461538461,0.27525363917071016
2025-26,2026-02-08,0022500757,BOS,NYK,0,1615.482496837845,1583.2317975629,0.5955906859921035,0.4044093140078965,-17.867720579763105,17.867720579763105,1597.614776258082,1601.099518142663,34,18,33,19,0.6538461538461539,0.6346153846153846,0.5074626865671642
2025-26,2026-02-08,0022500758,WAS,MIA,0,1378.620757990458,1493.1262372306014,0.38753863204614014,0.6124613679538599,-11.626158961384204,11.626158961384204,1366.994599029074,1504.7523961919856,14,37,27,26,0.27450980392156865,0.5094339622641509,0.35016517225106186
2025-26,2026-02-08,0022500759,TOR,IND,1,1543.987589159595,1363.3002906314944,0.7758416808715932,0.22415831912840678,6.724749573852203,-6.724749573852203,1550.7123387334473,1356.575541057642,31,22,13,39,0.5849056603773585,0.25,0.7005649717514124
2025-26,2026-02-08,0022500760,MIN,LAC,0,1544.4569857554948,1540.4253529899686,0.5559359150466706,0.4440640849533294,-16.678077451400117,16.678077451400117,1527.7789083040946,1557.1034304413688,32,21,24,27,0.6037735849056604,0.47058823529411764,0.5619834710743802
2025-26,2026-02-09,0022500761,CHA,DET,0,1571.1888341154886,1637.9658160194592,0.4543963374810794,0.5456036625189207,-13.631890124432381,13.631890124432381,1557.5569439910562,1651.5977061438916,25,28,38,13,0.4716981132075472,0.7450980392156863,0.3876558224384311
2025-26,2026-02-09,0022500762,BKN,CHI,1,1346.6751010206117,1429.5130984519474,0.4315873692846877,0.5684126307153123,17.052378921459372,-17.052378921459372,1363.727479942071,1412.460719530488,14,37,24,29,0.27450980392156865,0.4528301886792453,0.37741607324516785
2025-26,2026-02-09,0022500763,MIA,UTA,0,1504.7523961919856,1352.1533295203244,0.746476390350071,0.25352360964992904,-22.394291710502127,22.394291710502127,1482.3581044814835,1374.5476212308265,28,26,16,37,0.5185185185185185,0.3018867924528302,0.6320272572402044
2025-26,2026-02-09,0022500764,ORL,MIL,1,1501.3865034885252,1443.8025392200063,0.630172320364951,0.36982767963504903,11.09483038905147,-11.09483038905147,1512.4813338775766,1432.707708830955,27,24,21,29,0.5294117647058824,0.42,0.5576208178438662
2025-26,2026-02-09,0022500765,MIN,ATL,1,1527.7789083040946,1489.847048012793,0.603442458554047,0.396557541445953,11.896726243378591,-11.896726243378591,1539.6756345474732,1477.9503217694144,32,22,26,28,0.5925925925925926,0.48148148148148145,0.5517241379310345
2025-26,2026-02-09,0022500766,NOP,SAC,1,1378.6359413369419,1302.2850163175028,0.6549766409285768,0.34502335907142323,10.350700772142696,-10.350700772142696,1388.9866421090846,1291.93431554536,14,40,12,42,0.25925925925925924,0.2222222222222222,0.5384615384615384
2025-26,2026-02-09,0022500767,DEN,CLE,0,1555.7907741509887,1604.4974363274819,0.48028475455605785,0.5197152454439422,-14.408542636681736,14.408542636681736,1541.382231514307,1618.9059789641635,34,19,32,21,0.6415094339622641,0.6037735849056604,0.5151515151515151
2025-26,2026-02-09,0022500768,GSW,MEM,1,1518.091489716875,1393.5452901893502,0.7147204176183878,0.2852795823816122,8.558387471448366,-8.558387471448366,1526.6498771883234,1384.9869027179018,28,25,20,31,0.5283018867924528,0.39215686274509803,0.5739549839228295
2025-26,2026-02-09,0022500769,LAL,OKC,0,1571.6887321768972,1609.2448394091302,0.4963215323615789,0.5036784676384212,-14.889645970847367,14.889645970847367,1556.7990862060499,1624.1344853799776,32,19,40,13,0.6274509803921569,0.7547169811320755,0.4539614561027837
2025-26,2026-02-09,0022500770,POR,PHI,1,1491.2116654155077,1562.9085017864313,0.4473845213869952,0.5526154786130049,16.578464358390146,-16.578464358390146,1507.790129773898,1546.3300374280411,25,28,30,22,0.4716981132075472,0.5769230769230769,0.4498269896193772
2025-26,2026-02-10,0022500771,NYK,IND,0,1601.099518142663,1356.575541057642,0.8332821387795465,0.1667178612204535,-24.998464163386394,24.998464163386394,1576.1010539792767,1381.5740052210285,34,19,13,40,0.6415094339622641,0.24528301886792453,0.7234042553191489
2025-26,2026-02-10,0022500772,HOU,LAC,1,1576.129303835113,1557.1034304413688,0.5771288250315751,0.42287117496842486,12.686135249052747,-12.686135249052747,1588.8154390841657,1544.417295192316,32,19,25,27,0.6274509803921569,0.4807692307692308,0.5661789724396052
2025-26,2026-02-10,0022500773,PHX,DAL,1,1558.7168757319075,1409.3131050750214,0.7429796581687113,0.25702034183128875,7.710610254938662,-7.710610254938662,1566.4274859868462,1401.6024948200827,31,22,19,33,0.5849056603773585,0.36538461538461536,0.6155021000381825
2025-26,2026-02-10,0022500774,LAL,SAS,0,1556.7990862060499,1632.777250523338,0.4412996214039288,0.5587003785960711,-13.238988642117864,13.238988642117864,1543.560097563932,1646.0162391654558,32,20,36,16,0.6153846153846154,0.6923076923076923,0.47058823529411764
2025-26,2026-02-11,0022500775,CHA,ATL,1,1557.5569439910562,1477.9503217694144,0.6591994532054417,0.3408005467945583,10.22401640383675,-10.22401640383675,1567.7809603948929,1467.7263053655777,25,29,26,29,0.46296296296296297,0.4727272727272727,0.49478229578985244
2025-26,2026-02-11,0022500776,CLE,WAS,1,1618.9059789641635,1366.994599029074,0.8391064576485022,0.16089354235149778,4.8268062705449335,-4.8268062705449335,1623.7327852347084,1362.167792758529,33,21,14,38,0.6111111111111112,0.2692307692307692,0.6941747572815534
2025-26,2026-02-11,0022500777,ORL,MIL,0,1512.4813338775766,1432.707708830955,0.6594153917356927,0.34058460826430725,-19.782461752070784,19.782461752070784,1492.6988721255059,1452.4901705830257,28,24,21,30,0.5384615384615384,0.4117647058823529,0.5666666666666667
2025-26,2026-02-11,0022500778,BOS,CHI,1,1597.614776258082,1412.460719530488,0.780281680447515,0.219718319552485,6.5915495865745495,-6.5915495865745495,1604.2063258446565,1405.8691699439134,34,19,24,30,0.6415094339622641,0.4444444444444444,0.5907335907335907
2025-26,2026-02-11,0022500779,BKN,IND,0,1363.727479942071,1381.5740052210285,0.5246657962803865,0.47533420371961355,-15.739973888411594,15.739973888411594,1347.9875060536594,1397.3139791094402,15,37,14,40,0.28846153846153844,0.25925925925925924,0.5266579973992198
2025-26,2026-02-11,0022500780,PHI,NYK,0,1546.3300374280411,1576.1010539792767,0.5075245439702126,0.4924754560297874,-15.225736319106378,15.225736319106378,1531.1043011089348,1591.326790298383,30,23,34,20,0.5660377358490566,0.6296296296296297,0.47340736411455286
2025-26,2026-02-11,0022500781,TOR,DET,0,1550.7123387334473,1651.5977061438916,0.40630378141581236,0.5936962185841876,-12.18911344247437,12.18911344247437,1538.523225290973,1663.786819586366,32,22,39,13,0.5925925925925926,0.75,0.4413793103448276
2025-26,2026-02-11,0022500782,HOU,LAC,0,1588.8154390841657,1544.417295192316,0.6123147043561632,0.3876852956438368,-18.369441130684898,18.369441130684898,1570.4459979534809,1562.786736323001,33,19,25,28,0.6346153846153846,0.4716981132075472,0.5736306985897015
2025-26,2026-02-11,0022500783,MIN,POR,1,1539.6756345474732,1507.790129773898,0.5950842365513942,0.4049157634486058,12.147472903458175,-12.147472903458175,1551.8231074509315,1495.6426568704396,33,22,26,28,0.6,0.48148148148148145,0.5547945205479452
2025-26,2026-02-11,0022500784,NOP,MIA,0,1388.9866421090846,1482.3581044814835,0.41677825502534643,0.5832217449746535,-12.503347650760393,12.503347650760393,1376.4832944583243,1494.8614521322438,15,40,28,27,0.2727272727272727,0.509090909090909,0.3488372093023256
2025-26,2026-02-11,0022500785,PHX,OKC,0,1566.4274859868462,1624.1344853799776,0.46736844870487876,0.5326315512951212,-14.021053461146362,14.021053461146362,1552.4064325257,1638.1555388411239,32,22,41,13,0.5925925925925926,0.7592592592592593,0.4383561643835616
2025-26,2026-02-11,0022500786,UTA,SAC,1,1374.5476212308265,1291.93431554536,0.6630769790927197,0.3369230209072803,10.10769062721841,-10.10769062721841,1384.655311858045,1281.8266249181415,17,37,12,43,0.3148148148148148,0.21818181818181817,0.5906506632975363
2025-26,2026-02-11,0022500787,DEN,MEM,1,1541.382231514307,1384.9869027179018,0.7505897457992695,0.24941025420073049,7.482307626021915,-7.482307626021915,1548.864539140329,1377.5045950918798,34,20,20,32,0.6296296296296297,0.38461538461538464,0.6207865168539325
2025-26,2026-02-11,0022500788,GSW,SAS,0,1526.6498771883234,1646.0162391654558,0.380918421687079,0.619081578312921,-11.42755265061237,11.42755265061237,1515.222324537711,1657.4437918160681,29,25,37,16,0.5370370370370371,0.6981132075471698,0.4347949080622348
2025-26,2026-02-12,0022500789,OKC,MIL,0,1638.1555388411239,1452.4901705830257,0.7807858777520801,0.21921412224791992,-23.4235763325624,23.4235763325624,1614.7319625085615,1475.913746915588,42,13,22,30,0.7636363636363637,0.4230769230769231,0.6434885091337654
2025-26,2026-02-12,0022500790,UTA,POR,0,1384.655311858045,1495.6426568704396,0.39235630362670193,0.6076436963732981,-11.770689108801058,11.770689108801058,1372.884622749244,1507.4133459792406,18,37,26,29,0.32727272727272727,0.4727272727272727,0.40909090909090906
2025-26,2026-02-12,0022500791,LAL,DAL,1,1543.560097563932,1401.6024948200827,0.7347095223014427,0.2652904776985573,7.9587143309567185,-7.9587143309567185,1551.5188118948888,1393.643780489126,32,21,19,34,0.6037735849056604,0.3584905660377358,0.6274509803921569
2025-26,2026-02-19,0022500792,CHA,HOU,0,1567.7809603948929,1570.4459979534809,0.5463998637850618,0.4536001362149382,-16.391995913551852,16.391995913551852,1551.388964481341,1586.8379938670328,26,29,33,20,0.4727272727272727,0.6226415094339622,0.4315690573128719
2025-26,2026-02-19,0022500793,CLE,BKN,1,1623.7327852347084,1347.9875060536594,0.856779306979164,0.14322069302083595,4.296620790625079,-4.296620790625079,1628.0294060253336,1343.6908852630343,34,21,15,38,0.6181818181818182,0.2830188679245283,0.6859535591929958
2025-26,2026-02-19,0022500794,PHI,ATL,0,1531.1043011089348,1467.7263053655777,0.6379111221825795,0.3620888778174205,-19.137333665477385,19.137333665477385,1511.9669674434574,1486.863639031055,30,24,26,30,0.5555555555555556,0.4642857142857143,0.5447470817120623
2025-26,2026-02-19,0022500795,WAS,IND,1,1362.167792758529,1397.3139791094402,0.4997896209421604,0.5002103790578396,15.006311371735189,-15.006311371735189,1377.1741041302641,1382.307667737705,14,39,15,40,0.2641509433962264,0.2727272727272727,0.4920127795527157
2025-26,2026-02-19,0022500796,NYK,DET,0,1591.326790298383,1663.786819586366,0.4462986135888635,0.5537013864111364,-13.388958407665905,13.388958407665905,1577.937831890717,1677.175777994032,35,20,40,13,0.6363636363636364,0.7547169811320755,0.4574599260172626
2025-26,2026-02-19,0022500797,CHI,TOR,0,1405.8691699439134,1538.523225290973,0.3630520033788245,0.6369479966211755,-10.891560101364735,10.891560101364735,1394.9776098425486,1549.4147853923378,24,31,32,23,0.43636363636363634,0.5818181818181818,0.4285714285714286
2025-26,2026-02-19,0022500798,SAS,PHX,1,1657.4437918160681,1552.4064325257,0.6912820499476341,0.3087179500523659,9.261538501570977,-9.261538501570977,1666.7053303176392,1543.144894024129,38,16,32,23,0.7037037037037037,0.5818181818181818,0.5474070193818753
2025-26,2026-02-19,0022500799,GSW,BOS,0,1515.222324537711,1604.2063258446565,0.4229300009554973,0.5770699990445027,-12.68790002866492,12.68790002866492,1502.5344245090462,1616.8942258733214,29,26,35,19,0.5272727272727272,0.6481481481481481,0.44858206817530794
2025-26,2026-02-19,0022500800,SAC,ORL,0,1281.8266249181415,1492.6988721255059,0.2665100315006763,0.7334899684993237,-7.99530094502029,7.99530094502029,1273.8313239731212,1500.6941730705262,12,44,28,25,0.21428571428571427,0.5283018867924528,0.2885662431941924
2025-26,2026-02-19,0022500801,LAC,DEN,1,1562.786736323001,1548.864539140329,0.5699430507587154,0.43005694924128457,12.901708477238538,-12.901708477238538,1575.6884448002395,1535.9628306630905,26,28,35,20,0.48148148148148145,0.6363636363636364,0.43072289156626503
2025-26,2026-02-20,0022500802,CHA,CLE,0,1551.388964481341,1628.0294060253336,0.4403598757312492,0.5596401242687508,-13.210796271937475,13.210796271937475,1538.1781682094036,1641.240202297271,26,30,35,21,0.4642857142857143,0.625,0.4262295081967213
2025-26,2026-02-20,0022500803,WAS,IND,1,1377.1741041302641,1382.307667737705,0.5428756982427762,0.45712430175722385,13.713729052716715,-13.713729052716715,1390.8878331829808,1368.5939386849884,15,39,15,41,0.2777777777777778,0.26785714285714285,0.509090909090909
2025-26,2026-02-20,0022500804,MEM,UTA,1,1377.5045950918798,1372.884622749244,0.5567718480312611,0.4432281519687389,13.296844559062166,-13.296844559062166,1390.801439650942,1359.5877781901818,20,33,18,38,0.37735849056603776,0.32142857142857145,0.5400192864030858
2025-26,2026-02-20,0022500805,ATL,MIA,0,1486.863639031055,1494.8614521322438,0.5387812203257314,0.4612187796742686,-16.163436609771942,16.163436609771942,1470.7002024212832,1511.0248887420157,27,30,29,27,0.47368421052631576,0.5178571428571429,0.47772511848341226
2025-26,2026-02-20,0022500806,MIN,DAL,1,1551.8231074509315,1393.643780489126,0.7525072972797409,0.24749270272025914,7.424781081607774,-7.424781081607774,1559.2478885325393,1386.2189994075181,34,22,19,35,0.6071428571428571,0.35185185185185186,0.6331034482758621
2025-26,2026-02-20,0022500807,NOP,MIL,0,1376.4832944583243,1475.913746915588,0.4083256216989914,0.5916743783010086,-12.249768650969742,12.249768650969742,1364.2335258073545,1488.1635155665579,15,41,23,30,0.26785714285714285,0.4339622641509434,0.3816610657705232
2025-26,2026-02-20,0022500808,OKC,BKN,1,1614.7319625085615,1343.6908852630343,0.8534242036344158,0.14657579636558415,4.397273890967525,-4.397273890967525,1619.129236399529,1339.2936113720668,42,14,15,39,0.75,0.2777777777777778,0.7297297297297298
2025-26,2026-02-20,0022500809,LAL,LAC,1,1551.5188118948888,1575.6884448002395,0.5155811046824138,0.4844188953175862,14.532566859527586,-14.532566859527586,1566.0513787544164,1561.155877940712,33,21,27,28,0.6111111111111112,0.4909090909090909,0.5545371219065078
2025-26,2026-02-20,0022500810,POR,DEN,0,1507.4133459792406,1535.9628306630905,0.5092819712842916,0.49071802871570835,-15.27845913852875,15.27845913852875,1492.134886840712,1551.2412898016191,27,29,35,21,0.48214285714285715,0.625,0.43548387096774194
2025-26,2026-02-21,0022500811,PHX,ORL,1,1543.144894024129,1500.6941730705262,0.6096502235396408,0.3903497764603592,11.710493293810774,-11.710493293810774,1554.8553873179396,1488.9836797767155,32,24,29,25,0.5714285714285714,0.5370370370370371,0.5155131264916468
2025-26,2026-02-21,0022500812,NOP,PHI,1,1364.2335258073545,1511.9669674434574,0.34322712568593067,0.6567728743140693,19.70318622942208,-19.70318622942208,1383.9367120367765,1492.2637812140354,15,42,30,25,0.2631578947368421,0.5454545454545454,0.3254437869822486
2025-26,2026-02-21,0022500813,MIA,MEM,1,1511.0248887420157,1390.801439650942,0.709619751588057,0.290380248411943,8.711407452358289,-8.711407452358289,1519.736296194374,1382.0900321985837,30,27,21,33,0.5263157894736842,0.3888888888888889,0.5750798722044728
2025-26,2026-02-21,0022500814,CHI,DET,0,1394.9776098425486,1677.175777994032,0.19419373661580905,0.8058062633841909,-5.825812098474271,5.825812098474271,1389.1517977440744,1683.0015900925061,24,32,41,13,0.42857142857142855,0.7592592592592593,0.36080178173719374
2025-26,2026-02-21,0022500815,SAS,SAC,1,1666.7053303176392,1273.8313239731212,0.9215098821709071,0.07849011782909288,2.3547035348727863,-2.3547035348727863,1669.060033852512,1271.4766204382483,39,16,12,45,0.7090909090909091,0.21052631578947367,0.7710718002081166
2025-26,2026-02-21,0022500816,NYK,HOU,1,1577.937831890717,1586.8379938670328,0.5374901909379739,0.4625098090620261,13.875294271860783,-13.875294271860783,1591.8131261625779,1572.962699595172,35,21,34,20,0.625,0.6296296296296297,0.49815498154981547
2025-26,2026-02-22,0022500817,OKC,CLE,1,1619.129236399529,1641.240202297271,0.5185403066329287,0.4814596933670713,14.443790801012138,-14.443790801012138,1633.573027200541,1626.796411496259,43,14,36,21,0.7543859649122807,0.631578947368421,0.5443037974683544
2025-26,2026-02-22,0022500818,ATL,BKN,1,1470.7002024212832,1339.2936113720668,0.7227038265408212,0.2772961734591788,8.318885203775363,-8.318885203775363,1479.0190876250585,1330.9747261682915,27,31,15,40,0.46551724137931033,0.2727272727272727,0.6305732484076434
2025-26,2026-02-22,0022500819,MIL,TOR,0,1488.1635155665579,1549.4147853923378,0.46229311347929314,0.5377068865207069,-13.868793404378794,13.868793404378794,1474.2947221621791,1563.2835787967165,24,30,33,23,0.4444444444444444,0.5892857142857143,0.42994241842610365
2025-26,2026-02-22,0022500820,GSW,DEN,1,1502.5344245090462,1551.2412898016191,0.48028446270299774,0.5197155372970023,15.591466118910068,-15.591466118910068,1518.1258906279563,1535.649823682709,29,27,36,21,0.5178571428571429,0.631578947368421,0.45053147996729354
2025-26,2026-02-22,0022500821,IND,DAL,0,1368.5939386849884,1386.2189994075181,0.5249837237342689,0.47501627626573106,-15.749511712028069,15.749511712028069,1352.8444269729603,1401.9685111195463,15,42,19,36,0.2631578947368421,0.34545454545454546,0.43238993710691825
2025-26,2026-02-22,0022500822,WAS,CHA,0,1390.8878331829808,1538.1781682094036,0.3438023459848868,0.6561976540151132,-10.314070379546603,10.314070379546603,1380.5737628034342,1548.4922385889502,16,39,26,31,0.2909090909090909,0.45614035087719296,0.38941076003415886
2025-26,2026-02-22,0022500823,LAL,BOS,0,1566.0513787544164,1616.8942258733214,0.47721609960457007,0.52278390039543,-14.316482988137102,14.316482988137102,1551.7348957662794,1631.2107088614584,34,21,36,19,0.6181818181818182,0.6545454545454545,0.4857142857142857
2025-26,2026-02-22,0022500824,MIN,PHI,0,1559.2478885325393,1492.2637812140354,0.6426920604407894,0.3573079395592106,-19.280761813223684,19.280761813223684,1539.9671267193155,1511.5445430272591,35,22,30,26,0.6140350877192983,0.5357142857142857,0.5340599455040872
2025-26,2026-02-22,0022500825,CHI,NYK,0,1389.1517977440744,1591.8131261625779,0.2758510237163799,0.7241489762836202,-8.275530711491395,8.275530711491395,1380.876267032583,1600.0886568740693,24,33,36,21,0.42105263157894735,0.631578947368421,0.4
2025-26,2026-02-22,0022500826,PHX,POR,0,1554.8553873179396,1492.134886840712,0.6370364407307559,0.36296355926924406,-19.11109322192268,19.11109322192268,1535.744294096017,1511.2459800626345,33,24,27,30,0.5789473684210527,0.47368421052631576,0.55
2025-26,2026-02-22,0022500827,LAC,ORL,0,1561.155877940712,1488.9836797767155,0.649520632767694,0.350479367232306,-19.48561898303082,19.48561898303082,1541.670258957681,1508.4692987597464,27,29,29,26,0.48214285714285715,0.5272727272727272,0.4776455451913799
2025-26,2026-02-23,0022500828,DET,SAS,0,1683.0015900925061,1669.060033852512,0.5699703653024332,0.43002963469756683,-17.099110959072995,17.099110959072995,1665.9024791334332,1686.159144811585,42,13,40,16,0.7636363636363637,0.7142857142857143,0.5166959578207381
2025-26,2026-02-23,0022500829,MEM,SAC,0,1382.0900321985837,1271.4766204382483,0.6980898110712292,0.30191018892877075,-20.942694332136877,20.942694332136877,1361.1473378664468,1292.4193147703852,21,34,12,46,0.38181818181818183,0.20689655172413793,0.6485623003194889
2025-26,2026-02-23,0022500830,HOU,UTA,1,1572.962699595172,1359.5877781901818,0.806864070755905,0.19313592924409495,5.794077877322849,-5.794077877322849,1578.7567774724948,1353.7937003128588,34,21,18,39,0.6181818181818182,0.3157894736842105,0.6618852459016393
2025-26,2026-02-24,0022500831,IND,PHI,0,1352.8444269729603,1511.5445430272591,0.3291404794048691,0.6708595205951309,-9.874214382146073,9.874214382146073,1342.9702125908143,1521.418757409405,15,43,31,26,0.25862068965517243,0.543859649122807,0.3222766679231059
2025-26,2026-02-24,0022500832,ATL,WAS,1,1479.0190876250585,1380.5737628034342,0.6831255529763516,0.3168744470236484,9.506233410709452,-9.506233410709452,1488.525321035768,1371.0675293927247,28,31,16,40,0.4745762711864407,0.2857142857142857,0.624203821656051
2025-26,2026-02-24,0022500833,BKN,DAL,0,1330.9747261682915,1401.9685111195463,0.448385301534941,0.551614698465059,-13.45155904604823,13.45155904604823,1317.5231671222432,1415.4200701655946,15,41,20,36,0.26785714285714285,0.35714285714285715,0.42857142857142855
2025-26,2026-02-24,0022500834,TOR,OKC,0,1563.2835787967165,1633.573027200541,0.44938833037127607,0.550611669628724,-13.481649911138282,13.481649911138282,1549.8019288855783,1647.0546771116792,34,23,44,14,0.5964912280701754,0.7586206896551724,0.4401785714285715
2025-26,2026-02-24,0022500835,CLE,NYK,1,1626.796411496259,1600.0886568740693,0.587882450249487,0.41211754975051296,12.363526492515389,-12.363526492515389,1639.1599379887743,1587.725130381554,36,22,37,21,0.6206896551724138,0.6379310344827587,0.49315068493150677
2025-26,2026-02-24,0022500836,CHI,CHA,0,1380.876267032583,1548.4922385889502,0.3179087839649689,0.6820912160350311,-9.537263518949068,9.537263518949068,1371.339003513634,1558.0295021078991,24,34,27,31,0.41379310344827586,0.46551724137931033,0.47058823529411764
2025-26,2026-02-24,0022500837,MIL,MIA,1,1474.2947221621791,1519.736296194374,0.48497788943219633,0.5150221105678037,15.45066331703411,-15.45066331703411,1489.7453854792132,1504.28563287734,24,31,31,27,0.43636363636363634,0.5344827586206896,0.4494672263480788
2025-26,2026-02-24,0022500838,NOP,GSW,1,1383.9367120367765,1518.1258906279563,0.361011000236023,0.638988999763977,19.16966999291931,-19.16966999291931,1403.1063820296959,1498.956220635037,16,42,30,27,0.27586206896551724,0.5263157894736842,0.3438914027149321
2025-26,2026-02-24,0022500839,PHX,BOS,0,1535.744294096017,1631.2107088614584,0.41384987313699956,0.5861501268630005,-12.415496194109986,12.415496194109986,1523.3287979019071,1643.6262050555683,33,25,37,19,0.5689655172413793,0.6607142857142857,0.4626940410615924
2025-26,2026-02-24,0022500840,LAL,ORL,0,1551.7348957662794,1508.4692987597464,0.6107659501933509,0.3892340498066491,-18.322978505800528,18.322978505800528,1533.4119172604787,1526.792277265547,34,22,30,26,0.6071428571428571,0.5357142857142857,0.53125
2025-26,2026-02-24,0022500841,POR,MIN,0,1511.2459800626345,1539.9671267193155,0.5090350127373667,0.49096498726263327,-15.271050382121002,15.271050382121002,1495.9749296805135,1555.2381771014366,28,30,35,23,0.4827586206896552,0.603448275862069,0.4444444444444444
2025-26,2026-02-25,0022500842,DET,OKC,1,1665.9024791334332,1647.0546771116792,0.5768786379103108,0.4231213620896892,12.693640862690676,-12.693640862690676,1678.596119996124,1634.3610362489885,42,14,45,14,0.75,0.7627118644067796,0.4957983193277311
2025-26,2026-02-25,0022500843,TOR,SAS,0,1549.8019288855783,1686.159144811585,0.35813705847367,0.6418629415263299,-10.7441117542101,10.7441117542101,1539.0578171313682,1696.9032565657951,34,24,41,16,0.5862068965517241,0.7192982456140351,0.44902687673772007
2025-26,2026-02-25,0022500844,MEM,GSW,0,1361.1473378664468,1498.956220635037,0.3562184023005564,0.6437815976994437,-10.686552069016692,10.686552069016692,1350.4607857974302,1509.6427727040536,21,35,30,28,0.375,0.5172413793103449,0.42028985507246375
2025-26,2026-02-25,0022500845,HOU,SAC,1,1578.7567774724948,1292.4193147703852,0.8640997589025206,0.13590024109747945,4.077007232924384,-4.077007232924384,1582.8337847054192,1288.3423075374608,35,21,13,46,0.625,0.22033898305084745,0.7393483709273183
2025-26,2026-02-25,0022500846,MIL,CLE,1,1489.7453854792132,1639.1599379887743,0.34104897912312004,0.65895102087688,19.768530626306397,-19.768530626306397,1509.5139161055195,1619.391407362468,25,31,37,22,0.44642857142857145,0.6271186440677966,0.41584437552861575
2025-26,2026-02-25,0022500847,DEN,BOS,1,1535.649823682709,1643.6262050555683,0.3964962144113476,0.6035037855886525,18.105113567659576,-18.105113567659576,1553.7549372503686,1625.5210914879087,36,22,38,19,0.6206896551724138,0.6666666666666666,0.48214285714285715
2025-26,2026-02-26,0022500848,IND,CHA,0,1342.9702125908143,1558.0295021078991,0.26182499854261565,0.7381750014573843,-7.85474995627847,7.85474995627847,1335.1154626345358,1565.8842520641776,15,44,28,31,0.2542372881355932,0.4745762711864407,0.34883720930232553
2025-26,2026-02-26,0022500849,PHI,MIA,1,1521.418757409405,1504.28563287734,0.5744675463399341,0.42553245366006587,12.765973609801977,-12.765973609801977,1534.184731019207,1491.5196592675381,32,26,31,28,0.5517241379310345,0.5254237288135594,0.5122083559413998
2025-26,2026-02-26,0022500850,ATL,WAS,1,1488.525321035768,1371.0675293927247,0.7063282852795063,0.2936717147204937,8.81015144161481,-8.81015144161481,1497.3354724773828,1362.25737795111,29,31,16,41,0.48333333333333334,0.2807017543859649,0.6326061997703788
2025-26,2026-02-26,0022500851,BKN,SAS,0,1317.5231671222432,1696.9032565657951,0.1210620424290419,0.8789379575709582,-3.631861272871257,3.631861272871257,1313.891305849372,1700.5351178386663,15,42,42,16,0.2631578947368421,0.7241379310344828,0.2665441176470588
2025-26,2026-02-26,0022500852,ORL,HOU,0,1526.792277265547,1582.8337847054192,0.46975580411611506,0.5302441958838849,-14.092674123483452,14.092674123483452,1512.6996031420636,1596.9264588289027,31,26,36,21,0.543859649122807,0.631578947368421,0.4626865671641791
2025-26,2026-02-26,0022500853,CHI,POR,0,1371.339003513634,1495.9749296805135,0.3737913499454244,0.6262086500545756,-11.213740498362732,11.213740498362732,1360.1252630152712,1507.1886701788762,24,35,28,31,0.4067796610169492,0.4745762711864407,0.4615384615384615
2025-26,2026-02-26,0022500854,DAL,SAC,0,1415.4200701655946,1288.3423075374608,0.7176824298488015,0.2823175701511985,-21.530472895464044,21.530472895464044,1393.8895972701305,1309.8727804329249,21,36,13,47,0.3684210526315789,0.21666666666666667,0.6296851574212894
2025-26,2026-02-26,0022500855,PHX,LAL,1,1523.3287979019071,1533.4119172604787,0.5357969237385333,0.46420307626146673,13.926092287844002,-13.926092287844002,1537.2548901897512,1519.4858249726346,33,26,34,23,0.559322033898305,0.5964912280701754,0.4839207615127348
2025-26,2026-02-26,0022500856,UTA,NOP,0,1353.7937003128588,1403.1063820296959,0.479414039059134,0.5205859609408661,-14.38242117177402,14.38242117177402,1339.4112791410848,1417.4888032014699,18,40,17,42,0.3103448275862069,0.288135593220339,0.5185546875
2025-26,2026-02-26,0022500857,LAC,MIN,0,1541.670258957681,1555.2381771014366,0.5308041827671884,0.46919581723281156,-15.924125483015652,15.924125483015652,1525.7461334746654,1571.1623025844522,27,30,36,23,0.47368421052631576,0.6101694915254238,0.437037037037037
2025-26,2026-02-27,0022500858,DET,CLE,1,1678.596119996124,1619.391407362468,0.6323440199969398,0.3676559800030602,11.029679400091807,-11.029679400091807,1689.6257993962156,1608.3617279623763,43,14,37,23,0.7543859649122807,0.6166666666666667,0.5502239283429302
2025-26,2026-02-27,0022500859,BOS,BKN,1,1625.5210914879087,1313.891305849372,0.8803091983562135,0.11969080164378654,3.590724049313596,-3.590724049313596,1629.1118155372224,1310.3005818000584,38,20,15,43,0.6551724137931034,0.25862068965517243,0.7169811320754718
2025-26,2026-02-27,0022500860,MIL,NYK,0,1509.5139161055195,1587.725130381554,0.43813273049669077,0.5618672695033092,-13.143981914900722,13.143981914900722,1496.3699341906188,1600.8691122964547,26,31,37,22,0.45614035087719296,0.6271186440677966,0.4210815262146582
2025-26,2026-02-27,0022500861,DAL,MEM,0,1393.8895972701305,1350.4607857974302,0.6109892841512377,0.38901071584876235,-18.32967852453713,18.32967852453713,1375.5599187455934,1368.7904643219672,21,37,21,36,0.3620689655172414,0.3684210526315789,0.4956521739130435
2025-26,2026-02-27,0022500862,OKC,DEN,1,1634.3610362489885,1553.7549372503686,0.6604908113951314,0.33950918860486856,10.185275658146058,-10.185275658146058,1644.5463119071346,1543.5696615922225,45,15,37,22,0.75,0.6271186440677966,0.5446153846153846
2025-26,2026-02-28,0022500863,CHA,POR,1,1565.8842520641776,1507.1886701788762,0.6316623907027328,0.3683376092972672,11.050128278918017,-11.050128278918017,1576.9343803430957,1496.1385418999582,29,31,29,31,0.48333333333333334,0.48333333333333334,0.5
2025-26,2026-02-28,0022500864,MIA,HOU,1,1491.5196592675381,1596.9264588289027,0.40004103837832533,0.5999589616216747,17.998768848650244,-17.998768848650244,1509.5184281161885,1578.9276899802524,31,29,37,21,0.5166666666666667,0.6379310344827587,0.4474863115978098
2025-26,2026-02-28,0022500865,WAS,TOR,0,1362.25737795111,1539.0578171313682,0.30655623307272845,0.6934437669272715,-9.196686992181853,9.196686992181853,1353.060690958928,1548.25450412355,16,42,34,25,0.27586206896551724,0.576271186440678,0.32373113854595337
2025-26,2026-02-28,0022500866,GSW,LAL,0,1509.6427727040536,1519.4858249726346,0.536140620153996,0.463859379846004,-16.08421860461988,16.08421860461988,1493.5585540994336,1535.5700435772546,31,28,34,24,0.5254237288135594,0.5862068965517241,0.47266035751840174
2025-26,2026-02-28,0022500867,UTA,NOP,0,1339.4112791410848,1417.4888032014699,0.4383221895704974,0.5616778104295026,-13.149665687114922,13.149665687114922,1326.2616134539699,1430.6384688885848,18,41,18,42,0.3050847457627119,0.3,0.5042016806722689
2025-26,2026-03-01,0022500868,NYK,SAS,1,1600.8691122964547,1700.5351178386663,0.40799807001221994,0.5920019299877801,17.760057899633402,-17.760057899633402,1618.6291701960881,1682.7750599390329,38,22,43,16,0.6333333333333333,0.7288135593220338,0.4649523019493986
2025-26,2026-03-01,0022500869,BKN,CLE,0,1310.3005818000584,1608.3617279623763,0.18030215854070597,0.819697841459294,-5.409064756221179,5.409064756221179,1304.8915170438372,1613.7707927185975,15,44,37,24,0.2542372881355932,0.6065573770491803,0.29535183989670755
2025-26,2026-03-01,0022500870,CHI,MIL,1,1360.1252630152712,1496.3699341906188,0.35828599883615997,0.64171400116384,19.2514200349152,-19.2514200349152,1379.3766830501863,1477.1185141557037,24,36,26,32,0.4,0.4482758620689655,0.4715447154471545
2025-26,2026-03-01,0022500871,DEN,MIN,0,1543.5696615922225,1571.1623025844522,0.5106584316503981,0.48934156834960185,-15.319752949511944,15.319752949511944,1528.2499086427106,1586.482055533964,37,23,37,23,0.6166666666666667,0.6166666666666667,0.5
2025-26,2026-03-01,0022500872,IND,MEM,0,1335.1154626345358,1368.7904643219672,0.5019068166075273,0.49809318339247266,-15.05720449822582,15.05720449822582,1320.0582581363099,1383.8476688201931,15,45,22,36,0.25,0.3793103448275862,0.3972602739726028
2025-26,2026-03-01,0022500873,ATL,POR,1,1497.3354724773828,1496.1385418999582,0.551903915659677,0.448096084340323,13.44288253020969,-13.44288253020969,1510.7783550075926,1482.6956593697485,30,31,29,32,0.4918032786885246,0.47540983606557374,0.5084745762711864
2025-26,2026-03-01,0022500874,BOS,PHI,1,1629.1118155372224,1534.184731019207,0.6787254003541482,0.3212745996458518,9.638237989375554,-9.638237989375554,1638.7500535265979,1524.5464930298315,39,20,33,26,0.6610169491525424,0.559322033898305,0.5416666666666667
2025-26,2026-03-01,0022500875,ORL,DET,0,1512.6996031420636,1689.6257993962156,0.306402364938118,0.693597635061882,-9.19207094814354,9.19207094814354,1503.50753219392,1698.817870344359,31,27,44,14,0.5344827586206896,0.7586206896551724,0.4133333333333333
2025-26,2026-03-01,0022500876,DAL,OKC,0,1375.5599187455934,1644.5463119071346,0.20637208516256222,0.7936279148374378,-6.1911625548768665,6.1911625548768665,1369.3687561907166,1650.7374744620115,21,38,46,15,0.3559322033898305,0.7540983606557377,0.32065081351689617
2025-26,2026-03-01,0022500877,LAC,NOP,1,1525.7461334746654,1430.6384688885848,0.6789520292516094,0.32104797074839064,9.63143912245172,-9.63143912245172,1535.377572597117,1421.0070297661332,27,31,19,42,0.46551724137931033,0.3114754098360656,0.5991269552564569
2025-26,2026-03-01,0022500878,LAL,SAC,1,1535.5700435772546,1309.8727804329249,0.8176779729088797,0.18232202709112033,5.4696608127336095,-5.4696608127336095,1541.0397043899882,1304.4031196201913,35,24,14,47,0.5932203389830508,0.22950819672131148,0.7210401891252954
2025-26,2026-03-02,0022500879,WAS,HOU,0,1353.060690958928,1578.9276899802524,0.2499800358953131,0.750019964104687,-7.499401076859392,7.499401076859392,1345.5612898820686,1586.4270910571117,16,43,37,22,0.2711864406779661,0.6271186440677966,0.3018867924528302
2025-26,2026-03-02,0022500880,MIL,BOS,0,1477.1185141557037,1638.7500535265979,0.32542524267119677,0.6745747573288032,-9.762757280135903,9.762757280135903,1467.3557568755677,1648.5128108067338,26,33,40,20,0.4406779661016949,0.6666666666666666,0.3979591836734694
2025-26,2026-03-02,0022500881,UTA,DEN,0,1326.2616134539699,1528.2499086427106,0.2766256130193436,0.7233743869806564,-8.298768390580307,8.298768390580307,1317.9628450633895,1536.548677033291,18,42,37,24,0.3,0.6065573770491803,0.33092224231464734
2025-26,2026-03-02,0022500882,GSW,LAC,0,1493.5585540994336,1535.377572597117,0.4901879034030478,0.5098120965969521,-14.705637102091433,14.705637102091433,1478.8529169973422,1550.0832096992085,31,29,28,31,0.5166666666666667,0.4745762711864407,0.5212311199772015
2025-26,2026-03-03,0022500883,CHA,DAL,1,1576.9343803430957,1369.3687561907166,0.8015992748097994,0.19840072519020058,5.952021755706017,-5.952021755706017,1582.8864020988017,1363.4167344350105,30,31,21,39,0.4918032786885246,0.35,0.5842259006815969
2025-26,2026-03-03,0022500884,CLE,DET,1,1613.7707927185975,1698.817870344359,0.4284705177215882,0.5715294822784118,17.145884468352357,-17.145884468352357,1630.9166771869498,1681.6719858760068,38,24,45,14,0.6129032258064516,0.7627118644067796,0.4455484896661367
2025-26,2026-03-03,0022500885,ORL,WAS,1,1503.50753219392,1345.5612898820686,0.7522573263049968,0.24774267369500325,7.432280210850097,-7.432280210850097,1510.9398124047702,1338.1290096712185,31,28,16,44,0.5254237288135594,0.26666666666666666,0.6633380884450785
2025-26,2026-03-03,0022500886,MIA,BKN,1,1509.5184281161885,1304.8915170438372,0.7988951638986334,0.20110483610136665,6.033145083040999,-6.033145083040999,1515.5515731992296,1298.8583719607961,32,29,15,45,0.5245901639344263,0.25,0.6772486772486772
2025-26,2026-03-03,0022500887,TOR,NYK,0,1548.25450412355,1618.6291701960881,0.44926695187369775,0.5507330481263022,-13.478008556210932,13.478008556210932,1534.7764955673392,1632.107178752299,35,25,39,22,0.5833333333333334,0.639344262295082,0.47709497206703905
2025-26,2026-03-03,0022500888,PHI,SAS,0,1524.5464930298315,1682.7750599390329,0.3297401278966046,0.6702598721033954,-9.892203836898139,9.892203836898139,1514.6542891929334,1692.667263775931,33,27,43,17,0.55,0.7166666666666667,0.43421052631578955
2025-26,2026-03-03,0022500889,CHI,OKC,0,1379.3766830501863,1650.7374744620115,0.20414246476665412,0.7958575352333459,-6.124273942999624,6.124273942999624,1373.2524091071866,1656.8617484050112,25,36,47,15,0.4098360655737705,0.7580645161290323,0.350916911931175
2025-26,2026-03-03,0022500890,MIN,MEM,1,1586.482055533964,1383.8476688201931,0.7970460727761954,0.20295392722380456,6.088617816714137,-6.088617816714137,1592.5706733506781,1377.759051003479,38,23,23,36,0.6229508196721312,0.3898305084745763,0.6150891632373113
2025-26,2026-03-03,0022500891,LAL,NOP,1,1541.0397043899882,1421.0070297661332,0.7093934077595963,0.29060659224040375,8.718197767212112,-8.718197767212112,1549.7579021572003,1412.288831998921,36,24,19,43,0.6,0.3064516129032258,0.6619217081850534
2025-26,2026-03-03,0022500892,SAC,PHX,0,1304.4031196201913,1537.2548901897512,0.2425175400920898,0.7574824599079102,-7.275526202762695,7.275526202762695,1297.1275934174287,1544.5304163925139,14,48,34,26,0.22580645161290322,0.5666666666666667,0.28493894165535955
2025-26,2026-03-04,0022500893,NYK,OKC,0,1632.107178752299,1656.8617484050112,0.514740087156773,0.485259912843227,-15.44220261470319,15.44220261470319,1616.6649761375959,1672.3039510197143,40,22,48,15,0.6451612903225806,0.7619047619047619,0.45851528384279483
2025-26,2026-03-04,0022500894,BOS,CHA,0,1648.5128108067338,1582.8864020988017,0.6408953128900939,0.35910468710990606,-19.226859386702817,19.226859386702817,1629.2859514200309,1602.1132614855046,41,20,31,31,0.6721311475409836,0.5,0.5734265734265733
2025-26,2026-03-04,0022500895,PHI,UTA,1,1514.6542891929334,1317.9628450633895,0.791455822830331,0.208544177169669,6.25632531509007,-6.25632531509007,1520.9106145080236,1311.7065197482993,33,28,18,43,0.5409836065573771,0.29508196721311475,0.6470588235294118
2025-26,2026-03-04,0022500896,MEM,POR,0,1377.759051003479,1482.6956593697485,0.4006908291369589,0.5993091708630411,-12.020724874108767,12.020724874108767,1365.7383261293703,1494.7163842438572,23,37,29,33,0.38333333333333336,0.46774193548387094,0.4504106127605812
2025-26,2026-03-04,0022500897,MIL,ATL,0,1467.3557568755677,1510.7783550075926,0.48788128083335836,0.5121187191666416,-14.636438425000751,14.636438425000751,1452.719318450567,1525.4147934325933,26,34,31,31,0.43333333333333335,0.5,0.4642857142857143
2025-26,2026-03-04,0022500898,LAC,IND,1,1550.0832096992085,1320.0582581363099,0.8213625473837342,0.17863745261626585,5.359123578487975,-5.359123578487975,1555.4423332776964,1314.699134557822,29,31,15,46,0.48333333333333334,0.2459016393442623,0.6627950543274634
2025-26,2026-03-05,0022500899,ORL,DAL,1,1510.9398124047702,1363.4167344350105,0.7409068570660062,0.25909314293399377,7.7727942880198135,-7.7727942880198135,1518.7126066927901,1355.6439401469906,32,28,21,40,0.5333333333333333,0.3442622950819672,0.6077210460772104
2025-26,2026-03-05,0022500900,WAS,UTA,0,1338.1290096712185,1311.7065197482993,0.5874845466062613,0.41251545339373874,-17.62453639818784,17.62453639818784,1320.5044732730307,1329.331056146487,16,45,18,44,0.26229508196721313,0.2903225806451613,0.47464114832535886
2025-26,2026-03-05,0022500901,MIA,BKN,1,1515.5515731992296,1298.8583719607961,0.8098233149707675,0.19017668502923246,5.705300550876974,-5.705300550876974,1521.2568737501065,1293.1530714099192,33,29,15,46,0.532258064516129,0.2459016393442623,0.6839959225280325
2025-26,2026-03-05,0022500902,HOU,GSW,0,1586.4270910571117,1478.8529169973422,0.6943897743202501,0.30561022567974994,-20.831693229607502,20.831693229607502,1565.5953978275043,1499.6846102269496,38,22,31,30,0.6333333333333333,0.5081967213114754,0.5548109143130685
2025-26,2026-03-05,0022500903,MIN,TOR,1,1592.5706733506781,1534.7764955673392,0.6304542927706608,0.3695457072293392,11.086371216880176,-11.086371216880176,1603.6570445675584,1523.690124350459,39,23,35,26,0.6290322580645161,0.5737704918032787,0.5229720817762146
2025-26,2026-03-05,0022500904,SAS,DET,1,1692.667263775931,1681.6719858760068,0.5658085251542437,0.43419147484575626,13.025744245372689,-13.025744245372689,1705.6930080213035,1668.6462416306342,44,17,45,15,0.7213114754098361,0.75,0.4902506963788301
2025-26,2026-03-05,0022500905,PHX,CHI,0,1544.5304163925139,1373.2524091071866,0.7662814042732501,0.2337185957267499,-22.9884421281975,22.9884421281975,1521.5419742643164,1396.240851235384,35,26,25,37,0.5737704918032787,0.4032258064516129,0.5872801082543978
2025-26,2026-03-05,0022500906,DEN,LAL,1,1536.548677033291,1549.7579021572003,0.5313183913420012,0.4686816086579988,14.060448259739964,-14.060448259739964,1550.609125293031,1535.6974538974603,38,24,37,24,0.6129032258064516,0.6065573770491803,0.5026019080659151
2025-26,2026-03-05,0022500907,SAC,NOP,0,1297.1275934174287,1412.288831998921,0.3866430424499434,0.6133569575500566,-11.599291273498302,11.599291273498302,1285.5283021439304,1423.8881232724193,14,49,19,44,0.2222222222222222,0.30158730158730157,0.4242424242424243
2025-26,2026-03-06,0022500908,BOS,DAL,1,1629.2859514200309,1355.6439401469906,0.8552872006451635,0.1447127993548365,4.3413839806450945,-4.3413839806450945,1633.627335400676,1351.3025561663455,41,21,21,41,0.6612903225806451,0.3387096774193548,0.6612903225806451
2025-26,2026-03-06,0022500909,CHA,MIA,0,1602.1132614855046,1521.2568737501065,0.6608138205493,0.33918617945069995,-19.824414616479,19.824414616479,1582.2888468690255,1541.0812883665856,32,31,34,29,0.5079365079365079,0.5396825396825397,0.4848484848484849
2025-26,2026-03-06,0022500910,HOU,POR,1,1565.5953978275043,1494.7163842438572,0.6478241350553371,0.3521758649446629,10.565275948339888,-10.565275948339888,1576.160673775844,1484.1511082955174,38,23,30,33,0.6229508196721312,0.47619047619047616,0.5667613636363638
2025-26,2026-03-06,0022500911,DEN,NYK,0,1550.609125293031,1616.6649761375959,0.45542568873366196,0.544574311266338,-13.662770662009859,13.662770662009859,1536.946354631021,1630.3277467996058,39,24,40,23,0.6190476190476191,0.6349206349206349,0.4936708860759494
2025-26,2026-03-06,0022500912,PHX,NOP,1,1521.5419742643164,1423.8881232724193,0.6821384970657366,0.3178615029342634,9.535845088027902,-9.535845088027902,1531.0778193523442,1414.3522781843915,35,27,20,44,0.5645161290322581,0.3125,0.6436781609195402
2025-26,2026-03-06,0022500913,SAS,LAC,1,1705.6930080213035,1555.4423332776964,0.7439095219679721,0.2560904780320279,7.682714340960837,-7.682714340960837,1713.3757223622642,1547.7596189367357,45,17,30,31,0.7258064516129032,0.4918032786885246,0.5960912052117264
2025-26,2026-03-06,0022500914,LAL,IND,1,1535.6974538974603,1314.699134557822,0.8136107433644715,0.18638925663552852,5.591677699065856,-5.591677699065856,1541.2891315965262,1309.107456858756,37,25,15,47,0.5967741935483871,0.24193548387096775,0.7115384615384616
2025-26,2026-03-07,0022500915,MIN,ORL,0,1603.6570445675584,1518.7126066927901,0.666068288836182,0.33393171116381803,-19.982048665085458,19.982048665085458,1583.674995902473,1538.6946553578755,40,23,33,28,0.6349206349206349,0.5409836065573771,0.5399424651471565
2025-26,2026-03-07,0022500916,DET,BKN,0,1668.6462416306342,1293.1530714099192,0.9139611114422245,0.08603888855777553,-27.418833343266733,27.418833343266733,1641.2274082873676,1320.571904753186,45,16,15,47,0.7377049180327869,0.24193548387096775,0.7530364372469636
2025-26,2026-03-07,0022500917,ATL,PHI,1,1525.4147934325933,1520.9106145080236,0.5566073500414582,0.4433926499585418,13.301779498756254,-13.301779498756254,1538.7165729313497,1507.6088350092673,32,31,34,28,0.5079365079365079,0.5483870967741935,0.4808531265147843
2025-26,2026-03-07,0022500918,MEM,LAC,0,1365.7383261293703,1547.7596189367357,0.30020484610627457,0.6997951538937255,-9.006145383188237,9.006145383188237,1356.7321807461822,1556.7657643199238,23,38,30,32,0.3770491803278688,0.4838709677419355,0.43796068796068793
2025-26,2026-03-07,0022500919,MIL,UTA,1,1452.719318450567,1329.331056146487,0.7133593866461247,0.28664061335387525,8.599218400616257,-8.599218400616257,1461.3185368511834,1320.7318377458707,26,35,19,44,0.4262295081967213,0.30158730158730157,0.5856274579907044
2025-26,2026-03-07,0022500920,OKC,GSW,1,1672.3039510197143,1499.6846102269496,0.7676614067275214,0.23233859327247863,6.970157798174359,-6.970157798174359,1679.2741088178886,1492.7144524287753,49,15,32,30,0.765625,0.5161290322580645,0.5973259929217459
2025-26,2026-03-08,0022500921,CLE,BOS,0,1630.9166771869498,1633.627335400676,0.5463347749852888,0.4536652250147112,-16.390043249558666,16.390043249558666,1614.5266339373911,1650.0173786502346,39,24,42,21,0.6190476190476191,0.6666666666666666,0.48148148148148157
2025-26,2026-03-08,0022500922,LAL,NYK,1,1541.2891315965262,1630.3277467996058,0.4228532744672346,0.5771467255327654,17.31440176598296,-17.31440176598296,1558.603533362509,1613.013345033623,38,25,41,23,0.6031746031746031,0.640625,0.4849451645064805
2025-26,2026-03-08,0022500923,MIA,DET,1,1541.0812883665856,1641.2274082873676,0.40733069345041695,0.592669306549583,17.780079196487492,-17.780079196487492,1558.8613675630731,1623.44732909088,35,29,45,17,0.546875,0.7258064516129032,0.4297029702970297
2025-26,2026-03-08,0022500924,TOR,DAL,1,1523.690124350459,1351.3025561663455,0.7674233590635395,0.23257664093646047,6.977299228093814,-6.977299228093814,1530.6674235785529,1344.3252569382516,35,27,21,42,0.5645161290322581,0.3333333333333333,0.6287425149700598
2025-26,2026-03-08,0022500925,NOP,WAS,1,1414.3522781843915,1320.5044732730307,0.6773691456175477,0.3226308543824523,9.67892563147357,-9.67892563147357,1424.031203815865,1310.8255476415573,20,45,16,46,0.3076923076923077,0.25806451612903225,0.543859649122807
2025-26,2026-03-08,0022500926,MIL,ORL,0,1461.3185368511834,1538.6946553578755,0.4393164798595057,0.5606835201404943,-13.179494395785172,13.179494395785172,1448.139042455398,1551.8741497536607,27,35,34,28,0.43548387096774194,0.5483870967741935,0.4426229508196721
2025-26,2026-03-08,0022500927,SAS,HOU,1,1713.3757223622642,1576.160673775844,0.7293543932549709,0.27064560674502913,8.119368202350874,-8.119368202350874,1721.495090564615,1568.0413055734932,46,17,39,23,0.7301587301587301,0.6290322580645161,0.5372009794688265
2025-26,2026-03-08,0022500928,PHX,CHA,1,1531.0778193523442,1582.2888468690255,0.4766873713515602,0.5233126286484397,15.699378859453192,-15.699378859453192,1546.7771982117974,1566.5894680095723,36,27,32,32,0.5714285714285714,0.5,0.5333333333333333
2025-26,2026-03-08,0022500929,POR,IND,1,1484.1511082955174,1309.107456858756,0.7701411618317489,0.22985883816825115,6.895765145047534,-6.895765145047534,1491.046873440565,1302.2116917137084,30,34,15,48,0.46875,0.23809523809523808,0.6631578947368421
2025-26,2026-03-08,0022500930,SAC,CHI,1,1285.5283021439304,1396.240851235384,0.39273350170923055,0.6072664982907694,18.21799494872308,-18.21799494872308,1303.7462970926535,1378.022856286661,14,50,26,37,0.21875,0.4126984126984127,0.3464257659073056
2025-26,2026-03-09,0022500931,CLE,PHI,1,1614.5266339373911,1507.6088350092673,0.6935873619860632,0.3064126380139368,9.192379140418105,-9.192379140418105,1623.7190130778092,1498.4164558688492,39,25,34,29,0.609375,0.5396825396825397,0.5303259227282539
2025-26,2026-03-09,0022500932,BKN,MEM,1,1320.571904753186,1356.7321807461822,0.4983302348291028,0.5016697651708972,15.050092955126917,-15.050092955126917,1335.6219977083128,1341.6820877910552,16,47,23,39,0.25396825396825395,0.3709677419354839,0.40639082343301924
2025-26,2026-03-09,0022500933,OKC,DEN,1,1679.2741088178886,1536.946354631021,0.7351246246298314,0.2648753753701686,7.946261261105057,-7.946261261105057,1687.2203700789937,1529.000093369916,50,15,39,25,0.7692307692307693,0.609375,0.5579773321708806
2025-26,2026-03-09,0022500934,UTA,GSW,1,1320.7318377458707,1492.7144524287753,0.31248325187335446,0.6875167481266455,20.625502443799366,-20.625502443799366,1341.3573401896701,1472.088949984976,19,45,32,31,0.296875,0.5079365079365079,0.3688751926040062
2025-26,2026-03-09,0022500935,LAC,NYK,1,1556.7657643199238,1613.013345033623,0.46946033655033215,0.5305396634496679,15.916189903490036,-15.916189903490036,1572.6819542234139,1597.097155130133,31,32,41,24,0.49206349206349204,0.6307692307692307,0.4382340147890387
2025-26,2026-03-10,0022500936,PHI,MEM,1,1498.4164558688492,1341.6820877910552,0.7509549284720786,0.24904507152792144,7.471352145837643,-7.471352145837643,1505.887808014687,1334.2107356452175,34,30,23,40,0.53125,0.36507936507936506,0.5926950747094631
2025-26,2026-03-10,0022500937,BKN,DET,0,1335.6219977083128,1623.44732909088,0.189175021065427,0.810824978934573,-5.67525063196281,5.67525063196281,1329.94674707635,1629.1225797228428,17,47,45,18,0.265625,0.7142857142857143,0.27107061503416857
2025-26,2026-03-10,0022500938,MIA,WAS,1,1558.8613675630731,1310.8255476415573,0.8360716878683514,0.1639283121316486,4.917849363949458,-4.917849363949458,1563.7792169270226,1305.9076982776078,36,29,16,47,0.5538461538461539,0.25396825396825395,0.6856106408706167
2025-26,2026-03-10,0022500939,ATL,DAL,1,1538.7165729313497,1344.3252569382516,0.7892619810051752,0.2107380189948248,6.322140569844744,-6.322140569844744,1545.0387135011945,1338.0031163684068,33,31,21,43,0.515625,0.328125,0.6111111111111112
2025-26,2026-03-10,0022500940,HOU,TOR,1,1568.0413055734932,1530.6674235785529,0.60267357773208,0.39732642226792003,11.919792668037601,-11.919792668037601,1579.9610982415309,1518.7476309105152,39,24,36,27,0.6190476190476191,0.5714285714285714,0.52
2025-26,2026-03-10,0022500941,MIL,PHX,0,1448.139042455398,1546.7771982117974,0.4094279572352519,0.5905720427647481,-12.282838717057556,12.282838717057556,1435.8562037383406,1559.060036928855,27,36,37,27,0.42857142857142855,0.578125,0.425720620842572
2025-26,2026-03-10,0022500942,SAS,BOS,1,1721.495090564615,1650.0173786502346,0.6486100197483715,0.3513899802516285,10.541699407548855,-10.541699407548855,1732.036789972164,1639.4756792426858,47,17,43,21,0.734375,0.671875,0.5222222222222223
2025-26,2026-03-10,0022500943,GSW,CHI,0,1472.088949984976,1378.022856286661,0.6776436957091759,0.32235630429082407,-20.32931087127528,20.32931087127528,1451.7596391137006,1398.3521671579363,32,32,26,38,0.5,0.40625,0.5517241379310345
2025-26,2026-03-10,0022500944,POR,CHA,0,1491.046873440565,1566.5894680095723,0.4419179077050515,0.5580820922949485,-13.257537231151545,13.257537231151545,1477.7893362094135,1579.8470052407238,31,34,32,33,0.47692307692307695,0.49230769230769234,0.49206349206349204
2025-26,2026-03-10,0022500945,SAC,IND,1,1303.7462970926535,1302.2116917137084,0.5523845834530796,0.4476154165469204,13.428462496407612,-13.428462496407612,1317.174759589061,1288.783229217301,15,50,15,49,0.23076923076923078,0.234375,0.49612403100775193
2025-26,2026-03-10,0022500946,LAL,MIN,1,1558.603533362509,1583.674995902473,0.5142844258474728,0.4857155741525272,14.571467224575816,-14.571467224575816,1573.175000587085,1569.1035286778972,39,25,40,24,0.609375,0.625,0.4936708860759494
2025-26,2026-03-11,0022500947,ORL,CLE,1,1551.8741497536607,1623.7190130778092,0.4471738619107336,0.5528261380892664,16.584784142677993,-16.584784142677993,1568.4589338963387,1607.1342289351312,35,28,40,25,0.5555555555555556,0.6153846153846154,0.4744525547445255
2025-26,2026-03-11,0022500948,NOP,TOR,1,1424.031203815865,1518.7476309105152,0.4148975380398887,0.5851024619601113,17.553073858803337,-17.553073858803337,1441.5842776746683,1501.1945570517119,21,45,36,28,0.3181818181818182,0.5625,0.3612903225806452
2025-26,2026-03-11,0022500949,UTA,NYK,0,1341.3573401896701,1597.097155130133,0.21914078083674557,0.7808592191632544,-6.5742234251023675,6.5742234251023675,1334.7831167645677,1603.6713785552354,20,45,41,25,0.3076923076923077,0.6212121212121212,0.3312421580928482
2025-26,2026-03-11,0022500950,DEN,HOU,1,1529.000093369916,1579.9610982415309,0.47704641264650466,0.5229535873534954,15.688607620604863,-15.688607620604863,1544.6887009905208,1564.272490620926,39,26,40,24,0.6,0.625,0.48979591836734687
2025-26,2026-03-11,0022500951,SAC,CHA,0,1317.174759589061,1579.8470052407238,0.21238866826462155,0.7876113317353785,-6.371660047938646,6.371660047938646,1310.8030995411225,1586.2186652886624,16,50,33,33,0.24242424242424243,0.5,0.326530612244898
2025-26,2026-03-11,0022500952,LAC,MIN,1,1572.6819542234139,1569.1035286778972,0.5552917664969975,0.4447082335030025,13.341247005090075,-13.341247005090075,1586.023201228504,1555.7622816728071,32,32,40,25,0.5,0.6153846153846154,0.4482758620689655
2025-26,2026-03-12,0022500953,DET,PHI,1,1629.1225797228428,1505.887808014687,0.7131786836200379,0.2868213163799621,8.604639491398864,-8.604639491398864,1637.7272192142416,1497.2831685232882,46,18,35,30,0.71875,0.5384615384615384,0.5717017208413002
2025-26,2026-03-12,0022500954,IND,PHX,0,1288.783229217301,1559.060036928855,0.20515812448138585,0.7948418755186142,-6.154743734441575,6.154743734441575,1282.6284854828593,1565.2147806632966,15,50,38,27,0.23076923076923078,0.5846153846153846,0.2830188679245283
2025-26,2026-03-12,0022500955,ORL,WAS,1,1568.4589338963387,1305.9076982776078,0.8472046189627546,0.15279538103724544,4.583861431117363,-4.583861431117363,1573.0427953274561,1301.3238368464904,36,28,16,48,0.5625,0.25,0.6923076923076923
2025-26,2026-03-12,0022500956,ATL,BKN,1,1545.0387135011945,1329.94674707635,0.8083996847108589,0.19160031528914112,5.748009458674233,-5.748009458674233,1550.7867229598687,1324.1987376176758,34,31,17,48,0.5230769230769231,0.26153846153846155,0.6666666666666666
2025-26,2026-03-12,0022500957,MIA,MIL,1,1563.7792169270226,1435.8562037383406,0.7186672360698932,0.28133276393010676,8.439982917903203,-8.439982917903203,1572.219199844926,1427.4162208204373,37,29,27,37,0.5606060606060606,0.421875,0.5706024096385542
2025-26,2026-03-12,0022500958,SAS,DEN,0,1732.036789972164,1544.6887009905208,0.7824393055144427,0.21756069448555726,-23.473179165433283,23.473179165433283,1708.5636108067306,1568.1618801559541,48,17,40,26,0.7384615384615385,0.6060606060606061,0.549237170596394
2025-26,2026-03-12,0022500959,OKC,BOS,1,1687.2203700789937,1639.4756792426858,0.6168777475963534,0.3831222524036466,11.493667572109398,-11.493667572109398,1698.7140376511031,1627.9820116705764,51,15,43,22,0.7727272727272727,0.6615384615384615,0.5387615797172111
2025-26,2026-03-12,0022500960,LAL,CHI,1,1573.175000587085,1398.3521671579363,0.7699160642524547,0.23008393574754527,6.902518072426358,-6.902518072426358,1580.0775186595113,1391.44964908551,40,25,27,38,0.6153846153846154,0.4153846153846154,0.5970149253731343
2025-26,2026-03-12,0022501111,MEM,DAL,0,1334.2107356452175,1338.0031163684068,0.5447909793190928,0.4552090206809072,-16.343729379572785,16.343729379572785,1317.8670062656447,1354.3468457479796,23,41,21,44,0.359375,0.3230769230769231,0.5265938710813667
2025-26,2026-03-13,0022500961,DET,MEM,1,1637.7272192142416,1317.8670062656447,0.8852119365477352,0.11478806345226478,3.4436419035679435,-3.4436419035679435,1641.1708611178096,1314.4233643620767,47,18,23,42,0.7230769230769231,0.35384615384615387,0.6714285714285715
2025-26,2026-03-13,0022500962,IND,NYK,0,1282.6284854828593,1603.6713785552354,0.16156964185993347,0.8384303581400665,-4.8470892557980045,4.8470892557980045,1277.7813962270614,1608.5184678110334,15,51,42,25,0.22727272727272727,0.6268656716417911,0.2660841938046068
2025-26,2026-03-13,0022500963,TOR,PHX,1,1501.1945570517119,1565.2147806632966,0.4583333951397946,0.5416666048602055,16.249998145806163,-16.249998145806163,1517.444555197518,1548.9647825174904,36,29,39,27,0.5538461538461539,0.5909090909090909,0.48381185094685397
2025-26,2026-03-13,0022500964,HOU,NOP,1,1564.272490620926,1441.5842776746683,0.7125346725051744,0.28746532749482556,8.623959824844768,-8.623959824844768,1572.8964504457708,1432.9603178498235,40,25,22,45,0.6153846153846154,0.3283582089552239,0.6520681265206812
2025-26,2026-03-13,0022500965,DAL,CLE,0,1354.3468457479796,1607.1342289351312,0.22206290735648662,0.7779370926435134,-6.661887220694599,6.661887220694599,1347.684958527285,1613.7961161558258,22,44,40,26,0.3333333333333333,0.6060606060606061,0.3548387096774193
2025-26,2026-03-13,0022500966,GSW,MIN,0,1451.7596391137006,1555.7622816728071,0.40198257742296056,0.5980174225770394,-12.059477322688817,12.059477322688817,1439.7001617910119,1567.8217589954959,32,33,40,26,0.49230769230769234,0.6060606060606061,0.4482173174872666
2025-26,2026-03-13,0022500967,POR,UTA,1,1477.7893362094135,1334.7831167645677,0.7358844025854788,0.2641155974145212,7.923467922435635,-7.923467922435635,1485.7128041318492,1326.859648842132,31,35,20,46,0.4696969696969697,0.30303030303030304,0.607843137254902
2025-26,2026-03-13,0022500968,LAC,CHI,1,1586.023201228504,1391.44964908551,0.7894364115352229,0.21056358846477707,6.316907653943312,-6.316907653943312,1592.3401088824473,1385.1327414315665,33,32,27,39,0.5076923076923077,0.4090909090909091,0.5537757437070938
2025-26,2026-03-14,0022500969,PHI,BKN,1,1497.2831685232882,1324.1987376176758,0.7681385760371053,0.23186142396289466,6.95584271888684,-6.95584271888684,1504.239011242175,1317.242894898789,35,31,17,49,0.5303030303030303,0.25757575757575757,0.673076923076923
2025-26,2026-03-14,0022500970,ATL,MIL,1,1550.7867229598687,1427.4162208204373,0.713338481256666,0.286661518743334,8.59984556230002,-8.59984556230002,1559.3865685221688,1418.8163752581372,35,31,27,38,0.5303030303030303,0.4153846153846154,0.560759181661326
2025-26,2026-03-14,0022500971,BOS,WAS,1,1627.9820116705764,1301.3238368464904,0.889128688169898,0.11087131183010202,3.3261393549030602,-3.3261393549030602,1631.3081510254794,1297.9976974915874,43,23,16,49,0.6515151515151515,0.24615384615384617,0.725785510257076
2025-26,2026-03-14,0022500972,MIA,ORL,0,1572.219199844926,1573.0427953274561,0.549025774163859,0.450974225836141,-16.47077322491577,16.47077322491577,1555.7484266200102,1589.513568552372,38,29,37,28,0.5671641791044776,0.5692307692307692,0.49909072539907046
2025-26,2026-03-14,0022500973,SAS,CHA,1,1708.5636108067306,1586.2186652886624,0.712129759194636,0.28787024080536405,8.636107224160922,-8.636107224160922,1717.1997180308915,1577.5825580645014,48,18,34,33,0.7272727272727273,0.5074626865671642,0.589010989010989
2025-26,2026-03-14,0022500974,LAL,DEN,1,1580.0775186595113,1568.1618801559541,0.5671096293830308,0.4328903706169692,12.986711118509076,-12.986711118509076,1593.0642297780203,1555.1751690374451,41,25,41,26,0.6212121212121212,0.6119402985074627,0.5037593984962405
2025-26,2026-03-14,0022500975,LAC,SAC,0,1592.3401088824473,1310.8030995411225,0.8608219329625003,0.1391780670374997,-25.82465798887501,25.82465798887501,1566.5154508935723,1336.6277575299976,34,32,16,51,0.5151515151515151,0.23880597014925373,0.6832633473305338
2025-26,2026-03-15,0022500976,OKC,MIN,1,1698.7140376511031,1567.8217589954959,0.7221101183461239,0.27788988165387607,8.336696449616282,-8.336696449616282,1707.0507341007194,1559.4850625458796,52,15,41,26,0.7761194029850746,0.6119402985074627,0.5591397849462366
2025-26,2026-03-15,0022500977,CLE,DAL,0,1613.7961161558258,1347.684958527285,0.8498385264624894,0.15016147353751064,-25.49515579387468,25.49515579387468,1588.3009603619512,1373.1801143211596,41,26,22,45,0.6119402985074627,0.3283582089552239,0.6507936507936507
2025-26,2026-03-15,0022500978,TOR,DET,1,1517.444555197518,1641.1708611178096,0.3750178010310435,0.6249821989689566,18.749465969068698,-18.749465969068698,1536.1940211665867,1622.4213951487409,37,29,48,18,0.5606060606060606,0.7272727272727273,0.4352941176470588
2025-26,2026-03-15,0022500979,MIL,IND,1,1418.8163752581372,1277.7813962270614,0.7336730485045612,0.26632695149543884,7.989808544863165,-7.989808544863165,1426.8061838030003,1269.7915876821983,27,39,15,52,0.4090909090909091,0.22388059701492538,0.6463022508038585
2025-26,2026-03-15,0022500980,PHI,POR,1,1504.239011242175,1485.7128041318492,0.5764267029225711,0.42357329707742886,12.707198912322866,-12.707198912322866,1516.9462101544977,1473.0056052195264,36,31,32,35,0.5373134328358209,0.47761194029850745,0.5294117647058824
2025-26,2026-03-15,0022500981,NYK,GSW,1,1608.5184678110334,1439.7001617910119,0.7637360229104581,0.23626397708954194,7.0879193126862585,-7.0879193126862585,1615.6063871237195,1432.6122424783257,43,25,32,34,0.6323529411764706,0.48484848484848486,0.5660151575588352
2025-26,2026-03-15,0022500982,SAC,UTA,1,1336.6277575299976,1326.859648842132,0.5640722799360487,0.4359277200639513,13.07783160191854,-13.07783160191854,1349.705589131916,1313.7818172402135,17,51,20,47,0.25,0.29850746268656714,0.4557823129251701
2025-26,2026-03-16,0022500983,ATL,ORL,1,1559.3865685221688,1589.513568552372,0.5070123508677409,0.4929876491322591,14.789629473967773,-14.789629473967773,1574.1761979961366,1574.723939078404,36,31,38,28,0.5373134328358209,0.5757575757575758,0.48273059731816326
2025-26,2026-03-16,0022500984,WAS,GSW,0,1297.9976974915874,1432.6122424783257,0.3604463432615555,0.6395536567384446,-10.813390297846665,10.813390297846665,1287.1843071937408,1443.4256327761723,16,50,32,35,0.24242424242424243,0.47761194029850745,0.3366834170854271
2025-26,2026-03-16,0022500985,BKN,POR,0,1317.242894898789,1473.0056052195264,0.3328848486403,0.6671151513597,-9.986545459209,9.986545459209,1307.25634943958,1482.9921506787355,17,50,32,36,0.2537313432835821,0.47058823529411764,0.35030303030303034
2025-26,2026-03-16,0022500986,BOS,PHX,1,1631.3081510254794,1548.9647825174904,0.6627297444765232,0.3372702555234768,10.118107665704304,-10.118107665704304,1641.4262586911836,1538.8466748517862,44,23,39,28,0.6567164179104478,0.582089552238806,0.5301204819277109
2025-26,2026-03-16,0022500987,CHI,MEM,1,1385.1327414315665,1314.4233643620767,0.6476013149312845,0.3523986850687155,10.571960552061466,-10.571960552061466,1395.704701983628,1303.8514038100152,27,40,23,43,0.40298507462686567,0.3484848484848485,0.5362624134817936
2025-26,2026-03-16,0022500988,NOP,DAL,1,1432.9603178498235,1373.1801143211596,0.6331138563974452,0.3668861436025548,11.006584308076643,-11.006584308076643,1443.9669021579002,1362.1735300130829,22,46,23,45,0.3235294117647059,0.3382352941176471,0.4888888888888889
2025-26,2026-03-16,0022500989,HOU,LAL,0,1572.8964504457708,1593.0642297780203,0.5213323236788218,0.47866767632117824,-15.639969710364653,15.639969710364653,1557.256480735406,1608.7041994883848,41,25,42,25,0.6212121212121212,0.6268656716417911,0.4977350969378511
2025-26,2026-03-16,0022500990,LAC,SAS,0,1566.5154508935723,1717.1997180308915,0.33940829296201996,0.6605917070379801,-10.1822487888606,10.1822487888606,1556.3332021047117,1727.381966819752,34,33,49,18,0.5074626865671642,0.7313432835820896,0.40963855421686746
2025-26,2026-03-17,0022500991,CHA,MIA,1,1577.5825580645014,1555.7484266200102,0.5810690675737621,0.4189309324262379,12.567927972787137,-12.567927972787137,1590.1504860372886,1543.180498647223,34,34,38,30,0.5,0.5588235294117647,0.4722222222222222
2025-26,2026-03-17,0022500992,ORL,OKC,0,1574.723939078404,1707.0507341007194,0.3634877497690543,0.6365122502309457,-10.90463249307163,10.90463249307163,1563.8193065853325,1717.955366593791,38,29,53,15,0.5671641791044776,0.7794117647058824,0.42118989405052976
2025-26,2026-03-17,0022500993,WAS,DET,0,1287.1843071937408,1622.4213951487409,0.15080469555279774,0.8491953044472023,-4.524140866583933,4.524140866583933,1282.660166327157,1626.9455360153247,16,51,48,19,0.23880597014925373,0.7164179104477612,0.25
2025-26,2026-03-17,0022500994,NYK,IND,1,1615.6063871237195,1269.7915876821983,0.899542016786318,0.10045798321368204,3.0137394964104613,-3.0137394964104613,1618.62012662013,1266.777848185788,44,25,15,53,0.6376811594202898,0.22058823529411764,0.7429848522473305
2025-26,2026-03-17,0022500995,MIL,CLE,0,1426.8061838030003,1588.3009603619512,0.3255980908118641,0.6744019091881359,-9.767942724355922,9.767942724355922,1417.0382410786444,1598.068903086307,28,39,41,27,0.417910447761194,0.6029411764705882,0.40937432810148355
2025-26,2026-03-17,0022500996,MIN,PHX,1,1559.4850625458796,1538.8466748517862,0.5793925631684265,0.42060743683157353,12.618223104947205,-12.618223104947205,1572.1032856508268,1526.228451746839,41,27,39,29,0.6029411764705882,0.5735294117647058,0.5125000000000001
2025-26,2026-03-17,0022500997,DEN,PHI,1,1555.1751690374451,1516.9462101544977,0.6038516451864337,0.39614835481356625,11.884450644406988,-11.884450644406988,1567.0596196818522,1505.0617595100907,41,27,37,31,0.6029411764705882,0.5441176470588235,0.5256410256410257
2025-26,2026-03-17,0022500998,SAC,SAS,0,1349.705589131916,1727.381966819752,0.12210948820435544,0.8778905117956446,-3.663284646130663,3.663284646130663,1346.0423044857853,1731.0452514658828,18,51,50,18,0.2608695652173913,0.7352941176470589,0.2618741976893453
2025-26,2026-03-18,0022500651,MEM,DEN,1,1303.8514038100152,1567.0596196818522,0.21187301935484634,0.7881269806451536,23.64380941935461,-23.64380941935461,1327.4952132293697,1543.4158102624976,23,44,42,27,0.34328358208955223,0.6086956521739131,0.3605998636673483
2025-26,2026-03-18,0022500999,BOS,GSW,1,1641.4262586911836,1443.4256327761723,0.7926969762611809,0.20730302373881915,6.219090712164574,-6.219090712164574,1647.6453494033483,1437.2065420640076,45,23,33,35,0.6617647058823529,0.4852941176470588,0.576923076923077
2025-26,2026-03-18,0022501000,BKN,OKC,0,1307.25634943958,1717.955366593791,0.10315064698011271,0.8968493530198873,-3.0945194094033814,3.0945194094033814,1304.1618300301766,1721.0498860031944,17,51,54,15,0.25,0.782608695652174,0.24210526315789477
2025-26,2026-03-18,0022501001,IND,POR,0,1266.777848185788,1482.9921506787355,0.2605420057620209,0.7394579942379791,-7.816260172860627,7.816260172860627,1258.9615880129272,1490.8084108515961,15,54,33,36,0.21739130434782608,0.4782608695652174,0.3125
2025-26,2026-03-18,0022501002,CHI,TOR,0,1395.704701983628,1536.1940211665867,0.3526878301359447,0.6473121698640554,-10.580634904078341,10.580634904078341,1385.1240670795496,1546.774656070665,28,40,38,29,0.4117647058823529,0.5671641791044776,0.420627802690583
2025-26,2026-03-18,0022501004,MIN,UTA,1,1572.1032856508268,1313.7818172402135,0.8440260169069497,0.15597398309305033,4.67921949279151,-4.67921949279151,1576.7825051436184,1309.102597747422,42,27,20,48,0.6086956521739131,0.29411764705882354,0.6742209631728044
2025-26,2026-03-18,0022501005,NOP,LAC,1,1443.9669021579002,1556.3332021047117,0.39046543135863143,0.6095345686413686,18.286037059241057,-18.286037059241057,1462.2529392171414,1538.0471650454706,23,46,34,34,0.3333333333333333,0.5,0.4
2025-26,2026-03-18,0022501006,DAL,ATL,0,1362.1735300130829,1574.1761979961366,0.26523991755904597,0.734760082440954,-7.957197526771379,7.957197526771379,1354.2163324863116,1582.133395522908,23,46,37,31,0.3333333333333333,0.5441176470588235,0.37988826815642457
2025-26,2026-03-18,0022501007,HOU,LAL,0,1557.256480735406,1608.7041994883848,0.4763474966215497,0.5236525033784503,-14.29042489864649,14.29042489864649,1542.9660558367596,1622.9946243870313,41,26,43,25,0.6119402985074627,0.6323529411764706,0.4917974951490563
2025-26,2026-03-19,0022501008,CHA,ORL,1,1590.1504860372886,1563.8193065853325,0.5873571573180517,0.4126428426819483,12.379285280458449,-12.379285280458449,1602.529771317747,1551.440021304874,35,34,38,30,0.5072463768115942,0.5588235294117647,0.47580967612954816
2025-26,2026-03-19,0022501009,WAS,DET,0,1282.660166327157,1626.9455360153247,0.14425502017345446,0.8557449798265455,-4.327650605203634,4.327650605203634,1278.3325157219533,1631.2731866205283,16,52,49,19,0.23529411764705882,0.7205882352941176,0.24615384615384617
2025-26,2026-03-19,0022501010,MIA,LAL,0,1543.180498647223,1622.9946243870313,0.4358625847725892,0.5641374152274108,-13.075877543177675,13.075877543177675,1530.1046211040452,1636.070501930209,38,31,44,25,0.5507246376811594,0.6376811594202898,0.4634146341463415
2025-26,2026-03-19,0022501011,CHI,CLE,0,1385.1240670795496,1598.068903086307,0.2641842800180976,0.7358157199819024,-7.925528400542927,7.925528400542927,1377.1985386790068,1605.9944314868499,28,41,42,27,0.4057971014492754,0.6086956521739131,0.4
2025-26,2026-03-19,0022501012,NOP,LAC,1,1462.2529392171414,1538.0471650454706,0.4415606979062519,0.5584393020937481,16.753179062812443,-16.753179062812443,1479.0061182799539,1521.2939859826581,24,46,34,35,0.34285714285714286,0.4927536231884058,0.4103072348860257
2025-26,2026-03-19,0022501013,SAS,PHX,1,1731.0452514658828,1526.228451746839,0.7990707237042592,0.20092927629574076,6.027878288872222,-6.027878288872222,1737.073129754755,1520.2005734579668,51,18,39,30,0.7391304347826086,0.5652173913043478,0.5666666666666667
2025-26,2026-03-19,0022501014,UTA,MIL,1,1309.102597747422,1417.0382410786444,0.3965523302461978,0.6034476697538023,18.10343009261407,-18.10343009261407,1327.2060278400359,1398.9348109860305,20,49,28,40,0.2898550724637681,0.4117647058823529,0.4131227217496962
2025-26,2026-03-19,0022501015,SAC,PHI,0,1346.0423044857853,1505.0617595100907,0.3287347056102392,0.6712652943897608,-9.862041168307176,9.862041168307176,1336.1802633174782,1514.9238006783978,18,52,37,32,0.2571428571428571,0.5362318840579711,0.3241127348643006
2025-26,2026-03-20,0022501016,BKN,NYK,0,1304.1618300301766,1618.62012662013,0.16677039287041537,0.8332296071295846,-5.003111786112461,5.003111786112461,1299.1587182440642,1623.6232384062423,17,52,45,25,0.2463768115942029,0.6428571428571429,0.2770663562281723
2025-26,2026-03-20,0022501017,DET,GSW,1,1631.2731866205283,1437.2065420640076,0.7889509536543978,0.21104904634560218,6.3314713903680655,-6.3314713903680655,1637.6046580108964,1430.8750706736396,50,19,33,36,0.7246376811594203,0.4782608695652174,0.6024096385542168
2025-26,2026-03-20,0022501018,HOU,ATL,1,1542.9660558367596,1582.133395522908,0.4940030036932785,0.5059969963067215,15.179909889201644,-15.179909889201644,1558.145965725961,1566.9534856337064,41,27,38,31,0.6029411764705882,0.5507246376811594,0.5226307038610752
2025-26,2026-03-20,0022501019,MEM,BOS,0,1327.4952132293697,1647.6453494033483,0.1622670238212384,0.8377329761787616,-4.868010714637152,4.868010714637152,1322.6272025147325,1652.5133601179855,24,44,46,23,0.35294117647058826,0.6666666666666666,0.3461538461538462
2025-26,2026-03-20,0022501020,MIN,POR,0,1576.7825051436184,1490.8084108515961,0.6673853195568918,0.33261468044310816,-20.021559586706754,20.021559586706754,1556.7609455569118,1510.8299704383028,43,27,34,36,0.6142857142857143,0.4857142857142857,0.5584415584415584
2025-26,2026-03-20,0022501021,DEN,TOR,1,1543.4158102624976,1546.774656070665,0.5454098099119387,0.45459019008806134,13.63770570264184,-13.63770570264184,1557.0535159651395,1533.1369503680232,42,28,39,29,0.6,0.5735294117647058,0.5112781954887219
2025-26,2026-03-21,0022501022,WAS,OKC,0,1278.3325157219533,1721.0498860031944,0.0873037393358358,0.9126962606641642,-2.619112180075074,2.619112180075074,1275.7134035418783,1723.6689981832694,16,53,55,15,0.2318840579710145,0.7857142857142857,0.2278738555442523
2025-26,2026-03-21,0022501023,CHA,MEM,1,1602.529771317747,1322.6272025147325,0.8596908809005155,0.14030911909948451,4.209273572984536,-4.209273572984536,1606.7390448907315,1318.417928941748,36,34,24,45,0.5142857142857142,0.34782608695652173,0.5965417867435159
2025-26,2026-03-21,0022501024,ORL,LAL,0,1551.440021304874,1636.070501930209,0.42905787954344965,0.5709421204565504,-12.871736386303489,12.871736386303489,1538.5682849185707,1648.9422383165124,38,31,45,25,0.5507246376811594,0.6428571428571429,0.46140503035559405
2025-26,2026-03-21,0022501025,NOP,CLE,0,1479.0061182799539,1605.9944314868499,0.37062714529578483,0.6293728547042152,-11.118814358873545,11.118814358873545,1467.8873039210803,1617.1132458457234,25,46,43,27,0.352112676056338,0.6142857142857143,0.36435561107641057
2025-26,2026-03-21,0022501026,ATL,GSW,1,1566.9534856337064,1430.8750706736396,0.728060893203991,0.27193910679600897,8.158173203880269,-8.158173203880269,1575.1116588375867,1422.7168974697593,38,32,33,37,0.5428571428571428,0.4714285714285714,0.5352112676056338
2025-26,2026-03-21,0022501027,HOU,MIA,1,1558.145965725961,1530.1046211040452,0.589741087349116,0.410258912650884,12.30776737952652,-12.30776737952652,1570.4537331054876,1517.7968537245188,42,27,38,32,0.6086956521739131,0.5428571428571428,0.528586839266451
2025-26,2026-03-21,0022501028,SAS,IND,1,1737.073129754755,1258.9615880129272,0.9504384214871556,0.04956157851284437,1.4868473553853312,-1.4868473553853312,1738.5599771101404,1257.4747406575418,52,18,15,55,0.7428571428571429,0.21428571428571427,0.7761194029850746
2025-26,2026-03-21,0022501029,DAL,LAC,0,1354.2163324863116,1521.2939859826581,0.31858111693844626,0.6814188830615537,-9.557433508153387,9.557433508153387,1344.6588989781583,1530.8514194908114,23,47,34,36,0.32857142857142857,0.4857142857142857,0.40350877192982454
2025-26,2026-03-21,0022501030,UTA,PHI,0,1327.2060278400359,1514.9238006783978,0.29336137870004253,0.7066386212999575,-8.800841361001275,8.800841361001275,1318.4051864790347,1523.724642039399,21,49,38,32,0.3,0.5428571428571428,0.35593220338983056
2025-26,2026-03-21,0022501031,PHX,MIL,0,1520.2005734579668,1398.9348109860305,0.7108545600482928,0.28914543995170716,-21.325636801448784,21.325636801448784,1498.874936656518,1420.2604477874793,39,31,28,41,0.5571428571428572,0.4057971014492754,0.578585250483767
2025-26,2026-03-22,0022501032,DEN,POR,1,1557.0535159651395,1510.8299704383028,0.6148061528471569,0.3851938471528431,11.555815414585293,-11.555815414585293,1568.6093313797248,1499.2741550237174,43,28,35,36,0.6056338028169014,0.49295774647887325,0.5512820512820513
2025-26,2026-03-22,0022501033,SAC,BKN,1,1336.1802633174782,1299.1587182440642,0.602187804308723,0.397812195691277,11.934365870738311,-11.934365870738311,1348.1146291882164,1287.224352373326,18,53,17,53,0.2535211267605634,0.24285714285714285,0.5107417916497771
2025-26,2026-03-22,0022501034,NYK,WAS,1,1623.6232384062423,1275.7134035418783,0.9006265931281763,0.09937340687182372,2.9812022061547117,-2.9812022061547117,1626.604440612397,1272.7322013357236,46,25,16,54,0.647887323943662,0.22857142857142856,0.7392102846648302
2025-26,2026-03-22,0022501035,BOS,MIN,0,1652.5133601179855,1556.7609455569118,0.6797605053787248,0.3202394946212752,-20.392815161361742,20.392815161361742,1632.1205449566237,1577.1537607182736,47,23,43,28,0.6714285714285714,0.6056338028169014,0.5257602016700803
2025-26,2026-03-22,0022501036,PHX,TOR,1,1498.874936656518,1533.1369503680232,0.5010620460444621,0.49893795395553786,14.968138618666135,-14.968138618666135,1513.8430752751842,1518.168811749357,39,32,39,30,0.5492957746478874,0.5652173913043478,0.4928571428571429
2025-26,2026-03-23,0022501037,ATL,MEM,1,1575.1116588375867,1318.417928941748,0.8427885107502775,0.1572114892497225,4.716344677491675,-4.716344677491675,1579.8280035150783,1313.7015842642563,39,32,24,46,0.5492957746478874,0.34285714285714286,0.6156968876860622
2025-26,2026-03-23,0022501038,DET,LAL,1,1637.6046580108964,1648.9422383165124,0.5340004061871911,0.46599959381280887,13.979987814384266,-13.979987814384266,1651.5846458252806,1634.9622505021282,51,19,46,25,0.7285714285714285,0.647887323943662,0.5293085806168688
2025-26,2026-03-23,0022501039,ORL,IND,0,1538.5682849185707,1257.4747406575418,0.8605158076596132,0.13948419234038678,-25.815474229788396,25.815474229788396,1512.7528106887823,1283.2902148873302,38,32,15,56,0.5428571428571428,0.2112676056338028,0.7198505869797225
2025-26,2026-03-23,0022501040,PHI,OKC,0,1523.724642039399,1723.6689981832694,0.27898618388294283,0.7210138161170572,-8.369585516488286,8.369585516488286,1515.3550565229107,1732.0385836997577,39,32,56,15,0.5492957746478874,0.7887323943661971,0.41052631578947374
2025-26,2026-03-23,0022501041,MIA,SAS,0,1517.7968537245188,1738.5599771101404,0.25552890413558665,0.7444710958644134,-7.665867124067599,7.665867124067599,1510.1309866004513,1746.225844234208,38,33,53,18,0.5352112676056338,0.7464788732394366,0.41758241758241754
2025-26,2026-03-23,0022501042,CHI,HOU,1,1377.1985386790068,1570.4537331054876,0.2867972689793248,0.7132027310206752,21.396081930620255,-21.396081930620255,1398.594620609627,1549.0576511748673,28,42,43,27,0.4,0.6142857142857143,0.3943661971830986
2025-26,2026-03-23,0022501043,UTA,TOR,0,1318.4051864790347,1518.168811749357,0.2791955055383393,0.7208044944616607,-8.375865166150177,8.375865166150177,1310.0293213128846,1526.5446769155071,21,50,39,31,0.29577464788732394,0.5571428571428572,0.34677990092002825
2025-26,2026-03-23,0022501044,DAL,GSW,0,1344.6588989781583,1422.7168974697593,0.43834986173465856,0.5616501382653414,-13.150495852039757,13.150495852039757,1331.5084031261185,1435.867393321799,23,48,33,38,0.323943661971831,0.4647887323943662,0.4107142857142857
2025-26,2026-03-23,0022501045,POR,BKN,1,1499.2741550237174,1287.224352373326,0.8056725829343286,0.19432741706567136,5.829822511970141,-5.829822511970141,1505.1039775356876,1281.3945298613557,35,37,17,54,0.4861111111111111,0.23943661971830985,0.66999191156646
2025-26,2026-03-23,0022501046,LAC,MIL,1,1530.8514194908114,1420.2604477874793,0.6980625853223237,0.3019374146776763,9.05812244033029,-9.05812244033029,1539.9095419311416,1411.202325347149,35,36,29,41,0.49295774647887325,0.4142857142857143,0.5433577289864715
2025-26,2026-03-24,0022501047,CHA,SAC,1,1606.7390448907315,1348.1146291882164,0.8442554574608497,0.15574454253915027,4.672336276174508,-4.672336276174508,1611.411381166906,1343.442292912042,37,34,19,53,0.5211267605633803,0.2638888888888889,0.6638425118365313
2025-26,2026-03-24,0022501048,NYK,NOP,1,1626.604440612397,1467.8873039210803,0.7530834236447433,0.24691657635525666,7.4074972906577,-7.4074972906577,1634.0119379030546,1460.4798066304227,47,25,25,47,0.6527777777777778,0.3472222222222222,0.6527777777777778
2025-26,2026-03-24,0022501049,CLE,ORL,1,1617.1132458457234,1512.7528106887823,0.6904498338039753,0.3095501661960247,9.286504985880741,-9.286504985880741,1626.3997508316043,1503.4663057029015,44,27,38,33,0.6197183098591549,0.5352112676056338,0.5365853658536586
2025-26,2026-03-24,0022501050,PHX,DEN,0,1513.8430752751842,1568.6093313797248,0.4715847213185359,0.5284152786814641,-14.147541639556078,14.147541639556078,1499.6955336356282,1582.7568730192809,40,32,44,28,0.5555555555555556,0.6111111111111112,0.47619047619047616
2025-26,2026-03-25,0022501051,DET,ATL,0,1651.5846458252806,1579.8280035150783,0.6489758847413545,0.3510241152586455,-19.469276542240635,19.469276542240635,1632.11536928304,1599.2972800573189,52,19,40,32,0.7323943661971831,0.5555555555555556,0.56865127582017
2025-26,2026-03-25,0022501052,IND,LAL,0,1283.2902148873302,1634.9622505021282,0.13908496990640568,0.8609150300935944,-4.17254909719217,4.17254909719217,1279.117665790138,1639.1347995993203,16,56,46,26,0.2222222222222222,0.6388888888888888,0.25806451612903225
2025-26,2026-03-25,0022501053,PHI,CHI,1,1515.3550565229107,1398.594620609627,0.7054949148927526,0.2945050851072474,8.835152553217421,-8.835152553217421,1524.190209076128,1389.7594680564098,39,33,29,42,0.5416666666666666,0.4084507042253521,0.5701050030883261
2025-26,2026-03-25,0022501054,BOS,OKC,1,1632.1205449566237,1732.0385836997577,0.40764769216277275,0.5923523078372273,17.770569235116817,-17.770569235116817,1649.8911141917406,1714.2680144646408,47,24,57,15,0.6619718309859155,0.7916666666666666,0.45538958417440456
2025-26,2026-03-25,0022501055,CLE,MIA,0,1626.3997508316043,1510.1309866004513,0.7049065185666163,0.29509348143338365,-21.14719555699849,21.14719555699849,1605.2525552746058,1531.2781821574497,45,27,38,34,0.625,0.5277777777777778,0.5421686746987953
2025-26,2026-03-25,0022501056,MEM,SAS,0,1313.7015842642563,1746.225844234208,0.0920937881823504,0.9079062118176496,-2.7628136454705117,2.7628136454705117,1310.9387706187858,1748.9886578796784,24,47,54,18,0.3380281690140845,0.75,0.3106796116504854
2025-26,2026-03-25,0022501057,UTA,WAS,0,1310.0293213128846,1272.7322013357236,0.6025677617237324,0.3974322382762676,-18.077032851711973,18.077032851711973,1291.9522884611727,1290.8092341874355,21,51,16,55,0.2916666666666667,0.22535211267605634,0.5641316685584563
2025-26,2026-03-25,0022501058,MIN,HOU,1,1577.1537607182736,1549.0576511748673,0.5898173593759776,0.41018264062402243,12.305479218720674,-12.305479218720674,1589.4592399369942,1536.7521719561466,44,28,43,28,0.6111111111111112,0.6056338028169014,0.5022508038585208
2025-26,2026-03-25,0022501059,DEN,DAL,1,1582.7568730192809,1331.5084031261185,0.8385906024623537,0.16140939753764627,4.842281926129388,-4.842281926129388,1587.5991549454102,1326.6661211999892,45,28,23,49,0.6164383561643836,0.3194444444444444,0.6586704614759098
2025-26,2026-03-25,0022501060,GSW,BKN,1,1435.867393321799,1281.3945298613557,0.7485122854150524,0.25148771458494756,7.544631437548427,-7.544631437548427,1443.4120247593473,1273.8498984238074,34,38,17,55,0.4722222222222222,0.2361111111111111,0.6666666666666667
2025-26,2026-03-25,0022501061,POR,MIL,1,1505.1039775356876,1411.202325347149,0.6774368827603676,0.3225631172396324,9.676893517188972,-9.676893517188972,1514.7808710528766,1401.52543182996,36,37,29,42,0.4931506849315068,0.4084507042253521,0.5469719666167344
2025-26,2026-03-25,0022501062,LAC,TOR,1,1539.9095419311416,1526.5446769155071,0.5691565043878537,0.4308434956121463,12.925304868364389,-12.925304868364389,1552.834846799506,1513.6193720471426,36,36,40,31,0.5,0.5633802816901409,0.4701986754966887
2025-26,2026-03-26,0022501063,CHA,NYK,1,1611.411381166906,1634.0119379030546,0.5178366612524192,0.48216333874758077,14.464900162427423,-14.464900162427423,1625.8762813293336,1619.547037740627,38,34,48,25,0.5277777777777778,0.6575342465753424,0.4452648475120386
2025-26,2026-03-26,0022501064,DET,NOP,1,1632.11536928304,1460.4798066304227,0.7666498236298787,0.23335017637012134,7.00050529110364,-7.00050529110364,1639.1158745741436,1453.4793013393191,52,20,25,48,0.7222222222222222,0.3424657534246575,0.6783416726233024
2025-26,2026-03-26,0022501065,ORL,SAC,1,1503.4663057029015,1343.442292912042,0.7544796483488938,0.2455203516511062,7.365610549533185,-7.365610549533185,1510.8319162524347,1336.0766823625088,38,34,19,54,0.5277777777777778,0.2602739726027397,0.6697247706422018
2025-26,2026-03-27,0022501066,IND,LAC,0,1279.117665790138,1552.834846799506,0.20194751064398472,0.7980524893560152,-6.058425319319542,6.058425319319542,1273.0592404708186,1558.8932721188255,16,57,37,36,0.2191780821917808,0.5068493150684932,0.3018867924528302
2025-26,2026-03-27,0022501067,BOS,ATL,1,1649.8911141917406,1599.2972800573189,0.6207464475532187,0.3792535524467813,11.377606573403439,-11.377606573403439,1661.268720765144,1587.9196734839154,48,24,41,32,0.6666666666666666,0.5616438356164384,0.5427509293680297
2025-26,2026-03-27,0022501068,CLE,MIA,1,1605.2525552746058,1531.2781821574497,0.6518785634385827,0.34812143656141725,10.443643096842518,-10.443643096842518,1615.6961983714484,1520.834539060607,45,28,39,34,0.6164383561643836,0.5342465753424658,0.5357142857142857
2025-26,2026-03-27,0022501069,MEM,HOU,0,1310.9387706187858,1536.7521719561466,0.2500378872282347,0.7499621127717653,-7.501136616847042,7.501136616847042,1303.4376340019387,1544.2533085729938,24,48,43,29,0.3333333333333333,0.5972222222222222,0.3582089552238806
2025-26,2026-03-27,0022501070,OKC,CHI,1,1714.2680144646408,1389.7594680564098,0.8879029616324484,0.11209703836755158,3.3629111510265473,-3.3629111510265473,1717.6309256156674,1386.3965569053832,57,16,29,43,0.7808219178082192,0.4027777777777778,0.659701012698923
2025-26,2026-03-27,0022501071,TOR,NOP,1,1513.6193720471426,1453.4793013393191,0.6335949074491358,0.3664050925508642,10.992152776525925,-10.992152776525925,1524.6115248236686,1442.4871485627932,40,32,25,49,0.5555555555555556,0.33783783783783783,0.6218487394957983
2025-26,2026-03-27,0022501072,DEN,UTA,1,1587.5991549454102,1291.9522884611727,0.8702709284633408,0.12972907153665925,3.8918721460997774,-3.8918721460997774,1591.49102709151,1288.0604163150729,46,28,21,52,0.6216216216216216,0.2876712328767123,0.6836319218241043
2025-26,2026-03-27,0022501073,GSW,WAS,1,1443.4120247593473,1290.8092341874355,0.7464804471718411,0.25351955282815886,7.605586584844765,-7.605586584844765,1451.0176113441921,1283.2036476025908,35,38,17,55,0.4794520547945205,0.2361111111111111,0.6700345652751928
2025-26,2026-03-27,0022501074,POR,DAL,0,1514.7808710528766,1326.6661211999892,0.7831896287338962,0.2168103712661038,-23.495688862016884,23.495688862016884,1491.2851821908598,1350.161810062006,37,37,23,50,0.5,0.3150684931506849,0.6134453781512605
2025-26,2026-03-27,0022501075,LAL,BKN,1,1639.1347995993203,1273.8498984238074,0.9092263572767059,0.09077364272329413,2.723209281698824,-2.723209281698824,1641.8580088810193,1271.1266891421085,47,26,17,56,0.6438356164383562,0.2328767123287671,0.7343750000000001
2025-26,2026-03-28,0022501076,MIL,SAS,0,1401.52543182996,1748.9886578796784,0.1420114683046487,0.8579885316953513,-4.260344049139461,4.260344049139461,1397.2650877808207,1753.2490019288177,29,43,55,18,0.4027777777777778,0.7534246575342466,0.348362678953431
2025-26,2026-03-28,0022501077,CHA,PHI,0,1625.8762813293336,1524.190209076128,0.6871498956122437,0.3128501043877563,-20.61449686836731,20.61449686836731,1605.2617844609663,1544.8047059444953,39,34,40,33,0.5342465753424658,0.547945205479452,0.49367088607594944
2025-26,2026-03-28,0022501078,ATL,SAC,1,1587.9196734839154,1336.0766823625088,0.8390533013880721,0.1609466986119279,4.828400958357837,-4.828400958357837,1592.7480744422733,1331.248281404151,41,33,19,55,0.5540540540540541,0.25675675675675674,0.6833333333333333
2025-26,2026-03-28,0022501079,MEM,CHI,1,1303.4376340019387,1386.3965569053832,0.4314166096425611,0.5685833903574389,17.057501710723166,-17.057501710723166,1320.495135712662,1369.33905519466,24,49,29,44,0.3287671232876712,0.3972602739726027,0.45283018867924524
2025-26,2026-03-28,0022501080,MIN,DET,0,1589.4592399369942,1639.1158745741436,0.4789199103866488,0.5210800896133512,-14.367597311599463,14.367597311599463,1575.0916426253948,1653.483471885743,45,28,53,20,0.6164383561643836,0.726027397260274,0.45918367346938777
2025-26,2026-03-28,0022501081,PHX,UTA,1,1499.6955336356282,1288.0604163150729,0.8052985723985611,0.19470142760143894,5.841042828043168,-5.841042828043168,1505.5365764636713,1282.2193734870298,40,33,21,53,0.547945205479452,0.28378378378378377,0.6588025817939016
2025-26,2026-03-29,0022501082,MIL,LAC,0,1397.2650877808207,1558.8932721188255,0.3254294823725596,0.6745705176274404,-9.762884471176788,9.762884471176788,1387.502203309644,1568.6561565900022,29,44,38,36,0.3972602739726027,0.5135135135135135,0.4361788617886179
2025-26,2026-03-29,0022501083,IND,MIA,1,1273.0592404708186,1520.834539060607,0.22708703739379377,0.7729129626062062,23.187388878186187,-23.187388878186187,1296.2466293490047,1497.647150182421,16,58,39,35,0.21621621621621623,0.527027027027027,0.29090909090909095
2025-26,2026-03-29,0022501084,BKN,SAC,1,1271.1266891421085,1331.248281404151,0.4639099949988866,0.5360900050011135,16.082700150033403,-16.082700150033403,1287.2093892921419,1315.1655812541176,17,57,19,56,0.22972972972972974,0.25333333333333335,0.4755688176053711
2025-26,2026-03-29,0022501085,CHA,BOS,0,1605.2617844609663,1661.268720765144,0.46980537424348234,0.5301946257565177,-14.09416122730447,14.09416122730447,1591.1676232336617,1675.3628819924486,39,35,49,24,0.527027027027027,0.6712328767123288,0.4398269735825737
2025-26,2026-03-29,0022501086,TOR,ORL,1,1524.6115248236686,1510.8319162524347,0.5697418531203641,0.4302581468796359,12.907744406389078,-12.907744406389078,1537.5192692300577,1497.9241718460455,41,32,39,34,0.5616438356164384,0.5342465753424658,0.5125000000000001
2025-26,2026-03-29,0022501087,POR,WAS,1,1491.2851821908598,1283.2036476025908,0.8020711655341888,0.19792883446581122,5.937865033974337,-5.937865033974337,1497.223047224834,1277.2657825686165,37,38,17,56,0.49333333333333335,0.2328767123287671,0.6793259557344065
2025-26,2026-03-29,0022501088,NOP,HOU,0,1442.4871485627932,1544.2533085729938,0.4050813139684917,0.5949186860315083,-12.152439419054751,12.152439419054751,1430.3347091437386,1556.4057479920484,25,50,44,29,0.3333333333333333,0.6027397260273972,0.3560975609756098
2025-26,2026-03-29,0022501089,OKC,NYK,1,1717.6309256156674,1619.547037740627,0.6826750046950412,0.31732499530495883,9.519749859148765,-9.519749859148765,1727.1506754748161,1610.0272878814783,58,16,48,26,0.7837837837837838,0.6486486486486487,0.5471698113207547
2025-26,2026-03-29,0022501090,DEN,GSW,1,1591.49102709151,1451.0176113441921,0.7330409279872968,0.2669590720127032,8.008772160381096,-8.008772160381096,1599.499799251891,1443.008839183811,47,28,36,38,0.6266666666666667,0.4864864864864865,0.5629653609582389
2025-26,2026-03-30,0022501091,MIA,PHI,1,1497.647150182421,1544.8047059444953,0.4825110084311325,0.5174889915688675,15.524669747066026,-15.524669747066026,1513.1718199294871,1529.2800361974291,39,36,41,33,0.52,0.5540540540540541,0.48414695520885764
2025-26,2026-03-30,0022501092,ATL,BOS,1,1592.7480744422733,1675.3628819924486,0.43190257984491837,0.5680974201550817,17.04292260465245,-17.04292260465245,1609.7909970469257,1658.3199593877962,42,33,50,24,0.56,0.6756756756756757,0.45319335083114615
2025-26,2026-03-30,0022501093,MEM,PHX,0,1320.495135712662,1505.5365764636713,0.2965652287272086,0.7034347712727914,-8.896956861816257,8.896956861816257,1311.5981788508457,1514.4335333254876,25,49,41,33,0.33783783783783783,0.5540540540540541,0.3787878787878788
2025-26,2026-03-30,0022501094,SAS,CHI,1,1753.2490019288177,1369.33905519466,0.9176954731555865,0.08230452684441347,2.469135805332404,-2.469135805332404,1755.71813773415,1366.8699193893276,56,18,29,45,0.7567567567567568,0.3918918918918919,0.6588235294117647
2025-26,2026-03-30,0022501095,DAL,MIN,0,1350.161810062006,1575.0916426253948,0.25099286389747183,0.7490071361025281,-7.529785916924155,7.529785916924155,1342.632024145082,1582.6214285423189,24,50,45,29,0.32432432432432434,0.6081081081081081,0.34782608695652173
2025-26,2026-03-30,0022501096,UTA,CLE,0,1282.2193734870298,1615.6961983714484,0.15210693668425143,0.8478930633157485,-4.563208100527543,4.563208100527543,1277.6561653865022,1620.259406471976,21,54,46,28,0.28,0.6216216216216216,0.3105515587529976
2025-26,2026-03-30,0022501097,OKC,DET,1,1727.1506754748161,1653.483471885743,0.6514771907400508,0.34852280925994916,10.455684277798476,-10.455684277798476,1737.6063597526147,1643.0277876079444,59,16,54,20,0.7866666666666666,0.7297297297297297,0.518773764258555
2025-26,2026-03-30,0022501098,LAL,WAS,1,1641.8580088810193,1277.2657825686165,0.9088967281649419,0.09110327183505806,2.733098155051742,-2.733098155051742,1644.591107036071,1274.5326844135648,48,26,17,57,0.6486486486486487,0.22972972972972974,0.7384615384615385
2025-26,2026-03-31,0022500652,MIL,DAL,1,1387.502203309644,1342.632024145082,0.6129595434805768,0.3870404565194232,11.611213695582697,-11.611213695582697,1399.1134170052267,1331.0208104494993,29,45,24,51,0.3918918918918919,0.32,0.5504935459377372
2025-26,2026-03-31,0022501099,ORL,PHX,1,1497.9241718460455,1514.4335333254876,0.526585072734097,0.47341492726590295,14.202447817977088,-14.202447817977088,1512.1266196640227,1500.2310855075104,39,35,42,33,0.527027027027027,0.56,0.4848334162108403
2025-26,2026-03-31,0022501100,BKN,CHA,0,1287.2093892921419,1591.1676232336617,0.1753394481848269,0.8246605518151731,-5.260183445544808,5.260183445544808,1281.9492058465971,1596.4278066792065,18,57,39,36,0.24,0.52,0.3157894736842105
2025-26,2026-03-31,0022501101,DET,TOR,1,1643.0277876079444,1537.5192692300577,0.6918605653323335,0.30813943466766647,9.244183040029995,-9.244183040029995,1652.2719706479745,1528.2750861900277,54,21,42,32,0.72,0.5675675675675675,0.5591939546599496
2025-26,2026-03-31,0022501102,HOU,NYK,1,1556.4057479920484,1610.0272878814783,0.47322708139359243,0.5267729186064076,15.803187558192228,-15.803187558192228,1572.2089355502405,1594.2241003232862,45,29,48,27,0.6081081081081081,0.64,0.48722390645301
2025-26,2026-03-31,0022501103,LAL,CLE,1,1644.591107036071,1620.259406471976,0.584564734395124,0.415435265604876,12.463057968146279,-12.463057968146279,1657.0541650042173,1607.7963485038297,49,26,47,28,0.6533333333333333,0.6266666666666667,0.5104166666666666
2025-26,2026-03-31,0022501104,LAC,POR,0,1568.6561565900022,1497.223047224834,0.6485514996598606,0.3514485003401394,-19.456544989795816,19.456544989795816,1549.1996116002065,1516.6795922146298,39,36,38,38,0.52,0.5,0.5098039215686274
2025-26,2026-04-01,0022501003,MEM,NYK,0,1311.5981788508457,1594.2241003232862,0.1938087125957821,0.8061912874042179,-5.814261377873463,5.814261377873463,1305.7839174729722,1600.0383617011596,25,50,48,28,0.3333333333333333,0.631578947368421,0.34545454545454546
2025-26,2026-04-01,0022501105,WAS,PHI,0,1274.5326844135648,1529.2800361974291,0.2201199602412967,0.7798800397587033,-6.603598807238901,6.603598807238901,1267.9290856063258,1535.8836350046681,17,58,41,34,0.22666666666666666,0.5466666666666666,0.29310344827586204
2025-26,2026-04-01,0022501106,MIA,BOS,0,1513.1718199294871,1658.3199593877962,0.34658968716153743,0.6534103128384625,-10.397690614846123,10.397690614846123,1502.774129314641,1668.7176500026424,40,36,50,25,0.5263157894736842,0.6666666666666666,0.4411764705882353
2025-26,2026-04-01,0022501107,ORL,ATL,0,1512.1266196640227,1609.7909970469257,0.4107840381754107,0.5892159618245894,-12.32352114526232,12.32352114526232,1499.8030985187604,1622.114518192188,40,35,43,33,0.5333333333333333,0.5657894736842105,0.4852354349561053
2025-26,2026-04-01,0022501108,TOR,SAC,0,1528.2750861900277,1315.1655812541176,0.8066258659083324,0.1933741340916676,-24.198775977249973,24.198775977249973,1504.0763102127776,1339.3643572313676,42,33,19,57,0.56,0.25,0.6913580246913581
2025-26,2026-04-01,0022501109,CHI,IND,0,1366.8699193893276,1296.2466293490047,0.6474882137403739,0.3525117862596261,-19.424646412211217,19.424646412211217,1347.4452729771165,1315.6712757612158,29,46,17,58,0.38666666666666666,0.22666666666666666,0.6304347826086957
2025-26,2026-04-01,0022501110,HOU,MIL,1,1572.2089355502405,1399.1134170052267,0.7681499432876558,0.23185005671234415,6.955501701370324,-6.955501701370324,1579.164437251611,1392.1579153038563,46,29,30,45,0.6133333333333333,0.4,0.6052631578947368
2025-26,2026-04-01,0022501112,UTA,DEN,0,1277.6561653865022,1599.499799251891,0.16094619896318954,0.8390538010368105,-4.828385968895686,4.828385968895686,1272.8277794176065,1604.3281852207867,21,55,48,28,0.27631578947368424,0.631578947368421,0.30434782608695654
2025-26,2026-04-01,0022501113,GSW,SAS,0,1443.008839183811,1755.71813773415,0.16817412577055027,0.8318258742294498,-5.045223773116508,5.045223773116508,1437.9636154106945,1760.7633615072666,36,39,57,18,0.48,0.76,0.3870967741935484
2025-26,2026-04-02,0022501114,CHA,PHX,1,1596.4278066792065,1500.2310855075104,0.6803170108384909,0.31968298916150906,9.590489674845271,-9.590489674845271,1606.0182963540517,1490.6405958326652,40,36,42,34,0.5263157894736842,0.5526315789473685,0.4878048780487805
2025-26,2026-04-02,0022501115,DET,MIN,1,1652.2719706479745,1582.6214285423189,0.6462090704151884,0.3537909295848116,10.613727887544348,-10.613727887544348,1662.885698535519,1572.0077006547745,55,21,46,29,0.7236842105263158,0.6133333333333333,0.5412675501902637
2025-26,2026-04-02,0022501116,OKC,LAL,1,1737.6063597526147,1657.0541650042173,0.6604212259123403,0.3395787740876597,10.187363222629791,-10.187363222629791,1747.7937229752445,1646.8668017815876,60,16,50,26,0.7894736842105263,0.6578947368421053,0.5454545454545454
2025-26,2026-04-02,0022501117,GSW,CLE,0,1437.9636154106945,1607.7963485038297,0.31514816912414617,0.6848518308758538,-9.454445073724385,9.454445073724385,1428.50917033697,1617.250793577554,36,40,47,29,0.47368421052631576,0.618421052631579,0.43373493975903615
2025-26,2026-04-02,0022501118,POR,NOP,1,1516.6795922146298,1430.3347091437386,0.6678589559271892,0.33214104407281075,9.964231322184322,-9.964231322184322,1526.6438235368141,1420.3704778215542,39,38,25,51,0.5064935064935064,0.32894736842105265,0.6062589486602576
2025-26,2026-04-02,0022501119,LAC,SAS,0,1549.1996116002065,1760.7633615072666,0.26573261584225616,0.7342673841577438,-7.971978475267685,7.971978475267685,1541.2276331249388,1768.7353399825342,39,37,58,18,0.5131578947368421,0.7631578947368421,0.4020618556701031
2025-26,2026-04-03,0022501120,CHA,IND,1,1606.0182963540517,1315.6712757612158,0.8667874709040523,0.13321252909594772,3.9963758728784313,-3.9963758728784313,1610.01467222693,1311.6748998883374,41,36,18,58,0.5324675324675324,0.23684210526315788,0.6921368280764105
2025-26,2026-04-03,0022501121,PHI,MIN,1,1535.8836350046681,1572.0077006547745,0.4983823451382309,0.5016176548617691,15.048529645853074,-15.048529645853074,1550.9321646505211,1556.9591710089214,42,34,46,30,0.5526315789473685,0.6052631578947368,0.4772727272727273
2025-26,2026-04-03,0022501122,BKN,ATL,0,1281.9492058465971,1622.114518192188,0.14720754456146562,0.8527924554385344,-4.416226336843969,4.416226336843969,1277.5329795097532,1626.5307445290318,18,58,44,33,0.23684210526315788,0.5714285714285714,0.2930232558139535
2025-26,2026-04-03,0022501123,NYK,CHI,1,1600.0383617011596,1347.4452729771165,0.83963555083085,0.16036444916915005,4.810933475074501,-4.810933475074501,1604.8492951762341,1342.634339502042,49,28,29,47,0.6363636363636364,0.3815789473684211,0.6251468860164512
2025-26,2026-04-03,0022501124,HOU,UTA,1,1579.164437251611,1272.8277794176065,0.8770613776235375,0.12293862237646247,3.6881586712938743,-3.6881586712938743,1582.8525959229048,1269.1396207463126,47,29,21,56,0.618421052631579,0.2727272727272727,0.6939597315436242
2025-26,2026-04-03,0022501125,MEM,TOR,0,1305.7839174729722,1504.0763102127776,0.28090305472141536,0.7190969452785847,-8.42709164164246,8.42709164164246,1297.3568258313298,1512.50340185442,25,51,42,34,0.32894736842105265,0.5526315789473685,0.3731343283582089
2025-26,2026-04-03,0022501126,MIL,BOS,0,1392.1579153038563,1668.7176500026424,0.1993232210151333,0.8006767789848667,-5.979696630453999,5.979696630453999,1386.1782186734022,1674.6973466330965,30,46,51,25,0.39473684210526316,0.6710526315789473,0.37037037037037035
2025-26,2026-04-03,0022501127,DAL,ORL,0,1331.0208104494993,1499.8030985187604,0.3164547154814056,0.6835452845185944,-9.493641464442167,9.493641464442167,1321.5271689850572,1509.2967399832025,24,52,40,36,0.3157894736842105,0.5263157894736842,0.375
2025-26,2026-04-03,0022501128,SAC,NOP,1,1339.3643572313676,1420.3704778215542,0.4341761413299976,0.5658238586700024,16.97471576010007,-16.97471576010007,1356.3390729914677,1403.3957620614542,20,57,25,52,0.2597402597402597,0.3246753246753247,0.4444444444444444
2025-26,2026-04-04,0022501129,MIA,WAS,1,1502.774129314641,1267.9290856063258,0.8253974727502391,0.17460252724976089,5.238075817492827,-5.238075817492827,1508.0122051321339,1262.6910097888328,40,37,17,59,0.5194805194805194,0.2236842105263158,0.6990112669579213
2025-26,2026-04-04,0022501130,DEN,SAS,1,1604.3281852207867,1768.7353399825342,0.3219275842077082,0.6780724157922918,20.342172473768755,-20.342172473768755,1624.6703576945556,1748.3931675087656,49,28,59,18,0.6363636363636364,0.7662337662337663,0.45370370370370366
2025-26,2026-04-04,0022501131,PHI,DET,0,1550.9321646505211,1662.885698535519,0.391031088730987,0.608968911269013,-11.73093266192961,11.73093266192961,1539.2012319885916,1674.6166311974484,43,34,56,21,0.5584415584415584,0.7272727272727273,0.43434343434343436
2025-26,2026-04-05,0022501132,BOS,TOR,1,1674.6973466330965,1512.50340185442,0.7567861453696846,0.24321385463031542,7.296415638909463,-7.296415638909463,1681.9937622720058,1505.2069862155106,52,25,43,34,0.6753246753246753,0.5584415584415584,0.5473684210526316
2025-26,2026-04-05,0022501133,BKN,WAS,1,1277.5329795097532,1262.6910097888328,0.5712403248807284,0.4287596751192716,12.862790253578147,-12.862790253578147,1290.3957697633314,1249.8282195352547,18,59,17,60,0.23376623376623376,0.22077922077922077,0.5142857142857143
2025-26,2026-04-05,0022501134,CHI,PHX,0,1342.634339502042,1490.6405958326652,0.3428731990353137,0.6571268009646862,-10.286195971059412,10.286195971059412,1332.3481435309825,1500.9267918037247,29,48,42,35,0.37662337662337664,0.5454545454545454,0.4084507042253521
2025-26,2026-04-05,0022501135,MIL,MEM,1,1386.1782186734022,1297.3568258313298,0.6710136531757713,0.32898634682422867,9.86959040472686,-9.86959040472686,1396.047809078129,1287.487235426603,30,47,25,52,0.38961038961038963,0.3246753246753247,0.5454545454545454
2025-26,2026-04-05,0022501136,CLE,IND,1,1617.250793577554,1311.6748998883374,0.8765883994534532,0.12341160054654676,3.702348016396403,-3.702348016396403,1620.9531415939505,1307.972551871941,48,29,18,59,0.6233766233766234,0.23376623376623376,0.7272727272727273
2025-26,2026-04-05,0022501137,MIN,CHA,0,1556.9591710089214,1610.01467222693,0.474039411096991,0.525960588903009,-14.22118233290973,14.22118233290973,1542.7379886760118,1624.2358545598397,46,31,42,36,0.5974025974025974,0.5384615384615384,0.5259454705364996
2025-26,2026-04-05,0022501138,NOP,ORL,0,1403.3957620614542,1509.2967399832025,0.3993584769492251,0.6006415230507749,-11.980754308476753,11.980754308476753,1391.4150077529775,1521.2774942916792,25,53,41,36,0.32051282051282054,0.5324675324675324,0.3757563927386297
2025-26,2026-04-05,0022501139,OKC,UTA,1,1747.7937229752445,1269.1396207463126,0.9505853351124463,0.04941466488755375,1.4824399466266125,-1.4824399466266125,1749.276162921871,1267.657180799686,61,16,21,57,0.7922077922077922,0.2692307692307692,0.7463529411764706
2025-26,2026-04-05,0022501140,DAL,LAL,1,1321.5271689850572,1646.8668017815876,0.15824703231326184,0.8417529676867381,25.252589030602145,-25.252589030602145,1346.7797580156594,1621.6142127509854,24,53,50,27,0.3116883116883117,0.6493506493506493,0.32432432432432434
2025-26,2026-04-05,0022501141,SAC,LAC,0,1356.3390729914677,1541.2276331249388,0.2967488529285207,0.7032511470714793,-8.902465587855621,8.902465587855621,1347.436607403612,1550.1300987127945,21,57,39,38,0.2692307692307692,0.5064935064935064,0.34707018673535095
2025-26,2026-04-05,0022501142,GSW,HOU,0,1428.50917033697,1582.8525959229048,0.33470166490040654,0.6652983350995935,-10.041049947012196,10.041049947012196,1418.468120389958,1592.893645869917,36,41,48,29,0.4675324675324675,0.6233766233766234,0.4285714285714286
2025-26,2026-04-06,0022501143,ATL,NYK,0,1626.5307445290318,1604.8492951762341,0.5808551015079716,0.4191448984920284,-17.425653045239148,17.425653045239148,1609.1050914837926,1622.2749482214733,45,33,50,28,0.5769230769230769,0.6410256410256411,0.4736842105263157
2025-26,2026-04-06,0022501144,ORL,DET,1,1521.2774942916792,1674.6166311974484,0.3359902187716933,0.6640097812283067,19.9202934368492,-19.9202934368492,1541.1977877285285,1654.6963377605991,42,36,57,21,0.5384615384615384,0.7307692307692307,0.42424242424242425
2025-26,2026-04-06,0022501145,MEM,CLE,0,1287.487235426603,1620.9531415939505,0.15211504306332688,0.8478849569366731,-4.563451291899806,4.563451291899806,1282.9237841347033,1625.5165928858503,25,53,49,29,0.32051282051282054,0.6282051282051282,0.3378378378378379
2025-26,2026-04-06,0022501146,SAS,PHI,1,1748.3931675087656,1539.2012319885916,0.8030839528844954,0.1969160471155046,5.907481413465137,-5.907481413465137,1754.3006489222307,1533.2937505751265,59,19,43,35,0.7564102564102564,0.5512820512820513,0.5784313725490196
2025-26,2026-04-06,0022501147,DEN,POR,1,1624.6703576945556,1526.6438235368141,0.6826034790566791,0.31739652094332094,9.521895628299628,-9.521895628299628,1634.1922533228553,1517.1219279085144,50,28,40,38,0.6410256410256411,0.5128205128205128,0.5555555555555557
2025-26,2026-04-07,0022501148,WAS,CHI,0,1249.8282195352547,1332.3481435309825,0.43203660039647795,0.567963399603522,-12.96109801189434,12.96109801189434,1236.8671215233603,1345.3092415428769,17,61,29,49,0.21794871794871795,0.3717948717948718,0.3695652173913043
2025-26,2026-04-07,0022501149,BOS,CHA,1,1681.9937622720058,1624.2358545598397,0.6304056478274599,0.3695943521725401,11.087830565176203,-11.087830565176203,1693.081592837182,1613.1480239946636,53,25,43,36,0.6794871794871795,0.5443037974683544,0.5552314016708659
2025-26,2026-04-07,0022501150,BKN,MIL,1,1290.3957697633314,1396.047809078129,0.3997022634154929,0.600297736584507,18.00893209753521,-18.00893209753521,1308.4047018608667,1378.0388769805936,19,59,31,47,0.24358974358974358,0.3974358974358974,0.38
2025-26,2026-04-07,0022501151,TOR,MIA,1,1505.2069862155106,1508.0122051321339,0.5461998564345564,0.4538001435654436,13.61400430696331,-13.61400430696331,1518.820990522474,1494.3982008251705,43,35,41,37,0.5512820512820513,0.5256410256410257,0.5119047619047619
2025-26,2026-04-07,0022501152,IND,MIN,0,1307.972551871941,1542.7379886760118,0.2404996237738624,0.7595003762261376,-7.214988713215871,7.214988713215871,1300.7575631587251,1549.9529773892277,18,60,46,32,0.23076923076923078,0.5897435897435898,0.28125
2025-26,2026-04-07,0022501153,NOP,UTA,1,1391.4150077529775,1267.657180799686,0.7137941920969271,0.28620580790307293,8.586174237092187,-8.586174237092187,1400.0011819900697,1259.071006562594,25,54,21,58,0.31645569620253167,0.26582278481012656,0.5434782608695653
2025-26,2026-04-07,0022501154,GSW,SAC,1,1418.468120389958,1347.436607403612,0.6480243904257952,0.3519756095742048,10.559268287226145,-10.559268287226145,1429.027388677184,1336.8773391163859,36,42,21,58,0.46153846153846156,0.26582278481012656,0.6345381526104418
2025-26,2026-04-07,0022501155,LAL,OKC,0,1621.6142127509854,1749.276162921871,0.3697230619394817,0.6302769380605183,-11.09169185818445,11.09169185818445,1610.522520892801,1760.3678547800555,50,28,62,16,0.6410256410256411,0.7948717948717948,0.44642857142857145
2025-26,2026-04-07,0022501156,LAC,DAL,1,1550.1300987127945,1346.7797580156594,0.7977119432009435,0.20228805679905648,6.068641703971695,-6.068641703971695,1556.1987404167662,1340.7111163116876,40,38,25,53,0.5128205128205128,0.32051282051282054,0.6153846153846154
2025-26,2026-04-07,0022501157,PHX,HOU,0,1500.9267918037247,1592.893645869917,0.4187449619877825,0.5812550380122175,-12.562348859633476,12.562348859633476,1488.3644429440913,1605.4559947295504,43,35,49,29,0.5512820512820513,0.6282051282051282,0.4673913043478261
2025-26,2026-04-08,0022501158,CLE,ATL,1,1625.5165928858503,1609.1050914837926,0.5734517700560169,0.4265482299439831,12.796446898319493,-12.796446898319493,1638.3130397841699,1596.308644585473,50,29,45,34,0.6329113924050633,0.569620253164557,0.5263157894736842
2025-26,2026-04-08,0022501159,ORL,MIN,1,1541.1977877285285,1549.9529773892277,0.537697643427714,0.462302356572286,13.869070697168581,-13.869070697168581,1555.066858425697,1536.0839066920591,43,36,47,32,0.5443037974683544,0.5949367088607594,0.47777777777777786
2025-26,2026-04-08,0022501160,DET,MIL,1,1654.6963377605991,1378.0388769805936,0.85742243567907,0.14257756432093005,4.277326929627901,-4.277326929627901,1658.973664690227,1373.7615500509658,57,22,31,48,0.7215189873417721,0.3924050632911392,0.6477272727272727
2025-26,2026-04-08,0022501161,SAS,POR,1,1754.3006489222307,1517.1219279085144,0.8273250392206695,0.17267496077933053,5.180248823379916,-5.180248823379916,1759.4808977456107,1511.9416790851344,60,19,40,39,0.759493670886076,0.5063291139240507,0.6
2025-26,2026-04-08,0022501162,DEN,MEM,1,1634.1922533228553,1282.9237841347033,0.9023435880328851,0.09765641196711494,2.9296923590134485,-2.9296923590134485,1637.1219456818687,1279.9940917756899,51,28,25,54,0.6455696202531646,0.31645569620253167,0.6710526315789473
2025-26,2026-04-08,0022501163,LAC,OKC,0,1556.1987404167662,1760.3678547800555,0.27412060546517275,0.7258793945348272,-8.223618163955182,8.223618163955182,1547.975122252811,1768.5914729440108,41,38,63,16,0.5189873417721519,0.7974683544303798,0.3942307692307693
2025-26,2026-04-08,0022501164,PHX,DAL,1,1488.3644429440913,1340.7111163116876,0.7410507601315842,0.2589492398684158,7.768477196052474,-7.768477196052474,1496.1329201401438,1332.942639115635,43,36,25,54,0.5443037974683544,0.31645569620253167,0.6323529411764706
2025-26,2026-04-09,0022501165,TOR,MIA,1,1518.820990522474,1494.3982008251705,0.5846920668089243,0.41530793319107573,12.459237995732272,-12.459237995732272,1531.2802285182063,1481.9389628294382,44,35,41,38,0.5569620253164557,0.5189873417721519,0.5176470588235293
2025-26,2026-04-09,0022501166,WAS,CHI,0,1236.8671215233603,1345.3092415428769,0.39585486269626763,0.6041451373037323,-11.87564588088803,11.87564588088803,1224.9914756424723,1357.1848874237648,17,62,30,49,0.21518987341772153,0.379746835443038,0.36170212765957444
2025-26,2026-04-09,0022501167,BKN,IND,0,1308.4047018608667,1300.7575631587251,0.5610677679811447,0.43893223201885534,-16.83203303943434,16.83203303943434,1291.5726688214324,1317.5895961981594,20,59,18,61,0.25316455696202533,0.22784810126582278,0.5263157894736842
2025-26,2026-04-09,0022501168,NYK,BOS,1,1622.2749482214733,1693.081592837182,0.44865176299634146,0.5513482370036585,16.540447110109756,-16.540447110109756,1638.815395331583,1676.5411457270723,51,28,54,25,0.6455696202531646,0.6835443037974683,0.4857142857142857
2025-26,2026-04-09,0022501169,HOU,PHI,1,1605.4559947295504,1533.2937505751265,0.6495075887049332,0.3504924112950668,10.514772338852005,-10.514772338852005,1615.9707670684024,1522.7789782362745,50,29,43,36,0.6329113924050633,0.5443037974683544,0.5376344086021505
2025-26,2026-04-09,0022501170,GSW,LAL,0,1429.027388677184,1610.522520892801,0.30084153196230295,0.699158468037697,-9.025245958869089,9.025245958869089,1420.0021427183149,1619.54776685167,37,42,50,29,0.46835443037974683,0.6329113924050633,0.42528735632183906
2025-26,2026-04-10,0022501171,CHA,DET,0,1613.1480239946636,1658.973664690227,0.4844256905503673,0.5155743094496327,-14.53277071651102,14.53277071651102,1598.6152532781525,1673.506435406738,43,37,58,22,0.5375,0.725,0.42574257425742573
2025-26,2026-04-10,0022501172,WAS,MIA,0,1224.9914756424723,1481.9389628294382,0.21795350440579406,0.7820464955942059,-6.538605132173822,6.538605132173822,1218.4528705102985,1488.477567961612,17,63,41,39,0.2125,0.5125,0.29310344827586204
2025-26,2026-04-10,0022501173,ATL,CLE,1,1596.308644585473,1638.3130397841699,0.48992123044166996,0.51007876955833,15.3023630867499,-15.3023630867499,1611.611007672223,1623.01067669742,45,35,51,29,0.5625,0.6375,0.46875
2025-26,2026-04-10,0022501174,BOS,NOP,1,1676.5411457270723,1400.0011819900697,0.8573397303192746,0.14266026968072543,4.279808090421763,-4.279808090421763,1680.820953817494,1395.721373899648,54,26,26,54,0.675,0.325,0.675
2025-26,2026-04-10,0022501175,IND,PHI,0,1317.5895961981594,1522.7789782362745,0.27295352992617694,0.7270464700738231,-8.188605897785308,8.188605897785308,1309.4009903003741,1530.9675841340597,19,61,43,37,0.2375,0.5375,0.3064516129032258
2025-26,2026-04-10,0022501176,NYK,TOR,1,1638.815395331583,1531.2802285182063,0.6943421212217712,0.3056578787782288,9.169736363346864,-9.169736363346864,1647.9851316949298,1522.1104921548595,52,28,45,35,0.65,0.5625,0.5360824742268042
2025-26,2026-04-10,0022501177,CHI,ORL,0,1357.1848874237648,1555.066858425697,0.28138053409972646,0.7186194659002736,-8.441416022991794,8.441416022991794,1348.7434714007732,1563.5082744486888,31,49,44,36,0.3875,0.55,0.41333333333333333
2025-26,2026-04-10,0022501178,HOU,MIN,0,1615.9707670684024,1536.0839066920591,0.6595617700030155,0.3404382299969845,-19.786853100090465,19.786853100090465,1596.183913968312,1555.8707597921496,51,29,47,33,0.6375,0.5875,0.520408163265306
2025-26,2026-04-10,0022501179,MIL,BKN,1,1373.7615500509658,1291.5726688214324,0.662530940187575,0.33746905981242503,10.124071794372751,-10.124071794372751,1383.8856218453384,1281.4485970270598,31,49,20,60,0.3875,0.25,0.607843137254902
2025-26,2026-04-10,0022501180,SAS,DAL,1,1759.4808977456107,1332.942639115635,0.9344305723856805,0.0655694276143195,1.967082828429585,-1.967082828429585,1761.4479805740402,1330.9755562872056,61,19,25,55,0.7625,0.3125,0.7093023255813954
2025-26,2026-04-10,0022501181,UTA,MEM,1,1259.071006562594,1279.9940917756899,0.5202472307923443,0.47975276920765575,14.392583076229673,-14.392583076229673,1273.4635896388236,1265.6015086994603,21,59,25,55,0.2625,0.3125,0.4565217391304348
2025-26,2026-04-10,0022501182,DEN,OKC,1,1637.1219456818687,1768.5914729440108,0.36463026110936003,0.63536973889064,19.0610921667192,-19.0610921667192,1656.183037848588,1749.5303807772916,52,28,64,16,0.65,0.8,0.44827586206896547
2025-26,2026-04-10,0022501183,POR,LAC,1,1511.9416790851344,1547.975122252811,0.4985127601159386,0.5014872398840614,15.044617196521843,-15.044617196521843,1526.9862962816562,1532.9305050562891,40,40,41,39,0.5,0.5125,0.4938271604938272
2025-26,2026-04-10,0022501184,SAC,GSW,1,1336.8773391163859,1420.0021427183149,0.43118239496402805,0.5688176050359719,17.064528151079156,-17.064528151079156,1353.941867267465,1402.9376145672356,21,59,37,43,0.2625,0.4625,0.3620689655172413
2025-26,2026-04-10,0022501185,LAL,PHX,1,1619.54776685167,1496.1329201401438,0.7133906772976429,0.28660932270235706,8.598279681070712,-8.598279681070712,1628.1460465327407,1487.5346404590732,51,29,44,36,0.6375,0.55,0.5368421052631579
2025-26,2026-04-12,0022501186,BOS,ORL,1,1680.820953817494,1563.5082744486888,0.7061549833507492,0.2938450166492508,8.815350499477523,-8.815350499477523,1689.6363043169715,1554.6929239492113,55,26,45,36,0.6790123456790124,0.5555555555555556,0.5499999999999999
2025-26,2026-04-12,0022501187,CLE,WAS,1,1623.01067669742,1218.4528705102985,0.9262387243976252,0.07376127560237478,2.212838268071243,-2.212838268071243,1625.2235149654912,1216.2400322422272,51,30,17,64,0.6296296296296297,0.20987654320987653,0.7500000000000001
2025-26,2026-04-12,0022501188,IND,DET,0,1309.4009903003741,1673.506435406738,0.1307341389915893,0.8692658610084107,-3.9220241697476794,3.9220241697476794,1305.4789661306265,1677.4284595764857,19,62,59,22,0.2345679012345679,0.7283950617283951,0.24358974358974356
2025-26,2026-04-12,0022501189,MIA,ATL,1,1488.477567961612,1611.611007672223,0.37581803464248426,0.6241819653575158,18.725458960725476,-18.725458960725476,1507.2030269223376,1592.8855487114974,42,39,46,35,0.5185185185185185,0.5679012345679012,0.4772727272727273
2025-26,2026-04-12,0022501190,NYK,CHA,0,1647.9851316949298,1598.6152532781525,0.6190863518211496,0.38091364817885043,-18.572590554634488,18.572590554634488,1629.4125411402954,1617.187843832787,53,28,43,38,0.654320987654321,0.5308641975308642,0.5520833333333334
2025-26,2026-04-12,0022501191,PHI,MIL,1,1530.9675841340597,1383.8856218453384,0.7404191115958145,0.2595808884041855,7.787426652125564,-7.787426652125564,1538.7550107861853,1376.0981951932129,44,37,32,49,0.5432098765432098,0.3950617283950617,0.5789473684210527
2025-26,2026-04-12,0022501192,TOR,BKN,1,1522.1104921548595,1281.4485970270598,0.8301706857198422,0.1698293142801578,5.094879428404734,-5.094879428404734,1527.2053715832642,1276.353717598655,45,36,20,61,0.5555555555555556,0.24691358024691357,0.6923076923076923
2025-26,2026-04-12,0022501193,DAL,CHI,1,1330.9755562872056,1348.7434714007732,0.5247786488289894,0.4752213511710106,14.256640535130318,-14.256640535130318,1345.232196822336,1334.4868308656428,25,56,31,50,0.30864197530864196,0.38271604938271603,0.44642857142857145
2025-26,2026-04-12,0022501194,HOU,MEM,1,1596.183913968312,1265.6015086994603,0.8913360565001105,0.1086639434998895,3.259918304996685,-3.259918304996685,1599.4438322733088,1262.3415903944635,51,30,25,56,0.6296296296296297,0.30864197530864196,0.6710526315789475
2025-26,2026-04-12,0022501195,MIN,NOP,1,1555.8707597921496,1395.721373899648,0.754613312615739,0.24538668738426095,7.3616006215278285,-7.3616006215278285,1563.2323604136775,1388.35977327812,48,33,26,55,0.5925925925925926,0.32098765432098764,0.6486486486486487
2025-26,2026-04-12,0022501196,OKC,PHX,0,1749.5303807772916,1487.5346404590732,0.8467902218689807,0.15320977813101933,-25.40370665606942,25.40370665606942,1724.126674121222,1512.9383471151427,64,17,44,37,0.7901234567901234,0.5432098765432098,0.5925925925925926
2025-26,2026-04-12,0022501197,SAS,DEN,0,1761.4479805740402,1656.183037848588,0.6915615646312246,0.30843843536877535,-20.746846938936738,20.746846938936738,1740.7011336351036,1676.9298847875245,62,19,53,28,0.7654320987654321,0.654320987654321,0.5391304347826086
2025-26,2026-04-12,0022501198,LAL,UTA,1,1628.1460465327407,1273.4635896388236,0.9040617179406562,0.09593828205934385,2.8781484617803157,-2.8781484617803157,1631.024194994521,1270.5854411770433,52,29,22,59,0.6419753086419753,0.2716049382716049,0.7027027027027027
2025-26,2026-04-12,0022501199,LAC,GSW,1,1532.9305050562891,1402.9376145672356,0.7210700119789164,0.2789299880210836,8.367899640632508,-8.367899640632508,1541.2984046969216,1394.5697149266032,41,40,37,44,0.5061728395061729,0.4567901234567901,0.5256410256410257
2025-26,2026-04-12,0022501200,POR,SAC,1,1526.9862962816562,1353.941867267465,0.7680975621328906,0.2319024378671094,6.957073136013282,-6.957073136013282,1533.9433694176696,1346.9847941314517,41,40,22,59,0.5061728395061729,0.2716049382716049,0.6507936507936508
