season,gameDate,gameId,homeTeam,awayTeam,homeWin,winner,winnerMargin,winnerAvgWinProbability,homeRatingBefore,awayRatingBefore,homeExpectedWinProb,awayExpectedWinProb,marginDominance,wpControlDominance,dominanceScore,dominanceMultiplier,homeRatingChange,awayRatingChange,homeRatingAfter,awayRatingAfter
2025-26,2025-10-21,0022500001,OKC,HOU,1,OKC,1.0,0.4789392868806233,1500.0,1500.0,0.550199353253537,0.44980064674646303,0.02499479296842069,0.0,0.02499479296842069,1.0249947929684207,13.831299623668578,-13.831299623668578,1513.8312996236687,1486.1687003763313
2025-26,2025-10-21,0022500002,LAL,GSW,0,GSW,10.0,0.6803211135177925,1500.0,1500.0,0.550199353253537,0.44980064674646303,0.24491866240370913,0.3606422270355849,0.24491866240370913,1.2449186624037092,-20.548603287233373,20.548603287233373,1479.4513967127666,1520.5486032872334
2025-26,2025-10-22,0022500003,NYK,CLE,1,NYK,8.0,0.7321317937266495,1500.0,1500.0,0.550199353253537,0.44980064674646303,0.197375320224904,0.464263587453299,0.197375320224904,1.197375320224904,16.157405803062453,-16.157405803062453,1516.1574058030624,1483.8425941969376
2025-26,2025-10-22,0022500004,DAL,SAS,0,SAS,33.0,0.695812026157706,1500.0,1500.0,0.550199353253537,0.44980064674646303,0.6777821008468294,0.391624052315412,0.6777821008468294,1.6777821008468294,-27.69343880358858,27.69343880358858,1472.3065611964114,1527.6934388035886
2025-26,2025-10-22,0022500080,CHA,BKN,1,CHA,19.0,0.7938367759436369,1500.0,1500.0,0.550199353253537,0.44980064674646303,0.44223035604572614,0.5876735518872738,0.44223035604572614,1.4422303560457261,19.461484407202477,-19.461484407202477,1519.4614844072025,1480.5385155927975
2025-26,2025-10-22,0022500081,ORL,MIA,1,ORL,4.0,0.4870971556132038,1500.0,1500.0,0.550199353253537,0.44980064674646303,0.09966799462495582,0.0,0.09966799462495582,1.099667994624956,14.838941255660737,-14.838941255660737,1514.8389412556608,1485.1610587443392
2025-26,2025-10-22,0022500082,ATL,TOR,0,TOR,20.0,0.7184693827917685,1500.0,1500.0,0.550199353253537,0.44980064674646303,0.46211715726000974,0.43693876558353706,0.46211715726000974,1.4621171572600098,-24.13367742916072,24.13367742916072,1475.8663225708392,1524.1336774291608
2025-26,2025-10-22,0022500083,BOS,PHI,0,PHI,1.0,0.3669322750246566,1500.0,1500.0,0.550199353253537,0.44980064674646303,0.02499479296842069,0.0,0.02499479296842069,1.0249947929684207,-16.91854416538404,16.91854416538404,1483.081455834616,1516.918544165384
2025-26,2025-10-22,0022500084,CHI,DET,1,CHI,4.0,0.8222993143027029,1500.0,1500.0,0.550199353253537,0.44980064674646303,0.09966799462495582,0.6445986286054057,0.09966799462495582,1.099667994624956,14.838941255660737,-14.838941255660737,1514.8389412556608,1485.1610587443392
2025-26,2025-10-22,0022500085,MEM,NOP,1,MEM,6.0,0.5229274388635531,1500.0,1500.0,0.550199353253537,0.44980064674646303,0.14888503362331795,0.04585487772710617,0.14888503362331795,1.1488850336233178,15.503076934833008,-15.503076934833008,1515.503076934833,1484.496923065167
2025-26,2025-10-22,0022500086,MIL,WAS,1,MIL,13.0,0.84811770911225,1500.0,1500.0,0.550199353253537,0.44980064674646303,0.3140209253469976,0.6962354182245001,0.3140209253469976,1.3140209253469977,17.73142386178396,-17.73142386178396,1517.731423861784,1482.268576138216
2025-26,2025-10-22,0022500087,UTA,LAC,1,UTA,21.0,0.915505273366968,1500.0,1500.0,0.550199353253537,0.44980064674646303,0.48154979836430795,0.8310105467339359,0.48154979836430795,1.481549798364308,19.99206172474073,-19.99206172474073,1519.9920617247408,1480.0079382752592
2025-26,2025-10-22,0022500088,PHX,SAC,1,PHX,4.0,0.4173257848009881,1500.0,1500.0,0.550199353253537,0.44980064674646303,0.09966799462495582,0.0,0.09966799462495582,1.099667994624956,14.838941255660737,-14.838941255660737,1514.8389412556608,1485.1610587443392
2025-26,2025-10-22,0022500089,POR,MIN,0,MIN,4.0,0.3753322925625575,1500.0,1500.0,0.550199353253537,0.44980064674646303,0.09966799462495582,0.0,0.09966799462495582,1.099667994624956,-18.151098583087943,18.151098583087943,1481.848901416912,1518.151098583088
2025-26,2025-10-23,0022500005,IND,OKC,0,OKC,6.0,0.6255567691246069,1500.0,1513.8312996236687,0.5304265674522379,0.46957343254776207,0.14888503362331795,0.2511135382492138,0.14888503362331795,1.1488850336233178,-18.28197434346196,18.28197434346196,1481.718025656538,1532.1132739671307
2025-26,2025-10-23,0022500006,GSW,DEN,1,GSW,6.0,0.6161044342675299,1520.5486032872334,1500.0,0.5792666055935743,0.42073339440642565,0.14888503362331795,0.23220886853505984,0.14888503362331795,1.1488850336233178,14.501228999372369,-14.501228999372369,1535.0498322866058,1485.4987710006276
2025-26,2025-10-24,0022500018,NYK,BOS,1,NYK,10.0,0.9250981104829246,1516.1574058030624,1483.081455834616,0.5967343873977667,0.40326561260223326,0.24491866240370913,0.8501962209658491,0.24491866240370913,1.2449186624037092,15.060986611025537,-15.060986611025537,1531.218392414088,1468.0204692235905
2025-26,2025-10-24,0022500019,LAL,MIN,1,LAL,18.0,0.3972460661797475,1479.4513967127666,1518.151098583088,0.4946759022518568,0.5053240977481432,0.4218990052500079,0.0,0.4218990052500079,1.4218990052500078,21.555594957508276,-21.555594957508276,1501.0069916702748,1496.5955036255798
2025-26,2025-10-24,0022500090,ORL,ATL,0,ATL,4.0,0.158488812426933,1514.8389412556608,1475.8663225708392,0.6048752313784593,0.39512476862154067,0.09966799462495582,0.0,0.09966799462495582,1.099667994624956,-19.9548579806477,19.9548579806477,1494.8840832750132,1495.8211805514868
2025-26,2025-10-24,0022500091,BKN,CLE,0,CLE,7.0,0.8693887713990341,1480.5385155927975,1483.8425941969376,0.545487975041287,0.454512024958713,0.1732351578346601,0.7387775427980683,0.1732351578346601,1.17323515783466,-19.199570114834202,19.199570114834202,1461.3389454779633,1503.0421643117718
2025-26,2025-10-24,0022500092,TOR,MIL,0,MIL,6.0,0.1261382958955235,1524.1336774291608,1517.731423861784,0.5593021936335348,0.44069780636646516,0.14888503362331795,0.0,0.14888503362331795,1.1488850336233178,-19.27721758614777,19.27721758614777,1504.856459843013,1537.0086414479317
2025-26,2025-10-24,0022500093,HOU,DET,0,DET,4.0,0.6769834460721662,1486.1687003763313,1485.1610587443392,0.5516344272490369,0.4483655727509631,0.09966799462495582,0.3539668921443324,0.09966799462495582,1.099667994624956,-18.198441731371037,18.198441731371037,1467.9702586449603,1503.3595004757103
2025-26,2025-10-24,0022500094,MEM,MIA,0,MIA,32.0,0.7602659153418342,1515.503076934833,1485.1610587443392,0.5929415142723364,0.40705848572766357,0.664036770267849,0.5205318306836684,0.664036770267849,1.664036770267849,-29.60029447102399,29.60029447102399,1485.902782463809,1514.7613532153632
2025-26,2025-10-24,0022500095,NOP,SAS,0,SAS,4.0,0.8921241422777749,1484.496923065167,1527.6934388035886,0.48820645350121683,0.5117935464987832,0.09966799462495582,0.7842482845555498,0.09966799462495582,1.099667994624956,-16.10595035053935,16.10595035053935,1468.3909727146277,1543.799389154128
2025-26,2025-10-24,0022500096,DAL,WAS,0,WAS,10.0,0.7620355118088061,1472.3065611964114,1482.268576138216,0.5359703093500265,0.46402969064997346,0.24491866240370913,0.5240710236176123,0.24491866240370913,1.2449186624037092,-20.017183218124117,20.017183218124117,1452.2893779782873,1502.2857593563401
2025-26,2025-10-24,0022500097,POR,GSW,1,POR,20.0,0.4752524032335107,1481.848901416912,1535.0498322866058,0.47383068975888076,0.5261693102411192,0.46211715726000974,0.0,0.46211715726000974,1.4621171572600098,23.079635283816163,-23.079635283816163,1504.928536700728,1511.9701970027897
2025-26,2025-10-24,0022500098,SAC,UTA,1,SAC,1.0,0.1920284758459052,1485.1610587443392,1519.9920617247408,0.5002432062421243,0.49975679375787574,0.02499479296842069,0.0,0.02499479296842069,1.0249947929684207,15.367443340572466,-15.367443340572466,1500.5285020849117,1504.6246183841683
2025-26,2025-10-24,0022500099,LAC,PHX,1,LAC,27.0,0.5952073103872438,1480.0079382752592,1514.8389412556608,0.5002432062421243,0.49975679375787574,0.5882592563981054,0.19041462077448768,0.5882592563981054,1.5882592563981053,23.81230060901355,-23.81230060901355,1503.8202388842728,1491.0266406466471
2025-26,2025-10-25,0022500100,ORL,CHI,0,CHI,12.0,0.7634660462455617,1494.8840832750132,1514.8389412556608,0.5216381763349487,0.4783618236650513,0.2913126124515909,0.5269320924911234,0.2913126124515909,1.2913126124515908,-20.207938687126983,20.207938687126983,1474.6761445878863,1535.0468799427877
2025-26,2025-10-25,0022500101,ATL,OKC,0,OKC,17.0,0.8476554486579295,1495.8211805514868,1532.1132739671307,0.49814053667394376,0.5018594633260562,0.4011342849479459,0.695310897315859,0.4011342849479459,1.401134284947946,-20.938853539686967,20.938853539686967,1474.8823270117998,1553.0521275068177
2025-26,2025-10-25,0022500102,PHI,CHA,1,PHI,4.0,0.8038592770488726,1516.918544165384,1519.4614844072025,0.5465740570643622,0.45342594293563776,0.09966799462495582,0.6077185540977452,0.09966799462495582,1.099667994624956,14.958539921368875,-14.958539921368875,1531.8770840867528,1504.5029444858337
2025-26,2025-10-25,0022500103,MEM,IND,1,MEM,25.0,0.8270334518907797,1485.902782463809,1481.718025656538,0.5561535096009638,0.44384649039903623,0.5545997223493823,0.6540669037815594,0.5545997223493823,1.5545997223493822,20.70010892220268,-20.70010892220268,1506.6028913860116,1461.0179167343354
2025-26,2025-10-25,0022500104,DEN,PHX,1,DEN,22.0,0.7500622785153488,1485.4987710006276,1491.0266406466471,0.5423123643030878,0.4576876356969122,0.5005202111902353,0.5001245570306976,0.5005202111902353,1.5005202111902354,20.603086433252706,-20.603086433252706,1506.1018574338802,1470.4235542133945
2025-26,2025-10-26,0022500105,SAS,BKN,1,SAS,11.0,0.8833830624301401,1543.799389154128,1461.3389454779633,0.6628803661086959,0.33711963389130406,0.2682711820216014,0.7667661248602802,0.2682711820216014,1.2682711820216013,12.826773496740412,-12.826773496740412,1556.6261626508683,1448.512171981223
2025-26,2025-10-26,0022500106,DET,BOS,1,DET,6.0,0.5737002863559044,1503.3595004757103,1468.0204692235905,0.599865329391323,0.400134670608677,0.14888503362331795,0.14740057271180884,0.14888503362331795,1.1488850336233178,13.791262034883152,-13.791262034883152,1517.1507625105935,1454.2292071887073
2025-26,2025-10-26,0022500107,CLE,MIL,1,CLE,5.0,0.6023740760164542,1503.0421643117718,1537.0086414479317,0.5014873545750455,0.49851264542495455,0.12435300177159621,0.20474815203290841,0.12435300177159621,1.1243530017715961,16.81512567913941,-16.81512567913941,1519.857289990911,1520.1935157687924
2025-26,2025-10-26,0022500108,MIA,NYK,1,MIA,8.0,0.5314904859217091,1514.7613532153632,1531.218392414088,0.5266601570753026,0.47333984292469744,0.197375320224904,0.06298097184341822,0.197375320224904,1.197375320224904,17.002963379914963,-17.002963379914963,1531.7643165952782,1514.215429034173
2025-26,2025-10-26,0022500109,WAS,CHA,0,CHA,26.0,0.5376546529962394,1502.2857593563401,1504.5029444858337,0.5470387480647474,0.4529612519352526,0.5716699660851172,0.07530930599247876,0.5716699660851172,1.5716699660851172,-25.792931118544995,25.792931118544995,1476.492828237795,1530.2958756043788
2025-26,2025-10-26,0022500110,MIN,IND,1,MIN,4.0,0.6100117546609707,1496.5955036255798,1461.0179167343354,0.6001948979000415,0.39980510209995845,0.09966799462495582,0.22002350932194137,0.09966799462495582,1.099667994624956,13.189586246012613,-13.189586246012613,1509.7850898715924,1447.8283304883228
2025-26,2025-10-26,0022500111,DAL,TOR,1,DAL,10.0,0.6021620173752308,1452.2893779782873,1504.856459843013,0.4747404588936375,0.5252595411063625,0.24491866240370913,0.20432403475046157,0.24491866240370913,1.2449186624037092,19.61716215986757,-19.61716215986757,1471.906540138155,1485.2392976831454
2025-26,2025-10-26,0022500112,LAC,POR,1,LAC,7.0,0.6436104322483556,1503.8202388842728,1504.928536700728,0.5486199611426031,0.45138003885739686,0.1732351578346601,0.28722086449671114,0.1732351578346601,1.17323515783466,15.887247933968188,-15.887247933968188,1519.707486818241,1489.0412887667599
2025-26,2025-10-26,0022500113,SAC,LAL,0,LAL,7.0,0.5429135103575471,1500.5285020849117,1501.0069916702748,0.5495175985903371,0.4504824014096629,0.1732351578346601,0.08582702071509418,0.1732351578346601,1.17323515783466,-19.341400995451725,19.341400995451725,1481.18710108946,1520.3483926657266
2025-26,2025-10-27,0022500007,DET,CLE,0,CLE,21.0,0.7986048025519286,1517.1507625105935,1519.857289990911,0.5463406685318812,0.45365933146811876,0.48154979836430795,0.5972096051038571,0.48154979836430795,1.481549798364308,-24.282927219048894,24.282927219048894,1492.8678352915447,1544.14021720996
2025-26,2025-10-27,0022500008,MIN,DEN,0,DEN,13.0,0.522246741700219,1509.7850898715924,1506.1018574338802,0.5554407463167638,0.44455925368323623,0.3140209253469976,0.044493483400438016,0.3140209253469976,1.3140209253469977,-21.895822903517427,21.895822903517427,1487.889266968075,1527.9976803373977
2025-26,2025-10-27,0022500114,PHI,ORL,1,PHI,12.0,0.908008169784314,1531.8770840867528,1474.6761445878863,0.6296583172115299,0.37034168278847013,0.2913126124515909,0.816016339568628,0.2913126124515909,1.2913126124515908,14.346806577038931,-14.346806577038931,1546.2238906637917,1460.3293380108473
2025-26,2025-10-27,0022500115,CHI,ATL,1,CHI,5.0,0.7464628625040253,1535.0468799427877,1474.8823270117998,0.633627624304303,0.36637237569569703,0.12435300177159621,0.49292572500805054,0.12435300177159621,1.1243530017715961,12.357956411389438,-12.357956411389438,1547.4048363541772,1462.5243706004103
2025-26,2025-10-27,0022500116,HOU,BKN,1,HOU,28.0,0.7948193491312363,1467.9702586449603,1448.512171981223,0.577735912245524,0.422264087754476,0.6043677771171634,0.5896386982624726,0.6043677771171634,1.6043677771171634,20.324006874811666,-20.324006874811666,1488.294265519772,1428.1881651064114
2025-26,2025-10-27,0022500117,NOP,BOS,0,BOS,32.0,0.8366633872333751,1468.3909727146277,1454.2292071887073,0.5702810382302453,0.42971896176975466,0.664036770267849,0.6733267744667502,0.664036770267849,1.664036770267849,-28.469058510049592,28.469058510049592,1439.9219142045781,1482.6982656987568
2025-26,2025-10-27,0022500118,SAS,TOR,1,SAS,18.0,0.9578595800387364,1556.6261626508683,1485.2392976831454,0.6484908206959299,0.3515091793040701,0.4218990052500079,0.9157191600774728,0.4218990052500079,1.4218990052500078,14.994316571661116,-14.994316571661116,1571.6204792225294,1470.2449811114843
2025-26,2025-10-27,0022500119,DAL,OKC,0,OKC,7.0,0.8886738878554833,1471.906540138155,1553.0521275068177,0.43397892144372124,0.5660210785562787,0.1732351578346601,0.7773477757109666,0.1732351578346601,1.17323515783466,-15.274779851908194,15.274779851908194,1456.6317602862466,1568.326907358726
2025-26,2025-10-27,0022500120,UTA,PHX,1,UTA,4.0,0.780401984483191,1504.6246183841683,1470.4235542133945,0.5982919698100679,0.40170803018993206,0.09966799462495582,0.560803968966382,0.09966799462495582,1.099667994624956,13.252363919511115,-13.252363919511115,1517.8769823036794,1457.1711902938835
2025-26,2025-10-27,0022500121,GSW,MEM,1,GSW,13.0,0.7068907007678515,1511.9701970027897,1506.6028913860116,0.557833220690843,0.44216677930915704,0.3140209253469976,0.4137814015357031,0.3140209253469976,1.3140209253469977,17.430492015165605,-17.430492015165605,1529.4006890179553,1489.172399370846
2025-26,2025-10-27,0022500122,LAL,POR,0,POR,14.0,0.5162813673482095,1520.3483926657266,1489.0412887667599,0.5942816998893583,0.4057183001106417,0.3363755443363322,0.032562734696419016,0.3363755443363322,1.3363755443363323,-23.825505905362864,23.825505905362864,1496.5228867603637,1512.8667946721228
2025-26,2025-10-28,0022500123,WAS,PHI,0,PHI,5.0,0.4355462738292865,1476.492828237795,1546.2238906637917,0.4501838074810439,0.5498161925189561,0.12435300177159621,0.0,0.12435300177159621,1.1243530017715961,-15.184965458708342,15.184965458708342,1461.3078627790867,1561.4088561225
2025-26,2025-10-28,0022500124,MIA,CHA,1,MIA,27.0,0.7259874741246718,1531.7643165952782,1530.2958756043788,0.5522904085368766,0.4477095914631234,0.5882592563981054,0.4519749482493436,0.5882592563981054,1.5882592563981053,21.3323670845856,-21.3323670845856,1553.0966836798639,1508.9635085197933
2025-26,2025-10-28,0022500125,MIL,NYK,1,MIL,10.0,0.5258945792566778,1520.1935157687924,1514.215429034173,0.5587002684845043,0.44129973151549573,0.24491866240370913,0.05178915851335564,0.24491866240370913,1.2449186624037092,16.481468144321607,-16.481468144321607,1536.674983913114,1497.7339608898515
2025-26,2025-10-28,0022500126,OKC,SAC,1,OKC,6.0,0.6769856288780769,1568.326907358726,1481.18710108946,0.6688732267973004,0.33112677320269956,0.14888503362331795,0.3539712577561538,0.14888503362331795,1.1488850336233178,11.412797818936927,-11.412797818936927,1579.739705177663,1469.774303270523
2025-26,2025-10-28,0022500127,GSW,LAC,1,GSW,19.0,0.7917354698292911,1529.4006890179553,1519.707486818241,0.5639662480784995,0.4360337519215005,0.44223035604572614,0.5834709396585822,0.44223035604572614,1.4422303560457261,18.865833398450985,-18.865833398450985,1548.2665224164064,1500.84165341979
2025-26,2025-10-29,0022500128,BOS,CLE,1,BOS,20.0,0.5678095980423192,1482.6982656987568,1544.14021720996,0.46202027244717375,0.5379797275528262,0.46211715726000974,0.13561919608463846,0.46211715726000974,1.4621171572600098,23.597681697391582,-23.597681697391582,1506.2959473961484,1520.5425355125683
2025-26,2025-10-29,0022500129,DET,ORL,1,DET,19.0,0.7330788879779477,1492.8678352915447,1460.3293380108473,0.5959896591273554,0.40401034087264465,0.44223035604572614,0.46615777595589547,0.44223035604572614,1.4422303560457261,17.480279332887285,-17.480279332887285,1510.348114624432,1442.84905867796
2025-26,2025-10-29,0022500130,BKN,ATL,0,ATL,5.0,0.7246575452542553,1428.1881651064114,1462.5243706004103,0.5009552759216346,0.4990447240783654,0.12435300177159621,0.4493150905085106,0.12435300177159621,1.1243530017715961,-16.897517047074242,16.897517047074242,1411.2906480593372,1479.4218876474845
2025-26,2025-10-29,0022500131,TOR,HOU,0,HOU,18.0,0.7112245872250705,1470.2449811114843,1488.294265519772,0.5243747042014315,0.4756252957985685,0.4218990052500079,0.4224491744501411,0.4218990052500079,1.4218990052500078,-22.368236108468476,22.368236108468476,1447.876745003016,1510.6625016282403
2025-26,2025-10-29,0022500132,CHI,SAC,1,CHI,13.0,0.8763015415209036,1547.4048363541772,1469.774303270523,0.6566393241887523,0.34336067581124774,0.3140209253469976,0.7526030830418071,0.3140209253469976,1.3140209253469977,13.535493388717986,-13.535493388717986,1560.940329742895,1456.238809881805
2025-26,2025-10-29,0022500133,DAL,IND,1,DAL,2.0,0.4375125093473535,1456.6317602862466,1447.8283304883228,0.5627063099707351,0.4372936900292649,0.04995837495787997,0.0,0.04995837495787997,1.04995837495788,13.774205164873855,-13.774205164873855,1470.4059654511204,1434.054125323449
2025-26,2025-10-29,0022500134,DEN,NOP,1,DEN,34.0,0.9167309017189677,1527.9976803373977,1439.9219142045781,0.6700654429898484,0.3299345570101516,0.6910694698329306,0.8334618034379353,0.6910694698329306,1.6910694698329305,16.738267692081596,-16.738267692081596,1544.7359480294792,1423.1836465124966
2025-26,2025-10-29,0022500135,UTA,POR,0,POR,2.0,0.5898336692828323,1517.8769823036794,1512.8667946721228,0.5573261022681846,0.4426738977318154,0.04995837495787997,0.17966733856566464,0.04995837495787997,1.04995837495788,-17.55507625977337,17.55507625977337,1500.321906043906,1530.4218709318961
2025-26,2025-10-29,0022500136,MIN,LAL,0,LAL,1.0,0.6069526963834909,1487.889266968075,1496.5228867603637,0.5378715974236628,0.46212840257633725,0.02499479296842069,0.21390539276698184,0.02499479296842069,1.0249947929684207,-16.539467599345826,16.539467599345826,1471.349799368729,1513.0623543597096
2025-26,2025-10-29,0022500137,PHX,MEM,0,MEM,1.0,0.5713018529831121,1457.1711902938835,1489.172399370846,0.504315499883113,0.49568450011688703,0.02499479296842069,0.14260370596622418,0.02499479296842069,1.0249947929684207,-15.507622841803709,15.507622841803709,1441.6635674520799,1504.6800222126499
2025-26,2025-10-30,0022500138,CHA,ORL,0,ORL,16.0,0.6719465962010953,1508.9635085197933,1442.84905867796,0.641541633694533,0.358458366305467,0.3799489622552249,0.34389319240219063,0.3799489622552249,1.379948962255225,-26.558841349808777,26.558841349808777,1482.4046671699846,1469.4079000277688
2025-26,2025-10-30,0022500139,MIL,GSW,1,MIL,10.0,0.7322484913364881,1536.674983913114,1548.2665224164064,0.5336366029417479,0.46636339705825214,0.24491866240370913,0.4644969826729761,0.24491866240370913,1.2449186624037092,17.417534893794276,-17.417534893794276,1554.0925188069082,1530.848987522612
2025-26,2025-10-30,0022500140,OKC,WAS,1,OKC,19.0,0.9347911596049866,1579.739705177663,1461.3078627790867,0.7074900086346425,0.2925099913653575,0.44223035604572614,0.8695823192099732,0.44223035604572614,1.4422303560457261,12.656003669813755,-12.656003669813755,1592.3957088474767,1448.651859109273
2025-26,2025-10-30,0022500141,SAS,MIA,1,SAS,6.0,0.84778149528015,1571.6204792225294,1553.0966836798639,0.5764233134800448,0.42357668651995517,0.14888503362331795,0.6955629905603,0.14888503362331795,1.1488850336233178,14.599227472035967,-14.599227472035967,1586.2197066945653,1538.497456207828
2025-26,2025-10-31,0022500020,IND,ATL,0,ATL,20.0,0.7206983809412628,1434.054125323449,1479.4218876474845,0.4850840178115315,0.5149159821884686,0.46211715726000974,0.44139676188252563,0.46211715726000974,1.4621171572600098,-21.277489954645812,21.277489954645812,1412.7766353688032,1500.6993776021302
2025-26,2025-10-31,0022500021,PHI,BOS,0,BOS,1.0,0.4901829797277848,1561.4088561225,1506.2959473961484,0.6268511243568453,0.3731488756431547,0.02499479296842069,0.0,0.02499479296842069,1.0249947929684207,-19.275574152964992,19.275574152964992,1542.1332819695351,1525.5715215491134
2025-26,2025-10-31,0022500022,CLE,TOR,0,TOR,11.0,0.4009196843431952,1520.5425355125683,1447.876745003016,0.6501671718205506,0.3498328281794494,0.2682711820216014,0.0,0.2682711820216014,1.2682711820216013,-24.73764862549474,24.73764862549474,1495.8048868870735,1472.6143936285107
2025-26,2025-10-31,0022500023,CHI,NYK,1,CHI,10.0,0.8625863566725618,1560.940329742895,1497.7339608898515,0.6376828907101839,0.3623171092898161,0.24491866240370913,0.7251727133451236,0.24491866240370913,1.2449186624037092,13.53165993189169,-13.53165993189169,1574.4719896747868,1484.2023009579598
2025-26,2025-10-31,0022500024,MEM,LAL,0,LAL,5.0,0.5154026068025269,1504.6800222126499,1513.0623543597096,0.5382311349617429,0.4617688650382571,0.12435300177159621,0.03080521360505384,0.12435300177159621,1.1243530017715961,-18.154853767235064,18.154853767235064,1486.525168445415,1531.2172081269446
2025-26,2025-10-31,0022500025,PHX,UTA,1,PHX,22.0,0.7935425472011169,1441.6635674520799,1500.321906043906,0.46600543983794634,0.5339945601620537,0.5005202111902353,0.5870850944022339,0.5005202111902353,1.5005202111902354,24.03808890566405,-24.03808890566405,1465.701656357744,1476.2838171382418
2025-26,2025-10-31,0022500026,POR,DEN,1,POR,2.0,0.34010453664439,1530.4218709318961,1544.7359480294792,0.5297343095428825,0.4702656904571175,0.04995837495787997,0.0,0.04995837495787997,1.04995837495788,14.812782004524017,-14.812782004524017,1545.2346529364202,1529.9231660249552
2025-26,2025-10-31,0022500027,LAC,NOP,1,LAC,2.0,0.6576417638775375,1500.84165341979,1423.1836465124966,0.6566749809166474,0.34332501908335256,0.04995837495787997,0.31528352775507495,0.04995837495787997,1.04995837495788,10.8143093735742,-10.8143093735742,1511.655962793364,1412.3693371389224
2025-26,2025-11-01,0022500142,MIL,SAC,0,SAC,2.0,0.3487254278206577,1554.0925188069082,1456.238809881805,0.6823878971172797,0.31761210288272035,0.04995837495787997,0.0,0.04995837495787997,1.04995837495788,-21.49436662644552,21.49436662644552,1532.5981521804626,1477.7331765082506
2025-26,2025-11-01,0022500143,CHA,MIN,0,MIN,17.0,0.5771338285672634,1482.4046671699846,1471.349799368729,0.5658927944441844,0.4341072055558156,0.4011342849479459,0.15426765713452673,0.4011342849479459,1.401134284947946,-23.786753877022417,23.786753877022417,1458.6179132929622,1495.1365532457514
2025-26,2025-11-01,0022500144,IND,GSW,1,IND,5.0,0.2555175350761662,1412.7766353688032,1530.848987522612,0.38267657409914424,0.6173234259008558,0.12435300177159621,0.0,0.12435300177159621,1.1243530017715961,20.82268340926658,-20.82268340926658,1433.5993187780698,1510.0263041133455
2025-26,2025-11-01,0022500145,WAS,ORL,0,ORL,31.0,0.7850487254436767,1448.651859109273,1469.4079000277688,0.5204872279635738,0.47951277203642617,0.6498274636719203,0.5700974508873533,0.6498274636719203,1.6498274636719203,-25.76142369554315,25.76142369554315,1422.8904354137298,1495.169323723312
2025-26,2025-11-01,0022500146,BOS,HOU,0,HOU,27.0,0.820659891372062,1525.5715215491134,1510.6625016282403,0.5713348563957915,0.4286651436042085,0.5882592563981054,0.6413197827441239,0.5882592563981054,1.5882592563981053,-27.222836225204944,27.222836225204944,1498.3486853239085,1537.8853378534452
2025-26,2025-11-01,0022500147,DET,DAL,1,DET,12.0,0.6351421583319704,1510.348114624432,1470.4059654511204,0.6062083290574262,0.39379167094257383,0.2913126124515909,0.2702843166639408,0.2913126124515909,1.2913126124515908,15.255244540995966,-15.255244540995966,1525.603359165428,1455.1507209101244
2025-26,2025-11-02,0022500148,OKC,NOP,1,OKC,31.0,0.9678823083183832,1592.3957088474767,1412.3693371389224,0.7751793232552487,0.22482067674475126,0.6498274636719203,0.9357646166367664,0.6498274636719203,1.6498274636719203,11.12745980684393,-11.12745980684393,1603.5231686543207,1401.2418773320785
2025-26,2025-11-02,0022500149,BKN,PHI,0,PHI,24.0,0.9310161592511595,1411.2906480593372,1542.1332819695351,0.36546671177857193,0.6345332882214281,0.5370495669980352,0.8620323185023191,0.5370495669980352,1.5370495669980353,-16.85221353274349,16.85221353274349,1394.4384345265937,1558.9854955022786
2025-26,2025-11-02,0022500150,CHA,UTA,1,CHA,23.0,0.8764218071993026,1458.6179132929622,1476.2838171382418,0.524925092165313,0.475074907834687,0.5190218338982221,0.7528436143986053,0.5190218338982221,1.519021833898222,21.64947473214225,-21.64947473214225,1480.2673880251043,1454.6343424060997
2025-26,2025-11-02,0022500151,CLE,ATL,1,CLE,8.0,0.6754422697735329,1495.8048868870735,1500.6993776021302,0.5432172016572675,0.4567827983427325,0.197375320224904,0.3508845395470659,0.197375320224904,1.197375320224904,16.408213483165714,-16.408213483165714,1512.2131003702393,1484.2911641189644
2025-26,2025-11-02,0022500152,TOR,MEM,1,TOR,13.0,0.6991731523349881,1472.6143936285107,1486.525168445415,0.5303126154098139,0.4696873845901861,0.3140209253469976,0.3983463046699762,0.3140209253469976,1.3140209253469977,18.515371551690226,-18.515371551690226,1491.1297651802008,1468.0097968937248
2025-26,2025-11-02,0022500153,NYK,CHI,1,NYK,12.0,0.6032451368071552,1484.2023009579598,1574.4719896747868,0.4211247464066892,0.5788752535933108,0.2913126124515909,0.20649027361431038,0.2913126124515909,1.2913126124515908,22.42526748003466,-22.42526748003466,1506.6275684379943,1552.0467221947522
2025-26,2025-11-02,0022500154,PHX,SAS,1,PHX,12.0,0.680701487728705,1465.701656357744,1586.2197066945653,0.3793562591602495,0.6206437408397505,0.2913126124515909,0.36140297545740996,0.2913126124515909,1.2913126124515908,24.043352711565188,-24.043352711565188,1489.7450090693092,1562.1763539830001
2025-26,2025-11-02,0022500155,LAL,MIA,1,LAL,10.0,0.7602861166641943,1531.2172081269446,1538.497456207828,0.5398075011328536,0.4601924988671464,0.24491866240370913,0.5205722333283886,0.24491866240370913,1.2449186624037092,17.18706690413725,-17.18706690413725,1548.4042750310819,1521.3103893036907
2025-26,2025-11-03,0022500156,BKN,MIN,0,MIN,16.0,0.6969775106800564,1394.4384345265937,1495.1365532457514,0.40656381740381453,0.5934361825961855,0.3799489622552249,0.39395502136011284,0.3799489622552249,1.379948962255225,-16.8311195375075,16.8311195375075,1377.6073149890863,1511.9676727832589
2025-26,2025-11-03,0022500157,IND,MIL,0,MIL,2.0,0.8090066741961831,1433.5993187780698,1532.5981521804626,0.40892602685167445,0.5910739731483255,0.04995837495787997,0.6180133483923662,0.04995837495787997,1.04995837495788,-12.880659198934996,12.880659198934996,1420.7186595791347,1545.4788113793977
2025-26,2025-11-03,0022500158,BOS,UTA,0,UTA,2.0,0.3743705867122238,1498.3486853239085,1454.6343424060997,0.6113798780732866,0.38862012192671336,0.04995837495787997,0.0,0.04995837495787997,1.04995837495788,-19.257702697913246,19.257702697913246,1479.0909826259954,1473.8920451040128
2025-26,2025-11-03,0022500159,NYK,WAS,1,NYK,17.0,0.81243766548319,1506.6275684379943,1422.8904354137298,0.6645207240451356,0.3354792759548644,0.4011342849479459,0.6248753309663799,0.4011342849479459,1.401134284947946,14.101545462896206,-14.101545462896206,1520.7291139008905,1408.7888899508337
2025-26,2025-11-03,0022500160,HOU,DAL,1,HOU,8.0,0.7299611595459282,1537.8853378534452,1455.1507209101244,0.663232970963649,0.33676702903635103,0.197375320224904,0.45992231909185644,0.197375320224904,1.197375320224904,12.09709587700771,-12.09709587700771,1549.9824337304528,1443.0536250331168
2025-26,2025-11-03,0022500161,MEM,DET,0,DET,8.0,0.8125245682791703,1468.0097968937248,1525.603359165428,0.46753100598083114,0.5324689940191689,0.197375320224904,0.6250491365583406,0.197375320224904,1.197375320224904,-16.794302640041078,16.794302640041078,1451.2154942536838,1542.397661805469
2025-26,2025-11-03,0022500162,DEN,SAC,1,DEN,6.0,0.8713783807638619,1529.9231660249552,1477.7331765082506,0.6229071260720914,0.3770928739279086,0.14888503362331795,0.7427567615277237,0.14888503362331795,1.1488850336233178,12.997090774253364,-12.997090774253364,1542.9202567992086,1464.7360857339972
2025-26,2025-11-03,0022500163,POR,LAL,0,LAL,8.0,0.5189034163288954,1545.2346529364202,1548.4042750310819,0.545679865233243,0.45432013476675703,0.197375320224904,0.03780683265779072,0.197375320224904,1.197375320224904,-19.601508101218105,19.601508101218105,1525.633144835202,1568.0057831323
2025-26,2025-11-03,0022500164,LAC,MIA,0,MIA,1.0,0.4954878839131238,1511.655962793364,1521.3103893036907,0.53641064558403,0.46358935441597005,0.02499479296842069,0.0,0.02499479296842069,1.0249947929684207,-16.49454355849379,16.49454355849379,1495.1614192348702,1537.8049328621846
2025-26,2025-11-04,0022500165,TOR,MIL,1,TOR,28.0,0.7116340532929946,1491.1297651802008,1545.4788113793977,0.4721832360313653,0.5278167639686346,0.6043677771171634,0.4232681065859891,0.6043677771171634,1.6043677771171634,25.40436625000599,-25.40436625000599,1516.5341314302068,1520.0744451293917
2025-26,2025-11-04,0022500166,ATL,ORL,1,ATL,15.0,0.8326025698706508,1484.2911641189644,1495.169323723312,0.534658448894867,0.465341551105133,0.35835739835078595,0.6652051397413017,0.35835739835078595,1.358357398350786,18.963004161110632,-18.963004161110632,1503.254168280075,1476.2063195622013
2025-26,2025-11-04,0022500167,CHI,PHI,1,CHI,2.0,0.3296307299128319,1552.0467221947522,1558.9854955022786,0.5402957695704742,0.4597042304295258,0.04995837495787997,0.0,0.04995837495787997,1.04995837495788,14.480109202291432,-14.480109202291432,1566.5268313970437,1544.505386299987
2025-26,2025-11-04,0022500168,NOP,CHA,1,NOP,4.0,0.4344748232901717,1401.2418773320785,1480.2673880251043,0.4369791419627054,0.5630208580372946,0.09966799462495582,0.0,0.09966799462495582,1.099667994624956,18.574080536696815,-18.574080536696815,1419.8159578687753,1461.6933074884075
2025-26,2025-11-04,0022500169,GSW,PHX,1,GSW,11.0,0.8859136095022162,1510.0263041133455,1489.7450090693092,0.5788915407009091,0.4211084592990909,0.2682711820216014,0.7718272190044324,0.2682711820216014,1.2682711820216013,16.022391703036604,-16.022391703036604,1526.0486958163822,1473.7226173662725
2025-26,2025-11-04,0022500170,LAC,OKC,0,OKC,19.0,0.6900030678025684,1495.1614192348702,1603.5231686543207,0.3959655126139009,0.6040344873860991,0.44223035604572614,0.38000613560513674,0.44223035604572614,1.4422303560457261,-17.13220446716924,17.13220446716924,1478.029214767701,1620.65537312149
2025-26,2025-11-05,0022500171,CLE,PHI,1,CLE,11.0,0.7264049047718031,1512.2131003702393,1544.505386299987,0.5038966348935897,0.4961033651064103,0.2682711820216014,0.45280980954360617,0.2682711820216014,1.2682711820216013,18.875808038052032,-18.875808038052032,1531.0889084082914,1525.629578261935
2025-26,2025-11-05,0022500172,DET,UTA,1,DET,11.0,0.7403542228415609,1542.397661805469,1473.8920451040128,0.6447008328355048,0.35529916716449517,0.2682711820216014,0.4807084456831219,0.2682711820216014,1.2682711820216013,13.518470841330144,-13.518470841330144,1555.916132646799,1460.3735742626827
2025-26,2025-11-05,0022500173,IND,BKN,0,BKN,9.0,0.6699143723851174,1420.7186595791347,1377.6073149890863,0.610554836694079,0.38944516330592105,0.22127846789844396,0.33982874477023484,0.22127846789844396,1.2212784678984439,-22.36972426577188,22.36972426577188,1398.3489353133627,1399.977039254858
2025-26,2025-11-05,0022500174,BOS,WAS,1,BOS,29.0,0.782528623589832,1479.0909826259954,1408.7888899508337,0.6470660786007708,0.3529339213992292,0.619996867969374,0.565057247179664,0.619996867969374,1.6199968679693741,17.15255541800702,-17.15255541800702,1496.2435380440024,1391.6363345328266
2025-26,2025-11-05,0022500175,NYK,MIN,1,NYK,23.0,0.6609499631046007,1520.7291139008905,1511.9676727832589,0.5626468329099578,0.43735316709004224,0.5190218338982221,0.3218999262092015,0.5190218338982221,1.519021833898222,19.930470298029345,-19.930470298029345,1540.65958419892,1492.0372024852295
2025-26,2025-11-05,0022500176,MEM,HOU,0,HOU,15.0,0.8812659215081172,1451.2154942536838,1549.9824337304528,0.40924871602670976,0.5907512839732902,0.35835739835078595,0.7625318430162344,0.35835739835078595,1.358357398350786,-16.67718063541323,16.67718063541323,1434.5383136182706,1566.659614365866
2025-26,2025-11-05,0022500177,DAL,NOP,0,NOP,2.0,0.6277270717059986,1443.0536250331168,1419.8159578687753,0.5830345204085947,0.4169654795914053,0.04995837495787997,0.25545414341199724,0.04995837495787997,1.04995837495788,-18.364859327776653,18.364859327776653,1424.68876570534,1438.180817196552
2025-26,2025-11-05,0022500178,DEN,MIA,1,DEN,10.0,0.7323020392387278,1542.9202567992086,1537.8049328621846,0.5574754114881537,0.4425245885118463,0.24491866240370913,0.46460407847745566,0.24491866240370913,1.2449186624037092,16.527213564327585,-16.527213564327585,1559.4474703635362,1521.277719297857
2025-26,2025-11-05,0022500179,LAL,SAS,1,LAL,2.0,0.529247348052967,1568.0057831323,1562.1763539830001,0.5584892710841597,0.4415107289158403,0.04995837495787997,0.05849469610593405,0.04995837495787997,1.04995837495788,13.907036623768343,-13.907036623768343,1581.9128197560683,1548.2693173592318
2025-26,2025-11-05,0022500180,POR,OKC,1,POR,2.0,0.2929882509776184,1525.633144835202,1620.65537312149,0.4144702679561968,0.5855297320438032,0.04995837495787997,0.0,0.04995837495787997,1.04995837495788,18.443455378387036,-18.443455378387036,1544.076600213589,1602.211917743103
2025-26,2025-11-05,0022500181,SAC,GSW,1,SAC,5.0,0.406249501383346,1464.7360857339972,1526.0486958163822,0.46220534096854304,0.537794659031457,0.12435300177159621,0.0,0.12435300177159621,1.1243530017715961,18.14013117656252,-18.14013117656252,1482.8762169105598,1507.9085646398196
2025-26,2025-11-06,0022500182,PHX,LAC,1,PHX,13.0,0.7067460259764144,1473.7226173662725,1478.029214767701,0.5440568038137039,0.4559431961862961,0.3140209253469976,0.4134920519528289,0.3140209253469976,1.3140209253469977,17.973567016751534,-17.973567016751534,1491.696184383024,1460.0556477509494
2025-26,2025-11-07,0022500028,ORL,BOS,1,ORL,13.0,0.6691000574247705,1476.2063195622013,1496.2435380440024,0.5215198708157107,0.4784801291842893,0.3140209253469976,0.33820011484954104,0.3140209253469976,1.3140209253469977,18.861987063326723,-18.861987063326723,1495.068306625528,1477.3815509806757
2025-26,2025-11-07,0022500029,WAS,CLE,0,CLE,33.0,0.9128476769198492,1391.6363345328266,1531.0889084082914,0.35405151089468545,0.6459484891053145,0.6777821008468294,0.8256953538396985,0.6777821008468294,1.6777821008468294,-17.820638632706384,17.820638632706384,1373.8156959001203,1548.9095470409977
2025-26,2025-11-07,0022500030,ATL,TOR,0,TOR,12.0,0.3965777036140206,1503.254168280075,1516.5341314302068,0.5312169892468148,0.4687830107531852,0.2913126124515909,0.0,0.2913126124515909,1.2913126124515908,-20.579015944889193,20.579015944889193,1482.6751523351859,1537.113147375096
2025-26,2025-11-07,0022500031,BKN,DET,0,DET,18.0,0.8643406554931425,1399.977039254858,1555.916132646799,0.332659407221569,0.667340592778431,0.4218990052500079,0.7286813109862851,0.4218990052500079,1.4218990052500078,-14.190242406462186,14.190242406462186,1385.7867968483959,1570.1063750532612
2025-26,2025-11-07,0022500032,SAS,HOU,1,SAS,11.0,0.6849336247021953,1548.2693173592318,1566.659614365866,0.5238850906384881,0.4761149093615119,0.2682711820216014,0.36986724940439064,0.2682711820216014,1.2682711820216013,18.115284566220968,-18.115284566220968,1566.3846019254527,1548.544329799645
2025-26,2025-11-07,0022500033,MIA,CHA,1,MIA,18.0,0.8107181816361845,1521.277719297857,1461.6933074884075,0.6328520210586208,0.3671479789413792,0.4218990052500079,0.621436363272369,0.4218990052500079,1.4218990052500078,15.661420381088936,-15.661420381088936,1536.9391396789458,1446.0318871073187
2025-26,2025-11-07,0022500034,MEM,DAL,1,MEM,14.0,0.9002126019034121,1434.5383136182706,1424.68876570534,0.5641875523853273,0.43581244761467275,0.3363755443363322,0.8004252038068242,0.3363755443363322,1.3363755443363323,17.47227290728823,-17.47227290728823,1452.010586525559,1407.2164927980518
2025-26,2025-11-07,0022500035,MIL,CHI,1,MIL,16.0,0.6431457582695616,1520.0744451293917,1566.5268313970437,0.4835246578881272,0.5164753421118728,0.3799489622552249,0.2862915165391231,0.3799489622552249,1.379948962255225,21.38128837133074,-21.38128837133074,1541.4557335007225,1545.1455430257129
2025-26,2025-11-07,0022500036,MIN,UTA,1,MIN,40.0,0.9562569046061902,1492.0372024852295,1460.3735742626827,0.5947764405874402,0.40522355941255983,0.7615941559557649,0.9125138092123803,0.7615941559557649,1.7615941559557649,21.41518362350277,-21.41518362350277,1513.4523861087323,1438.95839063918
2025-26,2025-11-07,0022500037,DEN,GSW,1,DEN,25.0,0.8771780955129199,1559.4474703635362,1507.9085646398196,0.6220263534602913,0.37797364653970866,0.5545997223493823,0.7543561910258398,0.5545997223493823,1.5545997223493822,17.627931778980436,-17.627931778980436,1577.0754021425166,1490.2806328608392
2025-26,2025-11-07,0022500038,SAC,OKC,0,OKC,31.0,0.8903769022420381,1482.8762169105598,1602.211917743103,0.3809600446550443,0.6190399553449557,0.6498274636719203,0.7807538044840763,0.6498274636719203,1.6498274636719203,-18.855550327007197,18.855550327007197,1464.0206665835526,1621.0674680701102
2025-26,2025-11-08,0022500183,WAS,DAL,0,DAL,6.0,0.521250423974254,1373.8156959001203,1407.2164927980518,0.5023014220117012,0.49769857798829875,0.14888503362331795,0.04250084794850806,0.14888503362331795,1.1488850336233178,-17.312597583508612,17.312597583508612,1356.5030983166116,1424.5290903815605
2025-26,2025-11-08,0022500184,PHI,TOR,1,PHI,10.0,0.6254486524975961,1525.629578261935,1537.113147375096,0.5337912769429886,0.46620872305701144,0.24491866240370913,0.25089730499519214,0.24491866240370913,1.2449186624037092,17.41175819727228,-17.41175819727228,1543.0413364592073,1519.7013891778238
2025-26,2025-11-08,0022500185,ATL,LAL,1,ATL,20.0,0.7015771739598777,1482.6751523351859,1581.9128197560683,0.40859376228581706,0.5914062377141829,0.46211715726000974,0.40315434791975546,0.46211715726000974,1.4621171572600098,25.94115621217496,-25.94115621217496,1508.6163085473609,1555.9716635438933
2025-26,2025-11-08,0022500186,CLE,CHI,1,CLE,6.0,0.4026783326770075,1548.9095470409977,1545.1455430257129,0.5555555538670817,0.44444444613291834,0.14888503362331795,0.0,0.14888503362331795,1.1488850336233178,15.318467173173442,-15.318467173173442,1564.2280142141713,1529.8270758525393
2025-26,2025-11-08,0022500187,MIA,POR,1,MIA,5.0,0.516919294151788,1536.9391396789458,1544.076600213589,0.540011679743433,0.459988320256567,0.12435300177159621,0.03383858830357589,0.12435300177159621,1.1243530017715961,15.515677459810362,-15.515677459810362,1552.4548171387562,1528.5609227537786
2025-26,2025-11-08,0022500188,SAS,NOP,1,SAS,7.0,0.9058117530308664,1566.3846019254527,1438.180817196552,0.7189939016559589,0.2810060983440411,0.1732351578346601,0.8116235060617327,0.1732351578346601,1.17323515783466,9.890587024295192,-9.890587024295192,1576.2751889497479,1428.2902301722568
2025-26,2025-11-08,0022500189,DEN,IND,1,DEN,17.0,0.9324426470552052,1577.0754021425166,1398.3489353133627,0.7738725541423481,0.22612744585765188,0.4011342849479459,0.8648852941104104,0.4011342849479459,1.401134284947946,9.505047514765993,-9.505047514765993,1586.5804496572825,1388.8438877985968
2025-26,2025-11-08,0022500190,LAC,PHX,0,PHX,11.0,0.697076587563691,1460.0556477509494,1491.696184383024,0.504834505752236,0.495165494247764,0.2682711820216014,0.3941531751273819,0.2682711820216014,1.2682711820216013,-19.208011660070376,19.208011660070376,1440.8476360908792,1510.9041960430943
2025-26,2025-11-09,0022500191,MIL,HOU,0,HOU,7.0,0.3567160362331197,1541.4557335007225,1548.544329799645,0.5400815499254659,0.45991845007453414,0.1732351578346601,0.0,0.1732351578346601,1.17323515783466,-19.00927987411175,19.00927987411175,1522.4464536266107,1567.553609673757
2025-26,2025-11-09,0022500192,NYK,BKN,1,NYK,36.0,0.9498681654656926,1540.65958419892,1385.7867968483959,0.7489453973654903,0.25105460263450974,0.7162978701990245,0.8997363309313853,0.7162978701990245,1.7162978701990244,12.926534394158143,-12.926534394158143,1553.586118593078,1372.8602624542377
2025-26,2025-11-09,0022500193,ORL,BOS,0,BOS,4.0,0.4779607066894984,1495.068306625528,1477.3815509806757,0.5752464270501373,0.4247535729498627,0.09966799462495582,0.0,0.09966799462495582,1.099667994624956,-18.977402545481866,18.977402545481866,1476.0909040800461,1496.3589535261576
2025-26,2025-11-09,0022500194,MEM,OKC,0,OKC,14.0,0.6464339638718148,1452.010586525559,1621.0674680701102,0.31611289451230773,0.6838871054876923,0.3363755443363322,0.2928679277436297,0.3363755443363322,1.3363755443363323,-12.673366244268566,12.673366244268566,1439.3372202812902,1633.7408343143788
2025-26,2025-11-09,0022500195,PHI,DET,0,DET,3.0,0.4587120653150809,1543.0413364592073,1570.1063750532612,0.5114173423622193,0.48858265763778075,0.07485969068749909,0.0,0.07485969068749909,1.0748596906874992,-16.491056592710336,16.491056592710336,1526.550279866497,1586.5974316459715
2025-26,2025-11-09,0022500196,GSW,IND,1,GSW,31.0,0.7739235446726281,1490.2806328608392,1388.8438877985968,0.6868412715910736,0.31315872840892645,0.6498274636719203,0.5478470893452563,0.6498274636719203,1.6498274636719203,15.499736118528688,-15.499736118528688,1505.780368979368,1373.344151680068
2025-26,2025-11-09,0022500197,SAC,MIN,0,MIN,27.0,0.8404536808651778,1464.0206665835526,1513.4523861087323,0.47924302269219304,0.5207569773078069,0.5882592563981054,0.6809073617303556,0.5882592563981054,1.5882592563981053,-22.834865005652485,22.834865005652485,1441.1858015779,1536.2872511143848
2025-26,2025-11-10,0022500198,CHA,LAL,0,LAL,10.0,0.821202269171869,1446.0318871073187,1555.9716635438933,0.3937949315184204,0.6062050684815796,0.24491866240370913,0.642404538343738,0.24491866240370913,1.2449186624037092,-14.707279782218166,14.707279782218166,1431.3246073251005,1570.6789433261115
2025-26,2025-11-10,0022500199,DET,WAS,1,DET,2.0,0.6223767144500084,1586.5974316459715,1356.5030983166116,0.821421141326052,0.17857885867394796,0.04995837495787997,0.24475342890001683,0.04995837495787997,1.04995837495788,5.625011047653939,-5.625011047653939,1592.2224426936255,1350.8780872689576
2025-26,2025-11-10,0022500200,ORL,POR,1,ORL,3.0,0.60700279279612,1476.0909040800461,1528.5609227537786,0.47487978951552506,0.525120210484475,0.07485969068749909,0.21400558559224003,0.07485969068749909,1.0748596906874992,16.93291641045292,-16.93291641045292,1493.023820490499,1511.6280063433258
2025-26,2025-11-10,0022500201,MIA,CLE,1,MIA,2.0,0.5368734106196548,1552.4548171387562,1564.2280142141713,0.5333763492503635,0.4666236507496365,0.04995837495787997,0.07374682123930953,0.04995837495787997,1.04995837495788,14.698062301740052,-14.698062301740052,1567.1528794404962,1549.5299519124312
2025-26,2025-11-10,0022500202,CHI,SAS,0,SAS,4.0,0.4224585886972232,1529.8270758525393,1576.2751889497479,0.48353080080031935,0.5164691991996806,0.09966799462495582,0.0,0.09966799462495582,1.099667994624956,-15.951700381664587,15.951700381664587,1513.8753754708748,1592.2268893314124
2025-26,2025-11-10,0022500203,DAL,MIL,0,MIL,2.0,0.526432391843862,1424.5290903815605,1522.4464536266107,0.4104315995381498,0.5895684004618502,0.04995837495787997,0.05286478368772407,0.04995837495787997,1.04995837495788,-12.928082858473173,12.928082858473173,1411.6010075230874,1535.3745364850838
2025-26,2025-11-10,0022500204,PHX,NOP,1,PHX,23.0,0.9236507288428644,1510.9041960430943,1428.2902301722568,0.6630778281088884,0.3369221718911116,0.5190218338982221,0.8473014576857287,0.5190218338982221,1.519021833898222,15.353764062810251,-15.353764062810251,1526.2579601059047,1412.9364661094464
2025-26,2025-11-10,0022500205,UTA,MIN,0,MIN,7.0,0.7509874779579049,1438.95839063918,1536.2872511143848,0.411251593358922,0.588748406641078,0.1732351578346601,0.5019749559158098,0.1732351578346601,1.17323515783466,-14.474844841326307,14.474844841326307,1424.4835457978536,1550.7620959557112
2025-26,2025-11-10,0022500206,LAC,ATL,0,ATL,3.0,0.5258089480161046,1440.8476360908792,1508.6163085473609,0.45298142445035977,0.5470185755496402,0.07485969068749909,0.05161789603220912,0.07485969068749909,1.0748596906874992,-14.606744213156894,14.606744213156894,1426.2408918777223,1523.2230527605177
2025-26,2025-11-11,0022500207,BKN,TOR,0,TOR,10.0,0.7249869986519235,1372.8602624542377,1519.7013891778238,0.3443859552635152,0.6556140447364849,0.24491866240370913,0.449973997303847,0.24491866240370913,1.2449186624037092,-12.861975083318368,12.861975083318368,1359.9982873709193,1532.5633642611422
2025-26,2025-11-11,0022500208,NYK,MEM,1,NYK,13.0,0.9103465890863702,1553.586118593078,1439.3372202812902,0.7024821400828225,0.2975178599171775,0.3140209253469976,0.8206931781727405,0.3140209253469976,1.3140209253469977,11.72834080786884,-11.72834080786884,1565.3144594009468,1427.6088794734214
2025-26,2025-11-11,0022500209,PHI,BOS,1,PHI,2.0,0.6440433586554395,1526.550279866497,1496.3589535261576,0.5927321275583924,0.40726787244160756,0.04995837495787997,0.288086717310879,0.04995837495787997,1.04995837495788,12.828429405640303,-12.828429405640303,1539.3787092721373,1483.5305241205174
2025-26,2025-11-11,0022500210,OKC,GSW,1,OKC,24.0,0.9085755381008818,1633.7408343143788,1505.780368979368,0.7187108233824382,0.2812891766175618,0.5370495669980352,0.8171510762017635,0.5370495669980352,1.5370495669980353,12.970662213637718,-12.970662213637718,1646.7114965280166,1492.8097067657302
2025-26,2025-11-11,0022500211,UTA,IND,1,UTA,24.0,0.8052433522356053,1424.4835457978536,1373.344151680068,0.6214855031215535,0.3785144968784465,0.5370495669980352,0.6104867044712106,0.5370495669980352,1.5370495669980353,17.453866305884862,-17.453866305884862,1441.9374121037386,1355.8902853741831
2025-26,2025-11-11,0022500212,SAC,DEN,0,DEN,14.0,0.8634983515137802,1441.1858015779,1586.5804496572825,0.3462683989245173,0.6537316010754828,0.3363755443363322,0.7269967030275604,0.3363755443363322,1.3363755443363323,-13.882338602976661,13.882338602976661,1427.3034629749234,1600.4627882602592
2025-26,2025-11-12,0022500213,CHA,MIL,1,CHA,11.0,0.656623244613616,1431.3246073251005,1535.3745364850838,0.4019171434528239,0.5980828565471761,0.2682711820216014,0.313246489227232,0.2682711820216014,1.2682711820216013,22.755937542598286,-22.755937542598286,1454.0805448676988,1512.6185989424855
2025-26,2025-11-12,0022500214,DET,CHI,1,DET,11.0,0.8563993587386277,1592.2224426936255,1513.8753754708748,0.6575686947444139,0.34243130525558607,0.2682711820216014,0.7127987174772554,0.2682711820216014,1.2682711820216013,13.028872688331058,-13.028872688331058,1605.2513153819566,1500.8465027825437
2025-26,2025-11-12,0022500215,NYK,ORL,0,ORL,17.0,0.6785549180162425,1565.3144594009468,1493.023820490499,0.6496758242755605,0.3503241757244395,0.4011342849479459,0.3571098360324849,0.4011342849479459,1.401134284947946,-27.308492144829145,27.308492144829145,1538.0059672561176,1520.3323126353282
2025-26,2025-11-12,0022500216,BOS,MEM,1,BOS,36.0,0.8832507674603,1483.5305241205174,1427.6088794734214,0.6279394322930446,0.3720605677069554,0.7162978701990245,0.7665015349205999,0.7162978701990245,1.7162978701990244,19.157002798214624,-19.157002798214624,1502.687526918732,1408.451876675207
2025-26,2025-11-12,0022500217,MIA,CLE,0,CLE,14.0,0.4424614112211728,1567.1528794404962,1549.5299519124312,0.575156648889914,0.424843351110086,0.3363755443363322,0.0,0.3363755443363322,1.3363755443363323,-23.05875839216759,23.05875839216759,1544.0941210483286,1572.5887103045989
2025-26,2025-11-12,0022500218,HOU,WAS,1,HOU,23.0,0.946572946579092,1567.553609673757,1350.8780872689576,0.8098076413061923,0.19019235869380768,0.5190218338982221,0.8931458931581839,0.5190218338982221,1.519021833898222,8.667190364894886,-8.667190364894886,1576.2208000386518,1342.2108969040628
2025-26,2025-11-12,0022500219,NOP,POR,0,POR,8.0,0.6992491736815363,1412.9364661094464,1511.6280063433258,0.40935365378491384,0.5906463462150862,0.197375320224904,0.39849834736307255,0.197375320224904,1.197375320224904,-14.704498868578371,14.704498868578371,1398.231967240868,1526.3325052119042
2025-26,2025-11-12,0022500220,SAS,GSW,0,GSW,5.0,0.3404963712896117,1592.2268893314124,1492.8097067657302,0.6843353160185837,0.31566468398141634,0.12435300177159621,0.0,0.12435300177159621,1.1243530017715961,-23.083034003514253,23.083034003514253,1569.143855327898,1515.8927407692445
2025-26,2025-11-12,0022500221,DAL,PHX,0,PHX,9.0,0.7775662555916157,1411.6010075230874,1526.2579601059047,0.38733169273642437,0.6126683072635757,0.22127846789844396,0.5551325111832315,0.22127846789844396,1.2212784678984439,-14.191195688209536,14.191195688209536,1397.409811834878,1540.4491557941142
2025-26,2025-11-12,0022500222,OKC,LAL,1,OKC,29.0,0.9487584926519128,1646.7114965280166,1570.6789433261115,0.6545623667439642,0.3454376332560358,0.619996867969374,0.8975169853038256,0.619996867969374,1.6199968679693741,16.78823651860594,-16.78823651860594,1663.4997330466226,1553.8907068075055
2025-26,2025-11-12,0022500223,SAC,ATL,0,ATL,33.0,0.8689075319420798,1427.3034629749234,1523.2230527605177,0.4132172056567633,0.5867827943432367,0.6777821008468294,0.7378150638841596,0.6777821008468294,1.6777821008468294,-20.79865294238582,20.79865294238582,1406.5048100325375,1544.0217057029035
2025-26,2025-11-12,0022500224,LAC,DEN,0,DEN,14.0,0.8623515739001757,1426.2408918777223,1600.4627882602592,0.30972063941165034,0.6902793605883497,0.3363755443363322,0.7247031478003514,0.3363755443363322,1.3363755443363323,-12.417092642578234,12.417092642578234,1413.8237992351442,1612.8798809028374
2025-26,2025-11-13,0022500225,CLE,TOR,0,TOR,13.0,0.6238731542426265,1572.5887103045989,1532.5633642611422,0.6063226508466568,0.3936773491533432,0.3140209253469976,0.24774630848525292,0.3140209253469976,1.3140209253469977,-23.901619521731057,23.901619521731057,1548.6870907828677,1556.4649837828733
2025-26,2025-11-13,0022500226,PHX,IND,1,PHX,35.0,0.912402922484196,1540.4491557941142,1355.8902853741831,0.779693726740235,0.22030627325976504,0.703905603936621,0.8248058449683919,0.703905603936621,1.703905603936621,11.261432807691186,-11.261432807691186,1551.7105886018053,1344.628852566492
2025-26,2025-11-13,0022500227,UTA,ATL,0,ATL,10.0,0.7509173292625929,1441.9374121037386,1544.0217057029035,0.4046400591757788,0.5953599408242212,0.24491866240370913,0.5018346585251858,0.24491866240370913,1.2449186624037092,-15.112318836722048,15.112318836722048,1426.8250932670164,1559.1340245396257
2025-26,2025-11-14,0022500039,NYK,MIA,1,NYK,8.0,0.6655075397911585,1538.0059672561176,1544.0941210483286,0.5415117163227401,0.4584882836772599,0.197375320224904,0.331015079582317,0.197375320224904,1.197375320224904,16.46947666462277,-16.46947666462277,1554.4754439207404,1527.6246443837058
2025-26,2025-11-14,0022500040,ORL,BKN,1,ORL,7.0,0.4772634277575546,1520.3323126353282,1359.9982873709193,0.7548100731159135,0.24518992688408647,0.1732351578346601,0.0,0.1732351578346601,1.17323515783466,8.629963277019598,-8.629963277019598,1528.9622759123479,1351.3683240938997
2025-26,2025-11-14,0022500041,DET,PHI,1,DET,9.0,0.6592266493756324,1605.2513153819566,1539.3787092721373,0.6412214202104538,0.3587785797895462,0.22127846789844396,0.3184532987512647,0.22127846789844396,1.2212784678984439,13.145056627204697,-13.145056627204697,1618.3963720091613,1526.2336526449326
2025-26,2025-11-14,0022500042,HOU,POR,1,HOU,24.0,0.7917145976403522,1576.2208000386518,1526.3325052119042,0.6197898412335114,0.38021015876648856,0.5370495669980352,0.5834291952807045,0.5370495669980352,1.5370495669980353,17.532055797008564,-17.532055797008564,1593.7528558356603,1508.8004494148956
2025-26,2025-11-14,0022500043,MIL,CHA,1,MIL,13.0,0.6291216937288547,1512.6185989424855,1454.0805448676988,0.6314513841981025,0.36854861580189746,0.3140209253469976,0.2582433874577095,0.3140209253469976,1.3140209253469977,14.528417795140932,-14.528417795140932,1527.1470167376265,1439.5521270725578
2025-26,2025-11-14,0022500044,MIN,SAC,1,MIN,14.0,0.7761245829342966,1550.7620959557112,1406.5048100325375,0.7372817381625728,0.2627182618374272,0.3363755443363322,0.5522491658685933,0.3363755443363322,1.3363755443363323,10.532707805102605,-10.532707805102605,1561.2948037608137,1395.972102227435
2025-26,2025-11-14,0022500045,NOP,LAL,0,LAL,14.0,0.9060595847736356,1398.231967240868,1553.8907068075055,0.33301777317572984,0.6669822268242702,0.3363755443363322,0.8121191695472711,0.3363755443363322,1.3363755443363323,-13.351104237041676,13.351104237041676,1384.8808630038263,1567.2418110445471
2025-26,2025-11-14,0022500046,DAL,LAC,0,LAC,6.0,0.6321498181358322,1397.409811834878,1413.8237992351442,0.5267219370393041,0.47327806296069586,0.14888503362331795,0.2642996362716643,0.14888503362331795,1.1488850336233178,-18.1542885103662,18.1542885103662,1379.2555233245116,1431.9780877455105
2025-26,2025-11-14,0022500047,SAS,GSW,0,GSW,1.0,0.3418686895155244,1569.143855327898,1515.8927407692445,0.6243408535516815,0.37565914644831855,0.02499479296842069,0.0,0.02499479296842069,1.0249947929684207,-19.198383717837984,19.198383717837984,1549.9454716100602,1535.0911244870824
2025-26,2025-11-15,0022500228,CLE,MEM,1,CLE,8.0,0.5748612370642109,1548.6870907828677,1408.451876675207,0.7327725097115373,0.2672274902884627,0.197375320224904,0.14972247412842177,0.197375320224904,1.197375320224904,9.599148052711364,-9.599148052711364,1558.286238835579,1398.8527286224955
2025-26,2025-11-15,0022500229,CHA,OKC,0,OKC,13.0,0.8657312473050923,1439.5521270725578,1663.4997330466226,0.2520573143209721,0.7479426856790279,0.3140209253469976,0.7314624946101846,0.3140209253469976,1.3140209253469977,-9.936257562135685,9.936257562135685,1429.615869510422,1673.4359906087584
2025-26,2025-11-15,0022500230,IND,TOR,0,TOR,18.0,0.799199256397644,1344.628852566492,1556.4649837828733,0.2654267911721643,0.7345732088278357,0.4218990052500079,0.598398512795288,0.4218990052500079,1.4218990052500078,-11.322302710032059,11.322302710032059,1333.30654985646,1567.7872864929054
2025-26,2025-11-15,0022500231,MIL,LAL,0,LAL,24.0,0.8291711513916744,1527.1470167376265,1567.2418110445471,0.4926685271054856,0.5073314728945144,0.5370495669980352,0.6583423027833488,0.5370495669980352,1.5370495669980353,-22.71767838783139,22.71767838783139,1504.429338349795,1589.9594894323786
2025-26,2025-11-15,0022500232,MIN,DEN,0,DEN,11.0,0.5809143340198272,1561.2948037608137,1612.8798809028374,0.4761502680575745,0.5238497319424256,0.2682711820216014,0.16182866803965434,0.2682711820216014,1.2682711820216013,-18.11662989867847,18.11662989867847,1543.1781738621353,1630.9965108015158
2025-26,2025-11-16,0022500233,BOS,LAC,1,BOS,3.0,0.8545049095381466,1502.687526918732,1431.9780877455105,0.6476013965172339,0.3523986034827661,0.07485969068749909,0.7090098190762932,0.07485969068749909,1.0748596906874992,11.363371618145779,-11.363371618145779,1514.0508985368776,1420.6147161273648
2025-26,2025-11-16,0022500234,SAS,SAC,1,SAS,13.0,0.921305479399032,1549.9454716100602,1395.972102227435,0.7479706439733143,0.25202935602668575,0.3140209253469976,0.8426109587980639,0.3140209253469976,1.3140209253469977,9.935155428623805,-9.935155428623805,1559.880627038684,1386.0369467988112
2025-26,2025-11-16,0022500235,WAS,BKN,0,BKN,23.0,0.76627542523953,1342.2108969040628,1351.3683240938997,0.5371220176397148,0.4628779823602852,0.5190218338982221,0.5325508504790599,0.5190218338982221,1.519021833898222,-24.47700216786578,24.47700216786578,1317.733894736197,1375.8453262617654
2025-26,2025-11-16,0022500236,HOU,ORL,1,HOU,4.0,0.4892429921059113,1593.7528558356603,1528.9622759123479,0.6397872233322303,0.36021277666776974,0.09966799462495582,0.0,0.09966799462495582,1.099667994624956,11.883433852696005,-11.883433852696005,1605.6362896883563,1517.0788420596518
2025-26,2025-11-16,0022500237,NOP,GSW,0,GSW,18.0,0.8873282154309587,1384.8808630038263,1535.0911244870824,0.34002034008645743,0.6599796599135426,0.4218990052500079,0.7746564308619175,0.4218990052500079,1.4218990052500078,-14.504237500011095,14.504237500011095,1370.3766255038151,1549.5953619870936
2025-26,2025-11-16,0022500238,DAL,POR,1,DAL,5.0,0.4004437808045801,1379.2555233245116,1508.8004494148956,0.36720079332000927,0.6327992066799908,0.12435300177159621,0.0,0.12435300177159621,1.1243530017715961,21.34469062647997,-21.34469062647997,1400.6002139509915,1487.4557587884158
2025-26,2025-11-16,0022500239,PHX,ATL,0,ATL,2.0,0.4304417668738299,1551.7105886018053,1559.1340245396257,0.5396027366812383,0.46039726331876174,0.04995837495787997,0.0,0.04995837495787997,1.04995837495788,-16.996812375859733,16.996812375859733,1534.7137762259456,1576.1308369154854
2025-26,2025-11-16,0022500240,UTA,CHI,1,UTA,3.0,0.4149321644811024,1426.8250932670164,1500.8465027825437,0.44407861330986925,0.5559213866901307,0.07485969068749909,0.0,0.07485969068749909,1.0748596906874992,17.926124692329584,-17.926124692329584,1444.751217959346,1482.9203780902142
2025-26,2025-11-17,0022500241,CLE,MIL,1,CLE,12.0,0.595321122492767,1558.286238835579,1504.429338349795,0.6251583801468831,0.3748416198531169,0.2913126124515909,0.19064224498553406,0.2913126124515909,1.2913126124515908,14.521131341643434,-14.521131341643434,1572.8073701772225,1489.9082070081515
2025-26,2025-11-17,0022500242,DET,IND,1,DET,15.0,0.9501631332706244,1618.3963720091613,1333.30654985646,0.8632541596904125,0.13674584030958747,0.35835739835078595,0.9003262665412488,0.35835739835078595,1.358357398350786,5.572491716346698,-5.572491716346698,1623.968863725508,1327.7340581401131
2025-26,2025-11-17,0022500243,PHI,LAC,1,PHI,2.0,0.5107848123704187,1526.2336526449326,1420.6147161273648,0.6919960558832008,0.3080039441167992,0.04995837495787997,0.021569624740837456,0.04995837495787997,1.04995837495788,9.701739619364766,-9.701739619364766,1535.9353922642974,1410.912976508
2025-26,2025-11-17,0022500244,MIA,NYK,1,MIA,2.0,0.4629398629027936,1527.6246443837058,1554.4754439207404,0.511725492008775,0.48827450799122496,0.04995837495787997,0.0,0.04995837495787997,1.04995837495788,15.38003726831475,-15.38003726831475,1543.0046816520205,1539.0954066524257
2025-26,2025-11-17,0022500245,TOR,CHA,1,TOR,2.0,0.7736121579818429,1567.7872864929054,1429.615869510422,0.7304397471788291,0.2695602528211709,0.04995837495787997,0.5472243159636858,0.04995837495787997,1.04995837495788,8.490811350160557,-8.490811350160557,1576.278097843066,1421.1250581602615
2025-26,2025-11-17,0022500246,MIN,DAL,1,MIN,24.0,0.9365389860690468,1543.1781738621353,1400.6002139509915,0.7354049796715797,0.2645950203284203,0.5370495669980352,0.8730779721380937,0.5370495669980352,1.5370495669980353,12.200869842769043,-12.200869842769043,1555.3790437049042,1388.3993441082225
2025-26,2025-11-17,0022500247,NOP,OKC,0,OKC,17.0,0.9757636890289516,1370.3766255038151,1673.4359906087584,0.17608888683700794,0.823911113162992,0.4011342849479459,0.9515273780579032,0.4011342849479459,1.401134284947946,-7.401725296369526,7.401725296369526,1362.9749002074457,1680.8377159051279
2025-26,2025-11-17,0022500248,DEN,CHI,0,CHI,3.0,0.4866495883444116,1630.9965108015158,1482.9203780902142,0.7415175319031826,0.2584824680968174,0.07485969068749909,0.0,0.07485969068749909,1.0748596906874992,-23.910819149424377,23.910819149424377,1607.0856916520913,1506.8311972396386
2025-26,2025-11-18,0022500249,ORL,GSW,1,ORL,8.0,0.6827312057734363,1517.0788420596518,1549.5953619870936,0.5035739542517381,0.4964260457482619,0.197375320224904,0.36546241154687253,0.197375320224904,1.197375320224904,17.832248864874238,-17.832248864874238,1534.911090924526,1531.7631131222195
2025-26,2025-11-18,0022500250,BKN,BOS,0,BOS,14.0,0.6649402136864956,1375.8453262617654,1514.0508985368776,0.355694900038425,0.6443050999615749,0.3363755443363322,0.32988042737299117,0.3363755443363322,1.3363755443363323,-14.260258969695228,14.260258969695228,1361.58506729207,1528.311157506573
2025-26,2025-11-18,0022500251,ATL,DET,0,DET,8.0,0.740184290680724,1576.1308369154854,1623.968863725508,0.4815329982294605,0.5184670017705395,0.197375320224904,0.480368581361448,0.197375320224904,1.197375320224904,-17.297271838615753,17.297271838615753,1558.8335650768697,1641.2661355641237
2025-26,2025-11-18,0022500252,SAS,MEM,1,SAS,10.0,0.7273999118432402,1559.880627038684,1398.8527286224955,0.7555485445929504,0.2444514554070496,0.24491866240370913,0.4547998236864803,0.24491866240370913,1.2449186624037092,9.129665366639525,-9.129665366639525,1569.0102924053235,1389.723063255856
2025-26,2025-11-18,0022500253,LAL,UTA,1,LAL,14.0,0.6860378127358854,1589.9594894323786,1444.751217959346,0.7383407199924269,0.2616592800075731,0.3363755443363322,0.37207562547177075,0.3363755443363322,1.3363755443363323,10.4902518825232,-10.4902518825232,1600.4497413149018,1434.2609660768228
2025-26,2025-11-18,0022500254,POR,PHX,0,PHX,17.0,0.7849134732774918,1487.4557587884158,1534.7137762259456,0.48236661080570564,0.5176333891942944,0.4011342849479459,0.5698269465549837,0.4011342849479459,1.401134284947946,-20.275811889420496,20.275811889420496,1467.1799468989952,1554.9895881153661
2025-26,2025-11-19,0022500255,CLE,HOU,0,HOU,10.0,0.7107322519073366,1572.8073701772225,1605.6362896883563,0.503124395313405,0.496875604686595,0.24491866240370913,0.42146450381467315,0.24491866240370913,1.2449186624037092,-18.790468477087177,18.790468477087177,1554.0169017001353,1624.4267581654435
2025-26,2025-11-19,0022500256,IND,CHA,1,IND,9.0,0.7878541363713641,1327.7340581401131,1421.1250581602615,0.41675091728166125,0.5832490827183388,0.22127846789844396,0.5757082727427283,0.22127846789844396,1.2212784678984439,21.369286384362766,-21.369286384362766,1349.103344524476,1399.7557717758987
2025-26,2025-11-19,0022500257,MIA,GSW,1,MIA,14.0,0.6865464865085151,1543.0046816520205,1531.7631131222195,0.5661567933168679,0.43384320668313214,0.3363755443363322,0.37309297301703026,0.3363755443363322,1.3363755443363323,17.39332354463372,-17.39332354463372,1560.3980051966541,1514.3697895775858
2025-26,2025-11-19,0022500258,PHI,TOR,0,TOR,9.0,0.6796607954337055,1535.9353922642974,1576.278097843066,0.49231183460554584,0.5076881653944542,0.22127846789844396,0.359321590867411,0.22127846789844396,1.2212784678984439,-18.037495292859994,18.037495292859994,1517.8978969714374,1594.315593135926
2025-26,2025-11-19,0022500259,MIN,WAS,1,MIN,11.0,0.9185171544593242,1555.3790437049042,1317.733894736197,0.8277082732158573,0.17229172678414273,0.2682711820216014,0.8370343089186485,0.2682711820216014,1.2682711820216013,6.555378959432025,-6.555378959432025,1561.9344226643364,1311.178515776765
2025-26,2025-11-19,0022500260,NOP,DEN,0,DEN,7.0,0.8304442482083363,1362.9749002074457,1607.0856916520913,0.23081082979835213,0.7691891702016479,0.1732351578346601,0.6608884964166726,0.1732351578346601,1.17323515783466,-8.123861409852555,8.123861409852555,1354.8510387975932,1615.2095530619438
2025-26,2025-11-19,0022500261,OKC,SAC,1,OKC,14.0,0.9317343641693392,1680.8377159051279,1386.0369467988112,0.8697200562169345,0.1302799437830655,0.3363755443363322,0.8634687283386784,0.3363755443363322,1.3363755443363323,5.223087923676029,-5.223087923676029,1686.060803828804,1380.813858875135
2025-26,2025-11-19,0022500262,DAL,NYK,0,NYK,2.0,0.6045948356803921,1388.3993441082225,1539.0954066524257,0.33939306928873647,0.6606069307112635,0.04995837495787997,0.20918967136078415,0.04995837495787997,1.04995837495788,-10.690457865071068,10.690457865071068,1377.7088862431515,1549.7858645174967
2025-26,2025-11-19,0022500263,POR,CHI,0,CHI,1.0,0.6732174146437319,1467.1799468989952,1506.8311972396386,0.4933067125448863,0.5066932874551138,0.02499479296842069,0.3464348292874637,0.02499479296842069,1.0249947929684207,-15.169104350846338,15.169104350846338,1452.010842548149,1522.000301590485
2025-26,2025-11-20,0022500264,ORL,LAC,1,ORL,28.0,0.8827434683922263,1534.911090924526,1410.912976508,0.7140766864571824,0.28592331354281764,0.6043677771171634,0.7654869367844526,0.6043677771171634,1.6043677771171634,13.761784529239923,-13.761784529239923,1548.672875453766,1397.15119197876
2025-26,2025-11-20,0022500265,MEM,SAC,1,MEM,41.0,0.9066008217343028,1389.723063255856,1380.813858875135,0.5628561319117827,0.43714386808821726,0.7718952374404182,0.8132016434686056,0.7718952374404182,1.7718952374404182,23.237194138253837,-23.237194138253837,1412.96025739411,1357.5766647368812
2025-26,2025-11-20,0022500266,MIL,PHI,0,PHI,9.0,0.5566185177054326,1489.9082070081515,1517.8978969714374,0.5100872782328577,0.4899127217671423,0.22127846789844396,0.11323703541086516,0.22127846789844396,1.2212784678984439,-18.688758289641353,18.688758289641353,1471.2194487185102,1536.5866552610787
2025-26,2025-11-20,0022500267,SAS,ATL,1,SAS,9.0,0.7362807833413697,1569.0102924053235,1558.8335650768697,0.5646505856293073,0.43534941437069274,0.22127846789844396,0.4725615666827394,0.22127846789844396,1.2212784678984439,15.950485973493732,-15.950485973493732,1584.9607783788172,1542.883079103376
2025-26,2025-11-21,0022500048,CLE,IND,1,CLE,11.0,0.8875185760524539,1554.0169017001353,1349.103344524476,0.7991601357912703,0.20083986420872968,0.2682711820216014,0.7750371521049078,0.2682711820216014,1.2682711820216013,7.641582359311905,-7.641582359311905,1561.6584840594473,1341.461762165164
2025-26,2025-11-21,0022500049,BOS,BKN,0,BKN,8.0,0.5556410282001081,1528.311157506573,1361.58506729207,0.7615559080636619,0.2384440919363381,0.197375320224904,0.11128205640021616,0.197375320224904,1.197375320224904,-27.356047478606843,27.356047478606843,1500.9551100279662,1388.941114770677
2025-26,2025-11-21,0022500050,TOR,WAS,1,TOR,30.0,0.9281096440408791,1594.315593135926,1311.178515776765,0.8619217849660618,0.13807821503393825,0.6351489523872873,0.8562192880817583,0.6351489523872873,1.6351489523872873,6.773353459807521,-6.773353459807521,1601.0889465957337,1304.4051623169573
2025-26,2025-11-21,0022500051,CHI,MIA,0,MIA,36.0,0.8152770407581307,1522.000301590485,1560.3980051966541,0.49511046732490527,0.5048895326750947,0.7162978701990245,0.6305540815162614,0.7162978701990245,1.7162978701990244,-25.492711217489354,25.492711217489354,1496.5075903729955,1585.8907164141435
2025-26,2025-11-21,0022500052,DAL,NOP,1,DAL,3.0,0.3992564430631076,1377.7088862431515,1354.8510387975932,0.582502894356197,0.41749710564380305,0.07485969068749909,0.0,0.07485969068749909,1.0748596906874992,13.46252429505673,-13.46252429505673,1391.1714105382082,1341.3885145025365
2025-26,2025-11-21,0022500053,PHX,MIN,1,PHX,1.0,0.4946819918496637,1554.9895881153661,1561.9344226643364,0.5402871033854018,0.45971289661459824,0.02499479296842069,0.0,0.02499479296842069,1.0249947929684207,14.136099758711792,-14.136099758711792,1569.1256878740778,1547.7983229056247
2025-26,2025-11-21,0022500054,HOU,DEN,0,DEN,3.0,0.4225223164213822,1624.4267581654435,1615.2095530619438,0.5632923269440973,0.43670767305590275,0.07485969068749909,0.0,0.07485969068749909,1.0748596906874992,-18.163806489173222,18.163806489173222,1606.2629516762704,1633.373359551117
2025-26,2025-11-21,0022500055,UTA,OKC,0,OKC,32.0,0.8166374143726892,1434.2609660768228,1686.060803828804,0.22304650809065493,0.776953491909345,0.664036770267849,0.6332748287453784,0.664036770267849,1.664036770267849,-11.134727728280852,11.134727728280852,1423.1262383485418,1697.195531557085
2025-26,2025-11-21,0022500056,GSW,POR,0,POR,4.0,0.4089772192631952,1514.3697895775858,1452.010842548149,0.636555070496681,0.36344492950331897,0.09966799462495582,0.0,0.09966799462495582,1.099667994624956,-20.999977135242982,20.999977135242982,1493.369812442343,1473.010819683392
2025-26,2025-11-22,0022500268,CHA,LAC,0,LAC,15.0,0.7167096533881867,1399.7557717758987,1397.15119197876,0.5539070024748163,0.4460929975251837,0.35835739835078595,0.4334193067763734,0.35835739835078595,1.358357398350786,-22.572110244299214,22.572110244299214,1377.1836615315995,1419.7233022230591
2025-26,2025-11-22,0022500269,ORL,NYK,1,ORL,12.0,0.5653337750501103,1548.672875453766,1549.7858645174967,0.5486132737234083,0.4513867262765917,0.2913126124515909,0.13066755010022058,0.2913126124515909,1.2913126124515908,17.486441182025903,-17.486441182025903,1566.1593166357918,1532.299423335471
2025-26,2025-11-22,0022500270,NOP,ATL,0,ATL,17.0,0.7792332123860656,1341.3885145025365,1542.883079103376,0.2771946975229246,0.7228053024770754,0.4011342849479459,0.5584664247721312,0.4011342849479459,1.401134284947946,-11.651609829154353,11.651609829154353,1329.7369046733822,1554.5346889325303
2025-26,2025-11-22,0022500271,CHI,WAS,1,CHI,1.0,0.4427167823067348,1496.5075903729955,1304.4051623169573,0.7870621142320751,0.21293788576792494,0.02499479296842069,0.0,0.02499479296842069,1.0249947929684207,6.547806724134823,-6.547806724134823,1503.0553970971303,1297.8573555928226
2025-26,2025-11-22,0022500272,MIL,DET,0,DET,13.0,0.8642594704349258,1471.2194487185102,1641.2661355641237,0.31488241005325823,0.6851175899467418,0.3140209253469976,0.7285189408698516,0.3140209253469976,1.3140209253469977,-12.412862275010253,12.412862275010253,1458.8065864435,1653.678997839134
2025-26,2025-11-22,0022500273,DAL,MEM,0,MEM,6.0,0.5000878752881868,1391.1714105382082,1412.96025739411,0.51900321975991,0.48099678024008996,0.14888503362331795,0.00017575057637353453,0.14888503362331795,1.1488850336233178,-17.88825094753423,17.88825094753423,1373.283159590674,1430.8485083416442
2025-26,2025-11-22,0022500274,DEN,SAC,0,SAC,5.0,0.2709355591703206,1633.373359551117,1357.5766647368812,0.8568156214537331,0.14318437854626687,0.12435300177159621,0.0,0.12435300177159621,1.1243530017715961,-28.900896478389015,28.900896478389015,1604.4724630727278,1386.4775612152703
2025-26,2025-11-23,0022500275,PHI,MIA,0,MIA,10.0,0.7203429255913945,1536.5866552610787,1585.8907164141435,0.4794264240305774,0.5205735759694226,0.24491866240370913,0.4406858511827889,0.24491866240370913,1.2449186624037092,-17.905407075754198,17.905407075754198,1518.6812481853244,1603.7961234898978
2025-26,2025-11-23,0022500276,ATL,CHA,1,ATL,3.0,0.689338201214042,1554.5346889325303,1377.1836615315995,0.7724840078110388,0.22751599218896124,0.07485969068749909,0.378676402428084,0.07485969068749909,1.0748596906874992,7.336433069720591,-7.336433069720591,1561.871122002251,1369.8472284618788
2025-26,2025-11-23,0022500277,BOS,ORL,1,BOS,9.0,0.7875816447411975,1500.9551100279662,1566.1593166357918,0.45664182608675863,0.5433581739132414,0.22127846789844396,0.575163289482395,0.22127846789844396,1.2212784678984439,19.90774914470579,-19.90774914470579,1520.862859172672,1546.251567491086
2025-26,2025-11-23,0022500278,CLE,LAC,1,CLE,15.0,0.8475934280599985,1561.6584840594473,1419.7233022230591,0.7346843652713346,0.2653156347286654,0.35835739835078595,0.695186856119997,0.35835739835078595,1.358357398350786,10.811803659954519,-10.811803659954519,1572.4702877194018,1408.9114985631047
2025-26,2025-11-23,0022500279,TOR,BKN,1,TOR,10.0,0.8402443669757081,1601.0889465957337,1388.941114770677,0.8057609171158793,0.19423908288412073,0.24491866240370913,0.6804887339514163,0.24491866240370913,1.2449186624037092,7.2543557775186835,-7.2543557775186835,1608.3433023732523,1381.6867589931583
2025-26,2025-11-23,0022500280,OKC,POR,1,OKC,27.0,0.9559431160717374,1697.195531557085,1473.010819683392,0.8163763433118623,0.18362365668813774,0.5882592563981054,0.9118862321434749,0.5882592563981054,1.5882592563981053,8.749259172858078,-8.749259172858078,1705.944790729943,1464.2615605105339
2025-26,2025-11-23,0022500281,PHX,SAS,1,PHX,9.0,0.5673801179789006,1569.1256878740778,1584.9607783788172,0.5275525823656605,0.4724474176343395,0.22127846789844396,0.1347602359578013,0.22127846789844396,1.2212784678984439,17.309695751131272,-17.309695751131272,1586.4353836252092,1567.6510826276858
2025-26,2025-11-23,0022500282,UTA,LAL,0,LAL,2.0,0.7887764822379945,1423.1262383485418,1600.4497413149018,0.305916529852036,0.694083470147964,0.04995837495787997,0.5775529644759889,0.04995837495787997,1.04995837495788,-9.635988676685924,9.635988676685924,1413.490249671856,1610.0857299915876
2025-26,2025-11-24,0022500283,IND,DET,0,DET,5.0,0.941903903985108,1341.461762165164,1653.678997839134,0.16857074704115627,0.8314292529588437,0.12435300177159621,0.8838078079702161,0.12435300177159621,1.1243530017715961,-5.6859907633981335,5.6859907633981335,1335.7757714017657,1659.364988602532
2025-26,2025-11-24,0022500284,TOR,CLE,1,TOR,11.0,0.6735475537667259,1608.3433023732523,1572.4702877194018,0.6006029104624157,0.39939708953758435,0.2682711820216014,0.34709510753345185,0.2682711820216014,1.2682711820216013,15.196314565314584,-15.196314565314584,1623.539616938567,1557.2739731540871
2025-26,2025-11-24,0022500285,BKN,NYK,0,NYK,13.0,0.7992270738830202,1381.6867589931583,1532.299423335471,0.33950071381688485,0.6604992861831152,0.3140209253469976,0.5984541477660403,0.3140209253469976,1.3140209253469977,-13.383331263768877,13.383331263768877,1368.3034277293893,1545.6827545992398
2025-26,2025-11-24,0022500286,MIA,DAL,1,MIA,4.0,0.8290602556719548,1603.7961234898978,1373.283159590674,0.8217743619748819,0.17822563802511815,0.09966799462495582,0.6581205113439097,0.09966799462495582,1.099667994624956,5.879670898735049,-5.879670898735049,1609.6757943886328,1367.403488691939
2025-26,2025-11-24,0022500287,MEM,DEN,0,DEN,10.0,0.8465595401177738,1430.8485083416442,1604.4724630727278,0.3104570052684553,0.6895429947315447,0.24491866240370913,0.6931190802355476,0.24491866240370913,1.2449186624037092,-11.594811591980001,11.594811591980001,1419.2536967496642,1616.0672746647078
2025-26,2025-11-24,0022500288,MIL,POR,0,POR,12.0,0.7062181845440824,1458.8065864435,1464.2615605105339,0.5424165163611844,0.4575834836388156,0.2913126124515909,0.4124363690881647,0.2913126124515909,1.2913126124515908,-21.01287866337756,21.01287866337756,1437.7937077801225,1485.2744391739113
2025-26,2025-11-24,0022500289,NOP,CHI,1,NOP,13.0,0.7110427683612539,1329.7369046733822,1503.0553970971303,0.3108335536607257,0.6891664463392744,0.3140209253469976,0.4220855367225078,0.3140209253469976,1.3140209253469977,27.16737394610506,-27.16737394610506,1356.9042786194873,1475.8880231510252
2025-26,2025-11-24,0022500290,PHX,HOU,0,HOU,22.0,0.7241289771965562,1586.4353836252092,1606.2629516762704,0.5218210152852336,0.4781789847147664,0.5005202111902353,0.44825795439311245,0.5005202111902353,1.5005202111902354,-23.490089401779056,23.490089401779056,1562.9452942234302,1629.7530410780494
2025-26,2025-11-24,0022500291,GSW,UTA,1,GSW,17.0,0.837422671618147,1493.369812442343,1413.490249671856,0.6595523373727737,0.34044766262722626,0.4011342849479459,0.674845343236294,0.4011342849479459,1.401134284947946,14.310386770121946,-14.310386770121946,1507.680199212465,1399.179862901734
2025-26,2025-11-24,0022500292,SAC,MIN,1,SAC,5.0,0.1844457696262254,1386.4775612152703,1547.7983229056247,0.32581808871307294,0.6741819112869271,0.12435300177159621,0.0,0.12435300177159621,1.1243530017715961,22.74055367086705,-22.74055367086705,1409.2181148861373,1525.0577692347576
2025-26,2025-11-25,0022500057,WAS,ATL,1,WAS,19.0,0.8088481405770612,1297.8573555928226,1561.871122002251,0.21109973415492053,0.7889002658450794,0.44223035604572614,0.6176962811541225,0.44223035604572614,1.4422303560457261,34.13327733882951,-34.13327733882951,1331.990632931652,1527.7378446634216
2025-26,2025-11-25,0022500058,PHI,ORL,0,ORL,41.0,0.8006804000720428,1518.6812481853244,1546.251567491086,0.5106905404982578,0.4893094595017422,0.7718952374404182,0.6013608001440855,0.7718952374404182,1.7718952374404182,-27.14670409544208,27.14670409544208,1491.5345440898823,1573.3982715865282
2025-26,2025-11-25,0022500059,LAL,LAC,1,LAL,17.0,0.8378731048603854,1610.0857299915876,1408.9114985631047,0.7956830009100946,0.20431699908990542,0.4011342849479459,0.6757462097207707,0.4011342849479459,1.401134284947946,8.588266572676343,-8.588266572676343,1618.673996564264,1400.3232319904284
2025-26,2025-11-26,0022500060,BOS,DET,1,BOS,3.0,0.4226466448677497,1520.862859172672,1659.364988602532,0.35530376544173303,0.644696234558267,0.07485969068749909,0.0,0.07485969068749909,1.0748596906874992,20.788739857940826,-20.788739857940826,1541.6515990306127,1638.5762487445913
2025-26,2025-11-26,0022500061,CHA,NYK,0,NYK,28.0,0.889021388310549,1369.8472284618788,1545.6827545992398,0.307738270010326,0.6922617299896741,0.6043677771171634,0.778042776621098,0.6043677771171634,1.6043677771171634,-14.811760925710445,14.811760925710445,1355.0354675361684,1560.4945155249502
2025-26,2025-11-26,0022500062,MIA,MIL,1,MIA,3.0,0.7423667142043512,1609.6757943886328,1437.7937077801225,0.7669036025928354,0.2330963974071646,0.07485969068749909,0.48473342840870237,0.07485969068749909,1.0748596906874992,7.51637764852306,-7.51637764852306,1617.1921720371558,1430.2773301315995
2025-26,2025-11-26,0022500063,TOR,IND,1,TOR,2.0,0.7267102230940429,1623.539616938567,1335.7757714017657,0.865061098989773,0.13493890101022699,0.04995837495787997,0.45342044618808575,0.04995837495787997,1.04995837495788,4.250406876699005,-4.250406876699005,1627.790023815266,1331.5253645250666
2025-26,2025-11-26,0022500064,OKC,MIN,1,OKC,8.0,0.8342741791407268,1705.944790729943,1525.0577692347576,0.7760415629791205,0.22395843702087948,0.197375320224904,0.6685483582814535,0.197375320224904,1.197375320224904,8.044869157348337,-8.044869157348337,1713.9896598872913,1517.0129000774093
2025-26,2025-11-26,0022500065,NOP,MEM,0,MEM,5.0,0.3319708569450948,1356.9042786194873,1419.2536967496642,0.4607221186253638,0.5392778813746362,0.12435300177159621,0.0,0.12435300177159621,1.1243530017715961,-15.540428911769915,15.540428911769915,1341.3638497077175,1434.794125661434
2025-26,2025-11-26,0022500066,GSW,HOU,0,HOU,4.0,0.525581780309375,1507.680199212465,1629.7530410780494,0.37725128914176215,0.6227487108582379,0.09966799462495582,0.05116356061874994,0.09966799462495582,1.099667994624956,-12.44553505800603,12.44553505800603,1495.2346641544589,1642.1985761360554
2025-26,2025-11-26,0022500067,POR,SAS,0,SAS,13.0,0.7459588026586506,1485.2744391739113,1567.6510826276858,0.43223899928519144,0.5677610007148086,0.3140209253469976,0.4919176053173011,0.3140209253469976,1.3140209253469977,-17.039132694353626,17.039132694353626,1468.2353064795577,1584.6902153220394
2025-26,2025-11-26,0022500068,SAC,PHX,0,PHX,12.0,0.9314825506628324,1409.2181148861373,1562.9452942234302,0.3354920496926413,0.6645079503073588,0.2913126124515909,0.8629651013256647,0.2913126124515909,1.2913126124515908,-12.996753454360306,12.996753454360306,1396.221361431777,1575.9420476777905
2025-26,2025-11-28,0022500069,ATL,CLE,1,ATL,7.0,0.5877542445311944,1527.7378446634216,1557.2739731540871,0.5078624950165069,0.49213750498349307,0.1732351578346601,0.1755084890623888,0.1732351578346601,1.17323515783466,17.32179070006993,-17.32179070006993,1545.0596353634915,1539.9521824540172
2025-26,2025-11-28,0022500070,BKN,PHI,0,PHI,12.0,0.8694215986729573,1368.3034277293893,1491.5345440898823,0.3756861467428741,0.624313853257126,0.2913126124515909,0.7388431973459146,0.2913126124515909,1.2913126124515908,-14.553847788372373,14.553847788372373,1353.749579941017,1506.0883918782547
2025-26,2025-11-28,0022500071,CHA,CHI,1,CHA,7.0,0.5750481213639593,1355.0354675361684,1475.8880231510252,0.37890299926537785,0.6210970007346222,0.1732351578346601,0.15009624272791866,0.1732351578346601,1.17323515783466,21.86078513062555,-21.86078513062555,1376.896252666794,1454.0272380203996
2025-26,2025-11-28,0022500072,DET,ORL,0,ORL,3.0,0.4387622884598871,1638.5762487445913,1573.3982715865282,0.6403009964157979,0.35969900358420215,0.07485969068749909,0.0,0.07485969068749909,1.0748596906874992,-20.64701192863146,20.64701192863146,1617.92923681596,1594.0452835151596
2025-26,2025-11-28,0022500073,IND,WAS,1,IND,33.0,0.7696985131088231,1331.5253645250666,1331.990632931652,0.5495364387107095,0.45046356128929055,0.6777821008468294,0.5393970262176462,0.6777821008468294,1.6777821008468294,22.67339100644671,-22.67339100644671,1354.1987555315134,1309.3172419252053
2025-26,2025-11-28,0022500074,NYK,MIL,1,NYK,9.0,0.6678679891758494,1560.4945155249502,1430.2773301315995,0.7213296233687528,0.27867037663124716,0.22127846789844396,0.3357359783516989,0.22127846789844396,1.2212784678984439,10.210023918626757,-10.210023918626757,1570.704539443577,1420.0673062129727
2025-26,2025-11-28,0022500075,OKC,PHX,1,OKC,4.0,0.8395095961623721,1713.9896598872913,1575.9420476777905,0.7302993996890533,0.26970060031094667,0.09966799462495582,0.6790191923247442,0.09966799462495582,1.099667994624956,8.897433548792565,-8.897433548792565,1722.887093436084,1567.0446141289979
2025-26,2025-11-28,0022500076,DEN,SAS,0,SAS,3.0,0.4092508696625009,1616.0672746647078,1584.6902153220394,0.5943787905983937,0.4056212094016063,0.07485969068749909,0.0,0.07485969068749909,1.0748596906874992,-19.16621409041398,19.16621409041398,1596.9010605742938,1603.8564294124535
2025-26,2025-11-28,0022500077,UTA,SAC,1,UTA,9.0,0.7777174855892857,1399.179862901734,1396.221361431777,0.5544103608188464,0.4455896391811536,0.22127846789844396,0.5554349711785713,0.22127846789844396,1.2212784678984439,16.32567095551739,-16.32567095551739,1415.5055338572513,1379.8956904762597
2025-26,2025-11-28,0022500078,LAL,DAL,1,LAL,10.0,0.8303456370387641,1618.673996564264,1367.403488691939,0.8386077731472482,0.16139222685275179,0.24491866240370913,0.6606912740775281,0.24491866240370913,1.2449186624037092,6.027605855276512,-6.027605855276512,1624.7016024195404,1361.3758828366624
2025-26,2025-11-28,0022500079,LAC,MEM,0,MEM,5.0,0.3505490780707138,1400.3232319904284,1434.794125661434,0.5007614446274484,0.4992385553725516,0.12435300177159621,0.0,0.12435300177159621,1.1243530017715961,-16.890979003150576,16.890979003150576,1383.432252987278,1451.6851046645845
2025-26,2025-11-29,0022500293,MIN,BOS,1,MIN,4.0,0.5634397213885354,1517.0129000774093,1541.6515990306127,0.5149066919330942,0.48509330806690576,0.09966799462495582,0.12687944277707075,0.09966799462495582,1.099667994624956,16.003247558637607,-16.003247558637607,1533.016147636047,1525.648351471975
2025-26,2025-11-29,0022500294,CHA,TOR,1,CHA,7.0,0.1498512686893297,1376.896252666794,1627.790023815266,0.2239516842049185,0.7760483157950815,0.1732351578346601,0.0,0.1732351578346601,1.17323515783466,27.314615048074934,-27.314615048074934,1404.210867714869,1600.475408767191
2025-26,2025-11-29,0022500295,IND,CHI,1,IND,2.0,0.5087045157493816,1354.1987555315134,1454.0272380203996,0.40777218299163354,0.5922278170083665,0.04995837495787997,0.01740903149876316,0.04995837495787997,1.04995837495788,18.654436690528716,-18.654436690528716,1372.853192222042,1435.372801329871
2025-26,2025-11-29,0022500296,MIA,DET,0,DET,3.0,0.7466478471219631,1617.1921720371558,1617.92923681596,0.5491491016199688,0.45085089838003123,0.07485969068749909,0.49329569424392616,0.07485969068749909,1.0748596906874992,-17.70774700525673,17.70774700525673,1599.484425031899,1635.6369838212167
2025-26,2025-11-29,0022500297,MIL,BKN,1,MIL,17.0,0.8858265006790559,1420.0673062129727,1353.749579941017,0.641810684511821,0.358189315488179,0.4011342849479459,0.7716530013581118,0.4011342849479459,1.401134284947946,15.056139912975718,-15.056139912975718,1435.1234461259485,1338.693440028041
2025-26,2025-11-29,0022500298,GSW,NOP,1,GSW,8.0,0.6587423943293591,1495.2346641544589,1341.3638497077175,0.7478593397825851,0.2521406602174149,0.197375320224904,0.3174847886587182,0.197375320224904,1.197375320224904,9.057210113086375,-9.057210113086375,1504.2918742675452,1332.3066395946312
2025-26,2025-11-29,0022500299,PHX,DEN,0,DEN,18.0,0.7196494820848035,1567.0446141289979,1596.9010605742938,0.5074016278611396,0.4925983721388604,0.4218990052500079,0.439298964169607,0.4218990052500079,1.4218990052500078,-21.644216097539672,21.644216097539672,1545.4003980314583,1618.5452766718333
2025-26,2025-11-29,0022500300,LAC,DAL,0,DAL,4.0,0.3623510201792749,1383.432252987278,1361.3758828366624,0.5813804545785359,0.41861954542146407,0.09966799462495582,0.0,0.09966799462495582,1.099667994624956,-19.179764358015717,19.179764358015717,1364.2524886292622,1380.5556471946782
2025-26,2025-11-30,0022500301,UTA,HOU,0,HOU,28.0,0.9227006104896964,1415.5055338572513,1642.1985761360554,0.24908956483693706,0.7509104351630629,0.6043677771171634,0.8454012209793929,0.6043677771171634,1.6043677771171634,-11.988938143215549,11.988938143215549,1403.5165957140357,1654.187514279271
2025-26,2025-11-30,0022500302,CLE,BOS,0,BOS,2.0,0.6243499395996333,1539.9521824540172,1525.648351471975,0.5704814358929937,0.4295185641070063,0.04995837495787997,0.2486998791992665,0.04995837495787997,1.04995837495788,-17.96945284121537,17.96945284121537,1521.982729612802,1543.6178043131904
2025-26,2025-11-30,0022500303,NYK,TOR,1,NYK,22.0,0.8129653592966496,1570.704539443577,1600.475408767191,0.5075247557998054,0.4924752442001946,0.5005202111902353,0.6259307185932992,0.5005202111902353,1.5005202111902354,22.169071722997163,-22.169071722997163,1592.8736111665742,1578.306337044194
2025-26,2025-11-30,0022500304,PHI,ATL,0,ATL,8.0,0.5283506231401757,1506.0883918782547,1545.0596353634915,0.49428517009472356,0.5057148299052765,0.197375320224904,0.056701246280351336,0.197375320224904,1.197375320224904,-17.755345914737724,17.755345914737724,1488.333045963517,1562.8149812782292
2025-26,2025-11-30,0022500305,POR,OKC,0,OKC,8.0,0.7797554353338717,1468.2353064795577,1722.887093436084,0.22021441152581445,0.7797855884741856,0.197375320224904,0.5595108706677434,0.197375320224904,1.197375320224904,-7.9103790455658265,7.9103790455658265,1460.324927433992,1730.7974724816497
2025-26,2025-11-30,0022500306,MIN,SAS,1,MIN,13.0,0.4974181084717727,1533.016147636047,1603.8564294124535,0.4486038662428968,0.5513961337571032,0.3140209253469976,0.0,0.3140209253469976,1.3140209253469977,21.736381737367967,-21.736381737367967,1554.752529373415,1582.1200476750855
2025-26,2025-11-30,0022500307,SAC,MEM,0,MEM,8.0,0.5932817800601737,1379.8956904762597,1451.6851046645845,0.4472527702272082,0.5527472297727918,0.197375320224904,0.18656356012034747,0.197375320224904,1.197375320224904,-16.065882869168366,16.065882869168366,1363.8298076070914,1467.7509875337528
2025-26,2025-11-30,0022500308,LAL,NOP,1,LAL,12.0,0.9673833105816608,1624.7016024195404,1332.3066395946312,0.8681428233364602,0.1318571766635398,0.2913126124515909,0.9347666211633217,0.2913126124515909,1.2913126124515908,5.108065058036595,-5.108065058036595,1629.809667477577,1327.1985745365946
2025-26,2025-12-01,0022500309,DET,ATL,1,DET,1.0,0.6609713640167482,1635.6369838212167,1562.8149812782292,0.650371673609463,0.349628326390537,0.02499479296842069,0.32194272803349633,0.02499479296842069,1.0249947929684207,10.751016420736915,-10.751016420736915,1646.3880002419537,1552.0639648574922
2025-26,2025-12-01,0022500310,IND,CLE,0,CLE,16.0,0.8925996836502519,1372.853192222042,1521.982729612802,0.3414177924964494,0.6585822075035506,0.3799489622552249,0.7851993673005038,0.3799489622552249,1.379948962255225,-14.134173853528353,14.134173853528353,1358.7190183685136,1536.1169034663303
2025-26,2025-12-01,0022500311,WAS,MIL,1,WAS,3.0,0.3513266694080084,1309.3172419252053,1435.1234461259485,0.3722158357231213,0.6277841642768787,0.07485969068749909,0.0,0.07485969068749909,1.0748596906874992,20.24339677899468,-20.24339677899468,1329.5606387041998,1414.880049346954
2025-26,2025-12-01,0022500312,BKN,CHA,1,BKN,13.0,0.5979381687338982,1338.693440028041,1404.210867714869,0.4561944894137158,0.5438055105862842,0.3140209253469976,0.1958763374677963,0.3140209253469976,1.3140209253469977,21.43715460688157,-21.43715460688157,1360.1305946349228,1382.7737131079873
2025-26,2025-12-01,0022500313,MIA,LAC,1,MIA,17.0,0.9355100606257716,1599.484425031899,1364.2524886292622,0.8257182068137613,0.1742817931862387,0.4011342849479459,0.8710201212515432,0.4011342849479459,1.401134284947946,7.325765870263391,-7.325765870263391,1606.8101909021625,1356.9267227589987
2025-26,2025-12-01,0022500314,ORL,CHI,1,ORL,5.0,0.5498196646643595,1594.0452835151596,1435.372801329871,0.7530356220293128,0.24696437797068715,0.12435300177159621,0.099639329328719,0.12435300177159621,1.1243530017715961,8.330254191059915,-8.330254191059915,1602.3755377062196,1427.042547138811
2025-26,2025-12-01,0022500315,DEN,DAL,0,DAL,10.0,0.286331259465466,1618.5452766718333,1380.5556471946782,0.8279908781872388,0.17200912181276118,0.24491866240370913,0.0,0.24491866240370913,1.2449186624037092,-30.923438896659896,30.923438896659896,1587.6218377751734,1411.479086091338
2025-26,2025-12-01,0022500316,UTA,HOU,1,UTA,8.0,0.5371489192917944,1403.5165957140357,1654.187514279271,0.22417471777002587,0.7758252822299742,0.197375320224904,0.07429783858358885,0.197375320224904,1.197375320224904,27.868621372460755,-27.868621372460755,1431.3852170864964,1626.3188929068103
2025-26,2025-12-01,0022500317,LAL,PHX,0,PHX,17.0,0.6314590345536837,1629.809667477577,1545.4003980314583,0.6653827303637123,0.3346172696362877,0.4011342849479459,0.26291806910736737,0.4011342849479459,1.401134284947946,-27.96871668374616,27.96871668374616,1601.8409507938309,1573.3691147152044
2025-26,2025-12-02,0022500318,PHI,WAS,1,PHI,19.0,0.8957117042255899,1488.333045963517,1329.5606387041998,0.7531425808961768,0.2468574191038232,0.44223035604572614,0.7914234084511798,0.44223035604572614,1.4422303560457261,10.680757903399078,-10.680757903399078,1499.013803866916,1318.8798808008007
2025-26,2025-12-02,0022500319,TOR,POR,1,TOR,3.0,0.7917362638418045,1578.306337044194,1460.324927433992,0.7069531249823744,0.2930468750176256,0.07485969068749909,0.583472527683609,0.07485969068749909,1.0748596906874992,9.449528203151498,-9.449528203151498,1587.7558652473454,1450.8753992308405
2025-26,2025-12-02,0022500320,BOS,NYK,1,BOS,6.0,0.5730235893268966,1543.6178043131904,1592.8736111665742,0.47949575037177,0.5205042496282299,0.14888503362331795,0.14604717865379313,0.14888503362331795,1.1488850336233178,17.939986270056263,-17.939986270056263,1561.5577905832467,1574.9336248965178
2025-26,2025-12-02,0022500321,NOP,MIN,0,MIN,7.0,0.5803400883452862,1327.1985745365946,1554.752529373415,0.24816376344024066,0.7518362365597593,0.1732351578346601,0.16068017669057233,0.1732351578346601,1.17323515783466,-8.73463356505962,8.73463356505962,1318.463940971535,1563.4871629384745
2025-26,2025-12-02,0022500322,SAS,MEM,1,SAS,7.0,0.6662107646672262,1582.1200476750855,1467.7509875337528,0.7026266872945006,0.2973733127054994,0.1732351578346601,0.33242152933445235,0.1732351578346601,1.17323515783466,10.466664764035569,-10.466664764035569,1592.5867124391211,1457.2843227697172
2025-26,2025-12-02,0022500323,GSW,OKC,0,OKC,12.0,0.7754429063760714,1504.2918742675452,1730.7974724816497,0.24929144266198905,0.750708557338011,0.2913126124515909,0.5508858127521428,0.2913126124515909,1.2913126124515908,-9.65739552257037,9.65739552257037,1494.6344787449748,1740.45486800422
2025-26,2025-12-03,0022500324,CLE,POR,0,POR,12.0,0.5673463951452221,1536.1169034663303,1450.8753992308405,0.6664485326630899,0.3335514673369101,0.2913126124515909,0.13469279029044423,0.2913126124515909,1.2913126124515908,-25.817801873331117,25.817801873331117,1510.2991015929992,1476.6932011041715
2025-26,2025-12-03,0022500325,IND,DEN,0,DEN,15.0,0.8940097446954962,1358.7190183685136,1587.6218377751734,0.2467178740058142,0.7532821259941858,0.35835739835078595,0.7880194893909924,0.35835739835078595,1.358357398350786,-10.053931483835242,10.053931483835242,1348.6650868846784,1597.6757692590086
2025-26,2025-12-03,0022500326,ORL,SAS,0,SAS,2.0,0.7217540137925083,1602.3755377062196,1592.5867124391211,0.564101603696816,0.43589839630318405,0.04995837495787997,0.4435080275850165,0.04995837495787997,1.04995837495788,-17.768496093859287,17.768496093859287,1584.6070416123603,1610.3552085329804
2025-26,2025-12-03,0022500327,ATL,LAC,0,LAC,23.0,0.6341200004225134,1552.0639648574922,1356.9267227589987,0.78997528692527,0.21002471307473003,0.5190218338982221,0.26824000084502675,0.5190218338982221,1.519021833898222,-35.99969127238493,35.99969127238493,1516.0642735851072,1392.9264140313837
2025-26,2025-12-03,0022500328,NYK,CHA,1,NYK,15.0,0.909165204072164,1574.9336248965178,1382.7737131079873,0.7871175667597289,0.21288243324027112,0.35835739835078595,0.8183304081443279,0.35835739835078595,1.358357398350786,8.675112845125186,-8.675112845125186,1583.608737741643,1374.0986002628622
2025-26,2025-12-03,0022500329,CHI,BKN,0,BKN,10.0,0.6563293436824138,1427.042547138811,1360.1305946349228,0.6425966727471281,0.35740332725287194,0.24491866240370913,0.3126586873648276,0.24491866240370913,1.2449186624037092,-23.999417709042863,23.999417709042863,1403.043129429768,1384.1300123439657
2025-26,2025-12-03,0022500330,HOU,SAC,1,HOU,26.0,0.8670843891385529,1626.3188929068103,1363.8298076070914,0.8471583007763511,0.15284169922364887,0.5716699660851172,0.7341687782771058,0.5716699660851172,1.5716699660851172,7.206501247056718,-7.206501247056718,1633.525394153867,1356.6233063600348
2025-26,2025-12-03,0022500331,MIL,DET,1,MIL,4.0,0.2034408236364834,1414.880049346954,1646.3880002419537,0.2439414291265866,0.7560585708734134,0.09966799462495582,0.0,0.09966799462495582,1.099667994624956,24.942402373541302,-24.942402373541302,1439.822451720495,1621.4455978684125
2025-26,2025-12-03,0022500332,DAL,MIA,1,DAL,10.0,0.5804517158772797,1411.479086091338,1606.8101909021625,0.28435922191231056,0.7156407780876894,0.24491866240370913,0.16090343175455946,0.24491866240370913,1.2449186624037092,26.72743680655428,-26.72743680655428,1438.2065228978925,1580.0827540956082
2025-26,2025-12-04,0022500333,PHI,GSW,1,PHI,1.0,0.8344538117520927,1499.013803866916,1494.6344787449748,0.5564299668155606,0.44357003318443944,0.02499479296842069,0.6689076235041853,0.02499479296842069,1.0249947929684207,13.6397092299264,-13.6397092299264,1512.6535130968425,1480.9947695150483
2025-26,2025-12-04,0022500334,WAS,BOS,0,BOS,45.0,0.8672514808660673,1318.8798808008007,1561.5577905832467,0.23227846547454717,0.7677215345254529,0.809301070201781,0.7345029617321346,0.809301070201781,1.8093010702017809,-12.607850285037769,12.607850285037769,1306.272030515763,1574.1656408682845
2025-26,2025-12-04,0022500335,BKN,UTA,0,UTA,13.0,0.4093601105960422,1384.1300123439657,1431.3852170864964,0.4823706535659194,0.5176293464340807,0.3140209253469976,0.0,0.3140209253469976,1.3140209253469977,-19.015353976767763,19.015353976767763,1365.114658367198,1450.4005710632641
2025-26,2025-12-04,0022500336,TOR,LAL,0,LAL,3.0,0.5806314883231082,1587.7558652473454,1601.8409507938309,0.5300626765148515,0.4699373234851485,0.07485969068749909,0.16126297664621636,0.07485969068749909,1.0748596906874992,-17.092290135712236,17.092290135712236,1570.663575111633,1618.9332409295432
2025-26,2025-12-04,0022500337,NOP,MIN,0,MIN,9.0,0.7465518197891975,1318.463940971535,1563.4871629384745,0.22987965708523048,0.7701203429147695,0.22127846789844396,0.493103639578395,0.22127846789844396,1.2212784678984439,-8.422412262182098,8.422412262182098,1310.0415287093529,1571.9095752006567
2025-26,2025-12-05,0022500338,BOS,LAL,1,BOS,21.0,0.8777425365336239,1574.1656408682845,1618.9332409295432,0.4859469956998064,0.5140530043001936,0.48154979836430795,0.7554850730672478,0.48154979836430795,1.481549798364308,22.84785374608556,-22.84785374608556,1597.01349461437,1596.0853871834577
2025-26,2025-12-05,0022500339,ORL,MIA,1,ORL,1.0,0.5761880984095236,1584.6070416123603,1580.0827540956082,0.5566359175222526,0.4433640824777474,0.02499479296842069,0.15237619681904713,0.02499479296842069,1.0249947929684207,13.633376277867374,-13.633376277867374,1598.2404178902277,1566.4493778177407
2025-26,2025-12-05,0022500340,ATL,DEN,0,DEN,1.0,0.3956150605612331,1516.0642735851072,1597.6757692590086,0.43332023270680653,0.5666797672931935,0.02499479296842069,0.0,0.02499479296842069,1.0249947929684207,-13.32452946637023,13.32452946637023,1502.739744118737,1611.0002987253788
2025-26,2025-12-05,0022500341,CLE,SAS,1,CLE,13.0,0.578294743660113,1510.2991015929992,1610.3552085329804,0.4074557888268686,0.5925442111731314,0.3140209253469976,0.15658948732022604,0.3140209253469976,1.3140209253469977,23.358464780241746,-23.358464780241746,1533.657566373241,1586.9967437527387
2025-26,2025-12-05,0022500342,DET,POR,1,DET,6.0,0.7499231160556278,1621.4455978684125,1476.6932011041715,0.7378334190975806,0.2621665809024194,0.14888503362331795,0.49984623211125556,0.14888503362331795,1.1488850336233178,9.035977833449591,-9.035977833449591,1630.481575701862,1467.657223270722
2025-26,2025-12-05,0022500343,NYK,UTA,1,NYK,34.0,0.9647025691821344,1583.608737741643,1450.4005710632641,0.7247773390278182,0.27522266097218184,0.6910694698329306,0.9294051383642687,0.6910694698329306,1.6910694698329305,13.962619181287076,-13.962619181287076,1597.57135692293,1436.4379518819771
2025-26,2025-12-05,0022500344,TOR,CHA,0,CHA,25.0,0.4882263522646179,1570.663575111633,1374.0986002628622,0.7913356357917927,0.20866436420820733,0.5545997223493823,0.0,0.5545997223493823,1.5545997223493822,-36.90630479061278,36.90630479061278,1533.7572703210203,1411.0049050534749
2025-26,2025-12-05,0022500345,CHI,IND,0,IND,15.0,0.6030753725202521,1403.043129429768,1348.6650868846784,0.6258611066402449,0.37413889335975514,0.35835739835078595,0.20615074504050424,0.35835739835078595,1.358357398350786,-25.504291936343602,25.504291936343602,1377.5388374934244,1374.169378821022
2025-26,2025-12-05,0022500346,HOU,PHX,1,HOU,19.0,0.7765277041412061,1633.525394153867,1573.3691147152044,0.6336165681484224,0.3663834318515776,0.44223035604572614,0.5530554082824122,0.44223035604572614,1.4422303560457261,15.852279221056675,-15.852279221056675,1649.3776733749237,1557.5168354941477
2025-26,2025-12-05,0022500347,MEM,LAC,1,MEM,9.0,0.6193196405708375,1457.2843227697172,1392.9264140313837,0.6392130284029941,0.3607869715970059,0.22127846789844396,0.2386392811416751,0.22127846789844396,1.2212784678984439,13.218640797291323,-13.218640797291323,1470.5029635670085,1379.7077732340924
2025-26,2025-12-05,0022500348,MIL,PHI,0,PHI,15.0,0.8586962775097668,1439.822451720495,1512.6535130968425,0.4457708756187554,0.5542291243812446,0.35835739835078595,0.7173925550195337,0.35835739835078595,1.358357398350786,-18.16548500598133,18.16548500598133,1421.6569667145138,1530.8189981028238
2025-26,2025-12-05,0022500349,OKC,DAL,1,OKC,21.0,0.9162938619963824,1740.45486800422,1438.2065228978925,0.8745012066178097,0.12549879338219028,0.48154979836430795,0.8325877239927648,0.48154979836430795,1.481549798364308,5.577981360910439,-5.577981360910439,1746.0328493651305,1432.628541536982
2025-26,2025-12-06,0022500350,BKN,NOP,1,BKN,18.0,0.8509041046227017,1365.114658367198,1310.0415287093529,0.6267975607928293,0.37320243920717067,0.4218990052500079,0.7018082092454034,0.4218990052500079,1.4218990052500078,15.919685311966575,-15.919685311966575,1381.0343436791645,1294.1218433973863
2025-26,2025-12-06,0022500351,WAS,ATL,0,ATL,15.0,0.8381118306895465,1306.272030515763,1502.739744118737,0.28302963956100785,0.7169703604389921,0.35835739835078595,0.6762236613790931,0.35835739835078595,1.358357398350786,-11.533662145507538,11.533662145507538,1294.7383683702553,1514.2734062642446
2025-26,2025-12-06,0022500352,CLE,GSW,0,GSW,5.0,0.5305367095514925,1533.657566373241,1480.9947695150483,0.6235462219424552,0.37645377805754476,0.12435300177159621,0.061073419102984916,0.12435300177159621,1.1243530017715961,-21.032581991530126,21.032581991530126,1512.6249843817109,1502.0273515065785
2025-26,2025-12-06,0022500353,DET,MIL,1,DET,12.0,0.8696773912178145,1630.481575701862,1421.6569667145138,0.8027493510572238,0.19725064894277622,0.2913126124515909,0.739354782435629,0.2913126124515909,1.2913126124515908,7.641367523822039,-7.641367523822039,1638.1229432256841,1414.0155991906918
2025-26,2025-12-06,0022500354,MIA,SAC,0,SAC,16.0,0.6455117136962589,1566.4493778177407,1356.6233063600348,0.8036605857789529,0.19633941422104706,0.3799489622552249,0.29102342739251785,0.3799489622552249,1.379948962255225,-33.270317740532775,33.270317740532775,1533.1790600772079,1389.8936241005676
2025-26,2025-12-06,0022500355,MIN,LAC,1,MIN,3.0,0.5562293422129005,1571.9095752006567,1379.7077732340924,0.7871579700993854,0.21284202990061463,0.07485969068749909,0.11245868442580109,0.07485969068749909,1.0748596906874992,6.8632595527282225,-6.8632595527282225,1578.772834753385,1372.844513681364
2025-26,2025-12-06,0022500356,DAL,HOU,1,DAL,13.0,0.5086313950601552,1432.628541536982,1649.3776733749237,0.259949296398265,0.740050703601735,0.3140209253469976,0.0172627901203104,0.3140209253469976,1.3140209253469977,29.173263310513452,-29.173263310513452,1461.8018048474955,1620.2044100644102
2025-26,2025-12-07,0022500357,NYK,ORL,1,NYK,6.0,0.6912686499497956,1597.57135692293,1598.2404178902277,0.5492460194781267,0.4507539805218733,0.14888503362331795,0.3825372998995913,0.14888503362331795,1.1488850336233178,15.535935062031502,-15.535935062031502,1613.1072919849614,1582.7044828281962
2025-26,2025-12-07,0022500358,TOR,BOS,0,BOS,8.0,0.73257425443334,1533.7572703210203,1597.01349461437,0.45942544161583665,0.5405745583841634,0.197375320224904,0.46514850886668,0.197375320224904,1.197375320224904,-16.50314055822691,16.50314055822691,1517.2541297627934,1613.516635172597
2025-26,2025-12-07,0022500359,CHA,DEN,0,DEN,9.0,0.8046101150794938,1411.0049050534749,1611.0002987253788,0.2789270898799478,0.7210729101200521,0.22127846789844396,0.6092202301589875,0.22127846789844396,1.2212784678984439,-10.219429469518627,10.219429469518627,1400.7854755839562,1621.2197281948975
2025-26,2025-12-07,0022500360,MEM,POR,1,MEM,23.0,0.8812702298909427,1470.5029635670085,1467.657223270722,0.554250000455996,0.44574999954400396,0.5190218338982221,0.7625404597818854,0.5190218338982221,1.519021833898222,20.313119453023937,-20.313119453023937,1490.8160830200325,1447.344103817698
2025-26,2025-12-07,0022500361,CHI,GSW,0,GSW,32.0,0.8123891592092791,1377.5388374934244,1502.0273515065785,0.37398999775759795,0.626010002242402,0.664036770267849,0.6247783184185582,0.664036770267849,1.664036770267849,-18.669993239431,18.669993239431,1358.8688442539933,1520.6973447460095
2025-26,2025-12-07,0022500362,PHI,LAL,0,LAL,4.0,0.5832349553104076,1530.8189981028238,1596.0853871834577,0.45655301261770115,0.5434469873822989,0.09966799462495582,0.16646991062081518,0.09966799462495582,1.099667994624956,-15.061702074758688,15.061702074758688,1515.7572960280652,1611.1470892582163
2025-26,2025-12-07,0022500363,UTA,OKC,0,OKC,30.0,0.9498101730705304,1436.4379518819771,1746.0328493651305,0.17069703399035782,0.8293029660096422,0.6351489523872873,0.8996203461410608,0.6351489523872873,1.6351489523872873,-8.373452289148522,8.373452289148522,1428.0644995928287,1754.4063016542789
2025-26,2025-12-08,0022500364,IND,SAC,1,IND,11.0,0.7700522221024667,1374.169378821022,1389.8936241005676,0.5277116142739716,0.4722883857260284,0.2682711820216014,0.5401044442049334,0.2682711820216014,1.2682711820216013,17.96969247659472,-17.96969247659472,1392.1390712976167,1371.923931623973
2025-26,2025-12-08,0022500365,MIN,PHX,0,PHX,3.0,0.5373029707289405,1578.772834753385,1557.5168354941477,0.5802587228348206,0.4197412771651794,0.07485969068749909,0.07460594145788102,0.07485969068749909,1.0748596906874992,-18.71090134034876,18.71090134034876,1560.0619334130363,1576.2277368344965
2025-26,2025-12-08,0022500366,NOP,SAS,0,SAS,3.0,0.8503454455941228,1294.1218433973863,1586.9967437527387,0.184756627455318,0.8152433725446819,0.07485969068749909,0.7006908911882457,0.07485969068749909,1.0748596906874992,-5.957623543172659,5.957623543172659,1288.1642198542136,1592.9543672959114
2025-26,2025-12-09,0022501201,ORL,MIA,1,ORL,9.0,0.5773672784751074,1582.7044828281962,1533.1790600772079,0.6192974776281844,0.38070252237181557,0.22127846789844396,0.15473455695021476,0.22127846789844396,1.2212784678984439,13.948313797419718,-13.948313797419718,1596.652796625616,1519.230746279788
2025-26,2025-12-09,0022501202,TOR,NYK,0,NYK,16.0,0.7924844761091259,1517.2541297627934,1613.1072919849614,0.41330992582147497,0.586690074178525,0.3799489622552249,0.5849689522182517,0.3799489622552249,1.379948962255225,-17.110398096813853,17.110398096813853,1500.1437316659794,1630.2176900817753
2025-26,2025-12-10,0022501203,OKC,PHX,1,OKC,49.0,0.9416670716098612,1754.4063016542789,1576.2277368344965,0.773320150857551,0.22667984914244899,0.8411229016320433,0.8833341432197224,0.8411229016320433,1.8411229016320432,12.520363847839784,-12.520363847839784,1766.9266655021186,1563.7073729866568
2025-26,2025-12-10,0022501204,LAL,SAS,0,SAS,13.0,0.7367109458422701,1611.1470892582163,1592.9543672959114,0.5759579235985617,0.4240420764014383,0.3140209253469976,0.4734218916845403,0.3140209253469976,1.3140209253469977,-22.70462291183752,22.70462291183752,1588.4424663463788,1615.658990207749
2025-26,2025-12-11,0022501205,HOU,LAC,1,HOU,2.0,0.759333840770026,1620.2044100644102,1372.844513681364,0.8355377158833796,0.16446228411662045,0.04995837495787997,0.5186676815400519,0.04995837495787997,1.04995837495788,5.180356577188439,-5.180356577188439,1625.3847666415986,1367.6641571041757
2025-26,2025-12-11,0022501206,MIL,BOS,1,MIL,15.0,0.4785645796125755,1414.0155991906918,1613.516635172597,0.27949980662702745,0.7205001933729726,0.35835739835078595,0.0,0.35835739835078595,1.358357398350786,29.360903045440473,-29.360903045440473,1443.3765022361322,1584.1557321271566
2025-26,2025-12-11,0022501207,NOP,POR,1,NOP,23.0,0.6691589318629768,1288.1642198542136,1447.344103817698,0.32853095006154853,0.6714690499384515,0.5190218338982221,0.3383178637259536,0.5190218338982221,1.519021833898222,30.5992844293021,-30.5992844293021,1318.7635042835157,1416.7448193883959
2025-26,2025-12-11,0022501208,SAC,DEN,0,DEN,31.0,0.9360905662874732,1371.923931623973,1621.2197281948975,0.2255544489633554,0.7744455510366446,0.6498274636719203,0.8721811325749464,0.6498274636719203,1.6498274636719203,-11.163777733593907,11.163777733593907,1360.7601538903791,1632.3835059284913
2025-26,2025-12-12,0022501209,CHA,CHI,0,CHI,3.0,0.420499573636593,1400.7854755839562,1358.8688442539933,0.6089183254722882,0.3910816745277118,0.07485969068749909,0.0,0.07485969068749909,1.0748596906874992,-19.635052889132808,19.635052889132808,1381.1504226948234,1378.503897143126
2025-26,2025-12-12,0022501210,DET,ATL,1,DET,27.0,0.8528346433138682,1638.1229432256841,1514.2734062642446,0.7139020308498413,0.2860979691501587,0.5882592563981054,0.7056692866277363,0.5882592563981054,1.5882592563981053,13.631932432183175,-13.631932432183175,1651.7548756578674,1500.6414738320614
2025-26,2025-12-12,0022501211,PHI,IND,1,PHI,10.0,0.7349747872476775,1515.7572960280652,1392.1390712976167,0.7136299917457122,0.2863700082542878,0.24491866240370913,0.469949574495355,0.24491866240370913,1.2449186624037092,10.695221028854014,-10.695221028854014,1526.4525170569193,1381.4438502687626
2025-26,2025-12-12,0022501212,WAS,CLE,0,CLE,4.0,0.4596519142094379,1294.7383683702553,1512.6249843817109,0.25869162398675355,0.7413083760132464,0.09966799462495582,0.0,0.09966799462495582,1.099667994624956,-8.534246981273593,8.534246981273593,1286.2041213889818,1521.1592313629844
2025-26,2025-12-12,0022501213,MEM,UTA,0,UTA,4.0,0.4437152898146047,1490.8160830200325,1428.0644995928287,0.637077811593558,0.36292218840644197,0.09966799462495582,0.0,0.09966799462495582,1.099667994624956,-21.017222384854303,21.017222384854303,1469.7988606351782,1449.081721977683
2025-26,2025-12-12,0022501214,DAL,BKN,1,DAL,8.0,0.6189840754473376,1461.8018048474955,1381.0343436791645,0.660699073841638,0.33930092615836205,0.197375320224904,0.23796815089467516,0.197375320224904,1.197375320224904,12.188116653344258,-12.188116653344258,1473.9899215008397,1368.8462270258203
2025-26,2025-12-12,0022501215,GSW,MIN,0,MIN,7.0,0.6271053444711854,1520.6973447460095,1560.0619334130363,0.4937191823900564,0.5062808176099436,0.1732351578346601,0.25421068894237075,0.1732351578346601,1.17323515783466,-17.37746108632191,17.37746108632191,1503.3198836596875,1577.4393944993583
2025-26,2025-12-13,0022501229,ORL,NYK,0,NYK,12.0,0.6999939770536083,1596.652796625616,1630.2176900817753,0.5020652725885879,0.4979347274114121,0.2913126124515909,0.39998795410721666,0.2913126124515909,1.2913126124515908,-19.449696563027686,19.449696563027686,1577.2031000625884,1649.667386644803
2025-26,2025-12-13,0022501230,OKC,SAS,0,SAS,2.0,0.2057356480653915,1766.9266655021186,1615.658990207749,0.7450232252445875,0.25497677475541247,0.04995837495787997,0.0,0.04995837495787997,1.04995837495788,-23.467301246510573,23.467301246510573,1743.459364255608,1639.1262914542594
2025-26,2025-12-14,0022501216,IND,WAS,0,WAS,19.0,0.7483582172334555,1381.4438502687626,1286.2041213889818,0.6791177172419975,0.32088228275800246,0.44223035604572614,0.49671643446691105,0.44223035604572614,1.4422303560457261,-29.383325614046605,29.383325614046605,1352.0605246547161,1315.5874470030283
2025-26,2025-12-14,0022501217,ATL,PHI,1,ATL,3.0,0.6238467039395538,1500.6414738320614,1526.4525170569193,0.5132208893073531,0.4867791106926469,0.07485969068749909,0.24769340787910754,0.07485969068749909,1.0748596906874992,15.696577330567031,-15.696577330567031,1516.3380511626283,1510.7559397263524
2025-26,2025-12-14,0022501218,CLE,CHA,0,CHA,8.0,0.5437349690311829,1521.1592313629844,1381.1504226948234,0.7325172251413076,0.26748277485869243,0.197375320224904,0.0874699380623658,0.197375320224904,1.197375320224904,-26.312941410714938,26.312941410714938,1494.8462899522694,1407.4633641055384
2025-26,2025-12-14,0022501219,BKN,MIL,1,BKN,45.0,0.821667389244669,1368.8462270258203,1443.3765022361322,0.44335557607092996,0.55664442392907,0.809301070201781,0.643334778489338,0.809301070201781,1.8093010702017809,30.214120558101605,-30.214120558101605,1399.0603475839218,1413.1623816780307
2025-26,2025-12-14,0022501220,MIN,SAC,1,MIN,14.0,0.8163559883832932,1577.4393944993583,1360.7601538903791,0.8098109378662113,0.19018906213378872,0.3363755443363322,0.6327119767665863,0.3363755443363322,1.3363755443363323,7.624920343075753,-7.624920343075753,1585.064314842434,1353.1352335473034
2025-26,2025-12-14,0022501221,POR,GSW,1,POR,5.0,0.4493433813662786,1416.7448193883959,1503.3198836596875,0.4263179397776579,0.573682060222342,0.12435300177159621,0.0,0.12435300177159621,1.1243530017715961,19.350634394205116,-19.350634394205116,1436.095453782601,1483.9692492654824
2025-26,2025-12-14,0022501223,CHI,NOP,0,NOP,10.0,0.5605070212387686,1378.503897143126,1318.7635042835157,0.6330606233230567,0.3669393766769433,0.24491866240370913,0.12101404247753722,0.24491866240370913,1.2449186624037092,-23.643269532233944,23.643269532233944,1354.8606276108922,1342.4067738157496
2025-26,2025-12-14,0022501228,PHX,LAL,0,LAL,2.0,0.6581109563600815,1563.7073729866568,1588.4424663463788,0.5147680913900075,0.48523190860999255,0.04995837495787997,0.3162219127201631,0.04995837495787997,1.04995837495788,-16.21455206148065,16.21455206148065,1547.4928209251761,1604.6570184078594
2025-26,2025-12-15,0022501222,BOS,DET,0,DET,7.0,0.5819931825317649,1584.1557321271566,1651.7548756578674,0.45322324982450746,0.5467767501754925,0.1732351578346601,0.16398636506352982,0.1732351578346601,1.17323515783466,-15.952123531265807,15.952123531265807,1568.2036085958907,1667.7069991891333
2025-26,2025-12-15,0022501224,UTA,DAL,1,UTA,7.0,0.4678744845471855,1449.081721977683,1473.9899215008397,0.5145191852816782,0.48548081471832183,0.1732351578346601,0.0,0.1732351578346601,1.17323515783466,17.08749480845249,-17.08749480845249,1466.1692167861354,1456.9024266923873
2025-26,2025-12-15,0022501225,DEN,HOU,1,DEN,3.0,0.6069436070257388,1632.3835059284913,1625.3847666415986,0.5601483571761312,0.4398516428238688,0.07485969068749909,0.2138872140514776,0.07485969068749909,1.0748596906874992,14.183364022621559,-14.183364022621559,1646.566869951113,1611.201402618977
2025-26,2025-12-15,0022501226,LAC,MEM,0,MEM,18.0,0.7006311351485299,1367.6641571041757,1469.7988606351782,0.4045701541706366,0.5954298458293634,0.4218990052500079,0.40126227029705985,0.4218990052500079,1.4218990052500078,-17.25773699307211,17.25773699307211,1350.4064201111037,1487.0565976282503
2025-26,2025-12-15,0022501227,MIA,TOR,0,TOR,10.0,0.4942120132714303,1519.230746279788,1500.1437316659794,0.5772147182453989,0.42278528175460106,0.24491866240370913,0.0,0.24491866240370913,1.2449186624037092,-21.55756124873388,21.55756124873388,1497.6731850310541,1521.7012929147133
2025-26,2025-12-17,0022500367,CHI,CLE,1,CHI,16.0,0.6483295595169896,1354.8606276108922,1494.8462899522694,0.3533500159970748,0.6466499840029252,0.3799489622552249,0.2966591190339791,0.3799489622552249,1.379948962255225,26.770319231015836,-26.770319231015836,1381.630946841908,1468.0759707212535
2025-26,2025-12-17,0022500368,MIN,MEM,0,MEM,6.0,0.3954090658290725,1585.064314842434,1487.0565976282503,0.6825800106271186,0.3174199893728814,0.14888503362331795,0.0,0.14888503362331795,1.1488850336233178,-23.526178753798252,23.526178753798252,1561.5381360886358,1510.5827763820485
2025-26,2025-12-18,0022500369,OKC,LAC,1,OKC,21.0,0.908580675808092,1743.459364255608,1350.4064201111037,0.9215843526608678,0.0784156473391322,0.48154979836430795,0.817161351616184,0.48154979836430795,1.481549798364308,3.48530059511694,-3.48530059511694,1746.944664850725,1346.9211195159867
2025-26,2025-12-18,0022500370,SAS,WAS,1,SAS,25.0,0.91290599361476,1639.1262914542594,1315.5874470030283,0.887346168490118,0.11265383150988195,0.5545997223493823,0.82581198722952,0.5545997223493823,1.5545997223493822,5.253948455605697,-5.253948455605697,1644.3802399098652,1310.3334985474226
2025-26,2025-12-18,0022500371,CHA,ATL,1,CHA,7.0,0.7400626336048461,1407.4633641055384,1516.3380511626283,0.3952595110566903,0.6047404889433097,0.1732351578346601,0.4801252672096923,0.1732351578346601,1.17323515783466,21.285084089832402,-21.285084089832402,1428.7484481953709,1495.0529670727958
2025-26,2025-12-18,0022500372,IND,NYK,0,NYK,1.0,0.5403388080709718,1352.0605246547161,1649.667386644803,0.18068897149398455,0.8193110285060154,0.02499479296842069,0.08067761614194358,0.02499479296842069,1.0249947929684207,-5.556157647844606,5.556157647844606,1346.5043670068715,1655.2235442926476
2025-26,2025-12-18,0022500373,BKN,MIA,0,MIA,11.0,0.6812121878259091,1399.0603475839218,1497.6731850310541,0.4094631980960898,0.5905368019039102,0.2682711820216014,0.3624243756518182,0.2682711820216014,1.2682711820216013,-15.579311227310187,15.579311227310187,1383.4810363566116,1513.2524962583643
2025-26,2025-12-18,0022500374,MIL,TOR,0,TOR,6.0,0.723419749119526,1413.1623816780307,1521.7012929147133,0.3957216199100119,0.604278380089988,0.14888503362331795,0.446839498239052,0.14888503362331795,1.1488850336233178,-13.639159397873634,13.639159397873634,1399.5232222801571,1535.3404523125869
2025-26,2025-12-18,0022500375,NOP,HOU,1,NOP,5.0,0.1227199737651788,1342.4067738157496,1611.201402618977,0.2065529408719555,0.7934470591280445,0.12435300177159621,0.0,0.12435300177159621,1.1243530017715961,26.76343748032386,-26.76343748032386,1369.1702112960734,1584.4379651386532
2025-26,2025-12-18,0022500376,DAL,DET,1,DAL,2.0,0.4714877679238811,1456.9024266923873,1667.7069991891333,0.2665861919230159,0.7334138080769841,0.04995837495787997,0.0,0.04995837495787997,1.04995837495788,23.101619103005422,-23.101619103005422,1480.0040457953928,1644.6053800861278
2025-26,2025-12-18,0022500377,DEN,ORL,1,DEN,11.0,0.7199641887781522,1646.566869951113,1577.2031000625884,0.6458315701586165,0.3541684298413835,0.2682711820216014,0.4399283775563043,0.2682711820216014,1.2682711820216013,13.475448394489982,-13.475448394489982,1660.042318345603,1563.7276516680984
2025-26,2025-12-18,0022500378,PHX,GSW,1,PHX,1.0,0.5659248146704502,1547.4928209251761,1483.9692492654824,0.6381046620214713,0.3618953379785287,0.02499479296842069,0.1318496293409004,0.02499479296842069,1.0249947929684207,11.12822511082616,-11.12822511082616,1558.6210460360023,1472.8410241546562
2025-26,2025-12-18,0022500379,UTA,LAL,0,LAL,8.0,0.6602098505212537,1466.1692167861354,1604.6570184078594,0.3553226582092783,0.6446773417907217,0.197375320224904,0.3204197010425074,0.197375320224904,1.197375320224904,-12.763637449694961,12.763637449694961,1453.4055793364405,1617.4206558575543
2025-26,2025-12-18,0022500380,POR,SAC,1,POR,1.0,0.6678969846375333,1436.095453782601,1353.1352335473034,0.6635229754306066,0.33647702456939343,0.02499479296842069,0.33579396927506666,0.02499479296842069,1.0249947929684207,10.346615944114069,-10.346615944114069,1446.442069726715,1342.7886176031893
2025-26,2025-12-19,0022500381,BOS,MIA,1,BOS,13.0,0.6348896298681695,1568.2036085958907,1513.2524962583643,0.6266332418567582,0.37336675814324183,0.3140209253469976,0.2697792597363391,0.3140209253469976,1.3140209253469977,14.718351990875739,-14.718351990875739,1582.9219605867665,1498.5341442674885
2025-26,2025-12-19,0022500382,NYK,PHI,0,PHI,9.0,0.4732723176127506,1655.2235442926476,1510.7559397263524,0.7375161785393194,0.2624838214606806,0.22127846789844396,0.0,0.22127846789844396,1.2212784678984439,-27.021378857304455,27.021378857304455,1628.2021654353432,1537.7773185836568
2025-26,2025-12-19,0022500383,ATL,SAS,0,SAS,28.0,0.8862605718328374,1495.0529670727958,1644.3802399098652,0.3411618997731654,0.6588381002268346,0.6043677771171634,0.7725211436656747,0.6043677771171634,1.6043677771171634,-16.420474763284258,16.420474763284258,1478.6324923095115,1660.8007146731495
2025-26,2025-12-19,0022500384,CLE,CHI,0,CHI,11.0,0.5235156065288982,1468.0759707212535,1381.630946841908,0.667986815149182,0.332013184850818,0.2682711820216014,0.04703121305779634,0.2682711820216014,1.2682711820216013,-25.41565282872294,25.41565282872294,1442.6603178925307,1407.046599670631
2025-26,2025-12-19,0022500385,MIN,OKC,1,MIN,5.0,0.5492157090155202,1561.5381360886358,1746.944664850725,0.29612698921448594,0.703873010785514,0.12435300177159621,0.09843141803104039,0.12435300177159621,1.1243530017715961,23.742051976281115,-23.742051976281115,1585.280188064917,1723.202612874444
2025-26,2025-12-20,0022500386,DEN,HOU,0,HOU,14.0,0.6284433771627825,1660.042318345603,1584.4379651386532,0.654004810982791,0.34599518901720905,0.3363755443363322,0.25688675432556507,0.3363755443363322,1.3363755443363323,-26.219881058271223,26.219881058271223,1633.8224372873317,1610.6578461969245
2025-26,2025-12-20,0022500387,PHI,DAL,1,PHI,7.0,0.6918797971494496,1537.7773185836568,1480.0040457953928,0.6304262555892136,0.3695737444107864,0.1732351578346601,0.38375959429889916,0.1732351578346601,1.17323515783466,13.007907310660057,-13.007907310660057,1550.785225894317,1466.9961384847327
2025-26,2025-12-20,0022500388,TOR,BOS,0,BOS,16.0,0.5862587612728304,1535.3404523125869,1582.9219605867665,0.48190166448505306,0.5180983355149469,0.3799489622552249,0.17251752254566077,0.3799489622552249,1.379948962255225,-19.94999105445644,19.94999105445644,1515.3904612581305,1602.871951641223
2025-26,2025-12-20,0022500389,NOP,IND,1,NOP,19.0,0.852916242008408,1369.1702112960734,1346.5043670068715,0.5822340783145057,0.4177659216854943,0.44223035604572614,0.705832484016816,0.44223035604572614,1.4422303560457261,18.07544081928724,-18.07544081928724,1387.2456521153606,1328.4289261875842
2025-26,2025-12-20,0022500390,DET,CHA,1,DET,26.0,0.8906975830284257,1644.6053800861278,1428.7484481953709,0.8090808143725862,0.19091918562741383,0.5716699660851172,0.7813951660568514,0.5716699660851172,1.5716699660851172,9.00185850000107,-9.00185850000107,1653.607238586129,1419.7465896953697
2025-26,2025-12-20,0022500391,MEM,WAS,0,WAS,8.0,0.2230355620420434,1510.5827763820485,1310.3334985474226,0.7948160321144919,0.20518396788550808,0.197375320224904,0.0,0.197375320224904,1.197375320224904,-28.55079302918932,28.55079302918932,1482.0319833528592,1338.8842915766118
2025-26,2025-12-20,0022500392,GSW,PHX,1,GSW,3.0,0.52712487533999,1472.8410241546562,1558.6210460360023,0.42743762662630885,0.5725623733736911,0.07485969068749909,0.05424975067997995,0.07485969068749909,1.0748596906874992,18.46272646631238,-18.46272646631238,1491.3037506209687,1540.1583195696899
2025-26,2025-12-20,0022500393,UTA,ORL,0,ORL,1.0,0.7068222801925604,1453.4055793364405,1563.7276516680984,0.39326970898563385,0.6067302910143662,0.02499479296842069,0.4136445603851209,0.02499479296842069,1.0249947929684207,-12.092982118274424,12.092982118274424,1441.312597218166,1575.8206337863728
2025-26,2025-12-20,0022500394,SAC,POR,0,POR,5.0,0.6257417059234448,1342.7886176031893,1446.442069726715,0.4024658860345803,0.5975341139654198,0.12435300177159621,0.2514834118468896,0.12435300177159621,1.1243530017715961,-13.575411812209364,13.575411812209364,1329.21320579098,1460.0174815389244
2025-26,2025-12-20,0022500395,LAC,LAL,1,LAC,15.0,0.6506552573376232,1346.9211195159867,1617.4206558575543,0.20494912895019485,0.7950508710498052,0.35835739835078595,0.3013105146752464,0.35835739835078595,1.358357398350786,32.398896982672184,-32.398896982672184,1379.3200164986588,1585.0217588748822
2025-26,2025-12-21,0022500396,ATL,CHI,0,CHI,2.0,0.5634075716792398,1478.6324923095115,1407.046599670631,0.6487519380502491,0.3512480619497509,0.04995837495787997,0.12681514335847965,0.04995837495787997,1.04995837495788,-20.434875918780445,20.434875918780445,1458.1976163907311,1427.4814755894113
2025-26,2025-12-21,0022500397,BKN,TOR,1,BKN,15.0,0.5807325448809812,1383.4810363566116,1515.3904612581305,0.36404380233921246,0.6359561976607875,0.35835739835078595,0.1614650897619625,0.35835739835078595,1.358357398350786,25.91567418358696,-25.91567418358696,1409.3967105401987,1489.4747870745434
2025-26,2025-12-21,0022500398,NYK,MIA,1,NYK,7.0,0.6519528731569234,1628.2021654353432,1498.5341442674885,0.7206937273320747,0.2793062726679253,0.1732351578346601,0.3039057463138468,0.1732351578346601,1.17323515783466,9.830758166932917,-9.830758166932917,1638.032923602276,1488.7033861005557
2025-26,2025-12-21,0022500399,WAS,SAS,0,SAS,11.0,0.9213230505171588,1338.8842915766118,1660.8007146731495,0.16088962303829563,0.8391103769617043,0.2682711820216014,0.8426461010343176,0.2682711820216014,1.2682711820216013,-6.121550171573672,6.121550171573672,1332.762741405038,1666.9222648447233
2025-26,2025-12-21,0022500400,MIN,MIL,1,MIN,3.0,0.5942429526388231,1585.280188064917,1399.5232222801571,0.7808761128760223,0.21912388712397768,0.07485969068749909,0.1884859052776462,0.07485969068749909,1.0748596906874992,7.065823006089634,-7.065823006089634,1592.3460110710066,1392.4573992740675
2025-26,2025-12-21,0022500401,SAC,HOU,1,SAC,1.0,0.1941836704497676,1329.21320579098,1610.6578461969245,0.19487340424622832,0.8051265957537717,0.02499479296842069,0.0,0.02499479296842069,1.0249947929684207,24.757517049840192,-24.757517049840192,1353.9707228408201,1585.9003291470844
2025-26,2025-12-22,0022500402,CLE,CHA,1,CLE,7.0,0.7847950369264516,1442.6603178925307,1419.7465896953697,0.5825811215882016,0.41741887841179837,0.1732351578346601,0.5695900738529032,0.1732351578346601,1.17323515783466,14.69191511089899,-14.69191511089899,1457.3522330034295,1405.0546745844708
2025-26,2025-12-22,0022500403,BOS,IND,1,BOS,8.0,0.4725069389932064,1602.871951641223,1328.4289261875842,0.8558569753413765,0.1441430246586235,0.197375320224904,0.0,0.197375320224904,1.197375320224904,5.177799009264167,-5.177799009264167,1608.049750650487,1323.25112717832
2025-26,2025-12-22,0022500404,NOP,DAL,1,NOP,6.0,0.4628722619286013,1387.2456521153606,1466.9961384847327,0.43595266433458746,0.5640473356654125,0.14888503362331795,0.0,0.14888503362331795,1.1488850336233178,19.44076626603301,-19.44076626603301,1406.6864183813937,1447.5553722186996
2025-26,2025-12-22,0022500405,DEN,UTA,1,DEN,23.0,0.9683068183312814,1633.8224372873317,1441.312597218166,0.7874549029378612,0.21254509706213875,0.5190218338982221,0.9366136366625628,0.5190218338982221,1.519021833898222,9.685819293762169,-9.685819293762169,1643.508256581094,1431.6267779244038
2025-26,2025-12-22,0022500406,OKC,MEM,1,OKC,16.0,0.8577246534244881,1723.202612874444,1482.0319833528592,0.8305831694441508,0.16941683055584922,0.3799489622552249,0.7154493068489762,0.3799489622552249,1.379948962255225,7.013597385423403,-7.013597385423403,1730.2162102598675,1475.0183859674357
2025-26,2025-12-22,0022500407,GSW,ORL,1,GSW,23.0,0.6088003047772992,1491.3037506209687,1575.8206337863728,0.42921807581934707,0.5707819241806529,0.5190218338982221,0.21760060955459837,0.5190218338982221,1.519021833898222,26.010906156745538,-26.010906156745538,1517.3146567777142,1549.8097276296273
2025-26,2025-12-22,0022500408,POR,DET,0,DET,8.0,0.8628297846064056,1460.0174815389244,1653.607238586129,0.2864034989100477,0.7135965010899523,0.197375320224904,0.7256595692128112,0.197375320224904,1.197375320224904,-10.28797443662854,10.28797443662854,1449.7295071022959,1663.8952130227574
2025-26,2025-12-23,0022500409,CHA,WAS,1,CHA,17.0,0.6222548220865428,1405.0546745844708,1332.762741405038,0.6496775199660024,0.3503224800339976,0.4011342849479459,0.24450964417308563,0.4011342849479459,1.401134284947946,14.725465126908787,-14.725465126908787,1419.7801397113797,1318.0372762781292
2025-26,2025-12-23,0022500410,PHI,BKN,0,BKN,8.0,0.538945332477128,1550.785225894317,1409.3967105401987,0.734070515243047,0.265929484756953,0.197375320224904,0.0778906649542559,0.197375320224904,1.197375320224904,-26.36873754770411,26.36873754770411,1524.4164883466128,1435.7654480879028
2025-26,2025-12-23,0022500411,ATL,CHI,0,CHI,3.0,0.2383199106281002,1458.1976163907311,1427.4814755894113,0.5934612125011309,0.40653878749886907,0.07485969068749909,0.0,0.07485969068749909,1.0748596906874992,-19.136626059119813,19.136626059119813,1439.0609903316113,1446.6181016485311
2025-26,2025-12-23,0022500412,CLE,NOP,1,CLE,23.0,0.8955999319151873,1457.3522330034295,1406.6864183813937,0.6208439897759715,0.37915601022402845,0.5190218338982221,0.7911998638303746,0.5190218338982221,1.519021833898222,17.2783877395211,-17.2783877395211,1474.6306207429507,1389.4080306418725
2025-26,2025-12-23,0022500413,IND,MIL,0,MIL,17.0,0.7948406774587219,1323.25112717832,1392.4573992740675,0.45093165653691514,0.5490683434630849,0.4011342849479459,0.5896813549174438,0.4011342849479459,1.401134284947946,-18.9544741242673,18.9544741242673,1304.2966530540527,1411.4118733983348
2025-26,2025-12-23,0022500414,MIA,TOR,0,TOR,21.0,0.7338775045049017,1488.7033861005557,1489.4747870745434,0.5491001648499844,0.45089983515001564,0.48154979836430795,0.4677550090098035,0.48154979836430795,1.481549798364308,-24.405577155459078,24.405577155459078,1464.2978089450967,1513.8803642300024
2025-26,2025-12-23,0022500415,DAL,DEN,1,DAL,1.0,0.528895782970099,1447.5553722186996,1643.508256581094,0.28363141027980526,0.7163685897201948,0.02499479296842069,0.057791565940197964,0.02499479296842069,1.0249947929684207,22.028222229279915,-22.028222229279915,1469.5835944479795,1621.480034351814
2025-26,2025-12-23,0022500416,MIN,NYK,1,MIN,11.0,0.7331930392877095,1592.3460110710066,1638.032923602276,0.4846251451936793,0.5153748548063207,0.2682711820216014,0.466386078575419,0.2682711820216014,1.2682711820216013,19.609052288682708,-19.609052288682708,1611.9550633596893,1618.4238713135933
2025-26,2025-12-23,0022500417,SAS,OKC,1,SAS,20.0,0.7568252018342415,1666.9222648447233,1730.2162102598675,0.4593715145100389,0.5406284854899611,0.46211715726000974,0.513650403668483,0.46211715726000974,1.4621171572600098,23.71386553015099,-23.71386553015099,1690.6361303748743,1706.5023447297165
2025-26,2025-12-23,0022500418,PHX,LAL,1,PHX,24.0,0.7176021083030437,1540.1583195696899,1585.0217588748822,0.4858091819653236,0.5141908180346764,0.5370495669980352,0.43520421660608744,0.5370495669980352,1.5370495669980353,23.710103226436946,-23.710103226436946,1563.8684227961269,1561.3116556484451
2025-26,2025-12-23,0022500419,UTA,MEM,0,MEM,9.0,0.6844393187039532,1431.6267779244038,1475.0183859674357,0.48792585305325453,0.5120741469467455,0.22127846789844396,0.3688786374079065,0.22127846789844396,1.2212784678984439,-17.8768001479476,17.8768001479476,1413.7499777764563,1492.8951861153832
2025-26,2025-12-23,0022500420,POR,ORL,0,ORL,4.0,0.7352088618256514,1449.7295071022959,1549.8097276296273,0.40742227583551954,0.5925777241644805,0.09966799462495582,0.47041772365130274,0.09966799462495582,1.099667994624956,-13.440877111007444,13.440877111007444,1436.2886299912884,1563.2506047406348
2025-26,2025-12-23,0022500421,SAC,DET,0,DET,9.0,0.9436188265930344,1353.9707228408201,1663.8952130227574,0.17042862250933755,0.8295713774906625,0.22127846789844396,0.8872376531860688,0.22127846789844396,1.2212784678984439,-6.24422420952738,6.24422420952738,1347.7264986312928,1670.1394372322848
2025-26,2025-12-23,0022500422,LAC,HOU,1,LAC,20.0,0.5595782240894105,1379.3200164986588,1585.9003291470844,0.27136746510150855,0.7286325348984914,0.46211715726000974,0.11915644817882098,0.46211715726000974,1.4621171572600098,31.960383918388114,-31.960383918388114,1411.2804004170468,1553.9399452286964
2025-26,2025-12-25,0022500009,NYK,CLE,1,NYK,2.0,0.4203641488589347,1618.4238713135933,1474.6306207429507,0.7367640054557292,0.2632359945442708,0.04995837495787997,0.0,0.04995837495787997,1.04995837495788,8.291605111863719,-8.291605111863719,1626.715476425457,1466.339015631087
2025-26,2025-12-25,0022500010,OKC,SAS,0,SAS,15.0,0.5789285090537225,1706.5023447297165,1690.6361303748743,0.572683797489889,0.42731620251011104,0.35835739835078595,0.157857018107445,0.35835739835078595,1.358357398350786,-23.337278197080416,23.337278197080416,1683.165066532636,1713.9734085719547
2025-26,2025-12-25,0022500011,GSW,DAL,1,GSW,10.0,0.8217216290471454,1517.3146567777142,1469.5835944479795,0.6168592061149888,0.3831407938850112,0.24491866240370913,0.6434432580942908,0.24491866240370913,1.2449186624037092,14.309373739068702,-14.309373739068702,1531.6240305167828,1455.274220708911
2025-26,2025-12-25,0022500012,LAL,HOU,0,HOU,23.0,0.7632197554007709,1561.3116556484451,1553.9399452286964,0.560677269826948,0.439322730173052,0.5190218338982221,0.5264395108015418,0.5190218338982221,1.519021833898222,-25.550430439127364,25.550430439127364,1535.7612252093177,1579.4903756678239
2025-26,2025-12-25,0022500013,DEN,MIN,1,DEN,4.0,0.6754359045226432,1621.480034351814,1611.9550633596893,0.5637280916270581,0.43627190837294194,0.09966799462495582,0.3508718090452865,0.09966799462495582,1.099667994624956,14.392627637750268,-14.392627637750268,1635.8726619895644,1597.562435721939
2025-26,2025-12-26,0022500423,ATL,MIA,0,MIA,15.0,0.6668793599374153,1439.0609903316113,1464.2978089450967,0.5140466503370649,0.48595334966293513,0.35835739835078595,0.33375871987483063,0.35835739835078595,1.358357398350786,-20.947772117483748,20.947772117483748,1418.1132182141275,1485.2455810625804
2025-26,2025-12-26,0022500424,ORL,CHA,0,CHA,15.0,0.6883325676068973,1563.2506047406348,1419.7801397113797,0.736403481255942,0.263596518744058,0.35835739835078595,0.37666513521379463,0.35835739835078595,1.358357398350786,-30.008973508058492,30.008973508058492,1533.2416312325763,1449.7891132194381
2025-26,2025-12-26,0022500425,WAS,TOR,1,WAS,21.0,0.5921056966959601,1318.0372762781292,1513.8803642300024,0.2837598484412711,0.7162401515587289,0.48154979836430795,0.18421139339192028,0.48154979836430795,1.481549798364308,31.834363563667683,-31.834363563667683,1349.8716398417969,1482.0460006663347
2025-26,2025-12-26,0022500426,IND,BOS,0,BOS,18.0,0.8227010941565641,1304.2966530540527,1608.049750650487,0.17551026068409206,0.824489739315908,0.4218990052500079,0.6454021883131282,0.4218990052500079,1.4218990052500078,-7.486735952336401,7.486735952336401,1296.8099171017163,1615.5364866028235
2025-26,2025-12-26,0022500427,CHI,PHI,1,CHI,7.0,0.4497787892632187,1446.6181016485311,1524.4164883466128,0.43871782697286305,0.5612821730271369,0.1732351578346601,0.0,0.1732351578346601,1.17323515783466,19.755479365838216,-19.755479365838216,1466.3735810143694,1504.6610089807746
2025-26,2025-12-26,0022500428,MEM,MIL,1,MEM,21.0,0.7540307900340606,1492.8951861153832,1411.4118733983348,0.6616222387736244,0.33837776122637564,0.48154979836430795,0.5080615800681212,0.48154979836430795,1.481549798364308,15.039705117477084,-15.039705117477084,1507.9348912328603,1396.3721682808577
2025-26,2025-12-26,0022500429,NOP,PHX,0,PHX,7.0,0.6498467109582594,1389.4080306418725,1563.8684227961269,0.3094272003595321,0.6905727996404679,0.1732351578346601,0.2996934219165188,0.1732351578346601,1.17323515783466,-10.890926107564578,10.890926107564578,1378.517104534308,1574.7593489036915
2025-26,2025-12-26,0022500430,UTA,DET,1,UTA,2.0,0.3953249691675106,1413.7499777764563,1670.1394372322848,0.21850153043784948,0.7814984695621505,0.04995837495787997,0.0,0.04995837495787997,1.04995837495788,24.616225894006377,-24.616225894006377,1438.3662036704627,1645.5232113382783
2025-26,2025-12-26,0022500431,POR,LAC,0,LAC,16.0,0.4246907373672002,1436.2886299912884,1411.2804004170468,0.585510175635092,0.414489824364908,0.3799489622552249,0.0,0.3799489622552249,1.379948962255225,-24.239224777725592,24.239224777725592,1412.0494052135627,1435.5196251947725
2025-26,2025-12-27,0022500432,SAC,DAL,1,SAC,6.0,0.7858826370475194,1347.7264986312928,1455.274220708911,0.3970868202012842,0.6029131797987157,0.14888503362331795,0.5717652740950387,0.14888503362331795,1.1488850336233178,20.78033786534967,-20.78033786534967,1368.5068364966423,1434.4938828435613
2025-26,2025-12-27,0022500433,ORL,DEN,1,ORL,1.0,0.3162055883261686,1533.2416312325763,1635.8726619895644,0.4038820890440952,0.5961179109559047,0.02499479296842069,0.0,0.02499479296842069,1.0249947929684207,18.330532641750448,-18.330532641750448,1551.5721638743269,1617.542129347814
2025-26,2025-12-27,0022500434,NOP,PHX,0,PHX,9.0,0.7897584803370086,1378.517104534308,1574.7593489036915,0.28329308965821404,0.716706910341786,0.22127846789844396,0.5795169606740171,0.22127846789844396,1.2212784678984439,-10.379392515120005,10.379392515120005,1368.1377120191878,1585.1387414188116
2025-26,2025-12-27,0022500435,ATL,NYK,0,NYK,3.0,0.8066065044950745,1418.1132182141275,1626.715476425457,0.26907220222585915,0.7309277977741409,0.07485969068749909,0.6132130089901491,0.07485969068749909,1.0748596906874992,-8.676445921712736,8.676445921712736,1409.4367722924148,1635.3919223471696
2025-26,2025-12-27,0022500436,MIA,IND,1,MIA,26.0,0.7831424824727905,1485.2455810625804,1296.8099171017163,0.783503147993786,0.21649685200621405,0.5716699660851172,0.566284964945581,0.5716699660851172,1.5716699660851172,10.207848001504232,-10.207848001504232,1495.4534290640847,1286.602069100212
2025-26,2025-12-27,0022500437,CHI,MIL,0,MIL,9.0,0.5192968884213931,1466.3735810143694,1396.3721682808577,0.6466707004693236,0.3533292995306764,0.22127846789844396,0.0385937768427862,0.22127846789844396,1.2212784678984439,-23.69295006911967,23.69295006911967,1442.6806309452497,1420.0651183499774
2025-26,2025-12-27,0022500438,HOU,CLE,1,HOU,17.0,0.8443136451496845,1579.4903756678239,1466.339015631087,0.7011599978149128,0.2988400021850872,0.4011342849479459,0.6886272902993691,0.4011342849479459,1.401134284947946,12.561449183263344,-12.561449183263344,1592.0518248510873,1453.7775664478236
2025-26,2025-12-27,0022500439,MIN,BKN,0,BKN,16.0,0.5110218692267599,1597.562435721939,1435.7654480879028,0.7563653068130789,0.2436346931869211,0.3799489622552249,0.0220437384535197,0.3799489622552249,1.379948962255225,-31.312365606676895,31.312365606676895,1566.2500701152621,1467.0778136945796
2025-26,2025-12-27,0022500440,SAS,UTA,0,UTA,13.0,0.4709514242514139,1713.9734085719547,1438.3662036704627,0.8566817481964857,0.14331825180351432,0.3140209253469976,0.0,0.3140209253469976,1.3140209253469977,-33.77093230479089,33.77093230479089,1680.2024762671638,1472.1371359752536
2025-26,2025-12-28,0022500441,TOR,GSW,1,TOR,14.0,0.4694080678129909,1482.0460006663347,1531.6240305167828,0.47903283177205236,0.5209671682279476,0.3363755443363322,0.0,0.3363755443363322,1.3363755443363323,20.886233490659436,-20.886233490659436,1502.9322341569941,1510.7377970261234
2025-26,2025-12-28,0022500442,OKC,PHI,1,OKC,25.0,0.7892435274169677,1683.165066532636,1504.6610089807746,0.7736484326194254,0.2263515673805746,0.5545997223493823,0.5784870548339354,0.5545997223493823,1.5545997223493822,10.55658251409566,-10.55658251409566,1693.7216490467317,1494.104426466679
2025-26,2025-12-28,0022500443,WAS,MEM,1,WAS,4.0,0.5133541425943581,1349.8716398417969,1507.9348912328603,0.32995048378852104,0.670049516211479,0.09966799462495582,0.026708285188716152,0.09966799462495582,1.099667994624956,22.104960233750973,-22.104960233750973,1371.9766000755478,1485.8299309991094
2025-26,2025-12-28,0022500444,POR,BOS,1,POR,6.0,0.4357728572401943,1412.0494052135627,1615.5364866028235,0.2749025068376369,0.725097493162363,0.14888503362331795,0.0,0.14888503362331795,1.1488850336233178,24.991609734360747,-24.991609734360747,1437.0410149479235,1590.5448768684628
2025-26,2025-12-28,0022500445,LAC,DET,1,LAC,13.0,0.6698624309452458,1435.5196251947725,1645.5232113382783,0.26748866536863797,0.7325113346313621,0.3140209253469976,0.33972486189049156,0.3140209253469976,1.3140209253469977,28.876056652783998,-28.876056652783998,1464.3956818475565,1616.6471546854943
2025-26,2025-12-28,0022500446,LAL,SAC,1,LAL,24.0,0.9220866441292068,1535.7612252093177,1368.5068364966423,0.7621077030945381,0.23789229690546188,0.5370495669980352,0.8441732882584136,0.5370495669980352,1.5370495669980353,10.969567558521247,-10.969567558521247,1546.730792767839,1357.537268938121
2025-26,2025-12-29,0022500447,CHA,MIL,0,MIL,10.0,0.5700614418591916,1449.7891132194381,1420.0651183499774,0.5920825553460334,0.4079174446539666,0.24491866240370913,0.14012288371838322,0.24491866240370913,1.2449186624037092,-22.11283868501862,22.11283868501862,1427.6762745344195,1442.177957034996
2025-26,2025-12-29,0022500448,WAS,PHX,0,PHX,14.0,0.766065456820571,1371.9766000755478,1585.1387414188116,0.26394118616629886,0.7360588138337012,0.3363755443363322,0.5321309136411421,0.3363755443363322,1.3363755443363323,-10.581736390072946,10.581736390072946,1361.3948636854748,1595.7204778088847
2025-26,2025-12-29,0022500449,BKN,GSW,0,GSW,13.0,0.5871215579793271,1467.0778136945796,1510.7377970261234,0.4875398624655153,0.5124601375344847,0.3140209253469976,0.17424311595865416,0.3140209253469976,1.3140209253469977,-19.21912743661453,19.21912743661453,1447.858686257965,1529.956924462738
2025-26,2025-12-29,0022500450,MIA,DEN,1,MIA,24.0,0.6864573517659057,1495.4534290640847,1617.542129347814,0.37722984274851024,0.6227701572514898,0.5370495669980352,0.37291470353181144,0.5370495669980352,1.5370495669980353,28.71685801628102,-28.71685801628102,1524.1702870803658,1588.8252713315328
2025-26,2025-12-29,0022500451,TOR,ORL,1,TOR,1.0,0.3215182664943858,1502.9322341569941,1551.5721638743269,0.4803806416967722,0.5196193583032278,0.02499479296842069,0.0,0.02499479296842069,1.0249947929684207,15.978214097592017,-15.978214097592017,1518.910448254586,1535.593949776735
2025-26,2025-12-29,0022500452,CHI,MIN,0,MIN,35.0,0.7479277045251731,1442.6806309452497,1566.2500701152621,0.37522946898645787,0.6247705310135421,0.703905603936621,0.4958554090503462,0.703905603936621,1.703905603936621,-19.18066784904564,19.18066784904564,1423.499963096204,1585.4307379643078
2025-26,2025-12-29,0022500453,HOU,IND,1,HOU,7.0,0.9420145846758452,1592.0518248510873,1286.602069100212,0.8765098267163932,0.12349017328360679,0.1732351578346601,0.8840291693516904,0.1732351578346601,1.17323515783466,4.346490388302658,-4.346490388302658,1596.39831523939,1282.2555787119093
2025-26,2025-12-29,0022500454,NOP,NYK,0,NYK,5.0,0.6114319718136296,1368.1377120191878,1635.3919223471696,0.2080099841497868,0.7919900158502132,0.12435300177159621,0.22286394362725925,0.12435300177159621,1.1243530017715961,-7.016299502318248,7.016299502318248,1361.1214125168694,1642.408221849488
2025-26,2025-12-29,0022500455,OKC,ATL,1,OKC,11.0,0.7596592648203173,1693.7216490467317,1409.4367722924148,0.8627062540637621,0.1372937459362379,0.2682711820216014,0.5193185296406346,0.2682711820216014,1.2682711820216013,5.223771043281776,-5.223771043281776,1698.9454200900136,1404.213001249133
2025-26,2025-12-29,0022500456,SAS,CLE,0,CLE,12.0,0.4326222633319493,1680.2024762671638,1453.7775664478236,0.8183015922020243,0.18169840779797575,0.2913126124515909,0.0,0.2913126124515909,1.2913126124515908,-31.700495003990767,31.700495003990767,1648.501981263173,1485.4780614518143
2025-26,2025-12-29,0022500457,POR,DAL,1,POR,3.0,0.7486405494478015,1437.0410149479235,1434.4938828435613,0.5538252881327498,0.4461747118672502,0.07485969068749909,0.4972810988956029,0.07485969068749909,1.0748596906874992,14.387256383706498,-14.387256383706498,1451.42827133163,1420.1066264598549
2025-26,2025-12-30,0022500458,MEM,PHI,0,PHI,3.0,0.4998023605337308,1485.8299309991094,1494.104426466679,0.5383854134402231,0.46161458655977694,0.07485969068749909,0.0,0.07485969068749909,1.0748596906874992,-17.360663368830586,17.360663368830586,1468.4692676302789,1511.4650898355094
2025-26,2025-12-30,0022500459,UTA,BOS,0,BOS,10.0,0.6688551299176307,1472.1371359752536,1590.5448768684628,0.38222058935429537,0.6177794106457046,0.24491866240370913,0.3377102598352615,0.24491866240370913,1.2449186624037092,-14.275006345263204,14.275006345263204,1457.8621296299905,1604.819883213726
2025-26,2025-12-30,0022500460,LAL,DET,0,DET,22.0,0.700082857136634,1546.730792767839,1616.6471546854943,0.44991980123406317,0.5500801987659368,0.5005202111902353,0.40016571427326797,0.5005202111902353,1.5005202111902354,-20.253412654992157,20.253412654992157,1526.4773801128467,1636.9005673404865
2025-26,2025-12-30,0022500461,LAC,SAC,1,LAC,41.0,0.9072370130320392,1464.3956818475565,1357.537268938121,0.6935147051485526,0.3064852948514474,0.7718952374404182,0.8144740260640784,0.7718952374404182,1.7718952374404182,16.29179502878406,-16.29179502878406,1480.6874768763405,1341.245473909337
2025-26,2025-12-31,0022500462,CHA,GSW,0,GSW,7.0,0.6328518328994203,1427.6762745344195,1529.956924462738,0.40436778764578934,0.5956322123542106,0.1732351578346601,0.2657036657988405,0.1732351578346601,1.17323515783466,-14.232555154855797,14.232555154855797,1413.4437193795636,1544.1894796175939
2025-26,2025-12-31,0022500463,ATL,MIN,1,ATL,24.0,0.7816542331408709,1404.213001249133,1585.4307379643078,0.3011775066562891,0.6988224933437108,0.5370495669980352,0.5633084662817418,0.5370495669980352,1.5370495669980353,32.223744324073145,-32.223744324073145,1436.436745573206,1553.2069936402347
2025-26,2025-12-31,0022500464,IND,ORL,0,ORL,2.0,0.5811842827840398,1282.2555787119093,1535.593949776735,0.22151546903253785,0.7784845309674622,0.04995837495787997,0.16236856556807955,0.04995837495787997,1.04995837495788,-6.977460656803081,6.977460656803081,1275.2781180551062,1542.571410433538
2025-26,2025-12-31,0022500465,CLE,PHX,1,CLE,16.0,0.7774274900162386,1485.4780614518143,1595.7204778088847,0.39337912514703943,0.6066208748529606,0.3799489622552249,0.5548549800324771,0.3799489622552249,1.379948962255225,25.11317540207099,-25.11317540207099,1510.5912368538852,1570.6073024068137
2025-26,2025-12-31,0022500466,CHI,NOP,1,CHI,16.0,0.8003113739668496,1423.499963096204,1361.1214125168694,0.6365811775780755,0.36341882242192447,0.3799489622552249,0.6006227479336992,0.3799489622552249,1.379948962255225,15.044982805954518,-15.044982805954518,1438.5449459021586,1346.076429710915
2025-26,2025-12-31,0022500467,SAS,NYK,1,SAS,2.0,0.3912387477089133,1648.501981263173,1642.408221849488,0.5588644340413703,0.4411355659586297,0.04995837495787997,0.0,0.04995837495787997,1.04995837495788,13.895219459101426,-13.895219459101426,1662.3972007222744,1628.5130023903866
2025-26,2025-12-31,0022500468,TOR,DEN,0,DEN,3.0,0.6274400216263408,1518.910448254586,1588.8252713315328,0.4499219935880362,0.5500780064119638,0.07485969068749909,0.25488004325268165,0.07485969068749909,1.0748596906874992,-14.508090445846186,14.508090445846186,1504.40235780874,1603.333361777379
2025-26,2025-12-31,0022500469,MIL,WAS,0,WAS,1.0,0.435212198444642,1442.177957034996,1361.3948636854748,0.660719246249491,0.33928075375050903,0.02499479296842069,0.0,0.02499479296842069,1.0249947929684207,-20.317013610592436,20.317013610592436,1421.8609434244036,1381.7118772960673
2025-26,2025-12-31,0022500470,OKC,POR,1,OKC,29.0,0.9277713029438422,1698.9454200900136,1451.42827133163,0.8356620680532887,0.1643379319467113,0.619996867969374,0.8555426058876845,0.619996867969374,1.6199968679693741,7.9868080512670945,-7.9868080512670945,1706.9322281412808,1443.4414632803628
2025-26,2026-01-01,0022500471,BKN,HOU,0,HOU,24.0,0.891384914773286,1447.858686257965,1596.39831523939,0.3421817513106525,0.6578182486893476,0.5370495669980352,0.7827698295465719,0.5370495669980352,1.5370495669980353,-15.778509380600033,15.778509380600033,1432.080176877365,1612.1768246199902
2025-26,2026-01-01,0022500472,DET,MIA,0,MIA,6.0,0.6171408646897826,1636.9005673404865,1524.1702870803658,0.7006518529477456,0.29934814705225443,0.14888503362331795,0.23428172937956515,0.14888503362331795,1.1488850336233178,-24.149052828963317,24.149052828963317,1612.7515145115233,1548.319339909329
2025-26,2026-01-01,0022500473,DAL,PHI,0,PHI,15.0,0.7460574207708447,1420.1066264598549,1511.4650898355094,0.41959762562625,0.58040237437375,0.35835739835078595,0.4921148415416894,0.35835739835078595,1.358357398350786,-17.0989061729952,17.0989061729952,1403.0077202868597,1528.5639960085045
2025-26,2026-01-01,0022500474,SAC,BOS,0,BOS,14.0,0.695728186488656,1341.245473909337,1604.819883213726,0.2115212368447309,0.7884787631552691,0.3363755443363322,0.39145637297731195,0.3363755443363322,1.3363755443363323,-8.480154240812146,8.480154240812146,1332.7653196685249,1613.3000374545381
2025-26,2026-01-01,0022500475,LAC,UTA,1,LAC,17.0,0.7000276238222917,1480.6874768763405,1457.8621296299905,0.5824573955523621,0.4175426044476379,0.4011342849479459,0.40005524764458333,0.4011342849479459,1.401134284947946,17.550997755541324,-17.550997755541324,1498.238474631882,1440.311131874449
2025-26,2026-01-02,0022500476,IND,SAS,0,SAS,10.0,0.8979045480903489,1275.2781180551062,1662.3972007222744,0.11640118890962925,0.8835988110903708,0.24491866240370913,0.7958090961806978,0.24491866240370913,1.2449186624037092,-4.347300371987314,4.347300371987314,1270.930817683119,1666.7445010942618
2025-26,2026-01-02,0022500477,WAS,BKN,1,WAS,20.0,0.8390575353801252,1381.7118772960673,1432.080176877365,0.47789765235366966,0.5221023476463303,0.46211715726000974,0.6781150707602503,0.46211715726000974,1.4621171572600098,22.901244010182896,-22.901244010182896,1404.6131213062502,1409.178932867182
2025-26,2026-01-02,0022500478,CLE,DEN,1,CLE,5.0,0.4002052260324772,1510.5912368538852,1603.333361777379,0.4176591183205274,0.5823408816794726,0.12435300177159621,0.0,0.12435300177159621,1.1243530017715961,19.64270155111899,-19.64270155111899,1530.2339384050042,1583.69066022626
2025-26,2026-01-02,0022500479,NYK,ATL,0,ATL,12.0,0.6509244230377307,1628.5130023903866,1436.436745573206,0.7870368642714288,0.21296313572857117,0.2913126124515909,0.30184884607546136,0.2913126124515909,1.2913126124515908,-30.489318878941404,30.489318878941404,1598.0236835114451,1466.9260644521476
2025-26,2026-01-02,0022500480,CHI,ORL,1,CHI,7.0,0.4973968985925118,1438.5449459021586,1542.571410433538,0.4019496127598714,0.5980503872401286,0.1732351578346601,0.0,0.1732351578346601,1.17323515783466,21.049612214002554,-21.049612214002554,1459.5945581161611,1521.5217982195354
2025-26,2026-01-02,0022500481,MIL,CHA,1,MIL,1.0,0.460164871484869,1421.8609434244036,1413.4437193795636,0.5621591808867851,0.43784081911321493,0.02499479296842069,0.0,0.02499479296842069,1.0249947929684207,13.463536792202204,-13.463536792202204,1435.3244802166057,1399.9801825873615
2025-26,2026-01-02,0022500482,NOP,POR,0,POR,13.0,0.7025056984396685,1346.076429710915,1443.4414632803628,0.41120117709394927,0.5887988229060508,0.3140209253469976,0.40501139687933696,0.3140209253469976,1.3140209253469977,-16.209808536862976,16.209808536862976,1329.866621174052,1459.6512718172257
2025-26,2026-01-02,0022500483,PHX,SAC,1,PHX,27.0,0.8705361440425946,1570.6073024068137,1332.7653196685249,0.8278697967283979,0.1721302032716021,0.5882592563981054,0.7410722880851892,0.5882592563981054,1.5882592563981053,8.201621659554284,-8.201621659554284,1578.808924066368,1324.5636980089705
2025-26,2026-01-02,0022500484,GSW,OKC,0,OKC,37.0,0.8680907996432907,1544.1894796175939,1706.9322281412808,0.32402260128429466,0.6759773987157054,0.7282542059818115,0.7361815992865814,0.7282542059818115,1.7282542059818113,-16.79980270508249,16.79980270508249,1527.3896769125113,1723.7320308463634
2025-26,2026-01-02,0022500485,LAL,MEM,1,LAL,7.0,0.7322978049102756,1526.4773801128467,1468.4692676302789,0.6307411652422317,0.36925883475776833,0.1732351578346601,0.46459560982055126,0.1732351578346601,1.17323515783466,12.996823418366189,-12.996823418366189,1539.4742035312129,1455.4724442119127
2025-26,2026-01-03,0022500486,MIA,MIN,0,MIN,10.0,0.6994246802174086,1548.319339909329,1553.2069936402347,0.5432269673439507,0.4567730326560493,0.24491866240370913,0.3988493604348171,0.24491866240370913,1.2449186624037092,-20.288201687023637,20.288201687023637,1528.0311382223053,1573.4951953272584
2025-26,2026-01-03,0022500487,NYK,PHI,0,PHI,11.0,0.6725782081737027,1598.0236835114451,1528.5639960085045,0.645957854122076,0.35404214587792404,0.2682711820216014,0.34515641634740546,0.2682711820216014,1.2682711820216013,-24.577491935506274,24.577491935506274,1573.4461915759389,1553.1414879440108
2025-26,2026-01-03,0022500488,TOR,ATL,1,TOR,17.0,0.7218244160877333,1504.40235780874,1466.9260644521476,0.6028147362653391,0.3971852637346609,0.4011342849479459,0.4436488321754666,0.4011342849479459,1.401134284947946,16.695296714841763,-16.695296714841763,1521.0976545235817,1450.2307677373058
2025-26,2026-01-03,0022500489,CHI,CHA,0,CHA,13.0,0.4429408409678015,1459.5945581161611,1399.9801825873615,0.6328920970965066,0.3671079029034934,0.3140209253469976,0.0,0.3140209253469976,1.3140209253469977,-24.949003772146604,24.949003772146604,1434.6455543440145,1424.929186359508
2025-26,2026-01-03,0022500490,SAS,POR,0,POR,5.0,0.4977570116106007,1666.7445010942618,1459.6512718172257,0.8011664446559135,0.19883355534408653,0.12435300177159621,0.0,0.12435300177159621,1.1243530017715961,-27.02381690902661,27.02381690902661,1639.720684185235,1486.6750887262524
2025-26,2026-01-03,0022500491,DAL,HOU,1,DAL,6.0,0.526495619946056,1403.0077202868597,1612.1768246199902,0.2684309384972207,0.7315690615027792,0.14888503362331795,0.05299123989211196,0.14888503362331795,1.1488850336233178,25.214662374671985,-25.214662374671985,1428.2223826615316,1586.9621622453183
2025-26,2026-01-03,0022500492,GSW,UTA,1,GSW,9.0,0.6723347667884081,1527.3896769125113,1440.311131874449,0.6687951170221611,0.3312048829778389,0.22127846789844396,0.3446695335768162,0.22127846789844396,1.2212784678984439,12.134801761309754,-12.134801761309754,1539.524478673821,1428.1763301131393
2025-26,2026-01-03,0022500493,LAC,BOS,0,BOS,31.0,0.8681261189863452,1498.238474631882,1613.3000374545381,0.3867791232894799,0.6132208767105201,0.6498274636719203,0.7362522379726903,0.6498274636719203,1.6498274636719203,-19.14356459933795,19.14356459933795,1479.094910032544,1632.443602053876
2025-26,2026-01-04,0022500494,CLE,DET,0,DET,4.0,0.6751597503255794,1530.2339384050042,1612.7515145115233,0.43203991685512255,0.5679600831448774,0.09966799462495582,0.3503195006511588,0.09966799462495582,1.099667994624956,-14.25301406898016,14.25301406898016,1515.9809243360241,1627.0045285805033
2025-26,2026-01-04,0022500495,ORL,IND,1,ORL,8.0,0.7741426128542258,1521.5217982195354,1270.930817683119,0.838077647046862,0.16192235295313795,0.197375320224904,0.5482852257084516,0.197375320224904,1.197375320224904,5.816454876565005,-5.816454876565005,1527.3382530961005,1265.1143628065538
2025-26,2026-01-04,0022500496,BKN,DEN,1,BKN,12.0,0.6425499605232229,1409.178932867182,1583.69066022626,0.30936405891802005,0.69063594108198,0.2913126124515909,0.28509992104644577,0.2913126124515909,1.2913126124515908,26.754807039946037,-26.754807039946037,1435.933739907128,1556.935853186314
2025-26,2026-01-04,0022500497,MIA,NOP,1,MIA,19.0,0.8727725022306873,1528.0311382223053,1329.866621174052,0.7928519663946364,0.2071480336053636,0.44223035604572614,0.7455450044613745,0.44223035604572614,1.4422303560457261,8.962655467825067,-8.962655467825067,1536.9937936901304,1320.903965706227
2025-26,2026-01-04,0022500498,WAS,MIN,0,MIN,26.0,0.9019153787187963,1404.6131213062502,1573.4951953272584,0.3163304764185605,0.6836695235814395,0.5716699660851172,0.8038307574375927,0.5716699660851172,1.5716699660851172,-14.915013274333438,14.915013274333438,1389.6981080319167,1588.4102086015919
2025-26,2026-01-04,0022500499,PHX,OKC,1,PHX,3.0,0.3683720901794732,1578.808924066368,1723.7320308463634,0.34688310678871775,0.6531168932112823,0.07485969068749909,0.0,0.07485969068749909,1.0748596906874992,21.06027065459578,-21.06027065459578,1599.8691947209638,1702.6717601917676
2025-26,2026-01-04,0022500500,SAC,MIL,0,MIL,17.0,0.7974440659263201,1324.5636980089705,1435.3244802166057,0.39266728534151935,0.6073327146584806,0.4011342849479459,0.5948881318526402,0.4011342849479459,1.401134284947946,-16.505387882083223,16.505387882083223,1308.0583101268874,1451.8298680986888
2025-26,2026-01-04,0022500501,LAL,MEM,1,LAL,6.0,0.5212609365344462,1539.4742035312129,1455.4724442119127,0.6648602351694445,0.3351397648305555,0.14888503362331795,0.042521873068892324,0.14888503362331795,1.1488850336233178,11.551111799575908,-11.551111799575908,1551.0253153307888,1443.9213324123368
2025-26,2026-01-05,0022500502,DET,NYK,1,DET,31.0,0.8243106339561443,1627.0045285805033,1573.4461915759389,0.6247555485120103,0.3752444514879897,0.6498274636719203,0.6486212679122887,0.6498274636719203,1.6498274636719203,18.57265804966173,-18.57265804966173,1645.577186630165,1554.8735335262772
2025-26,2026-01-05,0022500503,BOS,CHI,1,BOS,14.0,0.8997197727631364,1632.443602053876,1434.6455543440145,0.7925052818435724,0.20749471815642762,0.3363755443363322,0.7994395455262728,0.3363755443363322,1.3363755443363323,8.318726007696295,-8.318726007696295,1640.7623280615724,1426.3268283363182
2025-26,2026-01-05,0022500504,TOR,ATL,1,TOR,18.0,0.8444550918332404,1521.0976545235817,1450.2307677373058,0.647808208457512,0.35219179154248803,0.4218990052500079,0.6889101836664808,0.4218990052500079,1.4218990052500078,15.023434741544454,-15.023434741544454,1536.121089265126,1435.2073329957614
2025-26,2026-01-05,0022500505,HOU,PHX,1,HOU,3.0,0.5077039006611126,1586.9621622453183,1599.8691947209638,0.5317515515799546,0.4682484484200454,0.07485969068749909,0.01540780132222519,0.07485969068749909,1.0748596906874992,15.099041473010143,-15.099041473010143,1602.0612037183284,1584.7701532479537
2025-26,2026-01-05,0022500506,OKC,CHA,0,CHA,27.0,0.6352023545802554,1702.6717601917676,1424.929186359508,0.8581843511318394,0.14181564886816056,0.5882592563981054,0.27040470916051085,0.5882592563981054,1.5882592563981053,-40.890577181434374,40.890577181434374,1661.7811830103333,1465.8197635409424
2025-26,2026-01-05,0022500507,PHI,DEN,0,DEN,1.0,0.5395755838551236,1553.1414879440108,1556.935853186314,0.544788146283875,0.45521185371612505,0.02499479296842069,0.07915116771024722,0.02499479296842069,1.0249947929684207,-16.7521503963567,16.7521503963567,1536.3893375476541,1573.6880035826707
2025-26,2026-01-05,0022500508,LAC,GSW,1,LAC,1.0,0.6487642708296578,1479.094910032544,1539.524478673821,0.46346911880785197,0.5365308811921481,0.02499479296842069,0.29752854165931564,0.02499479296842069,1.0249947929684207,16.498240784661302,-16.498240784661302,1495.5931508172052,1523.0262378891598
2025-26,2026-01-05,0022500509,POR,UTA,1,POR,20.0,0.893718269744681,1486.6750887262524,1428.1763301131393,0.6313987405825483,0.3686012594174517,0.46211715726000974,0.7874365394893621,0.46211715726000974,1.4621171572600098,16.168146767457117,-16.168146767457117,1502.8432354937095,1412.0081833456823
2025-26,2026-01-06,0022500510,IND,CLE,0,CLE,4.0,0.5017405141421801,1265.1143628065538,1515.9809243360241,0.22397890745853152,0.7760210925414684,0.09966799462495582,0.0034810282843602547,0.09966799462495582,1.099667994624956,-7.389073080096359,7.389073080096359,1257.7252897264575,1523.3699974161204
2025-26,2026-01-06,0022500511,WAS,ORL,1,WAS,8.0,0.6885643754547668,1389.6981080319167,1527.3382530961005,0.3564411859773082,0.6435588140226918,0.197375320224904,0.37712875090953357,0.197375320224904,1.197375320224904,23.1174432307194,-23.1174432307194,1412.815551262636,1504.2208098653812
2025-26,2026-01-06,0022500512,MEM,SAS,1,MEM,1.0,0.3413670428894046,1443.9213324123368,1639.720684185235,0.2838110201341269,0.7161889798658732,0.02499479296842069,0.0,0.02499479296842069,1.0249947929684207,22.02269925431655,-22.02269925431655,1465.9440316666535,1617.6979849309184
2025-26,2026-01-06,0022500513,MIN,MIA,1,MIN,28.0,0.7348543541185143,1588.4102086015919,1536.9937936901304,0.6218605602012257,0.3781394397987743,0.6043677771171634,0.4697087082370286,0.6043677771171634,1.6043677771171634,18.200241974108668,-18.200241974108668,1606.6104505757005,1518.7935517160217
2025-26,2026-01-06,0022500514,NOP,LAL,0,LAL,8.0,0.6907930061043912,1320.903965706227,1551.0253153307888,0.2454165734814971,0.754583426518503,0.197375320224904,0.3815860122087824,0.197375320224904,1.197375320224904,-8.815672447827188,8.815672447827188,1312.0882932583997,1559.840987778616
2025-26,2026-01-06,0022500515,SAC,DAL,0,DAL,2.0,0.3550844379949073,1308.0583101268874,1428.2223826615316,0.3798361340060942,0.6201638659939058,0.04995837495787997,0.0,0.04995837495787997,1.04995837495788,-11.964363900339666,11.964363900339666,1296.0939462265476,1440.1867465618714
2025-26,2026-01-07,0022500516,CHA,TOR,0,TOR,1.0,0.462799767513449,1465.8197635409424,1536.121089265126,0.44937141272785025,0.5506285872721497,0.02499479296842069,0.0,0.02499479296842069,1.0249947929684207,-13.818100744647287,13.818100744647287,1452.001662796295,1549.9391900097735
2025-26,2026-01-07,0022500517,DET,CHI,1,DET,15.0,0.7207140328238406,1645.577186630165,1426.3268283363182,0.8120800297755794,0.18791997022442064,0.35835739835078595,0.4414280656476812,0.35835739835078595,1.358357398350786,7.657874455566035,-7.657874455566035,1653.235061085731,1418.668953880752
2025-26,2026-01-07,0022500518,PHI,WAS,1,PHI,21.0,0.8562395987432035,1536.3893375476541,1412.815551262636,0.7135777113443781,0.2864222886556219,0.48154979836430795,0.7124791974864071,0.48154979836430795,1.481549798364308,12.730466520143407,-12.730466520143407,1549.1198040677975,1400.0850847424927
2025-26,2026-01-07,0022500519,ATL,NOP,1,ATL,17.0,0.9086873236940138,1435.2073329957614,1312.0882932583997,0.7130423884417517,0.2869576115582483,0.4011342849479459,0.8173746473880277,0.4011342849479459,1.401134284947946,12.0619844364311,-12.0619844364311,1447.2693174321926,1300.0263088219685
2025-26,2026-01-07,0022500520,BOS,DEN,0,DEN,4.0,0.4994481977830745,1640.7623280615724,1573.6880035826707,0.6428113104058564,0.3571886895941436,0.09966799462495582,0.0,0.09966799462495582,1.099667994624956,-21.206370739087443,21.206370739087443,1619.555957322485,1594.894374321758
2025-26,2026-01-07,0022500521,BKN,ORL,0,ORL,1.0,0.7022281157248801,1435.933739907128,1504.2208098653812,0.45224209192756915,0.5477579080724309,0.02499479296842069,0.4044562314497602,0.02499479296842069,1.0249947929684207,-13.906373681607125,13.906373681607125,1422.0273662255208,1518.1271835469884
2025-26,2026-01-07,0022500522,NYK,LAC,1,NYK,12.0,0.7108300256087549,1554.8735335262772,1495.5931508172052,0.6324452827829752,0.3675547172170248,0.2913126124515909,0.4216600512175097,0.2913126124515909,1.2913126124515908,14.23884126325266,-14.23884126325266,1569.11237478953,1481.3543095539526
2025-26,2026-01-07,0022500523,SAS,LAL,1,SAS,16.0,0.7465059012774791,1617.6979849309184,1559.840987778616,0.6305385390137523,0.36946146098624766,0.3799489622552249,0.49301180255495813,0.3799489622552249,1.379948962255225,15.295138790438154,-15.295138790438154,1632.9931237213566,1544.5458489881778
2025-26,2026-01-07,0022500524,MEM,PHX,0,PHX,19.0,0.8229173971070446,1465.9440316666535,1584.7701532479537,0.3816520618876848,0.6183479381123151,0.44223035604572614,0.6458347942140892,0.44223035604572614,1.4422303560457261,-16.512905673055833,16.512905673055833,1449.4311259935976,1601.2830589210096
2025-26,2026-01-07,0022500525,OKC,UTA,1,OKC,4.0,0.7715035729728781,1661.7811830103333,1412.0081833456823,0.8374376455221274,0.1625623544778726,0.09966799462495582,0.5430071459457562,0.09966799462495582,1.099667994624956,5.362938550505802,-5.362938550505802,1667.144121560839,1406.6452447951765
2025-26,2026-01-07,0022500526,GSW,MIL,1,GSW,7.0,0.7791637660583689,1523.0262378891598,1451.8298680986888,0.6482408144461774,0.3517591855538226,0.1732351578346601,0.5583275321167378,0.1732351578346601,1.17323515783466,12.380887307490914,-12.380887307490914,1535.4071251966507,1439.448980791198
2025-26,2026-01-07,0022500527,POR,HOU,1,POR,1.0,0.5137459737103847,1502.8432354937095,1602.0612037183284,0.40862116454304076,0.5913788354569592,0.02499479296842069,0.027491947420769325,0.02499479296842069,1.0249947929684207,18.18480681045335,-18.18480681045335,1521.028042304163,1583.876396907875
2025-26,2026-01-08,0022500528,CHA,IND,0,IND,2.0,0.5741615315449113,1452.001662796295,1257.7252897264575,0.7891519069096674,0.2108480930903326,0.04995837495787997,0.14832306308982268,0.04995837495787997,1.04995837495788,-24.8572996132136,24.8572996132136,1427.1443631830814,1282.5825893396711
2025-26,2026-01-08,0022500530,MIN,CLE,1,MIN,9.0,0.7308477303592695,1606.6104505757005,1523.3699974161204,0.6638830327105285,0.3361169672894715,0.22127846789844396,0.46169546071853906,0.22127846789844396,1.2212784678984439,12.314772445378713,-12.314772445378713,1618.9252230210793,1511.0552249707416
2025-26,2026-01-08,0022500531,UTA,DAL,1,UTA,2.0,0.5877370324492868,1406.6452447951765,1440.1867465618714,0.5020989353519946,0.49790106464800543,0.04995837495787997,0.17547406489857353,0.04995837495787997,1.04995837495788,15.683261781828545,-15.683261781828545,1422.328506577005,1424.5034847800428
2025-26,2026-01-09,0022500532,BOS,TOR,1,BOS,8.0,0.7484838396517767,1619.555957322485,1549.9391900097735,0.6461646195231394,0.3538353804768606,0.197375320224904,0.49696767930355334,0.197375320224904,1.197375320224904,12.710212560161452,-12.710212560161452,1632.2661698826464,1537.228977449612
2025-26,2026-01-09,0022500533,ORL,PHI,0,PHI,12.0,0.5594994722815075,1518.1271835469884,1549.1198040677975,0.5057668269252641,0.4942331730747359,0.2913126124515909,0.11899894456301507,0.2913126124515909,1.2913126124515908,-19.59309247704643,19.59309247704643,1498.534091069942,1568.712896544844
2025-26,2026-01-09,0022500534,WAS,NOP,0,NOP,21.0,0.7335428437541648,1400.0850847424927,1300.0263088219685,0.6851326025735864,0.31486739742641356,0.48154979836430795,0.4670856875083296,0.48154979836430795,1.481549798364308,-30.451742075871316,30.451742075871316,1369.6333426666213,1330.47805089784
2025-26,2026-01-09,0022500535,BKN,LAC,0,LAC,16.0,0.8073318723408739,1422.0273662255208,1481.3543095539526,0.46504781453897476,0.5349521854610253,0.3799489622552249,0.6146637446817478,0.3799489622552249,1.379948962255225,-19.25226747216356,19.25226747216356,1402.7750987533573,1500.6065770261162
2025-26,2026-01-09,0022500536,MEM,OKC,0,OKC,1.0,0.3145358386651302,1449.4311259935976,1667.144121560839,0.258883333008678,0.7411166669913221,0.02499479296842069,0.0,0.02499479296842069,1.0249947929684207,-7.960622049606138,7.960622049606138,1441.4705039439914,1675.1047436104452
2025-26,2026-01-09,0022500537,DEN,ATL,0,ATL,23.0,0.547060914880478,1594.894374321758,1447.2693174321926,0.7410195311955371,0.2589804688044629,0.5190218338982221,0.09412182976095607,0.5190218338982221,1.519021833898222,-33.76874541693137,33.76874541693137,1561.1256289048267,1481.038062849124
2025-26,2026-01-09,0022500538,PHX,NYK,1,PHX,5.0,0.6041785432387972,1601.2830589210096,1569.11237478953,0.5954797388685749,0.40452026113142514,0.12435300177159621,0.20835708647759432,0.12435300177159621,1.1243530017715961,13.644707096416434,-13.644707096416434,1614.927766017426,1555.4676676931135
2025-26,2026-01-09,0022500539,GSW,SAC,1,GSW,34.0,0.8272783629658322,1535.4071251966507,1296.0939462265476,0.8290732759650944,0.1709267240349056,0.6910694698329306,0.6545567259316645,0.6910694698329306,1.6910694698329305,8.671468937819622,-8.671468937819622,1544.0785941344702,1287.422477288728
2025-26,2026-01-09,0022500540,POR,HOU,1,POR,6.0,0.363206720039921,1521.028042304163,1583.876396907875,0.46000860325596754,0.5399913967440324,0.14888503362331795,0.0,0.14888503362331795,1.1488850336233178,18.6116410201371,-18.6116410201371,1539.6396833243,1565.264755887738
2025-26,2026-01-09,0022500541,LAL,MIL,0,MIL,4.0,0.4434542073692299,1544.5458489881778,1439.448980791198,0.6913551514612116,0.3086448485387884,0.09966799462495582,0.0,0.09966799462495582,1.099667994624956,-22.807833989429497,22.807833989429497,1521.7380149987482,1462.2568147806276
2025-26,2026-01-10,0022500542,CLE,MIN,1,CLE,12.0,0.5403654640581872,1511.0552249707416,1618.9252230210793,0.39664276103132373,0.6033572389686763,0.2913126124515909,0.08073092811637439,0.2913126124515909,1.2913126124515908,23.373684374826606,-23.373684374826606,1534.4289093455682,1595.5515386462528
2025-26,2026-01-10,0022500543,IND,MIA,1,IND,24.0,0.7926360467428135,1282.5825893396711,1518.7935517160217,0.2389829764766063,0.7610170235233937,0.5370495669980352,0.585272093485627,0.5370495669980352,1.5370495669980353,35.09162659454298,-35.09162659454298,1317.674215934214,1483.7019251214788
2025-26,2026-01-10,0022500544,DET,LAC,0,LAC,6.0,0.1443021947135113,1653.235061085731,1500.6065770261162,0.7465084365224148,0.25349156347758517,0.14888503362331795,0.0,0.14888503362331795,1.1488850336233178,-25.72957110582435,25.72957110582435,1627.5054899799068,1526.3361481319405
2025-26,2026-01-10,0022500545,BOS,SAS,0,SAS,5.0,0.3774136879574506,1632.2661698826464,1632.9931237213566,0.5491635117934425,0.45083648820655753,0.12435300177159621,0.0,0.12435300177159621,1.1243530017715961,-18.523609288451652,18.523609288451652,1613.7425605941949,1651.5167330098081
2025-26,2026-01-10,0022500546,CHI,DAL,1,CHI,18.0,0.8423900430194206,1418.668953880752,1424.5034847800428,0.5418741711197151,0.45812582888028486,0.4218990052500079,0.6847800860388411,0.4218990052500079,1.4218990052500078,19.54225981092637,-19.54225981092637,1438.2112136916785,1404.9612249691163
2025-26,2026-01-10,0022500547,UTA,CHA,0,CHA,55.0,0.920098278560436,1422.328506577005,1427.1443631830814,0.5433295176031628,0.45667048239683716,0.8798266996519848,0.840196557120872,0.8798266996519848,1.8798266996519848,-30.640960016983755,30.640960016983755,1391.6875465600212,1457.7853232000652
2025-26,2026-01-11,0022500548,ORL,NOP,1,ORL,10.0,0.6085085461081731,1498.534091069942,1330.47805089784,0.7629433297132858,0.23705667028671418,0.24491866240370913,0.21701709221634613,0.24491866240370913,1.2449186624037092,8.8534881866164,-8.8534881866164,1507.3875792565584,1321.6245627112235
2025-26,2026-01-11,0022500549,MEM,BKN,1,MEM,5.0,0.6971201713936817,1441.4705039439914,1402.7750987533573,0.6044937769017001,0.39550622309829986,0.12435300177159621,0.3942403427873633,0.12435300177159621,1.1243530017715961,13.340658274797601,-13.340658274797601,1454.811162218789,1389.4344404785597
2025-26,2026-01-11,0022500550,TOR,PHI,1,TOR,1.0,0.5283358680058576,1537.228977449612,1568.712896544844,0.5050598744364656,0.4949401255635344,0.02499479296842069,0.05667173601171527,0.02499479296842069,1.0249947929684207,15.219331546012771,-15.219331546012771,1552.448308995625,1553.493564998831
2025-26,2026-01-11,0022500551,POR,NYK,0,NYK,9.0,0.6875944855881648,1539.6396833243,1555.4676676931135,0.5275627778520914,0.4724372221479086,0.22127846789844396,0.37518897117632966,0.22127846789844396,1.2212784678984439,-19.329031831663478,19.329031831663478,1520.3106514926365,1574.796699524777
2025-26,2026-01-11,0022500552,MIN,SAS,1,MIN,1.0,0.3043835022471224,1595.5515386462528,1651.5167330098081,0.4698652270864563,0.5301347729135437,0.02499479296842069,0.0,0.02499479296842069,1.0249947929684207,16.301561454236353,-16.301561454236353,1611.8531001004892,1635.2151715555717
2025-26,2026-01-11,0022500553,OKC,MIA,1,OKC,12.0,0.7070970728082789,1675.1047436104452,1483.7019251214788,0.7863863811770242,0.2136136188229758,0.2913126124515909,0.4141941456165579,0.2913126124515909,1.2913126124515908,8.275258805326056,-8.275258805326056,1683.3800024157713,1475.4266663161527
2025-26,2026-01-11,0022500554,DEN,MIL,1,DEN,4.0,0.7534026110130879,1561.1256289048267,1462.2568147806276,0.6836530157819152,0.3163469842180848,0.09966799462495582,0.5068052220261758,0.09966799462495582,1.099667994624956,10.436299612222617,-10.436299612222617,1571.5619285170494,1451.8205151684049
2025-26,2026-01-11,0022500555,PHX,WAS,1,PHX,19.0,0.9128701929934324,1614.927766017426,1369.6333426666213,0.8338973582594905,0.16610264174050948,0.44223035604572614,0.8257403859868648,0.44223035604572614,1.4422303560457261,7.18674816412652,-7.18674816412652,1622.1145141815525,1362.4465945024947
2025-26,2026-01-11,0022500556,GSW,ATL,0,ATL,13.0,0.5914709959062101,1544.0785941344702,1481.038062849124,0.6374622989543091,0.36253770104569094,0.3140209253469976,0.1829419918124202,0.3140209253469976,1.3140209253469977,-25.12916399837297,25.12916399837297,1518.9494301360974,1506.1672268474967
2025-26,2026-01-11,0022500557,SAC,HOU,1,SAC,13.0,0.4728909576446232,1287.422477288728,1565.264755887738,0.1981475709041815,0.8018524290958184,0.3140209253469976,0.0,0.3140209253469976,1.3140209253469977,31.609526126166756,-31.609526126166756,1319.0320034148947,1533.6552297615713
2025-26,2026-01-12,0022500558,CLE,UTA,0,UTA,11.0,0.5366070294744957,1534.4289093455682,1391.6875465600212,0.7355879697048409,0.26441203029515914,0.2682711820216014,0.07321405894899136,0.2682711820216014,1.2682711820216013,-27.987750714552853,27.987750714552853,1506.4411586310152,1419.6752972745742
2025-26,2026-01-12,0022500559,IND,BOS,1,IND,2.0,0.4440549478752332,1317.674215934214,1613.7425605941949,0.18200378935053607,0.8179962106494639,0.04995837495787997,0.0,0.04995837495787997,1.04995837495788,25.765859161656447,-25.765859161656447,1343.4400750958705,1587.9767014325384
2025-26,2026-01-12,0022500560,TOR,PHI,0,PHI,13.0,0.8527520263269414,1552.448308995625,1553.493564998831,0.5487098261637208,0.45129017383627923,0.3140209253469976,0.7055040526538827,0.3140209253469976,1.3140209253469977,-21.630485805679278,21.630485805679278,1530.8178231899458,1575.1240508045103
2025-26,2026-01-12,0022500561,DAL,BKN,1,DAL,8.0,0.7862930583395064,1404.9612249691163,1389.4344404785597,0.5722055732913092,0.42779442670869083,0.197375320224904,0.5725861166790127,0.197375320224904,1.197375320224904,15.366914660122438,-15.366914660122438,1420.3281396292386,1374.0675258184374
2025-26,2026-01-12,0022500562,SAC,LAL,1,SAC,12.0,0.6294252244600406,1319.0320034148947,1521.7380149987482,0.2757996457265468,0.7242003542734532,0.2913126124515909,0.25885044892008113,0.2913126124515909,1.2913126124515908,28.055071542456613,-28.055071542456613,1347.0870749573512,1493.6829434562917
2025-26,2026-01-12,0022500563,LAC,CHA,1,LAC,8.0,0.6402945044843688,1526.3361481319405,1457.7853232000652,0.6447604414832331,0.3552395585167669,0.197375320224904,0.2805890089687375,0.197375320224904,1.197375320224904,12.76065240406702,-12.76065240406702,1539.0968005360075,1445.0246707959982
2025-26,2026-01-13,0022500564,MIA,PHX,1,MIA,6.0,0.6009778730271178,1475.4266663161527,1622.1145141815525,0.34458520201116905,0.655414797988831,0.14888503362331795,0.2019557460542356,0.14888503362331795,1.1488850336233178,22.589887566738543,-22.589887566738543,1498.0165538828912,1599.524626614814
2025-26,2026-01-13,0022500565,HOU,CHI,1,HOU,6.0,0.6466955938976672,1533.6552297615713,1438.2112136916785,0.6793739272632965,0.3206260727367035,0.14888503362331795,0.29339118779533435,0.14888503362331795,1.1488850336233178,11.050874890698598,-11.050874890698598,1544.70610465227,1427.1603388009798
2025-26,2026-01-13,0022500566,MIL,MIN,0,MIN,33.0,0.918254898663252,1451.8205151684049,1611.8531001004892,0.32744904663639557,0.6725509533636045,0.6777821008468294,0.8365097973265041,0.6777821008468294,1.6777821008468294,-16.481644481577096,16.481644481577096,1435.3388706868277,1628.3347445820664
2025-26,2026-01-13,0022500567,NOP,DEN,0,DEN,6.0,0.5815502386229734,1321.6245627112235,1571.5619285170494,0.22490998141347116,0.7750900185865288,0.14888503362331795,0.16310047724594678,0.14888503362331795,1.1488850336233178,-7.7518713467530675,7.7518713467530675,1313.8726913644705,1579.3137998638024
2025-26,2026-01-13,0022500568,OKC,SAS,1,OKC,21.0,0.8158149999711248,1683.3800024157713,1635.2151715555717,0.6174491779134037,0.3825508220865963,0.48154979836430795,0.6316299999422497,0.48154979836430795,1.481549798364308,17.00304279979491,-17.00304279979491,1700.3830452155662,1618.2121287557768
2025-26,2026-01-13,0022500569,LAL,ATL,1,LAL,25.0,0.8574701275324657,1493.6829434562917,1506.1672268474967,0.5323574359029927,0.46764256409700733,0.5545997223493823,0.7149402550649313,0.5545997223493823,1.5545997223493822,21.80991000911882,-21.80991000911882,1515.4928534654105,1484.357316838378
2025-26,2026-01-13,0022500570,GSW,POR,1,GSW,22.0,0.9012977938664456,1518.9494301360974,1520.3106514926365,0.54825939115824,0.45174060884176004,0.5005202111902353,0.8025955877328912,0.5005202111902353,1.5005202111902354,20.3353774134733,-20.3353774134733,1539.2848075495706,1499.9752740791632
2025-26,2026-01-14,0022500571,IND,TOR,0,TOR,14.0,0.9152874262147492,1343.4400750958705,1530.8178231899458,0.2937673002241962,0.7062326997758037,0.3363755443363322,0.8305748524294985,0.3363755443363322,1.3363755443363323,-11.777503072359751,11.777503072359751,1331.6625720235108,1542.5953262623054
2025-26,2026-01-14,0022500572,PHI,CLE,0,CLE,26.0,0.774958977263165,1575.1240508045103,1506.4411586310152,0.6449345510747606,0.3550654489252394,0.5716699660851172,0.54991795452633,0.5716699660851172,1.5716699660851172,-30.408727920443678,30.408727920443678,1544.7153228840666,1536.849886551459
2025-26,2026-01-14,0022500573,CHI,UTA,1,CHI,2.0,0.6890128190463616,1427.1603388009798,1419.6752972745742,0.5608379581224922,0.43916204187750785,0.04995837495787997,0.37802563809272316,0.04995837495787997,1.04995837495788,13.833055914986778,-13.833055914986778,1440.9933947159666,1405.8422413595874
2025-26,2026-01-14,0022500574,NOP,BKN,1,NOP,3.0,0.4525639277044683,1313.8726913644705,1374.0675258184374,0.46380514175874227,0.5361948582412577,0.07485969068749909,0.0,0.07485969068749909,1.0748596906874992,17.29002718432277,-17.29002718432277,1331.1627185487932,1356.7774986341146
2025-26,2026-01-14,0022500575,DAL,DEN,0,DEN,9.0,0.8705519705494065,1420.3281396292386,1579.3137998638024,0.32877763548930616,0.6712223645106938,0.22127846789844396,0.741103941098813,0.22127846789844396,1.2212784678984439,-12.045871408489587,12.045871408489587,1408.282268220749,1591.359671272292
2025-26,2026-01-14,0022500576,SAC,NYK,1,SAC,11.0,0.7404764328400293,1347.0870749573512,1574.796699524777,0.24799660686467676,0.7520033931353233,0.2682711820216014,0.48095286568005857,0.2682711820216014,1.2682711820216013,28.612326968879742,-28.612326968879742,1375.6994019262308,1546.1843725558974
2025-26,2026-01-14,0022500577,LAC,WAS,1,LAC,14.0,0.8602645357615418,1539.0968005360075,1362.4465945024947,0.7717741987524069,0.22822580124759306,0.3363755443363322,0.7205290715230837,0.3363755443363322,1.3363755443363323,9.149861381215434,-9.149861381215434,1548.246661917223,1353.2967331212792
2025-26,2026-01-15,0022500578,ORL,MEM,1,ORL,7.0,0.5547978379484265,1507.3875792565584,1454.811162218789,0.6234294939602973,0.37657050603970266,0.1732351578346601,0.10959567589685304,0.1732351578346601,1.17323515783466,13.254172712681049,-13.254172712681049,1520.6417519692395,1441.5569895061078
2025-26,2026-01-15,0022500579,DET,PHX,1,DET,3.0,0.548839978761971,1627.5054899799068,1599.524626614814,0.5896568490710897,0.41034315092891027,0.07485969068749909,0.09767995752394198,0.07485969068749909,1.0748596906874992,13.231839368495468,-13.231839368495468,1640.7373293484022,1586.2927872463185
2025-26,2026-01-15,0022500580,MIA,BOS,0,BOS,5.0,0.3402476921941463,1498.0165538828912,1587.9767014325384,0.42155918738914483,0.5784408126108551,0.12435300177159621,0.0,0.12435300177159621,1.1243530017715961,-14.219440132961394,14.219440132961394,1483.7971137499298,1602.1961415654998
2025-26,2026-01-15,0022500581,HOU,OKC,0,OKC,20.0,0.6675198077538678,1544.70610465227,1700.3830452155662,0.33299450164543437,0.6670054983545657,0.46211715726000974,0.33503961550773553,0.46211715726000974,1.4621171572600098,-14.606309223871085,14.606309223871085,1530.099795428399,1714.9893544394372
2025-26,2026-01-15,0022500582,SAS,MIL,1,SAS,18.0,0.8837888941417137,1618.2121287557768,1435.3388706868277,0.778022477858524,0.22197752214147604,0.4218990052500079,0.7675777882834274,0.4218990052500079,1.4218990052500078,9.46888853762479,-9.46888853762479,1627.6810172934015,1425.869982149203
2025-26,2026-01-15,0022500583,DAL,UTA,1,DAL,22.0,0.8643306660776336,1408.282268220749,1405.8422413595874,0.5536729324835987,0.4463270675164013,0.5005202111902353,0.7286613321552673,0.5005202111902353,1.5005202111902354,20.091683568288868,-20.091683568288868,1428.3739517890378,1385.7505577912987
2025-26,2026-01-15,0022500584,GSW,NYK,1,GSW,13.0,0.5988578458037228,1539.2848075495706,1546.1843725558974,0.5403518278595764,0.45964817214042364,0.3140209253469976,0.19771569160744562,0.3140209253469976,1.3140209253469977,18.119619494700466,-18.119619494700466,1557.404427044271,1528.064753061197
2025-26,2026-01-15,0022500585,POR,ATL,1,POR,16.0,0.6417349163349718,1499.9752740791632,1484.357316838378,0.5723340402642797,0.4276659597357203,0.3799489622552249,0.28346983266994363,0.3799489622552249,1.379948962255225,17.704715919875763,-17.704715919875763,1517.679989999039,1466.6526009185022
2025-26,2026-01-15,0022500586,LAL,CHA,0,CHA,18.0,0.5033446902456732,1515.4928534654105,1445.0246707959982,0.6472843918572734,0.3527156081427266,0.4218990052500079,0.006689380491346375,0.4218990052500079,1.4218990052500078,-27.611190986871396,27.611190986871396,1487.881662478539,1472.6358617828696
2025-26,2026-01-16,0022500587,BKN,CHI,1,BKN,3.0,0.7050089420181596,1356.7774986341146,1440.9933947159666,0.42964260243786506,0.570357397562135,0.07485969068749909,0.4100178840363191,0.07485969068749909,1.0748596906874992,18.3916252777489,-18.3916252777489,1375.1691239118636,1422.6017694382176
2025-26,2026-01-16,0022500588,IND,NOP,1,IND,8.0,0.7326005762370511,1331.6625720235108,1331.1627185487932,0.5509113459488961,0.4490886540511039,0.197375320224904,0.4652011524741022,0.197375320224904,1.197375320224904,16.13183012861435,-16.13183012861435,1347.7944021521253,1315.0308884201788
2025-26,2026-01-16,0022500589,PHI,CLE,0,CLE,2.0,0.3494328150370469,1544.7153228840666,1536.849886551459,0.561377213451197,0.43862278654880305,0.04995837495787997,0.0,0.04995837495787997,1.04995837495788,-17.682681203208052,17.682681203208052,1527.0326416808587,1554.5325677546668
2025-26,2026-01-16,0022500590,TOR,LAC,0,LAC,4.0,0.2871842227726238,1542.5953262623054,1548.246661917223,0.5421359495766486,0.45786405042335143,0.09966799462495582,0.0,0.09966799462495582,1.099667994624956,-17.88508657455148,17.88508657455148,1524.710239687754,1566.1317484917745
2025-26,2026-01-16,0022500591,HOU,MIN,1,HOU,5.0,0.4829216321081751,1530.099795428399,1628.3347445820664,0.40998929572760334,0.5900107042723967,0.12435300177159621,0.0,0.12435300177159621,1.1243530017715961,19.90140919278128,-19.90140919278128,1550.0012046211802,1608.433335389285
2025-26,2026-01-16,0022500592,SAC,WAS,1,SAC,13.0,0.8178501636948852,1375.6994019262308,1353.2967331212792,0.5818655373355831,0.4181344626644169,0.3140209253469976,0.6357003273897703,0.3140209253469976,1.3140209253469977,16.483123006493003,-16.483123006493003,1392.182524932724,1336.8136101147861
2025-26,2026-01-17,0022500593,DAL,UTA,1,DAL,18.0,0.8720948987516265,1428.3739517890378,1385.7505577912987,0.6098867433640667,0.3901132566359333,0.4218990052500079,0.744189797503253,0.4218990052500079,1.4218990052500078,16.641049546364236,-16.641049546364236,1445.015001335402,1369.1095082449344
2025-26,2026-01-17,0022500594,ATL,BOS,0,BOS,26.0,0.8772578446707422,1466.6526009185022,1602.1961415654998,0.3592144815188812,0.6407855184811189,0.5716699660851172,0.7545156893414844,0.5716699660851172,1.5716699660851172,-16.93699835958189,16.93699835958189,1449.7156025589204,1619.1331399250817
2025-26,2026-01-17,0022500595,DET,IND,1,DET,43.0,0.977058091091199,1640.7373293484022,1347.7944021521253,0.8685034838367427,0.1314965161632573,0.7913375537619973,0.954116182182398,0.7913375537619973,1.7913375537619973,7.066639427763429,-7.066639427763429,1647.8039687761657,1340.7277627243618
2025-26,2026-01-17,0022500596,NYK,PHX,0,PHX,7.0,0.4778922751002634,1528.064753061197,1586.2927872463185,0.46662188671927257,0.5333781132807274,0.1732351578346601,0.0,0.1732351578346601,1.17323515783466,-16.423716087425777,16.423716087425777,1511.6410369737712,1602.7165033337444
2025-26,2026-01-17,0022500597,MIA,OKC,1,MIA,2.0,0.2889708376292967,1483.7971137499298,1714.9893544394372,0.2442767706641837,0.7557232293358163,0.04995837495787997,0.0,0.04995837495787997,1.04995837495788,23.804338013740647,-23.804338013740647,1507.6014517636704,1691.1850164256966
2025-26,2026-01-17,0022500598,SAS,MIN,1,SAS,3.0,0.7337383688034282,1627.6810172934015,1608.433335389285,0.577440406718645,0.42255959328135495,0.07485969068749909,0.4674767376068565,0.07485969068749909,1.0748596906874992,13.62576821194298,-13.62576821194298,1641.3067855053446,1594.807567177342
2025-26,2026-01-17,0022500599,GSW,CHA,1,GSW,20.0,0.8572511707267001,1557.404427044271,1472.6358617828696,0.6658430707202154,0.3341569292797846,0.46211715726000974,0.7145023414534002,0.46211715726000974,1.4621171572600098,14.657297385518783,-14.657297385518783,1572.0617244297898,1457.9785643973507
2025-26,2026-01-17,0022500600,DEN,WAS,1,DEN,6.0,0.7010480528045445,1591.359671272292,1336.8136101147861,0.8411435152002111,0.15885648479978887,0.14888503362331795,0.40209610560908904,0.14888503362331795,1.1488850336233178,5.475235136414625,-5.475235136414625,1596.8349064087065,1331.3383749783716
2025-26,2026-01-17,0022500601,POR,LAL,1,POR,16.0,0.7335787530615925,1517.679989999039,1487.881662478539,0.592185896366354,0.407814103633646,0.3799489622552249,0.46715750612318496,0.3799489622552249,1.379948962255225,16.88287947306884,-16.88287947306884,1534.5628694721079,1470.9987830054702
2025-26,2026-01-18,0022500602,MEM,ORL,1,MEM,17.0,0.8822455387438336,1441.5569895061078,1520.6417519692395,0.43689522826112154,0.5631047717388784,0.4011342849479459,0.7644910774876672,0.4011342849479459,1.401134284947946,23.669562051033893,-23.669562051033893,1465.2265515571416,1496.9721899182057
2025-26,2026-01-18,0022500603,CHI,BKN,1,CHI,22.0,0.9083219040474956,1422.6017694382176,1375.1691239118636,0.6164531271434485,0.38354687285655154,0.5005202111902353,0.8166438080949912,0.5005202111902353,1.5005202111902354,17.26559503980201,-17.26559503980201,1439.8673644780197,1357.9035288720615
2025-26,2026-01-18,0022500604,HOU,NOP,1,HOU,9.0,0.878873146360533,1550.0012046211802,1315.0308884201788,0.8255013745718279,0.17449862542817207,0.22127846789844396,0.7577462927210661,0.22127846789844396,1.2212784678984439,6.393342417399073,-6.393342417399073,1556.3945470385793,1308.6375460027798
2025-26,2026-01-18,0022500605,DEN,CHA,0,CHA,23.0,0.7753598949126658,1596.8349064087065,1457.9785643973507,0.7312153582841782,0.26878464171582184,0.5190218338982221,0.5507197898253315,0.5190218338982221,1.519021833898222,-33.321962835461335,33.321962835461335,1563.5129435732451,1491.300527232812
2025-26,2026-01-18,0022500606,SAC,POR,0,POR,7.0,0.7494044811579968,1392.182524932724,1534.5628694721079,0.3502066565769072,0.6497933434230928,0.1732351578346601,0.4988089623159937,0.1732351578346601,1.17323515783466,-12.326242860112687,12.326242860112687,1379.8562820726113,1546.8891123322205
2025-26,2026-01-18,0022500607,LAL,TOR,1,LAL,17.0,0.638758709864277,1470.9987830054702,1524.710239687754,0.47309805352972123,0.5269019464702788,0.4011342849479459,0.2775174197285539,0.4011342849479459,1.401134284947946,22.14781146015945,-22.14781146015945,1493.1465944656295,1502.5624282275946
2025-26,2026-01-19,0022500014,ATL,MIL,0,MIL,2.0,0.6822499254281219,1449.7156025589204,1425.869982149203,0.5838850582128348,0.41611494178716524,0.04995837495787997,0.3644998508562438,0.04995837495787997,1.04995837495788,-18.391650206500056,18.391650206500056,1431.3239523524203,1444.2616323557031
2025-26,2026-01-19,0022500015,CLE,OKC,0,OKC,32.0,0.8359426360890999,1554.5325677546668,1691.1850164256966,0.3577464811835642,0.6422535188164358,0.664036770267849,0.6718852721781998,0.664036770267849,1.664036770267849,-17.85909897370158,17.85909897370158,1536.6734687809653,1709.0441153993982
2025-26,2026-01-19,0022500016,NYK,DAL,0,DAL,17.0,0.7844110781167143,1511.6410369737712,1445.015001335402,0.6422185834565508,0.3577814165434492,0.4011342849479459,0.5688221562334286,0.4011342849479459,1.401134284947946,-26.995034271350313,26.995034271350313,1484.646002702421,1472.0100356067524
2025-26,2026-01-19,0022500017,DET,BOS,1,DET,1.0,0.6256410793670351,1647.8039687761657,1619.1331399250817,0.5906175194652781,0.4093824805347219,0.02499479296842069,0.2512821587340701,0.02499479296842069,1.0249947929684207,12.588447326417574,-12.588447326417574,1660.3924161025832,1606.5446925986641
2025-26,2026-01-19,0022500608,WAS,LAC,0,LAC,4.0,0.5119626262727089,1331.3383749783716,1566.1317484917745,0.24047025030641342,0.7595297496935866,0.09966799462495582,0.023925252545417885,0.09966799462495582,1.099667994624956,-7.933123137642445,7.933123137642445,1323.405251840729,1574.064871629417
2025-26,2026-01-19,0022500609,PHI,IND,1,PHI,9.0,0.7190617967904027,1527.0326416808587,1340.7277627243618,0.7814153184474,0.21858468155260002,0.22127846789844396,0.43812359358080544,0.22127846789844396,1.2212784678984439,8.008582949778859,-8.008582949778859,1535.0412246306375,1332.719179774583
2025-26,2026-01-19,0022500610,BKN,PHX,0,PHX,9.0,0.8720781527926578,1357.9035288720615,1602.7165033337444,0.23009398939061135,0.7699060106093887,0.22127846789844396,0.7441563055853155,0.22127846789844396,1.2212784678984439,-8.430265045068198,8.430265045068198,1349.4732638269934,1611.1467683788126
2025-26,2026-01-19,0022500611,SAS,UTA,1,SAS,13.0,0.8774697408659591,1641.3067855053446,1369.1095082449344,0.8542548074341675,0.14574519256583252,0.3140209253469976,0.7549394817319182,0.3140209253469976,1.3140209253469977,5.745366984006948,-5.745366984006948,1647.0521524893516,1363.3641412609275
2025-26,2026-01-19,0022500612,GSW,MIA,1,GSW,23.0,0.7047255083214905,1572.0617244297898,1507.6014517636704,0.6393489108835942,0.36065108911640575,0.5190218338982221,0.409451016642981,0.5190218338982221,1.519021833898222,16.435106363609812,-16.435106363609812,1588.4968307933996,1491.1663454000607
2025-26,2026-01-20,0022500613,PHI,PHX,0,PHX,6.0,0.6173084465000365,1535.0412246306375,1611.1467683788126,0.44111884205832746,0.5588811579416726,0.14888503362331795,0.23461689300007293,0.14888503362331795,1.1488850336233178,-15.203845070701817,15.203845070701817,1519.8373795599357,1626.3506134495144
2025-26,2026-01-20,0022500614,CHI,LAC,1,CHI,28.0,0.7784539720747207,1439.8673644780197,1574.064871629417,0.3609999407090885,0.6390000592909115,0.6043677771171634,0.5569079441494413,0.6043677771171634,1.6043677771171634,30.755733141068863,-30.755733141068863,1470.6230976190886,1543.309138488348
2025-26,2026-01-20,0022500615,HOU,SAS,1,HOU,5.0,0.2981375376988823,1556.3945470385793,1647.0521524893516,0.42058047779073,0.57941952220927,0.12435300177159621,0.0,0.12435300177159621,1.1243530017715961,19.5441623724317,-19.5441623724317,1575.938709411011,1627.50799011692
2025-26,2026-01-20,0022500616,UTA,MIN,1,UTA,5.0,0.3208170586362636,1363.3641412609275,1594.807567177342,0.24400994100481127,0.7559900589951887,0.12435300177159621,0.0,0.12435300177159621,1.1243530017715961,25.499990764221796,-25.499990764221796,1388.8641320251493,1569.3075764131202
2025-26,2026-01-20,0022500617,DEN,LAL,0,LAL,8.0,0.3901375786794557,1563.5129435732451,1493.1465944656295,0.6471505463092989,0.3528494536907011,0.197375320224904,0.0,0.197375320224904,1.197375320224904,-23.24646277862455,23.24646277862455,1540.2664807946205,1516.3930572442541
2025-26,2026-01-20,0022500618,GSW,TOR,0,TOR,18.0,0.8734901465471517,1588.4968307933996,1502.5624282275946,0.6673345982593336,0.3326654017406664,0.4218990052500079,0.7469802930943035,0.4218990052500079,1.4218990052500078,-28.466472043015802,28.466472043015802,1560.0303587503838,1531.0289002706104
2025-26,2026-01-20,0022500619,SAC,MIA,0,MIA,13.0,0.8117699240365861,1379.8562820726113,1491.1663454000607,0.39191348897786094,0.6080865110221391,0.3140209253469976,0.6235398480731722,0.3140209253469976,1.3140209253469977,-15.449475763279775,15.449475763279775,1364.4068063093316,1506.6158211633403
2025-26,2026-01-21,0022500620,CHA,CLE,0,CLE,7.0,0.8735611683079172,1491.300527232812,1536.6734687809653,0.48507657094540524,0.5149234290545948,0.1732351578346601,0.7471223366158344,0.1732351578346601,1.17323515783466,-17.073266618250845,17.073266618250845,1474.2272606145611,1553.7467353992163
2025-26,2026-01-21,0022500621,BOS,IND,1,BOS,15.0,0.929559667273942,1606.5446925986641,1332.719179774583,0.85541789335269,0.14458210664730997,0.35835739835078595,0.859119334547884,0.35835739835078595,1.358357398350786,5.891825227005476,-5.891825227005476,1612.4365178256696,1326.8273545475774
2025-26,2026-01-21,0022500622,NYK,BKN,1,NYK,54.0,0.9468177873144548,1484.646002702421,1349.4732638269934,0.7270274570195521,0.27297254298044793,0.874053287886007,0.8936355746289095,0.874053287886007,1.874053287886007,15.346952750253385,-15.346952750253385,1499.9929554526743,1334.12631107674
2025-26,2026-01-21,0022500623,MEM,ATL,0,ATL,2.0,0.4885855011621283,1465.2265515571416,1431.3239523524203,0.5978789736758554,0.4021210263241446,0.04995837495787997,0.0,0.04995837495787997,1.04995837495788,-18.832441068665588,18.832441068665588,1446.3941104884761,1450.1563934210858
2025-26,2026-01-21,0022500624,NOP,DET,0,DET,8.0,0.9141483138231624,1308.6375460027798,1660.3924161025832,0.13902788351086143,0.8609721164891386,0.197375320224904,0.8282966276463248,0.197375320224904,1.197375320224904,-4.994056696170251,4.994056696170251,1303.6434893066096,1665.3864727987534
2025-26,2026-01-21,0022500625,MIL,OKC,0,OKC,20.0,0.9232786102526572,1444.2616323557031,1709.0441153993982,0.21036373688097643,0.7896362631190236,0.46211715726000974,0.8465572205053145,0.46211715726000974,1.4621171572600098,-9.227292868770178,9.227292868770178,1435.0343394869328,1718.2714082681682
2025-26,2026-01-21,0022500626,SAC,TOR,0,TOR,13.0,0.6828370867764008,1364.4068063093316,1531.0289002706104,0.3191506795218258,0.6808493204781743,0.3140209253469976,0.3656741735528015,0.3140209253469976,1.3140209253469977,-12.581120136911778,12.581120136911778,1351.8256861724199,1543.6100204075221
2025-26,2026-01-22,0022500627,ORL,CHA,0,CHA,27.0,0.7769756645198627,1496.9721899182057,1474.2272606145611,0.5823448080497335,0.41765519195026646,0.5882592563981054,0.5539513290397253,0.5882592563981054,1.5882592563981053,-27.747435954011017,27.747435954011017,1469.2247539641946,1501.9746965685722
2025-26,2026-01-22,0022500628,PHI,HOU,1,PHI,6.0,0.4724915259687593,1519.8373795599357,1575.938709411011,0.4696700286351806,0.5303299713648194,0.14888503362331795,0.0,0.14888503362331795,1.1488850336233178,18.27864500948771,-18.27864500948771,1538.1160245694234,1557.6600644015232
2025-26,2026-01-22,0022500629,WAS,DEN,0,DEN,10.0,0.796422031297536,1323.405251840729,1540.2664807946205,0.25982517891056245,0.7401748210894376,0.24491866240370913,0.5928440625950719,0.24491866240370913,1.2449186624037092,-9.703836425644255,9.703836425644255,1313.7014154150847,1549.9703172202649
2025-26,2026-01-22,0022500630,DAL,GSW,1,DAL,8.0,0.5212322596491625,1472.0100356067524,1560.0303587503838,0.4242844706975222,0.5757155293024778,0.197375320224904,0.042464519298325065,0.197375320224904,1.197375320224904,20.680426987710135,-20.680426987710135,1492.6904625944626,1539.3499317626736
2025-26,2026-01-22,0022500631,MIN,CHI,0,CHI,5.0,0.3292703620013263,1569.3075764131202,1470.6230976190886,0.6834234811012365,0.3165765188987635,0.12435300177159621,0.0,0.12435300177159621,1.1243530017715961,-23.05227727372107,23.05227727372107,1546.255299139399,1493.6753748928097
2025-26,2026-01-22,0022500632,UTA,SAS,0,SAS,17.0,0.8293108391728148,1388.8641320251493,1627.50799011692,0.23644522679034138,0.7635547732096586,0.4011342849479459,0.6586216783456296,0.4011342849479459,1.401134284947946,-9.938745413047197,9.938745413047197,1378.925386612102,1637.446735529967
2025-26,2026-01-22,0022500633,LAC,LAL,1,LAC,8.0,0.708655176932613,1543.309138488348,1516.3930572442541,0.5881729637058893,0.41182703629411066,0.197375320224904,0.4173103538652261,0.197375320224904,1.197375320224904,14.793345883798018,-14.793345883798018,1558.1024843721461,1501.599711360456
2025-26,2026-01-22,0022500634,POR,MIA,1,POR,17.0,0.733007956403825,1546.8891123322205,1506.6158211633403,0.6066632860418416,0.3933367139581584,0.4011342849479459,0.46601591280765,0.4011342849479459,1.401134284947946,16.53352666366617,-16.53352666366617,1563.4226389958867,1490.0822944996742
2025-26,2026-01-23,0022500635,DET,HOU,0,HOU,7.0,0.5349236051412298,1665.3864727987534,1557.6600644015232,0.6945757111892943,0.3054242888107057,0.1732351578346601,0.06984721028245966,0.1732351578346601,1.17323515783466,-24.447019324358788,24.447019324358788,1640.9394534743947,1582.107083725882
2025-26,2026-01-23,0022500636,ATL,PHX,1,ATL,7.0,0.4691184592495362,1450.1563934210858,1626.3506134495144,0.30729856746342904,0.692701432536571,0.1732351578346601,0.0,0.1732351578346601,1.17323515783466,24.38105023603017,-24.38105023603017,1474.537443657116,1601.9695632134842
2025-26,2026-01-23,0022500637,BKN,BOS,0,BOS,4.0,0.6207856037464508,1334.12631107674,1612.4365178256696,0.19771994417854058,0.8022800558214594,0.09966799462495582,0.2415712074929015,0.09966799462495582,1.099667994624956,-6.522788835365219,6.522788835365219,1327.6035222413748,1618.9593066610348
2025-26,2026-01-23,0022500638,CLE,SAC,1,CLE,5.0,0.7437642920720909,1553.7467353992163,1351.8256861724199,0.7963810123931179,0.20361898760688213,0.12435300177159621,0.4875285841441819,0.12435300177159621,1.1243530017715961,6.868188598004741,-6.868188598004741,1560.614923997221,1344.9574975744151
2025-26,2026-01-23,0022500639,MEM,NOP,0,NOP,6.0,0.2880904890798653,1446.3941104884761,1303.6434893066096,0.7355983354813416,0.26440166451865843,0.14888503362331795,0.0,0.14888503362331795,1.1488850336233178,-25.353537551782132,25.353537551782132,1421.040572936694,1328.9970268583918
2025-26,2026-01-23,0022500640,MIL,DEN,0,DEN,2.0,0.7585740616778559,1435.0343394869328,1549.9703172202649,0.3869506016261518,0.6130493983738482,0.04995837495787997,0.5171481233557118,0.04995837495787997,1.04995837495788,-12.188460746171051,12.188460746171051,1422.8458787407617,1562.158777966436
2025-26,2026-01-23,0022500641,OKC,IND,0,IND,3.0,0.4552840437724565,1718.2714082681682,1326.8273545475774,0.9209124352438933,0.07908756475610668,0.07485969068749909,0.0,0.07485969068749909,1.0748596906874992,-29.695549658895683,29.695549658895683,1688.5758586092725,1356.5229042064732
2025-26,2026-01-23,0022500642,POR,TOR,0,TOR,12.0,0.6492710115725641,1563.4226389958867,1543.6100204075221,0.5782337129566013,0.4217662870433987,0.2913126124515909,0.2985420231451281,0.2913126124515909,1.2913126124515908,-22.400414594567163,22.400414594567163,1541.0222244013196,1566.0104350020893
2025-26,2026-01-24,0022500643,PHI,NYK,0,NYK,3.0,0.649813624084151,1538.1160245694234,1499.9929554526743,0.6037058224388983,0.39629417756110175,0.07485969068749909,0.299627248168302,0.07485969068749909,1.0748596906874992,-19.466971607187492,19.466971607187492,1518.6490529622358,1519.459927059862
2025-26,2026-01-24,0022500645,CHA,WAS,1,CHA,4.0,0.8037122885158493,1501.9746965685722,1313.7014154150847,0.7833445480065072,0.2166554519934928,0.09966799462495582,0.6074245770316986,0.09966799462495582,1.099667994624956,7.147471992547429,-7.147471992547429,1509.1221685611197,1306.5539434225373
2025-26,2026-01-24,0022500646,ORL,CLE,0,CLE,14.0,0.6850897345658936,1469.2247539641946,1560.614923997221,0.419553176627254,0.580446823372746,0.3363755443363322,0.37017946913178723,0.3363755443363322,1.3363755443363323,-16.82041814379852,16.82041814379852,1452.4043358203962,1577.4353421410196
2025-26,2026-01-24,0022500647,CHI,BOS,1,CHI,3.0,0.4873735092445794,1493.6753748928097,1618.9593066610348,0.37291862407179666,0.6270813759282033,0.07485969068749909,0.0,0.07485969068749909,1.0748596906874992,20.2207348129824,-20.2207348129824,1513.896109705792,1598.7385718480525
2025-26,2026-01-24,0022500648,DAL,LAL,0,LAL,6.0,0.5629632829152978,1492.6904625944626,1501.599711360456,0.5374771874902617,0.46252281250973826,0.14888503362331795,0.1259265658305957,0.14888503362331795,1.1488850336233178,-18.524984898645467,18.524984898645467,1474.1654776958171,1520.1246962591015
2025-26,2026-01-24,0022500649,UTA,MIA,0,MIA,31.0,0.8095407915111297,1378.925386612102,1490.0822944996742,0.39212361752821073,0.6078763824717892,0.6498274636719203,0.6190815830222594,0.6498274636719203,1.6498274636719203,-19.408089400572784,19.408089400572784,1359.5172972115292,1509.490383900247
2025-26,2026-01-25,0022500644,MIN,GSW,0,GSW,26.0,0.695091062182344,1546.255299139399,1539.3499317626736,0.5600159244692242,0.4399840755307758,0.5716699660851172,0.3901821243646879,0.5716699660851172,1.5716699660851172,-26.404806270530134,26.404806270530134,1519.850492868869,1565.7547380332037
2025-26,2026-01-25,0022500650,DET,SAC,1,DET,23.0,0.9166024627991848,1640.9394534743947,1344.9574975744151,0.8704885480520097,0.1295114519479903,0.5190218338982221,0.8332049255983696,0.5190218338982221,1.519021833898222,5.90192169746573,-5.90192169746573,1646.8413751718604,1339.0555758769494
2025-26,2026-01-25,0022500653,OKC,TOR,0,TOR,2.0,0.3533347733536114,1688.5758586092725,1566.0104350020893,0.7123898710052019,0.2876101289947981,0.04995837495787997,0.0,0.04995837495787997,1.04995837495788,-22.439391338912266,22.439391338912266,1666.1364672703603,1588.4498263410014
2025-26,2026-01-25,0022500654,SAS,NOP,0,NOP,9.0,0.4440086686380931,1637.446735529967,1328.9970268583918,0.8783669210464907,0.12163307895350928,0.22127846789844396,0.0,0.22127846789844396,1.2212784678984439,-32.18191822764995,32.18191822764995,1605.2648173023172,1361.1789450860417
2025-26,2026-01-25,0022500655,PHX,MIA,0,MIA,9.0,0.6170442357943909,1601.9695632134842,1509.490383900247,0.6756449889758186,0.3243550110241814,0.22127846789844396,0.23408847158878188,0.22127846789844396,1.2212784678984439,-24.754520309389463,24.754520309389463,1577.2150429040948,1534.2449042096364
2025-26,2026-01-25,0022500656,LAC,BKN,1,LAC,37.0,0.9444817039411928,1558.1024843721461,1327.6035222413748,0.8217625567947509,0.17823744320524915,0.7282542059818115,0.8889634078823856,0.7282542059818115,1.7282542059818113,9.241188326487482,-9.241188326487482,1567.3436726986336,1318.3623339148874
2025-26,2026-01-26,0022500657,CHA,PHI,1,CHA,37.0,0.818359887989031,1509.1221685611197,1518.6490529622358,0.5365932152016154,0.4634067847983846,0.7282542059818115,0.6367197759780621,0.7282542059818115,1.7282542059818113,24.02654174724949,-24.02654174724949,1533.1487103083691,1494.6225112149864
2025-26,2026-01-26,0022500658,CLE,ORL,1,CLE,16.0,0.6727820293201755,1577.4353421410196,1452.4043358203962,0.7152891013758951,0.2847108986241049,0.3799489622552249,0.345564058640351,0.3799489622552249,1.379948962255225,11.786595272972585,-11.786595272972585,1589.2219374139922,1440.6177405474236
2025-26,2026-01-26,0022500659,ATL,IND,1,ATL,16.0,0.5938678492026197,1474.537443657116,1356.5229042064732,0.7069926330340291,0.29300736696597085,0.3799489622552249,0.1877356984052394,0.3799489622552249,1.379948962255225,12.130056359334821,-12.130056359334821,1486.6675000164507,1344.3928478471385
2025-26,2026-01-26,0022500660,BOS,POR,1,BOS,8.0,0.872330692867852,1598.7385718480525,1541.0222244013196,0.630349904488512,0.369650095511488,0.197375320224904,0.7446613857357041,0.197375320224904,1.197375320224904,13.278297044527028,-13.278297044527028,1612.0168688925796,1527.7439273567925
2025-26,2026-01-26,0022500661,CHI,LAL,0,LAL,11.0,0.7689308207158722,1513.896109705792,1520.1246962591015,0.5413110036554276,0.4586889963445724,0.2682711820216014,0.5378616414317443,0.2682711820216014,1.2682711820216013,-20.595874393421056,20.595874393421056,1493.300235312371,1540.7205706525226
2025-26,2026-01-26,0022500662,HOU,MEM,1,HOU,9.0,0.6822043014566104,1582.107083725882,1421.040572936694,0.755589594532456,0.244410405467544,0.22127846789844396,0.36440860291322075,0.22127846789844396,1.2212784678984439,8.954794965835188,-8.954794965835188,1591.061878691717,1412.0857779708588
2025-26,2026-01-26,0022500663,MIN,GSW,1,MIN,25.0,0.7754726390085286,1519.850492868869,1565.7547380332037,0.48431268017896556,0.5156873198210344,0.5545997223493823,0.5509452780170572,0.5545997223493823,1.5545997223493822,24.050620926386316,-24.050620926386316,1543.9011137952552,1541.7041171068174
2025-26,2026-01-27,0022500664,WAS,POR,1,WAS,4.0,0.4862712852739626,1306.5539434225373,1527.7439273567925,0.2550617410037871,0.7449382589962129,0.09966799462495582,0.0,0.09966799462495582,1.099667994624956,24.575542841693146,-24.575542841693146,1331.1294862642303,1503.1683845150994
2025-26,2026-01-27,0022500665,NYK,SAC,1,NYK,16.0,0.7967949662005737,1519.459927059862,1339.0555758769494,0.7755582909772368,0.22444170902276317,0.3799489622552249,0.5935899324011473,0.3799489622552249,1.379948962255225,9.291543103582537,-9.291543103582537,1528.7514701634445,1329.7640327733668
2025-26,2026-01-27,0022500666,PHI,MIL,1,PHI,17.0,0.795999984304524,1494.6225112149864,1422.8458787407617,0.6490020985498267,0.3509979014501733,0.4011342849479459,0.591999968609048,0.4011342849479459,1.401134284947946,14.753855809998544,-14.753855809998544,1509.376367024985,1408.092022930763
2025-26,2026-01-27,0022500667,OKC,NOP,1,OKC,9.0,0.8932893053276671,1666.1364672703603,1361.1789450860417,0.8762027977177834,0.12379720228221658,0.22127846789844396,0.7865786106553343,0.22127846789844396,1.2212784678984439,4.535725726000176,-4.535725726000176,1670.6721929963605,1356.6432193600415
2025-26,2026-01-27,0022500668,DEN,DET,0,DET,2.0,0.6904150736070652,1562.158777966436,1646.8413751718604,0.42898438919167514,0.5710156108083249,0.04995837495787997,0.38083014721413044,0.04995837495787997,1.04995837495788,-13.5124725647397,13.5124725647397,1548.6463054016963,1660.3538477366
2025-26,2026-01-27,0022500669,PHX,BKN,1,PHX,4.0,0.7994592651414375,1577.2150429040948,1318.3623339148874,0.8444281760397478,0.15557182396025215,0.09966799462495582,0.598918530282875,0.09966799462495582,1.099667994624956,5.132320670235515,-5.132320670235515,1582.3473635743303,1313.230013244652
2025-26,2026-01-27,0022500670,UTA,LAC,0,LAC,12.0,0.659645788434201,1359.5172972115292,1567.3436726986336,0.2699515132783588,0.7300484867216412,0.2913126124515909,0.3192915768684019,0.2913126124515909,1.2913126124515908,-10.457753815402134,10.457753815402134,1349.059543396127,1577.8014265140357
2025-26,2026-01-28,0022500671,CLE,LAL,1,CLE,30.0,0.6764575620595781,1589.2219374139922,1540.7205706525226,0.6179066646584056,0.3820933353415944,0.6351489523872873,0.35291512411915615,0.6351489523872873,1.6351489523872873,18.743385509939177,-18.743385509939177,1607.9653229239314,1521.9771851425835
2025-26,2026-01-28,0022500672,IND,CHI,1,IND,3.0,0.2877167939464561,1344.3928478471385,1493.300235312371,0.341705390611385,0.6582946093886151,0.07485969068749909,0.0,0.07485969068749909,1.0748596906874992,21.227230206860845,-21.227230206860845,1365.6200780539994,1472.07300510551
2025-26,2026-01-28,0022500673,BOS,ATL,0,ATL,11.0,0.7534537863304528,1612.0168688925796,1486.6675000164507,0.7156621727629372,0.2843378272370628,0.2682711820216014,0.5069075726609056,0.2682711820216014,1.2682711820216013,-27.229611293345936,27.229611293345936,1584.7872575992337,1513.8971113097966
2025-26,2026-01-28,0022500674,MIA,ORL,0,ORL,9.0,0.5754743198324772,1534.2449042096364,1440.6177405474236,0.6770915123504991,0.32290848764950086,0.22127846789844396,0.15094863966495442,0.22127846789844396,1.2212784678984439,-24.807518544913737,24.807518544913737,1509.4373856647226,1465.4252590923375
2025-26,2026-01-28,0022500675,TOR,NYK,0,NYK,27.0,0.508911251161454,1588.4498263410014,1528.7514701634445,0.6330044101981033,0.3669955898018967,0.5882592563981054,0.01782250232290794,0.5882592563981054,1.5882592563981053,-30.161253415138823,30.161253415138823,1558.2885729258626,1558.9127235785834
2025-26,2026-01-28,0022500676,MEM,CHA,0,CHA,15.0,0.7196802709274117,1412.0857779708588,1533.1487103083691,0.3786180437158888,0.6213819562841112,0.35835739835078595,0.4393605418548234,0.35835739835078595,1.358357398350786,-15.428958624917366,15.428958624917366,1396.6568193459414,1548.5776689332865
2025-26,2026-01-28,0022500677,DAL,MIN,0,MIN,13.0,0.8029974918676048,1474.1654776958171,1543.9011137952552,0.45017729078182195,0.549822709218178,0.3140209253469976,0.6059949837352097,0.3140209253469976,1.3140209253469977,-17.74627140610002,17.74627140610002,1456.419206289717,1561.6473852013553
2025-26,2026-01-28,0022500678,UTA,GSW,0,GSW,16.0,0.8386967264481346,1349.059543396127,1541.7041171068174,0.28751678485344623,0.7124832151465538,0.3799489622552249,0.6773934528962693,0.3799489622552249,1.379948962255225,-11.902754666684158,11.902754666684158,1337.156788729443,1553.6068717735016
2025-26,2026-01-28,0022500679,HOU,SAS,0,SAS,12.0,0.4586996686740571,1591.061878691717,1605.2648173023172,0.5298936820108223,0.4701063179891777,0.2913126124515909,0.0,0.2913126124515909,1.2913126124515908,-20.527751845169625,20.527751845169625,1570.5341268465475,1625.7925691474868
2025-26,2026-01-29,0022500529,CHI,MIA,0,MIA,3.0,0.7017128068736445,1472.07300510551,1509.4373856647226,0.4965974353818403,0.5034025646181597,0.07485969068749909,0.4034256137472889,0.07485969068749909,1.0748596906874992,-16.013176973721908,16.013176973721908,1456.059828131788,1525.4505626384446
2025-26,2026-01-29,0022500680,PHI,SAC,1,PHI,2.0,0.6633600795501843,1509.376367024985,1329.7640327733668,0.7747636821560137,0.22523631784398634,0.04995837495787997,0.32672015910036856,0.04995837495787997,1.04995837495788,7.094662747949053,-7.094662747949053,1516.4710297729341,1322.6693700254177
2025-26,2026-01-29,0022500681,WAS,MIL,1,WAS,10.0,0.7487265644243195,1331.1294862642303,1408.092022930763,0.4399029892748221,0.5600970107251779,0.24491866240370913,0.497453128848639,0.24491866240370913,1.2449186624037092,20.918256642249133,-20.918256642249133,1352.0477429064795,1387.173766288514
2025-26,2026-01-29,0022500682,ATL,HOU,0,HOU,18.0,0.6803631682932286,1513.8971113097966,1570.5341268465475,0.4689020240775937,0.5310979759224064,0.4218990052500079,0.36072633658645725,0.4218990052500079,1.4218990052500078,-20.00193964786937,20.00193964786937,1493.8951716619272,1590.536066494417
2025-26,2026-01-29,0022500683,DAL,CHA,0,CHA,2.0,0.5671728479696644,1456.419206289717,1548.5776689332865,0.4184765215096226,0.5815234784903773,0.04995837495787997,0.13434569593932877,0.04995837495787997,1.04995837495788,-13.18148785446809,13.18148785446809,1443.237718435249,1561.7591567877546
2025-26,2026-01-29,0022500684,DEN,BKN,1,DEN,4.0,0.805762730019374,1548.6463054016963,1313.230013244652,0.8258708741545769,0.17412912584542306,0.09966799462495582,0.6115254600387481,0.09966799462495582,1.099667994624956,5.744526798726989,-5.744526798726989,1554.3908322004233,1307.4854864459248
2025-26,2026-01-29,0022500685,PHX,DET,1,PHX,18.0,0.7413813042102589,1582.3473635743303,1660.3538477366,0.4384228710755978,0.5615771289244023,0.4218990052500079,0.4827626084205179,0.4218990052500079,1.4218990052500078,23.955178829662888,-23.955178829662888,1606.3025424039931,1636.3986689069372
2025-26,2026-01-29,0022500686,MIN,OKC,1,MIN,12.0,0.8367931247999271,1561.6473852013553,1670.6721929963605,0.39505296903241394,0.6049470309675861,0.2913126124515909,0.6735862495998541,0.2913126124515909,1.2913126124515908,23.43527192860761,-23.43527192860761,1585.0826571299629,1647.236921067753
2025-26,2026-01-30,0022500687,ORL,TOR,1,ORL,10.0,0.4666638333725536,1465.4252590923375,1558.2885729258626,0.41748945308671304,0.582510546913287,0.24491866240370913,0.0,0.24491866240370913,1.2449186624037092,21.75534752698027,-21.75534752698027,1487.1806066193178,1536.5332253988822
2025-26,2026-01-30,0022500688,WAS,LAL,0,LAL,31.0,0.9301043568241226,1352.0477429064795,1521.9771851425835,0.31502802848433686,0.6849719715156631,0.6498274636719203,0.8602087136482452,0.6498274636719203,1.6498274636719203,-15.59225679659637,15.59225679659637,1336.4554861098832,1537.5694419391798
2025-26,2026-01-30,0022500689,BOS,SAC,1,BOS,19.0,0.9457741341512236,1584.7872575992337,1322.6693700254177,0.846881422076286,0.15311857792371397,0.44223035604572614,0.8915482683024472,0.44223035604572614,1.4422303560457261,6.624967834683998,-6.624967834683998,1591.4122254339177,1316.0444021907338
2025-26,2026-01-30,0022500690,NYK,POR,1,NYK,30.0,0.8881395486349032,1558.9127235785834,1503.1683845150994,0.6277009444821832,0.37229905551781683,0.6351489523872873,0.7762790972698064,0.6351489523872873,1.6351489523872873,18.26293231814204,-18.26293231814204,1577.1756558967254,1484.9054521969574
2025-26,2026-01-30,0022500691,NOP,MEM,1,NOP,8.0,0.5905504756410502,1356.6432193600415,1396.6568193459414,0.49278535040187965,0.5072146495981203,0.197375320224904,0.18110095128210046,0.197375320224904,1.197375320224904,18.219789104559354,-18.219789104559354,1374.8630084646009,1378.437030241382
2025-26,2026-01-30,0022500693,PHX,CLE,1,PHX,13.0,0.7472758000737263,1606.3025424039931,1607.9653229239314,0.5478294196140785,0.4521705803859215,0.3140209253469976,0.4945516001474526,0.3140209253469976,1.3140209253469977,17.824848133601925,-17.824848133601925,1624.1273905375951,1590.1404747903293
2025-26,2026-01-30,0022500694,UTA,BKN,0,BKN,10.0,0.5894182664066707,1337.156788729443,1307.4854864459248,0.5920092945082357,0.4079907054917643,0.24491866240370913,0.17883653281334144,0.24491866240370913,1.2449186624037092,-22.11010257149269,22.11010257149269,1315.0466861579503,1329.5955890174175
2025-26,2026-01-30,0022500695,DEN,LAC,1,DEN,13.0,0.7794430396209161,1554.3908322004233,1577.8014265140357,0.5166723122413658,0.4833276877586342,0.3140209253469976,0.5588860792418322,0.3140209253469976,1.3140209253469977,19.053080865432758,-19.053080865432758,1573.4439130658561,1558.748345648603
2025-26,2026-01-30,0022500696,GSW,DET,0,DET,7.0,0.8311813351171764,1553.6068717735016,1636.3986689069372,0.43165261332067295,0.568347386679327,0.1732351578346601,0.6623626702343528,0.1732351578346601,1.17323515783466,-15.192900657570695,15.192900657570695,1538.413971115931,1651.5915695645078
2025-26,2026-01-31,0022500692,MIA,CHI,0,CHI,7.0,0.5038489022297371,1525.4505626384446,1456.059828131788,0.6458670735023371,0.3541329264976629,0.1732351578346601,0.007697804459474211,0.1732351578346601,1.17323515783466,-22.73261873762173,22.73261873762173,1502.7179439008228,1478.7924468694098
2025-26,2026-01-31,0022500697,CHA,SAS,1,CHA,5.0,0.5875980252793266,1561.7591567877546,1625.7925691474868,0.4583145468712246,0.5416854531287754,0.12435300177159621,0.17519605055865317,0.12435300177159621,1.1243530017715961,18.271369957240374,-18.271369957240374,1580.0305267449949,1607.5211991902465
2025-26,2026-01-31,0022500698,IND,ATL,1,IND,5.0,0.5708759943012975,1365.6200780539994,1493.8951716619272,0.3689009600656299,0.6310990399343701,0.12435300177159621,0.14175198860259508,0.12435300177159621,1.1243530017715961,21.287342998961446,-21.287342998961446,1386.907421052961,1472.6078286629656
2025-26,2026-01-31,0022500699,PHI,NOP,1,PHI,10.0,0.7860493268755574,1516.4710297729341,1374.8630084646009,0.7343171065638149,0.2656828934361851,0.24491866240370913,0.5720986537511148,0.24491866240370913,1.2449186624037092,9.922607769603683,-9.922607769603683,1526.3936375425378,1364.9404006949972
2025-26,2026-01-31,0022500700,MEM,MIN,0,MIN,17.0,0.85388672945544,1378.437030241382,1585.0826571299629,0.2712931302330028,0.7287068697669972,0.4011342849479459,0.70777345891088,0.4011342849479459,1.401134284947946,-11.40354318120925,11.40354318120925,1367.0334870601728,1596.486200311172
2025-26,2026-01-31,0022500701,HOU,DAL,1,HOU,4.0,0.796221754408131,1590.536066494417,1443.237718435249,0.7406584457258764,0.25934155427412364,0.09966799462495582,0.5924435088162621,0.09966799462495582,1.099667994624956,8.555688207346341,-8.555688207346341,1599.0917547017632,1434.6820302279027
2025-26,2026-02-01,0022500702,BOS,MIL,1,BOS,28.0,0.830303360797051,1591.4122254339177,1387.173766288514,0.7985356667367278,0.20146433326327218,0.6043677771171634,0.660606721594102,0.6043677771171634,1.6043677771171634,9.696686535779623,-9.696686535779623,1601.1089119696974,1377.4770797527342
2025-26,2026-02-01,0022500703,SAS,ORL,1,SAS,9.0,0.7591429434675309,1607.5211991902465,1487.1806066193178,0.7097586845148921,0.2902413154851079,0.22127846789844396,0.5182858869350617,0.22127846789844396,1.2212784678984439,10.633964072894445,-10.633964072894445,1618.155163263141,1476.5466425464233
2025-26,2026-02-01,0022500704,DET,BKN,1,DET,53.0,0.9363311142246756,1651.5915695645078,1329.5955890174175,0.8864552948087613,0.11354470519123872,0.8680219810175624,0.8726622284493513,0.8680219810175624,1.8680219810175624,6.363120153761786,-6.363120153761786,1657.9546897182697,1323.2324688636556
2025-26,2026-02-01,0022500705,MIA,CHI,1,MIA,43.0,0.9305299064848156,1502.7179439008228,1478.7924468694098,0.5839967700771772,0.4160032299228228,0.7913375537619973,0.8610598129696312,0.7913375537619973,1.7913375537619973,22.35606624741117,-22.35606624741117,1525.074010148234,1456.4363806219985
2025-26,2026-02-01,0022500706,TOR,UTA,1,TOR,7.0,0.7304322390630843,1536.5332253988822,1315.0466861579503,0.814036563145515,0.18596343685448502,0.1732351578346601,0.4608644781261686,0.1732351578346601,1.17323515783466,6.545365265683427,-6.545365265683427,1543.0785906645656,1308.501320892267
2025-26,2026-02-01,0022500707,WAS,SAC,1,WAS,4.0,0.700226562584026,1336.4554861098832,1316.0444021907338,0.5790736611519441,0.42092633884805586,0.09966799462495582,0.4004531251680521,0.09966799462495582,1.099667994624956,13.88637668777599,-13.88637668777599,1350.3418627976591,1302.1580255029578
2025-26,2026-02-01,0022500708,NYK,LAL,1,NYK,12.0,0.5907168178798424,1577.1756558967254,1537.5694419391798,0.6057465983831238,0.39425340161687616,0.2913126124515909,0.18143363575968485,0.2913126124515909,1.2913126124515908,15.273131700294437,-15.273131700294437,1592.4487875970199,1522.2963102388853
2025-26,2026-02-01,0022500709,PHX,LAC,0,LAC,24.0,0.6193667963782112,1624.1273905375951,1558.748345648603,0.6405675293736625,0.35943247062633754,0.5370495669980352,0.23873359275642247,0.5370495669980352,1.5370495669980353,-29.537521309703674,29.537521309703674,1594.5898692278915,1588.2858669583065
2025-26,2026-02-01,0022500710,POR,CLE,0,CLE,19.0,0.7839914298260677,1484.9054521969574,1590.1404747903293,0.4002783885850038,0.5997216114149961,0.44223035604572614,0.5679828596521355,0.44223035604572614,1.4422303560457261,-17.318809286590785,17.318809286590785,1467.5866429103667,1607.45928407692
2025-26,2026-02-01,0022500711,DEN,OKC,0,OKC,10.0,0.7535455764583698,1573.4439130658561,1647.236921067753,0.4444032217331343,0.5555967782668657,0.24491866240370913,0.5070911529167397,0.24491866240370913,1.2449186624037092,-16.597375931037377,16.597375931037377,1556.8465371348188,1663.8342969987903
2025-26,2026-02-02,0022500712,CHA,NOP,1,CHA,7.0,0.5328927693898894,1580.0305267449949,1364.9404006949972,0.8083980437970865,0.19160195620291354,0.1732351578346601,0.06578553877977877,0.1732351578346601,1.17323515783466,6.743824539814646,-6.743824539814646,1586.7743512848094,1358.1965761551826
2025-26,2026-02-02,0022500713,IND,HOU,0,HOU,4.0,0.7248769897949467,1386.907421052961,1599.0917547017632,0.26503616346468545,0.7349638365353146,0.09966799462495582,0.4497539795898935,0.09966799462495582,1.099667994624956,-8.74355359140908,8.74355359140908,1378.1638674615517,1607.8353082931724
2025-26,2026-02-02,0022500714,MEM,MIN,1,MEM,9.0,0.629078972702846,1367.0334870601728,1596.486200311172,0.24613005393128695,0.753869946068713,0.22127846789844396,0.2581579454056919,0.22127846789844396,1.2212784678984439,27.620553981884413,-27.620553981884413,1394.654041042057,1568.8656463292878
2025-26,2026-02-02,0022500715,LAC,PHI,0,PHI,15.0,0.8662427258885712,1588.2858669583065,1526.3936375425378,0.6359332807097909,0.36406671929020906,0.35835739835078595,0.7324854517771424,0.35835739835078595,1.358357398350786,-25.914740301288948,25.914740301288948,1562.3711266570176,1552.3083778438267
2025-26,2026-02-03,0022500716,DET,DEN,1,DET,3.0,0.8220031437091528,1657.9546897182697,1556.8465371348188,0.6864342779679495,0.31356572203205046,0.07485969068749909,0.6440062874183057,0.07485969068749909,1.0748596906874992,10.111174649807163,-10.111174649807163,1668.065864368077,1546.7353624850116
2025-26,2026-02-03,0022500717,IND,UTA,0,UTA,9.0,0.5298932953989909,1378.1638674615517,1308.501320892267,0.6462248688409405,0.35377513115905945,0.22127846789844396,0.059786590797981765,0.22127846789844396,1.2212784678984439,-23.676615532078102,23.676615532078102,1354.4872519294736,1332.177936424345
2025-26,2026-02-03,0022500718,WAS,NYK,0,NYK,31.0,0.9382545145898984,1350.3418627976591,1592.4487875970199,0.2328651099620534,0.7671348900379467,0.6498274636719203,0.8765090291797968,0.6498274636719203,1.6498274636719203,-11.525617612391322,11.525617612391322,1338.816245185268,1603.974405209411
2025-26,2026-02-03,0022500719,BKN,LAL,0,LAL,16.0,0.937558908352625,1323.2324688636556,1522.2963102388853,0.280006898847481,0.719993101152519,0.3799489622552249,0.87511781670525,0.3799489622552249,1.379948962255225,-11.591856884666555,11.591856884666555,1311.640611978989,1533.888167123552
2025-26,2026-02-03,0022500720,MIA,ATL,0,ATL,12.0,0.7277015280318381,1525.074010148234,1472.6078286629656,0.6232805081080599,0.3767194918919401,0.2913126124515909,0.45540305606367615,0.2913126124515909,1.2913126124515908,-24.14549943645521,24.14549943645521,1500.928510711779,1496.7533280994207
2025-26,2026-02-03,0022500721,DAL,BOS,0,BOS,10.0,0.818978829613932,1434.6820302279027,1601.1089119696974,0.319394908786369,0.680605091213631,0.24491866240370913,0.637957659227864,0.24491866240370913,1.2449186624037092,-11.928620478746437,11.928620478746437,1422.7534097491564,1613.0375324484437
2025-26,2026-02-03,0022500722,MIL,CHI,1,MIL,16.0,0.8364872343465686,1377.4770797527342,1456.4363806219985,0.43707291408547755,0.5629270859145225,0.3799489622552249,0.6729744686931372,0.3799489622552249,1.379948962255225,23.304319440993098,-23.304319440993098,1400.7813991937273,1433.1320611810054
2025-26,2026-02-03,0022500723,OKC,ORL,1,OKC,36.0,0.9523127193955911,1663.8342969987903,1476.5466425464233,0.7823800792137857,0.21761992078621428,0.7162978701990245,0.9046254387911823,0.7162978701990245,1.7162978701990244,11.2050181967478,-11.2050181967478,1675.039315195538,1465.3416243496756
2025-26,2026-02-03,0022500724,GSW,PHI,0,PHI,19.0,0.71237505726703,1538.413971115931,1552.3083778438267,0.5303360843397674,0.4696639156602326,0.44223035604572614,0.42475011453406,0.44223035604572614,1.4422303560457261,-22.94600399223717,22.94600399223717,1515.4679671236938,1575.2543818360639
2025-26,2026-02-03,0022500725,POR,PHX,0,PHX,5.0,0.5613777855394356,1467.5866429103667,1594.5898692278915,0.37060712067292506,0.6293928793270749,0.12435300177159621,0.12275557107887125,0.12435300177159621,1.1243530017715961,-12.500796858195944,12.500796858195944,1455.0858460521706,1607.0906660860876
2025-26,2026-02-04,0022500726,NYK,DEN,1,NYK,7.0,0.5833613907605752,1603.974405209411,1546.7353624850116,0.629709463323626,0.370290536676374,0.1732351578346601,0.1667227815211505,0.1732351578346601,1.17323515783466,13.033136287265599,-13.033136287265599,1617.0075414966766,1533.702226197746
2025-26,2026-02-04,0022500727,TOR,MIN,0,MIN,2.0,0.346444445937458,1543.0785906645656,1568.8656463292878,0.5132553859824343,0.48674461401756575,0.04995837495787997,0.0,0.04995837495787997,1.04995837495788,-16.166903730134884,16.166903730134884,1526.9116869344307,1585.0325500594226
2025-26,2026-02-04,0022500728,HOU,BOS,0,BOS,21.0,0.6987200645970896,1607.8353082931724,1613.0375324484437,0.5427776126939096,0.45722238730609044,0.48154979836430795,0.39744012919417915,0.48154979836430795,1.481549798364308,-24.124561879299662,24.124561879299662,1583.7107464138728,1637.1620943277433
2025-26,2026-02-04,0022500729,MIL,NOP,1,MIL,4.0,0.5806269921821618,1400.7813991937273,1358.1965761551826,0.609833915064356,0.390166084935644,0.09966799462495582,0.1612539843643237,0.09966799462495582,1.099667994624956,12.871594685755495,-12.871594685755495,1413.652993879483,1345.324981469427
2025-26,2026-02-04,0022500730,SAS,OKC,1,SAS,10.0,0.8228676246168712,1618.155163263141,1675.039315195538,0.4685477577518466,0.5314522422481534,0.24491866240370913,0.6457352492337425,0.24491866240370913,1.2449186624037092,19.84844443653069,-19.84844443653069,1638.0036076996716,1655.1908707590073
2025-26,2026-02-04,0022500731,SAC,MEM,0,MEM,4.0,0.5015199758754008,1302.1580255029578,1394.654041042057,0.4180037329507176,0.5819962670492824,0.09966799462495582,0.0030399517508015172,0.09966799462495582,1.099667994624956,-13.789959802789836,13.789959802789836,1288.368065700168,1408.4440008448469
2025-26,2026-02-04,0022500732,LAC,CLE,0,CLE,33.0,0.8599416809234056,1562.3711266570176,1607.45928407692,0.48548605307944076,0.5145139469205593,0.6777821008468294,0.7198833618468112,0.6777821008468294,1.6777821008468294,-24.436194302023782,24.436194302023782,1537.9349323549939,1631.8954783789438
2025-26,2026-02-05,0022500733,DET,WAS,0,WAS,9.0,0.577321039156264,1668.065864368077,1338.816245185268,0.8905907295462606,0.10940927045373938,0.22127846789844396,0.15464207831252796,0.22127846789844396,1.2212784678984439,-32.62977845114444,32.62977845114444,1635.4360859169326,1371.4460236364123
2025-26,2026-02-05,0022500734,ORL,BKN,1,ORL,20.0,0.9169061947117249,1465.3416243496756,1311.640611978989,0.7476749797839044,0.2523250202160956,0.46211715726000974,0.8338123894234497,0.46211715726000974,1.4621171572600098,11.067862237917966,-11.067862237917966,1476.4094865875936,1300.572749741071
2025-26,2026-02-05,0022500735,ATL,UTA,1,ATL,2.0,0.5613225629749812,1496.7533280994207,1332.177936424345,0.7593004921943137,0.24069950780568627,0.04995837495787997,0.12264512594996235,0.04995837495787997,1.04995837495788,7.581733922064598,-7.581733922064598,1504.3350620214853,1324.5962025022804
2025-26,2026-02-05,0022500736,TOR,CHI,1,TOR,16.0,0.8113154538493189,1526.9116869344307,1433.1320611810054,0.6772833690098264,0.32271663099017356,0.3799489622552249,0.6226309076986378,0.3799489622552249,1.379948962255225,13.359974401121773,-13.359974401121773,1540.2716613355524,1419.7720867798837
2025-26,2026-02-05,0022500737,HOU,CHA,0,CHA,10.0,0.6414586477546254,1583.7107464138728,1586.7743512848094,0.5458311586106056,0.4541688413893944,0.24491866240370913,0.2829172955092507,0.24491866240370913,1.2449186624037092,-20.38546187627346,20.38546187627346,1563.3252845375994,1607.1598131610829
2025-26,2026-02-05,0022500738,DAL,SAS,0,SAS,12.0,0.8214444024055654,1422.7534097491564,1638.0036076996716,0.26161265573674625,0.7383873442632538,0.2913126124515909,0.6428888048111308,0.2913126124515909,1.2913126124515908,-10.134711657894494,10.134711657894494,1412.6186980912619,1648.1383193575662
2025-26,2026-02-05,0022500739,PHX,GSW,0,GSW,4.0,0.3742910354760372,1607.0906660860876,1515.4679671236938,0.6745635857844974,0.3254364142155026,0.09966799462495582,0.0,0.09966799462495582,1.099667994624956,-22.253879568799732,22.253879568799732,1584.836786517288,1537.7218466924935
2025-26,2026-02-05,0022500740,LAL,PHI,1,LAL,4.0,0.4912288196271078,1533.888167123552,1575.2543818360639,0.49083930577167284,0.5091606942283271,0.09966799462495582,0.0,0.09966799462495582,1.099667994624956,16.797231586917444,-16.797231586917444,1550.6853987104694,1558.4571502491465
2025-26,2026-02-06,0022500741,BOS,MIA,1,BOS,2.0,0.3796880650235754,1637.1620943277433,1500.928510711779,0.7282377047317949,0.27176229526820506,0.04995837495787997,0.0,0.04995837495787997,1.04995837495788,8.560172937438844,-8.560172937438844,1645.7222672651822,1492.36833777434
2025-26,2026-02-06,0022500742,DET,NYK,1,DET,38.0,0.8766128189592725,1635.4360859169326,1617.0075414966766,0.5762894329035947,0.4237105670964053,0.7397830512740042,0.7532256379185449,0.7397830512740042,1.7397830512740042,22.114933898400682,-22.114933898400682,1657.5510198153333,1594.8926075982758
2025-26,2026-02-06,0022500743,MIL,IND,1,MIL,6.0,0.7787772192661134,1413.652993879483,1354.4872519294736,0.6322918643106792,0.3677081356893208,0.14888503362331795,0.5575544385322269,0.14888503362331795,1.1488850336233178,12.673631215049785,-12.673631215049785,1426.3266250945326,1341.813620714424
2025-26,2026-02-06,0022500744,MIN,NOP,0,NOP,4.0,0.2198527804203331,1585.0325500594226,1345.324981469427,0.8293947600929181,0.17060523990708187,0.09966799462495582,0.0,0.09966799462495582,1.099667994624956,-27.36176617751477,27.36176617751477,1557.670783881908,1372.6867476469417
2025-26,2026-02-06,0022500745,POR,MEM,1,POR,20.0,0.6968384524238193,1455.0858460521706,1408.4440008448469,0.6153762390430846,0.3846237609569154,0.46211715726000974,0.3936769048476385,0.46211715726000974,1.4621171572600098,16.87094999954936,-16.87094999954936,1471.95679605172,1391.5730508452975
2025-26,2026-02-06,0022500746,SAC,LAC,0,LAC,3.0,0.5949427317336409,1288.368065700168,1537.9349323549939,0.22528199474188423,0.7747180052581157,0.07485969068749909,0.18988546346728175,0.07485969068749909,1.0748596906874992,-7.264396055571735,7.264396055571735,1281.1036696445963,1545.1993284105656
2025-26,2026-02-07,0022500747,BKN,WAS,1,BKN,14.0,0.912176865618676,1300.572749741071,1371.4460236364123,0.44855688890583084,0.5514431110941691,0.3363755443363322,0.8243537312373519,0.3363755443363322,1.3363755443363323,22.108052632769727,-22.108052632769727,1322.6808023738408,1349.3379710036425
2025-26,2026-02-07,0022500748,OKC,HOU,0,HOU,6.0,0.415679953809724,1655.1908707590073,1563.3252845375994,0.6748704479989507,0.3251295520010493,0.14888503362331795,0.0,0.14888503362331795,1.1488850336233178,-23.26045672021974,23.26045672021974,1631.9304140387876,1586.585741257819
2025-26,2026-02-07,0022500749,SAS,DAL,1,SAS,13.0,0.891402573881464,1648.1383193575662,1412.6186980912619,0.8259563961387877,0.17404360386121231,0.3140209253469976,0.7828051477629281,0.3140209253469976,1.3140209253469977,6.860908121893095,-6.860908121893095,1654.9992274794593,1405.7577899693688
2025-26,2026-02-07,0022500750,ORL,UTA,1,ORL,3.0,0.5202951741120261,1476.4094865875936,1324.5962025022804,0.7456193992641943,0.2543806007358057,0.07485969068749909,0.040590348224052164,0.07485969068749909,1.0748596906874992,8.20270361471365,-8.20270361471365,1484.6121902023074,1316.3934988875667
2025-26,2026-02-07,0022500751,ATL,CHA,0,CHA,7.0,0.4825303918625125,1504.3350620214853,1607.1598131610829,0.4036136342353293,0.5963863657646706,0.1732351578346601,0.0,0.1732351578346601,1.17323515783466,-14.20601117598922,14.20601117598922,1490.129050845496,1621.3658243370721
2025-26,2026-02-07,0022500752,CHI,DEN,0,DEN,16.0,0.6459959172199726,1419.7720867798837,1533.702226197746,0.38832501705532213,0.6116749829446779,0.3799489622552249,0.29199183443994525,0.3799489622552249,1.379948962255225,-16.07606112909703,16.07606112909703,1403.6960256507866,1549.7782873268432
2025-26,2026-02-07,0022500753,LAL,GSW,1,LAL,6.0,0.6889752584964866,1550.6853987104694,1537.7218466924935,0.5685899268362844,0.4314100731637156,0.14888503362331795,0.3779505169929731,0.14888503362331795,1.1488850336233178,14.869217292364,-14.869217292364,1565.5546160028334,1522.8526294001294
2025-26,2026-02-07,0022500754,PHX,PHI,0,PHI,6.0,0.7126386039096138,1584.836786517288,1558.4571502491465,0.5874247619682134,0.41257523803178664,0.14888503362331795,0.4252772078192275,0.14888503362331795,1.1488850336233178,-20.246505522150606,20.246505522150606,1564.5902809951374,1578.703655771297
2025-26,2026-02-07,0022500755,POR,MEM,1,POR,7.0,0.5483597064204514,1471.95679605172,1391.5730508452975,0.6602037282370358,0.33979627176296423,0.1732351578346601,0.0967194128409028,0.1732351578346601,1.17323515783466,11.95982797600351,-11.95982797600351,1483.9166240277234,1379.613222869294
2025-26,2026-02-07,0022500756,SAC,CLE,0,CLE,6.0,0.592601996136881,1281.1036696445963,1631.8954783789438,0.13969280368226641,0.8603071963177336,0.14888503362331795,0.18520399227376205,0.14888503362331795,1.1488850336233178,-4.814729143663086,4.814729143663086,1276.2889405009332,1636.7102075226069
2025-26,2026-02-08,0022500757,BOS,NYK,0,NYK,22.0,0.7232584928022859,1645.7222672651822,1594.8926075982758,0.6210659830959468,0.37893401690405315,0.5005202111902353,0.44651698560457187,0.5005202111902353,1.5005202111902354,-27.95766180354604,27.95766180354604,1617.7646054616362,1622.8502694018218
2025-26,2026-02-08,0022500758,WAS,MIA,0,MIA,31.0,0.8341321889108889,1349.3379710036425,1492.36833777434,0.3493556367045334,0.6506443632954666,0.6498274636719203,0.6682643778217778,0.6498274636719203,1.6498274636719203,-17.291295720711876,17.291295720711876,1332.0466752829307,1509.6596334950518
2025-26,2026-02-08,0022500759,TOR,IND,1,TOR,18.0,0.8654160488500363,1540.2716613355524,1341.813620714424,0.7931293345879682,0.2068706654120318,0.4218990052500079,0.7308320977000726,0.4218990052500079,1.4218990052500078,8.824475800943256,-8.824475800943256,1549.0961371364956,1332.9891449134807
2025-26,2026-02-08,0022500760,MIN,LAC,0,LAC,19.0,0.6520790644415441,1557.670783881908,1545.1993284105656,0.5678949352332608,0.43210506476673916,0.44223035604572614,0.30415812888308813,0.44223035604572614,1.4422303560457261,-24.57105943914091,24.57105943914091,1533.099724442767,1569.7703878497066
2025-26,2026-02-09,0022500761,CHA,DET,0,DET,6.0,0.7792785917720498,1621.3658243370721,1657.5510198153333,0.49829437321564385,0.5017056267843562,0.14888503362331795,0.5585571835440997,0.14888503362331795,1.1488850336233178,-17.17448843178495,17.17448843178495,1604.1913359052871,1674.7255082471183
2025-26,2026-02-09,0022500762,BKN,CHI,1,BKN,8.0,0.6148304173143374,1322.6808023738408,1403.6960256507866,0.4341632685896856,0.5658367314103143,0.197375320224904,0.22966083462867481,0.197375320224904,1.197375320224904,20.325568124023143,-20.325568124023143,1343.006370497864,1383.3704575267634
2025-26,2026-02-09,0022500763,MIA,UTA,0,UTA,4.0,0.3517391474855443,1509.6596334950518,1316.3934988875667,0.7881826485529501,0.21181735144704994,0.09966799462495582,0.0,0.09966799462495582,1.099667994624956,-26.002176975972272,26.002176975972272,1483.6574565190795,1342.395675863539
2025-26,2026-02-09,0022500764,ORL,MIL,1,ORL,19.0,0.7498724101814958,1484.6121902023074,1426.3266250945326,0.6311130735139245,0.36888692648607546,0.44223035604572614,0.4997448203629915,0.44223035604572614,1.4422303560457261,15.960597699798786,-15.960597699798786,1500.5727879021063,1410.3660273947337
2025-26,2026-02-09,0022500765,MIN,ATL,1,MIN,22.0,0.8799088215827943,1533.099724442767,1490.129050845496,0.6103622749113345,0.38963772508866545,0.5005202111902353,0.7598176431655885,0.5005202111902353,1.5005202111902354,17.539778446131816,-17.539778446131816,1550.6395028888987,1472.5892723993643
2025-26,2026-02-09,0022500766,NOP,SAC,1,NOP,26.0,0.8365796815935108,1372.6867476469417,1276.2889405009332,0.6805687076116296,0.3194312923883704,0.5716699660851172,0.6731593631870216,0.5716699660851172,1.5716699660851172,15.061217054236659,-15.061217054236659,1387.7479647011785,1261.2277234466965
2025-26,2026-02-09,0022500767,DEN,CLE,0,CLE,2.0,0.3490642223879695,1549.7782873268432,1636.7102075226069,0.42581561152643543,0.5741843884735646,0.04995837495787997,0.0,0.04995837495787997,1.04995837495788,-13.412660025299763,13.412660025299763,1536.3656273015433,1650.1228675479067
2025-26,2026-02-09,0022500768,GSW,MEM,1,GSW,1.0,0.412711857736835,1522.8526294001294,1379.613222869294,0.736145213813235,0.26385478618676494,0.02499479296842069,0.0,0.02499479296842069,1.0249947929684207,8.113493458236901,-8.113493458236901,1530.9661228583664,1371.4997294110572
2025-26,2026-02-09,0022500769,LAL,OKC,0,OKC,9.0,0.6004712304987737,1565.5546160028334,1631.9304140387876,0.45496894468281995,0.54503105531718,0.22127846789844396,0.20094246099754742,0.22127846789844396,1.2212784678984439,-16.669313271108187,16.669313271108187,1548.8853027317252,1648.5997273098958
2025-26,2026-02-09,0022500770,POR,PHI,1,POR,17.0,0.6819427965353759,1483.9166240277234,1578.703655771297,0.4147988767585987,0.5852011232414013,0.4011342849479459,0.36388559307075186,0.4011342849479459,1.401134284947946,24.598360720907266,-24.598360720907266,1508.5149847486307,1554.1052950503897
2025-26,2026-02-10,0022500771,NYK,IND,0,IND,3.0,0.334237757079397,1622.8502694018218,1332.9891449134807,0.8664641734309344,0.1335358265690656,0.07485969068749909,0.0,0.07485969068749909,1.0748596906874992,-27.939822403373213,27.939822403373213,1594.9104469984486,1360.928967316854
2025-26,2026-02-10,0022500772,HOU,LAC,1,HOU,7.0,0.7281609445499877,1586.585741257819,1569.7703878497066,0.5740203200185102,0.4259796799814898,0.1732351578346601,0.4563218890999754,0.1732351578346601,1.17323515783466,14.993230112323234,-14.993230112323234,1601.5789713701424,1554.7771577373833
2025-26,2026-02-10,0022500773,PHX,DAL,1,PHX,9.0,0.9281524552984368,1564.5902809951374,1405.7577899693688,0.7532068790059876,0.2467931209940124,0.22127846789844396,0.8563049105968736,0.22127846789844396,1.2212784678984439,9.042093740863283,-9.042093740863283,1573.6323747360007,1396.7156962285055
2025-26,2026-02-10,0022500774,LAL,SAS,0,SAS,28.0,0.8998384630714049,1548.8853027317252,1654.9992274794593,0.399064474127346,0.600935525872654,0.6043677771171634,0.7996769261428098,0.6043677771171634,1.6043677771171634,-19.207385498463598,19.207385498463598,1529.6779172332617,1674.2066129779228
2025-26,2026-02-11,0022500775,CHA,ATL,1,CHA,3.0,0.7931233935409949,1604.1913359052871,1472.5892723993643,0.7229292694790677,0.27707073052093234,0.07485969068749909,0.5862467870819899,0.07485969068749909,1.0748596906874992,8.934364791188663,-8.934364791188663,1613.1257006964759,1463.6549076081756
2025-26,2026-02-11,0022500776,CLE,WAS,1,CLE,25.0,0.9230862044170498,1650.1228675479067,1332.0466752829307,0.8841642841444349,0.11583571585556507,0.5545997223493823,0.8461724088340996,0.5545997223493823,1.5545997223493822,5.402345151216101,-5.402345151216101,1655.525212699123,1326.6443301317145
2025-26,2026-02-11,0022500777,ORL,MIL,0,MIL,8.0,0.4165826025750074,1500.5727879021063,1410.3660273947337,0.6727717216612114,0.32722827833878865,0.197375320224904,0.0,0.197375320224904,1.197375320224904,-24.16680766987059,24.16680766987059,1476.4059802322356,1434.5328350646043
2025-26,2026-02-11,0022500778,BOS,CHI,1,BOS,19.0,0.90447353972536,1617.7646054616362,1383.3704575267634,0.8250230931002763,0.17497690689972367,0.44223035604572614,0.8089470794507201,0.44223035604572614,1.4422303560457261,7.57071020213305,-7.57071020213305,1625.3353156637693,1375.7997473246303
2025-26,2026-02-11,0022500779,BKN,IND,0,IND,5.0,0.2510349801969197,1343.006370497864,1360.928967316854,0.5245565857770601,0.4754434142229399,0.12435300177159621,0.0,0.12435300177159621,1.1243530017715961,-17.69360315452492,17.69360315452492,1325.3127673433391,1378.6225704713788
2025-26,2026-02-11,0022500780,PHI,NYK,0,NYK,49.0,0.8891614092896463,1554.1052950503897,1594.9104469984486,0.4916464921413885,0.5083535078586114,0.8411229016320433,0.7783228185792925,0.8411229016320433,1.8411229016320432,-27.15544848565706,27.15544848565706,1526.9498465647328,1622.0658954841056
2025-26,2026-02-11,0022500781,TOR,DET,0,DET,18.0,0.83262181307671,1549.0961371364956,1674.7255082471183,0.37245372830151796,0.6275462716984821,0.4218990052500079,0.66524362615342,0.4218990052500079,1.4218990052500078,-15.887747573207552,15.887747573207552,1533.208389563288,1690.613255820326
2025-26,2026-02-11,0022500782,HOU,LAC,0,LAC,3.0,0.2802595417553352,1601.5789713701424,1554.7771577373833,0.6155941708558019,0.3844058291441981,0.07485969068749909,0.0,0.07485969068749909,1.0748596906874992,-19.850320802252842,19.850320802252842,1581.7286505678896,1574.627478539636
2025-26,2026-02-11,0022500783,MIN,POR,1,MIN,24.0,0.8474179518533251,1550.6395028888987,1508.5149847486307,0.6092032648613075,0.3907967351386925,0.5370495669980352,0.6948359037066503,0.5370495669980352,1.5370495669980353,18.020218575875194,-18.020218575875194,1568.6597214647738,1490.4947661727556
2025-26,2026-02-11,0022500784,NOP,MIA,0,MIA,12.0,0.7567027818163883,1387.7479647011785,1483.6574565190795,0.41323130009050923,0.5867686999094908,0.2913126124515909,0.5134055636327766,0.2913126124515909,1.2913126124515908,-16.008323689999283,16.008323689999283,1371.7396410111792,1499.6657802090788
2025-26,2026-02-11,0022500785,PHX,OKC,0,OKC,27.0,0.8742645732743687,1573.6323747360007,1648.5997273098958,0.4427347328685023,0.5572652671314977,0.5882592563981054,0.7485291465487374,0.5882592563981054,1.5882592563981053,-21.09532612822024,21.09532612822024,1552.5370486077804,1669.695053438116
2025-26,2026-02-11,0022500786,UTA,SAC,1,UTA,28.0,0.9197972193174064,1342.395675863539,1261.2277234466965,0.6612157000236668,0.3387842999763332,0.6043677771171634,0.8395944386348129,0.6043677771171634,1.6043677771171634,16.30603842825672,-16.30603842825672,1358.7017142917957,1244.9216850184398
2025-26,2026-02-11,0022500787,DEN,MEM,1,DEN,6.0,0.7853102242160175,1536.3656273015433,1371.4997294110572,0.7596059924852847,0.2403940075147153,0.14888503362331795,0.570620448432035,0.14888503362331795,1.1488850336233178,8.285552322191633,-8.285552322191633,1544.651179623735,1363.2141770888654
2025-26,2026-02-11,0022500788,GSW,SAS,0,SAS,13.0,0.5312125902617764,1530.9661228583664,1674.2066129779228,0.3490807446056785,0.6509192553943215,0.3140209253469976,0.062425180523552726,0.3140209253469976,1.3140209253469977,-13.760982091427179,13.760982091427179,1517.2051407669392,1687.96759506935
2025-26,2026-02-12,0022500789,OKC,MIL,0,MIL,17.0,0.5910540116621996,1669.695053438116,1434.5328350646043,0.8256604449166953,0.17433955508330468,0.4011342849479459,0.18210802332439924,0.4011342849479459,1.401134284947946,-34.70583471294471,34.70583471294471,1634.9892187251712,1469.2386697775491
2025-26,2026-02-12,0022500790,UTA,POR,0,POR,16.0,0.6880475919805759,1358.7017142917957,1490.4947661727556,0.36419890826484635,0.6358010917351536,0.3799489622552249,0.3760951839611517,0.3799489622552249,1.379948962255225,-15.07727716543682,15.07727716543682,1343.624437126359,1505.5720433381923
2025-26,2026-02-12,0022500791,LAL,DAL,1,LAL,20.0,0.8235411056917575,1529.6779172332617,1396.7156962285055,0.7244948368257866,0.27550516317421336,0.46211715726000974,0.6470822113835151,0.46211715726000974,1.4621171572600098,12.084624779722079,-12.084624779722079,1541.7625420129839,1384.6310714487834
2025-26,2026-02-19,0022500792,CHA,HOU,0,HOU,4.0,0.57024974731418,1613.1257006964759,1581.7286505678896,0.594406534325758,0.40559346567424204,0.09966799462495582,0.14049949462835998,0.09966799462495582,1.099667994624956,-19.60949524781929,19.60949524781929,1593.5162054486566,1601.338145815709
2025-26,2026-02-19,0022500793,CLE,BKN,1,CLE,28.0,0.953310458668404,1655.525212699123,1325.3127673433391,0.8911296139399415,0.1088703860600585,0.6043677771171634,0.906620917336808,0.6043677771171634,1.6043677771171634,5.240044178311904,-5.240044178311904,1660.7652568774347,1320.0727231650274
2025-26,2026-02-19,0022500794,PHI,ATL,0,ATL,10.0,0.5400936745976408,1526.9498465647328,1463.6549076081756,0.6378006800431408,0.36219931995685917,0.24491866240370913,0.08018734919528159,0.24491866240370913,1.2449186624037092,-23.82029908438449,23.82029908438449,1503.1295474803483,1487.47520669256
2025-26,2026-02-19,0022500795,WAS,IND,1,WAS,7.0,0.6806872024449209,1326.6443301317145,1378.6225704713788,0.47558577879125324,0.5244142212087468,0.1732351578346601,0.36137440488984174,0.1732351578346601,1.17323515783466,18.45783604771753,-18.45783604771753,1345.102166179432,1360.1647344236612
2025-26,2026-02-19,0022500796,NYK,DET,0,DET,15.0,0.6950501605659762,1622.0658954841056,1690.613255820326,0.45187094805784533,0.5481290519421547,0.35835739835078595,0.3901003211319525,0.35835739835078595,1.358357398350786,-18.41406736182474,18.41406736182474,1603.651828122281,1709.0273231821507
2025-26,2026-02-19,0022500797,CHI,TOR,0,TOR,9.0,0.7390406508785156,1375.7997473246303,1533.208389563288,0.33078410988719076,0.6692158901128092,0.22127846789844396,0.4780813017570311,0.22127846789844396,1.2212784678984439,-12.119385327845364,12.119385327845364,1363.680361996785,1545.3277748911332
2025-26,2026-02-19,0022500798,SAS,PHX,1,SAS,27.0,0.8641129472127392,1687.96759506935,1552.5370486077804,0.7273218820914716,0.27267811790852836,0.5882592563981054,0.7282258944254785,0.5882592563981054,1.5882592563981053,12.992506343563026,-12.992506343563026,1700.960101412913,1539.5445422642174
2025-26,2026-02-19,0022500799,GSW,BOS,0,BOS,11.0,0.8643647509531487,1517.2051407669392,1625.3353156637693,0.39628439148309375,0.6037156085169062,0.2682711820216014,0.7287295019062974,0.2682711820216014,1.2682711820216013,-15.07788220808923,15.07788220808923,1502.12725855885,1640.4131978718585
2025-26,2026-02-19,0022500800,SAC,ORL,0,ORL,37.0,0.7510720131002722,1244.9216850184398,1476.4059802322356,0.2439665449432196,0.7560334550567804,0.7282542059818115,0.5021440262005443,0.7282542059818115,1.7282542059818113,-12.649086222509096,12.649086222509096,1232.2725987959307,1489.0550664547447
2025-26,2026-02-19,0022500801,LAC,DEN,1,LAC,1.0,0.3785349237349713,1574.627478539636,1544.651179623735,0.5924332880816613,0.4075667119183387,0.02499479296842069,0.0,0.02499479296842069,1.0249947929684207,12.532612725106725,-12.532612725106725,1587.1600912647427,1532.1185668986284
2025-26,2026-02-20,0022500802,CHA,CLE,0,CLE,5.0,0.6884458821046994,1593.5162054486566,1660.7652568774347,0.45372271018453497,0.5462772898154651,0.12435300177159621,0.37689176420939874,0.12435300177159621,1.1243530017715961,-15.304334735037775,15.304334735037775,1578.2118707136187,1676.0695916124725
2025-26,2026-02-20,0022500803,WAS,IND,1,WAS,13.0,0.5123020703474889,1345.102166179432,1360.1647344236612,0.5286608177385229,0.4713391822614771,0.3140209253469976,0.02460414069497774,0.3140209253469976,1.3140209253469977,18.5804864528257,-18.5804864528257,1363.6826526322577,1341.5842479708356
2025-26,2026-02-20,0022500804,MEM,UTA,1,MEM,9.0,0.5541527523410816,1363.2141770888654,1343.624437126359,0.577920786037503,0.42207921396249704,0.22127846789844396,0.10830550468216327,0.22127846789844396,1.2212784678984439,15.464287672796935,-15.464287672796935,1378.6784647616623,1328.160149453562
2025-26,2026-02-20,0022500805,ATL,MIA,0,MIA,31.0,0.7323117109399798,1487.47520669256,1499.6657802090788,0.5327783250633673,0.4672216749366327,0.6498274636719203,0.46462342187995964,0.6498274636719203,1.6498274636719203,-26.369769382160076,26.369769382160076,1461.1054373104,1526.0355495912388
2025-26,2026-02-20,0022500806,MIN,DAL,1,MIN,11.0,0.82682736740758,1568.6597214647738,1384.6310714487834,0.7791689995043902,0.22083100049560977,0.2682711820216014,0.65365473481516,0.2682711820216014,1.2682711820216013,8.402207820767396,-8.402207820767396,1577.0619292855413,1376.228863628016
2025-26,2026-02-20,0022500807,NOP,MIL,0,MIL,21.0,0.684982417901095,1371.7396410111792,1469.2386697775491,0.4110144374854739,0.5889855625145262,0.48154979836430795,0.3699648358021901,0.48154979836430795,1.481549798364308,-18.2681507094427,18.2681507094427,1353.4714903017364,1487.506820486992
2025-26,2026-02-20,0022500808,OKC,BKN,1,OKC,19.0,0.9139418931408888,1634.9892187251712,1320.0727231650274,0.8822883838553942,0.11771161614460579,0.44223035604572614,0.8278837862817776,0.44223035604572614,1.4422303560457261,5.09301798188858,-5.09301798188858,1640.0822367070598,1314.9797051831388
2025-26,2026-02-20,0022500809,LAL,LAC,1,LAL,3.0,0.7200215711279048,1541.7625420129839,1587.1600912647427,0.48504118923550893,0.5149588107644911,0.07485969068749909,0.44004314225580954,0.07485969068749909,1.0748596906874992,16.6052540416537,-16.6052540416537,1558.3677960546377,1570.554837223089
2025-26,2026-02-20,0022500810,POR,DEN,0,DEN,54.0,0.8771449284466586,1505.5720433381923,1532.1185668986284,0.5121631304225703,0.48783686957742967,0.874053287886007,0.7542898568933172,0.874053287886007,1.874053287886007,-28.79462995507223,28.79462995507223,1476.7774133831201,1560.9131968537006
2025-26,2026-02-21,0022500811,PHX,ORL,1,PHX,3.0,0.5634011803875709,1539.5445422642174,1489.0550664547447,0.6206050121321773,0.37939498786782266,0.07485969068749909,0.12680236077514184,0.07485969068749909,1.0748596906874992,12.23389137923986,-12.23389137923986,1551.7784336434572,1476.821175075505
2025-26,2026-02-21,0022500812,NOP,PHI,1,NOP,15.0,0.4901649742433801,1353.4714903017364,1503.1295474803483,0.3407340331529793,0.6592659668470207,0.35835739835078595,0.0,0.35835739835078595,1.358357398350786,26.86556410642603,-26.86556410642603,1380.3370544081624,1476.2639833739222
2025-26,2026-02-21,0022500813,MIA,MEM,1,MIA,16.0,0.810765133868489,1526.0355495912388,1378.6784647616623,0.7407233869556117,0.2592766130443883,0.3799489622552249,0.6215302677369781,0.3799489622552249,1.379948962255225,10.733654793229597,-10.733654793229597,1536.7692043844684,1367.9448099684328
2025-26,2026-02-21,0022500814,CHI,DET,0,DET,16.0,0.8371560385840995,1363.680361996785,1709.0273231821507,0.1435022819647525,0.8564977180352475,0.3799489622552249,0.674312077168199,0.3799489622552249,1.379948962255225,-5.940774752355508,5.940774752355508,1357.7395872444295,1714.9680979345062
2025-26,2026-02-21,0022500815,SAS,SAC,1,SAS,17.0,0.8929112678103978,1700.960101412913,1232.2725987959307,0.9478196541212719,0.05218034587872811,0.4011342849479459,0.7858225356207955,0.4011342849479459,1.401134284947946,2.1933501483338462,-2.1933501483338462,1703.1534515612468,1230.0792486475968
2025-26,2026-02-21,0022500816,NYK,HOU,1,NYK,2.0,0.4418684250562606,1603.651828122281,1601.338145815709,0.5534931962327172,0.4465068037672828,0.04995837495787997,0.0,0.04995837495787997,1.04995837495788,14.064406742733999,-14.064406742733999,1617.716234865015,1587.2737390729749
2025-26,2026-02-22,0022500817,OKC,CLE,1,OKC,8.0,0.7727384617158938,1640.0822367070598,1676.0695916124725,0.49857908589592725,0.5014209141040727,0.197375320224904,0.5454769234317876,0.197375320224904,1.197375320224904,18.011670827784847,-18.011670827784847,1658.0939075348447,1658.0579207846877
2025-26,2026-02-22,0022500818,ATL,BKN,1,ATL,11.0,0.5943246003550787,1461.1054373104,1314.9797051831388,0.7393597542248526,0.26064024577514744,0.2682711820216014,0.18864920071015745,0.2682711820216014,1.2682711820216013,9.916875377749408,-9.916875377749408,1471.0223126881494,1305.0628298053894
2025-26,2026-02-22,0022500819,MIL,TOR,0,TOR,28.0,0.7318644968044828,1487.506820486992,1545.3277748911332,0.46720515625962106,0.5327948437403789,0.6043677771171634,0.4637289936089657,0.6043677771171634,1.6043677771171634,-22.48706694017776,22.48706694017776,1465.0197535468142,1567.814841831311
2025-26,2026-02-22,0022500820,GSW,DEN,1,GSW,11.0,0.5606490373642494,1502.12725855885,1560.9131968537006,0.4658226625131184,0.5341773374868817,0.2682711820216014,0.12129807472849885,0.2682711820216014,1.2682711820216013,20.32445169670918,-20.32445169670918,1522.4517102555592,1540.5887451569913
2025-26,2026-02-22,0022500821,IND,DAL,0,DAL,4.0,0.631768108035386,1341.5842479708356,1376.228863628016,0.5005114390029181,0.49948856099708194,0.09966799462495582,0.26353621607077193,0.09966799462495582,1.099667994624956,-16.511892312455696,16.511892312455696,1325.0723556583798,1392.7407559404717
2025-26,2026-02-22,0022500822,WAS,CHA,0,CHA,17.0,0.7823021768032412,1363.6826526322577,1578.2118707136187,0.26241516693249983,0.7375848330675001,0.4011342849479459,0.5646043536064824,0.4011342849479459,1.401134284947946,-11.03036661838392,11.03036661838392,1352.652286013874,1589.2422373320026
2025-26,2026-02-22,0022500823,LAL,BOS,0,BOS,22.0,0.7189111525787545,1558.3677960546377,1640.4131978718585,0.43270699956312186,0.5672930004368781,0.5005202111902353,0.437822305157509,0.5005202111902353,1.5005202111902354,-19.47856795103846,19.47856795103846,1538.8892281035992,1659.891765822897
2025-26,2026-02-22,0022500824,MIN,PHI,0,PHI,27.0,0.7013083342918334,1577.0619292855413,1476.2639833739222,0.6860497934413174,0.31395020655868255,0.5882592563981054,0.40261666858366674,0.5882592563981054,1.5882592563981053,-32.68874804349542,32.68874804349542,1544.3731812420458,1508.9527314174177
2025-26,2026-02-22,0022500825,CHI,NYK,0,NYK,6.0,0.6801073312539504,1357.7395872444295,1617.716234865015,0.21499594975637565,0.7850040502436244,0.14888503362331795,0.3602146625079008,0.14888503362331795,1.1488850336233178,-7.410168868941923,7.410168868941923,1350.3294183754874,1625.126403733957
2025-26,2026-02-22,0022500826,PHX,POR,0,POR,15.0,0.6081864005344687,1551.7784336434572,1476.7774133831201,0.653218497616584,0.346781502383416,0.35835739835078595,0.21637280106893741,0.35835739835078595,1.358357398350786,-26.61912536931216,26.61912536931216,1525.1593082741451,1503.3965387524322
2025-26,2026-02-22,0022500827,LAC,ORL,0,ORL,2.0,0.4980458441904435,1570.554837223089,1476.821175075505,0.6772255351847625,0.3227744648152375,0.04995837495787997,0.0,0.04995837495787997,1.04995837495788,-21.331758672077214,21.331758672077214,1549.2230785510117,1498.1529337475822
2025-26,2026-02-23,0022500828,DET,SAS,0,SAS,11.0,0.538836408118174,1714.9680979345062,1703.1534515612468,0.5669669027208786,0.4330330972791214,0.2682711820216014,0.07767281623634803,0.2682711820216014,1.2682711820216013,-21.57203351642805,21.57203351642805,1693.3960644180781,1724.7254850776749
2025-26,2026-02-23,0022500829,MEM,SAC,0,SAC,9.0,0.6074362583701601,1367.9448099684328,1230.0792486475968,0.7300929395831337,0.2699070604168663,0.22127846789844396,0.21487251674032026,0.22127846789844396,1.2212784678984439,-26.749403600326822,26.749403600326822,1341.195406368106,1256.8286522479236
2025-26,2026-02-23,0022500830,HOU,UTA,1,HOU,20.0,0.932129881824884,1587.2737390729749,1328.160149453562,0.8446253577057518,0.15537464229424824,0.46211715726000974,0.864259763649768,0.46211715726000974,1.4621171572600098,6.8152779090467135,-6.8152779090467135,1594.0890169820216,1321.3448715445154
2025-26,2026-02-24,0022500831,IND,PHI,0,PHI,21.0,0.814449956011049,1325.0723556583798,1508.9527314174177,0.29796142211027565,0.7020385778897243,0.48154979836430795,0.6288999120220979,0.48154979836430795,1.481549798364308,-13.24334054543464,13.24334054543464,1311.8290151129452,1522.1960719628523
2025-26,2026-02-24,0022500832,ATL,WAS,1,ATL,21.0,0.926707497123215,1471.0223126881494,1352.652286013874,0.7074163628764495,0.2925836371235505,0.48154979836430795,0.85341499424643,0.48154979836430795,1.481549798364308,13.004316857552762,-13.004316857552762,1484.0266295457022,1339.647969156321
2025-26,2026-02-24,0022500833,BKN,DAL,0,DAL,9.0,0.6942309264092345,1305.0628298053894,1392.7407559404717,0.42476599190105707,0.5752340080989429,0.22127846789844396,0.3884618528184689,0.22127846789844396,1.2212784678984439,-15.562726794128574,15.562726794128574,1289.5001030112608,1408.3034827346003
2025-26,2026-02-24,0022500834,TOR,OKC,0,OKC,9.0,0.7005991239124948,1567.814841831311,1658.0939075348447,0.4211115877094293,0.5788884122905706,0.22127846789844396,0.4011982478249896,0.22127846789844396,1.2212784678984439,-15.42883543956159,15.42883543956159,1552.3860063917493,1673.5227429744064
2025-26,2026-02-24,0022500835,CLE,NYK,1,CLE,15.0,0.7455139591524171,1658.0579207846877,1625.126403733957,0.5965342957121086,0.4034657042878914,0.35835739835078595,0.4910279183048343,0.35835739835078595,1.358357398350786,16.44151873200803,-16.44151873200803,1674.4994395166957,1608.684885001949
2025-26,2026-02-24,0022500836,CHI,CHA,0,CHA,32.0,0.6724501840469111,1350.3294183754874,1589.2422373320026,0.23616581915363125,0.7638341808463688,0.664036770267849,0.3449003680938223,0.664036770267849,1.664036770267849,-11.789658208562082,11.789658208562082,1338.5397601669254,1601.0318955405646
2025-26,2026-02-24,0022500837,MIL,MIA,1,MIL,11.0,0.4885050337295979,1465.0197535468142,1536.7692043844684,0.44730964274734686,0.5526903572526531,0.2682711820216014,0.0,0.2682711820216014,1.2682711820216013,21.028837580542906,-21.028837580542906,1486.048591127357,1515.7403668039256
2025-26,2026-02-24,0022500838,NOP,GSW,1,NOP,4.0,0.6020873452040056,1380.3370544081624,1522.4517102555592,0.3505547756717198,0.6494452243282802,0.09966799462495582,0.20417469040801128,0.09966799462495582,1.099667994624956,21.425223823675037,-21.425223823675037,1401.7622782318374,1501.0264864318842
2025-26,2026-02-24,0022500839,PHX,BOS,0,BOS,16.0,0.7161515261744595,1525.1593082741451,1659.891765822897,0.3602898872585661,0.639710112741434,0.3799489622552249,0.4323030523489191,0.3799489622552249,1.379948962255225,-14.91544968100531,14.91544968100531,1510.2438585931397,1674.8072155039024
2025-26,2026-02-24,0022500840,LAL,ORL,0,ORL,1.0,0.3405030647758394,1538.8892281035992,1498.1529337475822,0.6072990972409533,0.3927009027590467,0.02499479296842069,0.0,0.02499479296842069,1.0249947929684207,-18.67435237339199,18.67435237339199,1520.2148757302073,1516.8272861209741
2025-26,2026-02-24,0022500841,POR,MIN,0,MIN,3.0,0.6852034747074099,1503.3965387524322,1544.3731812420458,0.49139976835457533,0.5086002316454247,0.07485969068749909,0.3704069494148199,0.07485969068749909,1.0748596906874992,-15.845574090525227,15.845574090525227,1487.550964661907,1560.218755332571
2025-26,2026-02-25,0022500842,DET,OKC,1,DET,8.0,0.7452644957012186,1693.3960644180781,1673.5227429744064,0.5783189303432401,0.4216810696567599,0.197375320224904,0.4905289914024371,0.197375320224904,1.197375320224904,15.147315174391288,-15.147315174391288,1708.5433795924694,1658.3754278000151
2025-26,2026-02-25,0022500843,TOR,SAS,0,SAS,3.0,0.5391588054814687,1552.3860063917493,1724.7254850776749,0.3120420868711493,0.6879579131288507,0.07485969068749909,0.07831761096293732,0.07485969068749909,1.0748596906874992,-10.062043829274158,10.062043829274158,1542.3239625624751,1734.787528906949
2025-26,2026-02-25,0022500844,MEM,GSW,0,GSW,21.0,0.8270818522163951,1341.195406368106,1501.0264864318842,0.32770455025074463,0.6722954497492554,0.48154979836430795,0.6541637044327901,0.48154979836430795,1.481549798364308,-14.565318310411708,14.565318310411708,1326.6300880576944,1515.5918047422958
2025-26,2026-02-25,0022500845,HOU,SAC,1,HOU,31.0,0.9483575497712526,1594.0890169820216,1256.8286522479236,0.8950037164892827,0.10499628351071733,0.6498274636719203,0.8967150995425053,0.6498274636719203,1.6498274636719203,5.19677256358394,-5.19677256358394,1599.2857895456054,1251.6318796843398
2025-26,2026-02-25,0022500846,MIL,CLE,1,MIL,2.0,0.4426189984308763,1486.048591127357,1674.4994395166957,0.2924873502734295,0.7075126497265705,0.04995837495787997,0.0,0.04995837495787997,1.04995837495788,22.28576495907161,-22.28576495907161,1508.3343560864287,1652.213674557624
2025-26,2026-02-25,0022500847,DEN,BOS,1,DEN,19.0,0.5933244720442842,1540.5887451569913,1674.8072155039024,0.3609721042541266,0.6390278957458734,0.44223035604572614,0.18664894408856836,0.44223035604572614,1.4422303560457261,27.648762888141665,-27.648762888141665,1568.237508045133,1647.1584526157608
2025-26,2026-02-26,0022500848,IND,CHA,0,CHA,24.0,0.8156365440772848,1311.8290151129452,1601.0318955405646,0.18796168171372712,0.8120383182862729,0.5370495669980352,0.6312730881545696,0.5370495669980352,1.5370495669980353,-8.667192644709203,8.667192644709203,1303.1618224682359,1609.699088185274
2025-26,2026-02-26,0022500849,PHI,MIA,1,PHI,7.0,0.6925165780819953,1522.1960719628523,1515.7403668039256,0.5593780331965669,0.44062196680343313,0.1732351578346601,0.3850331561639906,0.1732351578346601,1.17323515783466,15.508595483041326,-15.508595483041326,1537.7046674458936,1500.2317713208843
2025-26,2026-02-26,0022500850,ATL,WAS,1,ATL,30.0,0.915342750257502,1484.0266295457022,1339.647969156321,0.7374170496779505,0.2625829503220495,0.6351489523872873,0.830685500515004,0.6351489523872873,1.6351489523872873,12.88086708401587,-12.88086708401587,1496.907496629718,1326.7671020723053
2025-26,2026-02-26,0022500851,BKN,SAS,0,SAS,16.0,0.9373706044234454,1289.5001030112608,1734.787528906949,0.08613206776217049,0.9138679322378295,0.3799489622552249,0.8747412088468909,0.3799489622552249,1.379948962255225,-3.565735725759117,3.565735725759117,1285.9343672855016,1738.3532646327083
2025-26,2026-02-26,0022500852,ORL,HOU,0,HOU,5.0,0.4345189068425032,1516.8272861209741,1599.2857895456054,0.4321233606613457,0.5678766393386543,0.12435300177159621,0.0,0.12435300177159621,1.1243530017715961,-14.575775930856423,14.575775930856423,1502.2515101901176,1613.861565476462
2025-26,2026-02-26,0022500853,CHI,POR,0,POR,9.0,0.6260570693266991,1338.5397601669254,1487.550964661907,0.34157097326098296,0.658429026739017,0.22127846789844396,0.25211413865339827,0.22127846789844396,1.2212784678984439,-12.514598247082608,12.514598247082608,1326.0251619198427,1500.0655629089897
2025-26,2026-02-26,0022500854,DAL,SAC,0,SAC,9.0,0.7063685714687583,1408.3034827346003,1251.6318796843398,0.7508873505833087,0.2491126494166913,0.22127846789844396,0.4127371429375166,0.22127846789844396,1.2212784678984439,-27.511276592541147,27.511276592541147,1380.792206142059,1279.143156276881
2025-26,2026-02-26,0022500855,PHX,LAL,1,PHX,3.0,0.5417431053208808,1510.2438585931397,1520.2148757302073,0.5359574211746463,0.4640425788253537,0.07485969068749909,0.08348621064176154,0.07485969068749909,1.0748596906874992,14.963419882261475,-14.963419882261475,1525.2072784754012,1505.2514558479459
2025-26,2026-02-26,0022500856,UTA,NOP,0,NOP,11.0,0.7442320221403175,1321.3448715445154,1401.7622782318374,0.43500887030011304,0.564991129699887,0.2682711820216014,0.48846404428063495,0.2682711820216014,1.2682711820216013,-16.551276423762175,16.551276423762175,1304.7935951207533,1418.3135546555995
2025-26,2026-02-26,0022500857,LAC,MIN,0,MIN,6.0,0.6073780096712936,1549.2230785510117,1560.218755332571,0.5344901367394479,0.4655098632605521,0.14888503362331795,0.21475601934258726,0.14888503362331795,1.1488850336233178,-18.42203156157697,18.42203156157697,1530.8010469894348,1578.6407868941478
2025-26,2026-02-27,0022500858,DET,CLE,1,DET,3.0,0.5298032790459927,1708.5433795924694,1652.213674557624,0.6284880639179488,0.37151193608205124,0.07485969068749909,0.05960655809198534,0.07485969068749909,1.0748596906874992,11.979696141116026,-11.979696141116026,1720.5230757335853,1640.233978416508
2025-26,2026-02-27,0022500859,BOS,BKN,1,BOS,37.0,0.9073805534280835,1647.1584526157608,1285.9343672855016,0.9072785082731426,0.0927214917268574,0.7282542059818115,0.8147611068561671,0.7282542059818115,1.7282542059818113,4.8073892418554705,-4.8073892418554705,1651.9658418576162,1281.1269780436462
2025-26,2026-02-27,0022500860,MIL,NYK,0,NYK,29.0,0.8684171054485164,1508.3343560864287,1608.684885001949,0.4070466610598331,0.5929533389401669,0.619996867969374,0.7368342108970327,0.619996867969374,1.6199968679693741,-19.78242948102963,19.78242948102963,1488.551926605399,1628.4673144829785
2025-26,2026-02-27,0022500861,DAL,MEM,0,MEM,19.0,0.8121122550306407,1380.792206142059,1326.6300880576944,0.6255700106302702,0.3744299893697298,0.44223035604572614,0.6242245100612813,0.44223035604572614,1.4422303560457261,-27.066481774884696,27.066481774884696,1353.7257243671743,1353.6965698325791
2025-26,2026-02-27,0022500862,OKC,DEN,1,OKC,6.0,0.5200642805073246,1658.3754278000151,1568.237508045133,0.6726844748441512,0.32731552515584883,0.14888503362331795,0.04012856101464912,0.14888503362331795,1.1488850336233178,11.281437243723339,-11.281437243723339,1669.6568650437384,1556.9560708014096
2025-26,2026-02-28,0022500863,CHA,POR,1,CHA,16.0,0.805722531552116,1609.699088185274,1500.0655629089897,0.6968996522597789,0.3031003477402211,0.3799489622552249,0.6114450631042321,0.3799489622552249,1.379948962255225,12.54789030969948,-12.54789030969948,1622.2469784949733,1487.5176725992903
2025-26,2026-02-28,0022500864,MIA,HOU,1,MIA,10.0,0.5549928488613416,1500.2317713208843,1613.861565476462,0.38873576587497594,0.6112642341250241,0.24491866240370913,0.10998569772268318,0.24491866240370913,1.2449186624037092,22.82922758166458,-22.82922758166458,1523.0609989025488,1591.0323378947974
2025-26,2026-02-28,0022500865,WAS,TOR,0,TOR,9.0,0.6612200982623229,1326.7671020723053,1542.3239625624751,0.26127179530963485,0.7387282046903652,0.22127846789844396,0.32244019652464573,0.22127846789844396,1.2212784678984439,-9.5725685364248,9.5725685364248,1317.1945335358805,1551.8965310989
2025-26,2026-02-28,0022500866,GSW,LAL,0,LAL,28.0,0.8776739602395264,1515.5918047422958,1505.2514558479459,0.5648821050956045,0.43511789490439545,0.6043677771171634,0.7553479204790527,0.6043677771171634,1.6043677771171634,-27.18835941856497,27.18835941856497,1488.403445323731,1532.4398152665108
2025-26,2026-02-28,0022500867,UTA,NOP,0,NOP,10.0,0.7712376817780185,1304.7935951207533,1418.3135546555995,0.3888860139704834,0.6111139860295166,0.24491866240370913,0.5424753635560371,0.24491866240370913,1.2449186624037092,-14.52394369018933,14.52394369018933,1290.269651430564,1432.8374983457888
2025-26,2026-03-01,0022500868,NYK,SAS,1,NYK,25.0,0.7618401692818022,1628.4673144829785,1738.3532646327083,0.39386890125846225,0.6061310987415378,0.5545997223493823,0.5236803385636044,0.5545997223493823,1.5545997223493822,28.268737134327615,-28.268737134327615,1656.7360516173062,1710.0845274983806
2025-26,2026-03-01,0022500869,BKN,CLE,0,CLE,4.0,0.6712439688709048,1281.1269780436462,1640.233978416508,0.13403890732082036,0.8659610926791796,0.09966799462495582,0.3424879377418095,0.09966799462495582,1.099667994624956,-4.421948892456205,4.421948892456205,1276.70502915119,1644.6559273089642
2025-26,2026-03-01,0022500870,CHI,MIL,1,CHI,23.0,0.5180351601882527,1326.0251619198427,1488.551926605399,0.32429498391298683,0.6757050160870132,0.5190218338982221,0.03607032037650537,0.5190218338982221,1.519021833898222,30.79232018132167,-30.79232018132167,1356.8174821011644,1457.7596064240774
2025-26,2026-03-01,0022500871,DEN,MIN,0,MIN,9.0,0.6724662750661891,1556.9560708014096,1578.6407868941478,0.5191528577995465,0.48084714220045355,0.22127846789844396,0.3449325501323781,0.22127846789844396,1.2212784678984439,-19.020906203355864,19.020906203355864,1537.9351645980537,1597.6616930975038
2025-26,2026-03-01,0022500872,IND,MEM,0,MEM,19.0,0.662539440922887,1303.1618224682359,1353.6965698325791,0.4776585878894099,0.52234141211059,0.44223035604572614,0.32507888184577394,0.44223035604572614,1.4422303560457261,-20.666811458401273,20.666811458401273,1282.4950110098346,1374.3633812909804
2025-26,2026-03-01,0022500873,ATL,POR,1,ATL,34.0,0.8960066765650279,1496.907496629718,1487.5176725992903,0.563536749577821,0.43646325042217904,0.6910694698329306,0.7920133531300557,0.6910694698329306,1.6910694698329305,22.142690324789754,-22.142690324789754,1519.0501869545078,1465.3749822745006
2025-26,2026-03-01,0022500874,BOS,PHI,1,BOS,16.0,0.7262092237381471,1651.9658418576162,1537.7046674458936,0.702496909325509,0.297503090674491,0.3799489622552249,0.4524184474762942,0.3799489622552249,1.379948962255225,12.31617243731958,-12.31617243731958,1664.2820142949358,1525.388495008574
2025-26,2026-03-01,0022500875,ORL,DET,0,DET,14.0,0.6558320242166519,1502.2515101901176,1720.5230757335853,0.2582668984015921,0.7417331015984079,0.3363755443363322,0.31166404843330375,0.3363755443363322,1.3363755443363323,-10.354247008064517,10.354247008064517,1491.8972631820532,1730.8773227416498
2025-26,2026-03-01,0022500876,DAL,OKC,0,OKC,13.0,0.89863525093179,1353.7257243671743,1669.6568650437384,0.16559558116331463,0.8344044188366854,0.3140209253469976,0.79727050186358,0.3140209253469976,1.3140209253469977,-6.527881763807776,6.527881763807776,1347.1978426033666,1676.1847468075462
2025-26,2026-03-01,0022500877,LAC,NOP,1,LAC,20.0,0.8616614134278562,1530.8010469894348,1432.8374983457888,0.682524920085911,0.31747507991408896,0.46211715726000974,0.7233228268557124,0.46211715726000974,1.4621171572600098,13.925572840346465,-13.925572840346465,1544.7266198297812,1418.9119255054425
2025-26,2026-03-01,0022500878,LAL,SAC,1,LAL,24.0,0.9424659313820304,1532.4398152665108,1279.143156276881,0.8401801343747858,0.15981986562521422,0.5370495669980352,0.8849318627640608,0.5370495669980352,1.5370495669980353,7.369531657707591,-7.369531657707591,1539.8093469242183,1271.7736246191735
2025-26,2026-03-02,0022500879,WAS,HOU,0,HOU,5.0,0.8318536750773071,1317.1945335358805,1591.0323378947974,0.20183562685800985,0.7981643731419902,0.12435300177159621,0.6637073501546142,0.12435300177159621,1.1243530017715961,-6.808034787667655,6.808034787667655,1310.386498748213,1597.840372682465
2025-26,2026-03-02,0022500880,MIL,BOS,0,BOS,27.0,0.8780624677774266,1457.7596064240774,1664.2820142949358,0.2714333778659706,0.7285666221340295,0.5882592563981054,0.7561249355548532,0.5882592563981054,1.5882592563981053,-12.933197246730973,12.933197246730973,1444.8264091773465,1677.2152115416668
2025-26,2026-03-02,0022500881,UTA,DEN,0,DEN,3.0,0.6764640232480856,1290.269651430564,1537.9351645980537,0.2271979799597307,0.7728020200402693,0.07485969068749909,0.35292804649617127,0.07485969068749909,1.0748596906874992,-7.326178513930223,7.326178513930223,1282.9434729166337,1545.261343111984
2025-26,2026-03-02,0022500882,GSW,LAC,0,LAC,13.0,0.3762141400631905,1488.403445323731,1544.7266198297812,0.4693519556347042,0.5306480443652958,0.3140209253469976,0.0,0.3140209253469976,1.3140209253469977,-18.50214873169611,18.50214873169611,1469.901296592035,1563.2287685614772
2025-26,2026-03-03,0022500883,CHA,DAL,1,CHA,27.0,0.8515917375124992,1622.2469784949733,1347.1978426033666,0.8562868709005974,0.1437131290994026,0.5882592563981054,0.7031834750249983,0.5882592563981054,1.5882592563981053,6.847611226741862,-6.847611226741862,1629.0945897217152,1340.3502313766246
2025-26,2026-03-03,0022500884,CLE,DET,1,CLE,4.0,0.6530579540806098,1644.6559273089642,1730.8773227416498,0.426815931786425,0.5731840682135749,0.09966799462495582,0.3061159081612197,0.09966799462495582,1.099667994624956,18.909365245301878,-18.909365245301878,1663.565292554266,1711.967957496348
2025-26,2026-03-03,0022500885,ORL,WAS,1,ORL,17.0,0.8785467305199968,1491.8972631820532,1310.386498748213,0.7766649863063568,0.22333501369364317,0.4011342849479459,0.7570934610399935,0.4011342849479459,1.401134284947946,9.387670341464473,-9.387670341464473,1501.2849335235176,1300.9988284067485
2025-26,2026-03-03,0022500886,MIA,BKN,1,MIA,26.0,0.8961824110626347,1523.0609989025488,1276.70502915119,0.8347420480642461,0.16525795193575388,0.5716699660851172,0.7923648221252695,0.5716699660851172,1.5716699660851172,7.7919287914248665,-7.7919287914248665,1530.8529276939737,1268.9131003597652
2025-26,2026-03-03,0022500887,TOR,NYK,0,NYK,16.0,0.6656630499957181,1551.8965310989,1656.7360516173062,0.40082504535322633,0.5991749546467737,0.3799489622552249,0.33132609999143625,0.3799489622552249,1.379948962255225,-16.593543161432645,16.593543161432645,1535.3029879374674,1673.3295947787387
2025-26,2026-03-03,0022500888,PHI,SAS,0,SAS,40.0,0.86795518694159,1525.388495008574,1710.0845274983806,0.29698019045423146,0.7030198095457685,0.7615941559557649,0.73591037388318,0.7615941559557649,1.7615941559557649,-15.694757038164123,15.694757038164123,1509.6937379704098,1725.7792845365448
2025-26,2026-03-03,0022500889,CHI,OKC,0,OKC,8.0,0.8317297813977023,1356.8174821011644,1676.1847468075462,0.1628805637274191,0.8371194362725809,0.197375320224904,0.6634595627954045,0.197375320224904,1.197375320224904,-5.85087501454594,5.85087501454594,1350.9666070866185,1682.035621822092
2025-26,2026-03-03,0022500890,MIN,MEM,1,MIN,7.0,0.6803324633515957,1597.6616930975038,1374.3633812909804,0.8156102084345563,0.18438979156544366,0.1732351578346601,0.3606649267031914,0.1732351578346601,1.17323515783466,6.4899775863115,-6.4899775863115,1604.1516706838152,1367.873403704669
2025-26,2026-03-03,0022500891,LAL,NOP,1,LAL,9.0,0.7104721492280562,1539.8093469242183,1418.9119255054425,0.7104185495255458,0.28958145047445416,0.22127846789844396,0.4209442984561125,0.22127846789844396,1.2212784678984439,10.609787705017515,-10.609787705017515,1550.4191346292357,1408.302137800425
2025-26,2026-03-03,0022500892,SAC,PHX,0,PHX,11.0,0.7634191363994938,1271.7736246191735,1525.2072784754012,0.221420898056086,0.778579101943914,0.2682711820216014,0.5268382727989875,0.2682711820216014,1.2682711820216013,-8.4246523230563,8.4246523230563,1263.3489722961172,1533.6319307984575
2025-26,2026-03-04,0022500893,NYK,OKC,0,OKC,3.0,0.626226097325691,1673.3295947787387,1682.035621822092,0.5377679911916529,0.46223200880834714,0.07485969068749909,0.252452194651382,0.07485969068749909,1.0748596906874992,-17.340754100216934,17.340754100216934,1655.988840678522,1699.3763759223089
2025-26,2026-03-04,0022500894,BOS,CHA,0,CHA,29.0,0.7892449167197648,1677.2152115416668,1629.0945897217152,0.6173890646757934,0.38261093532420665,0.619996867969374,0.5784898334395296,0.619996867969374,1.6199968679693741,-30.0050505327998,30.0050505327998,1647.210161008867,1659.099640254515
2025-26,2026-03-04,0022500895,PHI,UTA,1,PHI,4.0,0.6749800407617457,1509.6937379704098,1282.9434729166337,0.8185798959537662,0.18142010404623377,0.09966799462495582,0.34996008152349134,0.09966799462495582,1.099667994624956,5.9850564600351825,-5.9850564600351825,1515.678794430445,1276.9584164565986
2025-26,2026-03-04,0022500896,MEM,POR,0,POR,8.0,0.6209371099590014,1367.873403704669,1465.3749822745006,0.4110108842534862,0.5889891157465138,0.197375320224904,0.24187421991800284,0.197375320224904,1.197375320224904,-14.76402867446817,14.76402867446817,1353.109375030201,1480.1390109489687
2025-26,2026-03-04,0022500897,MIL,ATL,0,ATL,18.0,0.6124445391026044,1444.8264091773465,1519.0501869545078,0.44379104369311995,0.55620895630688,0.4218990052500079,0.22488907820520887,0.4218990052500079,1.4218990052500078,-18.9307813069833,18.9307813069833,1425.8956278703631,1537.9809682614912
2025-26,2026-03-04,0022500898,LAC,IND,1,LAC,23.0,0.9157375257524352,1563.2287685614772,1282.4950110098346,0.8602670314215302,0.13973296857846984,0.5190218338982221,0.8314750515048703,0.5190218338982221,1.519021833898222,6.367722905583297,-6.367722905583297,1569.5964914670606,1276.1272881042512
2025-26,2026-03-05,0022500899,ORL,DAL,1,ORL,1.0,0.6125918098539115,1501.2849335235176,1340.3502313766246,0.755449445709862,0.24455055429013794,0.02499479296842069,0.22518361970782297,0.02499479296842069,1.0249947929684207,7.5198913429479735,-7.5198913429479735,1508.8048248664657,1332.8303400336765
2025-26,2026-03-05,0022500900,WAS,UTA,0,UTA,10.0,0.7445771692973924,1300.9988284067485,1276.9584164565986,0.5841574697945724,0.4158425302054276,0.24491866240370913,0.48915433859478474,0.24491866240370913,1.2449186624037092,-21.816856077893828,21.816856077893828,1279.1819723288547,1298.7752725344924
2025-26,2026-03-05,0022500901,MIA,BKN,1,MIA,16.0,0.8332948813483948,1530.8529276939737,1268.9131003597652,0.8467484600736823,0.15325153992631768,0.3799489622552249,0.6665897626967896,0.3799489622552249,1.379948962255225,6.344379104560119,-6.344379104560119,1537.1973067985339,1262.568721255205
2025-26,2026-03-05,0022500902,HOU,GSW,0,GSW,2.0,0.4864079355856158,1597.840372682465,1469.901296592035,0.7186859307947531,0.28131406920524693,0.04995837495787997,0.0,0.04995837495787997,1.04995837495788,-22.63770936007051,22.63770936007051,1575.2026633223945,1492.5390059521053
2025-26,2026-03-05,0022500903,MIN,TOR,1,MIN,8.0,0.6659256069341468,1604.1516706838152,1535.3029879374674,0.6451530651851031,0.35484693481489693,0.197375320224904,0.33185121386829364,0.197375320224904,1.197375320224904,12.746548866144385,-12.746548866144385,1616.8982195499595,1522.556439071323
2025-26,2026-03-05,0022500904,SAS,DET,1,SAS,15.0,0.8598993062103789,1725.7792845365448,1711.967957496348,0.5697866110107223,0.43021338898927775,0.35835739835078595,0.7197986124207578,0.35835739835078595,1.358357398350786,17.531506194094497,-17.531506194094497,1743.3107907306392,1694.4364513022535
2025-26,2026-03-05,0022500905,PHX,CHI,0,CHI,2.0,0.5668162153764731,1533.6319307984575,1350.9666070866185,0.7778156887822698,0.2221843112177302,0.04995837495787997,0.13363243075294617,0.04995837495787997,1.04995837495788,-24.500222898317286,24.500222898317286,1509.13170790014,1375.4668299849359
2025-26,2026-03-05,0022500906,DEN,LAL,1,DEN,7.0,0.7456729980268413,1545.261343111984,1550.4191346292357,0.5428410876567442,0.4571589123432558,0.1732351578346601,0.49134599605368257,0.1732351578346601,1.17323515783466,16.090647260356835,-16.090647260356835,1561.3519903723409,1534.3284873688788
2025-26,2026-03-05,0022500907,SAC,NOP,0,NOP,10.0,0.6188322027566028,1263.3489722961172,1408.302137800425,0.3468439065417801,0.6531560934582199,0.24491866240370913,0.23766440551320556,0.24491866240370913,1.2449186624037092,-12.9537735658461,12.9537735658461,1250.395198730271,1421.2559113662712
2025-26,2026-03-06,0022500908,BOS,DAL,1,BOS,20.0,0.8208437737781139,1647.210161008867,1332.8303400336765,0.8819671587511226,0.11803284124887736,0.46211715726000974,0.6416875475562278,0.46211715726000974,1.4621171572600098,5.177335269303918,-5.177335269303918,1652.387496278171,1327.6530047643726
2025-26,2026-03-06,0022500909,CHA,MIA,0,MIA,8.0,0.5064809125322952,1659.099640254515,1537.1973067985339,0.7116071591952582,0.2883928408047418,0.197375320224904,0.012961825064590426,0.197375320224904,1.197375320224904,-25.561825503472697,25.561825503472697,1633.5378147510423,1562.7591323020065
2025-26,2026-03-06,0022500910,HOU,POR,1,HOU,7.0,0.6019694293704296,1575.2026633223945,1480.1390109489687,0.6788968014688013,0.32110319853119873,0.1732351578346601,0.20393885874085926,0.1732351578346601,1.17323515783466,11.301886854298953,-11.301886854298953,1586.5045501766936,1468.8371240946697
2025-26,2026-03-06,0022500911,DEN,NYK,0,NYK,39.0,0.7357068383314941,1561.3519903723409,1655.988840678522,0.41500874495970214,0.5849912550402978,0.7508932836251672,0.47141367666298817,0.7508932836251672,1.7508932836251672,-21.799080725869572,21.799080725869572,1539.5529096464713,1677.7879214043915
2025-26,2026-03-06,0022500912,PHX,NOP,1,PHX,2.0,0.8075777281220587,1509.13170790014,1421.2559113662712,0.6698109067176103,0.33018909328238966,0.04995837495787997,0.6151554562441175,0.04995837495787997,1.04995837495788,10.400544114347811,-10.400544114347811,1519.532252014488,1410.8553672519233
2025-26,2026-03-06,0022500913,SAS,LAC,1,SAS,4.0,0.4276018279216563,1743.3107907306392,1569.5964914670606,0.7687837117198456,0.2312162882801544,0.09966799462495582,0.0,0.09966799462495582,1.099667994624956,7.627834561729893,-7.627834561729893,1750.9386252923691,1561.9686569053306
2025-26,2026-03-06,0022500914,LAL,IND,1,LAL,11.0,0.8906265707044966,1534.3284873688788,1276.1272881042512,0.8439348533303459,0.1560651466696541,0.2682711820216014,0.7812531414089932,0.2682711820216014,1.2682711820216013,5.9379878411729035,-5.9379878411729035,1540.2664752100516,1270.1893002630784
2025-26,2026-03-07,0022500915,MIN,ORL,0,ORL,27.0,0.616677163583374,1616.8982195499595,1508.8048248664657,0.695023682349126,0.30497631765087396,0.5882592563981054,0.23335432716674798,0.5882592563981054,1.5882592563981053,-33.11633390720688,33.11633390720688,1583.7818856427527,1541.9211587736725
2025-26,2026-03-07,0022500916,DET,BKN,0,BKN,2.0,0.0884919136835055,1694.4364513022535,1262.568721255205,0.9362854047827389,0.06371459521726108,0.04995837495787997,0.0,0.04995837495787997,1.04995837495788,-29.491821063073964,29.491821063073964,1664.9446302391796,1292.060542318279
2025-26,2026-03-07,0022500917,ATL,PHI,1,ATL,9.0,0.5358720459002588,1537.9809682614912,1515.678794430445,0.5817247838383354,0.41827521616166463,0.22127846789844396,0.07174409180051766,0.22127846789844396,1.2212784678984439,15.324915454614246,-15.324915454614246,1553.3058837161054,1500.3538789758306
2025-26,2026-03-07,0022500918,MEM,LAC,0,LAC,3.0,0.4852601459829342,1353.109375030201,1561.9686569053306,0.268781315649085,0.731218684350915,0.07485969068749909,0.0,0.07485969068749909,1.0748596906874992,-8.667066054034636,8.667066054034636,1344.4423089761663,1570.6357229593652
2025-26,2026-03-07,0022500919,MIL,UTA,1,MIL,14.0,0.7656357805555065,1425.8956278703631,1298.7752725344924,0.7177321048616835,0.2822678951383165,0.3363755443363322,0.531271561111013,0.3363755443363322,1.3363755443363323,11.316477360424155,-11.316477360424155,1437.2121052307873,1287.4587951740682
2025-26,2026-03-07,0022500920,OKC,GSW,1,OKC,7.0,0.7833163813460204,1699.3763759223089,1492.5390059521053,0.8009317182490523,0.1990682817509477,0.1732351578346601,0.5666327626920409,0.1732351578346601,1.17323515783466,7.00661720879843,-7.00661720879843,1706.3829931311072,1485.532388743307
2025-26,2026-03-08,0022500921,CLE,BOS,0,BOS,11.0,0.7844671820979178,1663.565292554266,1652.387496278171,0.5660666221832756,0.43393337781672436,0.2682711820216014,0.5689343641958355,0.2682711820216014,1.2682711820216013,-21.537779520580745,21.537779520580745,1642.0275130336854,1673.9252757987517
2025-26,2026-03-08,0022500922,LAL,NYK,1,LAL,13.0,0.7400164288096129,1540.2664752100516,1677.7879214043915,0.3565979408284262,0.6434020591715738,0.3140209253469976,0.4800328576192259,0.3140209253469976,1.3140209253469977,25.363313074883852,-25.363313074883852,1565.6297882849353,1652.4246083295077
2025-26,2026-03-08,0022500923,MIA,DET,1,MIA,11.0,0.8243645628769365,1562.7591323020065,1664.9446302391796,0.4044997199190327,0.5955002800809672,0.2682711820216014,0.648729125753873,0.2682711820216014,1.2682711820216013,22.65767532337449,-22.65767532337449,1585.416807625381,1642.2869549158052
2025-26,2026-03-08,0022500924,TOR,DAL,1,TOR,30.0,0.8960373999054233,1522.556439071323,1327.6530047643726,0.7897518947041506,0.21024810529584936,0.6351489523872873,0.7920747998108466,0.6351489523872873,1.6351489523872873,10.313609073477606,-10.313609073477606,1532.8700481448006,1317.339395690895
2025-26,2026-03-08,0022500925,NOP,WAS,1,NOP,20.0,0.7180617274944153,1410.8553672519233,1279.1819723288547,0.7230115095069689,0.2769884904930311,0.46211715726000974,0.43612345498883065,0.46211715726000974,1.4621171572600098,12.149688729402357,-12.149688729402357,1423.0050559813258,1267.0322835994523
2025-26,2026-03-08,0022500926,MIL,ORL,0,ORL,39.0,0.8311469254137793,1437.2121052307873,1541.9211587736725,0.4010054289833287,0.5989945710166713,0.7508932836251672,0.6622938508275586,0.7508932836251672,1.7508932836251672,-21.063531369124174,21.063531369124174,1416.1485738616632,1562.9846901427966
2025-26,2026-03-08,0022500927,SAS,HOU,1,SAS,25.0,0.8082547824767728,1750.9386252923691,1586.5045501766936,0.7591517859413666,0.24084821405863344,0.5545997223493823,0.6165095649535457,0.5545997223493823,1.5545997223493822,11.232677001116881,-11.232677001116881,1762.171302293486,1575.2718731755767
2025-26,2026-03-08,0022500928,PHX,CHA,1,PHX,12.0,0.66186948535343,1519.532252014488,1633.5378147510423,0.3882218938602865,0.6117781061397135,0.2913126124515909,0.3237389707068601,0.2913126124515909,1.2913126124515908,23.6999035343988,-23.6999035343988,1543.2321555488868,1609.8379112166435
2025-26,2026-03-08,0022500929,POR,IND,1,POR,20.0,0.855136199945377,1468.8371240946697,1270.1893002630784,0.7933085260497512,0.20669147395024878,0.46211715726000974,0.7102723998907541,0.46211715726000974,1.4621171572600098,9.066214509660574,-9.066214509660574,1477.9033386043302,1261.1230857534179
2025-26,2026-03-08,0022500930,SAC,CHI,1,SAC,16.0,0.7549990791661871,1250.395198730271,1375.4668299849359,0.3732044569073369,0.626795543092663,0.3799489622552249,0.5099981583323743,0.3799489622552249,1.379948962255225,25.948375777107618,-25.948375777107618,1276.3435745073787,1349.5184542078282
2025-26,2026-03-09,0022500931,CLE,PHI,1,CLE,14.0,0.8242577277537849,1642.0275130336854,1500.3538789758306,0.7343907870925532,0.26560921290744677,0.3363755443363322,0.6485154555075698,0.3363755443363322,1.3363755443363323,10.648609694398019,-10.648609694398019,1652.6761227280833,1489.7052692814327
2025-26,2026-03-09,0022500932,BKN,MEM,1,BKN,11.0,0.6840987847600546,1292.060542318279,1344.4423089761663,0.475006475416625,0.524993524583375,0.2682711820216014,0.3681975695201092,0.2682711820216014,1.2682711820216013,19.97502473931131,-19.97502473931131,1312.0355670575902,1324.467284236855
2025-26,2026-03-09,0022500933,OKC,DEN,1,OKC,3.0,0.6174133600729208,1706.3829931311072,1539.5529096464713,0.7616645959848917,0.23833540401510833,0.07485969068749909,0.2348267201458416,0.07485969068749909,1.0748596906874992,7.685313559186785,-7.685313559186785,1714.068306690294,1531.8675960872845
2025-26,2026-03-09,0022500934,UTA,GSW,1,UTA,3.0,0.582003656729228,1287.4587951740682,1485.532388743307,0.28115754141505217,0.7188424585849478,0.07485969068749909,0.1640073134584561,0.07485969068749909,1.0748596906874992,23.17964348062975,-23.17964348062975,1310.638438654698,1462.3527452626772
2025-26,2026-03-09,0022500935,LAC,NYK,1,LAC,8.0,0.6724351014083044,1570.6357229593652,1652.4246083295077,0.4330695056778021,0.5669304943221979,0.197375320224904,0.34487020281660885,0.197375320224904,1.197375320224904,20.364857465529145,-20.364857465529145,1591.0005804248945,1632.0597508639785
2025-26,2026-03-10,0022500936,PHI,MEM,1,PHI,10.0,0.5535900577825184,1489.7052692814327,1324.467284236855,0.7599968971066676,0.24000310289333238,0.24491866240370913,0.1071801155650367,0.24491866240370913,1.2449186624037092,8.963530254801213,-8.963530254801213,1498.668799536234,1315.5037539820537
2025-26,2026-03-10,0022500937,BKN,DET,0,DET,38.0,0.9490123180248156,1312.0355670575902,1642.2869549158052,0.15451704286650328,0.8454829571334967,0.7397830512740042,0.8980246360496311,0.7397830512740042,1.7397830512740042,-8.064783969363637,8.064783969363637,1303.9707830882267,1650.3517388851687
2025-26,2026-03-10,0022500938,MIA,WAS,1,MIA,21.0,0.923057104614046,1585.416807625381,1267.0322835994523,0.8843459416209843,0.11565405837901566,0.48154979836430795,0.846114209228092,0.48154979836430795,1.481549798364308,5.140417406143336,-5.140417406143336,1590.5572250315242,1261.891866193309
2025-26,2026-03-10,0022500939,ATL,DAL,1,ATL,12.0,0.8396438748741316,1553.3058837161054,1317.339395690895,0.8263258708353419,0.17367412916465808,0.2913126124515909,0.6792877497482632,0.2913126124515909,1.2913126124515908,6.728027803406089,-6.728027803406089,1560.0339115195115,1310.6113678874888
2025-26,2026-03-10,0022500940,HOU,TOR,1,HOU,14.0,0.6850517055164608,1575.2718731755767,1532.8700481448006,0.6095832387160732,0.39041676128392677,0.3363755443363322,0.37010341103292155,0.3363755443363322,1.3363755443363323,15.652302356365068,-15.652302356365068,1590.9241755319417,1517.2177457884356
2025-26,2026-03-10,0022500941,MIL,PHX,0,PHX,15.0,0.6436898769860595,1416.1485738616632,1543.2321555488868,0.370499230923364,0.629500769076636,0.35835739835078595,0.287379753972119,0.35835739835078595,1.358357398350786,-15.098111142240834,15.098111142240834,1401.0504627194223,1558.3302666911277
2025-26,2026-03-10,0022500942,SAS,BOS,1,SAS,9.0,0.6562369261506118,1762.171302293486,1673.9252757987517,0.670282084591933,0.32971791540806705,0.22127846789844396,0.3124738523012236,0.22127846789844396,1.2212784678984439,12.080321717046985,-12.080321717046985,1774.2516240105329,1661.8449540817048
2025-26,2026-03-10,0022500943,GSW,CHI,0,CHI,6.0,0.4718571016253353,1462.3527452626772,1349.5184542078282,0.7007774156855212,0.2992225843144788,0.14888503362331795,0.0,0.14888503362331795,1.1488850336233178,-24.153380543469652,24.153380543469652,1438.1993647192076,1373.6718347512979
2025-26,2026-03-10,0022500944,POR,CHA,0,CHA,2.0,0.324216849819964,1477.9033386043302,1609.8379112166435,0.3640102883247837,0.6359897116752162,0.04995837495787997,0.0,0.04995837495787997,1.04995837495788,-11.465869523923178,11.465869523923178,1466.437469080407,1621.3037807405667
2025-26,2026-03-10,0022500945,SAC,IND,1,SAC,5.0,0.3646027346736648,1276.3435745073787,1261.1230857534179,0.5717739160442575,0.42822608395574246,0.12435300177159621,0.0,0.12435300177159621,1.1243530017715961,14.444318487976037,-14.444318487976037,1290.7878929953547,1246.6787672654418
2025-26,2026-03-10,0022500946,LAL,MIN,1,LAL,14.0,0.669440287468541,1565.6297882849353,1583.7818856427527,0.5242270939752406,0.4757729060247594,0.3363755443363322,0.338880574937082,0.3363755443363322,1.3363755443363323,19.0743382880795,-19.0743382880795,1584.7041265730147,1564.7075473546734
2025-26,2026-03-11,0022500947,ORL,CLE,1,ORL,6.0,0.6157663971289165,1562.9846901427966,1652.6761227280833,0.4219364273126407,0.5780635726873593,0.14888503362331795,0.2315327942578329,0.14888503362331795,1.1488850336233178,19.92385761429996,-19.92385761429996,1582.9085477570966,1632.7522651137833
2025-26,2026-03-11,0022500948,NOP,TOR,1,NOP,11.0,0.6219168281586219,1423.0050559813258,1517.2177457884356,0.415601646337002,0.584398353662998,0.2682711820216014,0.24383365631724385,0.2682711820216014,1.2682711820216013,22.235267723149448,-22.235267723149448,1445.2403237044753,1494.9824780652862
2025-26,2026-03-11,0022500949,UTA,NYK,0,NYK,17.0,0.5842439997640839,1310.638438654698,1632.0597508639785,0.16127476864789841,0.8387252313521016,0.4011342849479459,0.16848799952816784,0.4011342849479459,1.401134284947946,-6.779028229488556,6.779028229488556,1303.8594104252093,1638.838779093467
2025-26,2026-03-11,0022500950,DEN,HOU,1,DEN,36.0,0.7143675891537634,1531.8675960872845,1590.9241755319417,0.46543501911855945,0.5345649808814406,0.7162978701990245,0.42873517830752683,0.7162978701990245,1.7162978701990244,27.524182145093956,-27.524182145093956,1559.3917782323783,1563.3999933868479
2025-26,2026-03-11,0022500951,SAC,CHA,0,CHA,8.0,0.663461504449628,1290.7878929953547,1621.3037807405667,0.1543182348192058,0.8456817651807942,0.197375320224904,0.3269230088992561,0.197375320224904,1.197375320224904,-5.543305374995655,5.543305374995655,1285.244587620359,1626.8470861155624
2025-26,2026-03-11,0022500952,LAC,MIN,1,LAC,25.0,0.7336998511250648,1591.0005804248945,1564.7075473546734,0.5873039349787904,0.4126960650212096,0.5545997223493823,0.4673997022501295,0.5545997223493823,1.5545997223493822,19.24731564289965,-19.24731564289965,1610.247896067794,1545.4602317117738
2025-26,2026-03-12,0022500953,DET,PHI,1,DET,22.0,0.8765419685095548,1650.3517388851687,1498.668799536234,0.7454770581346561,0.25452294186534385,0.5005202111902353,0.7530839370191096,0.5005202111902353,1.5005202111902354,11.457504554416372,-11.457504554416372,1661.809243439585,1487.2112949818177
2025-26,2026-03-12,0022500954,IND,PHX,0,PHX,15.0,0.8082866156419751,1246.6787672654418,1558.3302666911277,0.1690276730067636,0.8309723269932364,0.35835739835078595,0.6165732312839503,0.35835739835078595,1.358357398350786,-6.8879997046426436,6.8879997046426436,1239.7907675607992,1565.2182663957703
2025-26,2026-03-12,0022500955,ORL,WAS,1,ORL,5.0,0.8667962947131703,1582.9085477570966,1261.891866193309,0.8858866504381788,0.11411334956182118,0.12435300177159621,0.7335925894263406,0.12435300177159621,1.1243530017715961,3.849110613661353,-3.849110613661353,1586.757658370758,1258.0427555796475
2025-26,2026-03-12,0022500956,ATL,BKN,1,ATL,11.0,0.8057877131406632,1560.0339115195115,1303.9707830882267,0.8423069469566848,0.15769305304331516,0.2682711820216014,0.6115754262813264,0.2682711820216014,1.2682711820216013,5.999926643395212,-5.999926643395212,1566.0338381629067,1297.9708564448315
2025-26,2026-03-12,0022500957,MIA,MIL,1,MIA,7.0,0.8033786214308607,1590.5572250315242,1401.0504627194223,0.7845471889112443,0.2154528110887557,0.1732351578346601,0.6067572428617214,0.1732351578346601,1.17323515783466,7.583304384709124,-7.583304384709124,1598.1405294162334,1393.467158334713
2025-26,2026-03-12,0022500958,SAS,DEN,0,DEN,5.0,0.2592751558523418,1774.2516240105329,1559.3917782323783,0.8081926368436794,0.19180736315632063,0.12435300177159621,0.0,0.12435300177159621,1.1243530017715961,-27.260814517346773,27.260814517346773,1746.9908094931861,1586.652592749725
2025-26,2026-03-12,0022500959,OKC,BOS,1,OKC,2.0,0.5944745832619568,1714.068306690294,1661.8449540817048,0.6229522371662568,0.3770477628337432,0.04995837495787997,0.18894916652391358,0.04995837495787997,1.04995837495788,11.876533690392634,-11.876533690392634,1725.9448403806866,1649.9684203913123
2025-26,2026-03-12,0022500960,LAL,CHI,1,LAL,12.0,0.8196858337997562,1584.7041265730147,1373.6718347512979,0.8047539026075539,0.19524609739244614,0.2913126124515909,0.6393716675995125,0.2913126124515909,1.2913126124515908,7.563712442844521,-7.563712442844521,1592.2678390158592,1366.1081223084534
2025-26,2026-03-12,0022501111,MEM,DAL,0,DAL,8.0,0.6991906707666607,1315.5037539820537,1310.6113678874888,0.5571587942253532,0.4428412057746468,0.197375320224904,0.3983813415333215,0.197375320224904,1.197375320224904,-20.01384568955111,20.01384568955111,1295.4899082925026,1330.6252135770399
2025-26,2026-03-13,0022500961,DET,MEM,1,DET,16.0,0.8676461083152228,1661.809243439585,1295.4899082925026,0.9097166234911503,0.09028337650884966,0.3799489622552249,0.7352922166304456,0.3799489622552249,1.379948962255225,3.7375935516685455,-3.7375935516685455,1665.5468369912537,1291.752314740834
2025-26,2026-03-13,0022500962,IND,NYK,0,NYK,9.0,0.795266357555908,1239.7907675607992,1638.838779093467,0.10952240411923893,0.890477595880761,0.22127846789844396,0.590532715111816,0.22127846789844396,1.2212784678984439,-4.0127206170989504,4.0127206170989504,1235.7780469437002,1642.851499710566
2025-26,2026-03-13,0022500963,TOR,PHX,1,TOR,7.0,0.3990532631090738,1494.9824780652862,1565.2182663957703,0.4494647633785907,0.5505352366214094,0.1732351578346601,0.0,0.1732351578346601,1.17323515783466,19.377218856931833,-19.377218856931833,1514.359696922218,1545.8410475388384
2025-26,2026-03-13,0022500964,HOU,NOP,1,HOU,2.0,0.7825742875877767,1563.3999933868479,1445.2403237044753,0.7071656672116728,0.29283433278832716,0.04995837495787997,0.5651485751755534,0.04995837495787997,1.04995837495788,9.223915805589211,-9.223915805589211,1572.6239091924372,1436.016407898886
2025-26,2026-03-13,0022500965,DAL,CLE,0,CLE,33.0,0.8852430014534046,1330.6252135770399,1632.7522651137833,0.1768688688550165,0.8231311311449835,0.6777821008468294,0.7704860029068092,0.6777821008468294,1.6777821008468294,-8.902422670859158,8.902422670859158,1321.7227909061808,1641.6546877846424
2025-26,2026-03-13,0022500966,GSW,MIN,0,MIN,10.0,0.8253904403147236,1438.1993647192076,1545.4602317117738,0.3974822161463214,0.6025177838536786,0.24491866240370913,0.6507808806294473,0.24491866240370913,1.2449186624037092,-14.844990865624213,14.844990865624213,1423.3543738535834,1560.305222577398
2025-26,2026-03-13,0022500967,POR,UTA,1,POR,10.0,0.7071816097065392,1466.437469080407,1303.8594104252093,0.7571928981058564,0.24280710189414356,0.24491866240370913,0.4143632194130784,0.24491866240370913,1.2449186624037092,9.06825277536535,-9.06825277536535,1475.5057218557724,1294.7911576498439
2025-26,2026-03-13,0022500968,LAC,CHI,1,LAC,11.0,0.7477414605124957,1610.247896067794,1366.1081223084534,0.8329746628794985,0.1670253371205015,0.2682711820216014,0.49548292102499136,0.2682711820216014,1.2682711820216013,6.355002652121247,-6.355002652121247,1616.6028987199154,1359.753119656332
2025-26,2026-03-14,0022500969,PHI,BKN,1,PHI,7.0,0.9096728778485622,1487.2112949818177,1297.9708564448315,0.7842879344242564,0.21571206557574363,0.1732351578346601,0.8193457556971244,0.1732351578346601,1.17323515783466,7.592429379077943,-7.592429379077943,1494.8037243608956,1290.3784270657536
2025-26,2026-03-14,0022500970,ATL,MIL,1,ATL,23.0,0.8208380394946371,1566.0338381629067,1393.467158334713,0.7676073349300908,0.2323926650699092,0.5190218338982221,0.6416760789892741,0.5190218338982221,1.519021833898222,10.590285968369662,-10.590285968369662,1576.6241241312764,1382.8768723663434
2025-26,2026-03-14,0022500971,BOS,WAS,1,BOS,11.0,0.93890913217225,1649.9684203913123,1258.0427555796475,0.9211141194755509,0.07888588052444911,0.2682711820216014,0.8778182643445,0.2682711820216014,1.2682711820216013,3.001460668126737,-3.001460668126737,1652.969881059439,1255.0412949115207
2025-26,2026-03-14,0022500972,MIA,ORL,0,ORL,4.0,0.8161702971505777,1598.1405294162334,1586.757658370758,0.5663565731848746,0.43364342681512535,0.09966799462495582,0.6323405943011553,0.09966799462495582,1.099667994624956,-18.684125912306197,18.684125912306197,1579.4564035039273,1605.4417842830642
2025-26,2026-03-14,0022500973,SAS,CHA,1,SAS,13.0,0.8567134441062807,1746.9908094931861,1626.8470861155624,0.7095251739086241,0.29047482609137587,0.3140209253469976,0.7134268882125614,0.3140209253469976,1.3140209253469977,11.450699993117938,-11.450699993117938,1758.441509486304,1615.3963861224445
2025-26,2026-03-14,0022500974,LAL,DEN,1,LAL,2.0,0.6339815744232832,1592.2678390158592,1586.652592749725,0.5581852331181563,0.44181476688184373,0.04995837495787997,0.26796314884656636,0.04995837495787997,1.04995837495788,13.916613440029657,-13.916613440029657,1606.1844524558887,1572.7359793096955
2025-26,2026-03-14,0022500975,LAC,SAC,0,SAC,9.0,0.5953551888507274,1616.6028987199154,1285.244587620359,0.8917679060704604,0.10823209392953959,0.22127846789844396,0.19071037770145471,0.22127846789844396,1.2212784678984439,-32.67290826140206,32.67290826140206,1583.9299904585134,1317.917495881761
2025-26,2026-03-15,0022500976,OKC,MIN,1,OKC,13.0,0.7147910819575191,1725.9448403806866,1560.305222577398,0.7604183531914013,0.23958164680859872,0.3140209253469976,0.4295821639150381,0.3140209253469976,1.3140209253469977,9.444458917067774,-9.444458917067774,1735.3892992977544,1550.8607636603301
2025-26,2026-03-15,0022500977,CLE,DAL,0,DAL,10.0,0.5421127762379021,1641.6546877846424,1321.7227909061808,0.8852538595580348,0.11474614044196518,0.24491866240370913,0.08422555247580421,0.24491866240370913,1.2449186624037092,-33.06207152186129,33.06207152186129,1608.5926162627811,1354.784862428042
2025-26,2026-03-15,0022500978,TOR,DET,1,TOR,11.0,0.5840733791453143,1514.359696922218,1665.5468369912537,0.3387595578947755,0.6612404421052245,0.2682711820216014,0.16814675829062864,0.2682711820216014,1.2682711820216013,25.15896591327838,-25.15896591327838,1539.5186628354963,1640.3878710779754
2025-26,2026-03-15,0022500979,MIL,IND,1,MIL,11.0,0.6802373187957953,1382.8768723663434,1235.7780469437002,0.740437768268199,0.25956223173180104,0.2682711820216014,0.3604746375915906,0.2682711820216014,1.2682711820216013,9.875858953399684,-9.875858953399684,1392.7527313197431,1225.9021879903005
2025-26,2026-03-15,0022500980,PHI,POR,1,PHI,6.0,0.6669352846365008,1494.8037243608956,1475.5057218557724,0.5775110851509943,0.42248891484900575,0.14888503362331795,0.3338705692730015,0.14888503362331795,1.1488850336233178,14.56173573425337,-14.56173573425337,1509.3654600951488,1460.9439861215192
2025-26,2026-03-15,0022500981,NYK,GSW,1,NYK,3.0,0.5298036975289384,1642.851499710566,1423.3543738535834,0.8122967118461697,0.1877032881538303,0.07485969068749909,0.05960739505787682,0.07485969068749909,1.0748596906874992,6.052640947381577,-6.052640947381577,1648.9041406579477,1417.3017329062018
2025-26,2026-03-15,0022500982,SAC,UTA,1,SAC,5.0,0.6580105137442134,1317.917495881761,1294.7911576498439,0.582878715473897,0.417121284526103,0.12435300177159621,0.31602102748842675,0.12435300177159621,1.1243530017715961,14.069747050792438,-14.069747050792438,1331.9872429325533,1280.7214105990515
2025-26,2026-03-16,0022500983,ATL,ORL,1,ATL,12.0,0.824773565510081,1576.6241241312764,1605.4417842830642,0.508896163312028,0.491103836687972,0.2913126124515909,0.6495471310201619,0.2913126124515909,1.2913126124515908,19.025057350156334,-19.025057350156334,1595.6491814814328,1586.4167269329077
2025-26,2026-03-16,0022500984,WAS,GSW,0,GSW,8.0,0.7740490188488426,1255.0412949115207,1417.3017329062018,0.32463101904331976,0.6753689809566803,0.197375320224904,0.5480980376976852,0.197375320224904,1.197375320224904,-11.661155111457957,11.661155111457957,1243.3801398000628,1428.9628880176597
2025-26,2026-03-16,0022500985,BKN,POR,0,POR,19.0,0.8899127160763399,1290.3784270657536,1460.9439861215192,0.31423840505196826,0.6857615949480318,0.44223035604572614,0.7798254321526799,0.44223035604572614,1.4422303560457261,-13.596125004040239,13.596125004040239,1276.7823020617134,1474.5401111255594
2025-26,2026-03-16,0022500986,BOS,PHX,1,BOS,8.0,0.6176286006780962,1652.969881059439,1545.8410475388384,0.6938454780399588,0.3061545219600412,0.197375320224904,0.23525720135619244,0.197375320224904,1.197375320224904,10.997456063106203,-10.997456063106203,1663.9673371225454,1534.8435914757322
2025-26,2026-03-16,0022500987,CHI,MEM,1,CHI,25.0,0.7707322088277174,1359.753119656332,1291.752314740834,0.644034916063367,0.35596508393663295,0.5545997223493823,0.5414644176554348,0.5545997223493823,1.5545997223493822,16.60149661961892,-16.60149661961892,1376.354616275951,1275.150818121215
2025-26,2026-03-16,0022500988,NOP,DAL,1,NOP,18.0,0.8069789793901145,1436.016407898886,1354.784862428042,0.6612976985746292,0.33870230142537083,0.4218990052500079,0.6139579587802291,0.4218990052500079,1.4218990052500078,14.448013964178692,-14.448013964178692,1450.4644218630647,1340.3368484638634
2025-26,2026-03-16,0022500989,HOU,LAL,0,LAL,8.0,0.5005758037974334,1572.6239091924372,1606.1844524558887,0.5020715329120023,0.49792846708799765,0.197375320224904,0.001151607594866766,0.197375320224904,1.197375320224904,-18.03504187488952,18.03504187488952,1554.5888673175477,1624.2194943307782
2025-26,2026-03-16,0022500990,LAC,SAS,0,SAS,4.0,0.7908169230324954,1583.9299904585134,1758.441509486304,0.30936431514763657,0.6906356848523634,0.09966799462495582,0.5816338460649908,0.09966799462495582,1.099667994624956,-10.205941081407731,10.205941081407731,1573.7240493771058,1768.6474505677118
2025-26,2026-03-17,0022500991,CHA,MIA,1,CHA,30.0,0.671175106583784,1615.3963861224445,1579.4564035039273,0.6006953799130281,0.3993046200869719,0.6351489523872873,0.342350213167568,0.6351489523872873,1.6351489523872873,19.587675936558476,-19.587675936558476,1634.984062059003,1559.8687275673688
2025-26,2026-03-17,0022500992,ORL,OKC,0,OKC,5.0,0.6468836780253333,1586.4167269329077,1735.3892992977544,0.341620989332571,0.658379010667429,0.12435300177159621,0.2937673560506666,0.12435300177159621,1.1243530017715961,-11.52307754472776,11.52307754472776,1574.89364938818,1746.9123768424822
2025-26,2026-03-17,0022500993,WAS,DET,0,DET,13.0,0.8721967227902578,1243.3801398000628,1640.3878710779754,0.110673105846077,0.889326894153923,0.3140209253469976,0.7443934455805157,0.3140209253469976,1.3140209253469977,-4.362803308646649,4.362803308646649,1239.0173364914162,1644.750674386622
2025-26,2026-03-17,0022500994,NYK,IND,1,NYK,26.0,0.8835571744251585,1648.9041406579477,1225.9021879903005,0.9331722364091247,0.06682776359087528,0.5716699660851172,0.7671143488503169,0.5716699660851172,1.5716699660851172,3.150935668092455,-3.150935668092455,1652.05507632604,1222.751252322208
2025-26,2026-03-17,0022500995,MIL,CLE,0,CLE,7.0,0.6615913262377338,1392.7527313197431,1608.5926162627811,0.260957463821132,0.739042536178868,0.1732351578346601,0.3231826524754675,0.1732351578346601,1.17323515783466,-9.18493413762955,9.18493413762955,1383.5677971821135,1617.7775504004107
2025-26,2026-03-17,0022500996,MIN,PHX,1,MIN,12.0,0.61348231191126,1550.8607636603301,1534.8435914757322,0.5728964390453084,0.4271035609546916,0.2913126124515909,0.22696462382252003,0.2913126124515909,1.2913126124515908,16.545726452513403,-16.545726452513403,1567.4064901128436,1518.2978650232187
2025-26,2026-03-17,0022500997,DEN,PHI,1,DEN,28.0,0.9127513412613836,1572.7359793096955,1509.3654600951488,0.6379011811008243,0.3620988188991757,0.6043677771171634,0.8255026825227672,0.6043677771171634,1.6043677771171634,17.42819031522063,-17.42819031522063,1590.1641696249162,1491.937269779928
2025-26,2026-03-17,0022500998,SAC,SAS,0,SAS,28.0,0.9553225059684912,1331.9872429325533,1768.6474505677118,0.09012234442245544,0.9098776555775445,0.6043677771171634,0.9106450119369824,0.6043677771171634,1.6043677771171634,-4.3376815616892666,4.3376815616892666,1327.649561370864,1772.985132129401
2025-26,2026-03-18,0022500651,MEM,DEN,1,MEM,7.0,0.5838044678875142,1275.150818121215,1590.1641696249162,0.16632687331901783,0.8336731266809821,0.1732351578346601,0.16760893577502833,0.1732351578346601,1.17323515783466,29.342838670922298,-29.342838670922298,1304.4936567921372,1560.821330953994
2025-26,2026-03-18,0022500999,BOS,GSW,1,BOS,21.0,0.8721957952736152,1663.9673371225454,1428.9628880176597,0.8255296761706112,0.17447032382938876,0.48154979836430795,0.7443915905472305,0.48154979836430795,1.481549798364308,7.754594192699593,-7.754594192699593,1671.721931315245,1421.20829382496
2025-26,2026-03-18,0022501000,BKN,OKC,0,OKC,29.0,0.9516331885207808,1276.7823020617134,1746.9123768424822,0.07552166418108834,0.9244783358189117,0.619996867969374,0.9032663770415617,0.619996867969374,1.6199968679693741,-3.6703457831159394,3.6703457831159394,1273.1119562785975,1750.582722625598
2025-26,2026-03-18,0022501001,IND,POR,0,POR,8.0,0.8284745947058803,1222.751252322208,1474.5401111255594,0.22305746062196571,0.7769425393780343,0.197375320224904,0.6569491894117605,0.197375320224904,1.197375320224904,-8.012504950223404,8.012504950223404,1214.7387473719846,1482.552616075783
2025-26,2026-03-18,0022501002,CHI,TOR,0,TOR,30.0,0.879483408048166,1376.354616275951,1539.5186628354963,0.3234916348212179,0.6765083651787821,0.6351489523872873,0.7589668160963321,0.6351489523872873,1.6351489523872873,-15.86871023351896,15.86871023351896,1360.4859060424321,1555.3873730690152
2025-26,2026-03-18,0022501004,MIN,UTA,1,MIN,36.0,0.9082195474000442,1567.4064901128436,1280.7214105990515,0.8643345729815527,0.1356654270184473,0.7162978701990245,0.8164390948000884,0.7162978701990245,1.7162978701990244,6.985268503542068,-6.985268503542068,1574.3917586163857,1273.7361420955094
2025-26,2026-03-18,0022501005,NOP,LAC,1,NOP,15.0,0.5682923539717578,1450.4644218630647,1573.7240493771058,0.3756476530322248,0.6243523469677752,0.35835739835078595,0.13658470794351563,0.35835739835078595,1.358357398350786,25.442808890440627,-25.442808890440627,1475.9072307535052,1548.2812404866652
2025-26,2026-03-18,0022501006,DAL,ATL,0,ATL,15.0,0.8337255987665573,1340.3368484638634,1595.6491814814328,0.21956215648980573,0.7804378435101943,0.35835739835078595,0.6674511975331145,0.35835739835078595,1.358357398350786,-8.94731638997342,8.94731638997342,1331.38953207389,1604.5964978714062
2025-26,2026-03-18,0022501007,HOU,LAL,0,LAL,8.0,0.5937667507714488,1554.5888673175477,1624.2194943307782,0.4503269150019723,0.5496730849980277,0.197375320224904,0.1875335015428976,0.197375320224904,1.197375320224904,-16.176310021691393,16.176310021691393,1538.4125572958565,1640.3958043524694
2025-26,2026-03-19,0022501008,CHA,ORL,1,CHA,19.0,0.7870825063106087,1634.984062059003,1574.89364938818,0.633528543074437,0.36647145692556304,0.44223035604572614,0.5741650126212174,0.44223035604572614,1.4422303560457261,15.856087794070524,-15.856087794070524,1650.8401498530736,1559.0375615941093
2025-26,2026-03-19,0022501009,WAS,DET,0,DET,22.0,0.9224951886412296,1239.0173364914162,1644.750674386622,0.10582519642185723,0.8941748035781427,0.5005202111902353,0.8449903772824592,0.5005202111902353,1.5005202111902354,-4.7637853825252,4.7637853825252,1234.253551108891,1649.5144597691472
2025-26,2026-03-19,0022501010,MIA,LAL,0,LAL,8.0,0.580273919040984,1559.8687275673688,1640.3958043524694,0.43485371527808686,0.5651462847219131,0.197375320224904,0.16054783808196804,0.197375320224904,1.197375320224904,-15.620493197462656,15.620493197462656,1544.2482343699062,1656.016297549932
2025-26,2026-03-19,0022501011,CHI,CLE,0,CLE,5.0,0.8468598913686259,1360.4859060424321,1617.7775504004107,0.21761601028941846,0.7823839897105815,0.12435300177159621,0.6937197827372519,0.12435300177159621,1.1243530017715961,-7.340316432073986,7.340316432073986,1353.1455896103582,1625.1178668324847
2025-26,2026-03-19,0022501012,NOP,LAC,1,NOP,6.0,0.5440547426396773,1475.9072307535052,1548.2812404866652,0.4464209809448778,0.5535790190551222,0.14888503362331795,0.0881094852793547,0.14888503362331795,1.1488850336233178,19.07995949760922,-19.07995949760922,1494.9871902511145,1529.201280989056
2025-26,2026-03-19,0022501013,SAS,PHX,1,SAS,1.0,0.4957746733900987,1772.985132129401,1518.2978650232187,0.8412520985670322,0.1587479014329678,0.02499479296842069,0.0,0.02499479296842069,1.0249947929684207,4.881473170903682,-4.881473170903682,1777.8666053003049,1513.416391852315
2025-26,2026-03-19,0022501014,UTA,MIL,1,UTA,32.0,0.8024371824165185,1273.7361420955094,1383.5677971821135,0.39394352013412126,0.6060564798658787,0.664036770267849,0.604874364833037,0.664036770267849,1.664036770267849,30.255008020677554,-30.255008020677554,1303.9911501161869,1353.312789161436
2025-26,2026-03-19,0022501015,SAC,PHI,0,PHI,21.0,0.8024214438453944,1327.649561370864,1491.937269779928,0.3220776964180715,0.6779223035819285,0.48154979836430795,0.6048428876907888,0.48154979836430795,1.481549798364308,-14.315224385575037,14.315224385575037,1313.334336985289,1506.252494165503
2025-26,2026-03-20,0022501016,BKN,NYK,0,NYK,1.0,0.6537479579637551,1273.1119562785975,1652.05507632604,0.12132995115838802,0.8786700488416119,0.02499479296842069,0.30749591592751013,0.02499479296842069,1.0249947929684207,-3.7308770450538153,3.7308770450538153,1269.3810792335437,1655.785953371094
2025-26,2026-03-20,0022501017,DET,GSW,1,DET,14.0,0.7984481448121369,1649.5144597691472,1421.20829382496,0.8199062021100617,0.1800937978899383,0.3363755443363322,0.5968962896242738,0.3363755443363322,1.3363755443363323,7.2201884156029115,-7.2201884156029115,1656.73464818475,1413.988105409357
2025-26,2026-03-20,0022501018,HOU,ATL,1,HOU,22.0,0.802348876994931,1538.4125572958565,1604.5964978714062,0.45524282381701664,0.5447571761829834,0.5005202111902353,0.6046977539898619,0.5005202111902353,1.5005202111902354,24.522574591604595,-24.522574591604595,1562.935131887461,1580.0739232798016
2025-26,2026-03-20,0022501019,MEM,BOS,0,BOS,5.0,0.6428448658479221,1304.4936567921372,1671.721931315245,0.12870477188637233,0.8712952281136277,0.12435300177159621,0.2856897316958442,0.12435300177159621,1.1243530017715961,-4.341287898383138,4.341287898383138,1300.152368893754,1676.0632192136281
2025-26,2026-03-20,0022501020,MIN,POR,0,POR,4.0,0.4960574183737238,1574.3917586163857,1482.552616075783,0.6748370464951304,0.32516295350486957,0.09966799462495582,0.0,0.09966799462495582,1.099667994624956,-22.26290104853785,22.26290104853785,1552.128857567848,1504.8155171243206
2025-26,2026-03-20,0022501021,DEN,TOR,1,DEN,6.0,0.4790312312957313,1560.821330953994,1555.3873730690152,0.5579278556225544,0.4420721443774456,0.14888503362331795,0.0,0.14888503362331795,1.1488850336233178,15.236702113710413,-15.236702113710413,1576.0580330677044,1540.1506709553048
2025-26,2026-03-21,0022501022,WAS,OKC,0,OKC,21.0,0.8785874613579542,1234.253551108891,1750.582722625598,0.0589252191576457,0.9410747808423543,0.48154979836430795,0.7571749227159084,0.48154979836430795,1.481549798364308,-2.6190193968474795,2.6190193968474795,1231.6345317120436,1753.2017420224456
2025-26,2026-03-21,0022501023,CHA,MEM,1,CHA,23.0,0.8783073802685573,1650.8401498530736,1300.152368893754,0.9020486332120403,0.09795136678795968,0.5190218338982221,0.7566147605371145,0.5190218338982221,1.519021833898222,4.463707944332517,-4.463707944332517,1655.3038577974062,1295.6886609494215
2025-26,2026-03-21,0022501024,ORL,LAL,0,LAL,1.0,0.5145491054592033,1559.0375615941093,1656.016297549932,0.4117396757098282,0.5882603242901718,0.02499479296842069,0.029098210918406586,0.02499479296842069,1.0249947929684207,-12.660930709832401,12.660930709832401,1546.376630884277,1668.6772282597644
2025-26,2026-03-21,0022501025,NOP,CLE,0,CLE,5.0,0.5245491848606616,1494.9871902511145,1625.1178668324847,0.36641764673273036,0.6335823532672696,0.12435300177159621,0.0490983697213232,0.12435300177159621,1.1243530017715961,-12.359483430180891,12.359483430180891,1482.6277068209336,1637.4773502626656
2025-26,2026-03-21,0022501026,ATL,GSW,1,ATL,16.0,0.7649192253955537,1580.0739232798016,1413.988105409357,0.7608859815350948,0.2391140184649052,0.3799489622552249,0.5298384507911074,0.3799489622552249,1.379948962255225,9.898954249239681,-9.898954249239681,1589.9728775290414,1404.0891511601174
2025-26,2026-03-21,0022501027,HOU,MIA,1,HOU,1.0,0.5483138580915208,1562.935131887461,1544.2482343699062,0.5766525360147234,0.42334746398527656,0.02499479296842069,0.09662771618304156,0.02499479296842069,1.0249947929684207,13.017868386038835,-13.017868386038835,1575.9530002734998,1531.2303659838674
2025-26,2026-03-21,0022501028,SAS,IND,1,SAS,15.0,0.9495746147673992,1777.8666053003049,1214.7387473719846,0.9690247220424743,0.03097527795752575,0.35835739835078595,0.8991492295347985,0.35835739835078595,1.358357398350786,1.2622649393873135,-1.2622649393873135,1779.128870239692,1213.4764824325973
2025-26,2026-03-21,0022501029,DAL,LAC,0,LAC,7.0,0.562828463405933,1331.38953207389,1529.201280989056,0.28146227903058996,0.71853772096941,0.1732351578346601,0.1256569268118659,0.1732351578346601,1.17323515783466,-9.90664324088872,9.90664324088872,1321.4828888330012,1539.1079242299447
2025-26,2026-03-21,0022501030,UTA,PHI,0,PHI,10.0,0.6049623776864932,1303.9911501161869,1506.252494165503,0.27631120107252527,0.7236887989274747,0.24491866240370913,0.20992475537298638,0.24491866240370913,1.2449186624037092,-10.319549125391115,10.319549125391115,1293.6716009907957,1516.5720432908943
2025-26,2026-03-21,0022501031,PHX,MIL,0,MIL,3.0,0.3631183577525532,1513.416391852315,1353.312789161436,0.7545645073750962,0.24543549262490383,0.07485969068749909,0.0,0.07485969068749909,1.0748596906874992,-24.33152919002883,24.33152919002883,1489.0848626622862,1377.6443183514648
2025-26,2026-03-22,0022501032,DEN,POR,1,DEN,16.0,0.7813839182071386,1576.0580330677044,1504.8155171243206,0.6483013842145351,0.3516986157854649,0.3799489622552249,0.5627678364142772,0.3799489622552249,1.379948962255225,14.559784196392544,-14.559784196392544,1590.6178172640969,1490.2557329279282
2025-26,2026-03-22,0022501033,SAC,BKN,1,SAC,4.0,0.5769467797854708,1313.334336985289,1269.3810792335437,0.611706592753021,0.388293407246979,0.09966799462495582,0.15389355957094164,0.09966799462495582,1.099667994624956,12.809814974201304,-12.809814974201304,1326.1441519594903,1256.5712642593423
2025-26,2026-03-22,0022501034,NYK,WAS,1,NYK,32.0,0.9294205814372332,1655.785953371094,1231.6345317120436,0.9335836959144563,0.06641630408554366,0.664036770267849,0.8588411628744663,0.664036770267849,1.664036770267849,3.3155751643090627,-3.3155751643090627,1659.101528535403,1228.3189565477344
2025-26,2026-03-22,0022501035,BOS,MIN,0,MIN,10.0,0.4397322562746963,1676.0632192136281,1552.128857567848,0.714001751700663,0.28599824829933695,0.24491866240370913,0.0,0.24491866240370913,1.2449186624037092,-26.666223170432843,26.666223170432843,1649.3969960431953,1578.7950807382808
2025-26,2026-03-22,0022501036,PHX,TOR,1,PHX,22.0,0.8603440171666443,1489.0848626622862,1540.1506709553048,0.47689590834521983,0.5231040916547802,0.5005202111902353,0.7206880343332887,0.5005202111902353,1.5005202111902354,23.547847862529213,-23.547847862529213,1512.6327105248154,1516.6028230927757
2025-26,2026-03-23,0022501037,ATL,MEM,1,ATL,39.0,0.9218917128588592,1589.9728775290414,1295.6886609494215,0.8693827653146174,0.13061723468538255,0.7508932836251672,0.8437834257177184,0.7508932836251672,1.7508932836251672,6.8609051680898565,-6.8609051680898565,1596.8337826971313,1288.8277557813317
2025-26,2026-03-23,0022501038,DET,LAL,1,DET,3.0,0.6984977680196365,1656.73464818475,1668.6772282597644,0.5331336658240885,0.4668663341759115,0.07485969068749909,0.39699553603927296,0.07485969068749909,1.0748596906874992,15.054474106341805,-15.054474106341805,1671.7891222910919,1653.6227541534226
2025-26,2026-03-23,0022501039,ORL,IND,0,IND,2.0,0.5082610632580085,1546.376630884277,1213.4764824325973,0.8926215796318249,0.10737842036817513,0.04995837495787997,0.01652212651601692,0.04995837495787997,1.04995837495788,-28.116465096077,28.116465096077,1518.2601657881999,1241.5929475286744
2025-26,2026-03-23,0022501040,PHI,OKC,0,OKC,20.0,0.8674420011834485,1516.5720432908943,1753.2017420224456,0.23854486529650495,0.761455134703495,0.46211715726000974,0.734884002366897,0.46211715726000974,1.4621171572600098,-10.463416209788933,10.463416209788933,1506.1086270811054,1763.6651582322345
2025-26,2026-03-23,0022501041,MIA,SAS,0,SAS,25.0,0.8732497523462339,1531.2303659838674,1779.128870239692,0.2269625786989131,0.7730374213010869,0.5545997223493823,0.7464995046924678,0.5545997223493823,1.5545997223493822,-10.585078854870902,10.585078854870902,1520.6452871289964,1789.713949094563
2025-26,2026-03-23,0022501042,CHI,HOU,1,CHI,8.0,0.7175914764155945,1353.1455896103582,1575.9530002734998,0.25329670533704157,0.7467032946629584,0.197375320224904,0.435182952831189,0.197375320224904,1.197375320224904,26.82252289680152,-26.82252289680152,1379.9681125071597,1549.1304773766983
2025-26,2026-03-23,0022501043,UTA,TOR,0,TOR,16.0,0.8366570512811772,1293.6716009907957,1516.6028230927757,0.2531619277418451,0.7468380722581549,0.3799489622552249,0.6733141025623544,0.3799489622552249,1.379948962255225,-10.480516184096743,10.480516184096743,1283.1910848066989,1527.0833392768725
2025-26,2026-03-23,0022501044,DAL,GSW,0,GSW,6.0,0.5343501168203616,1321.4828888330012,1404.0891511601174,0.43191464934191687,0.5680853506580832,0.14888503362331795,0.0687002336407232,0.14888503362331795,1.1488850336233178,-14.88660829294775,14.88660829294775,1306.5962805400534,1418.9757594530652
2025-26,2026-03-23,0022501045,POR,BKN,1,POR,35.0,0.9052283427284824,1490.2557329279282,1256.5712642593423,0.8244325642927091,0.17556743570729094,0.703905603936621,0.8104566854569648,0.703905603936621,1.703905603936621,8.974510127113064,-8.974510127113064,1499.2302430550412,1247.5967541322293
2025-26,2026-03-23,0022501046,LAC,MIL,1,LAC,33.0,0.8754375656114685,1539.1079242299447,1377.6443183514648,0.7560114872465692,0.2439885127534308,0.6777821008468294,0.7508751312229369,0.6777821008468294,1.6777821008468294,12.280786785298337,-12.280786785298337,1551.388711015243,1365.3635315661666
2025-26,2026-03-24,0022501047,CHA,SAC,1,CHA,44.0,0.928650495250606,1655.3038577974062,1326.1441519594903,0.8905402866584738,0.10945971334152615,0.8004990217606297,0.8573009905012119,0.8004990217606297,1.8004990217606296,5.912463203808503,-5.912463203808503,1661.2163210012147,1320.2316887556817
2025-26,2026-03-24,0022501048,NYK,NOP,1,NYK,5.0,0.7481396778341798,1659.101528535403,1482.6277068209336,0.771595306930496,0.22840469306950395,0.12435300177159621,0.49627935566835957,0.12435300177159621,1.1243530017715961,7.704225068142506,-7.704225068142506,1666.8057536035456,1474.923481752791
2025-26,2026-03-24,0022501049,CLE,ORL,1,CLE,5.0,0.6630422728322447,1637.4773502626656,1518.2601657881999,0.7084246987606428,0.29157530123935715,0.12435300177159621,0.3260845456644894,0.12435300177159621,1.1243530017715961,9.83500695572786,-9.83500695572786,1647.3123572183933,1508.425158832472
2025-26,2026-03-24,0022501050,PHX,DEN,0,DEN,2.0,0.5828951650418134,1512.6327105248154,1590.6178172640969,0.43845316928426303,0.561546830715737,0.04995837495787997,0.16579033008362676,0.04995837495787997,1.04995837495788,-13.810727313505113,13.810727313505113,1498.8219832113102,1604.428544577602
2025-26,2026-03-25,0022501051,DET,ATL,0,ATL,1.0,0.5066866856719713,1671.7891222910919,1596.8337826971313,0.6531589286560378,0.34684107134396225,0.02499479296842069,0.013373371343942564,0.02499479296842069,1.0249947929684207,-20.084535025598125,20.084535025598125,1651.7045872654937,1616.9183177227294
2025-26,2026-03-25,0022501052,IND,LAL,0,LAL,7.0,0.9363009227214528,1241.5929475286744,1653.6227541534226,0.10244410806535499,0.897555891934645,0.1732351578346601,0.8726018454429056,0.1732351578346601,1.17323515783466,-3.605730878858632,3.605730878858632,1237.9872166498158,1657.2284850322812
2025-26,2026-03-25,0022501053,PHI,CHI,1,PHI,20.0,0.9050378246915836,1506.1086270811054,1379.9681125071597,0.7165879953674857,0.28341200463251426,0.46211715726000974,0.8100756493831671,0.46211715726000974,1.4621171572600098,12.431446636399574,-12.431446636399574,1518.540073717505,1367.53666587076
2025-26,2026-03-25,0022501054,BOS,OKC,1,BOS,10.0,0.5686989499204275,1649.3969960431953,1763.6651582322345,0.38786293059294163,0.6121370694070584,0.24491866240370913,0.13739789984085493,0.24491866240370913,1.2449186624037092,22.86182584961885,-22.86182584961885,1672.258821892814,1740.8033323826157
2025-26,2026-03-25,0022501055,CLE,MIA,0,MIA,17.0,0.6855994389247887,1647.3123572183933,1520.6452871289964,0.7172031754714081,0.2827968245285919,0.4011342849479459,0.3711988778495774,0.4011342849479459,1.401134284947946,-30.14693875279583,30.14693875279583,1617.1654184655974,1550.7922258817923
2025-26,2026-03-25,0022501056,MEM,SAS,0,SAS,25.0,0.9385270246497796,1288.8277557813317,1789.713949094563,0.06405248898043345,0.9359475110195665,0.5545997223493823,0.8770540492995591,0.5545997223493823,1.5545997223493822,-2.987279447543061,2.987279447543061,1285.8404763337887,1792.701228542106
2025-26,2026-03-25,0022501057,UTA,WAS,0,WAS,23.0,0.8386407549569412,1283.1910848066989,1228.3189565477344,0.626526859567855,0.37347314043214497,0.5190218338982221,0.6772815099138825,0.5190218338982221,1.519021833898222,-28.55123937621771,28.55123937621771,1254.6398454304813,1256.870195923952
2025-26,2026-03-25,0022501058,MIN,HOU,1,MIN,2.0,0.6265470486464647,1578.7950807382808,1549.1304773766983,0.5919999804070917,0.4080000195929083,0.04995837495787997,0.2530940972929294,0.04995837495787997,1.04995837495788,12.851491126636597,-12.851491126636597,1591.6465718649174,1536.2789862500617
2025-26,2026-03-25,0022501059,DEN,DAL,1,DEN,7.0,0.8055112153436575,1604.428544577602,1306.5962805400534,0.8716846177241853,0.12831538227581474,0.1732351578346601,0.6110224306873151,0.1732351578346601,1.17323515783466,4.516323533309407,-4.516323533309407,1608.9448681109113,1302.079957006744
2025-26,2026-03-25,0022501060,GSW,BKN,1,GSW,3.0,0.501993044149648,1418.9757594530652,1247.5967541322293,0.7663855119935886,0.23361448800641138,0.07485969068749909,0.00398608829929592,0.07485969068749909,1.0748596906874992,7.533083889560695,-7.533083889560695,1426.5088433426258,1240.0636702426686
2025-26,2026-03-25,0022501061,POR,MIL,1,POR,31.0,0.9154919228992529,1499.2302430550412,1365.3635315661666,0.7255328823958982,0.2744671176041018,0.6498274636719203,0.8309838457985057,0.6498274636719203,1.6498274636719203,13.58470165494354,-13.58470165494354,1512.8149447099847,1351.778829911223
2025-26,2026-03-25,0022501062,LAC,TOR,1,LAC,25.0,0.8235799355991185,1551.388711015243,1527.0833392768725,0.5845279275389074,0.41547207246109263,0.5545997223493823,0.6471598711982369,0.5545997223493823,1.5545997223493822,19.376783054758107,-19.376783054758107,1570.765494070001,1507.7065562221144
2025-26,2026-03-26,0022501063,CHA,NYK,1,CHA,11.0,0.6933776578803856,1661.2163210012147,1666.8057536035456,0.5422244012371282,0.45777559876287177,0.2682711820216014,0.38675531576077127,0.2682711820216014,1.2682711820216013,17.417507992309012,-17.417507992309012,1678.6338289935238,1649.3882456112365
2025-26,2026-03-26,0022501064,DET,NOP,1,DET,21.0,0.8762309891275234,1651.7045872654937,1474.923481752791,0.7719068953119067,0.2280931046880933,0.48154979836430795,0.7524619782550468,0.48154979836430795,1.481549798364308,10.137938797768008,-10.137938797768008,1661.8425260632616,1464.7855429550232
2025-26,2026-03-26,0022501065,ORL,SAC,1,ORL,4.0,0.7826873695933156,1508.425158832472,1320.2316887556817,0.7832665653823034,0.21673343461769656,0.09966799462495582,0.5653747391866313,0.09966799462495582,1.099667994624956,7.150044642426642,-7.150044642426642,1515.5752034748987,1313.0816441132552
2025-26,2026-03-27,0022501066,IND,LAC,0,LAC,1.0,0.3418829870979405,1237.9872166498158,1570.765494070001,0.15262627349795108,0.8473737265020489,0.02499479296842069,0.0,0.02499479296842069,1.0249947929684207,-4.693234068167217,4.693234068167217,1233.2939825816486,1575.4587281381682
2025-26,2026-03-27,0022501067,BOS,ATL,1,BOS,7.0,0.6063149187765602,1672.258821892814,1616.9183177227294,0.6271575277529117,0.37284247224708833,0.1732351578346601,0.21262983755312037,0.1732351578346601,1.17323515783466,13.122956903228324,-13.122956903228324,1685.3817787960422,1603.7953608195012
2025-26,2026-03-27,0022501068,CLE,MIA,1,CLE,21.0,0.9154988118136924,1617.1654184655974,1550.7922258817923,0.6418840826237937,0.3581159173762063,0.48154979836430795,0.8309976236273848,0.48154979836430795,1.481549798364308,15.916996955393028,-15.916996955393028,1633.0824154209904,1534.8752289263994
2025-26,2026-03-27,0022501069,MEM,HOU,0,HOU,10.0,0.75197986666443,1285.8404763337887,1536.2789862500617,0.22440748335462332,0.7755925166453767,0.24491866240370913,0.5039597333288599,0.24491866240370913,1.2449186624037092,-8.381071920336609,8.381071920336609,1277.4594044134521,1544.6600581703983
2025-26,2026-03-27,0022501070,OKC,CHI,1,OKC,18.0,0.7283637099568215,1740.8033323826157,1367.53666587076,0.9129478861982745,0.0870521138017255,0.4218990052500079,0.4567274199136431,0.4218990052500079,1.4218990052500078,3.7133794205875192,-3.7133794205875192,1744.5167118032032,1363.8232864501726
2025-26,2026-03-27,0022501071,TOR,NOP,1,TOR,13.0,0.899367752969265,1507.7065562221144,1464.7855429550232,0.6102942876290605,0.38970571237093954,0.3140209253469976,0.7987355059385299,0.3140209253469976,1.3140209253469977,15.362443823480186,-15.362443823480186,1523.0690000455945,1449.423099131543
2025-26,2026-03-27,0022501072,DEN,UTA,1,DEN,6.0,0.5772420478074086,1608.9448681109113,1254.6398454304813,0.9038731064084956,0.09612689359150439,0.14888503362331795,0.15448409561481724,0.14888503362331795,1.1488850336233178,3.3131624812794183,-3.3131624812794183,1612.2580305921908,1251.3266829492018
2025-26,2026-03-27,0022501073,GSW,WAS,1,GSW,5.0,0.755493696903189,1426.5088433426258,1256.870195923952,0.7645870624898836,0.23541293751011638,0.12435300177159621,0.510987393806378,0.12435300177159621,1.1243530017715961,7.940617288361056,-7.940617288361056,1434.4494606309868,1248.929578635591
2025-26,2026-03-27,0022501074,POR,DAL,0,DAL,7.0,0.5214320167004027,1512.8149447099847,1302.079957006744,0.8044848553679205,0.19551514463207953,0.1732351578346601,0.04286403340080547,0.1732351578346601,1.17323515783466,-28.315497487895275,28.315497487895275,1484.4994472220894,1330.3954544946394
2025-26,2026-03-27,0022501075,LAL,BKN,1,LAL,17.0,0.8071274155564606,1657.2284850322812,1240.0636702426686,0.9310460536445141,0.0689539463554859,0.4011342849479459,0.6142548311129212,0.4011342849479459,1.401134284947946,2.898412149633983,-2.898412149633983,1660.1268971819152,1237.1652580930347
2025-26,2026-03-28,0022501076,MIL,SAS,0,SAS,32.0,0.923742797744084,1351.778829911223,1792.701228542106,0.0881305849602107,0.9118694150397892,0.664036770267849,0.8474855954881679,0.664036770267849,1.664036770267849,-4.3995760187701585,4.3995760187701585,1347.3792538924529,1797.1008045608762
2025-26,2026-03-28,0022501077,CHA,PHI,0,PHI,4.0,0.3858211284611995,1678.6338289935238,1518.540073717505,0.75455400910024,0.24544599089976005,0.09966799462495582,0.0,0.09966799462495582,1.099667994624956,-24.89276682070445,24.89276682070445,1653.7410621728193,1543.4328405382096
2025-26,2026-03-28,0022501078,ATL,SAC,1,ATL,10.0,0.8159261645500859,1603.7953608195012,1313.0816441132552,0.8670310182623161,0.1329689817376839,0.24491866240370913,0.6318523291001719,0.24491866240370913,1.2449186624037092,4.96606700658182,-4.96606700658182,1608.761427826083,1308.1155771066733
2025-26,2026-03-28,0022501079,MEM,CHI,1,MEM,1.0,0.5973482960483267,1277.4594044134521,1363.8232864501726,0.42661528215199934,0.5733847178480007,0.02499479296842069,0.19469659209665346,0.02499479296842069,1.0249947929684207,17.631490504856032,-17.631490504856032,1295.090894918308,1346.1917959453167
2025-26,2026-03-28,0022501080,MIN,DET,0,DET,22.0,0.7328832680611311,1591.6465718649174,1661.8425260632616,0.449521504362031,0.550478495637969,0.5005202111902353,0.46576653612226226,0.5005202111902353,1.5005202111902354,-20.235483079796012,20.235483079796012,1571.4110887851214,1682.0780091430577
2025-26,2026-03-28,0022501081,PHX,UTA,1,PHX,25.0,0.9323263396922912,1498.8219832113102,1251.3266829492018,0.8356447951997623,0.1643552048002377,0.5545997223493823,0.8646526793845823,0.5545997223493823,1.5545997223493822,7.66519667247376,-7.66519667247376,1506.487179883784,1243.661486276728
2025-26,2026-03-29,0022501082,MIL,LAC,0,LAC,14.0,0.7717558178054365,1347.3792538924529,1575.4587281381682,0.24759976875548292,0.752400231244517,0.3363755443363322,0.5435116356108729,0.3363755443363322,1.3363755443363323,-9.926588272444755,9.926588272444755,1337.452665620008,1585.385316410613
2025-26,2026-03-29,0022501083,IND,MIA,1,IND,17.0,0.5255982572792305,1233.2939825816486,1534.8752289263994,0.17732675190653258,0.8226732480934674,0.4011342849479459,0.05119651455846097,0.4011342849479459,1.401134284947946,34.580270796397336,-34.580270796397336,1267.874253378046,1500.294958130002
2025-26,2026-03-29,0022501084,BKN,SAC,1,BKN,17.0,0.8926440984114177,1237.1652580930347,1308.1155771066733,0.44844718826749663,0.5515528117325034,0.4011342849479459,0.7852881968228353,0.4011342849479459,1.401134284947946,23.183986634335504,-23.183986634335504,1260.3492447273702,1284.9315904723378
2025-26,2026-03-29,0022501085,CHA,BOS,0,BOS,15.0,0.8462931484172199,1653.7410621728193,1685.3817787960422,0.5048342467483667,0.49516575325163326,0.35835739835078595,0.6925862968344398,0.35835739835078595,1.358357398350786,-20.572360020344703,20.572360020344703,1633.1687021524747,1705.9541388163868
2025-26,2026-03-29,0022501086,TOR,ORL,1,TOR,52.0,0.880461187739339,1523.0690000455945,1515.5752034748987,0.5608503710696976,0.4391496289303024,0.8617231593133063,0.760922375478678,0.8617231593133063,1.8617231593133063,24.52725103750166,-24.52725103750166,1547.5962510830961,1491.047952437397
2025-26,2026-03-29,0022501087,POR,WAS,1,POR,35.0,0.8909558410714898,1484.4994472220894,1248.929578635591,0.8259979721521249,0.1740020278478751,0.703905603936621,0.7819116821429797,0.703905603936621,1.703905603936621,8.89449091038991,-8.89449091038991,1493.3939381324794,1240.035087725201
2025-26,2026-03-29,0022501088,NOP,HOU,0,HOU,32.0,0.8639900096510366,1449.423099131543,1544.6600581703983,0.41417031972137736,0.5858296802786227,0.664036770267849,0.7279800193020731,0.664036770267849,1.664036770267849,-20.675839235098895,20.675839235098895,1428.7472598964441,1565.3358974054972
2025-26,2026-03-29,0022501089,OKC,NYK,1,OKC,11.0,0.7548493812295299,1744.5167118032032,1649.3882456112365,0.6789781299587927,0.3210218700412073,0.2682711820216014,0.5096987624590599,0.2682711820216014,1.2682711820216013,12.214283597158406,-12.214283597158406,1756.7309954003615,1637.1739620140781
2025-26,2026-03-29,0022501090,DEN,GSW,1,DEN,23.0,0.6659098473812144,1612.2580305921908,1434.4494606309868,0.7729465771045311,0.22705342289546893,0.5190218338982221,0.3318196947624288,0.5190218338982221,1.519021833898222,10.346973205186313,-10.346973205186313,1622.605003797377,1424.1024874258005
2025-26,2026-03-30,0022501091,MIA,PHI,1,MIA,10.0,0.6001817184107171,1500.294958130002,1543.4328405382096,0.48829078703620155,0.5117092129637985,0.24491866240370913,0.2003634368214342,0.24491866240370913,1.2449186624037092,19.1110904682764,-19.1110904682764,1519.4060485982784,1524.3217500699332
2025-26,2026-03-30,0022501092,ATL,BOS,1,ATL,10.0,0.6152136414135908,1608.761427826083,1705.9541388163868,0.41144136845710955,0.5885586315428905,0.24491866240370913,0.2304272828271816,0.24491866240370913,1.2449186624037092,21.98122872979598,-21.98122872979598,1630.742656555879,1683.972910086591
2025-26,2026-03-30,0022501093,MEM,PHX,0,PHX,26.0,0.6695605632670049,1295.090894918308,1506.487179883784,0.26592075394329967,0.7340792460567003,0.5716699660851172,0.3391211265340097,0.5716699660851172,1.5716699660851172,-12.538189869941837,12.538189869941837,1282.5527050483663,1519.0253697537257
2025-26,2026-03-30,0022501094,SAS,CHI,1,SAS,15.0,0.8892043140758242,1797.1008045608762,1346.1917959453167,0.942519838632572,0.05748016136742795,0.35835739835078595,0.7784086281516485,0.35835739835078595,1.358357398350786,2.3423580735552836,-2.3423580735552836,1799.4431626344315,1343.8494378717614
2025-26,2026-03-30,0022501095,DAL,MIN,0,MIN,30.0,0.8783459336270595,1330.3954544946394,1571.4110887851214,0.2339891977252945,0.7660108022747055,0.6351489523872873,0.756691867254119,0.6351489523872873,1.6351489523872873,-11.478215745913714,11.478215745913714,1318.9172387487256,1582.8893045310351
2025-26,2026-03-30,0022501096,UTA,CLE,0,CLE,9.0,0.7932777675866641,1243.661486276728,1633.0824154209904,0.11504526163622425,0.8849547383637757,0.22127846789844396,0.5865555351733283,0.22127846789844396,1.2212784678984439,-4.215069026101907,4.215069026101907,1239.4464172506262,1637.2974844470923
2025-26,2026-03-30,0022501097,OKC,DET,1,OKC,4.0,0.7591826623818785,1756.7309954003615,1682.0780091430577,0.6527645299093812,0.34723547009061884,0.09966799462495582,0.518365324763757,0.09966799462495582,1.099667994624956,11.45531199171614,-11.45531199171614,1768.1863073920777,1670.6226971513415
2025-26,2026-03-30,0022501098,LAL,WAS,1,LAL,19.0,0.9208198157097732,1660.1268971819152,1240.035087725201,0.932119931640612,0.06788006835938798,0.44223035604572614,0.8416396314195465,0.44223035604572614,1.4422303560457261,2.9369608547510504,-2.9369608547510504,1663.0638580366663,1237.09812687045
2025-26,2026-03-31,0022500652,MIL,DAL,1,MIL,24.0,0.8644765828301509,1337.452665620008,1318.9172387487256,0.5764396611698007,0.4235603388301993,0.5370495669980352,0.7289531656603019,0.5370495669980352,1.5370495669980353,19.53099706189497,-19.53099706189497,1356.983662681903,1299.3862416868305
2025-26,2026-03-31,0022501099,ORL,PHX,1,ORL,4.0,0.6521866457371248,1491.047952437397,1519.0253697537257,0.5101049327904179,0.4898950672095821,0.09966799462495582,0.30437329147424963,0.09966799462495582,1.099667994624956,16.161657784050576,-16.161657784050576,1507.2096102214475,1502.8637119696753
2025-26,2026-03-31,0022501100,BKN,CHA,0,CHA,31.0,0.8755508519333965,1260.3492447273702,1633.1687021524747,0.12513842853392013,0.8748615714660799,0.6498274636719203,0.7511017038667931,0.6498274636719203,1.6498274636719203,-6.19370448468022,6.19370448468022,1254.15554024269,1639.362406637155
2025-26,2026-03-31,0022501101,DET,TOR,1,DET,11.0,0.8184707737879622,1670.6226971513415,1547.5962510830961,0.7129333149046867,0.2870666850953133,0.2682711820216014,0.6369415475759244,0.2682711820216014,1.2682711820216013,10.922352120745675,-10.922352120745675,1681.5450492720872,1536.6738989623504
2025-26,2026-03-31,0022501102,HOU,NYK,1,HOU,17.0,0.8283771205072602,1565.3358974054972,1637.1739620140781,0.4471835368544349,0.5528164631455651,0.4011342849479459,0.6567542410145204,0.4011342849479459,1.401134284947946,23.237102993907417,-23.237102993907417,1588.5730003994047,1613.9368590201707
2025-26,2026-03-31,0022501103,LAL,CLE,1,LAL,14.0,0.7547945621382032,1663.0638580366663,1637.2974844470923,0.5865689245965906,0.4134310754034094,0.3363755443363322,0.5095891242764063,0.3363755443363322,1.3363755443363323,16.574975353133595,-16.574975353133595,1679.6388333897999,1620.7225090939587
2025-26,2026-03-31,0022501104,LAC,POR,0,POR,10.0,0.7187019140873518,1585.385316410613,1493.3939381324794,0.6750293139267247,0.3249706860732753,0.24491866240370913,0.4374038281747037,0.24491866240370913,1.2449186624037092,-25.21069771730855,25.21069771730855,1560.1746186933046,1518.6046358497879
2025-26,2026-04-01,0022501003,MEM,NYK,0,NYK,11.0,0.8973854058552146,1282.5527050483663,1613.9368590201707,0.1536670830806661,0.8463329169193339,0.2682711820216014,0.7947708117104293,0.2682711820216014,1.2682711820216013,-5.8467459928958405,5.8467459928958405,1276.7059590554704,1619.7836050130666
2025-26,2026-04-01,0022501105,WAS,PHI,0,PHI,22.0,0.7766106348779521,1237.09812687045,1524.3217500699332,0.18970688422316412,0.8102931157768358,0.5005202111902353,0.5532212697559042,0.5005202111902353,1.5005202111902354,-8.539770419363514,8.539770419363514,1228.5583564510864,1532.8615204892967
2025-26,2026-04-01,0022501106,MIA,BOS,0,BOS,18.0,0.888346960925798,1519.4060485982784,1683.972910086591,0.32172693287412185,0.6782730671258781,0.4218990052500079,0.776693921851596,0.4218990052500079,1.4218990052500078,-13.723896174475497,13.723896174475497,1505.682152423803,1697.6968062610663
2025-26,2026-04-01,0022501107,ORL,ATL,0,ATL,29.0,0.7697385615608273,1507.2096102214475,1630.742656555879,0.3752785824337622,0.6247214175662378,0.619996867969374,0.5394771231216546,0.619996867969374,1.6199968679693741,-18.23850384476044,18.23850384476044,1488.971106376687,1648.9811604006395
2025-26,2026-04-01,0022501108,TOR,SAC,0,SAC,8.0,0.4891710073604352,1536.6738989623504,1284.9315904723378,0.8389750184320903,0.16102498156790968,0.197375320224904,0.0,0.197375320224904,1.197375320224904,-30.137039440674567,30.137039440674567,1506.536859521676,1315.0686299130123
2025-26,2026-04-01,0022501109,CHI,IND,0,IND,19.0,0.7715010044544761,1343.8494378717614,1267.874253378046,0.6544876920220112,0.3455123079779888,0.44223035604572614,0.5430020089089522,0.44223035604572614,1.4422303560457261,-28.31766051277352,28.31766051277352,1315.531777358988,1296.1919138908195
2025-26,2026-04-01,0022501110,HOU,MIL,1,HOU,6.0,0.8618172485878068,1588.5730003994047,1356.983662681903,0.822680042836124,0.17731995716387605,0.14888503362331795,0.7236344971756137,0.14888503362331795,1.1488850336233178,6.11160734844915,-6.11160734844915,1594.6846077478538,1350.872055333454
2025-26,2026-04-01,0022501112,UTA,DEN,0,DEN,13.0,0.8888344227933137,1239.4464172506262,1622.605003797377,0.1187666383059417,0.8812333616940583,0.3140209253469976,0.7776688455866274,0.3140209253469976,1.3140209253469977,-4.681855439013771,4.681855439013771,1234.7645618116123,1627.286859236391
2025-26,2026-04-01,0022501113,GSW,SAS,0,SAS,14.0,0.8971269404258784,1424.1024874258005,1799.4431626344315,0.12355815542611853,0.8764418445738815,0.3363755443363322,0.7942538808517567,0.3363755443363322,1.3363755443363323,-4.953602916443169,4.953602916443169,1419.1488845093575,1804.3967655508745
2025-26,2026-04-02,0022501114,CHA,PHX,1,CHA,20.0,0.6680706723758745,1639.362406637155,1502.8637119696753,0.7285396265955074,0.2714603734044926,0.46211715726000974,0.33614134475174895,0.46211715726000974,1.4621171572600098,11.907206084127523,-11.907206084127523,1651.2696127212823,1490.9565058855478
2025-26,2026-04-02,0022501115,DET,MIN,1,DET,5.0,0.6145641069610913,1681.5450492720872,1582.8893045310351,0.6833876933543989,0.31661230664560114,0.12435300177159621,0.22912821392218263,0.12435300177159621,1.1243530017715961,10.679519921244323,-10.679519921244323,1692.2245691933315,1572.2097846097909
2025-26,2026-04-02,0022501116,OKC,LAL,1,OKC,43.0,0.9430230997792548,1768.1863073920777,1679.6388333897999,0.6706654731380546,0.3293345268619454,0.7913375537619973,0.8860461995585096,0.7913375537619973,1.7913375537619973,17.698479171547262,-17.698479171547262,1785.8847865636249,1661.9403542182527
2025-26,2026-04-02,0022501117,GSW,CLE,0,CLE,7.0,0.6528293544449844,1419.1488845093575,1620.7225090939587,0.277103522763994,0.722896477236006,0.1732351578346601,0.3056587088899687,0.1732351578346601,1.17323515783466,-9.753227857996645,9.753227857996645,1409.395656651361,1630.4757369519552
2025-26,2026-04-02,0022501118,POR,NOP,1,POR,12.0,0.6795917089749127,1518.6046358497879,1428.7472598964441,0.6723287981399438,0.32767120186005616,0.2913126124515909,0.35918341794982545,0.2913126124515909,1.2913126124515908,12.69377867097185,-12.69377867097185,1531.2984145207597,1416.0534812254723
2025-26,2026-04-02,0022501119,LAC,SAS,0,SAS,19.0,0.8732581214218994,1560.1746186933046,1804.3967655508745,0.2306970457384166,0.7693029542615835,0.44223035604572614,0.7465162428437988,0.44223035604572614,1.4422303560457261,-9.981548472420412,9.981548472420412,1550.1930702208842,1814.378314023295
2025-26,2026-04-03,0022501120,CHA,IND,1,CHA,21.0,0.928444168842915,1651.2696127212823,1296.1919138908195,0.9042588737025258,0.09574112629747422,0.48154979836430795,0.8568883376858301,0.48154979836430795,1.481549798364308,4.25535739083584,-4.25535739083584,1655.5249701121181,1291.9365564999837
2025-26,2026-04-03,0022501121,PHI,MIN,1,PHI,12.0,0.5909963203552697,1532.8615204892967,1572.2097846097909,0.4937426716077815,0.5062573283922185,0.2913126124515909,0.18199264071053944,0.2913126124515909,1.2913126124515908,19.612094198967558,-19.612094198967558,1552.4736146882642,1552.5976904108234
2025-26,2026-04-03,0022501122,BKN,ATL,0,ATL,34.0,0.8891084403234509,1254.15554024269,1648.9811604006395,0.11191550012245649,0.8880844998775435,0.6910694698329306,0.7782168806469019,0.6910694698329306,1.6910694698329305,-5.677706563745093,5.677706563745093,1248.477833678945,1654.6588669643845
2025-26,2026-04-03,0022501123,NYK,CHI,1,NYK,40.0,0.9621702219318184,1619.7836050130666,1315.531777358988,0.8757614798264034,0.1242385201735966,0.7615941559557649,0.9243404438636369,0.7615941559557649,1.7615941559557649,6.565735532472004,-6.565735532472004,1626.3493405455386,1308.966041826516
2025-26,2026-04-03,0022501124,HOU,UTA,1,HOU,34.0,0.9343134118595884,1594.6846077478538,1234.7645618116123,0.9066450832756712,0.09335491672432883,0.6910694698329306,0.8686268237191768,0.6910694698329306,1.6910694698329305,4.736089485939243,-4.736089485939243,1599.420697233793,1230.0284723256732
2025-26,2026-04-03,0022501125,MEM,TOR,0,TOR,32.0,0.835716812644423,1276.7059590554704,1506.536859521676,0.24572633093627305,0.754273669063727,0.664036770267849,0.671433625288846,0.664036770267849,1.664036770267849,-12.266929503028932,12.266929503028932,1264.4390295524415,1518.8037890247049
2025-26,2026-04-03,0022501126,MIL,BOS,0,BOS,32.0,0.9391925711841604,1350.872055333454,1697.6968062610663,0.14245987891617903,0.8575401210838209,0.664036770267849,0.8783851423683209,0.664036770267849,1.664036770267849,-7.1117543041328215,7.1117543041328215,1343.7603010293212,1704.808560565199
2025-26,2026-04-03,0022501127,DAL,ORL,0,ORL,11.0,0.8086669516712409,1299.3862416868305,1488.971106376687,0.2911383040114327,0.7088616959885673,0.2682711820216014,0.6173339033424818,0.2682711820216014,1.2682711820216013,-11.077269628810322,11.077269628810322,1288.3089720580201,1500.0483760054974
2025-26,2026-04-03,0022501128,SAC,NOP,1,SAC,4.0,0.3881734825753503,1315.0686299130123,1416.0534812254723,0.4061656474943492,0.5938343525056509,0.09966799462495582,0.0,0.09966799462495582,1.099667994624956,19.59061894677895,-19.59061894677895,1334.6592488597912,1396.4628622786934
2025-26,2026-04-04,0022501129,MIA,WAS,1,MIA,16.0,0.9116479276907112,1505.682152423803,1228.5583564510864,0.8577502917016684,0.1422497082983316,0.3799489622552249,0.8232958553814225,0.3799489622552249,1.379948962255225,5.888920120421735,-5.888920120421735,1511.5710725442248,1222.6694363306647
2025-26,2026-04-04,0022501130,DEN,SAS,1,DEN,2.0,0.3130969669801072,1627.286859236391,1814.378314023295,0.2941093314063559,0.7058906685936441,0.04995837495787997,0.0,0.04995837495787997,1.04995837495788,22.23467457883542,-22.23467457883542,1649.5215338152263,1792.1436394444595
2025-26,2026-04-04,0022501131,PHI,DET,0,DET,23.0,0.816674723130911,1552.4736146882642,1692.2245691933315,0.35365879208879564,0.6463412079112043,0.5190218338982221,0.6333494462618221,0.5190218338982221,1.519021833898222,-16.11646280798857,16.11646280798857,1536.3571518802755,1708.34103200132
2025-26,2026-04-05,0022501132,BOS,TOR,1,BOS,14.0,0.6992022579411666,1704.808560565199,1518.8037890247049,0.7811200988734839,0.21887990112651612,0.3363755443363322,0.3984045158823333,0.3363755443363322,1.3363755443363323,8.775172410366919,-8.775172410366919,1713.583732975566,1510.028616614338
2025-26,2026-04-05,0022501133,BKN,WAS,1,BKN,6.0,0.6815992425402834,1248.477833678945,1222.6694363306647,0.5866275875147317,0.41337241248526835,0.14888503362331795,0.36319848508056674,0.14888503362331795,1.1488850336233178,14.247521340512685,-14.247521340512685,1262.7253550194578,1208.421914990152
2025-26,2026-04-05,0022501134,CHI,PHX,0,PHX,10.0,0.6880011539146976,1308.966041826516,1490.9565058855478,0.3002421295154223,0.6997578704845777,0.24491866240370913,0.37600230782939525,0.24491866240370913,1.2449186624037092,-11.213310908207422,11.213310908207422,1297.7527309183085,1502.1698167937552
2025-26,2026-04-05,0022501135,MIL,MEM,1,MIL,16.0,0.7768486389931705,1343.7603010293212,1264.4390295524415,0.6588303351277136,0.3411696648722864,0.3799489622552249,0.5536972779863409,0.3799489622552249,1.379948962255225,14.123901749804237,-14.123901749804237,1357.8842027791254,1250.3151278026373
2025-26,2026-04-05,0022501136,CLE,IND,1,CLE,9.0,0.6912819689853738,1630.4757369519552,1291.9365564999837,0.8956934788042039,0.10430652119579609,0.22127846789844396,0.3825639379707475,0.22127846789844396,1.2212784678984439,3.8216192519345524,-3.8216192519345524,1634.2973562038899,1288.114937248049
2025-26,2026-04-05,0022501137,MIN,CHA,0,CHA,14.0,0.5942286113459139,1552.5976904108234,1655.5249701121181,0.4034715750305168,0.5965284249694832,0.3363755443363322,0.18845722269182774,0.3363755443363322,1.3363755443363323,-16.175686371169327,16.175686371169327,1536.422004039654,1671.7006564832875
2025-26,2026-04-05,0022501138,NOP,ORL,0,ORL,4.0,0.4464301601435161,1396.4628622786934,1500.0483760054974,0.40255994048083027,0.5974400595191698,0.09966799462495582,0.0,0.09966799462495582,1.099667994624956,-13.280468473946888,13.280468473946888,1383.1823938047464,1513.3288444794443
2025-26,2026-04-05,0022501139,OKC,UTA,1,OKC,35.0,0.9609955984912814,1785.8847865636249,1230.0284723256732,0.9677433393513889,0.0322566606486111,0.703905603936621,0.9219911969825627,0.703905603936621,1.703905603936621,1.64886914530351,-1.64886914530351,1787.5336557089283,1228.3796031803697
2025-26,2026-04-05,0022501140,DAL,LAL,1,DAL,6.0,0.6346983827133146,1288.3089720580201,1661.9403542182527,0.12462764076990887,0.8753723592300912,0.14888503362331795,0.26939676542662916,0.14888503362331795,1.1488850336233178,30.171066071009587,-30.171066071009587,1318.4800381290297,1631.769288147243
2025-26,2026-04-05,0022501141,SAC,LAC,0,LAC,29.0,0.8597217362637479,1334.6592488597912,1550.1930702208842,0.26129739370340166,0.7387026062965983,0.619996867969374,0.7194434725274959,0.619996867969374,1.6199968679693741,-12.699028782242134,12.699028782242134,1321.9602200775491,1562.8920990031263
2025-26,2026-04-05,0022501142,GSW,HOU,0,HOU,1.0,0.7021246857743244,1409.395656651361,1599.420697233793,0.29061565179436033,0.7093843482056397,0.02499479296842069,0.4042493715486488,0.02499479296842069,1.0249947929684207,-8.93638589533029,8.93638589533029,1400.4592707560307,1608.357083129123
2025-26,2026-04-06,0022501143,ATL,NYK,0,NYK,3.0,0.4948728497895516,1654.6588669643845,1626.3493405455386,0.5901145474027288,0.40988545259727116,0.07485969068749909,0.0,0.07485969068749909,1.0748596906874992,-19.02871019674472,19.02871019674472,1635.6301567676398,1645.3780507422832
2025-26,2026-04-06,0022501144,ORL,DET,1,ORL,16.0,0.7184487054548744,1513.3288444794443,1708.34103200132,0.28473296055010766,0.7152670394498923,0.3799489622552249,0.43689741090974876,0.3799489622552249,1.379948962255225,29.61096026472738,-29.61096026472738,1542.9398047441716,1678.7300717365927
2025-26,2026-04-06,0022501145,MEM,CLE,0,CLE,16.0,0.7263018898432589,1250.3151278026373,1634.2973562038899,0.11827130857468429,0.8817286914253157,0.3799489622552249,0.4526037796865179,0.3799489622552249,1.379948962255225,-4.896251085966093,4.896251085966093,1245.4188767166713,1639.193607289856
2025-26,2026-04-06,0022501146,SAS,PHI,1,SAS,13.0,0.7337057705761658,1792.1436394444595,1536.3571518802755,0.8420953099104559,0.1579046900895441,0.3140209253469976,0.46741154115233163,0.3140209253469976,1.3140209253469977,6.224702009642809,-6.224702009642809,1798.3683414541024,1530.1324498706326
2025-26,2026-04-06,0022501147,DEN,POR,1,DEN,5.0,0.3908428230633338,1649.5215338152263,1531.2984145207597,0.7072412973621744,0.29275870263782555,0.12435300177159621,0.0,0.12435300177159621,1.1243530017715961,9.874923783167919,-9.874923783167919,1659.3964575983944,1521.4234907375917
2025-26,2026-04-07,0022501148,WAS,CHI,0,CHI,31.0,0.8833890924822937,1208.421914990152,1297.7527309183085,0.4224428280528067,0.5775571719471932,0.6498274636719203,0.7667781849645874,0.6498274636719203,1.6498274636719203,-20.908733386582657,20.908733386582657,1187.5131816035691,1318.6614643048913
2025-26,2026-04-07,0022501149,BOS,CHA,1,BOS,11.0,0.5963155339471996,1713.583732975566,1671.7006564832875,0.6088723266740196,0.3911276733259804,0.2682711820216014,0.1926310678943992,0.2682711820216014,1.2682711820216013,14.881678697114998,-14.881678697114998,1728.4654116726808,1656.8189777861726
2025-26,2026-04-07,0022501150,BKN,MIL,1,BKN,6.0,0.6564238937385379,1262.7253550194578,1357.8842027791254,0.41427942268437346,0.5857205773156265,0.14888503362331795,0.31284778747707587,0.14888503362331795,1.1488850336233178,20.18776815489398,-20.18776815489398,1282.9131231743518,1337.6964346242314
2025-26,2026-04-07,0022501151,TOR,MIA,1,TOR,26.0,0.8040696828708881,1510.028616614338,1511.5710725442248,0.5480009903984695,0.4519990096015305,0.5716699660851172,0.6081393657417762,0.5716699660851172,1.5716699660851172,21.31179804272832,-21.31179804272832,1531.3404146570663,1490.2592745014965
2025-26,2026-04-07,0022501152,IND,MIN,0,MIN,20.0,0.8858822394213329,1288.114937248049,1536.422004039654,0.22655020589094693,0.773449794109053,0.46211715726000974,0.7717644788426659,0.46211715726000974,1.4621171572600098,-9.937288290418238,9.937288290418238,1278.1776489576307,1546.3592923300723
2025-26,2026-04-07,0022501153,NOP,UTA,1,NOP,19.0,0.6775589944204937,1383.1823938047464,1228.3796031803697,0.7488696277071522,0.25113037229284785,0.44223035604572614,0.35511798884098744,0.44223035604572614,1.4422303560457261,10.865635387374292,-10.865635387374292,1394.0480291921208,1217.5139677929953
2025-26,2026-04-07,0022501154,GSW,SAC,1,GSW,5.0,0.7441918978343406,1400.4592707560307,1321.9602200775491,0.6577656677491188,0.3422343322508812,0.12435300177159621,0.4883837956686812,0.12435300177159621,1.1243530017715961,11.543765963267282,-11.543765963267282,1412.003036719298,1310.4164541142818
2025-26,2026-04-07,0022501155,LAL,OKC,0,OKC,36.0,0.7918667290506628,1631.769288147243,1787.5336557089283,0.3328827301060312,0.6671172698939688,0.7162978701990245,0.5837334581013256,0.7162978701990245,1.7162978701990244,-17.139777621210538,17.139777621210538,1614.6295105260326,1804.6734333301388
2025-26,2026-04-07,0022501156,LAC,DAL,1,LAC,13.0,0.8269646293090449,1562.8920990031263,1318.4800381290297,0.8331926195897782,0.1668073804102218,0.3140209253469976,0.6539292586180898,0.3140209253469976,1.3140209253469977,6.575651650840449,-6.575651650840449,1569.4677506539667,1311.9043864781893
2025-26,2026-04-07,0022501157,PHX,HOU,0,HOU,14.0,0.482417721315287,1502.1698167937552,1608.357083129123,0.3989632326583859,0.6010367673416142,0.3363755443363322,0.0,0.3363755443363322,1.3363755443363323,-15.994941216421,15.994941216421,1486.1748755773342,1624.3520243455441
2025-26,2026-04-08,0022501158,CLE,ATL,1,CLE,6.0,0.6721472267382261,1639.193607289856,1635.6301567676398,0.5552704791432006,0.4447295208567994,0.14888503362331795,0.34429445347645227,0.14888503362331795,1.1488850336233178,15.328292715685379,-15.328292715685379,1654.5219000055413,1620.3018640519545
2025-26,2026-04-08,0022501159,ORL,MIN,1,ORL,12.0,0.7020446267734385,1542.9398047441716,1546.3592923300723,0.5453232578325324,0.45467674216746756,0.2913126124515909,0.40408925354687697,0.2913126124515909,1.2913126124515908,17.613894352477526,-17.613894352477526,1560.553699096649,1528.7453979775948
2025-26,2026-04-08,0022501160,DET,MIL,1,DET,26.0,0.9041562946989306,1678.7300717365927,1337.6964346242314,0.8970274132793029,0.10297258672069709,0.5716699660851172,0.8083125893978611,0.5716699660851172,1.5716699660851172,4.855167656370443,-4.855167656370443,1683.585239392963,1332.841266967861
2025-26,2026-04-08,0022501161,SAS,POR,1,SAS,11.0,0.822277818671945,1798.3683414541024,1521.4234907375917,0.8576245590191114,0.1423754409808886,0.2682711820216014,0.6445556373438901,0.2682711820216014,1.2682711820216013,5.417120064710351,-5.417120064710351,1803.7854615188128,1516.0063706728813
2025-26,2026-04-08,0022501162,DEN,MEM,1,DEN,17.0,0.7948195169079636,1659.3964575983944,1245.4188767166713,0.9298588207801405,0.07014117921985952,0.4011342849479459,0.5896390338159272,0.4011342849479459,1.401134284947946,2.9483163297487076,-2.9483163297487076,1662.344773928143,1242.4705603869227
2025-26,2026-04-08,0022501163,LAC,OKC,0,OKC,18.0,0.8840441068443194,1569.4677506539667,1804.6734333301388,0.24003702163517995,0.7599629783648201,0.4218990052500079,0.7680882136886389,0.4218990052500079,1.4218990052500078,-10.23925206858711,10.23925206858711,1559.2284985853796,1814.912685398726
2025-26,2026-04-08,0022501164,PHX,DAL,1,PHX,5.0,0.7694825934391054,1486.1748755773342,1311.9043864781893,0.7693523386143859,0.2306476613856141,0.12435300177159621,0.5389651868782108,0.12435300177159621,1.1243530017715961,7.779881712915417,-7.779881712915417,1493.9547572902495,1304.124504765274
2025-26,2026-04-09,0022501165,TOR,MIA,1,TOR,14.0,0.7859399193732274,1531.3404146570663,1490.2592745014965,0.6077724147127457,0.3922275852872543,0.3363755443363322,0.5718798387464548,0.3363755443363322,1.3363755443363323,15.724900583759393,-15.724900583759393,1547.0653152408256,1474.5343739177372
2025-26,2026-04-09,0022501166,WAS,CHI,0,CHI,11.0,0.714816326155172,1187.5131816035691,1318.6614643048913,0.3650587892261375,0.6349412107738626,0.2682711820216014,0.429632652310344,0.2682711820216014,1.2682711820216013,-13.88980626357624,13.88980626357624,1173.623375339993,1332.5512705684675
2025-26,2026-04-09,0022501167,BKN,IND,0,IND,29.0,0.842795879275319,1282.9131231743518,1278.1776489576307,0.5569359194466571,0.4430640805533429,0.619996867969374,0.6855917585506379,0.619996867969374,1.6199968679693741,-27.067033354896846,27.067033354896846,1255.8460898194548,1305.2446823125276
2025-26,2026-04-09,0022501168,NYK,BOS,1,NYK,6.0,0.5303764261253592,1645.3780507422832,1728.4654116726808,0.4312352593284888,0.5687647406715113,0.14888503362331795,0.06075285225071836,0.14888503362331795,1.1488850336233178,19.603358946304404,-19.603358946304404,1664.9814096885875,1708.8620527263765
2025-26,2026-04-09,0022501169,HOU,PHI,1,HOU,11.0,0.8634190180276831,1624.3520243455441,1530.1324498706326,0.6778366609432768,0.32216333905672323,0.2682711820216014,0.7268380360553661,0.2682711820216014,1.2682711820216013,12.257714364884889,-12.257714364884889,1636.609738710429,1517.8747355057478
2025-26,2026-04-09,0022501170,GSW,LAL,0,LAL,16.0,0.7820971108075819,1412.003036719298,1614.6295105260326,0.27589110466564387,0.7241088953343562,0.3799489622552249,0.5641942216151639,0.3799489622552249,1.379948962255225,-11.421469307364088,11.421469307364088,1400.581567411934,1626.0509798333967
2025-26,2026-04-10,0022501171,CHA,DET,0,DET,18.0,0.740259591285204,1656.8189777861726,1683.585239392963,0.5118470842671158,0.4881529157328842,0.4218990052500079,0.48051918257040804,0.4218990052500079,1.4218990052500078,-21.833845798785866,21.833845798785866,1634.9851319873867,1705.419085191749
2025-26,2026-04-10,0022501172,WAS,MIA,0,MIA,23.0,0.872869205757098,1173.623375339993,1474.5343739177372,0.1778903028514637,0.8221096971485363,0.5190218338982221,0.7457384115141961,0.5190218338982221,1.519021833898222,-8.106577622104215,8.106577622104215,1165.5167977178887,1482.6409515398414
2025-26,2026-04-10,0022501173,ATL,CLE,1,ATL,22.0,0.7489223061450241,1620.3018640519545,1654.5219000055413,0.5011224566058675,0.4988775433941325,0.5005202111902353,0.49784461229004817,0.5005202111902353,1.5005202111902354,22.457275103154885,-22.457275103154885,1642.7591391551093,1632.0646249023864
2025-26,2026-04-10,0022501174,BOS,NOP,1,BOS,26.0,0.9578896575565968,1708.8620527263765,1394.0480291921208,0.8822271080770233,0.11777289192297669,0.5716699660851172,0.9157793151131937,0.5716699660851172,1.5716699660851172,5.553003511629928,-5.553003511629928,1714.4150562380064,1388.495025680491
2025-26,2026-04-10,0022501175,IND,PHI,0,PHI,11.0,0.7635160844416046,1305.2446823125276,1517.8747355057478,0.2645366738040221,0.7354633261959779,0.2682711820216014,0.5270321688832091,0.2682711820216014,1.2682711820216013,-10.065127199204698,10.065127199204698,1295.179555113323,1527.9398627049525
2025-26,2026-04-10,0022501176,NYK,TOR,1,NYK,17.0,0.838419103645202,1664.9814096885875,1547.0653152408256,0.7068752261028619,0.2931247738971381,0.4011342849479459,0.676838207290404,0.4011342849479459,1.401134284947946,12.321215114246847,-12.321215114246847,1677.3026248028343,1534.7441001265788
2025-26,2026-04-10,0022501177,CHI,ORL,0,ORL,24.0,0.7955875343152023,1332.5512705684675,1560.553699096649,0.24768240146017645,0.7523175985398236,0.5370495669980352,0.5911750686304047,0.5370495669980352,1.5370495669980353,-11.421003837521932,11.421003837521932,1321.1302667309456,1571.974702934171
2025-26,2026-04-10,0022501178,HOU,MIN,0,MIN,4.0,0.5130486029536567,1636.609738710429,1528.7453979775948,0.6947441250523488,0.30525587494765116,0.09966799462495582,0.02609720590731346,0.09966799462495582,1.099667994624956,-22.91963636321358,22.91963636321358,1613.6901023472153,1551.6650343408085
2025-26,2026-04-10,0022501179,MIL,BKN,1,MIL,17.0,0.9069919084612694,1332.841266967861,1255.8460898194548,0.6558142393198443,0.3441857606801557,0.4011342849479459,0.8139838169225388,0.4011342849479459,1.401134284947946,14.467514090395644,-14.467514090395644,1347.3087810582567,1241.378575729059
2025-26,2026-04-10,0022501180,SAS,DAL,1,SAS,19.0,0.8833492149412633,1803.7854615188128,1304.124504765274,0.9559658142466596,0.044034185753340394,0.44223035604572614,0.7666984298825266,0.44223035604572614,1.4422303560457261,1.9052231819167127,-1.9052231819167127,1805.6906847007294,1302.2192815833573
2025-26,2026-04-10,0022501181,UTA,MEM,1,UTA,46.0,0.8297756371605728,1217.5139677929953,1242.4705603869227,0.5144496004986288,0.48555039950137124,0.8177540779702877,0.6595512743211456,0.8177540779702877,1.8177540779702877,26.478336562611595,-26.478336562611595,1243.9923043556068,1215.9922238243112
2025-26,2026-04-10,0022501182,DEN,OKC,1,DEN,20.0,0.7365063092505766,1662.344773928143,1814.912685398726,0.3369814016139392,0.6630185983860608,0.46211715726000974,0.47301261850115317,0.46211715726000974,1.4621171572600098,29.0823260484823,-29.0823260484823,1691.4270999766254,1785.8303593502435
2025-26,2026-04-10,0022501183,POR,LAC,1,POR,19.0,0.7063434142764244,1516.0063706728813,1559.2284985853796,0.48816961519041885,0.5118303848095811,0.44223035604572614,0.4126868285528489,0.44223035604572614,1.4422303560457261,22.145319543568295,-22.145319543568295,1538.1516902164497,1537.0831790418113
2025-26,2026-04-10,0022501184,SAC,GSW,1,SAC,6.0,0.5413366225222126,1310.4164541142818,1400.581567411934,0.4212715043667966,0.5787284956332034,0.14888503362331795,0.08267324504442519,0.14888503362331795,1.1488850336233178,19.94677521492975,-19.94677521492975,1330.3632293292117,1380.6347921970041
2025-26,2026-04-10,0022501185,LAL,PHX,1,LAL,28.0,0.8148213828955259,1626.0509798333967,1493.9547572902495,0.7234986902253531,0.27650130977464693,0.6043677771171634,0.6296427657910517,0.6043677771171634,1.6043677771171634,13.308293751994036,-13.308293751994036,1639.3592735853908,1480.6464635382554
2025-26,2026-04-12,0022501186,BOS,ORL,1,BOS,5.0,0.61846633170007,1714.4150562380064,1571.974702934171,0.7352508152401043,0.26474918475989573,0.12435300177159621,0.23693266340014008,0.12435300177159621,1.1243530017715961,8.93014621804115,-8.93014621804115,1723.3452024560474,1563.04455671613
2025-26,2026-04-12,0022501187,CLE,WAS,1,CLE,13.0,0.8979963351641262,1632.0646249023864,1165.5167977178887,0.94720711639396,0.05279288360603995,0.3140209253469976,0.7959926703282525,0.3140209253469976,1.3140209253469977,2.081128613032349,-2.081128613032349,1634.1457535154188,1163.4356691048563
2025-26,2026-04-12,0022501188,IND,DET,0,DET,12.0,0.9415756828969138,1295.179555113323,1705.419085191749,0.10339559633891901,0.896604403661081,0.2913126124515909,0.8831513657938277,0.2913126124515909,1.2913126124515908,-4.005481128731989,4.005481128731989,1291.174073984591,1709.424566320481
2025-26,2026-04-12,0022501189,MIA,ATL,1,MIA,26.0,0.7971397873200478,1482.6409515398414,1642.7591391551093,0.327340535312095,0.6726594646879049,0.5716699660851172,0.5942795746400955,0.5716699660851172,1.5716699660851172,31.71596034158618,-31.71596034158618,1514.3569118814275,1611.0431788135231
2025-26,2026-04-12,0022501190,NYK,CHA,0,CHA,14.0,0.682000040301678,1677.3026248028343,1634.9851319873867,0.609467698340912,0.39053230165908803,0.3363755443363322,0.3640000806033561,0.3363755443363322,1.3363755443363323,-24.434331813772435,24.434331813772435,1652.868292989062,1659.419463801159
2025-26,2026-04-12,0022501191,PHI,MIL,1,PHI,20.0,0.7879322161008088,1527.9398627049525,1347.3087810582567,0.7757853963237624,0.22421460367623758,0.46211715726000974,0.5758644322016175,0.46211715726000974,1.4621171572600098,9.834840568298407,-9.834840568298407,1537.774703273251,1337.4739404899583
2025-26,2026-04-12,0022501192,TOR,BKN,1,TOR,35.0,0.8985638415337437,1534.7441001265788,1241.378575729059,0.8687810578244813,0.13121894217551866,0.703905603936621,0.7971276830674874,0.703905603936621,1.703905603936621,6.70754072746505,-6.70754072746505,1541.451640854044,1234.671035001594
2025-26,2026-04-12,0022501193,DAL,CHI,1,DAL,21.0,0.8916738666614724,1302.2192815833573,1321.1302667309456,0.5231374171664636,0.47686258283353644,0.48154979836430795,0.7833477333229448,0.48154979836430795,1.481549798364308,21.19486990333527,-21.19486990333527,1323.4141514866926,1299.9353968276102
2025-26,2026-04-12,0022501194,HOU,MEM,1,HOU,31.0,0.9182554136278728,1613.6901023472153,1215.9922238243112,0.9234949946923947,0.07650500530760529,0.6498274636719203,0.8365108272557455,0.6498274636719203,1.6498274636719203,3.7866017659455973,-3.7866017659455973,1617.4767041131608,1212.2056220583656
2025-26,2026-04-12,0022501195,MIN,NOP,1,MIN,6.0,0.8465953510275319,1551.6650343408085,1388.495025680491,0.7578188310021743,0.2421811689978257,0.14888503362331795,0.6931907020550638,0.14888503362331795,1.1488850336233178,8.347149614610041,-8.347149614610041,1560.0121839554185,1380.1478760658808
2025-26,2026-04-12,0022501196,OKC,PHX,0,PHX,32.0,0.77879765469142,1785.8303593502435,1480.6464635382554,0.8763440788212598,0.12365592117874025,0.664036770267849,0.5575953093828401,0.664036770267849,1.664036770267849,-43.748063116952466,43.748063116952466,1742.0822962332911,1524.3945266552078
2025-26,2026-04-12,0022501197,SAS,DEN,0,DEN,10.0,0.6983844545889748,1805.6906847007294,1691.4270999766254,0.7024998090965513,0.2975001909034487,0.24491866240370913,0.3967689091779496,0.24491866240370913,1.2449186624037092,-26.23665368038019,26.23665368038019,1779.4540310203492,1717.6637536570056
2025-26,2026-04-12,0022501198,LAL,UTA,1,LAL,24.0,0.9320077787629432,1639.3592735853908,1243.9923043556068,0.922541597710884,0.07745840228911605,0.5370495669980352,0.8640155575258863,0.5370495669980352,1.5370495669980353,3.5717221109653634,-3.5717221109653634,1642.9309956963561,1240.4205822446415
2025-26,2026-04-12,0022501199,LAC,GSW,1,LAC,5.0,0.682438654365639,1537.0831790418113,1380.6347921970041,0.7506469187568907,0.2493530812431093,0.12435300177159621,0.364877308731278,0.12435300177159621,1.1243530017715961,8.410826561900599,-8.410826561900599,1545.494005603712,1372.2239656351035
2025-26,2026-04-12,0022501200,POR,SAC,1,POR,12.0,0.8689895080092053,1538.1516902164497,1330.3632293292117,0.8018032019406582,0.19819679805934176,0.2913126124515909,0.7379790160184105,0.2913126124515909,1.2913126124515908,7.67802075244647,-7.67802075244647,1545.829710968896,1322.6852085767653
