season,gameDate,gameId,team,opponent,isHome,teamWin,ratingBefore,ratingAfter,ratingChange,opponentRatingBefore,pregameWinProbability,winnerMargin,signedMargin,marginDominance,dominanceMultiplier,teamGameNumber
2019-20,2019-10-24,0021900014,ATL,DET,0,1,1500.0,1524.3258939977252,24.325893997725128,1520.1583986954058,0.4212809279107541,17.0,17.0,0.4011342849479459,1.401134284947946,1
2019-20,2019-10-26,0021900028,ATL,ORL,1,1,1524.3258939977252,1538.7969889387864,14.47109494106127,1516.4799553415476,0.5613495766663444,4.0,4.0,0.0996679946249558,1.099667994624956,2
2019-20,2019-10-28,0021900043,ATL,PHI,1,0,1538.7969889387864,1521.3365521901237,-17.460436748662843,1535.9009348966729,0.5543215542350519,2.0,-2.0,0.0499583749578799,1.04995837495788,3
2019-20,2019-10-29,0021900052,ATL,MIA,0,0,1521.3365521901237,1503.065050192408,-18.27150199771548,1522.339347011442,0.4483724734962817,15.0,-15.0,0.3583573983507859,1.358357398350786,4
2019-20,2019-10-31,0021900066,ATL,MIA,1,0,1503.065050192408,1484.8801026728115,-18.184947519596623,1540.6108490091574,0.4963363665642662,9.0,-9.0,0.2212784678984439,1.221278467898444,5
2019-20,2019-11-05,0021900099,ATL,SAS,1,1,1484.8801026728115,1503.2358676892525,18.35576501644091,1527.5249453477663,0.488999962211984,8.0,8.0,0.197375320224904,1.197375320224904,6
2019-20,2019-11-06,0021900105,ATL,CHI,1,0,1503.2358676892525,1475.006907067489,-28.22896062176342,1435.5921123262206,0.6435635813358066,20.0,-20.0,0.4621171572600097,1.4621171572600098,7
2019-20,2019-11-08,0021900119,ATL,SAC,1,0,1475.006907067489,1451.7857890254015,-23.221118042087408,1439.9908698977206,0.5994189637782986,12.0,-12.0,0.2913126124515909,1.2913126124515908,8
2019-20,2019-11-10,0021900138,ATL,POR,0,0,1451.7857890254015,1434.8455832755988,-16.940205749802864,1454.9965724240906,0.4452309040826343,11.0,-11.0,0.2682711820216014,1.2682711820216013,9
2019-20,2019-11-12,0021900150,ATL,DEN,0,1,1434.8455832755988,1459.0279489191514,24.182365643552675,1575.3006001790186,0.2669797986982388,4.0,4.0,0.0996679946249558,1.099667994624956,10
2019-20,2019-11-14,0021900165,ATL,PHX,0,0,1459.0279489191514,1444.9035163866408,-14.124432532510648,1538.339311418189,0.3411824861847873,16.0,-16.0,0.3799489622552249,1.379948962255225,11
2019-20,2019-11-16,0021900182,ATL,LAC,0,0,1444.9035163866408,1426.360878816739,-18.54263756990195,1528.4589661235996,0.335712471149446,49.0,-49.0,0.8411229016320433,1.8411229016320432,12
2019-20,2019-11-17,0021900188,ATL,LAL,0,0,1426.360878816739,1417.0215168793134,-9.339361937425643,1621.3921372091895,0.2101259538657128,21.0,-21.0,0.4815497983643079,1.481549798364308,13
2019-20,2019-11-20,0021900204,ATL,MIL,1,0,1417.0215168793134,1407.5576102131215,-9.463906666191864,1630.6118937781528,0.2634625503058431,8.0,-8.0,0.197375320224904,1.197375320224904,14
2019-20,2019-11-22,0021900215,ATL,DET,0,0,1407.5576102131215,1385.8860820582618,-21.6715281548598,1397.1446073103498,0.4646754154419633,25.0,-25.0,0.5545997223493823,1.5545997223493822,15
2019-20,2019-11-23,0021900228,ATL,TOR,1,0,1385.8860820582618,1377.0926545302175,-8.793427528044301,1591.297451085046,0.2727000123591285,3.0,-3.0,0.074859690687499,1.0748596906874992,16
2019-20,2019-11-25,0021900243,ATL,MIN,1,0,1377.0926545302175,1361.1130276391843,-15.979626891033217,1473.5330068818762,0.4124905344878876,12.0,-12.0,0.2913126124515909,1.2913126124515908,17
2019-20,2019-11-27,0021900261,ATL,MIL,0,0,1361.1130276391843,1356.5613549640182,-4.55167267516612,1665.3745390262852,0.1242324551636604,9.0,-9.0,0.2212784678984439,1.221278467898444,18
2019-20,2019-11-29,0021900272,ATL,IND,0,0,1356.5613549640182,1351.0039580724592,-5.557396891558846,1584.1209301547012,0.180729272307307,1.0,-1.0,0.0249947929684206,1.0249947929684209,19
2019-20,2019-11-30,0021900282,ATL,HOU,0,0,1351.0039580724592,1341.151731173277,-9.852226899182142,1579.5808934965405,0.1798637587419107,47.0,-47.0,0.8258684551194575,1.8258684551194575,20
2019-20,2019-12-02,0021900295,ATL,GSW,1,1,1341.151731173277,1362.983270694504,21.831539521226883,1353.959614014885,0.5318936613849798,25.0,25.0,0.5545997223493823,1.5545997223493822,21
2019-20,2019-12-04,0021900309,ATL,BKN,1,0,1362.983270694504,1349.569728921621,-13.413541772883075,1508.3914044689282,0.3462508263179101,12.0,-12.0,0.2913126124515909,1.2913126124515908,22
2019-20,2019-12-08,0021900336,ATL,CHA,0,1,1349.569728921621,1374.800165115267,25.230436193646128,1398.9797471947938,0.3808591606234853,15.0,15.0,0.3583573983507859,1.358357398350786,23
2019-20,2019-12-10,0021900354,ATL,MIA,0,0,1374.800165115267,1368.258079848248,-6.5420852670187095,1623.7864544092386,0.1631798111128416,14.0,-14.0,0.3363755443363322,1.3363755443363323,24
2019-20,2019-12-11,0021900361,ATL,CHI,0,0,1368.258079848248,1346.653324634966,-21.60475521328228,1385.1586036513006,0.4258598005323563,34.0,-34.0,0.6910694698329306,1.6910694698329305,25
2019-20,2019-12-13,0021900373,ATL,IND,1,0,1346.653324634966,1337.8060214367763,-8.847303198189302,1584.8684688104524,0.2368910640610791,10.0,-10.0,0.2449186624037091,1.2449186624037092,26
2019-20,2019-12-15,0021900390,ATL,LAL,1,0,1337.8060214367763,1334.011802154206,-3.7942192825705576,1731.6367103247485,0.1124860038496855,5.0,-5.0,0.1243530017715962,1.124353001771596,27
2019-20,2019-12-17,0021900403,ATL,NYK,0,0,1334.011802154206,1314.045093120421,-19.96670903378504,1342.2119673924194,0.4381483879562382,23.0,-23.0,0.5190218338982221,1.519021833898222,28
2019-20,2019-12-19,0021900416,ATL,UTA,1,0,1314.045093120421,1305.4227404814592,-8.622352638961633,1534.7212714280272,0.2556241271017124,5.0,-5.0,0.1243530017715962,1.124353001771596,29
2019-20,2019-12-21,0021900431,ATL,BKN,0,0,1305.4227404814592,1298.463154962613,-6.959585518846044,1526.4700906473945,0.1863464585819704,10.0,-10.0,0.2449186624037091,1.2449186624037092,30
2019-20,2019-12-23,0021900444,ATL,CLE,0,0,1298.463154962613,1287.0990604381632,-11.36409452444992,1369.155529185383,0.3524210221082048,3.0,-3.0,0.074859690687499,1.0748596906874992,31
2019-20,2019-12-27,0021900469,ATL,MIL,1,0,1287.0990604381632,1282.9037340609077,-4.195326377255506,1726.1973291155512,0.0889781032868639,26.0,-26.0,0.5716699660851172,1.5716699660851172,32
2019-20,2019-12-28,0021900477,ATL,CHI,0,0,1282.9037340609077,1269.401251394566,-13.502482666341653,1425.8812564619031,0.2641477054273854,35.0,-35.0,0.703905603936621,1.703905603936621,33
2019-20,2019-12-30,0021900491,ATL,ORL,0,1,1269.401251394566,1298.2023300477667,28.801078653200708,1477.1683402641763,0.1982163496351621,8.0,8.0,0.197375320224904,1.197375320224904,34
2019-20,2020-01-03,0021900517,ATL,BOS,0,0,1298.2023300477667,1295.179283923171,-3.0230461245958646,1657.3128215862116,0.0937501006189397,3.0,-3.0,0.074859690687499,1.0748596906874992,35
2019-20,2020-01-04,0021900526,ATL,IND,1,1,1295.179283923171,1322.6974858887547,27.51820196558371,1588.723874126561,0.1841766799150436,5.0,5.0,0.1243530017715962,1.124353001771596,36
2019-20,2020-01-06,0021900543,ATL,DEN,1,0,1322.6974858887547,1315.3169768890275,-7.380508999727064,1592.6491164898778,0.2054635355365093,8.0,-8.0,0.197375320224904,1.197375320224904,37
2019-20,2020-01-08,0021900558,ATL,HOU,1,0,1315.3169768890275,1309.2170329708497,-6.099943918178354,1621.7265872374005,0.173308362421179,7.0,-7.0,0.1732351578346601,1.17323515783466,38
2019-20,2020-01-10,0021900567,ATL,WAS,0,0,1309.2170329708497,1296.795815894246,-12.421217076603488,1395.2147976080073,0.3325844344084938,10.0,-10.0,0.2449186624037091,1.2449186624037092,39
2019-20,2020-01-12,0021900586,ATL,BKN,0,0,1296.795815894246,1284.8907377961757,-11.905078098070696,1439.4893601704007,0.2644655724347626,22.0,-22.0,0.5005202111902353,1.5005202111902354,40
2019-20,2020-01-14,0021900598,ATL,PHX,1,1,1284.8907377961757,1309.9696256468508,25.078887850675372,1416.97331024593,0.3638130776836066,13.0,13.0,0.3140209253469976,1.3140209253469977,41
2019-20,2020-01-17,0021900624,ATL,SAS,0,1,1309.9696256468508,1334.5603470161548,24.590721369303928,1515.470598717657,0.2002976815752614,1.0,1.0,0.0249947929684206,1.0249947929684209,42
2019-20,2020-01-18,0021900629,ATL,DET,1,0,1334.5603470161548,1310.7909760682787,-23.769370947876148,1388.8712624495615,0.4722379411064762,33.0,-33.0,0.6777821008468294,1.6777821008468294,43
2019-20,2020-01-20,0021900640,ATL,TOR,1,0,1310.7909760682787,1304.8837599723438,-5.90721609593485,1615.0017498706154,0.1751293436203486,5.0,-5.0,0.1243530017715962,1.124353001771596,44
2019-20,2020-01-22,0021900656,ATL,LAC,1,1,1304.8837599723438,1334.9516804829636,30.067920510619835,1647.107491641361,0.1457262337156224,7.0,7.0,0.1732351578346601,1.17323515783466,45
2019-20,2020-01-24,0021900677,ATL,OKC,0,0,1334.9516804829636,1328.015397888652,-6.936282594311787,1611.403784003229,0.1427221400126582,29.0,-29.0,0.619996867969374,1.619996867969374,46
2019-20,2020-01-26,0021900687,ATL,WAS,1,1,1328.015397888652,1352.0148046033007,23.99940671464872,1401.1654173500397,0.4453173028371201,19.0,19.0,0.4422303560457261,1.442230356045726,47
2019-20,2020-01-28,0021900703,ATL,TOR,0,0,1352.0148046033007,1346.8781361875062,-5.136668415794582,1656.5219373122563,0.1240787052346201,16.0,-16.0,0.3799489622552249,1.379948962255225,48
2019-20,2020-01-30,0021900716,ATL,PHI,1,1,1346.8781361875062,1376.4586455514848,29.5805093639785,1614.1779436952218,0.2079667462808648,10.0,10.0,0.2449186624037091,1.2449186624037092,49
2019-20,2020-02-01,0021900733,ATL,DAL,0,0,1376.4586455514848,1366.4363303477526,-10.02231520373222,1561.3991518523717,0.2199291451923426,23.0,-23.0,0.5190218338982221,1.519021833898222,50
2019-20,2020-02-03,0021900745,ATL,BOS,1,0,1366.4363303477526,1358.9394247832436,-7.496905564508896,1632.959755812821,0.2087038607939223,8.0,-8.0,0.197375320224904,1.197375320224904,51
2019-20,2020-02-05,0021900759,ATL,MIN,0,1,1358.9394247832436,1375.1689892703348,16.229564487091285,1296.8582233608745,0.5388942452922281,7.0,7.0,0.1732351578346601,1.17323515783466,52
2019-20,2020-02-07,0021900771,ATL,BOS,0,0,1375.1689892703348,1370.2994704941734,-4.86951877616146,1649.2995503208156,0.1443650635369485,5.0,-5.0,0.1243530017715962,1.124353001771596,53
2019-20,2020-02-09,0021900787,ATL,NYK,1,1,1370.2994704941734,1387.9963732886438,17.69690279447029,1422.44501332943,0.4753455908542953,5.0,5.0,0.1243530017715962,1.124353001771596,54
2019-20,2020-02-10,0021900795,ATL,ORL,0,0,1387.9963732886438,1373.0449350925642,-14.951438196079494,1417.6023029575838,0.4080816016188807,9.0,-9.0,0.2212784678984439,1.221278467898444,55
2019-20,2020-02-12,0021900807,ATL,CLE,0,0,1373.0449350925642,1344.6893666808326,-28.355568411731625,1245.659986356634,0.6299052866303293,22.0,-22.0,0.5005202111902353,1.5005202111902354,56
2019-20,2020-02-20,0021900821,ATL,MIA,1,1,1344.6893666808326,1369.3753453439613,24.68597866312873,1554.1135416983273,0.268142697052377,5.0,5.0,0.1243530017715962,1.124353001771596,57
2019-20,2020-02-22,0021900837,ATL,DAL,1,1,1369.3753453439613,1393.2172863748783,23.84194103091705,1570.7796504436913,0.2772988105666567,4.0,4.0,0.0996679946249558,1.099667994624956,58
2019-20,2020-02-24,0021900850,ATL,PHI,0,0,1393.2172863748783,1384.2711687221947,-8.946117652683586,1585.4311832356484,0.2128303653401774,17.0,-17.0,0.4011342849479459,1.401134284947946,59
2019-20,2020-02-26,0021900867,ATL,ORL,1,0,1384.2711687221947,1367.0882274018418,-17.18294132035284,1447.0681703279106,0.4600820342531652,10.0,-10.0,0.2449186624037091,1.2449186624037092,60
2019-20,2020-02-28,0021900878,ATL,BKN,1,1,1367.0882274018418,1393.8545648516354,26.766337449793475,1463.4207761928049,0.4126409321999059,23.0,23.0,0.5190218338982221,1.519021833898222,61
2019-20,2020-02-29,0021900888,ATL,POR,1,1,1393.8545648516354,1415.4685271363535,21.61396228471809,1469.291867712628,0.4420673951888531,12.0,12.0,0.2913126124515909,1.2913126124515908,62
2019-20,2020-03-02,0021900905,ATL,MEM,1,0,1415.4685271363535,1394.888179037027,-20.580348099326596,1526.8564848249418,0.3918066336347592,39.0,-39.0,0.7508932836251672,1.7508932836251672,63
2019-20,2020-03-06,0021900930,ATL,WAS,0,0,1394.888179037027,1378.7228388596047,-16.165340177422117,1381.4461694282306,0.469015312072911,6.0,-6.0,0.1488850336233179,1.1488850336233178,64
2019-20,2020-03-07,0021900943,ATL,MEM,0,0,1378.7228388596047,1368.7740635240723,-9.948775335532508,1547.1371778015496,0.2366838411423717,17.0,-17.0,0.4011342849479459,1.401134284947946,65
2019-20,2020-03-09,0021900957,ATL,CHA,1,1,1368.7740635240723,1384.3792590709622,15.605195546889906,1377.7667624020469,0.5373577656868306,5.0,5.0,0.1243530017715962,1.124353001771596,66
2019-20,2020-03-11,0021900969,ATL,NYK,1,0,1384.3792590709622,1364.6026067071466,-19.77665236381561,1358.79685898997,0.586312078521436,5.0,-5.0,0.1243530017715962,1.124353001771596,67
2019-20,2019-10-23,0021900006,BKN,MIN,1,0,1500.0,1483.081455834616,-16.91854416538404,1500.0,0.550199353253537,1.0,-1.0,0.0249947929684206,1.0249947929684209,1
2019-20,2019-10-25,0021900019,BKN,NYK,1,1,1483.081455834616,1497.9410124569706,14.859556622354594,1483.5200446584524,0.5495744565636687,4.0,4.0,0.0996679946249558,1.099667994624956,2
2019-20,2019-10-27,0021900037,BKN,MEM,0,0,1497.9410124569706,1482.4829943735338,-15.458018083436896,1461.063223785386,0.5027023288144368,1.0,-1.0,0.0249947929684206,1.0249947929684209,3
2019-20,2019-10-30,0021900059,BKN,IND,1,0,1482.4829943735338,1460.1976087666087,-22.285385606925026,1449.4300003016174,0.5967025873507281,10.0,-10.0,0.2449186624037091,1.2449186624037092,4
2019-20,2019-11-01,0021900069,BKN,HOU,1,1,1460.1976087666087,1479.3232757346984,19.125666968089615,1525.42289253862,0.4566117218595169,7.0,7.0,0.1732351578346601,1.17323515783466,5
2019-20,2019-11-02,0021900078,BKN,DET,0,0,1479.3232757346984,1463.559314629612,-15.763961105086226,1459.7317050259817,0.4778400142024247,4.0,-4.0,0.0996679946249558,1.099667994624956,6
2019-20,2019-11-04,0021900092,BKN,NOP,1,1,1463.559314629612,1479.029877686488,15.47056305687606,1438.3666813156603,0.5857677687685168,10.0,10.0,0.2449186624037091,1.2449186624037092,7
2019-20,2019-11-08,0021900125,BKN,POR,0,1,1479.029877686488,1496.890379535723,17.860501849234968,1472.8570742733257,0.45860926702317,4.0,4.0,0.0996679946249558,1.099667994624956,8
2019-20,2019-11-10,0021900137,BKN,PHX,0,0,1496.890379535723,1478.407519528747,-18.48286000697639,1538.1370566230578,0.3920004497512385,26.0,-26.0,0.5716699660851172,1.5716699660851172,9
2019-20,2019-11-12,0021900152,BKN,UTA,0,0,1478.407519528747,1467.1267606507856,-11.28075887796099,1562.957424719349,0.3344370454292785,5.0,-5.0,0.1243530017715962,1.124353001771596,10
2019-20,2019-11-14,0021900166,BKN,DEN,0,0,1467.1267606507856,1455.0876442496688,-12.039116401116967,1551.118234535466,0.3351529576890352,8.0,-8.0,0.197375320224904,1.197375320224904,11
2019-20,2019-11-16,0021900175,BKN,CHI,0,1,1455.0876442496688,1473.7377594507846,18.650115201115753,1448.7168025347987,0.4588923273347435,6.0,6.0,0.1488850336233179,1.1488850336233178,12
2019-20,2019-11-18,0021900190,BKN,IND,1,0,1473.7377594507846,1450.1488715000994,-23.5888879506852,1518.9073205918164,0.4853690032181623,29.0,-29.0,0.619996867969374,1.619996867969374,13
2019-20,2019-11-20,0021900205,BKN,CHA,1,1,1450.1488715000994,1466.6667342516798,16.51786275158051,1444.8572307699485,0.5577257842776772,10.0,10.0,0.2449186624037091,1.2449186624037092,14
2019-20,2019-11-22,0021900217,BKN,SAC,1,1,1466.6667342516798,1488.7407557688125,22.07402151713268,1508.7432521384435,0.4898174801595792,19.0,19.0,0.4422303560457261,1.442230356045726,15
2019-20,2019-11-24,0021900236,BKN,NYK,0,1,1488.7407557688125,1501.2209242144502,12.480168445637688,1380.5576739104145,0.6037884693559609,2.0,2.0,0.0499583749578799,1.04995837495788,16
2019-20,2019-11-25,0021900240,BKN,CLE,0,1,1501.2209242144502,1514.4328382245808,13.211914010130618,1409.7517797882324,0.580557530493828,2.0,2.0,0.0499583749578799,1.04995837495788,17
2019-20,2019-11-27,0021900253,BKN,BOS,0,0,1514.4328382245808,1502.14829815839,-12.284540066190816,1608.091865835527,0.3228683854665183,11.0,-11.0,0.2682711820216014,1.2682711820216013,18
2019-20,2019-11-29,0021900267,BKN,BOS,1,1,1502.14829815839,1522.978125251084,20.82982709269424,1620.3764059017178,0.3824647876045586,5.0,5.0,0.1243530017715962,1.124353001771596,19
2019-20,2019-12-01,0021900284,BKN,MIA,1,0,1522.978125251084,1508.3914044689282,-14.586720782155911,1591.182187960867,0.452360461820711,3.0,-3.0,0.074859690687499,1.0748596906874992,20
2019-20,2019-12-04,0021900309,BKN,ATL,0,1,1508.3914044689282,1521.8049462418112,13.413541772883075,1362.983270694504,0.65374917368209,12.0,12.0,0.2913126124515909,1.2913126124515908,21
2019-20,2019-12-06,0021900320,BKN,CHA,0,1,1521.8049462418112,1535.714955387001,13.910009145189948,1412.8897563399837,0.6047962180386052,7.0,7.0,0.1732351578346601,1.17323515783466,22
2019-20,2019-12-08,0021900335,BKN,DEN,1,1,1535.714955387001,1552.7955622834934,17.080606896492224,1591.3772028758697,0.4702996417586012,3.0,3.0,0.074859690687499,1.0748596906874992,23
2019-20,2019-12-11,0021900360,BKN,CHA,1,0,1552.7955622834934,1527.3339783553563,-25.46158392813715,1392.4227209368355,0.7548514238268109,5.0,-5.0,0.1243530017715962,1.124353001771596,24
2019-20,2019-12-14,0021900381,BKN,TOR,0,0,1527.3339783553563,1513.5300025576876,-13.80397579766862,1574.2250190221491,0.3842842914972783,8.0,-8.0,0.197375320224904,1.197375320224904,25
2019-20,2019-12-15,0021900391,BKN,PHI,1,1,1513.5300025576876,1541.890404695079,28.36040213739152,1653.4473960968471,0.353439816215125,20.0,20.0,0.4621171572600097,1.4621171572600098,26
2019-20,2019-12-17,0021900404,BKN,NOP,0,1,1541.890404695079,1551.554654914135,9.664250219056036,1338.1182629439763,0.7254244625918951,7.0,7.0,0.1732351578346601,1.17323515783466,27
2019-20,2019-12-19,0021900418,BKN,SAS,0,0,1551.554654914135,1526.4700906473945,-25.08456426674064,1419.363996635919,0.6363309184013813,13.0,-13.0,0.3140209253469976,1.3140209253469977,28
2019-20,2019-12-21,0021900431,BKN,ATL,1,1,1526.4700906473945,1533.4296761662404,6.959585518846044,1305.4227404814592,0.8136535414180296,10.0,10.0,0.2449186624037091,1.2449186624037092,29
2019-20,2019-12-26,0021900461,BKN,NYK,1,0,1533.4296761662404,1502.644856251108,-30.784819915132392,1333.3414603400654,0.7946647883269362,12.0,-12.0,0.2913126124515909,1.2913126124515908,30
2019-20,2019-12-28,0021900478,BKN,HOU,0,0,1502.644856251108,1490.6969385845975,-11.947917666510325,1598.6590073426382,0.3199116008495176,10.0,-10.0,0.2449186624037091,1.2449186624037092,31
2019-20,2019-12-30,0021900494,BKN,MIN,0,0,1490.6969385845975,1467.6896165743908,-23.007322010206792,1345.348183528481,0.6536717967853789,7.0,-7.0,0.1732351578346601,1.17323515783466,32
2019-20,2020-01-02,0021900513,BKN,DAL,0,0,1467.6896165743908,1457.0975130864808,-10.59210348790996,1602.4712722339575,0.2734195522131178,12.0,-12.0,0.2913126124515909,1.2913126124515908,33
2019-20,2020-01-04,0021900524,BKN,TOR,1,0,1457.0975130864808,1441.712835696903,-15.38467738957768,1595.3931782613076,0.3555760544790046,19.0,-19.0,0.4422303560457261,1.442230356045726,34
2019-20,2020-01-06,0021900540,BKN,ORL,0,0,1441.712835696903,1426.5989144792577,-15.11392121764535,1484.3140624264372,0.3901436174816253,12.0,-12.0,0.2913126124515909,1.2913126124515908,35
2019-20,2020-01-07,0021900550,BKN,OKC,1,0,1426.5989144792577,1414.5311717045838,-12.067742774673809,1579.9694638933966,0.3359498777823235,8.0,-8.0,0.197375320224904,1.197375320224904,36
2019-20,2020-01-10,0021900568,BKN,MIA,1,1,1414.5311717045838,1439.4893601704007,24.958188465816853,1646.490130296585,0.2434629182683786,4.0,4.0,0.0996679946249558,1.099667994624956,37
2019-20,2020-01-12,0021900586,BKN,ATL,1,1,1439.4893601704007,1451.3944382684713,11.905078098070696,1296.795815894246,0.7355344275652373,22.0,22.0,0.5005202111902353,1.5005202111902354,38
2019-20,2020-01-14,0021900599,BKN,UTA,1,0,1451.3944382684713,1440.924363326085,-10.4700749423862,1654.6400102781088,0.2751797115844234,11.0,-11.0,0.2682711820216014,1.2682711820216013,39
2019-20,2020-01-15,0021900605,BKN,PHI,0,0,1440.924363326085,1429.8854898425177,-11.038873483567649,1561.359547889872,0.2901291574454364,11.0,-11.0,0.2682711820216014,1.2682711820216013,40
2019-20,2020-01-18,0021900627,BKN,MIL,1,0,1429.8854898425177,1422.696487029718,-7.189002812799515,1747.963765468542,0.1638948191692021,20.0,-20.0,0.4621171572600097,1.4621171572600098,41
2019-20,2020-01-20,0021900641,BKN,PHI,1,0,1422.696487029718,1411.702849862571,-10.99363716714686,1589.466729115682,0.3189653982022167,6.0,-6.0,0.1488850336233179,1.1488850336233178,42
2019-20,2020-01-23,0021900667,BKN,LAL,1,0,1411.702849862571,1403.7843277973468,-7.918522065224078,1693.7651906194462,0.1943161172662939,15.0,-15.0,0.3583573983507859,1.358357398350786,43
2019-20,2020-01-25,0021900681,BKN,DET,0,1,1403.7843277973468,1424.001572093917,20.21724429657032,1397.5669659247465,0.4586729530443234,10.0,10.0,0.2449186624037091,1.2449186624037092,44
2019-20,2020-01-26,0021900688,BKN,NYK,0,0,1424.001572093917,1402.4070453829838,-21.59452671093331,1355.6866417050148,0.5477976363588166,13.0,-13.0,0.3140209253469976,1.3140209253469977,45
2019-20,2020-01-29,0021900709,BKN,DET,1,1,1402.4070453829838,1416.465303626156,14.058258243172002,1349.717065857982,0.6235829518364386,10.0,10.0,0.2449186624037091,1.2449186624037092,46
2019-20,2020-01-31,0021900721,BKN,CHI,1,1,1416.465303626156,1434.88970364497,18.42440001881416,1418.0957722164987,0.5478754942996185,15.0,15.0,0.3583573983507859,1.358357398350786,47
2019-20,2020-02-01,0021900731,BKN,WAS,0,0,1434.88970364497,1417.1721508723556,-17.717552772614418,1390.1237443766788,0.5140506448742845,6.0,-6.0,0.1488850336233179,1.1488850336233178,48
2019-20,2020-02-03,0021900746,BKN,PHX,1,1,1417.1721508723556,1439.2817423908996,22.10959151854395,1446.0246235185837,0.508846079875941,22.0,22.0,0.5005202111902353,1.5005202111902354,49
2019-20,2020-02-05,0021900757,BKN,GSW,1,1,1439.2817423908996,1454.7891784045692,15.50743601366959,1320.194420354955,0.7082702617702769,41.0,41.0,0.7718952374404182,1.7718952374404182,50
2019-20,2020-02-08,0021900781,BKN,TOR,0,0,1454.7891784045692,1449.695712402406,-5.09346600216294,1700.6619504927803,0.1656420122685724,1.0,-1.0,0.0249947929684206,1.0249947929684209,51
2019-20,2020-02-10,0021900794,BKN,IND,0,1,1449.695712402406,1469.2631689653672,19.567456562960963,1511.8956529601778,0.3636567165285159,1.0,1.0,0.0249947929684206,1.0249947929684209,52
2019-20,2020-02-12,0021900809,BKN,TOR,1,1,1469.2631689653672,1497.818195576136,28.555026610768824,1708.890588700211,0.2354245710148294,10.0,10.0,0.2449186624037091,1.2449186624037092,53
2019-20,2020-02-20,0021900822,BKN,PHI,0,0,1497.818195576136,1485.9189081646027,-11.899287411533429,1584.8532777724963,0.3312603049503969,8.0,-8.0,0.197375320224904,1.197375320224904,54
2019-20,2020-02-22,0021900836,BKN,CHA,0,1,1485.9189081646027,1503.7039364252716,17.785028260668977,1355.4365522055152,0.6340522089411595,29.0,29.0,0.619996867969374,1.619996867969374,55
2019-20,2020-02-24,0021900852,BKN,ORL,1,0,1503.7039364252716,1483.033896912494,-20.670039512777755,1426.3981308151328,0.656217744937014,2.0,-2.0,0.0499583749578799,1.04995837495788,56
2019-20,2020-02-26,0021900866,BKN,WAS,0,0,1483.033896912494,1463.4207761928049,-19.613120719689157,1381.5576568145364,0.5945164302788271,4.0,-4.0,0.0996679946249558,1.099667994624956,57
2019-20,2020-02-28,0021900878,BKN,ATL,0,0,1463.4207761928049,1436.6544387430113,-26.766337449793475,1367.0882274018418,0.5873590678000942,23.0,-23.0,0.5190218338982221,1.519021833898222,58
2019-20,2020-02-29,0021900889,BKN,MIA,0,0,1436.6544387430113,1425.1797743530556,-11.474664389955638,1504.7424607222233,0.3558499926198504,3.0,-3.0,0.074859690687499,1.0748596906874992,59
2019-20,2020-03-03,0021900910,BKN,BOS,0,1,1425.1797743530556,1455.4688177133207,30.289043360265257,1661.6033659402208,0.1732968317922842,9.0,9.0,0.2212784678984439,1.221278467898444,60
2019-20,2020-03-04,0021900920,BKN,MEM,1,0,1455.4688177133207,1433.473570923748,-21.99524678957281,1547.4368329242684,0.4187433350979254,39.0,-39.0,0.7508932836251672,1.7508932836251672,61
2019-20,2020-03-06,0021900931,BKN,SAS,1,1,1433.473570923748,1456.4825816121322,23.00901068838418,1490.5949801295162,0.4682076828219094,19.0,19.0,0.4422303560457261,1.442230356045726,62
2019-20,2020-03-08,0021900946,BKN,CHI,1,1,1456.4825816121322,1465.121732926398,8.639151314265737,1316.8573474218874,0.7320843706667121,3.0,3.0,0.074859690687499,1.0748596906874992,63
2019-20,2020-03-10,0021900968,BKN,LAL,0,1,1465.121732926398,1492.2588703255662,27.137137399168243,1747.688461071366,0.1384694210613548,2.0,2.0,0.0499583749578799,1.04995837495788,64
2019-20,2020-07-31,0021901233,BKN,ORL,1,0,1492.2588703255662,1471.9243029523018,-20.334567373264512,1496.277179720184,0.5444684322856937,10.0,-10.0,0.2449186624037091,1.2449186624037092,65
2019-20,2020-08-02,0021901244,BKN,WAS,1,1,1471.9243029523018,1483.582015092108,11.657712139806314,1379.5879148539225,0.6754648286994748,8.0,8.0,0.197375320224904,1.197375320224904,66
2019-20,2020-08-04,0021901256,BKN,MIL,0,1,1483.582015092108,1509.3498217843442,25.76780669223598,1688.43704744124,0.2008939425462922,3.0,3.0,0.074859690687499,1.0748596906874992,67
2019-20,2020-08-05,0021901267,BKN,BOS,0,0,1509.3498217843442,1492.4699920592536,-16.879829725090637,1595.2376354564665,0.3327249417446717,34.0,-34.0,0.6910694698329306,1.6910694698329305,68
2019-20,2020-08-07,0021901276,BKN,SAC,1,1,1492.4699920592536,1509.924902489416,17.45491043016219,1487.5388856870698,0.5572137882671638,13.0,13.0,0.3140209253469976,1.3140209253469977,69
2019-20,2020-08-09,0021901291,BKN,LAC,0,1,1509.924902489416,1537.4976614369375,27.57275894752165,1668.1584650742186,0.2474345621609568,9.0,9.0,0.2212784678984439,1.221278467898444,70
2019-20,2020-08-11,0021901297,BKN,ORL,0,1,1537.4976614369375,1556.0389092750263,18.541247838089056,1487.6287752308044,0.5213849933444076,12.0,12.0,0.2913126124515909,1.2913126124515908,71
2019-20,2020-08-13,0021901309,BKN,POR,1,0,1556.0389092750263,1538.734822885492,-17.30408638953446,1547.213547848243,0.5627373754560328,1.0,-1.0,0.0249947929684206,1.0249947929684209,72
2019-20,2019-10-23,0021900008,BOS,PHI,0,0,1500.0,1481.9669224758409,-18.033077524159168,1500.0,0.449800646746463,14.0,-14.0,0.3363755443363322,1.3363755443363323,1
2019-20,2019-10-25,0021900017,BOS,TOR,1,1,1481.9669224758409,1499.1600449297152,17.193122453874448,1516.1574058030624,0.5011649860313898,6.0,6.0,0.1488850336233179,1.1488850336233178,2
2019-20,2019-10-26,0021900029,BOS,NYK,0,1,1499.1600449297152,1522.240501490981,23.08045656126564,1468.6604880360978,0.4935237039563604,23.0,23.0,0.5190218338982221,1.519021833898222,3
2019-20,2019-10-30,0021900058,BOS,MIL,1,1,1522.240501490981,1539.1972868164933,16.95678532551231,1519.3361577199266,0.554333343271179,11.0,11.0,0.2682711820216014,1.2682711820216013,4
2019-20,2019-11-01,0021900072,BOS,NYK,1,1,1539.1972868164933,1549.425496092207,10.228209275713477,1447.0057066282038,0.6752820708686416,2.0,2.0,0.0499583749578799,1.04995837495788,5
2019-20,2019-11-05,0021900098,BOS,CLE,0,1,1549.425496092207,1563.8420206798155,14.416524587608944,1457.123747192848,0.5817241886497393,6.0,6.0,0.1488850336233179,1.1488850336233178,6
2019-20,2019-11-07,0021900112,BOS,CHA,0,1,1563.8420206798155,1584.539411604055,20.697390924239148,1504.9493770822123,0.5343301780543158,21.0,21.0,0.4815497983643079,1.481549798364308,7
2019-20,2019-11-09,0021900127,BOS,SAS,0,1,1584.539411604055,1604.896622895744,20.357211291689143,1524.5529901816517,0.5358964865752547,20.0,20.0,0.4621171572600097,1.4621171572600098,8
2019-20,2019-11-11,0021900141,BOS,DAL,1,1,1604.896622895744,1618.28348432421,13.386861428465798,1538.768340697185,0.6415599446307539,10.0,10.0,0.2449186624037091,1.2449186624037092,9
2019-20,2019-11-13,0021900156,BOS,WAS,1,1,1618.28348432421,1626.0664904119335,7.783006087723597,1434.5531607374965,0.7788733703341557,7.0,7.0,0.1732351578346601,1.17323515783466,10
2019-20,2019-11-15,0021900173,BOS,GSW,0,1,1626.0664904119335,1633.745063281068,7.678572869134541,1378.8421520463733,0.7723558094585439,5.0,5.0,0.1243530017715962,1.124353001771596,11
2019-20,2019-11-17,0021900184,BOS,SAC,0,0,1633.745063281068,1612.9640630409704,-20.78100024009759,1471.136396424837,0.6758083189839137,1.0,-1.0,0.0249947929684206,1.0249947929684209,12
2019-20,2019-11-18,0021900195,BOS,PHX,0,1,1612.9640630409704,1631.541066753426,18.577003712455603,1552.4637439506996,0.5366321542576749,14.0,14.0,0.3363755443363322,1.3363755443363323,13
2019-20,2019-11-20,0021900212,BOS,LAC,0,0,1631.541066753426,1613.6401655016948,-17.900901251731145,1558.069990516726,0.5551391624048907,3.0,-3.0,0.074859690687499,1.0748596906874992,14
2019-20,2019-11-22,0021900222,BOS,DEN,0,0,1613.6401655016948,1598.13057668772,-15.509588813975023,1599.421105460146,0.4701294357261772,4.0,-4.0,0.0996679946249558,1.099667994624956,15
2019-20,2019-11-25,0021900244,BOS,SAC,1,1,1598.13057668772,1608.091865835527,9.96128914780715,1505.327077197618,0.6760539918139841,1.0,1.0,0.0249947929684206,1.0249947929684209,16
2019-20,2019-11-27,0021900253,BOS,BKN,1,1,1608.091865835527,1620.3764059017178,12.284540066190816,1514.4328382245808,0.6771316145334817,11.0,11.0,0.2682711820216014,1.2682711820216013,17
2019-20,2019-11-29,0021900267,BOS,BKN,0,0,1620.3764059017178,1599.5465788090237,-20.82982709269424,1502.14829815839,0.6175352123954414,5.0,-5.0,0.1243530017715962,1.124353001771596,18
2019-20,2019-12-01,0021900285,BOS,NYK,0,1,1599.5465788090237,1607.8491118282711,8.302533019247434,1351.2965031367053,0.773392303298518,9.0,9.0,0.2212784678984439,1.221278467898444,19
2019-20,2019-12-04,0021900310,BOS,MIA,1,1,1607.8491118282711,1628.6204912617732,20.77137943350193,1628.9967459582886,0.5199246004303959,19.0,19.0,0.4422303560457261,1.442230356045726,20
2019-20,2019-12-06,0021900323,BOS,DEN,1,1,1628.6204912617732,1645.199678512825,16.579187251051607,1607.9563901269212,0.579428634373447,13.0,13.0,0.3140209253469976,1.3140209253469977,21
2019-20,2019-12-09,0021900344,BOS,CLE,1,1,1645.199678512825,1650.4125935939858,5.21291508116102,1327.0669634929195,0.8841976037757808,22.0,22.0,0.5005202111902353,1.5005202111902354,22
2019-20,2019-12-11,0021900357,BOS,IND,0,0,1650.4125935939858,1631.145796949172,-19.26679664481395,1565.6016721656383,0.5711965493178763,5.0,-5.0,0.1243530017715962,1.124353001771596,23
2019-20,2019-12-12,0021900367,BOS,PHI,1,0,1631.145796949172,1612.114257778533,-19.031539170638737,1629.7590184483663,0.5521741692644291,6.0,-6.0,0.1488850336233179,1.1488850336233178,24
2019-20,2019-12-18,0021900413,BOS,DAL,0,1,1612.114257778533,1632.050977202168,19.93671942363487,1632.0715043797752,0.4215632594452883,6.0,6.0,0.1488850336233179,1.1488850336233178,25
2019-20,2019-12-20,0021900422,BOS,DET,1,1,1632.050977202168,1641.7596825779535,9.708705375785494,1445.594638972755,0.7815642019704793,21.0,21.0,0.4815497983643079,1.481549798364308,26
2019-20,2019-12-22,0021900440,BOS,CHA,1,1,1641.7596825779535,1650.2501253932753,8.490442815321718,1413.4286242213516,0.8199273596760984,26.0,26.0,0.5716699660851172,1.5716699660851172,27
2019-20,2019-12-25,0021900455,BOS,TOR,0,1,1650.2501253932753,1670.9670891970045,20.7169638037292,1615.5477120281084,0.4995717385114531,16.0,16.0,0.3799489622552249,1.379948962255225,28
2019-20,2019-12-27,0021900466,BOS,CLE,1,1,1670.9670891970045,1676.125073924835,5.157984727830589,1380.519623709833,0.8668542205790117,12.0,12.0,0.2913126124515909,1.2913126124515908,29
2019-20,2019-12-28,0021900473,BOS,TOR,1,0,1676.125073924835,1648.74501090567,-27.380063019165178,1594.8307482243792,0.661378639550515,16.0,-16.0,0.3799489622552249,1.379948962255225,30
2019-20,2019-12-31,0021900497,BOS,CHA,0,1,1648.74501090567,1657.3128215862116,8.567810680541667,1377.0503018969605,0.7961696516747507,17.0,17.0,0.4011342849479459,1.401134284947946,31
2019-20,2020-01-03,0021900517,BOS,ATL,1,1,1657.3128215862116,1660.3358677108074,3.0230461245958646,1298.2023300477667,0.9062498993810604,3.0,3.0,0.074859690687499,1.0748596906874992,32
2019-20,2020-01-04,0021900529,BOS,CHI,0,1,1660.3358677108074,1668.6204476240555,8.284579913248358,1420.662609707011,0.7646229215593772,7.0,7.0,0.1732351578346601,1.17323515783466,33
2019-20,2020-01-06,0021900542,BOS,WAS,0,0,1668.6204476240555,1641.3898888296676,-27.230558794388216,1384.7640042845424,0.8072956551154948,5.0,-5.0,0.1243530017715962,1.124353001771596,34
2019-20,2020-01-08,0021900554,BOS,SAS,1,0,1641.3898888296676,1611.3257115263325,-30.06417730333515,1496.7050810368908,0.7377581516184372,15.0,-15.0,0.3583573983507859,1.358357398350786,35
2019-20,2020-01-09,0021900564,BOS,PHI,0,0,1611.3257115263325,1592.4980468736408,-18.827664652691677,1579.9127384295537,0.4948380367328255,11.0,-11.0,0.2682711820216014,1.2682711820216013,36
2019-20,2020-01-11,0021900578,BOS,NOP,1,1,1592.4980468736408,1608.1662869267466,15.66824005310583,1485.664890714811,0.6934838014322959,35.0,35.0,0.703905603936621,1.703905603936621,37
2019-20,2020-01-13,0021900593,BOS,CHI,1,1,1608.1662869267466,1615.7385544729002,7.572267546153674,1397.378048891913,0.8045330652150005,12.0,12.0,0.2913126124515909,1.2913126124515908,38
2019-20,2020-01-15,0021900604,BOS,DET,1,0,1615.7385544729002,1582.4107546590512,-33.32779981384903,1355.5434626357126,0.8454406159234249,13.0,-13.0,0.3140209253469976,1.3140209253469977,39
2019-20,2020-01-16,0021900615,BOS,MIL,0,0,1582.4107546590512,1574.0260660813683,-8.384688577682958,1739.5790768908591,0.2485781767965384,5.0,-5.0,0.1243530017715962,1.124353001771596,40
2019-20,2020-01-18,0021900628,BOS,PHX,1,0,1574.0260660813683,1549.2052444446792,-24.82082163668903,1415.971803125518,0.752373193788495,4.0,-4.0,0.0996679946249558,1.099667994624956,41
2019-20,2020-01-20,0021900648,BOS,LAL,1,1,1549.2052444446792,1583.595863043034,34.39061859835497,1722.3072376281432,0.3111005875825821,32.0,32.0,0.664036770267849,1.664036770267849,42
2019-20,2020-01-22,0021900657,BOS,MEM,1,1,1583.595863043034,1600.7000256223955,17.104162579361564,1526.8335205008584,0.6290693775354909,24.0,24.0,0.5370495669980352,1.5370495669980353,43
2019-20,2020-01-24,0021900671,BOS,ORL,0,1,1600.7000256223955,1615.527141629336,14.827116006940226,1487.7701868938773,0.6103063704061022,11.0,11.0,0.2682711820216014,1.2682711820216013,44
2019-20,2020-01-26,0021900691,BOS,NOP,0,0,1615.527141629336,1589.7358154973465,-25.791326131989447,1485.9032937890047,0.6329047657929425,15.0,-15.0,0.3583573983507859,1.358357398350786,45
2019-20,2020-01-28,0021900701,BOS,MIA,0,1,1589.7358154973465,1610.5694181864556,20.833602689109025,1610.792846557595,0.4200202632873199,8.0,8.0,0.197375320224904,1.197375320224904,46
2019-20,2020-01-30,0021900717,BOS,GSW,1,1,1610.5694181864556,1614.8626929171423,4.293274730686834,1273.970388006805,0.8946454314134753,15.0,15.0,0.3583573983507859,1.358357398350786,47
2019-20,2020-02-01,0021900732,BOS,PHI,1,1,1614.8626929171423,1632.959755812821,18.09706289567856,1584.5974343312432,0.592834860818078,21.0,21.0,0.4815497983643079,1.481549798364308,48
2019-20,2020-02-03,0021900745,BOS,ATL,0,1,1632.959755812821,1640.45666137733,7.496905564508896,1366.4363303477526,0.7912961392060777,8.0,8.0,0.197375320224904,1.197375320224904,49
2019-20,2020-02-05,0021900756,BOS,ORL,1,1,1640.45666137733,1649.2995503208156,8.842888943485578,1449.044155303601,0.7863957487955736,16.0,16.0,0.3799489622552249,1.379948962255225,50
2019-20,2020-02-07,0021900771,BOS,ATL,1,1,1649.2995503208156,1654.169069096977,4.86951877616146,1375.1689892703348,0.8556349364630514,5.0,5.0,0.1243530017715962,1.124353001771596,51
2019-20,2020-02-09,0021900786,BOS,OKC,0,1,1654.169069096977,1670.2369295159497,16.06786041897275,1634.838398117639,0.4774652993621666,1.0,1.0,0.0249947929684206,1.0249947929684209,52
2019-20,2020-02-11,0021900806,BOS,HOU,0,0,1670.2369295159497,1647.2888426225743,-22.948086893375393,1562.5296729028084,0.603133021251721,11.0,-11.0,0.2682711820216014,1.2682711820216013,53
2019-20,2020-02-13,0021900818,BOS,LAC,1,1,1647.2888426225743,1660.7434368227432,13.454594200168891,1593.221637110227,0.6254420266030508,8.0,8.0,0.197375320224904,1.197375320224904,54
2019-20,2020-02-21,0021900830,BOS,MIN,0,1,1660.7434368227432,1665.6920284271898,4.948591604446693,1299.3236102241588,0.867498931084331,10.0,10.0,0.2449186624037091,1.2449186624037092,55
2019-20,2020-02-23,0021900842,BOS,LAL,0,0,1665.6920284271898,1652.570691126734,-13.121337300455952,1689.214547680952,0.4165669044096574,2.0,-2.0,0.0499583749578799,1.04995837495788,56
2019-20,2020-02-25,0021900862,BOS,POR,0,1,1652.570691126734,1665.39005876898,12.819367642246014,1495.2632614044896,0.6690869038053688,12.0,12.0,0.2913126124515909,1.2913126124515908,57
2019-20,2020-02-26,0021900872,BOS,UTA,0,1,1665.39005876898,1680.373710581143,14.983651812163156,1555.459633186033,0.6061922186000346,11.0,11.0,0.2682711820216014,1.2682711820216013,58
2019-20,2020-02-29,0021900892,BOS,HOU,1,0,1680.373710581143,1661.6033659402208,-18.770344640922243,1637.3602762752532,0.6104208128564462,1.0,-1.0,0.0249947929684206,1.0249947929684209,59
2019-20,2020-03-03,0021900910,BOS,BKN,1,0,1661.6033659402208,1631.3143225799556,-30.289043360265257,1425.1797743530556,0.8267031682077157,9.0,-9.0,0.2212784678984439,1.221278467898444,60
2019-20,2020-03-04,0021900917,BOS,CLE,0,1,1631.3143225799556,1637.2254550271284,5.911132447172715,1322.7071866014487,0.828496548851647,6.0,6.0,0.1488850336233179,1.1488850336233178,61
2019-20,2020-03-06,0021900933,BOS,UTA,1,0,1637.2254550271284,1615.6068494282613,-21.618605598867124,1571.580505521056,0.6409198761362783,5.0,-5.0,0.1243530017715962,1.124353001771596,62
2019-20,2020-03-08,0021900949,BOS,OKC,1,0,1615.6068494282613,1599.5149687063476,-16.091880721913547,1634.393576751019,0.5233158526692251,1.0,-1.0,0.0249947929684206,1.0249947929684209,63
2019-20,2020-03-10,0021900960,BOS,IND,0,1,1599.5149687063476,1616.6948773262077,17.179908619859756,1587.325482698052,0.4672201166128891,3.0,3.0,0.074859690687499,1.0748596906874992,64
2019-20,2020-07-31,0021901236,BOS,MIL,0,0,1616.6948773262077,1604.7644218275238,-11.930455498683555,1697.725230975353,0.3389617565587499,7.0,-7.0,0.1732351578346601,1.17323515783466,65
2019-20,2020-08-02,0021901245,BOS,POR,1,1,1604.7644218275238,1614.367736734958,9.603314907434248,1485.1451268908145,0.7089025974392851,4.0,4.0,0.0996679946249558,1.099667994624956,66
2019-20,2020-08-04,0021901260,BOS,MIA,0,0,1614.367736734958,1595.2376354564665,-19.13010127849158,1540.9707631960157,0.5550338144847462,6.0,-6.0,0.1488850336233179,1.1488850336233178,67
2019-20,2020-08-05,0021901267,BOS,BKN,1,1,1595.2376354564665,1612.117465181557,16.879829725090637,1509.3498217843442,0.6672750582553283,34.0,34.0,0.6910694698329306,1.6910694698329305,68
2019-20,2020-08-07,0021901279,BOS,TOR,0,1,1612.117465181557,1643.4702496332357,31.352784451678698,1721.4117492016608,0.3035130035156453,22.0,22.0,0.5005202111902353,1.5005202111902354,69
2019-20,2020-08-09,0021901288,BOS,ORL,1,1,1643.4702496332357,1651.826253002561,8.356003369325506,1495.98477860013,0.7408652979943562,3.0,3.0,0.074859690687499,1.0748596906874992,70
2019-20,2020-08-11,0021901301,BOS,MEM,0,1,1651.826253002561,1665.4335563995644,13.607303397003228,1496.869262842902,0.6660843600875543,15.0,15.0,0.3583573983507859,1.358357398350786,71
2019-20,2020-08-13,0021901308,BOS,WAS,1,0,1665.4335563995644,1634.5407891567245,-30.892767242840044,1325.7421401565337,0.8963115350602546,6.0,-6.0,0.1488850336233179,1.1488850336233178,72
2019-20,2019-10-23,0021900003,CHA,CHI,1,1,1500.0,1513.8312996236689,13.831299623668578,1500.0,0.550199353253537,1.0,1.0,0.0249947929684206,1.0249947929684209,1
2019-20,2019-10-25,0021900018,CHA,MIN,1,0,1513.8312996236689,1489.2618976450974,-24.569401978571182,1516.918544165384,0.5457974240165319,22.0,-22.0,0.5005202111902353,1.5005202111902354,2
2019-20,2019-10-27,0021900040,CHA,LAL,0,0,1489.2618976450974,1470.5432559685491,-18.71864167654826,1501.36051479635,0.4326318052702436,19.0,-19.0,0.4422303560457261,1.442230356045726,3
2019-20,2019-10-28,0021900051,CHA,LAC,0,0,1470.5432559685491,1455.1237994870917,-15.419456481457484,1521.7783842507,0.3783848664123942,15.0,-15.0,0.3583573983507859,1.358357398350786,4
2019-20,2019-10-30,0021900064,CHA,SAC,0,1,1455.1237994870917,1472.8905660872315,17.76676660014008,1423.445331785516,0.495220076398816,7.0,7.0,0.1732351578346601,1.17323515783466,5
2019-20,2019-11-02,0021900083,CHA,GSW,0,1,1472.8905660872315,1490.1028595002888,17.212293413057143,1437.4675513925458,0.5006087667805035,6.0,6.0,0.1488850336233179,1.1488850336233178,6
2019-20,2019-11-05,0021900097,CHA,IND,1,1,1490.1028595002888,1504.9493770822123,14.846517581923786,1505.1636997340445,0.5286632963737137,2.0,2.0,0.0499583749578799,1.04995837495788,7
2019-20,2019-11-07,0021900112,CHA,BOS,1,0,1504.9493770822123,1484.2519861579733,-20.697390924239148,1563.8420206798155,0.4656698219456842,21.0,-21.0,0.4815497983643079,1.481549798364308,8
2019-20,2019-11-09,0021900128,CHA,NOP,1,0,1484.2519861579733,1462.118062487,-22.13392367097319,1406.9618883295568,0.6561973459728302,5.0,-5.0,0.1243530017715962,1.124353001771596,9
2019-20,2019-11-10,0021900134,CHA,PHI,0,0,1462.118062487,1449.772667721523,-12.34539476547708,1539.5031229903786,0.3436793392166636,8.0,-8.0,0.197375320224904,1.197375320224904,10
2019-20,2019-11-13,0021900154,CHA,MEM,1,0,1449.772667721523,1431.595338642667,-18.17732907885597,1430.7808765605205,0.5770809431559661,2.0,-2.0,0.0499583749578799,1.04995837495788,11
2019-20,2019-11-15,0021900167,CHA,DET,1,1,1431.595338642667,1446.084320961783,14.488982319116117,1431.2645281774148,0.5506705838089835,3.0,3.0,0.074859690687499,1.0748596906874992,12
2019-20,2019-11-16,0021900177,CHA,NYK,0,1,1446.084320961783,1461.065760688717,14.98143972693408,1402.190645463524,0.5127962330570379,1.0,1.0,0.0249947929684206,1.0249947929684209,13
2019-20,2019-11-18,0021900191,CHA,TOR,0,0,1461.065760688717,1444.8572307699485,-16.208529918768633,1561.181740518554,0.3147963649007902,36.0,-36.0,0.7162978701990245,1.7162978701990244,14
2019-20,2019-11-20,0021900205,CHA,BKN,0,0,1444.8572307699485,1428.339368018368,-16.51786275158051,1450.1488715000994,0.4422742157223228,10.0,-10.0,0.2449186624037091,1.2449186624037092,15
2019-20,2019-11-22,0021900216,CHA,WAS,0,0,1428.339368018368,1413.9915009301612,-14.347867088206868,1458.260085285247,0.4076439689688894,7.0,-7.0,0.1732351578346601,1.17323515783466,16
2019-20,2019-11-23,0021900226,CHA,CHI,1,0,1413.9915009301612,1397.628462022071,-16.363038908090168,1426.6316571426687,0.5321340498619263,1.0,-1.0,0.0249947929684206,1.0249947929684209,17
2019-20,2019-11-25,0021900245,CHA,MIA,0,0,1397.628462022071,1388.7981494546852,-8.830312567385839,1592.7127075068177,0.2100753335410173,17.0,-17.0,0.4011342849479459,1.401134284947946,18
2019-20,2019-11-27,0021900254,CHA,DET,1,1,1388.7981494546852,1404.5897568374303,15.791607382745266,1433.2165275111206,0.4864491835770788,1.0,1.0,0.0249947929684206,1.0249947929684209,19
2019-20,2019-11-29,0021900268,CHA,DET,0,1,1404.5897568374303,1422.9185425130045,18.328785675574,1417.424920128375,0.4315913715879019,3.0,3.0,0.074859690687499,1.0748596906874992,20
2019-20,2019-11-30,0021900283,CHA,MIL,0,0,1422.9185425130045,1414.443955066636,-8.474587446368245,1676.7252065149771,0.1594260440703813,41.0,-41.0,0.7718952374404182,1.7718952374404182,21
2019-20,2019-12-02,0021900293,CHA,PHX,1,0,1414.443955066636,1398.2845881987869,-16.15936686784946,1463.9950167418597,0.4790715739744789,5.0,-5.0,0.1243530017715962,1.124353001771596,22
2019-20,2019-12-04,0021900306,CHA,GSW,1,1,1398.2845881987869,1412.8897563399837,14.605168141197089,1332.1280744936578,0.6415973155290459,15.0,15.0,0.3583573983507859,1.358357398350786,23
2019-20,2019-12-06,0021900320,CHA,BKN,1,0,1412.8897563399837,1398.9797471947938,-13.910009145189948,1521.8049462418112,0.3952037819613948,7.0,-7.0,0.1732351578346601,1.17323515783466,24
2019-20,2019-12-08,0021900336,CHA,ATL,1,0,1398.9797471947938,1373.7493110011478,-25.230436193646128,1349.569728921621,0.6191408393765147,15.0,-15.0,0.3583573983507859,1.358357398350786,25
2019-20,2019-12-10,0021900352,CHA,WAS,1,1,1373.7493110011478,1392.4227209368355,18.67340993568797,1429.9964233014275,0.4694610081366271,7.0,7.0,0.1732351578346601,1.17323515783466,26
2019-20,2019-12-11,0021900360,CHA,BKN,0,1,1392.4227209368355,1417.8843048649728,25.46158392813715,1552.7955622834934,0.245148576173189,5.0,5.0,0.1243530017715962,1.124353001771596,27
2019-20,2019-12-13,0021900375,CHA,CHI,0,1,1417.8843048649728,1437.8395062163315,19.95520135135882,1406.7633588645829,0.4656892868050514,10.0,10.0,0.2449186624037091,1.2449186624037092,28
2019-20,2019-12-15,0021900389,CHA,IND,0,0,1437.8395062163315,1426.586953543297,-11.25255267303412,1593.7157720086418,0.2499700345946117,22.0,-22.0,0.5005202111902353,1.5005202111902354,29
2019-20,2019-12-17,0021900401,CHA,SAC,1,1,1426.586953543297,1446.3752541962028,19.78830065290543,1497.064742073253,0.4491200790411988,8.0,8.0,0.197375320224904,1.197375320224904,30
2019-20,2019-12-18,0021900407,CHA,CLE,0,0,1446.3752541962028,1426.979571964038,-19.395682232164848,1329.4514340159667,0.6157603544027137,2.0,-2.0,0.0499583749578799,1.04995837495788,31
2019-20,2019-12-21,0021900430,CHA,UTA,1,0,1426.979571964038,1413.4286242213516,-13.55094774268644,1543.343624066989,0.385002320355971,7.0,-7.0,0.1732351578346601,1.17323515783466,32
2019-20,2019-12-22,0021900440,CHA,BOS,0,0,1413.4286242213516,1404.9381814060298,-8.490442815321718,1641.7596825779535,0.1800726403239015,26.0,-26.0,0.5716699660851172,1.5716699660851172,33
2019-20,2019-12-27,0021900467,CHA,OKC,1,0,1404.9381814060298,1392.8272209528495,-12.110960453180374,1521.6780769309298,0.3844901773261953,2.0,-2.0,0.0499583749578799,1.04995837495788,34
2019-20,2019-12-29,0021900487,CHA,MEM,0,0,1392.8272209528495,1377.0503018969605,-15.776919055889342,1428.1045820474271,0.4002198836552795,13.0,-13.0,0.3140209253469976,1.3140209253469977,35
2019-20,2019-12-31,0021900497,CHA,BOS,1,0,1377.0503018969605,1368.4824912164186,-8.567810680541667,1648.74501090567,0.2038303483252493,17.0,-17.0,0.4011342849479459,1.401134284947946,36
2019-20,2020-01-02,0021900508,CHA,CLE,0,1,1368.4824912164186,1386.981488109404,18.498996892985332,1385.061195302654,0.4263128154226638,3.0,3.0,0.074859690687499,1.0748596906874992,37
2019-20,2020-01-04,0021900530,CHA,DAL,0,1,1386.981488109404,1413.3587969793302,26.377308869926352,1613.0633757218675,0.1819921831516768,3.0,3.0,0.074859690687499,1.0748596906874992,38
2019-20,2020-01-06,0021900539,CHA,IND,1,0,1413.3587969793302,1400.3052447416476,-13.0535522376826,1561.2056721609772,0.3430799454334226,11.0,-11.0,0.2682711820216014,1.2682711820216013,39
2019-20,2020-01-08,0021900555,CHA,TOR,1,0,1400.3052447416476,1390.985010167131,-9.320234574516768,1585.907506222003,0.2958921927068667,2.0,-2.0,0.0499583749578799,1.04995837495788,40
2019-20,2020-01-10,0021900574,CHA,UTA,0,0,1390.985010167131,1384.084355567295,-6.900654599835787,1638.716837412609,0.1641682902671044,17.0,-17.0,0.4011342849479459,1.401134284947946,41
2019-20,2020-01-12,0021900590,CHA,PHX,0,0,1384.084355567295,1368.8237196618693,-15.26063590542574,1401.7126743405042,0.4248357678013975,8.0,-8.0,0.197375320224904,1.197375320224904,42
2019-20,2020-01-13,0021900595,CHA,POR,0,0,1368.8237196618693,1356.285977835812,-12.537741826057388,1412.3934430016168,0.3888179370350508,3.0,-3.0,0.074859690687499,1.0748596906874992,43
2019-20,2020-01-15,0021900610,CHA,DEN,0,0,1356.285977835812,1349.705901029964,-6.580076805848043,1604.0695302477095,0.1641274374241816,14.0,-14.0,0.3363755443363322,1.3363755443363323,44
2019-20,2020-01-20,0021900642,CHA,ORL,1,0,1349.705901029964,1333.3641598480049,-16.341741181959243,1485.7116406586947,0.3586022885973908,23.0,-23.0,0.5190218338982221,1.519021833898222,45
2019-20,2020-01-24,0021900669,CHA,MIL,1,0,1333.3641598480049,1329.60334134934,-3.7608184986650097,1759.1228164443005,0.095402298550963,13.0,-13.0,0.3140209253469976,1.3140209253469977,46
2019-20,2020-01-28,0021900699,CHA,NYK,1,1,1329.60334134934,1347.083773267088,17.48043191774802,1377.281168415948,0.481763233604724,5.0,5.0,0.1243530017715962,1.124353001771596,47
2019-20,2020-01-30,0021900715,CHA,WAS,0,0,1347.083773267088,1330.5501990492455,-16.53357421784221,1373.5901701588366,0.41239840322612,14.0,-14.0,0.3363755443363322,1.3363755443363323,48
2019-20,2020-02-01,0021900734,CHA,SAS,0,0,1330.5501990492455,1320.343333906545,-10.206865142700684,1514.0533912669434,0.2213518974241757,24.0,-24.0,0.5370495669980352,1.5370495669980353,49
2019-20,2020-02-03,0021900741,CHA,ORL,1,0,1320.343333906545,1305.2846035908117,-15.058730315733234,1433.9854249878676,0.3887189456301584,12.0,-12.0,0.2913126124515909,1.2913126124515908,50
2019-20,2020-02-04,0021900752,CHA,HOU,0,0,1305.2846035908117,1299.608962430359,-5.675641160452703,1586.6781037621229,0.1392770701668459,15.0,-15.0,0.3583573983507859,1.358357398350786,51
2019-20,2020-02-08,0021900778,CHA,DAL,1,0,1299.608962430359,1290.1422213273572,-9.466741103001931,1545.817729570222,0.2286737012729951,16.0,-16.0,0.3799489622552249,1.379948962255225,52
2019-20,2020-02-10,0021900793,CHA,DET,0,1,1290.1422213273572,1314.114524950108,23.972303622750832,1347.6365012907827,0.369948005795327,11.0,11.0,0.2682711820216014,1.2682711820216013,53
2019-20,2020-02-12,0021900813,CHA,MIN,0,1,1314.114524950108,1333.7210345861824,19.6065096360743,1318.9301198602332,0.4429502757071492,7.0,7.0,0.1732351578346601,1.17323515783466,54
2019-20,2020-02-20,0021900823,CHA,CHI,0,1,1333.7210345861824,1355.4365522055152,21.71551761933288,1355.8228208154922,0.4185559192168638,10.0,10.0,0.2449186624037091,1.2449186624037092,55
2019-20,2020-02-22,0021900836,CHA,BKN,1,0,1355.4365522055152,1337.6515239448463,-17.785028260668977,1485.9189081646027,0.3659477910588404,29.0,-29.0,0.619996867969374,1.619996867969374,56
2019-20,2020-02-25,0021900857,CHA,IND,0,0,1337.6515239448463,1325.9438869155922,-11.707637029254192,1519.609455733936,0.2228888369677203,39.0,-39.0,0.7508932836251672,1.7508932836251672,57
2019-20,2020-02-26,0021900864,CHA,NYK,1,1,1325.9438869155922,1343.2548985349763,17.31101161938399,1362.5111151434403,0.4977445925757236,6.0,6.0,0.1488850336233179,1.1488850336233178,58
2019-20,2020-02-28,0021900879,CHA,TOR,0,1,1343.2548985349763,1372.1660828064953,28.911184271519023,1683.4634169433689,0.1034121469681645,3.0,3.0,0.074859690687499,1.0748596906874992,59
2019-20,2020-03-01,0021900895,CHA,MIL,1,0,1372.1660828064953,1368.7182379760338,-3.4478448304614475,1796.758181791805,0.0959834055990017,8.0,-8.0,0.197375320224904,1.197375320224904,60
2019-20,2020-03-03,0021900909,CHA,SAS,1,0,1368.7182379760338,1356.6015084131377,-12.116729562896452,1478.47825056662,0.3940419875306872,1.0,-1.0,0.0249947929684206,1.0249947929684209,61
2019-20,2020-03-05,0021900926,CHA,DEN,1,0,1356.6015084131377,1349.0025832775425,-7.598925135595059,1590.658538536968,0.2412452822522574,2.0,-2.0,0.0499583749578799,1.04995837495788,62
2019-20,2020-03-07,0021900940,CHA,HOU,1,1,1349.0025832775425,1377.7667624020469,28.764179124504132,1609.0613540213487,0.2149161751236784,9.0,9.0,0.2212784678984439,1.221278467898444,63
2019-20,2020-03-09,0021900957,CHA,ATL,0,0,1377.7667624020469,1362.1615668551567,-15.605195546889906,1368.7740635240723,0.4626422343131694,5.0,-5.0,0.1243530017715962,1.124353001771596,64
2019-20,2020-03-11,0021900970,CHA,MIA,0,1,1362.1615668551567,1392.1350901426526,29.973523287495865,1555.0080163130058,0.2122209689224715,11.0,11.0,0.2682711820216014,1.2682711820216013,65
2019-20,2019-10-23,0021900003,CHI,CHA,0,0,1500.0,1486.1687003763311,-13.831299623668578,1500.0,0.449800646746463,1.0,-1.0,0.0249947929684206,1.0249947929684209,1
2019-20,2019-10-25,0021900020,CHI,MEM,0,1,1486.1687003763311,1505.6439921837427,19.47529180741142,1480.5385155927977,0.4578338281947841,8.0,8.0,0.197375320224904,1.197375320224904,2
2019-20,2019-10-26,0021900031,CHI,TOR,1,0,1505.6439921837427,1479.8355852040718,-25.80840697967087,1498.964283349188,0.5596958296770369,24.0,-24.0,0.5370495669980352,1.5370495669980353,3
2019-20,2019-10-28,0021900042,CHI,NYK,0,0,1479.8355852040718,1462.274765942935,-17.560819261137198,1445.580031474832,0.4989286573360594,7.0,-7.0,0.1732351578346601,1.17323515783466,4
2019-20,2019-10-30,0021900055,CHI,CLE,0,0,1462.274765942935,1447.7108463090733,-14.5639196338614,1481.527656169469,0.4225522777195024,6.0,-6.0,0.1488850336233179,1.1488850336233178,5
2019-20,2019-11-01,0021900073,CHI,DET,1,1,1447.7108463090733,1464.6442766260975,16.93343031702426,1476.665135343006,0.508699599424666,6.0,6.0,0.1488850336233179,1.1488850336233178,6
2019-20,2019-11-03,0021900085,CHI,IND,0,0,1464.6442766260975,1448.256533861563,-16.387742764534647,1488.77595696951,0.4157149110900976,13.0,-13.0,0.3140209253469976,1.3140209253469977,7
2019-20,2019-11-05,0021900100,CHI,LAL,1,0,1448.256533861563,1435.5921123262206,-12.664421535342465,1577.6219565863082,0.3674409293853016,6.0,-6.0,0.1488850336233179,1.1488850336233178,8
2019-20,2019-11-06,0021900105,CHI,ATL,0,1,1435.5921123262206,1463.821072947984,28.22896062176342,1503.2358676892525,0.3564364186641934,20.0,20.0,0.4621171572600097,1.4621171572600098,9
2019-20,2019-11-09,0021900129,CHI,HOU,1,0,1463.821072947984,1442.4354559345747,-21.385617013409373,1520.1910686328067,0.4692848282618839,23.0,-23.0,0.5190218338982221,1.519021833898222,10
2019-20,2019-11-12,0021900149,CHI,NYK,1,1,1442.4354559345747,1458.9518994917084,16.516443557133684,1397.6763380798004,0.6128078600952943,18.0,18.0,0.4218990052500079,1.4218990052500078,11
2019-20,2019-11-14,0021900163,CHI,MIL,0,0,1458.9518994917084,1448.7168025347987,-10.235096956909707,1588.5781167859416,0.2793547151868947,9.0,-9.0,0.2212784678984439,1.221278467898444,12
2019-20,2019-11-16,0021900175,CHI,BKN,1,0,1448.7168025347987,1430.066687333683,-18.650115201115753,1455.0876442496688,0.5411076726652565,6.0,-6.0,0.1488850336233179,1.1488850336233178,13
2019-20,2019-11-18,0021900192,CHI,MIL,1,0,1430.066687333683,1418.358955044826,-11.707732288856857,1618.9041614892958,0.2920270014037888,14.0,-14.0,0.3363755443363322,1.3363755443363323,14
2019-20,2019-11-20,0021900209,CHI,DET,1,1,1418.358955044826,1437.989893592775,19.63093854794891,1416.7755458582988,0.5524540458226787,20.0,20.0,0.4621171572600097,1.4621171572600098,15
2019-20,2019-11-22,0021900219,CHI,MIA,1,0,1437.989893592775,1426.6316571426687,-11.35823645010629,1606.978258509051,0.3161981671704202,8.0,-8.0,0.197375320224904,1.197375320224904,16
2019-20,2019-11-23,0021900226,CHI,CHA,0,1,1426.6316571426687,1442.9946960507589,16.363038908090168,1413.9915009301612,0.4678659501380737,1.0,1.0,0.0249947929684206,1.0249947929684209,17
2019-20,2019-11-25,0021900247,CHI,POR,1,0,1442.9946960507589,1415.5952901753185,-27.399405875440696,1406.652150923258,0.6012510872457615,23.0,-23.0,0.5190218338982221,1.519021833898222,18
2019-20,2019-11-27,0021900266,CHI,GSW,0,0,1415.5952901753185,1393.8667671234075,-21.728523051910773,1351.3582323557334,0.5419764712097087,14.0,-14.0,0.3363755443363322,1.3363755443363323,19
2019-20,2019-11-29,0021900278,CHI,POR,0,0,1393.8667671234075,1381.8036172604668,-12.063149862940714,1454.564354245916,0.3656603605786452,4.0,-4.0,0.0996679946249558,1.099667994624956,20
2019-20,2019-12-02,0021900298,CHI,SAC,0,1,1381.8036172604668,1406.8919685098597,25.088351249392645,1504.7142827132825,0.2872031072413458,7.0,7.0,0.1732351578346601,1.17323515783466,21
2019-20,2019-12-04,0021900311,CHI,MEM,1,1,1406.8919685098597,1422.1727419231036,15.280773413244074,1395.8668020314688,0.5658507926792076,7.0,7.0,0.1732351578346601,1.17323515783466,22
2019-20,2019-12-06,0021900325,CHI,GSW,1,0,1422.1727419231036,1400.4132226063623,-21.75951931674119,1317.5229063524607,0.6908057765500814,2.0,-2.0,0.0499583749578799,1.04995837495788,23
2019-20,2019-12-08,0021900337,CHI,MIA,0,0,1400.4132226063623,1394.006623472779,-6.406599133583245,1617.3798552756552,0.189934392594041,5.0,-5.0,0.1243530017715962,1.124353001771596,24
2019-20,2019-12-09,0021900345,CHI,TOR,1,0,1394.006623472779,1385.1586036513006,-8.848019821478378,1586.4603023494356,0.2877419437372361,1.0,-1.0,0.0249947929684206,1.0249947929684209,25
2019-20,2019-12-11,0021900361,CHI,ATL,1,1,1385.1586036513006,1406.7633588645829,21.60475521328228,1368.258079848248,0.5741401994676437,34.0,34.0,0.6910694698329306,1.6910694698329305,26
2019-20,2019-12-13,0021900375,CHI,CHA,1,0,1406.7633588645829,1386.8081575132242,-19.95520135135882,1417.8843048649728,0.5343107131949486,10.0,-10.0,0.2449186624037091,1.2449186624037092,27
2019-20,2019-12-14,0021900382,CHI,LAC,1,1,1386.8081575132242,1412.896873778111,26.08871626488684,1672.6394791455966,0.1909419591872485,3.0,3.0,0.074859690687499,1.0748596906874992,28
2019-20,2019-12-16,0021900399,CHI,OKC,0,0,1412.896873778111,1401.9126389419382,-10.984234836172837,1492.6269669798664,0.3406408895765463,3.0,-3.0,0.074859690687499,1.0748596906874992,29
2019-20,2019-12-18,0021900409,CHI,WAS,0,1,1401.9126389419382,1419.586339438911,17.673700496972707,1419.251766941416,0.4252425925082327,1.0,1.0,0.0249947929684206,1.0249947929684209,30
2019-20,2019-12-21,0021900432,CHI,DET,0,1,1419.586339438911,1441.7954000096452,22.20906057073418,1435.8859335969698,0.4267058093554976,12.0,12.0,0.2913126124515909,1.2913126124515908,31
2019-20,2019-12-23,0021900448,CHI,ORL,0,0,1441.7954000096452,1425.8812564619031,-15.914143547741938,1446.5558881298175,0.443028549721368,8.0,-8.0,0.197375320224904,1.197375320224904,32
2019-20,2019-12-28,0021900477,CHI,ATL,1,1,1425.8812564619031,1439.3837391282448,13.502482666341653,1282.9037340609077,0.7358522945726146,35.0,35.0,0.703905603936621,1.703905603936621,33
2019-20,2019-12-30,0021900493,CHI,MIL,1,0,1439.3837391282448,1431.340307071998,-8.043432056246681,1736.6623457101052,0.1809688760856359,21.0,-21.0,0.4815497983643079,1.481549798364308,34
2019-20,2020-01-02,0021900511,CHI,UTA,1,0,1431.340307071998,1420.662609707011,-10.677697364987068,1594.3673309593069,0.3236642761626951,4.0,-4.0,0.0996679946249558,1.099667994624956,35
2019-20,2020-01-04,0021900529,CHI,BOS,1,0,1420.662609707011,1412.3780297937626,-8.284579913248358,1660.3358677108074,0.2353770784406228,7.0,-7.0,0.1732351578346601,1.17323515783466,36
2019-20,2020-01-06,0021900545,CHI,DAL,0,0,1412.3780297937626,1404.0942529333113,-8.283776860451301,1586.6860668519414,0.2306093091149663,8.0,-8.0,0.197375320224904,1.197375320224904,37
2019-20,2020-01-08,0021900560,CHI,NOP,0,0,1404.0942529333113,1388.6183048161956,-15.475948117115587,1454.3062581299066,0.3797711396599379,15.0,-15.0,0.3583573983507859,1.358357398350786,38
2019-20,2020-01-10,0021900570,CHI,IND,1,0,1388.6183048161956,1376.4763776826576,-12.14192713353798,1555.2647973670548,0.3191201615147734,11.0,-11.0,0.2682711820216014,1.2682711820216013,39
2019-20,2020-01-11,0021900579,CHI,DET,0,1,1376.4763776826576,1397.378048891913,20.90167120925553,1390.7835057356872,0.4295139135296805,9.0,9.0,0.2212784678984439,1.221278467898444,40
2019-20,2020-01-13,0021900593,CHI,BOS,0,0,1397.378048891913,1389.8057813457594,-7.572267546153674,1608.1662869267466,0.1954669347849995,12.0,-12.0,0.2913126124515909,1.2913126124515908,41
2019-20,2020-01-15,0021900607,CHI,WAS,1,1,1389.8057813457594,1406.746532544756,16.940751198996615,1398.6134964189469,0.5376224821150472,9.0,9.0,0.2212784678984439,1.221278467898444,42
2019-20,2020-01-17,0021900620,CHI,PHI,0,0,1406.746532544756,1397.6313872231638,-9.115145321592337,1572.3984213734395,0.2395687781079268,11.0,-11.0,0.2682711820216014,1.2682711820216013,43
2019-20,2020-01-18,0021900631,CHI,CLE,1,1,1397.6313872231638,1409.8217424496636,12.190355226499904,1352.7394525639047,0.6129892537568793,2.0,2.0,0.0499583749578799,1.04995837495788,44
2019-20,2020-01-20,0021900647,CHI,MIL,0,0,1409.8217424496636,1405.851694286705,-3.970048162958656,1755.1527682813417,0.1007099173328175,13.0,-13.0,0.3140209253469976,1.3140209253469977,45
2019-20,2020-01-22,0021900661,CHI,MIN,1,1,1405.851694286705,1419.2926863397363,13.44099205303162,1357.1921034523982,0.6181216822198853,7.0,7.0,0.1732351578346601,1.17323515783466,46
2019-20,2020-01-24,0021900674,CHI,SAC,1,0,1419.2926863397363,1392.4892852345033,-26.803401105233256,1356.1038421244048,0.6376595827436825,17.0,-17.0,0.4011342849479459,1.401134284947946,47
2019-20,2020-01-25,0021900682,CHI,CLE,0,1,1392.4892852345033,1408.6325230298469,16.14323779534336,1299.0718356955535,0.5832860909723221,12.0,12.0,0.2913126124515909,1.2913126124515908,48
2019-20,2020-01-27,0021900695,CHI,SAS,1,1,1408.6325230298469,1426.8297113456222,18.197188315775417,1508.1399951649178,0.4082185119179735,1.0,1.0,0.0249947929684206,1.0249947929684209,49
2019-20,2020-01-29,0021900708,CHI,IND,0,0,1426.8297113456222,1418.0957722164987,-8.733939129123435,1593.6148153391252,0.2383824098733915,9.0,-9.0,0.2212784678984439,1.221278467898444,50
2019-20,2020-01-31,0021900721,CHI,BKN,0,0,1418.0957722164987,1399.6713721976846,-18.42440001881416,1416.465303626156,0.4521245057003815,15.0,-15.0,0.3583573983507859,1.358357398350786,51
2019-20,2020-02-02,0021900740,CHI,TOR,0,0,1399.6713721976846,1392.7412950889088,-6.930077108775887,1672.289443227353,0.1454438684125178,27.0,-27.0,0.5882592563981054,1.5882592563981053,52
2019-20,2020-02-06,0021900765,CHI,NOP,1,0,1392.7412950889088,1380.091737999593,-12.649557089315858,1522.4291315558462,0.3670096577439107,6.0,-6.0,0.1488850336233179,1.1488850336233178,53
2019-20,2020-02-09,0021900788,CHI,PHI,0,0,1380.091737999593,1372.1325301627917,-7.959207836801456,1558.8129095769586,0.2261327800498548,7.0,-7.0,0.1732351578346601,1.17323515783466,54
2019-20,2020-02-11,0021900803,CHI,WAS,0,0,1372.1325301627917,1355.8228208154922,-16.309709347299602,1392.4831875761708,0.4210111269734856,12.0,-12.0,0.2913126124515909,1.2913126124515908,55
2019-20,2020-02-20,0021900823,CHI,CHA,1,0,1355.8228208154922,1334.1073031961594,-21.71551761933288,1333.7210345861824,0.5814440807831361,10.0,-10.0,0.2449186624037091,1.2449186624037092,56
2019-20,2020-02-22,0021900839,CHI,PHX,1,0,1334.1073031961594,1319.0360793207876,-15.071223875371835,1425.4906161822848,0.4195627892887418,8.0,-8.0,0.197375320224904,1.197375320224904,57
2019-20,2020-02-23,0021900845,CHI,WAS,1,1,1319.0360793207876,1340.1079230944238,21.071843773636154,1406.6405895004896,0.4248692571619575,9.0,9.0,0.2212784678984439,1.221278467898444,58
2019-20,2020-02-25,0021900859,CHI,OKC,1,0,1340.1079230944238,1334.5470761932286,-5.560846901195217,1642.62550146075,0.1765418208894327,2.0,-2.0,0.0499583749578799,1.04995837495788,59
2019-20,2020-02-29,0021900887,CHI,NYK,0,0,1334.5470761932286,1317.94466799133,-16.602408201898456,1338.2452868889268,0.444537963356906,10.0,-10.0,0.2449186624037091,1.2449186624037092,60
2019-20,2020-03-02,0021900907,CHI,DAL,1,1,1317.94466799133,1342.0735398138113,24.1288718224811,1558.9753214536534,0.2339737016257414,2.0,2.0,0.0499583749578799,1.04995837495788,61
2019-20,2020-03-04,0021900922,CHI,MIN,0,0,1342.0735398138113,1325.0971556921636,-16.97638412164762,1319.361205335765,0.4823239969777096,7.0,-7.0,0.1732351578346601,1.17323515783466,62
2019-20,2020-03-06,0021900934,CHI,IND,1,0,1325.0971556921636,1316.8573474218874,-8.239808270276098,1561.228055643003,0.239066806197009,6.0,-6.0,0.1488850336233179,1.1488850336233178,63
2019-20,2020-03-08,0021900946,CHI,BKN,0,0,1316.8573474218874,1308.2181961076217,-8.639151314265737,1456.4825816121322,0.2679156293332879,3.0,-3.0,0.074859690687499,1.0748596906874992,64
2019-20,2020-03-10,0021900962,CHI,CLE,1,1,1308.2181961076217,1326.0129013539097,17.79470524628777,1362.3840428734406,0.4724460728896413,5.0,5.0,0.1243530017715962,1.124353001771596,65
2019-20,2019-10-23,0021900005,CLE,ORL,0,0,1500.0,1483.5200446584524,-16.479955341547488,1500.0,0.449800646746463,9.0,-9.0,0.2212784678984439,1.221278467898444,1
2019-20,2019-10-26,0021900030,CLE,IND,1,1,1483.5200446584524,1500.434954368726,16.91490971027362,1479.8416013045942,0.5554339389963494,11.0,11.0,0.2682711820216014,1.2682711820216013,2
2019-20,2019-10-28,0021900046,CLE,MIL,0,0,1500.434954368726,1481.527656169469,-18.907298199256942,1500.4288595206697,0.4498093295404438,17.0,-17.0,0.4011342849479459,1.401134284947946,3
2019-20,2019-10-30,0021900055,CLE,CHI,1,1,1481.527656169469,1496.0915758033304,14.5639196338614,1462.274765942935,0.5774477222804976,6.0,6.0,0.1488850336233179,1.1488850336233178,4
2019-20,2019-11-01,0021900070,CLE,IND,0,0,1496.0915758033304,1479.031004742363,-17.060571060967487,1471.7153859085424,0.4847158715238505,7.0,-7.0,0.1732351578346601,1.17323515783466,5
2019-20,2019-11-03,0021900089,CLE,DAL,1,0,1479.031004742363,1457.123747192848,-21.907257549514934,1514.4191227130475,0.4994414535738224,20.0,-20.0,0.4621171572600097,1.4621171572600098,6
2019-20,2019-11-05,0021900098,CLE,BOS,1,0,1457.123747192848,1442.707222605239,-14.416524587608944,1549.425496092207,0.4182758113502607,6.0,-6.0,0.1488850336233179,1.1488850336233178,7
2019-20,2019-11-08,0021900118,CLE,WAS,0,1,1442.707222605239,1465.1977748910224,22.490552285783348,1457.04371302328,0.4294724979400106,13.0,13.0,0.3140209253469976,1.3140209253469977,8
2019-20,2019-11-10,0021900136,CLE,NYK,0,1,1465.1977748910224,1486.7175506116832,21.519775720660853,1419.1961138004613,0.5158273733712366,21.0,21.0,0.4815497983643079,1.481549798364308,9
2019-20,2019-11-12,0021900147,CLE,PHI,0,0,1486.7175506116832,1475.654945851839,-11.062604759844094,1551.8485177558557,0.3597613319838242,1.0,-1.0,0.0249947929684206,1.0249947929684209,10
2019-20,2019-11-14,0021900161,CLE,MIA,1,0,1475.654945851839,1459.8647043915546,-15.79024146028458,1570.2930653102767,0.4150069712776311,11.0,-11.0,0.2682711820216014,1.2682711820216013,11
2019-20,2019-11-17,0021900183,CLE,PHI,1,0,1459.8647043915546,1439.6157176607803,-20.24898673077421,1517.1298464193696,0.4680016763825073,19.0,-19.0,0.4422303560457261,1.442230356045726,12
2019-20,2019-11-18,0021900189,CLE,NYK,0,0,1439.6157176607803,1417.2195692806558,-22.396148380124565,1387.20920573659,0.5250290467755298,18.0,-18.0,0.4218990052500079,1.4218990052500078,13
2019-20,2019-11-20,0021900206,CLE,MIA,0,0,1417.2195692806558,1406.821944172524,-10.39762510813183,1596.5806334009192,0.2254888268055687,24.0,-24.0,0.5370495669980352,1.5370495669980353,14
2019-20,2019-11-22,0021900221,CLE,DAL,0,0,1406.821944172524,1392.7185455112217,-14.10339866130237,1550.073822620273,0.263840841459889,42.0,-42.0,0.7818063576087741,1.781806357608774,15
2019-20,2019-11-23,0021900231,CLE,POR,1,1,1392.7185455112217,1409.7517797882324,17.033234277011044,1423.685385200269,0.5058039235573131,6.0,6.0,0.1488850336233179,1.1488850336233178,16
2019-20,2019-11-25,0021900240,CLE,BKN,1,0,1409.7517797882324,1396.5398657781018,-13.211914010130618,1501.2209242144502,0.4194424695061721,2.0,-2.0,0.0499583749578799,1.04995837495788,17
2019-20,2019-11-27,0021900255,CLE,ORL,1,0,1396.5398657781018,1377.9882985455931,-18.5515672325086,1446.223317220254,0.4788813866248329,12.0,-12.0,0.2913126124515909,1.2913126124515908,18
2019-20,2019-11-29,0021900270,CLE,MIL,1,0,1377.9882985455931,1371.1893037320672,-6.798994813525897,1669.9262117014514,0.1855704218226739,9.0,-9.0,0.2212784678984439,1.221278467898444,19
2019-20,2019-12-03,0021900299,CLE,DET,1,0,1371.1893037320672,1347.2660597350052,-23.923243997061977,1423.3700770236076,0.4752950136768288,33.0,-33.0,0.6777821008468294,1.6777821008468294,20
2019-20,2019-12-06,0021900321,CLE,ORL,1,0,1347.2660597350052,1335.6761030855273,-11.58995664947801,1500.389883702975,0.3362667952053759,6.0,-6.0,0.1488850336233179,1.1488850336233178,21
2019-20,2019-12-07,0021900332,CLE,PHI,0,0,1335.6761030855273,1327.0669634929195,-8.609139592607677,1592.4245415692724,0.1571697670491898,47.0,-47.0,0.8258684551194575,1.8258684551194575,22
2019-20,2019-12-09,0021900344,CLE,BOS,0,0,1327.0669634929195,1321.8540484117584,-5.21291508116102,1645.199678512825,0.1158023962242191,22.0,-22.0,0.5005202111902353,1.5005202111902354,23
2019-20,2019-12-11,0021900356,CLE,HOU,1,0,1321.8540484117584,1314.3386114689306,-7.515436942827757,1578.7030431550386,0.2180501594409844,6.0,-6.0,0.1488850336233179,1.1488850336233178,24
2019-20,2019-12-12,0021900368,CLE,SAS,0,1,1314.3386114689306,1339.7680911199775,25.42947965104683,1433.1339314683937,0.2920771729766851,8.0,8.0,0.197375320224904,1.197375320224904,25
2019-20,2019-12-14,0021900385,CLE,MIL,0,0,1339.7680911199775,1336.522606988698,-3.245484131279418,1735.7376881310995,0.0772108751731813,17.0,-17.0,0.4011342849479459,1.401134284947946,26
2019-20,2019-12-16,0021900395,CLE,TOR,0,0,1336.522606988698,1329.4514340159667,-7.071172972731323,1588.028994819818,0.1612085355727721,20.0,-20.0,0.4621171572600097,1.4621171572600098,27
2019-20,2019-12-18,0021900407,CLE,CHA,1,1,1329.4514340159667,1348.8471162481314,19.395682232164848,1446.3752541962028,0.3842396455972863,2.0,2.0,0.0499583749578799,1.04995837495788,28
2019-20,2019-12-20,0021900420,CLE,MEM,1,1,1348.8471162481314,1369.155529185383,20.3084129372517,1437.775477851823,0.4230081724129598,7.0,7.0,0.1732351578346601,1.17323515783466,29
2019-20,2019-12-23,0021900444,CLE,ATL,1,1,1369.155529185383,1380.519623709833,11.36409452444992,1298.463154962613,0.6475789778917952,3.0,3.0,0.074859690687499,1.0748596906874992,30
2019-20,2019-12-27,0021900466,CLE,BOS,0,0,1380.519623709833,1375.3616389820024,-5.157984727830589,1670.9670891970045,0.1331457794209882,12.0,-12.0,0.2913126124515909,1.2913126124515908,31
2019-20,2019-12-28,0021900479,CLE,MIN,0,1,1375.3616389820024,1393.7527300843126,18.39109110231023,1363.7392746307912,0.4664075585146819,6.0,6.0,0.1488850336233179,1.1488850336233178,32
2019-20,2019-12-31,0021900500,CLE,TOR,0,0,1393.7527300843126,1385.061195302654,-8.691534781658554,1601.592867796856,0.1981495290009542,20.0,-20.0,0.4621171572600097,1.4621171572600098,33
2019-20,2020-01-02,0021900508,CLE,CHA,1,0,1385.061195302654,1366.5621984096688,-18.498996892985332,1368.4824912164186,0.5736871845773361,3.0,-3.0,0.074859690687499,1.0748596906874992,34
2019-20,2020-01-04,0021900527,CLE,OKC,1,0,1366.5621984096688,1356.1419219924517,-10.420276417217028,1587.16201851298,0.2557077744504388,15.0,-15.0,0.3583573983507859,1.358357398350786,35
2019-20,2020-01-05,0021900536,CLE,MIN,1,0,1356.1419219924517,1335.2773108228755,-20.864611169575852,1382.797745503451,0.5120059270338345,15.0,-15.0,0.3583573983507859,1.358357398350786,36
2019-20,2020-01-07,0021900548,CLE,DET,1,0,1335.2773108228755,1320.7840975838042,-14.493213239071544,1398.04758856663,0.4601202480892937,2.0,-2.0,0.0499583749578799,1.04995837495788,37
2019-20,2020-01-09,0021900563,CLE,DET,0,1,1320.7840975838042,1342.5413936538184,21.757296070014224,1412.5408018057014,0.3252670942847162,3.0,3.0,0.074859690687499,1.0748596906874992,38
2019-20,2020-01-11,0021900582,CLE,DEN,0,1,1342.5413936538184,1373.2782639634986,30.736870309680267,1616.7262093761012,0.1443264894890563,8.0,8.0,0.197375320224904,1.197375320224904,39
2019-20,2020-01-13,0021900597,CLE,LAL,0,0,1373.2782639634986,1368.6677818542637,-4.610482109235214,1730.1190373807888,0.0948660704308302,29.0,-29.0,0.619996867969374,1.619996867969374,40
2019-20,2020-01-14,0021900603,CLE,LAC,0,0,1368.6677818542637,1360.0639841365612,-8.603797717702326,1591.8613920935427,0.18448045058398,25.0,-25.0,0.5545997223493823,1.5545997223493822,41
2019-20,2020-01-17,0021900622,CLE,MEM,0,0,1360.0639841365612,1352.7394525639047,-7.324531572656571,1542.8919896699024,0.2220225137180189,4.0,-4.0,0.0996679946249558,1.099667994624956,42
2019-20,2020-01-18,0021900631,CLE,CHI,0,0,1352.7394525639047,1340.5490973374049,-12.190355226499904,1397.6313872231638,0.3870107462431207,2.0,-2.0,0.0499583749578799,1.04995837495788,43
2019-20,2020-01-20,0021900643,CLE,NYK,1,0,1340.5490973374049,1316.667996662405,-23.881100674999953,1344.5865429392986,0.5444411107646315,20.0,-20.0,0.4621171572600097,1.4621171572600098,44
2019-20,2020-01-23,0021900666,CLE,WAS,1,0,1316.667996662405,1299.0718356955535,-17.59616096685126,1383.5692563831883,0.4542189809340459,12.0,-12.0,0.2913126124515909,1.2913126124515908,45
2019-20,2020-01-25,0021900682,CLE,CHI,1,0,1299.0718356955535,1282.9285979002102,-16.14323779534336,1392.4892852345033,0.4167139090276779,12.0,-12.0,0.2913126124515909,1.2913126124515908,46
2019-20,2020-01-27,0021900693,CLE,DET,0,1,1282.9285979002102,1310.5612536704043,27.632655770194148,1377.3497216281762,0.3219100313426688,15.0,15.0,0.3583573983507859,1.358357398350786,47
2019-20,2020-01-28,0021900700,CLE,NOP,1,0,1310.5612536704043,1299.4314579150384,-11.12979575536598,1511.6946199209942,0.2776114793613455,14.0,-14.0,0.3363755443363322,1.3363755443363323,48
2019-20,2020-01-30,0021900714,CLE,TOR,1,0,1299.4314579150384,1294.882983100107,-4.548474814931668,1661.6586057280508,0.1319677972357492,6.0,-6.0,0.1488850336233179,1.1488850336233178,49
2019-20,2020-02-01,0021900730,CLE,GSW,1,0,1294.882983100107,1269.5378214394832,-25.34516166062355,1269.6771132761182,0.5857862570145481,19.0,-19.0,0.4422303560457261,1.442230356045726,50
2019-20,2020-02-03,0021900742,CLE,NYK,1,0,1269.5378214394832,1256.134301698127,-13.403519741356073,1376.8801938696795,0.3973698568639535,5.0,-5.0,0.1243530017715962,1.124353001771596,51
2019-20,2020-02-05,0021900760,CLE,OKC,0,0,1256.134301698127,1253.0856270213178,-3.0486746768093327,1626.3605986909986,0.0884531404386772,6.0,-6.0,0.1488850336233179,1.1488850336233178,52
2019-20,2020-02-09,0021900791,CLE,LAC,1,0,1253.0856270213178,1245.659986356634,-7.425640664683829,1603.8771568042794,0.1396929966621596,41.0,-41.0,0.7718952374404182,1.7718952374404182,53
2019-20,2020-02-12,0021900807,CLE,ATL,1,1,1245.659986356634,1274.0155547683655,28.355568411731625,1373.0449350925642,0.3700947133696707,22.0,22.0,0.5005202111902353,1.5005202111902354,54
2019-20,2020-02-21,0021900827,CLE,WAS,0,1,1274.0155547683655,1299.3916233264572,25.37606855809171,1432.0166580585812,0.2476838229598801,5.0,5.0,0.1243530017715962,1.124353001771596,55
2019-20,2020-02-22,0021900838,CLE,MIA,0,0,1299.3916233264572,1291.6629341650962,-7.728689161361063,1529.4275630351983,0.1786281719597925,19.0,-19.0,0.4422303560457261,1.442230356045726,56
2019-20,2020-02-24,0021900849,CLE,MIA,1,1,1291.6629341650962,1318.2228261606222,26.559891995526044,1537.1562521965595,0.229400934580829,6.0,6.0,0.1488850336233179,1.1488850336233178,57
2019-20,2020-02-26,0021900865,CLE,PHI,1,1,1318.2228261606222,1350.3080353070209,32.085209146398796,1594.377300888332,0.199695792040431,14.0,14.0,0.3363755443363322,1.3363755443363323,58
2019-20,2020-02-28,0021900883,CLE,NOP,0,0,1350.3080353070209,1343.0788148779118,-7.229220429109041,1571.051680458356,0.1866116786748789,12.0,-12.0,0.2913126124515909,1.2913126124515908,59
2019-20,2020-02-29,0021900890,CLE,IND,1,0,1343.0788148779118,1332.9184510885702,-10.160363789341655,1544.4691188128056,0.2773149628690729,9.0,-9.0,0.2212784678984439,1.221278467898444,60
2019-20,2020-03-02,0021900902,CLE,UTA,1,0,1332.9184510885702,1322.7071866014487,-10.211264487121602,1550.49547700636,0.2590335331335529,13.0,-13.0,0.3140209253469976,1.3140209253469977,61
2019-20,2020-03-04,0021900917,CLE,BOS,1,0,1322.7071866014487,1316.796054154276,-5.911132447172715,1631.3143225799556,0.1715034511483529,6.0,-6.0,0.1488850336233179,1.1488850336233178,62
2019-20,2020-03-07,0021900942,CLE,DEN,1,1,1316.796054154276,1342.1570135667444,25.360959412468542,1598.2574636725628,0.1948582592306443,2.0,2.0,0.0499583749578799,1.04995837495788,63
2019-20,2020-03-08,0021900954,CLE,SAS,1,1,1342.1570135667444,1362.3840428734406,20.227029306696185,1467.585969441132,0.3727234204941168,3.0,3.0,0.074859690687499,1.0748596906874992,64
2019-20,2020-03-10,0021900962,CLE,CHI,0,0,1362.3840428734406,1344.5893376271529,-17.79470524628777,1308.2181961076217,0.5275539271103586,5.0,-5.0,0.1243530017715962,1.124353001771596,65
2019-20,2019-10-23,0021900009,DAL,WAS,1,1,1500.0,1516.1574058030624,16.157405803062453,1500.0,0.550199353253537,8.0,8.0,0.197375320224904,1.197375320224904,1
2019-20,2019-10-25,0021900021,DAL,NOP,0,1,1516.1574058030624,1533.8919423261082,17.734536523045787,1483.8425941969376,0.4961357802080387,7.0,7.0,0.1732351578346601,1.17323515783466,2
2019-20,2019-10-27,0021900038,DAL,POR,1,0,1533.8919423261082,1515.0893217131518,-18.80262061295645,1500.6731419997086,0.5969322550115612,2.0,-2.0,0.0499583749578799,1.04995837495788,3
2019-20,2019-10-29,0021900053,DAL,DEN,0,1,1515.0893217131518,1534.334945165007,19.24562345185513,1548.2425393677352,0.4031585821976667,3.0,3.0,0.074859690687499,1.0748596906874992,4
2019-20,2019-11-01,0021900074,DAL,LAL,1,0,1534.334945165007,1514.4191227130475,-19.915822451959244,1538.9764567605366,0.5435785251671572,9.0,-9.0,0.2212784678984439,1.221278467898444,5
2019-20,2019-11-03,0021900089,DAL,CLE,0,1,1514.4191227130475,1536.326380262563,21.907257549514934,1479.031004742363,0.5005585464261775,20.0,20.0,0.4621171572600097,1.4621171572600098,6
2019-20,2019-11-06,0021900109,DAL,ORL,1,1,1536.326380262563,1546.2731717216964,9.946791459133658,1443.1487607568208,0.6765254637594336,1.0,1.0,0.0249947929684206,1.0249947929684209,7
2019-20,2019-11-08,0021900122,DAL,NYK,1,0,1546.2731717216964,1521.6803235087143,-24.592848212982137,1394.6032655874792,0.7454628225121582,4.0,-4.0,0.0996679946249558,1.099667994624956,8
2019-20,2019-11-09,0021900130,DAL,MEM,0,1,1521.6803235087143,1538.768340697185,17.088017188470722,1425.4397812076447,0.5872306958236075,16.0,16.0,0.3799489622552249,1.379948962255225,9
2019-20,2019-11-11,0021900141,DAL,BOS,0,0,1538.768340697185,1525.3814792687192,-13.386861428465798,1604.896622895744,0.358440055369246,10.0,-10.0,0.2449186624037091,1.2449186624037092,10
2019-20,2019-11-14,0021900162,DAL,NYK,0,0,1525.3814792687192,1504.3507283278618,-21.030750940857356,1381.1598945226667,0.6522014337643678,3.0,-3.0,0.074859690687499,1.0748596906874992,11
2019-20,2019-11-16,0021900180,DAL,TOR,1,1,1504.3507283278618,1524.4694670428348,20.118738714972952,1581.3004792335269,0.4399211237237896,8.0,8.0,0.197375320224904,1.197375320224904,12
2019-20,2019-11-18,0021900194,DAL,SAS,1,1,1524.4694670428348,1535.9022311630438,11.432764120208905,1432.360022446814,0.6751783861952739,7.0,7.0,0.1732351578346601,1.17323515783466,13
2019-20,2019-11-20,0021900208,DAL,GSW,1,1,1535.9022311630438,1550.073822620273,14.17159145722917,1387.0436959128688,0.7423798461819546,48.0,48.0,0.8336546070121552,1.833654607012155,14
2019-20,2019-11-22,0021900221,DAL,CLE,1,1,1550.073822620273,1564.1772212815754,14.10339866130237,1406.821944172524,0.7361591585401109,42.0,42.0,0.7818063576087741,1.781806357608774,15
2019-20,2019-11-24,0021900235,DAL,HOU,0,1,1564.1772212815754,1587.368888231356,23.191666949780632,1584.1594437537892,0.4215282012088894,14.0,14.0,0.3363755443363322,1.3363755443363323,16
2019-20,2019-11-26,0021900251,DAL,LAC,1,0,1587.368888231356,1565.9646865503744,-21.404201680981625,1604.8104195305768,0.5252471773866724,15.0,-15.0,0.3583573983507859,1.358357398350786,17
2019-20,2019-11-29,0021900277,DAL,PHX,0,1,1565.9646865503744,1580.9495206898966,14.984834139522182,1478.979850881382,0.5742588619324361,7.0,7.0,0.1732351578346601,1.17323515783466,18
2019-20,2019-12-01,0021900287,DAL,LAL,0,1,1580.9495206898966,1608.4967040322406,27.547183342343843,1682.604833089831,0.3128881708166782,14.0,14.0,0.3363755443363322,1.3363755443363323,19
2019-20,2019-12-03,0021900302,DAL,NOP,0,1,1608.4967040322406,1621.0732457015224,12.576541669281877,1411.9686323792214,0.7170408607894495,21.0,21.0,0.4815497983643079,1.481549798364308,20
2019-20,2019-12-04,0021900313,DAL,MIN,1,1,1621.0732457015224,1630.470676794459,9.397431092936488,1480.6315574115863,0.7330051856986476,7.0,7.0,0.1732351578346601,1.17323515783466,21
2019-20,2019-12-07,0021900330,DAL,NOP,1,1,1630.470676794459,1639.443165793323,8.97248899886407,1383.2018560207964,0.835465660479904,46.0,46.0,0.8177540779702877,1.8177540779702877,22
2019-20,2019-12-08,0021900340,DAL,SAC,1,0,1639.443165793323,1613.417265236209,-26.025900557114092,1445.4278387138058,0.7889017619962129,4.0,-4.0,0.0996679946249558,1.099667994624956,23
2019-20,2019-12-12,0021900369,DAL,DET,0,1,1613.417265236209,1626.8869948084969,13.469729572287749,1473.9393311216647,0.6459818750850733,11.0,11.0,0.2682711820216014,1.2682711820216013,24
2019-20,2019-12-14,0021900384,DAL,MIA,1,0,1626.8869948084969,1608.255330463588,-18.63166434490885,1616.6284567970165,0.5647663487518708,4.0,-4.0,0.0996679946249558,1.099667994624956,25
2019-20,2019-12-16,0021900398,DAL,MIL,0,1,1608.255330463588,1632.0715043797752,23.816173916187253,1738.9831722623792,0.2780798679662762,4.0,4.0,0.0996679946249558,1.099667994624956,26
2019-20,2019-12-18,0021900413,DAL,BOS,1,0,1632.0715043797752,1612.1347849561405,-19.93671942363487,1612.114257778533,0.5784367405547117,6.0,-6.0,0.1488850336233179,1.1488850336233178,27
2019-20,2019-12-20,0021900425,DAL,PHI,0,1,1612.1347849561405,1635.5740792681318,23.439294311991596,1606.204394860771,0.4582628169456251,19.0,19.0,0.4422303560457261,1.442230356045726,28
2019-20,2019-12-22,0021900439,DAL,TOR,0,0,1635.5740792681318,1620.157897242238,-15.416182025893775,1615.812954756341,0.4780835476933526,3.0,-3.0,0.074859690687499,1.0748596906874992,29
2019-20,2019-12-26,0021900463,DAL,SAS,1,1,1620.157897242238,1628.1854132358485,8.027515993610505,1458.0749719510775,0.7566684965265871,4.0,4.0,0.0996679946249558,1.099667994624956,30
2019-20,2019-12-28,0021900482,DAL,GSW,0,1,1628.1854132358485,1637.4405810332516,9.255167797403136,1364.0667898006302,0.7890007707556712,20.0,20.0,0.4621171572600097,1.4621171572600098,31
2019-20,2019-12-29,0021900490,DAL,LAL,0,0,1637.4405810332516,1620.8591693398505,-16.581411693401417,1658.0644573321515,0.4206277940112892,13.0,-13.0,0.3140209253469976,1.3140209253469977,32
2019-20,2019-12-31,0021900503,DAL,OKC,0,0,1620.8591693398505,1602.4712722339575,-18.387897105892527,1554.4069808307986,0.5451400961833008,5.0,-5.0,0.1243530017715962,1.124353001771596,33
2019-20,2020-01-02,0021900513,DAL,BKN,1,1,1602.4712722339575,1613.0633757218675,10.59210348790996,1467.6896165743908,0.7265804477868821,12.0,12.0,0.2913126124515909,1.2913126124515908,34
2019-20,2020-01-04,0021900530,DAL,CHA,1,0,1613.0633757218675,1586.6860668519414,-26.377308869926352,1386.981488109404,0.8180078168483231,3.0,-3.0,0.074859690687499,1.0748596906874992,35
2019-20,2020-01-06,0021900545,DAL,CHI,1,1,1586.6860668519414,1594.9698437123927,8.283776860451301,1412.3780297937626,0.7693906908850336,8.0,8.0,0.197375320224904,1.197375320224904,36
2019-20,2020-01-08,0021900559,DAL,DEN,1,0,1594.9698437123927,1578.2732598258965,-16.69658388649654,1600.0296254896048,0.5429810961329423,1.0,-1.0,0.0249947929684206,1.0249947929684209,37
2019-20,2020-01-10,0021900572,DAL,LAL,1,0,1578.2732598258965,1562.768205147441,-15.505054678455274,1697.9586806156908,0.3804853984496356,15.0,-15.0,0.3583573983507859,1.358357398350786,38
2019-20,2020-01-11,0021900581,DAL,PHI,1,1,1562.768205147441,1584.1563716632422,21.388166515801217,1598.7404030822454,0.49860089835657,18.0,18.0,0.4218990052500079,1.4218990052500078,39
2019-20,2020-01-14,0021900602,DAL,GSW,0,1,1584.1563716632422,1592.5648923332,8.408520669957861,1281.5558998621696,0.8235275373319316,27.0,27.0,0.5882592563981054,1.5882592563981053,40
2019-20,2020-01-15,0021900612,DAL,SAC,0,1,1592.5648923332,1601.961081281886,9.396188948685802,1397.6260567521203,0.715181036621561,4.0,4.0,0.0996679946249558,1.099667994624956,41
2019-20,2020-01-17,0021900625,DAL,POR,1,1,1601.961081281886,1611.228914969555,9.26783368766914,1453.4511582380485,0.7419958601360306,8.0,8.0,0.197375320224904,1.197375320224904,42
2019-20,2020-01-21,0021900653,DAL,LAC,1,0,1611.228914969555,1594.364723407336,-16.86419156221897,1630.243300079142,0.5229889292630165,3.0,-3.0,0.074859690687499,1.0748596906874992,43
2019-20,2020-01-23,0021900668,DAL,POR,0,1,1594.364723407336,1606.4882562789412,12.12353287160528,1442.2022118258935,0.6624970002630948,8.0,8.0,0.197375320224904,1.197375320224904,44
2019-20,2020-01-25,0021900680,DAL,UTA,0,0,1606.4882562789412,1594.4809143175564,-12.007341961384682,1674.4794094305994,0.3559778213919535,5.0,-5.0,0.1243530017715962,1.124353001771596,45
2019-20,2020-01-27,0021900697,DAL,OKC,0,1,1594.4809143175564,1616.6558153053763,22.174900987819942,1625.4009124572483,0.4062556947829217,10.0,10.0,0.2449186624037091,1.2449186624037092,46
2019-20,2020-01-28,0021900706,DAL,PHX,1,0,1616.6558153053763,1578.426150954204,-38.229664351172566,1425.0111725524976,0.7866201288626049,29.0,-29.0,0.619996867969374,1.619996867969374,47
2019-20,2020-01-31,0021900722,DAL,HOU,0,0,1578.426150954204,1561.3991518523717,-17.02699910183222,1554.7134085202847,0.4837620428757436,7.0,-7.0,0.1732351578346601,1.17323515783466,48
2019-20,2020-02-01,0021900733,DAL,ATL,1,1,1561.3991518523717,1571.421467056104,10.02231520373222,1376.4586455514848,0.7800708548076574,23.0,23.0,0.5190218338982221,1.519021833898222,49
2019-20,2020-02-03,0021900743,DAL,IND,0,1,1571.421467056104,1591.648050088036,20.22658303193235,1572.728296277091,0.4479396369298717,9.0,9.0,0.2212784678984439,1.221278467898444,50
2019-20,2020-02-05,0021900761,DAL,MEM,1,0,1591.648050088036,1567.438176210209,-24.209873877827576,1553.4064704693108,0.6038690242033381,14.0,-14.0,0.3363755443363322,1.3363755443363323,51
2019-20,2020-02-07,0021900770,DAL,WAS,0,0,1567.438176210209,1545.817729570222,-21.62044663998651,1382.6691517310803,0.7031075275798213,1.0,-1.0,0.0249947929684206,1.0249947929684209,52
2019-20,2020-02-08,0021900778,DAL,CHA,0,1,1545.817729570222,1555.284470673224,9.466741103001931,1299.608962430359,0.7713262987270049,16.0,16.0,0.3799489622552249,1.379948962255225,53
2019-20,2020-02-10,0021900798,DAL,UTA,1,0,1555.284470673224,1539.5122372609155,-15.772233412308395,1605.5183208123456,0.4780907658614892,4.0,-4.0,0.0996679946249558,1.099667994624956,54
2019-20,2020-02-12,0021900814,DAL,SAC,1,1,1539.5122372609155,1554.594878382174,15.08264112125846,1465.9004827108042,0.6514047135851516,19.0,19.0,0.4422303560457261,1.442230356045726,55
2019-20,2020-02-21,0021900826,DAL,ORL,0,1,1554.594878382174,1570.7796504436913,16.184772061517407,1442.5829028766502,0.6090490178934606,16.0,16.0,0.3799489622552249,1.379948962255225,56
2019-20,2020-02-22,0021900837,DAL,ATL,0,0,1570.7796504436913,1546.9377094127742,-23.84194103091705,1369.3753453439613,0.7227011894333433,4.0,-4.0,0.0996679946249558,1.099667994624956,57
2019-20,2020-02-24,0021900854,DAL,MIN,1,1,1546.9377094127742,1553.442114607301,6.504405194526639,1290.120124917948,0.8428829526203006,16.0,16.0,0.3799489622552249,1.379948962255225,58
2019-20,2020-02-26,0021900869,DAL,SAS,0,1,1553.442114607301,1569.5997324964414,16.157617889140433,1496.7278326283915,0.5312087395961909,6.0,6.0,0.1488850336233179,1.1488850336233178,59
2019-20,2020-02-28,0021900880,DAL,MIA,0,0,1569.5997324964414,1549.0515280946977,-20.548204401743835,1484.1942563204796,0.5720346287045082,8.0,-8.0,0.197375320224904,1.197375320224904,60
2019-20,2020-03-01,0021900896,DAL,MIN,0,1,1549.0515280946977,1558.9753214536534,9.923793358955605,1300.439304087979,0.773757451430849,20.0,20.0,0.4621171572600097,1.4621171572600098,61
2019-20,2020-03-02,0021900907,DAL,CHI,0,0,1558.9753214536534,1534.8464496311722,-24.1288718224811,1317.94466799133,0.7660262983742585,2.0,-2.0,0.0499583749578799,1.04995837495788,62
2019-20,2020-03-04,0021900923,DAL,NOP,1,1,1534.8464496311722,1549.7001334894828,14.853683858310626,1535.1601075269134,0.5497524728398743,4.0,4.0,0.0996679946249558,1.099667994624956,63
2019-20,2020-03-06,0021900937,DAL,MEM,1,1,1549.7001334894828,1571.9950354017744,22.29490191229158,1569.4320797138412,0.5219583624051576,25.0,25.0,0.5545997223493823,1.5545997223493822,64
2019-20,2020-03-08,0021900952,DAL,IND,1,0,1571.9950354017744,1554.1374166170017,-17.857618784772757,1569.4678639132792,0.553796895213077,3.0,-3.0,0.074859690687499,1.0748596906874992,65
2019-20,2020-03-10,0021900965,DAL,SAS,0,0,1554.1374166170017,1531.659691960008,-22.477724656993807,1447.3589401344357,0.6018525637006531,10.0,-10.0,0.2449186624037091,1.2449186624037092,66
2019-20,2020-03-11,0021900973,DAL,DEN,1,1,1531.659691960008,1554.3046183945394,22.644926434531417,1599.4147314324305,0.4530008704688316,16.0,16.0,0.3799489622552249,1.379948962255225,67
2019-20,2020-07-31,0021901238,DAL,HOU,1,0,1554.3046183945394,1536.1458377266315,-18.15878066790765,1554.1411548335946,0.5504322139853596,4.0,-4.0,0.0996679946249558,1.099667994624956,68
2019-20,2020-08-02,0021901249,DAL,PHX,0,0,1536.1458377266315,1517.997927260555,-18.147910466076993,1447.818633213092,0.5761469819158311,2.0,-2.0,0.0499583749578799,1.04995837495788,69
2019-20,2020-08-04,0021901257,DAL,SAC,0,1,1517.997927260555,1534.4256690302848,16.427741769730066,1481.580835735396,0.5020393473294704,4.0,4.0,0.0996679946249558,1.099667994624956,70
2019-20,2020-08-06,0021901271,DAL,LAC,1,0,1534.4256690302848,1518.1113937045657,-16.314275325719223,1639.613775743809,0.4003432220299501,15.0,-15.0,0.3583573983507859,1.358357398350786,71
2019-20,2020-08-08,0021901284,DAL,MIL,1,1,1518.1113937045657,1540.1740511359728,22.062657431407143,1675.1680657428176,0.3312327739145893,4.0,4.0,0.0996679946249558,1.099667994624956,72
2019-20,2020-08-10,0021901293,DAL,UTA,0,1,1540.1740511359728,1560.2567423441867,20.082691208213944,1546.4164456007838,0.4409246382762759,8.0,8.0,0.197375320224904,1.197375320224904,73
2019-20,2020-08-11,0021901300,DAL,POR,1,0,1560.2567423441867,1541.0515532618165,-19.205189082370183,1528.0083587658728,0.5955874752386272,3.0,-3.0,0.074859690687499,1.0748596906874992,74
2019-20,2020-08-13,0021901313,DAL,PHX,0,0,1541.0515532618165,1522.8384808616452,-18.213072400171313,1586.4798289623366,0.3862785613008048,26.0,-26.0,0.5716699660851172,1.5716699660851172,75
2019-20,2019-10-23,0021900013,DEN,POR,0,1,1500.0,1519.7638538036847,19.76385380368467,1500.0,0.449800646746463,8.0,8.0,0.197375320224904,1.197375320224904,1
2019-20,2019-10-25,0021900023,DEN,PHX,1,1,1519.7638538036847,1533.68704464342,13.923190839735293,1521.860269168196,0.5472110058428282,1.0,1.0,0.0249947929684206,1.0249947929684209,2
2019-20,2019-10-28,0021900050,DEN,SAC,0,1,1533.68704464342,1548.2425393677352,14.555494724315192,1438.000826509831,0.586457025058272,7.0,7.0,0.1732351578346601,1.17323515783466,3
2019-20,2019-10-29,0021900053,DEN,DAL,1,0,1548.2425393677352,1528.99691591588,-19.24562345185513,1515.0893217131518,0.5968414178023332,3.0,-3.0,0.074859690687499,1.0748596906874992,4
2019-20,2019-10-31,0021900067,DEN,NOP,0,0,1528.99691591588,1504.994298661668,-24.00261725421208,1431.479742787962,0.5890108470557707,15.0,-15.0,0.3583573983507859,1.358357398350786,5
2019-20,2019-11-02,0021900079,DEN,ORL,0,1,1504.994298661668,1521.7432486188402,16.74894995717234,1475.3432647189015,0.492302827185442,4.0,4.0,0.0996679946249558,1.099667994624956,6
2019-20,2019-11-05,0021900102,DEN,MIA,1,1,1521.7432486188402,1544.9586892342668,23.21544061542648,1577.1022008540574,0.4707346010736937,20.0,20.0,0.4621171572600097,1.4621171572600098,7
2019-20,2019-11-08,0021900123,DEN,PHI,1,1,1544.9586892342668,1559.8996944615994,14.941005227332615,1554.4441282177113,0.5366525399615619,3.0,3.0,0.074859690687499,1.0748596906874992,8
2019-20,2019-11-10,0021900132,DEN,MIN,0,1,1559.8996944615994,1575.3006001790186,15.400905717419164,1517.2110970272715,0.5110629752969339,2.0,2.0,0.0499583749578799,1.04995837495788,9
2019-20,2019-11-12,0021900150,DEN,ATL,1,0,1575.3006001790186,1551.118234535466,-24.182365643552675,1434.8455832755988,0.7330202013017612,4.0,-4.0,0.0996679946249558,1.099667994624956,10
2019-20,2019-11-14,0021900166,DEN,BKN,1,1,1551.118234535466,1563.1573509365828,12.039116401116967,1467.1267606507856,0.6648470423109648,8.0,8.0,0.197375320224904,1.197375320224904,11
2019-20,2019-11-17,0021900186,DEN,MEM,0,1,1563.1573509365828,1580.5854058063226,17.428054869739796,1468.240696328001,0.5853822374018616,17.0,17.0,0.4011342849479459,1.401134284947946,12
2019-20,2019-11-20,0021900211,DEN,HOU,1,1,1580.5854058063226,1599.421105460146,18.835699653823465,1618.5980835879427,0.4956645168165662,10.0,10.0,0.2449186624037091,1.2449186624037092,13
2019-20,2019-11-22,0021900222,DEN,BOS,1,1,1599.421105460146,1614.930694274121,15.509588813975023,1613.6401655016948,0.5298705642738227,4.0,4.0,0.0996679946249558,1.099667994624956,14
2019-20,2019-11-24,0021900238,DEN,PHX,1,1,1614.930694274121,1627.0730829597285,12.142388685607386,1513.719352633037,0.6865621185625804,12.0,12.0,0.2913126124515909,1.2913126124515908,15
2019-20,2019-11-26,0021900252,DEN,WAS,1,1,1627.0730829597285,1636.2116480745335,9.13856511480516,1453.9501057971468,0.7681780926892543,13.0,13.0,0.3140209253469976,1.3140209253469977,16
2019-20,2019-11-30,0021900280,DEN,SAC,0,0,1636.2116480745335,1614.8187233004264,-21.392924774107033,1483.3213579391754,0.6634330961040363,3.0,-3.0,0.074859690687499,1.0748596906874992,17
2019-20,2019-12-03,0021900304,DEN,LAL,1,0,1614.8187233004264,1596.7757573317183,-18.04296596870787,1655.057649747487,0.4924611501518271,9.0,-9.0,0.2212784678984439,1.221278467898444,18
2019-20,2019-12-05,0021900317,DEN,NYK,0,1,1596.7757573317183,1607.9563901269212,11.180632795202706,1337.465484980669,0.7843559364414401,37.0,37.0,0.7282542059818115,1.7282542059818111,19
2019-20,2019-12-06,0021900323,DEN,BOS,0,0,1607.9563901269212,1591.3772028758697,-16.579187251051607,1628.6204912617732,0.4205713656265529,13.0,-13.0,0.3140209253469976,1.3140209253469977,20
2019-20,2019-12-08,0021900335,DEN,BKN,0,0,1591.3772028758697,1574.2965959793771,-17.080606896492224,1535.714955387001,0.5297003582413988,3.0,-3.0,0.074859690687499,1.0748596906874992,21
2019-20,2019-12-10,0021900353,DEN,PHI,0,0,1574.2965959793771,1561.122356413474,-13.174239565903331,1616.5847788824633,0.3905724609366522,5.0,-5.0,0.1243530017715962,1.124353001771596,22
2019-20,2019-12-12,0021900370,DEN,POR,1,1,1561.122356413474,1573.6638804385425,12.541524025068211,1455.306186990864,0.6922379917515283,15.0,15.0,0.3583573983507859,1.358357398350786,23
2019-20,2019-12-14,0021900387,DEN,OKC,1,1,1573.6638804385425,1586.4381865850585,12.774306146516162,1505.4012731263826,0.6443803394879629,8.0,8.0,0.197375320224904,1.197375320224904,24
2019-20,2019-12-15,0021900392,DEN,NYK,1,1,1586.4381865850585,1592.3577961138285,5.919609528769997,1348.1315769211894,0.8282505978832678,6.0,6.0,0.1488850336233179,1.1488850336233178,25
2019-20,2019-12-18,0021900414,DEN,ORL,1,1,1592.3577961138285,1603.142329635378,10.784533521549486,1475.4684501995655,0.7056490717166977,9.0,9.0,0.2212784678984439,1.221278467898444,26
2019-20,2019-12-20,0021900427,DEN,MIN,1,1,1603.142329635378,1609.9132042138042,6.770874578426161,1380.3208078188516,0.8151970863211518,9.0,9.0,0.2212784678984439,1.221278467898444,27
2019-20,2019-12-22,0021900443,DEN,LAL,0,1,1609.9132042138042,1640.879773208225,30.96656899442085,1699.1636693197684,0.3284413276946621,24.0,24.0,0.5370495669980352,1.5370495669980353,28
2019-20,2019-12-23,0021900451,DEN,PHX,0,1,1640.879773208225,1648.0040735108548,7.124300302629677,1392.2027235492071,0.7738227701037681,2.0,2.0,0.0499583749578799,1.04995837495788,29
2019-20,2019-12-25,0021900459,DEN,NOP,1,0,1648.0040735108548,1614.5031654830368,-33.50090802781804,1360.6632379942969,0.8647766028866729,12.0,-12.0,0.2913126124515909,1.2913126124515908,30
2019-20,2019-12-28,0021900472,DEN,MEM,1,1,1614.5031654830368,1622.8116117840518,8.308446301014976,1436.413028348442,0.7732309073536681,9.0,9.0,0.2212784678984439,1.221278467898444,31
2019-20,2019-12-29,0021900489,DEN,SAC,1,1,1622.8116117840518,1628.9795334885905,6.1679217045385775,1397.7386488753882,0.8171416007007277,5.0,5.0,0.1243530017715962,1.124353001771596,32
2019-20,2019-12-31,0021900501,DEN,HOU,0,0,1628.9795334885905,1604.5962906721873,-24.383242816403303,1582.0641736037182,0.5171408616856901,26.0,-26.0,0.5716699660851172,1.5716699660851172,33
2019-20,2020-01-02,0021900509,DEN,IND,0,1,1604.5962906721873,1624.569752271604,19.973461599416527,1608.6973357259776,0.4439654450295252,8.0,8.0,0.197375320224904,1.197375320224904,34
2019-20,2020-01-04,0021900528,DEN,WAS,0,0,1624.569752271604,1592.6491164898778,-31.92063578172601,1352.8433685028162,0.7961992399768225,14.0,-14.0,0.3363755443363322,1.3363755443363323,35
2019-20,2020-01-06,0021900543,DEN,ATL,0,1,1592.6491164898778,1600.0296254896048,7.380508999727064,1322.6974858887547,0.7945364644634907,8.0,8.0,0.197375320224904,1.197375320224904,36
2019-20,2020-01-08,0021900559,DEN,DAL,0,1,1600.0296254896048,1616.7262093761012,16.69658388649654,1594.9698437123927,0.4570189038670577,1.0,1.0,0.0249947929684206,1.0249947929684209,37
2019-20,2020-01-11,0021900582,DEN,CLE,1,0,1616.7262093761012,1585.989339066421,-30.736870309680267,1342.5413936538184,0.8556735105109436,8.0,-8.0,0.197375320224904,1.197375320224904,38
2019-20,2020-01-12,0021900589,DEN,LAC,1,1,1585.989339066421,1604.0695302477095,18.080191181288697,1609.9415832748314,0.5158936422298956,10.0,10.0,0.2449186624037091,1.2449186624037092,39
2019-20,2020-01-15,0021900610,DEN,CHA,1,1,1604.0695302477095,1610.6496070535577,6.580076805848043,1356.285977835812,0.8358725625758183,14.0,14.0,0.3363755443363322,1.3363755443363323,40
2019-20,2020-01-16,0021900617,DEN,GSW,0,1,1610.6496070535577,1615.458823417141,4.809216363583373,1273.1473791922117,0.8508575458654417,3.0,3.0,0.074859690687499,1.0748596906874992,41
2019-20,2020-01-19,0021900638,DEN,IND,1,0,1615.458823417141,1594.868651931445,-20.590171485696334,1599.2240299179164,0.5732029363978336,8.0,-8.0,0.197375320224904,1.197375320224904,42
2019-20,2020-01-20,0021900649,DEN,MIN,0,1,1594.868651931445,1603.5488739374964,8.680222006051677,1365.87232545845,0.7533821488361571,7.0,7.0,0.1732351578346601,1.17323515783466,43
2019-20,2020-01-22,0021900662,DEN,HOU,0,0,1603.5488739374964,1580.8672308452872,-22.681643092209345,1535.171948121054,0.547886038121805,16.0,-16.0,0.3799489622552249,1.379948962255225,44
2019-20,2020-01-24,0021900676,DEN,NOP,0,1,1580.8672308452872,1596.2183392996997,15.351108454412566,1501.2544022434172,0.5638524708963775,7.0,7.0,0.1732351578346601,1.17323515783466,45
2019-20,2020-01-26,0021900685,DEN,HOU,1,1,1596.2183392996997,1610.6058010095628,14.387461709863102,1567.1065769252757,0.5912310896985389,7.0,7.0,0.1732351578346601,1.17323515783466,46
2019-20,2020-01-28,0021900704,DEN,MEM,0,0,1610.6058010095628,1590.6611676958626,-19.94463331370031,1537.069409277295,0.5552320139117308,8.0,-8.0,0.197375320224904,1.197375320224904,47
2019-20,2020-01-30,0021900718,DEN,UTA,1,1,1590.6611676958626,1608.3971010871558,17.735933391293166,1635.7979979639206,0.4854160665273259,6.0,6.0,0.1488850336233179,1.1488850336233178,48
2019-20,2020-01-31,0021900724,DEN,MIL,0,1,1608.3971010871558,1637.5439079185562,29.14680683140036,1766.4594754195195,0.2476181070757043,12.0,12.0,0.2913126124515909,1.2913126124515908,49
2019-20,2020-02-02,0021900737,DEN,DET,0,0,1637.5439079185562,1609.615900054596,-27.928007863960207,1329.5764449304395,0.8279727043006129,5.0,-5.0,0.1243530017715962,1.124353001771596,50
2019-20,2020-02-04,0021900753,DEN,POR,1,1,1609.615900054596,1626.3257593635612,16.709859308965072,1534.916054271558,0.6528256686258792,28.0,28.0,0.6043677771171634,1.6043677771171634,51
2019-20,2020-02-05,0021900762,DEN,UTA,0,1,1626.3257593635612,1642.510633451023,16.18487408746192,1592.66135827104,0.4980779281337396,3.0,3.0,0.074859690687499,1.0748596906874992,52
2019-20,2020-02-08,0021900784,DEN,PHX,0,1,1642.510633451023,1652.698846135347,10.188212684323904,1441.778635537198,0.7219249348906857,9.0,9.0,0.2212784678984439,1.221278467898444,53
2019-20,2020-02-10,0021900799,DEN,SAS,1,1,1652.698846135347,1660.3060480255613,7.607201890214274,1463.8890694155718,0.783868225694434,7.0,7.0,0.1732351578346601,1.17323515783466,54
2019-20,2020-02-12,0021900817,DEN,LAL,1,0,1660.3060480255613,1642.1199127926452,-18.18613523291607,1659.5603927080892,0.5512613904623243,4.0,-4.0,0.0996679946249558,1.099667994624956,55
2019-20,2020-02-21,0021900831,DEN,OKC,0,0,1642.1199127926452,1622.869028867066,-19.250883925579338,1609.2509585066146,0.4969332171505455,12.0,-12.0,0.2913126124515909,1.2913126124515908,56
2019-20,2020-02-23,0021900844,DEN,MIN,1,1,1622.869028867066,1627.12392256883,4.254893701764103,1294.375018619712,0.8901661854060762,12.0,12.0,0.2913126124515909,1.2913126124515908,57
2019-20,2020-02-25,0021900860,DEN,DET,1,1,1627.12392256883,1631.8270530494442,4.703130480614095,1302.251358506018,0.8881113554178042,17.0,17.0,0.4011342849479459,1.401134284947946,58
2019-20,2020-02-28,0021900886,DEN,LAC,0,0,1631.8270530494442,1607.0913450665937,-24.7357079828507,1590.5960528500136,0.5089661688432006,29.0,-29.0,0.619996867969374,1.619996867969374,59
2019-20,2020-03-01,0021900898,DEN,TOR,1,1,1607.0913450665937,1628.1971616602852,21.105816593691777,1654.5522326718497,0.4820750263193655,15.0,15.0,0.3583573983507859,1.358357398350786,60
2019-20,2020-03-03,0021900913,DEN,GSW,1,0,1628.1971616602852,1590.658538536968,-37.5386231233173,1268.0338055269838,0.9067635627617372,16.0,-16.0,0.3799489622552249,1.379948962255225,61
2019-20,2020-03-05,0021900926,DEN,CHA,0,1,1590.658538536968,1598.2574636725628,7.598925135595059,1356.6015084131377,0.7587547177477426,2.0,2.0,0.0499583749578799,1.04995837495788,62
2019-20,2020-03-07,0021900942,DEN,CLE,0,0,1598.2574636725628,1572.8965042600944,-25.360959412468542,1316.796054154276,0.8051417407693557,2.0,-2.0,0.0499583749578799,1.04995837495788,63
2019-20,2020-03-09,0021900958,DEN,MIL,1,1,1572.8965042600944,1599.4147314324305,26.51822717233599,1724.2434581476891,0.3385535155213322,14.0,14.0,0.3363755443363322,1.3363755443363323,64
2019-20,2020-03-11,0021900973,DEN,DAL,0,0,1599.4147314324305,1576.769804997899,-22.644926434531417,1531.659691960008,0.5469991295311684,16.0,-16.0,0.3799489622552249,1.379948962255225,65
2019-20,2020-08-01,0021901239,DEN,MIA,1,0,1576.769804997899,1549.4738848686595,-27.29592012923939,1525.0344930255098,0.622292132877405,20.0,-20.0,0.4621171572600097,1.4621171572600098,66
2019-20,2020-08-03,0021901251,DEN,OKC,0,1,1549.4738848686595,1574.8109537954438,25.337068926784305,1666.1133718990775,0.2946497643967579,8.0,8.0,0.197375320224904,1.197375320224904,67
2019-20,2020-08-05,0021901264,DEN,SAS,0,1,1574.8109537954438,1589.806043737077,14.995089941633388,1494.4311675651643,0.5649379034807239,6.0,6.0,0.1488850336233179,1.1488850336233178,68
2019-20,2020-08-06,0021901272,DEN,POR,1,0,1589.806043737077,1564.5905130559318,-25.215530681145292,1497.712177309358,0.6751587190030749,10.0,-10.0,0.2449186624037091,1.2449186624037092,69
2019-20,2020-08-08,0021901281,DEN,UTA,1,1,1564.5905130559318,1578.570715584139,13.980202528207313,1560.396648128991,0.5561664518758298,2.0,2.0,0.0499583749578799,1.04995837495788,70
2019-20,2020-08-10,0021901296,DEN,LAL,0,0,1578.570715584139,1567.2391355307063,-11.331580053432573,1650.031118407022,0.3514126898486844,3.0,-3.0,0.074859690687499,1.0748596906874992,71
2019-20,2020-08-12,0021901307,DEN,LAC,1,0,1567.2391355307063,1549.6954643602924,-17.543671170413866,1640.585706126697,0.4450378435635402,13.0,-13.0,0.3140209253469976,1.3140209253469977,72
2019-20,2020-08-14,0021901318,DEN,TOR,0,0,1549.6954643602924,1541.4641041719608,-8.231360188331589,1725.4353732473198,0.2291500988118324,8.0,-8.0,0.197375320224904,1.197375320224904,73
2019-20,2019-10-23,0021900004,DET,IND,0,1,1500.0,1520.1583986954058,20.15839869540583,1500.0,0.449800646746463,9.0,9.0,0.2212784678984439,1.221278467898444,1
2019-20,2019-10-24,0021900014,DET,ATL,1,0,1520.1583986954058,1495.8325046976806,-24.325893997725128,1500.0,0.5787190720892459,17.0,-17.0,0.4011342849479459,1.401134284947946,2
2019-20,2019-10-26,0021900027,DET,PHI,1,0,1495.8325046976806,1477.964647325167,-17.867857372513427,1518.0330775241591,0.5184115279768924,6.0,-6.0,0.1488850336233179,1.1488850336233178,3
2019-20,2019-10-28,0021900041,DET,IND,1,1,1477.964647325167,1491.4613386178703,13.49669129270317,1462.9266915943206,0.5715166234329813,2.0,2.0,0.0499583749578799,1.04995837495788,4
2019-20,2019-10-30,0021900060,DET,TOR,0,0,1491.4613386178703,1476.665135343006,-14.796203274864345,1540.0739195852063,0.3819421967020406,12.0,-12.0,0.2913126124515909,1.2913126124515908,5
2019-20,2019-11-01,0021900073,DET,CHI,0,0,1476.665135343006,1459.7317050259817,-16.93343031702426,1447.7108463090733,0.491300400575334,6.0,-6.0,0.1488850336233179,1.1488850336233178,6
2019-20,2019-11-02,0021900078,DET,BKN,1,1,1459.7317050259817,1475.495666131068,15.763961105086226,1479.3232757346984,0.5221599857975753,4.0,4.0,0.0996679946249558,1.099667994624956,7
2019-20,2019-11-04,0021900091,DET,WAS,0,0,1475.495666131068,1455.6361489423998,-19.85951718866826,1454.598016509435,0.479716224582012,16.0,-16.0,0.3799489622552249,1.379948962255225,8
2019-20,2019-11-06,0021900103,DET,NYK,1,1,1455.6361489423998,1472.6650185928524,17.028869650452567,1411.6321352379318,0.6117759883126268,20.0,20.0,0.4621171572600097,1.4621171572600098,9
2019-20,2019-11-08,0021900116,DET,IND,0,0,1472.6650185928524,1458.8607512993517,-13.804267293500653,1507.731002826944,0.4005120004614441,6.0,-6.0,0.1488850336233179,1.1488850336233178,10
2019-20,2019-11-11,0021900140,DET,MIN,1,0,1458.8607512993517,1442.021709991157,-16.839041308194798,1501.8101913098524,0.4885618321352936,6.0,-6.0,0.1488850336233179,1.1488850336233178,11
2019-20,2019-11-12,0021900148,DET,MIA,0,0,1442.021709991157,1431.2645281774148,-10.757181813742177,1559.5358834965346,0.2936043961716326,9.0,-9.0,0.2212784678984439,1.221278467898444,12
2019-20,2019-11-15,0021900167,DET,CHA,0,0,1431.2645281774148,1416.7755458582988,-14.488982319116117,1431.595338642667,0.4493294161910165,3.0,-3.0,0.074859690687499,1.0748596906874992,13
2019-20,2019-11-20,0021900209,DET,CHI,0,0,1416.7755458582988,1397.1446073103498,-19.63093854794891,1418.358955044826,0.4475459541773213,20.0,-20.0,0.4621171572600097,1.4621171572600098,14
2019-20,2019-11-22,0021900215,DET,ATL,1,1,1397.1446073103498,1418.8161354652095,21.6715281548598,1407.5576102131215,0.5353245845580367,25.0,25.0,0.5545997223493823,1.5545997223493822,15
2019-20,2019-11-23,0021900233,DET,MIL,0,0,1418.8161354652095,1411.59672216314,-7.219413302069527,1647.145047937187,0.1800744641645577,14.0,-14.0,0.3363755443363322,1.3363755443363323,16
2019-20,2019-11-25,0021900241,DET,ORL,1,1,1411.59672216314,1433.2165275111206,21.61980534798074,1467.8431225682348,0.469462028814364,15.0,15.0,0.3583573983507859,1.358357398350786,17
2019-20,2019-11-27,0021900254,DET,CHA,0,0,1433.2165275111206,1417.424920128375,-15.791607382745266,1388.7981494546852,0.5135508164229212,1.0,-1.0,0.0249947929684206,1.0249947929684209,18
2019-20,2019-11-29,0021900268,DET,CHA,1,0,1417.424920128375,1399.0961344528014,-18.328785675574,1404.5897568374303,0.568408628412098,3.0,-3.0,0.074859690687499,1.0748596906874992,19
2019-20,2019-12-01,0021900288,DET,SAS,1,1,1399.0961344528014,1423.3700770236076,24.273942570806113,1419.128528436032,0.5215268009617554,34.0,34.0,0.6910694698329306,1.6910694698329305,20
2019-20,2019-12-03,0021900299,DET,CLE,0,1,1423.3700770236076,1447.2933210206695,23.923243997061977,1371.1893037320672,0.5247049863231712,33.0,33.0,0.6777821008468294,1.6777821008468294,21
2019-20,2019-12-04,0021900307,DET,MIL,1,0,1447.2933210206695,1436.618408238911,-10.67491278175866,1690.7282790981344,0.2315022454048658,24.0,-24.0,0.5370495669980352,1.5370495669980353,22
2019-20,2019-12-06,0021900322,DET,IND,1,1,1436.618408238911,1460.4972231777783,23.87881493886742,1601.3119597593045,0.3215678096185902,7.0,7.0,0.1732351578346601,1.17323515783466,23
2019-20,2019-12-09,0021900348,DET,NOP,0,1,1460.4972231777783,1473.9393311216647,13.442107943886462,1374.2293670219324,0.5732494968534442,2.0,2.0,0.0499583749578799,1.04995837495788,24
2019-20,2019-12-12,0021900369,DET,DAL,1,0,1473.9393311216647,1460.4696015493769,-13.469729572287749,1613.417265236209,0.3540181249149267,11.0,-11.0,0.2682711820216014,1.2682711820216013,25
2019-20,2019-12-14,0021900386,DET,HOU,0,1,1460.4696015493769,1486.9775099616822,26.507908412305454,1605.3220814237727,0.2620551533408239,8.0,8.0,0.197375320224904,1.197375320224904,26
2019-20,2019-12-16,0021900394,DET,WAS,1,0,1486.9775099616822,1459.766039442576,-27.21147051910606,1392.04029642231,0.6787381145574554,14.0,-14.0,0.3363755443363322,1.3363755443363323,27
2019-20,2019-12-18,0021900408,DET,TOR,1,0,1459.766039442576,1445.594638972755,-14.171400469820895,1595.1001677925492,0.3594920039313329,13.0,-13.0,0.3140209253469976,1.3140209253469977,28
2019-20,2019-12-20,0021900422,DET,BOS,0,0,1445.594638972755,1435.8859335969698,-9.708705375785494,1632.050977202168,0.2184357980295207,21.0,-21.0,0.4815497983643079,1.481549798364308,29
2019-20,2019-12-21,0021900432,DET,CHI,1,0,1435.8859335969698,1413.6768730262356,-22.20906057073418,1419.586339438911,0.5732941906445024,12.0,-12.0,0.2913126124515909,1.2913126124515908,30
2019-20,2019-12-23,0021900445,DET,PHI,1,0,1413.6768730262356,1401.057589738255,-12.619283287980467,1591.8943969635914,0.3048248795945082,16.0,-16.0,0.3799489622552249,1.379948962255225,31
2019-20,2019-12-26,0021900460,DET,WAS,1,1,1401.057589738255,1423.266764807045,22.209175068790294,1403.1232981461133,0.5472548023557668,30.0,30.0,0.6351489523872873,1.6351489523872873,32
2019-20,2019-12-28,0021900481,DET,SAS,0,0,1423.266764807045,1403.6351260340102,-19.631638773034982,1450.047455957467,0.4120158320910426,27.0,-27.0,0.5882592563981054,1.5882592563981053,33
2019-20,2019-12-30,0021900495,DET,UTA,0,0,1403.6351260340102,1393.4119493557353,-10.22317667827489,1584.144154281032,0.2243368385745855,23.0,-23.0,0.5190218338982221,1.519021833898222,34
2019-20,2020-01-02,0021900516,DET,LAC,0,0,1393.4119493557353,1386.4759604170763,-6.935988938659065,1630.189658912716,0.1730049852142822,14.0,-14.0,0.3363755443363322,1.3363755443363323,35
2019-20,2020-01-04,0021900532,DET,GSW,0,1,1386.4759604170763,1402.8811682190153,16.405207801939024,1327.88086825855,0.533903960844567,7.0,7.0,0.1732351578346601,1.17323515783466,36
2019-20,2020-01-05,0021900538,DET,LAL,0,0,1402.8811682190153,1398.04758856663,-4.8335796523854215,1687.1142062655265,0.1373290944021358,7.0,-7.0,0.1732351578346601,1.17323515783466,37
2019-20,2020-01-07,0021900548,DET,CLE,0,1,1398.04758856663,1412.5408018057014,14.493213239071544,1335.2773108228755,0.5398797519107063,2.0,2.0,0.0499583749578799,1.04995837495788,38
2019-20,2020-01-09,0021900563,DET,CLE,1,0,1412.5408018057014,1390.7835057356872,-21.757296070014224,1320.7840975838042,0.6747329057152838,3.0,-3.0,0.074859690687499,1.0748596906874992,39
2019-20,2020-01-11,0021900579,DET,CHI,1,0,1390.7835057356872,1369.8818345264317,-20.90167120925553,1376.4763776826576,0.5704860864703195,9.0,-9.0,0.2212784678984439,1.221278467898444,40
2019-20,2020-01-13,0021900591,DET,NOP,1,0,1369.8818345264317,1355.5434626357126,-14.338371890719229,1469.9966506617052,0.4073741964677776,7.0,-7.0,0.1732351578346601,1.17323515783466,41
2019-20,2020-01-15,0021900604,DET,BOS,0,1,1355.5434626357126,1388.8712624495615,33.32779981384903,1615.7385544729002,0.1545593840765751,13.0,13.0,0.3140209253469976,1.3140209253469977,42
2019-20,2020-01-18,0021900629,DET,ATL,0,1,1388.8712624495615,1412.6406333974376,23.769370947876148,1334.5603470161548,0.5277620588935238,33.0,33.0,0.6777821008468294,1.6777821008468294,43
2019-20,2020-01-20,0021900639,DET,WAS,0,0,1412.6406333974376,1395.145025910252,-17.49560748718545,1372.3514179497645,0.5076112049264654,6.0,-6.0,0.1488850336233179,1.1488850336233178,44
2019-20,2020-01-22,0021900654,DET,SAC,1,1,1395.145025910252,1413.8589539319412,18.71392802168911,1374.8177701460938,0.5789560354895471,21.0,21.0,0.4815497983643079,1.481549798364308,45
2019-20,2020-01-24,0021900670,DET,MEM,1,0,1413.8589539319412,1397.5669659247465,-16.291988007194643,1509.7293579214968,0.4132858590231954,13.0,-13.0,0.3140209253469976,1.3140209253469977,46
2019-20,2020-01-25,0021900681,DET,BKN,1,0,1397.5669659247465,1377.3497216281762,-20.21724429657032,1403.7843277973468,0.5413270469556766,10.0,-10.0,0.2449186624037091,1.2449186624037092,47
2019-20,2020-01-27,0021900693,DET,CLE,1,0,1377.3497216281762,1349.717065857982,-27.632655770194148,1282.9285979002102,0.6780899686573312,15.0,-15.0,0.3583573983507859,1.358357398350786,48
2019-20,2020-01-29,0021900709,DET,BKN,0,0,1349.717065857982,1335.65880761481,-14.058258243172002,1402.4070453829838,0.3764170481635613,10.0,-10.0,0.2449186624037091,1.2449186624037092,49
2019-20,2020-01-31,0021900720,DET,TOR,1,0,1335.65880761481,1329.5764449304395,-6.08236268437058,1666.2070805429826,0.1542939072745839,13.0,-13.0,0.3140209253469976,1.3140209253469977,50
2019-20,2020-02-02,0021900737,DET,DEN,1,1,1329.5764449304395,1357.5044527943996,27.928007863960207,1637.5439079185562,0.172027295699387,5.0,5.0,0.1243530017715962,1.124353001771596,51
2019-20,2020-02-03,0021900748,DET,MEM,0,0,1357.5044527943996,1348.7752825682098,-8.729170226189709,1544.677300243121,0.2177324645801508,14.0,-14.0,0.3363755443363322,1.3363755443363323,52
2019-20,2020-02-05,0021900755,DET,PHX,1,1,1348.7752825682098,1368.801747526264,20.026464958053957,1423.9150320000397,0.4424899021555366,8.0,8.0,0.197375320224904,1.197375320224904,53
2019-20,2020-02-07,0021900773,DET,OKC,0,0,1368.801747526264,1363.3726227764328,-5.429124749831141,1629.4092733678078,0.1542494049772372,7.0,-7.0,0.1732351578346601,1.17323515783466,54
2019-20,2020-02-08,0021900779,DET,NYK,1,0,1363.3726227764328,1347.6365012907827,-15.736121485650033,1406.7088918437798,0.4880054461057124,3.0,-3.0,0.074859690687499,1.0748596906874992,55
2019-20,2020-02-10,0021900793,DET,CHA,1,0,1347.6365012907827,1323.664197668032,-23.972303622750832,1290.1422213273572,0.630051994204673,11.0,-11.0,0.2682711820216014,1.2682711820216013,56
2019-20,2020-02-12,0021900808,DET,ORL,0,0,1323.664197668032,1313.635035945045,-10.029161722986936,1432.5537411536634,0.3040057475531482,4.0,-4.0,0.0996679946249558,1.099667994624956,57
2019-20,2020-02-20,0021900820,DET,MIL,1,0,1313.635035945045,1309.5533705840403,-4.081665361004585,1744.174065018824,0.0930537688843297,20.0,-20.0,0.4621171572600097,1.4621171572600098,58
2019-20,2020-02-23,0021900848,DET,POR,0,0,1309.5533705840403,1302.251358506018,-7.302012078022363,1487.9612493264672,0.2264485352921387,3.0,-3.0,0.074859690687499,1.0748596906874992,59
2019-20,2020-02-25,0021900860,DET,DEN,0,0,1302.251358506018,1297.548228025404,-4.703130480614095,1627.12392256883,0.1118886445821958,17.0,-17.0,0.4011342849479459,1.401134284947946,60
2019-20,2020-02-28,0021900884,DET,PHX,0,1,1297.548228025404,1321.326435252046,23.778207226642152,1457.960709612585,0.2451063523479828,2.0,2.0,0.0499583749578799,1.04995837495788,61
2019-20,2020-03-01,0021900899,DET,SAC,0,0,1321.326435252046,1314.1159986189975,-7.210436633048381,1517.327386645596,0.2092009911646927,6.0,-6.0,0.1488850336233179,1.1488850336233178,62
2019-20,2020-03-04,0021900918,DET,OKC,1,0,1314.1159986189975,1307.9477180755682,-6.1682805434293,1618.181830298886,0.1752499062737933,7.0,-7.0,0.1732351578346601,1.17323515783466,63
2019-20,2020-03-07,0021900941,DET,UTA,1,0,1307.9477180755682,1301.3488139790347,-6.598904096533582,1593.1991111199231,0.1914582081296148,6.0,-6.0,0.1488850336233179,1.1488850336233178,64
2019-20,2020-03-08,0021900955,DET,NYK,0,0,1301.3488139790347,1287.0688167083824,-14.279997270652236,1359.8357497503691,0.3686170989362853,12.0,-12.0,0.2913126124515909,1.2913126124515908,65
2019-20,2020-03-11,0021900971,DET,PHI,0,0,1287.0688167083824,1280.302767961559,-6.766048746823369,1541.9286109174689,0.1586153147267942,18.0,-18.0,0.4218990052500079,1.4218990052500078,66
2019-20,2019-10-24,0021900016,GSW,LAC,1,0,1500.0,1477.2342724619514,-22.76572753804853,1516.798956584878,0.5261694717633291,19.0,-19.0,0.4422303560457261,1.442230356045726,1
2019-20,2019-10-27,0021900036,GSW,OKC,0,0,1477.2342724619514,1454.6370989901434,-22.597173471808,1463.459212696726,0.4694927973936277,28.0,-28.0,0.6043677771171634,1.6043677771171634,2
2019-20,2019-10-28,0021900047,GSW,NOP,0,1,1454.6370989901434,1475.4436514969373,20.806552506793818,1452.286295294756,0.4531518494956642,11.0,11.0,0.2682711820216014,1.2682711820216013,3
2019-20,2019-10-30,0021900065,GSW,PHX,1,0,1475.4436514969373,1456.3083021706864,-19.13534932625078,1508.4112981657142,0.502924758193259,11.0,-11.0,0.2682711820216014,1.2682711820216013,4
2019-20,2019-11-01,0021900076,GSW,SAS,1,0,1456.3083021706864,1437.4675513925458,-18.840750778140617,1527.4138719434382,0.4482261498307084,17.0,-17.0,0.4011342849479459,1.401134284947946,5
2019-20,2019-11-02,0021900083,GSW,CHA,1,0,1437.4675513925458,1420.2552579794888,-17.212293413057143,1472.8905660872315,0.4993912332194966,6.0,-6.0,0.1488850336233179,1.1488850336233178,6
2019-20,2019-11-04,0021900096,GSW,POR,1,1,1420.2552579794888,1441.283986392801,21.02872841331195,1507.023467944239,0.426046039292528,9.0,9.0,0.2212784678984439,1.221278467898444,7
2019-20,2019-11-06,0021900107,GSW,HOU,0,0,1441.283986392801,1426.0822213159272,-15.201765076873547,1504.9893035559332,0.361653774378433,17.0,-17.0,0.4011342849479459,1.401134284947946,8
2019-20,2019-11-08,0021900120,GSW,MIN,0,0,1426.0822213159272,1414.325551011164,-11.756670304763135,1505.4544267225083,0.341103764684656,6.0,-6.0,0.1488850336233179,1.1488850336233178,9
2019-20,2019-11-09,0021900131,GSW,OKC,0,0,1414.325551011164,1401.6121730488862,-12.71337796227774,1472.6302134651285,0.3688613333857751,6.0,-6.0,0.1488850336233179,1.1488850336233178,10
2019-20,2019-11-11,0021900144,GSW,UTA,1,0,1401.6121730488862,1387.843606726277,-13.768566322609244,1549.1888583967398,0.3434305668782387,14.0,-14.0,0.3363755443363322,1.3363755443363323,11
2019-20,2019-11-13,0021900159,GSW,LAL,0,0,1387.843606726277,1378.8421520463733,-9.001454679903643,1603.710170597422,0.1909106210622031,26.0,-26.0,0.5716699660851172,1.5716699660851172,12
2019-20,2019-11-15,0021900173,GSW,BOS,1,0,1378.8421520463733,1371.1635791772387,-7.678572869134541,1626.0664904119335,0.2276441905414561,5.0,-5.0,0.1243530017715962,1.124353001771596,13
2019-20,2019-11-17,0021900187,GSW,NOP,0,0,1371.1635791772387,1357.7804572092182,-13.383121968020498,1426.7078155026195,0.3725682816954095,8.0,-8.0,0.197375320224904,1.197375320224904,14
2019-20,2019-11-19,0021900198,GSW,MEM,0,1,1357.7804572092182,1387.0436959128688,29.26323870365061,1450.8126414582612,0.3236577735084363,19.0,19.0,0.4422303560457261,1.442230356045726,15
2019-20,2019-11-20,0021900208,GSW,DAL,0,0,1387.0436959128688,1372.8721044556396,-14.17159145722917,1535.9022311630438,0.2576201538180453,48.0,-48.0,0.8336546070121552,1.833654607012155,16
2019-20,2019-11-22,0021900223,GSW,UTA,0,0,1372.8721044556396,1365.3410456176316,-7.531058838007956,1549.466094989746,0.2282828051987466,4.0,-4.0,0.0996679946249558,1.099667994624956,17
2019-20,2019-11-25,0021900250,GSW,OKC,1,0,1365.3410456176316,1351.3582323557334,-13.98281326189813,1446.7318557458284,0.4336322028212655,3.0,-3.0,0.074859690687499,1.0748596906874992,18
2019-20,2019-11-27,0021900266,GSW,CHI,1,1,1351.3582323557334,1373.0867554076442,21.728523051910773,1415.5952901753185,0.4580235287902913,14.0,14.0,0.3363755443363322,1.3363755443363323,19
2019-20,2019-11-29,0021900273,GSW,MIA,0,0,1373.0867554076442,1364.834470828449,-8.252284579195356,1582.9299033816717,0.1963239038505611,17.0,-17.0,0.4011342849479459,1.401134284947946,20
2019-20,2019-12-01,0021900290,GSW,ORL,0,0,1364.834470828449,1353.959614014885,-10.874856813564216,1453.1412670362076,0.3296406087024811,4.0,-4.0,0.0996679946249558,1.099667994624956,21
2019-20,2019-12-02,0021900295,GSW,ATL,0,0,1353.959614014885,1332.1280744936578,-21.831539521226883,1341.151731173277,0.4681063386150201,25.0,-25.0,0.5545997223493823,1.5545997223493822,22
2019-20,2019-12-04,0021900306,GSW,CHA,0,0,1332.1280744936578,1317.5229063524607,-14.605168141197089,1398.2845881987869,0.3584026844709541,15.0,-15.0,0.3583573983507859,1.358357398350786,23
2019-20,2019-12-06,0021900325,GSW,CHI,0,1,1317.5229063524607,1339.282425669202,21.75951931674119,1422.1727419231036,0.3091942234499186,2.0,2.0,0.0499583749578799,1.04995837495788,24
2019-20,2019-12-09,0021900351,GSW,MEM,1,0,1339.282425669202,1321.063711552367,-18.21871411683498,1369.2896248673865,0.507184723372366,8.0,-8.0,0.197375320224904,1.197375320224904,25
2019-20,2019-12-11,0021900366,GSW,NYK,1,0,1321.063711552367,1303.0397588085948,-18.023952743772252,1305.5326074072875,0.5722116601208214,2.0,-2.0,0.0499583749578799,1.04995837495788,26
2019-20,2019-12-13,0021900379,GSW,UTA,0,0,1303.0397588085948,1296.0034882775767,-7.036270531018003,1513.371630303371,0.1958803952881533,8.0,-8.0,0.197375320224904,1.197375320224904,27
2019-20,2019-12-15,0021900393,GSW,SAC,1,0,1296.0034882775767,1282.981656905286,-13.02183137229066,1484.0429107009622,0.2929776955335847,21.0,-21.0,0.4815497983643079,1.481549798364308,28
2019-20,2019-12-18,0021900415,GSW,POR,0,0,1282.981656905286,1274.4582111711609,-8.523445734125326,1459.6379642443533,0.2282196149711531,10.0,-10.0,0.2449186624037091,1.2449186624037092,29
2019-20,2019-12-20,0021900429,GSW,NOP,1,1,1274.4582111711609,1292.959876114247,18.501664943086393,1351.9346658599209,0.4391742164143999,4.0,4.0,0.0996679946249558,1.099667994624956,30
2019-20,2019-12-23,0021900454,GSW,MIN,1,1,1292.959876114247,1313.1211077212806,20.161231607033574,1363.0141521398436,0.4497233258159187,9.0,9.0,0.2212784678984439,1.221278467898444,31
2019-20,2019-12-25,0021900457,GSW,HOU,1,1,1313.1211077212806,1345.506567219741,32.385459498460506,1631.0444668410987,0.1640170581422091,12.0,12.0,0.2913126124515909,1.2913126124515908,32
2019-20,2019-12-27,0021900471,GSW,PHX,1,1,1345.506567219741,1364.0667898006302,18.560222580889093,1385.0784232465774,0.4934209500194982,9.0,9.0,0.2212784678984439,1.221278467898444,33
2019-20,2019-12-28,0021900482,GSW,DAL,1,0,1364.0667898006302,1354.811622003227,-9.255167797403136,1628.1854132358485,0.2109992292443288,20.0,-20.0,0.4621171572600097,1.4621171572600098,34
2019-20,2019-12-31,0021900502,GSW,SAS,0,0,1354.811622003227,1345.0210297816168,-9.790592221610243,1469.679094730502,0.2967741860714771,4.0,-4.0,0.0996679946249558,1.099667994624956,35
2019-20,2020-01-02,0021900512,GSW,MIN,0,0,1345.0210297816168,1327.88086825855,-17.140161523066794,1365.6575839803843,0.420610008919034,15.0,-15.0,0.3583573983507859,1.358357398350786,36
2019-20,2020-01-04,0021900532,GSW,DET,1,0,1327.88086825855,1311.475660456611,-16.405207801939024,1386.4759604170763,0.4660960391554329,7.0,-7.0,0.1732351578346601,1.17323515783466,37
2019-20,2020-01-06,0021900547,GSW,SAC,0,0,1311.475660456611,1297.6868379318787,-13.788822524732309,1384.1764654812591,0.349786984837933,13.0,-13.0,0.3140209253469976,1.3140209253469977,38
2019-20,2020-01-08,0021900562,GSW,MIL,1,0,1297.6868379318787,1294.0498180076456,-3.637019924233164,1715.801164663588,0.0992681035988919,9.0,-9.0,0.2212784678984439,1.221278467898444,39
2019-20,2020-01-10,0021900576,GSW,LAC,0,0,1294.0498180076456,1289.6617411056047,-4.388076902040873,1605.5535063727905,0.1197673044377232,9.0,-9.0,0.2212784678984439,1.221278467898444,40
2019-20,2020-01-12,0021900588,GSW,MEM,0,0,1289.6617411056047,1281.5558998621696,-8.105841243435231,1512.4902053507892,0.1847968931715768,20.0,-20.0,0.4621171572600097,1.4621171572600098,41
2019-20,2020-01-14,0021900602,GSW,DAL,1,0,1281.5558998621696,1273.1473791922117,-8.408520669957861,1584.1563716632422,0.1764724626680683,27.0,-27.0,0.5882592563981054,1.5882592563981053,42
2019-20,2020-01-16,0021900617,GSW,DEN,1,0,1273.1473791922117,1268.3381628286284,-4.809216363583373,1610.6496070535577,0.1491424541345582,3.0,-3.0,0.074859690687499,1.0748596906874992,43
2019-20,2020-01-18,0021900634,GSW,ORL,1,1,1268.3381628286284,1299.3499045603078,31.01174173167937,1516.723382390374,0.226471384656565,14.0,14.0,0.3363755443363322,1.3363755443363323,44
2019-20,2020-01-20,0021900652,GSW,POR,0,0,1299.3499045603078,1290.0810086787476,-9.26889588156014,1432.9333159443331,0.274791987538775,5.0,-5.0,0.1243530017715962,1.124353001771596,45
2019-20,2020-01-22,0021900665,GSW,UTA,1,0,1290.0810086787476,1283.9532492860026,-6.127759392744968,1668.3516500378544,0.1217432504028601,33.0,-33.0,0.6777821008468294,1.6777821008468294,46
2019-20,2020-01-24,0021900679,GSW,IND,1,0,1283.9532492860026,1278.0749030189302,-5.87834626707233,1614.2304693559252,0.1544976171868425,11.0,-11.0,0.2682711820216014,1.2682711820216013,47
2019-20,2020-01-28,0021900702,GSW,PHI,0,0,1278.0749030189302,1273.970388006805,-4.1045150121250575,1610.0734286830966,0.1078769028345745,11.0,-11.0,0.2682711820216014,1.2682711820216013,48
2019-20,2020-01-30,0021900717,GSW,BOS,0,0,1273.970388006805,1269.6771132761182,-4.293274730686834,1610.5694181864556,0.1053545685865247,15.0,-15.0,0.3583573983507859,1.358357398350786,49
2019-20,2020-02-01,0021900730,GSW,CLE,0,1,1269.6771132761182,1295.0222749367415,25.34516166062355,1294.882983100107,0.4142137429854519,19.0,19.0,0.4422303560457261,1.442230356045726,50
2019-20,2020-02-03,0021900744,GSW,WAS,0,1,1295.0222749367415,1320.194420354955,25.17214541821291,1407.8412971492933,0.2992410151039134,8.0,8.0,0.197375320224904,1.197375320224904,51
2019-20,2020-02-05,0021900757,GSW,BKN,0,0,1320.194420354955,1304.686984341285,-15.50743601366959,1439.2817423908996,0.2917297382297231,41.0,-41.0,0.7718952374404182,1.7718952374404182,52
2019-20,2020-02-08,0021900783,GSW,LAL,1,0,1304.686984341285,1299.7459356294346,-4.9410487118505015,1645.85322856145,0.1464856886305604,5.0,-5.0,0.1243530017715962,1.124353001771596,53
2019-20,2020-02-10,0021900800,GSW,MIA,1,0,1299.7459356294346,1291.4737310709604,-8.272204558474106,1561.2302976009362,0.2135347779385791,12.0,-12.0,0.2913126124515909,1.2913126124515908,54
2019-20,2020-02-12,0021900815,GSW,PHX,0,0,1291.4737310709604,1281.9140610010743,-9.559670069886064,1422.8243074180857,0.2773607973560555,6.0,-6.0,0.1488850336233179,1.1488850336233178,55
2019-20,2020-02-20,0021900825,GSW,HOU,1,0,1281.9140610010743,1273.2967564392118,-8.617304561862515,1585.4777597961838,0.1756680851466448,30.0,-30.0,0.6351489523872873,1.6351489523872873,56
2019-20,2020-02-23,0021900847,GSW,NOP,1,0,1273.2967564392118,1266.176497462251,-7.120258976960783,1574.5513269178768,0.1776012490684727,14.0,-14.0,0.3363755443363322,1.3363755443363323,57
2019-20,2020-02-25,0021900863,GSW,SAC,1,0,1266.176497462251,1255.7523453649635,-10.424152097287651,1497.2795123896085,0.2443716011427691,18.0,-18.0,0.4218990052500079,1.4218990052500078,58
2019-20,2020-02-27,0021900876,GSW,LAL,1,0,1255.7523453649635,1251.784631343159,-3.9677140218046354,1712.9557904178894,0.0808838447818845,30.0,-30.0,0.6351489523872873,1.6351489523872873,59
2019-20,2020-02-29,0021900894,GSW,PHX,0,1,1251.784631343159,1283.9739903991326,32.189359055973675,1434.182502385943,0.2224504930634728,16.0,16.0,0.3799489622552249,1.379948962255225,60
2019-20,2020-03-01,0021900901,GSW,WAS,1,0,1283.9739903991326,1268.0338055269838,-15.940184872148912,1391.1512819017353,0.3975974403229367,14.0,-14.0,0.3363755443363322,1.3363755443363323,61
2019-20,2020-03-03,0021900913,GSW,DEN,0,1,1268.0338055269838,1305.5724286503012,37.5386231233173,1628.1971616602852,0.0932364372382626,16.0,16.0,0.3799489622552249,1.379948962255225,62
2019-20,2020-03-05,0021900929,GSW,TOR,1,0,1305.5724286503012,1300.1969523740847,-5.375476276216472,1642.3861555911194,0.1496460963525564,8.0,-8.0,0.197375320224904,1.197375320224904,63
2019-20,2020-03-07,0021900944,GSW,PHI,1,1,1300.1969523740847,1326.344259786018,26.147307411933213,1568.0759183294022,0.2074181316622203,4.0,4.0,0.0996679946249558,1.099667994624956,64
2019-20,2020-03-10,0021900967,GSW,LAC,1,0,1326.344259786018,1319.1918693409464,-7.1523904450717275,1655.8073249840695,0.1551108174743911,24.0,-24.0,0.5370495669980352,1.5370495669980353,65
2019-20,2019-10-24,0021900015,HOU,MIL,1,0,1500.0,1481.0365259261334,-18.963474073866525,1500.0,0.550199353253537,6.0,-6.0,0.1488850336233179,1.1488850336233178,1
2019-20,2019-10-26,0021900032,HOU,NOP,1,1,1481.0365259261334,1494.8582883052693,13.821762379135842,1466.1080576738918,0.5713622748815026,3.0,3.0,0.074859690687499,1.0748596906874992,2
2019-20,2019-10-28,0021900045,HOU,OKC,1,1,1494.8582883052693,1509.2846959478454,14.426407642576091,1486.056386168534,0.5627041460667939,4.0,4.0,0.0996679946249558,1.099667994624956,3
2019-20,2019-10-30,0021900061,HOU,WAS,0,1,1509.2846959478454,1525.42289253862,16.138196590774783,1491.5470255832513,0.4751779325617189,1.0,1.0,0.0249947929684206,1.0249947929684209,4
2019-20,2019-11-01,0021900069,HOU,BKN,0,0,1525.42289253862,1506.2972255705304,-19.125666968089615,1460.1976087666087,0.5433882781404831,7.0,-7.0,0.1732351578346601,1.17323515783466,5
2019-20,2019-11-03,0021900086,HOU,MIA,0,0,1506.2972255705304,1487.990821245227,-18.30640432530346,1558.795796528754,0.3766757143641905,29.0,-29.0,0.619996867969374,1.619996867969374,6
2019-20,2019-11-04,0021900093,HOU,MEM,0,1,1487.990821245227,1504.9893035559332,16.99848231070642,1441.1399517576506,0.5170481610274087,7.0,7.0,0.1732351578346601,1.17323515783466,7
2019-20,2019-11-06,0021900107,HOU,GSW,1,1,1504.9893035559332,1520.1910686328067,15.201765076873547,1441.283986392801,0.638346225621567,17.0,17.0,0.4011342849479459,1.401134284947946,8
2019-20,2019-11-09,0021900129,HOU,CHI,0,1,1520.1910686328067,1541.576685646216,21.385617013409373,1463.821072947984,0.530715171738116,23.0,23.0,0.5190218338982221,1.519021833898222,9
2019-20,2019-11-11,0021900142,HOU,NOP,0,1,1541.576685646216,1555.0292724686751,13.45258682245922,1429.09581200053,0.6096915290693368,6.0,6.0,0.1488850336233179,1.1488850336233178,10
2019-20,2019-11-13,0021900157,HOU,LAC,1,1,1555.0292724686751,1572.1430325110116,17.11376004233645,1567.1346431208426,0.5329004129094999,9.0,9.0,0.2212784678984439,1.221278467898444,11
2019-20,2019-11-15,0021900169,HOU,IND,1,1,1572.1430325110116,1587.7109694700555,15.567936959044149,1554.566205297305,0.575091802886604,9.0,9.0,0.2212784678984439,1.221278467898444,12
2019-20,2019-11-16,0021900179,HOU,MIN,0,1,1587.7109694700555,1606.5864017790911,18.87543230903537,1503.9765605224231,0.5696780700207884,20.0,20.0,0.4621171572600097,1.4621171572600098,13
2019-20,2019-11-18,0021900193,HOU,POR,1,1,1606.5864017790911,1618.5980835879427,12.011681808851613,1460.3271702242223,0.7395078192498532,24.0,24.0,0.5370495669980352,1.5370495669980353,14
2019-20,2019-11-20,0021900211,HOU,DEN,0,0,1618.5980835879427,1599.7623839341193,-18.835699653823465,1580.5854058063226,0.5043354831834338,10.0,-10.0,0.2449186624037091,1.2449186624037092,15
2019-20,2019-11-22,0021900224,HOU,LAC,0,0,1599.7623839341193,1584.1594437537892,-15.602940180330094,1575.970891768457,0.4838752541537205,3.0,-3.0,0.074859690687499,1.0748596906874992,16
2019-20,2019-11-24,0021900235,HOU,DAL,1,0,1584.1594437537892,1560.9677768040085,-23.191666949780632,1564.1772212815754,0.5784717987911105,14.0,-14.0,0.3363755443363322,1.3363755443363323,17
2019-20,2019-11-27,0021900259,HOU,MIA,1,1,1560.9677768040085,1579.5808934965405,18.61311669253171,1601.5430200742037,0.4919772685814819,9.0,9.0,0.2212784678984439,1.221278467898444,18
2019-20,2019-11-30,0021900282,HOU,ATL,1,1,1579.5808934965405,1589.4331203957224,9.852226899182142,1351.0039580724592,0.8201362412580893,47.0,47.0,0.8258684551194575,1.8258684551194575,19
2019-20,2019-12-03,0021900303,HOU,SAS,0,0,1589.4331203957224,1566.919124353699,-22.513996042023265,1394.8545858652258,0.7147583681726568,2.0,-2.0,0.0499583749578799,1.04995837495788,20
2019-20,2019-12-05,0021900318,HOU,TOR,0,1,1566.919124353699,1590.5095279063337,23.59040355263444,1625.601803622653,0.3683548902949825,10.0,10.0,0.2449186624037091,1.2449186624037092,21
2019-20,2019-12-07,0021900333,HOU,PHX,1,1,1590.5095279063337,1600.8547454065567,10.345217500223166,1478.4448528713058,0.6998476146449356,6.0,6.0,0.1488850336233179,1.1488850336233178,22
2019-20,2019-12-09,0021900346,HOU,SAC,1,0,1600.8547454065567,1578.7030431550386,-22.151702251518145,1471.45373927092,0.7203842205990154,1.0,-1.0,0.0249947929684206,1.0249947929684209,23
2019-20,2019-12-11,0021900356,HOU,CLE,0,1,1578.7030431550386,1586.2184800978664,7.515436942827757,1321.8540484117584,0.7819498405590155,6.0,6.0,0.1488850336233179,1.1488850336233178,24
2019-20,2019-12-13,0021900371,HOU,ORL,0,1,1586.2184800978664,1605.3220814237727,19.103601325906283,1494.582339234525,0.5807916011125559,23.0,23.0,0.5190218338982221,1.519021833898222,25
2019-20,2019-12-14,0021900386,HOU,DET,1,0,1605.3220814237727,1578.8141730114671,-26.507908412305454,1460.4696015493769,0.737944846659176,8.0,-8.0,0.197375320224904,1.197375320224904,26
2019-20,2019-12-16,0021900396,HOU,SAS,1,1,1578.8141730114671,1586.840235768046,8.026062756578805,1427.3900593924975,0.7451942556960642,2.0,2.0,0.0499583749578799,1.04995837495788,27
2019-20,2019-12-19,0021900419,HOU,LAC,0,1,1586.840235768046,1608.5624531614812,21.722217393435187,1654.8082352499166,0.3560083781751699,5.0,5.0,0.1243530017715962,1.124353001771596,28
2019-20,2019-12-21,0021900437,HOU,PHX,0,1,1608.5624531614812,1619.4945998511112,10.932146689629832,1403.134870238837,0.7273184987568015,14.0,14.0,0.3363755443363322,1.3363755443363323,29
2019-20,2019-12-23,0021900453,HOU,SAC,0,1,1619.4945998511112,1631.0444668410987,11.54986698998758,1449.7356041467262,0.6847602111618216,9.0,9.0,0.2212784678984439,1.221278467898444,30
2019-20,2019-12-25,0021900457,HOU,GSW,0,0,1631.0444668410987,1598.6590073426382,-32.385459498460506,1313.1211077212806,0.8359829418577909,12.0,-12.0,0.2913126124515909,1.2913126124515908,31
2019-20,2019-12-28,0021900478,HOU,BKN,1,1,1598.6590073426382,1610.6069250091489,11.947917666510325,1502.644856251108,0.6800883991504824,10.0,10.0,0.2449186624037091,1.2449186624037092,32
2019-20,2019-12-29,0021900488,HOU,NOP,0,0,1610.6069250091489,1582.0641736037182,-28.542751405430383,1428.0659801055638,0.7004232082092882,15.0,-15.0,0.3583573983507859,1.358357398350786,33
2019-20,2019-12-31,0021900501,HOU,DEN,1,1,1582.0641736037182,1606.4474164201215,24.383242816403303,1628.9795334885905,0.4828591383143099,26.0,26.0,0.5716699660851172,1.5716699660851172,34
2019-20,2020-01-03,0021900520,HOU,PHI,1,1,1606.4474164201215,1621.7265872374005,15.279170817278931,1577.579078210032,0.5908923937842477,10.0,10.0,0.2449186624037091,1.2449186624037092,35
2019-20,2020-01-08,0021900558,HOU,ATL,0,1,1621.7265872374005,1627.8265311555788,6.099943918178354,1315.3169768890275,0.8266916375788209,7.0,7.0,0.1732351578346601,1.17323515783466,36
2019-20,2020-01-09,0021900566,HOU,OKC,0,0,1627.8265311555788,1605.5527961944797,-22.273734961099105,1592.0372066680704,0.5011359272947429,21.0,-21.0,0.4815497983643079,1.481549798364308,37
2019-20,2020-01-11,0021900577,HOU,MIN,1,1,1605.5527961944797,1615.9499824353402,10.39718624086048,1412.426597886717,0.7880481321353878,30.0,30.0,0.6351489523872873,1.6351489523872873,38
2019-20,2020-01-14,0021900600,HOU,MEM,0,0,1615.9499824353402,1593.6540393596622,-22.295943075678014,1520.5960465942244,0.5859930534240761,11.0,-11.0,0.2682711820216014,1.2682711820216013,39
2019-20,2020-01-15,0021900611,HOU,POR,1,0,1593.6540393596622,1565.1340659492878,-28.51997341037438,1424.931184827674,0.7636368616325919,10.0,-10.0,0.2449186624037091,1.2449186624037092,40
2019-20,2020-01-18,0021900633,HOU,LAL,1,0,1565.1340659492878,1552.401788958637,-12.732276990650456,1709.5749606374927,0.3475122539022557,9.0,-9.0,0.2212784678984439,1.221278467898444,41
2019-20,2020-01-20,0021900645,HOU,OKC,1,0,1552.401788958637,1535.171948121054,-17.229840837583236,1579.8907482188692,0.5108075729014788,5.0,-5.0,0.1243530017715962,1.124353001771596,42
2019-20,2020-01-22,0021900662,HOU,DEN,1,1,1535.171948121054,1557.8535912132634,22.681643092209345,1603.5488739374964,0.4521139618781949,16.0,16.0,0.3799489622552249,1.379948962255225,43
2019-20,2020-01-24,0021900675,HOU,MIN,0,1,1557.8535912132634,1567.1065769252757,9.252985712012164,1343.751111399367,0.7371090910399238,7.0,7.0,0.1732351578346601,1.17323515783466,44
2019-20,2020-01-26,0021900685,HOU,DEN,0,0,1567.1065769252757,1552.7191152154123,-14.387461709863102,1596.2183392996997,0.4087689103014611,7.0,-7.0,0.1732351578346601,1.17323515783466,45
2019-20,2020-01-27,0021900698,HOU,UTA,0,1,1552.7191152154123,1579.2972842256747,26.57816901026234,1686.4867513919842,0.2745807035038831,9.0,9.0,0.2212784678984439,1.221278467898444,46
2019-20,2020-01-29,0021900712,HOU,POR,0,0,1579.2972842256747,1554.7134085202847,-24.58387570539003,1456.5726792381606,0.623629736563444,13.0,-13.0,0.3140209253469976,1.3140209253469977,47
2019-20,2020-01-31,0021900722,HOU,DAL,1,1,1554.7134085202847,1571.740407622117,17.02699910183222,1578.426150954204,0.5162379571242564,7.0,7.0,0.1732351578346601,1.17323515783466,48
2019-20,2020-02-02,0021900738,HOU,NOP,1,1,1571.740407622117,1586.6781037621229,14.937696140005892,1547.702158843913,0.5841544449293161,8.0,8.0,0.197375320224904,1.197375320224904,49
2019-20,2020-02-04,0021900752,HOU,CHA,1,1,1586.6781037621229,1592.3537449225755,5.675641160452703,1305.2846035908117,0.860722929833154,15.0,15.0,0.3583573983507859,1.358357398350786,50
2019-20,2020-02-06,0021900768,HOU,LAL,0,1,1592.3537449225755,1616.8976248656702,24.5438799430946,1670.3971085045448,0.3428250727185427,10.0,10.0,0.2449186624037091,1.2449186624037092,51
2019-20,2020-02-07,0021900774,HOU,PHX,0,0,1616.8976248656702,1579.007556370458,-37.89006849521221,1403.8885670419857,0.7358875782018426,36.0,-36.0,0.7162978701990245,1.7162978701990244,52
2019-20,2020-02-09,0021900790,HOU,UTA,1,0,1579.007556370458,1562.5296729028084,-16.477883467649455,1589.040437344696,0.5358688512595247,1.0,-1.0,0.0249947929684206,1.0249947929684209,53
2019-20,2020-02-11,0021900806,HOU,BOS,1,1,1562.5296729028084,1585.4777597961838,22.948086893375393,1670.2369295159497,0.396866978748279,11.0,11.0,0.2682711820216014,1.2682711820216013,54
2019-20,2020-02-20,0021900825,HOU,GSW,0,1,1585.4777597961838,1594.0950643580463,8.617304561862515,1281.9140610010743,0.8243319148533551,30.0,30.0,0.6351489523872873,1.6351489523872873,55
2019-20,2020-02-22,0021900841,HOU,UTA,0,1,1594.0950643580463,1615.4489122792618,21.35384792121543,1609.3058145086611,0.4282398101954422,10.0,10.0,0.2449186624037091,1.2449186624037092,56
2019-20,2020-02-24,0021900853,HOU,NYK,1,1,1615.4489122792618,1621.7275129763711,6.278600697109409,1368.78971584055,0.8349826970206421,11.0,11.0,0.2682711820216014,1.2682711820216013,57
2019-20,2020-02-26,0021900870,HOU,MEM,1,1,1621.7275129763711,1637.3602762752532,15.632763298882184,1529.5977167372994,0.6752040788932616,28.0,28.0,0.6043677771171634,1.6043677771171634,58
2019-20,2020-02-29,0021900892,HOU,BOS,0,1,1637.3602762752532,1656.1306209161755,18.770344640922243,1680.373710581143,0.3895791871435538,1.0,1.0,0.0249947929684206,1.0249947929684209,59
2019-20,2020-03-02,0021900903,HOU,NYK,0,0,1656.1306209161755,1630.2253363203536,-25.905284595821943,1354.8476950908253,0.8224225903832032,2.0,-2.0,0.0499583749578799,1.04995837495788,60
2019-20,2020-03-05,0021900927,HOU,LAC,1,0,1630.2253363203536,1609.0613540213487,-21.16398229900486,1651.7712407437089,0.5193523276642941,15.0,-15.0,0.3583573983507859,1.358357398350786,61
2019-20,2020-03-07,0021900940,HOU,CHA,0,0,1609.0613540213487,1580.2971748968446,-28.764179124504132,1349.0025832775425,0.7850838248763217,9.0,-9.0,0.2212784678984439,1.221278467898444,62
2019-20,2020-03-08,0021900953,HOU,ORL,1,0,1580.2971748968446,1548.2428954913228,-32.05427940552171,1441.8314782163995,0.7307731633396385,20.0,-20.0,0.4621171572600097,1.4621171572600098,63
2019-20,2020-03-10,0021900963,HOU,MIN,1,1,1548.2428954913228,1554.1411548335946,5.898259342271768,1309.1787327481131,0.8288700444444523,6.0,6.0,0.1488850336233179,1.1488850336233178,64
2019-20,2020-07-31,0021901238,HOU,DAL,0,1,1554.1411548335946,1572.2999355015022,18.15878066790765,1554.3046183945394,0.4495677860146404,4.0,4.0,0.0996679946249558,1.099667994624956,65
2019-20,2020-08-02,0021901248,HOU,MIL,1,1,1572.2999355015022,1593.5185745342992,21.218639032796887,1709.6556864740369,0.3568168108765244,4.0,4.0,0.0996679946249558,1.099667994624956,66
2019-20,2020-08-04,0021901261,HOU,POR,0,0,1593.5185745342992,1571.3482092083211,-22.170365325977983,1475.54181198338,0.6171934271985748,8.0,-8.0,0.197375320224904,1.197375320224904,67
2019-20,2020-08-06,0021901273,HOU,LAL,1,1,1571.3482092083211,1597.2307182153636,25.882509007042383,1695.2392997665577,0.3747955005344768,16.0,16.0,0.3799489622552249,1.379948962255225,68
2019-20,2020-08-09,0021901290,HOU,SAC,0,1,1597.2307182153636,1612.8007291943309,15.570010978967202,1470.0839752569077,0.6295855639669434,17.0,17.0,0.4011342849479459,1.401134284947946,69
2019-20,2020-08-11,0021901298,HOU,SAS,0,0,1612.8007291943309,1588.079200152724,-24.72152904160669,1522.0554227298069,0.5795425448720011,18.0,-18.0,0.4218990052500079,1.4218990052500078,70
2019-20,2020-08-12,0021901304,HOU,IND,1,0,1588.079200152724,1569.4318202370127,-18.64737991571139,1577.4839529318454,0.5652427219505501,4.0,-4.0,0.0996679946249558,1.099667994624956,71
2019-20,2020-08-14,0021901315,HOU,PHI,1,0,1569.4318202370127,1537.3357595356988,-32.09606070131394,1523.1073442628783,0.6149437363815891,38.0,-38.0,0.7397830512740042,1.7397830512740042,72
2019-20,2019-10-23,0021900004,IND,DET,1,0,1500.0,1479.8416013045942,-20.15839869540583,1500.0,0.550199353253537,9.0,-9.0,0.2212784678984439,1.221278467898444,1
2019-20,2019-10-26,0021900030,IND,CLE,0,0,1479.8416013045942,1462.9266915943206,-16.91490971027362,1483.5200446584524,0.4445660610036506,11.0,-11.0,0.2682711820216014,1.2682711820216013,2
2019-20,2019-10-28,0021900041,IND,DET,0,0,1462.9266915943206,1449.4300003016174,-13.49669129270317,1477.964647325167,0.4284833765670187,2.0,-2.0,0.0499583749578799,1.04995837495788,3
2019-20,2019-10-30,0021900059,IND,BKN,0,1,1449.4300003016174,1471.7153859085424,22.285385606925026,1482.4829943735338,0.4032974126492719,10.0,10.0,0.2449186624037091,1.2449186624037092,4
2019-20,2019-11-01,0021900070,IND,CLE,1,1,1471.7153859085424,1488.77595696951,17.060571060967487,1496.0915758033304,0.5152841284761495,7.0,7.0,0.1732351578346601,1.17323515783466,5
2019-20,2019-11-03,0021900085,IND,CHI,1,1,1488.77595696951,1505.1636997340445,16.387742764534647,1464.6442766260975,0.5842850889099024,13.0,13.0,0.3140209253469976,1.3140209253469977,6
2019-20,2019-11-05,0021900097,IND,CHA,0,0,1505.1636997340445,1490.3171821521207,-14.846517581923786,1490.1028595002888,0.4713367036262863,2.0,-2.0,0.0499583749578799,1.04995837495788,7
2019-20,2019-11-06,0021900104,IND,WAS,1,1,1490.3171821521207,1507.731002826944,17.41382067482322,1474.4575336981031,0.5726745480493387,15.0,15.0,0.3583573983507859,1.358357398350786,8
2019-20,2019-11-08,0021900116,IND,DET,1,1,1507.731002826944,1521.5352701204447,13.804267293500653,1472.6650185928524,0.5994879995385559,6.0,6.0,0.1488850336233179,1.1488850336233178,9
2019-20,2019-11-10,0021900133,IND,ORL,0,1,1521.5352701204447,1537.6305968199424,16.09532669949761,1456.7861256821493,0.5427081379205803,7.0,7.0,0.1732351578346601,1.17323515783466,10
2019-20,2019-11-12,0021900146,IND,OKC,1,1,1537.6305968199424,1554.566205297305,16.9356084773626,1472.0648086840451,0.6408149963029958,26.0,26.0,0.5716699660851172,1.5716699660851172,11
2019-20,2019-11-15,0021900169,IND,HOU,0,0,1554.566205297305,1538.998268338261,-15.567936959044149,1572.1430325110116,0.424908197113396,9.0,-9.0,0.2212784678984439,1.221278467898444,12
2019-20,2019-11-16,0021900176,IND,MIL,1,0,1538.998268338261,1518.9073205918164,-20.090947746444588,1598.8132137428513,0.4643490240012579,19.0,-19.0,0.4422303560457261,1.442230356045726,13
2019-20,2019-11-18,0021900190,IND,BKN,0,1,1518.9073205918164,1542.4962085425016,23.5888879506852,1473.7377594507846,0.5146309967818377,29.0,29.0,0.619996867969374,1.619996867969374,14
2019-20,2019-11-23,0021900227,IND,ORL,1,1,1542.4962085425016,1554.7537777461396,12.257569203638042,1480.1006917718728,0.6366037717002786,5.0,5.0,0.1243530017715962,1.124353001771596,15
2019-20,2019-11-25,0021900242,IND,MEM,1,1,1554.7537777461396,1565.0788855381277,10.325107791987769,1413.8970107384043,0.7334725484640707,12.0,12.0,0.2913126124515909,1.2913126124515908,16
2019-20,2019-11-27,0021900256,IND,UTA,1,1,1565.0788855381277,1584.1209301547012,19.042044616573857,1558.2597630620885,0.559893592662435,19.0,19.0,0.4422303560457261,1.442230356045726,17
2019-20,2019-11-29,0021900272,IND,ATL,1,1,1584.1209301547012,1589.6783270462602,5.557396891558846,1356.5613549640182,0.8192707276926929,1.0,1.0,0.0249947929684206,1.0249947929684209,18
2019-20,2019-11-30,0021900281,IND,PHI,0,0,1589.6783270462602,1575.1518624530927,-14.526464593167493,1589.1932356857772,0.4504918089627155,3.0,-3.0,0.074859690687499,1.0748596906874992,19
2019-20,2019-12-02,0021900296,IND,MEM,0,1,1575.1518624530927,1587.7287379110426,12.576875457949845,1408.4436774894186,0.6809569970729695,13.0,13.0,0.3140209253469976,1.3140209253469977,20
2019-20,2019-12-04,0021900312,IND,OKC,0,1,1587.7287379110426,1601.3119597593045,13.583221848262037,1472.0371397490876,0.6140807249210116,7.0,7.0,0.1732351578346601,1.17323515783466,21
2019-20,2019-12-06,0021900322,IND,DET,0,0,1601.3119597593045,1577.433144820437,-23.87881493886742,1436.618408238911,0.6784321903814098,7.0,-7.0,0.1732351578346601,1.17323515783466,22
2019-20,2019-12-07,0021900331,IND,NYK,0,1,1577.433144820437,1584.3117972138143,6.878652393377184,1326.2848521854664,0.7763028508188363,1.0,1.0,0.0249947929684206,1.0249947929684209,23
2019-20,2019-12-09,0021900343,IND,LAC,1,0,1584.3117972138143,1565.6016721656383,-18.71012504817576,1625.045837071885,0.4917488024485993,11.0,-11.0,0.2682711820216014,1.2682711820216013,24
2019-20,2019-12-11,0021900357,IND,BOS,1,1,1565.6016721656383,1584.8684688104524,19.26679664481395,1650.4125935939858,0.4288034506821236,5.0,5.0,0.1243530017715962,1.124353001771596,25
2019-20,2019-12-13,0021900373,IND,ATL,0,1,1584.8684688104524,1593.7157720086418,8.847303198189302,1346.653324634966,0.7631089359389208,10.0,10.0,0.2449186624037091,1.2449186624037092,26
2019-20,2019-12-15,0021900389,IND,CHA,1,1,1593.7157720086418,1604.968324681676,11.25255267303412,1437.8395062163315,0.7500299654053882,22.0,22.0,0.5005202111902353,1.5005202111902354,27
2019-20,2019-12-17,0021900402,IND,LAL,1,1,1604.968324681676,1625.4129888310722,20.44466414939627,1735.430929607319,0.3659741723647823,3.0,3.0,0.074859690687499,1.0748596906874992,28
2019-20,2019-12-20,0021900421,IND,SAC,1,1,1625.4129888310722,1635.7732061309464,10.360217299874172,1477.2764414203475,0.7415841840820466,14.0,14.0,0.3363755443363322,1.3363755443363323,29
2019-20,2019-12-22,0021900441,IND,MIL,0,0,1635.7732061309464,1620.6577783295647,-15.115427801381715,1736.4927355309794,0.3140474400980166,28.0,-28.0,0.6043677771171634,1.6043677771171634,30
2019-20,2019-12-23,0021900446,IND,TOR,1,1,1620.6577783295647,1636.339203083691,15.68142475412621,1631.2291367822347,0.5350978227947497,5.0,5.0,0.1243530017715962,1.124353001771596,31
2019-20,2019-12-27,0021900470,IND,MIA,0,0,1636.339203083691,1622.9088265369048,-13.430376546786198,1645.517738916849,0.4367624316702253,1.0,-1.0,0.0249947929684206,1.0249947929684209,32
2019-20,2019-12-28,0021900474,IND,NOP,0,0,1622.9088265369048,1589.0069924534555,-33.901834083449145,1394.164146022115,0.7531129055693224,22.0,-22.0,0.5005202111902353,1.5005202111902354,33
2019-20,2019-12-31,0021900498,IND,PHI,1,1,1589.0069924534555,1608.6973357259776,19.690343272521886,1597.269421482554,0.5384026760498882,18.0,18.0,0.4218990052500079,1.4218990052500078,34
2019-20,2020-01-02,0021900509,IND,DEN,1,0,1608.6973357259776,1588.723874126561,-19.973461599416527,1604.5962906721873,0.5560345549704748,8.0,-8.0,0.197375320224904,1.197375320224904,35
2019-20,2020-01-04,0021900526,IND,ATL,0,0,1588.723874126561,1561.2056721609772,-27.51820196558371,1295.179283923171,0.8158233200849563,5.0,-5.0,0.1243530017715962,1.124353001771596,36
2019-20,2020-01-06,0021900539,IND,CHA,0,1,1561.2056721609772,1574.25922439866,13.0535522376826,1413.3587969793302,0.6569200545665774,11.0,11.0,0.2682711820216014,1.2682711820216013,37
2019-20,2020-01-08,0021900556,IND,MIA,1,0,1574.25922439866,1555.2647973670548,-18.99442703160494,1627.49570326498,0.4737796724906372,14.0,-14.0,0.3363755443363322,1.3363755443363323,38
2019-20,2020-01-10,0021900570,IND,CHI,0,1,1555.2647973670548,1567.4067245005929,12.14192713353798,1388.6183048161956,0.6808798384852266,11.0,11.0,0.2682711820216014,1.2682711820216013,39
2019-20,2020-01-13,0021900592,IND,PHI,1,1,1567.4067245005929,1583.3994131771651,15.992688676572143,1577.3522365664442,0.535993935902217,6.0,6.0,0.1488850336233179,1.1488850336233178,40
2019-20,2020-01-15,0021900608,IND,MIN,0,1,1583.3994131771651,1593.1006497153944,9.701236538229288,1390.8334160126312,0.7123905474839469,5.0,5.0,0.1243530017715962,1.124353001771596,41
2019-20,2020-01-17,0021900619,IND,MIN,1,1,1593.1006497153944,1599.2240299179164,6.123380202521916,1381.132179474402,0.8055992710895941,2.0,2.0,0.0499583749578799,1.04995837495788,42
2019-20,2020-01-19,0021900638,IND,DEN,0,1,1599.2240299179164,1619.8142014036127,20.590171485696334,1615.458823417141,0.4267970636021664,8.0,8.0,0.197375320224904,1.197375320224904,43
2019-20,2020-01-20,0021900651,IND,UTA,0,0,1619.8142014036127,1599.7163734423368,-20.097827961275815,1648.2538220765784,0.4097043255485146,30.0,-30.0,0.6351489523872873,1.6351489523872873,44
2019-20,2020-01-22,0021900664,IND,PHX,0,1,1599.7163734423368,1614.2304693559252,14.514095913588244,1426.7010857499445,0.688792433084664,25.0,25.0,0.5545997223493823,1.5545997223493822,45
2019-20,2020-01-24,0021900679,IND,GSW,0,1,1614.2304693559252,1620.1088156229976,5.87834626707233,1283.9532492860026,0.8455023828131575,11.0,11.0,0.2682711820216014,1.2682711820216013,46
2019-20,2020-01-26,0021900692,IND,POR,0,0,1620.1088156229976,1593.6148153391252,-26.494000283872293,1430.0786789542883,0.7093903959079342,10.0,-10.0,0.2449186624037091,1.2449186624037092,47
2019-20,2020-01-29,0021900708,IND,CHI,1,1,1593.6148153391252,1602.348754468249,8.733939129123435,1426.8297113456222,0.7616175901266085,9.0,9.0,0.2212784678984439,1.221278467898444,48
2019-20,2020-02-01,0021900728,IND,NYK,1,0,1602.348754468249,1572.728296277091,-29.620458191157663,1347.2597356785218,0.841560704841293,7.0,-7.0,0.1732351578346601,1.17323515783466,49
2019-20,2020-02-03,0021900743,IND,DAL,1,0,1572.728296277091,1552.5017132451587,-20.22658303193235,1571.421467056104,0.5520603630701283,9.0,-9.0,0.2212784678984439,1.221278467898444,50
2019-20,2020-02-05,0021900758,IND,TOR,0,0,1552.5017132451587,1543.8075764972978,-8.694136747860986,1679.2195203361289,0.282737590717655,1.0,-1.0,0.0249947929684206,1.0249947929684209,51
2019-20,2020-02-07,0021900772,IND,TOR,1,0,1543.8075764972978,1531.0592830885073,-12.7482934087905,1687.9136570839898,0.3479494028561604,9.0,-9.0,0.2212784678984439,1.221278467898444,52
2019-20,2020-02-08,0021900780,IND,NOP,1,0,1531.0592830885073,1511.8956529601778,-19.163630128329377,1535.078688645162,0.5444668672589632,7.0,-7.0,0.1732351578346601,1.17323515783466,53
2019-20,2020-02-10,0021900794,IND,BKN,1,0,1511.8956529601778,1492.3281963972167,-19.567456562960963,1449.695712402406,0.6363432834714841,1.0,-1.0,0.0249947929684206,1.0249947929684209,54
2019-20,2020-02-12,0021900810,IND,MIL,1,1,1492.3281963972167,1520.6247914788692,28.29659508165243,1772.4706601004764,0.1960521897452329,7.0,7.0,0.1732351578346601,1.17323515783466,55
2019-20,2020-02-21,0021900828,IND,NYK,0,1,1520.6247914788692,1533.359425038168,12.73463355929872,1381.5243493998487,0.6454847714497527,8.0,8.0,0.197375320224904,1.197375320224904,56
2019-20,2020-02-23,0021900843,IND,TOR,0,0,1533.359425038168,1519.609455733936,-13.749969304232112,1687.228923395129,0.2521420887983078,46.0,-46.0,0.8177540779702877,1.8177540779702877,57
2019-20,2020-02-25,0021900857,IND,CHA,1,1,1519.609455733936,1531.31709276319,11.707637029254192,1337.6515239448463,0.7771111630322797,39.0,39.0,0.7508932836251672,1.7508932836251672,58
2019-20,2020-02-27,0021900874,IND,POR,1,1,1531.31709276319,1544.4691188128056,13.152026049615705,1482.4438937622435,0.618411890232473,6.0,6.0,0.1488850336233179,1.1488850336233178,59
2019-20,2020-02-29,0021900890,IND,CLE,0,1,1544.4691188128056,1554.6294826021472,10.160363789341655,1343.0788148779118,0.722685037130927,9.0,9.0,0.2212784678984439,1.221278467898444,60
2019-20,2020-03-02,0021900908,IND,SAS,0,1,1554.6294826021472,1570.2580758223191,15.62859322017193,1494.1068437867918,0.5366641023608953,5.0,5.0,0.1243530017715962,1.124353001771596,61
2019-20,2020-03-04,0021900924,IND,MIL,0,0,1570.2580758223191,1561.228055643003,-9.030020179316235,1766.780313033816,0.2087049904213299,19.0,-19.0,0.4422303560457261,1.442230356045726,62
2019-20,2020-03-06,0021900934,IND,CHI,0,1,1561.228055643003,1569.4678639132792,8.239808270276098,1325.0971556921636,0.760933193802991,6.0,6.0,0.1488850336233179,1.1488850336233178,63
2019-20,2020-03-08,0021900952,IND,DAL,0,1,1569.4678639132792,1587.325482698052,17.857618784772757,1571.9950354017744,0.446203104786923,3.0,3.0,0.074859690687499,1.0748596906874992,64
2019-20,2020-03-10,0021900960,IND,BOS,1,0,1587.325482698052,1570.145574078192,-17.179908619859756,1599.5149687063476,0.5327798833871109,3.0,-3.0,0.074859690687499,1.0748596906874992,65
2019-20,2020-08-01,0021901242,IND,PHI,1,1,1570.145574078192,1584.603190117238,14.45761603904582,1548.6946596642922,0.5805319761934797,6.0,6.0,0.1488850336233179,1.1488850336233178,66
2019-20,2020-08-03,0021901252,IND,WAS,0,1,1584.603190117238,1594.4969848147532,9.893794697515196,1367.930202714116,0.7399663721301657,11.0,11.0,0.2682711820216014,1.2682711820216013,67
2019-20,2020-08-04,0021901259,IND,ORL,1,1,1594.4969848147532,1608.430583509302,13.933598694548971,1534.2107346096009,0.63379023634522,11.0,11.0,0.2682711820216014,1.2682711820216013,68
2019-20,2020-08-06,0021901270,IND,PHX,0,0,1608.430583509302,1583.307258416,-25.123325093302167,1490.9543927394848,0.6165123926836191,15.0,-15.0,0.3583573983507859,1.358357398350786,69
2019-20,2020-08-08,0021901282,IND,LAL,1,1,1583.307258416,1602.6329307684932,19.325672352493335,1669.3567907595152,0.4270579814333909,5.0,5.0,0.1243530017715962,1.124353001771596,70
2019-20,2020-08-10,0021901295,IND,MIA,0,0,1602.6329307684932,1577.4839529318454,-25.148977836647894,1526.67446377483,0.5586724223838644,22.0,-22.0,0.5005202111902353,1.5005202111902354,71
2019-20,2020-08-12,0021901304,IND,HOU,0,1,1577.4839529318454,1596.131332847557,18.64737991571139,1588.079200152724,0.4347572780494498,4.0,4.0,0.0996679946249558,1.099667994624956,72
2019-20,2020-08-14,0021901316,IND,MIA,1,1,1596.131332847557,1611.7892237196156,15.657890872059,1540.5401571973057,0.6274948794399886,17.0,17.0,0.4011342849479459,1.401134284947946,73
2019-20,2019-10-22,0021900002,LAC,LAL,1,1,1500.0,1516.798956584878,16.798956584877903,1500.0,0.550199353253537,10.0,10.0,0.2449186624037091,1.2449186624037092,1
2019-20,2019-10-24,0021900016,LAC,GSW,0,1,1516.798956584878,1539.5646841229266,22.76572753804853,1500.0,0.4738305282366709,19.0,19.0,0.4422303560457261,1.442230356045726,2
2019-20,2019-10-26,0021900035,LAC,PHX,0,0,1539.5646841229266,1521.7783842507,-17.78629987222654,1507.9370783284608,0.4951468870230187,8.0,-8.0,0.197375320224904,1.197375320224904,3
2019-20,2019-10-28,0021900051,LAC,CHA,1,1,1521.7783842507,1537.1978407321576,15.419456481457484,1470.5432559685491,0.6216151335876058,15.0,15.0,0.3583573983507859,1.358357398350786,4
2019-20,2019-10-30,0021900063,LAC,UTA,0,0,1537.1978407321576,1518.98347622018,-18.214364511977585,1534.02655839337,0.4543225041087573,14.0,-14.0,0.3363755443363322,1.3363755443363323,5
2019-20,2019-10-31,0021900068,LAC,SAS,1,1,1518.98347622018,1535.729624822014,16.746148601834285,1544.1600205452723,0.5141333231280533,6.0,6.0,0.1488850336233179,1.1488850336233178,6
2019-20,2019-11-03,0021900090,LAC,UTA,1,1,1535.729624822014,1552.6467441652655,16.91711934325155,1532.092037547516,0.5553758643245901,11.0,11.0,0.2682711820216014,1.2682711820216013,7
2019-20,2019-11-06,0021900111,LAC,MIL,1,0,1552.6467441652655,1535.1747298929529,-17.472014272312673,1575.142553684746,0.5179872111570758,5.0,-5.0,0.1243530017715962,1.124353001771596,8
2019-20,2019-11-07,0021900115,LAC,POR,1,1,1535.1747298929529,1548.3123951505545,13.13766525760172,1485.994739530927,0.6188285490391624,6.0,6.0,0.1488850336233179,1.1488850336233178,9
2019-20,2019-11-11,0021900145,LAC,TOR,1,1,1548.3123951505545,1567.1346431208426,18.822247970288153,1586.0747799230785,0.49602469251697,10.0,10.0,0.2449186624037091,1.2449186624037092,10
2019-20,2019-11-13,0021900157,LAC,HOU,0,0,1567.1346431208426,1550.020883078506,-17.11376004233645,1555.0292724686751,0.4670995870905001,9.0,-9.0,0.2212784678984439,1.221278467898444,11
2019-20,2019-11-14,0021900164,LAC,NOP,0,0,1550.020883078506,1528.4589661235996,-21.56191695490654,1415.643225178071,0.6392392460651393,5.0,-5.0,0.1243530017715962,1.124353001771596,12
2019-20,2019-11-16,0021900182,LAC,ATL,1,1,1528.4589661235996,1547.0016036935017,18.54263756990195,1444.9035163866408,0.664287528850554,49.0,49.0,0.8411229016320433,1.8411229016320432,13
2019-20,2019-11-18,0021900197,LAC,OKC,1,1,1547.0016036935017,1558.069990516726,11.06838682322442,1475.5248897965723,0.648608710363766,2.0,2.0,0.0499583749578799,1.04995837495788,14
2019-20,2019-11-20,0021900212,LAC,BOS,1,1,1558.069990516726,1575.970891768457,17.900901251731145,1631.541066753426,0.4448608375951093,3.0,3.0,0.074859690687499,1.0748596906874992,15
2019-20,2019-11-22,0021900224,LAC,HOU,1,1,1575.970891768457,1591.573831948787,15.602940180330094,1599.7623839341193,0.5161247458462794,3.0,3.0,0.074859690687499,1.0748596906874992,16
2019-20,2019-11-24,0021900239,LAC,NOP,1,1,1591.573831948787,1604.8104195305768,13.236587581789657,1465.7783575536855,0.716184443032793,25.0,25.0,0.5545997223493823,1.5545997223493822,17
2019-20,2019-11-26,0021900251,LAC,DAL,0,1,1604.8104195305768,1626.2146212115586,21.404201680981625,1587.368888231356,0.4747528226133276,15.0,15.0,0.3583573983507859,1.358357398350786,18
2019-20,2019-11-27,0021900260,LAC,MEM,0,1,1626.2146212115586,1634.1988005176129,7.984179306054343,1403.5719029464165,0.7465239417586551,2.0,2.0,0.0499583749578799,1.04995837495788,19
2019-20,2019-11-29,0021900276,LAC,SAS,0,0,1634.1988005176129,1605.4838965131596,-28.714904004453224,1390.413624431579,0.768856227897653,10.0,-10.0,0.2449186624037091,1.2449186624037092,20
2019-20,2019-12-01,0021900292,LAC,WAS,1,1,1605.4838965131596,1617.5912366573916,12.107340144232037,1458.4214848953804,0.7403974804537923,25.0,25.0,0.5545997223493823,1.5545997223493822,21
2019-20,2019-12-03,0021900305,LAC,POR,1,1,1617.5912366573916,1628.7899992038683,11.198762546477033,1466.6275041088566,0.7446907157685553,20.0,20.0,0.4621171572600097,1.4621171572600098,22
2019-20,2019-12-06,0021900327,LAC,MIL,0,0,1628.7899992038683,1611.948868921403,-16.841130282465553,1701.403191879893,0.3499016979911101,28.0,-28.0,0.6043677771171634,1.6043677771171634,23
2019-20,2019-12-08,0021900339,LAC,WAS,0,1,1611.948868921403,1625.045837071885,13.096968150482152,1443.0933914519096,0.6836364119564244,16.0,16.0,0.3799489622552249,1.379948962255225,24
2019-20,2019-12-09,0021900343,LAC,IND,0,1,1625.045837071885,1643.7559621200608,18.71012504817576,1584.3117972138143,0.5082511975514006,11.0,11.0,0.2682711820216014,1.2682711820216013,25
2019-20,2019-12-11,0021900359,LAC,TOR,0,1,1643.7559621200608,1664.8392652688256,21.083303148764735,1595.308322170914,0.5193430511803263,20.0,20.0,0.4621171572600097,1.4621171572600098,26
2019-20,2019-12-13,0021900377,LAC,MIN,0,1,1664.8392652688256,1672.6394791455966,7.800213876770958,1411.601674830623,0.7783844717834986,7.0,7.0,0.1732351578346601,1.17323515783466,27
2019-20,2019-12-14,0021900382,LAC,CHI,0,0,1672.6394791455966,1646.5507628807095,-26.08871626488684,1386.8081575132242,0.8090580408127515,3.0,-3.0,0.074859690687499,1.0748596906874992,28
2019-20,2019-12-17,0021900406,LAC,PHX,1,1,1646.5507628807095,1654.8082352499166,8.257472369206896,1424.8588779247302,0.8142154389427547,21.0,21.0,0.4815497983643079,1.481549798364308,29
2019-20,2019-12-19,0021900419,LAC,HOU,1,0,1654.8082352499166,1633.0860178564817,-21.722217393435187,1586.840235768046,0.64399162182483,5.0,-5.0,0.1243530017715962,1.124353001771596,30
2019-20,2019-12-21,0021900436,LAC,SAS,0,1,1633.0860178564817,1646.7166754083023,13.63065755182095,1444.4485609026597,0.7077348945870628,25.0,25.0,0.5545997223493823,1.5545997223493822,31
2019-20,2019-12-22,0021900442,LAC,OKC,0,0,1646.7166754083023,1625.4780033686466,-21.238672039655945,1529.461816951636,0.6162111211619403,6.0,-6.0,0.1488850336233179,1.1488850336233178,32
2019-20,2019-12-25,0021900458,LAC,LAL,0,1,1625.4780033686466,1646.054264068437,20.576260699790424,1668.1971003253475,0.3899821892421903,5.0,5.0,0.1243530017715962,1.124353001771596,33
2019-20,2019-12-28,0021900485,LAC,UTA,1,0,1646.054264068437,1619.6267291892214,-26.427534879215617,1557.7166194018162,0.670398630885243,13.0,-13.0,0.3140209253469976,1.3140209253469977,34
2019-20,2019-12-31,0021900499,LAC,SAC,0,1,1619.6267291892214,1630.189658912716,10.562929723494651,1391.5707271708495,0.7523750588826711,18.0,18.0,0.4218990052500079,1.4218990052500078,35
2019-20,2020-01-02,0021900516,LAC,DET,1,1,1630.189658912716,1637.1256478513749,6.935988938659065,1393.4119493557353,0.8269950147857178,14.0,14.0,0.3363755443363322,1.3363755443363323,36
2019-20,2020-01-04,0021900523,LAC,MEM,1,0,1637.1256478513749,1599.1632122263743,-37.96243562500041,1425.6660500471617,0.8051401045636675,26.0,-26.0,0.5716699660851172,1.5716699660851172,37
2019-20,2020-01-05,0021900534,LAC,NYK,1,1,1599.1632122263743,1605.5535063727905,6.390294146415931,1391.3503986799435,0.8018254785010254,3.0,3.0,0.074859690687499,1.0748596906874992,38
2019-20,2020-01-10,0021900576,LAC,GSW,1,1,1605.5535063727905,1609.9415832748314,4.388076902040873,1294.0498180076456,0.8802326955622768,9.0,9.0,0.2212784678984439,1.221278467898444,39
2019-20,2020-01-12,0021900589,LAC,DEN,0,0,1609.9415832748314,1591.8613920935427,-18.080191181288697,1585.989339066421,0.4841063577701043,10.0,-10.0,0.2449186624037091,1.2449186624037092,40
2019-20,2020-01-14,0021900603,LAC,CLE,1,1,1591.8613920935427,1600.465189811245,8.603797717702326,1368.6677818542637,0.81551954941602,25.0,25.0,0.5545997223493823,1.5545997223493822,41
2019-20,2020-01-16,0021900618,LAC,ORL,1,1,1600.465189811245,1617.508086688763,17.042896877517887,1533.766279267892,0.6423149682298888,27.0,27.0,0.5882592563981054,1.5882592563981053,42
2019-20,2020-01-18,0021900626,LAC,NOP,0,1,1617.508086688763,1630.243300079142,12.735213390379112,1508.4025289841215,0.6050581143841064,3.0,3.0,0.074859690687499,1.0748596906874992,43
2019-20,2020-01-21,0021900653,LAC,DAL,0,1,1630.243300079142,1647.107491641361,16.86419156221897,1611.228914969555,0.4770110707369834,3.0,3.0,0.074859690687499,1.0748596906874992,44
2019-20,2020-01-22,0021900656,LAC,ATL,0,0,1647.107491641361,1617.0395711307413,-30.067920510619835,1304.8837599723438,0.8542737662843776,7.0,-7.0,0.1732351578346601,1.17323515783466,45
2019-20,2020-01-24,0021900673,LAC,MIA,0,1,1617.0395711307413,1635.6172370888555,18.577665958114164,1617.4374518884367,0.449233887434459,5.0,5.0,0.1243530017715962,1.124353001771596,46
2019-20,2020-01-26,0021900689,LAC,ORL,0,1,1635.6172370888555,1648.8249160595292,13.207678970673632,1472.943070886937,0.6758909207373212,15.0,15.0,0.3583573983507859,1.358357398350786,47
2019-20,2020-01-30,0021900719,LAC,SAC,1,0,1648.8249160595292,1611.1751197666872,-37.64979629284196,1386.4390442954234,0.8470813543675434,21.0,-21.0,0.4815497983643079,1.481549798364308,48
2019-20,2020-02-01,0021900727,LAC,MIN,1,1,1611.1751197666872,1616.1104216562885,4.935301889601081,1311.9129788505056,0.8726024500958168,12.0,12.0,0.2913126124515909,1.2913126124515908,49
2019-20,2020-02-03,0021900750,LAC,SAS,1,1,1616.1104216562885,1626.5951092404937,10.48468758420536,1524.2602564096442,0.6748509696957387,3.0,3.0,0.074859690687499,1.0748596906874992,50
2019-20,2020-02-05,0021900763,LAC,MIA,1,1,1626.5951092404937,1645.313789995997,18.71868075550331,1623.4484449811705,0.5546779263868883,17.0,17.0,0.4011342849479459,1.401134284947946,51
2019-20,2020-02-08,0021900782,LAC,MIN,0,0,1645.313789995997,1603.8771568042794,-41.4366331917176,1280.6286588737833,0.8696446130104445,27.0,-27.0,0.5882592563981054,1.5882592563981053,52
2019-20,2020-02-09,0021900791,LAC,CLE,0,1,1603.8771568042794,1611.3027974689633,7.425640664683829,1253.0856270213178,0.8603070033378404,41.0,41.0,0.7718952374404182,1.7718952374404182,53
2019-20,2020-02-11,0021900802,LAC,PHI,0,0,1611.3027974689633,1593.221637110227,-18.0811603587362,1566.77211741376,0.5137123118638623,7.0,-7.0,0.1732351578346601,1.17323515783466,54
2019-20,2020-02-13,0021900818,LAC,BOS,0,0,1593.221637110227,1579.767042910058,-13.454594200168891,1647.2888426225743,0.3745579733969492,8.0,-8.0,0.197375320224904,1.197375320224904,55
2019-20,2020-02-22,0021900835,LAC,SAC,1,0,1579.767042910058,1554.3091346589545,-25.457908251103525,1471.8216041385049,0.694843120556856,9.0,-9.0,0.2212784678984439,1.221278467898444,56
2019-20,2020-02-24,0021900856,LAC,MEM,1,1,1554.3091346589545,1575.5025890035297,21.19345434457504,1550.7911710818744,0.5552058171191754,27.0,27.0,0.5882592563981054,1.5882592563981053,57
2019-20,2020-02-26,0021900871,LAC,PHX,0,1,1575.5025890035297,1590.5960528500136,15.0934638464841,1473.0541734590693,0.5958647928226519,10.0,10.0,0.2449186624037091,1.2449186624037092,58
2019-20,2020-02-28,0021900886,LAC,DEN,1,1,1590.5960528500136,1615.3317608328643,24.7357079828507,1631.8270530494442,0.4910338311567994,29.0,29.0,0.619996867969374,1.619996867969374,59
2019-20,2020-03-01,0021900897,LAC,PHI,1,1,1615.3317608328643,1628.6145814826086,13.282820649744297,1569.246908377063,0.6146170631812958,6.0,6.0,0.1488850336233179,1.1488850336233178,60
2019-20,2020-03-03,0021900912,LAC,OKC,0,1,1628.6145814826086,1651.7712407437089,23.156659261100337,1641.3384895599863,0.4317484905122567,15.0,15.0,0.3583573983507859,1.358357398350786,61
2019-20,2020-03-05,0021900927,LAC,HOU,0,1,1651.7712407437089,1672.9352230427137,21.16398229900486,1630.2253363203536,0.4806476723357059,15.0,15.0,0.3583573983507859,1.358357398350786,62
2019-20,2020-03-08,0021900948,LAC,LAL,1,0,1672.9352230427137,1655.8073249840695,-17.127898058644018,1730.560563012722,0.4674854673157227,9.0,-9.0,0.2212784678984439,1.221278467898444,63
2019-20,2020-03-10,0021900967,LAC,GSW,0,1,1655.8073249840695,1662.9597154291414,7.1523904450717275,1326.344259786018,0.8448891825256089,24.0,24.0,0.5370495669980352,1.5370495669980353,64
2019-20,2020-07-30,0021901232,LAC,LAL,0,0,1662.9597154291414,1651.3109283597762,-11.648787069365236,1720.5513236721977,0.3698174247410057,2.0,-2.0,0.0499583749578799,1.04995837495788,65
2019-20,2020-08-01,0021901241,LAC,NOP,1,1,1651.3109283597762,1664.6016248041244,13.290696444348132,1532.1568364681712,0.7083496728452634,23.0,23.0,0.5190218338982221,1.519021833898222,66
2019-20,2020-08-04,0021901258,LAC,PHX,1,0,1664.6016248041244,1639.613775743809,-24.98784906031565,1465.966543679169,0.793296498105399,2.0,-2.0,0.0499583749578799,1.04995837495788,67
2019-20,2020-08-06,0021901271,LAC,DAL,0,1,1639.613775743809,1655.928051069528,16.314275325719223,1534.4256690302848,0.5996567779700499,15.0,15.0,0.3583573983507859,1.358357398350786,68
2019-20,2020-08-08,0021901280,LAC,POR,0,1,1655.928051069528,1668.1584650742186,12.230414004690603,1522.9277079905034,0.6374088331861479,5.0,5.0,0.1243530017715962,1.124353001771596,69
2019-20,2020-08-09,0021901291,LAC,BKN,1,0,1668.1584650742186,1640.585706126697,-27.57275894752165,1509.924902489416,0.7525654378390432,9.0,-9.0,0.2212784678984439,1.221278467898444,70
2019-20,2020-08-12,0021901307,LAC,DEN,0,1,1640.585706126697,1658.129377297111,17.543671170413866,1567.2391355307063,0.5549621564364597,13.0,13.0,0.3140209253469976,1.3140209253469977,71
2019-20,2020-08-14,0021901317,LAC,OKC,1,1,1658.129377297111,1671.332472845252,13.203095548141144,1622.8481913619785,0.5997854015128119,4.0,4.0,0.0996679946249558,1.099667994624956,72
2019-20,2019-10-22,0021900002,LAL,LAC,0,0,1500.0,1483.201043415122,-16.798956584877903,1500.0,0.449800646746463,10.0,-10.0,0.2449186624037091,1.2449186624037092,1
2019-20,2019-10-25,0021900025,LAL,UTA,1,1,1483.201043415122,1501.36051479635,18.159471381228148,1515.1720412210457,0.5043589741255142,9.0,9.0,0.2212784678984439,1.221278467898444,2
2019-20,2019-10-27,0021900040,LAL,CHA,1,1,1501.36051479635,1520.0791564728984,18.71864167654826,1489.2618976450974,0.5673681947297564,19.0,19.0,0.4422303560457261,1.442230356045726,3
2019-20,2019-10-29,0021900054,LAL,MEM,1,1,1520.0791564728984,1538.9764567605366,18.89730028763821,1476.521241868823,0.611165908994925,29.0,29.0,0.619996867969374,1.619996867969374,4
2019-20,2019-11-01,0021900074,LAL,DAL,0,1,1538.9764567605366,1558.892279212496,19.915822451959244,1534.334945165007,0.4564214748328428,9.0,9.0,0.2212784678984439,1.221278467898444,5
2019-20,2019-11-03,0021900088,LAL,SAS,0,1,1558.892279212496,1577.6219565863082,18.72967737381239,1546.2546227215787,0.467862367609799,7.0,7.0,0.1732351578346601,1.17323515783466,6
2019-20,2019-11-05,0021900100,LAL,CHI,0,1,1577.6219565863082,1590.2863781216506,12.664421535342465,1448.256533861563,0.6325590706146984,6.0,6.0,0.1488850336233179,1.1488850336233178,7
2019-20,2019-11-08,0021900126,LAL,MIA,1,1,1590.2863781216506,1607.8540330321473,17.567654910496667,1577.1035384070312,0.568899541661471,15.0,15.0,0.3583573983507859,1.358357398350786,8
2019-20,2019-11-10,0021900139,LAL,TOR,1,0,1607.8540330321473,1585.4295653855768,-22.424467646570506,1563.650312276508,0.6120489917192586,9.0,-9.0,0.2212784678984439,1.221278467898444,9
2019-20,2019-11-12,0021900151,LAL,PHX,0,1,1585.4295653855768,1603.710170597422,18.280605211845113,1556.619916630034,0.4910923110165254,8.0,8.0,0.197375320224904,1.197375320224904,10
2019-20,2019-11-13,0021900159,LAL,GSW,1,1,1603.710170597422,1612.7116252773255,9.001454679903643,1387.843606726277,0.8090893789377969,26.0,26.0,0.5716699660851172,1.5716699660851172,11
2019-20,2019-11-15,0021900174,LAL,SAC,1,1,1612.7116252773255,1621.3921372091895,8.680511931864038,1479.8169083567009,0.7244172677412961,2.0,2.0,0.0499583749578799,1.04995837495788,12
2019-20,2019-11-17,0021900188,LAL,ATL,1,1,1621.3921372091895,1630.731499146615,9.339361937425643,1426.360878816739,0.7898740461342871,21.0,21.0,0.4815497983643079,1.481549798364308,13
2019-20,2019-11-19,0021900201,LAL,OKC,1,1,1630.731499146615,1638.7902749148157,8.05877576820053,1464.4565029733478,0.7610840558821339,5.0,5.0,0.1243530017715962,1.124353001771596,14
2019-20,2019-11-22,0021900220,LAL,OKC,0,1,1638.7902749148157,1648.4561463741345,9.665871459318742,1456.3977272051472,0.7002439312757718,3.0,3.0,0.074859690687499,1.0748596906874992,15
2019-20,2019-11-23,0021900232,LAL,MEM,0,1,1648.4561463741345,1656.1085383903408,7.652392016206201,1421.5494027546106,0.7511404588360686,1.0,1.0,0.0249947929684206,1.0249947929684209,16
2019-20,2019-11-25,0021900249,LAL,SAS,0,1,1656.1085383903408,1664.8797948327258,8.7712564423851,1415.9308423303871,0.7651451266851064,10.0,10.0,0.2449186624037091,1.2449186624037092,17
2019-20,2019-11-27,0021900264,LAL,NOP,0,1,1664.8797948327258,1673.617664236822,8.737869404096257,1452.541769971896,0.7351361366398493,4.0,4.0,0.0996679946249558,1.099667994624956,18
2019-20,2019-11-29,0021900279,LAL,WAS,1,1,1673.617664236822,1682.604833089831,8.987168853008866,1467.4086537483893,0.8003543751918741,22.0,22.0,0.5005202111902353,1.5005202111902354,19
2019-20,2019-12-01,0021900287,LAL,DAL,1,0,1682.604833089831,1655.057649747487,-27.547183342343843,1580.9495206898966,0.6871118291833218,14.0,-14.0,0.3363755443363322,1.3363755443363323,20
2019-20,2019-12-03,0021900304,LAL,DEN,0,1,1655.057649747487,1673.1006157161949,18.04296596870787,1614.8187233004264,0.5075388498481729,9.0,9.0,0.2212784678984439,1.221278467898444,21
2019-20,2019-12-04,0021900314,LAL,UTA,0,1,1673.1006157161949,1689.0293042160893,15.928688499894404,1524.0646386797375,0.6584610972865683,25.0,25.0,0.5545997223493823,1.5545997223493822,22
2019-20,2019-12-06,0021900329,LAL,POR,0,1,1689.0293042160893,1700.9553392062255,11.926034990136424,1473.8614847513193,0.7382957303180872,23.0,23.0,0.5190218338982221,1.519021833898222,23
2019-20,2019-12-08,0021900342,LAL,MIN,1,1,1700.9553392062255,1707.8519441903186,6.896604984092937,1453.1015143240422,0.8359280510992289,17.0,17.0,0.4011342849479459,1.401134284947946,24
2019-20,2019-12-11,0021900358,LAL,ORL,0,1,1707.8519441903186,1717.9366274455074,10.084683255188892,1504.667022489714,0.7247506466852327,9.0,9.0,0.2212784678984439,1.221278467898444,25
2019-20,2019-12-13,0021900374,LAL,MIA,0,1,1717.9366274455074,1731.6367103247485,13.700082879241055,1630.3285396762574,0.57513577514853,3.0,3.0,0.074859690687499,1.0748596906874992,26
2019-20,2019-12-15,0021900390,LAL,ATL,0,1,1731.6367103247485,1735.430929607319,3.7942192825705576,1337.8060214367763,0.8875139961503145,5.0,5.0,0.1243530017715962,1.124353001771596,27
2019-20,2019-12-17,0021900402,LAL,IND,0,0,1735.430929607319,1714.9862654579229,-20.44466414939627,1604.968324681676,0.6340258276352176,3.0,-3.0,0.074859690687499,1.0748596906874992,28
2019-20,2019-12-19,0021900417,LAL,MIL,0,0,1714.9862654579229,1699.1636693197684,-15.82259613815441,1715.166998346192,0.4495431864190189,7.0,-7.0,0.1732351578346601,1.17323515783466,29
2019-20,2019-12-22,0021900443,LAL,DEN,1,0,1699.1636693197684,1668.1971003253475,-30.96656899442085,1609.9132042138042,0.6715586723053378,24.0,-24.0,0.5370495669980352,1.5370495669980353,30
2019-20,2019-12-25,0021900458,LAL,LAC,1,0,1668.1971003253475,1647.620839625557,-20.576260699790424,1625.4780033686466,0.6100178107578097,5.0,-5.0,0.1243530017715962,1.124353001771596,31
2019-20,2019-12-28,0021900484,LAL,POR,0,1,1647.620839625557,1658.0644573321515,10.443617706594445,1457.6975343378256,0.7092635998590424,8.0,8.0,0.197375320224904,1.197375320224904,32
2019-20,2019-12-29,0021900490,LAL,DAL,1,1,1658.0644573321515,1674.6458690255529,16.581411693401417,1637.4405810332516,0.5793722059887108,13.0,13.0,0.3140209253469976,1.3140209253469977,33
2019-20,2020-01-01,0021900507,LAL,PHX,1,1,1674.6458690255529,1680.238404733878,5.592535708325199,1407.9643963046422,0.850256998650631,10.0,10.0,0.2449186624037091,1.2449186624037092,34
2019-20,2020-01-03,0021900522,LAL,NOP,1,1,1680.238404733878,1687.1142062655265,6.8758015316481655,1456.6087315109942,0.815896900488469,10.0,10.0,0.2449186624037091,1.2449186624037092,35
2019-20,2020-01-05,0021900538,LAL,DET,1,1,1687.1142062655265,1691.9477859179117,4.8335796523854215,1402.8811682190153,0.8626709055978642,7.0,7.0,0.1732351578346601,1.17323515783466,36
2019-20,2020-01-07,0021900553,LAL,NYK,1,1,1691.9477859179117,1697.9586806156908,6.010894697779182,1384.9601045335276,0.8774648900945,30.0,30.0,0.6351489523872873,1.6351489523872873,37
2019-20,2020-01-10,0021900572,LAL,DAL,0,1,1697.9586806156908,1713.463735294146,15.505054678455274,1578.2732598258965,0.6195146015503644,15.0,15.0,0.3583573983507859,1.358357398350786,38
2019-20,2020-01-11,0021900580,LAL,OKC,0,1,1713.463735294146,1730.1190373807888,16.655302086642738,1614.3109416291695,0.5912881713638267,15.0,15.0,0.3583573983507859,1.358357398350786,39
2019-20,2020-01-13,0021900597,LAL,CLE,1,1,1730.1190373807888,1734.729519490024,4.610482109235214,1373.2782639634986,0.9051339295691696,29.0,29.0,0.619996867969374,1.619996867969374,40
2019-20,2020-01-15,0021900613,LAL,ORL,1,0,1734.729519490024,1709.5749606374927,-25.15455885253121,1508.6117204153609,0.818038589889897,1.0,-1.0,0.0249947929684206,1.0249947929684209,41
2019-20,2020-01-18,0021900633,LAL,HOU,0,1,1709.5749606374927,1722.3072376281432,12.732276990650456,1565.1340659492878,0.6524877460977443,9.0,9.0,0.2212784678984439,1.221278467898444,42
2019-20,2020-01-20,0021900648,LAL,BOS,0,0,1722.3072376281432,1687.9166190297883,-34.39061859835497,1549.2052444446792,0.6888994124174179,32.0,-32.0,0.664036770267849,1.664036770267849,43
2019-20,2020-01-22,0021900659,LAL,NYK,0,1,1687.9166190297883,1693.7651906194462,5.848571589657904,1368.4676436142986,0.8371835605519979,8.0,8.0,0.197375320224904,1.197375320224904,44
2019-20,2020-01-23,0021900667,LAL,BKN,0,1,1693.7651906194462,1701.6837126846704,7.918522065224078,1411.702849862571,0.8056838827337061,15.0,15.0,0.3583573983507859,1.358357398350786,45
2019-20,2020-01-25,0021900684,LAL,PHI,0,0,1701.6837126846704,1675.766264752054,-25.91744793261644,1584.1559807504802,0.6165825362836727,17.0,-17.0,0.4011342849479459,1.401134284947946,46
2019-20,2020-01-31,0021900726,LAL,POR,1,0,1675.766264752054,1647.407471725634,-28.358793026419946,1481.1565549435506,0.7894710078900821,8.0,-8.0,0.197375320224904,1.197375320224904,47
2019-20,2020-02-01,0021900736,LAL,SAC,0,1,1647.407471725634,1657.8705419292348,10.46307020360079,1424.0888405882654,0.747259488338825,16.0,16.0,0.3799489622552249,1.379948962255225,48
2019-20,2020-02-04,0021900754,LAL,SAS,1,1,1657.8705419292348,1670.3971085045448,12.52656657531,1513.7755688254388,0.737100717345142,27.0,27.0,0.5882592563981054,1.5882592563981053,49
2019-20,2020-02-06,0021900768,LAL,HOU,1,0,1670.3971085045448,1645.85322856145,-24.5438799430946,1592.3537449225755,0.6571749272814573,10.0,-10.0,0.2449186624037091,1.2449186624037092,50
2019-20,2020-02-08,0021900783,LAL,GSW,0,1,1645.85322856145,1650.7942772733006,4.9410487118505015,1304.686984341285,0.8535143113694396,5.0,5.0,0.1243530017715962,1.124353001771596,51
2019-20,2020-02-10,0021900801,LAL,PHX,1,1,1650.7942772733006,1659.5603927080892,8.766115434788633,1431.590422852874,0.8120391740552378,25.0,25.0,0.5545997223493823,1.5545997223493822,52
2019-20,2020-02-12,0021900817,LAL,DEN,0,1,1659.5603927080892,1677.7465279410053,18.18613523291607,1660.3060480255613,0.4487386095376757,4.0,4.0,0.0996679946249558,1.099667994624956,53
2019-20,2020-02-21,0021900833,LAL,MEM,1,1,1677.7465279410053,1689.214547680952,11.468019739946635,1562.259190821821,0.7039699597302442,12.0,12.0,0.2913126124515909,1.2913126124515908,54
2019-20,2020-02-23,0021900842,LAL,BOS,1,1,1689.214547680952,1702.3358849814078,13.121337300455952,1665.6920284271898,0.5834330955903426,2.0,2.0,0.0499583749578799,1.04995837495788,55
2019-20,2020-02-25,0021900861,LAL,NOP,1,1,1702.3358849814078,1712.9557904178894,10.619905436481586,1581.6715858948376,0.7101423981609439,9.0,9.0,0.2212784678984439,1.221278467898444,56
2019-20,2020-02-27,0021900876,LAL,GSW,0,1,1712.9557904178894,1716.923504439694,3.9677140218046354,1255.7523453649635,0.9191161552181154,30.0,30.0,0.6351489523872873,1.6351489523872873,57
2019-20,2020-02-29,0021900891,LAL,MEM,0,0,1716.923504439694,1685.601604901142,-31.321899538551783,1495.53458528639,0.7451557849721124,17.0,-17.0,0.4011342849479459,1.401134284947946,58
2019-20,2020-03-01,0021900900,LAL,NOP,0,1,1685.601604901142,1699.8767036549525,14.27509875381022,1578.2809008874651,0.6026002732062069,8.0,8.0,0.197375320224904,1.197375320224904,59
2019-20,2020-03-03,0021900915,LAL,PHI,1,1,1699.8767036549525,1710.24837937575,10.371675720797535,1555.9640877273189,0.7368972461870891,13.0,13.0,0.3140209253469976,1.3140209253469977,60
2019-20,2020-03-06,0021900939,LAL,MIL,1,1,1710.24837937575,1730.560563012722,20.312183636972037,1775.810333213132,0.4561309036915193,10.0,10.0,0.2449186624037091,1.2449186624037092,61
2019-20,2020-03-08,0021900948,LAL,LAC,0,1,1730.560563012722,1747.688461071366,17.127898058644018,1672.9352230427137,0.5325145326842773,9.0,9.0,0.2212784678984439,1.221278467898444,62
2019-20,2020-03-10,0021900968,LAL,BKN,1,0,1747.688461071366,1720.5513236721977,-27.137137399168243,1465.121732926398,0.8615305789386452,2.0,-2.0,0.0499583749578799,1.04995837495788,63
2019-20,2020-07-30,0021901232,LAL,LAC,1,1,1720.5513236721977,1732.2001107415629,11.648787069365236,1662.9597154291414,0.6301825752589942,2.0,2.0,0.0499583749578799,1.04995837495788,64
2019-20,2020-08-01,0021901243,LAL,TOR,0,0,1732.2001107415629,1710.6818947831896,-21.518215958373354,1677.6919565853511,0.5280450241961144,15.0,-15.0,0.3583573983507859,1.358357398350786,65
2019-20,2020-08-03,0021901255,LAL,UTA,0,1,1710.6818947831896,1723.9603315825432,13.27843679935369,1582.9684479248317,0.6303460139003703,8.0,8.0,0.197375320224904,1.197375320224904,66
2019-20,2020-08-05,0021901265,LAL,OKC,1,0,1723.9603315825432,1695.2392997665577,-28.721031815985597,1640.7763029722937,0.663810550919486,19.0,-19.0,0.4422303560457261,1.442230356045726,67
2019-20,2020-08-06,0021901273,LAL,HOU,0,0,1695.2392997665577,1669.3567907595152,-25.882509007042383,1571.3482092083211,0.6252044994655231,16.0,-16.0,0.3799489622552249,1.379948962255225,68
2019-20,2020-08-08,0021901282,LAL,IND,0,0,1669.3567907595152,1650.031118407022,-19.325672352493335,1583.307258416,0.5729420185666091,5.0,-5.0,0.1243530017715962,1.124353001771596,69
2019-20,2020-08-10,0021901296,LAL,DEN,1,1,1650.031118407022,1661.3626984604546,11.331580053432573,1578.570715584139,0.6485873101513155,3.0,3.0,0.074859690687499,1.0748596906874992,70
2019-20,2020-08-13,0021901310,LAL,SAC,1,0,1661.3626984604546,1629.925436538345,-31.43726192210991,1472.2716579092132,0.7841424030678494,14.0,-14.0,0.3363755443363322,1.3363755443363323,71
2019-20,2019-10-23,0021900007,MEM,MIA,0,0,1500.0,1480.5385155927977,-19.461484407202477,1500.0,0.449800646746463,19.0,-19.0,0.4422303560457261,1.442230356045726,1
2019-20,2019-10-25,0021900020,MEM,CHI,1,0,1480.5385155927977,1461.063223785386,-19.47529180741142,1486.1687003763311,0.5421661718052159,8.0,-8.0,0.197375320224904,1.197375320224904,2
2019-20,2019-10-27,0021900037,MEM,BKN,1,1,1461.063223785386,1476.521241868823,15.458018083436896,1497.9410124569706,0.4972976711855632,1.0,1.0,0.0249947929684206,1.0249947929684209,3
2019-20,2019-10-29,0021900054,MEM,LAL,0,0,1476.521241868823,1457.623941581185,-18.89730028763821,1520.0791564728984,0.388834091005075,29.0,-29.0,0.619996867969374,1.619996867969374,4
2019-20,2019-11-02,0021900081,MEM,PHX,1,0,1457.623941581185,1441.1399517576506,-16.48398982353417,1527.5466474919651,0.4499107631011064,9.0,-9.0,0.2212784678984439,1.221278467898444,5
2019-20,2019-11-04,0021900093,MEM,HOU,1,0,1441.1399517576506,1424.1414694469445,-16.99848231070642,1487.990821245227,0.4829518389725912,7.0,-7.0,0.1732351578346601,1.17323515783466,6
2019-20,2019-11-06,0021900108,MEM,MIN,1,1,1424.1414694469445,1449.023937592107,24.88246814516268,1530.336894867671,0.3989519703081937,16.0,16.0,0.3799489622552249,1.379948962255225,7
2019-20,2019-11-08,0021900117,MEM,ORL,0,0,1449.023937592107,1425.4397812076447,-23.584156384462176,1433.2019692976871,0.4724285906387752,32.0,-32.0,0.664036770267849,1.664036770267849,8
2019-20,2019-11-09,0021900130,MEM,DAL,1,0,1425.4397812076447,1408.351764019174,-17.088017188470722,1521.6803235087143,0.4127693041763924,16.0,-16.0,0.3799489622552249,1.379948962255225,9
2019-20,2019-11-11,0021900143,MEM,SAS,0,1,1408.351764019174,1430.7808765605205,22.4291125413465,1504.1957788899626,0.320124720946768,4.0,4.0,0.0996679946249558,1.099667994624956,10
2019-20,2019-11-13,0021900154,MEM,CHA,0,1,1430.7808765605205,1448.9582056393765,18.17732907885597,1449.772667721523,0.4229190568440338,2.0,2.0,0.0499583749578799,1.04995837495788,11
2019-20,2019-11-15,0021900170,MEM,UTA,1,1,1448.9582056393765,1468.240696328001,19.28249068862447,1574.23818359731,0.3729239465115814,1.0,1.0,0.0249947929684206,1.0249947929684209,12
2019-20,2019-11-17,0021900186,MEM,DEN,1,0,1468.240696328001,1450.8126414582612,-17.428054869739796,1563.1573509365828,0.4146177625981384,17.0,-17.0,0.4011342849479459,1.401134284947946,13
2019-20,2019-11-19,0021900198,MEM,GSW,1,0,1450.8126414582612,1421.5494027546106,-29.26323870365061,1357.7804572092182,0.6763422264915637,19.0,-19.0,0.4422303560457261,1.442230356045726,14
2019-20,2019-11-23,0021900232,MEM,LAL,1,0,1421.5494027546106,1413.8970107384043,-7.652392016206201,1648.4561463741345,0.2488595411639314,1.0,-1.0,0.0249947929684206,1.0249947929684209,15
2019-20,2019-11-25,0021900242,MEM,IND,0,0,1413.8970107384043,1403.5719029464165,-10.325107791987769,1554.7537777461396,0.2665274515359292,12.0,-12.0,0.2913126124515909,1.2913126124515908,16
2019-20,2019-11-27,0021900260,MEM,LAC,1,0,1403.5719029464165,1395.587723640362,-7.984179306054343,1626.2146212115586,0.2534760582413449,2.0,-2.0,0.0499583749578799,1.04995837495788,17
2019-20,2019-11-29,0021900274,MEM,UTA,1,0,1395.587723640362,1382.8166396716722,-12.771083968690048,1539.2177184455145,0.3485714438975391,9.0,-9.0,0.2212784678984439,1.221278467898444,18
2019-20,2019-12-01,0021900286,MEM,MIN,0,1,1382.8166396716722,1408.4436774894186,25.627037817746444,1506.258595229333,0.2865774168750782,8.0,8.0,0.197375320224904,1.197375320224904,19
2019-20,2019-12-02,0021900296,MEM,IND,1,0,1408.4436774894186,1395.8668020314688,-12.576875457949845,1575.1518624530927,0.3190430029270305,13.0,-13.0,0.3140209253469976,1.3140209253469977,20
2019-20,2019-12-04,0021900311,MEM,CHI,0,0,1395.8668020314688,1380.5860286182246,-15.280773413244074,1406.8919685098597,0.4341492073207924,7.0,-7.0,0.1732351578346601,1.17323515783466,21
2019-20,2019-12-07,0021900334,MEM,UTA,0,0,1380.5860286182246,1369.2896248673865,-11.29640375083814,1508.1359501798431,0.2817671973199752,14.0,-14.0,0.3363755443363322,1.3363755443363323,22
2019-20,2019-12-09,0021900351,MEM,GSW,0,1,1369.2896248673865,1387.5083389842214,18.21871411683498,1339.282425669202,0.492815276627634,8.0,8.0,0.197375320224904,1.197375320224904,23
2019-20,2019-12-11,0021900363,MEM,PHX,0,1,1387.5083389842214,1411.529771689019,24.02143270479764,1485.4392194832365,0.3175158295025313,7.0,7.0,0.1732351578346601,1.17323515783466,24
2019-20,2019-12-13,0021900376,MEM,MIL,1,0,1411.529771689019,1405.05829835466,-6.471473334359208,1729.2662147967403,0.164164644299716,13.0,-13.0,0.3140209253469976,1.3140209253469977,25
2019-20,2019-12-14,0021900383,MEM,WAS,1,1,1405.05829835466,1424.3410152980896,19.282716943429804,1411.3230133657396,0.5412593651067932,17.0,17.0,0.4011342849479459,1.401134284947946,26
2019-20,2019-12-16,0021900397,MEM,MIA,1,1,1424.3410152980896,1450.159557670734,25.818542372644192,1635.260121141925,0.2664573053909252,7.0,7.0,0.1732351578346601,1.17323515783466,27
2019-20,2019-12-18,0021900412,MEM,OKC,0,0,1450.159557670734,1437.775477851823,-12.384079818910545,1503.6112018160393,0.3753884469204168,4.0,-4.0,0.0996679946249558,1.099667994624956,28
2019-20,2019-12-20,0021900420,MEM,CLE,0,0,1437.775477851823,1417.4670649145717,-20.3084129372517,1348.8471162481314,0.5769918275870402,7.0,-7.0,0.1732351578346601,1.17323515783466,29
2019-20,2019-12-21,0021900435,MEM,SAC,1,1,1417.4670649145717,1434.6476848883187,17.18061997374708,1466.916224120473,0.479217968280006,4.0,4.0,0.0996679946249558,1.099667994624956,30
2019-20,2019-12-23,0021900450,MEM,SAS,1,0,1434.6476848883187,1407.39061628808,-27.257068600238867,1430.8179033508386,0.555649044703115,30.0,-30.0,0.6351489523872873,1.6351489523872873,31
2019-20,2019-12-26,0021900462,MEM,OKC,0,1,1407.39061628808,1436.413028348442,29.02241206036232,1550.700488991292,0.2637760048684592,13.0,13.0,0.3140209253469976,1.3140209253469977,32
2019-20,2019-12-28,0021900472,MEM,DEN,0,0,1436.413028348442,1428.1045820474271,-8.308446301014976,1614.5031654830368,0.2267690926463319,9.0,-9.0,0.2212784678984439,1.221278467898444,33
2019-20,2019-12-29,0021900487,MEM,CHA,1,1,1428.1045820474271,1443.8815011033164,15.776919055889342,1392.8272209528495,0.5997801163447205,13.0,13.0,0.3140209253469976,1.3140209253469977,34
2019-20,2020-01-02,0021900515,MEM,SAC,0,0,1443.8815011033164,1425.6660500471617,-18.215451056154706,1381.007797447355,0.5400276433781139,5.0,-5.0,0.1243530017715962,1.124353001771596,35
2019-20,2020-01-04,0021900523,MEM,LAC,0,1,1425.6660500471617,1463.628485672162,37.96243562500041,1637.1256478513749,0.1948598954363325,26.0,26.0,0.5716699660851172,1.5716699660851172,36
2019-20,2020-01-05,0021900537,MEM,PHX,0,1,1463.628485672162,1480.7296462609297,17.101160588767424,1418.806700919006,0.5141309203993518,7.0,7.0,0.1732351578346601,1.17323515783466,37
2019-20,2020-01-07,0021900551,MEM,MIN,1,1,1480.7296462609297,1492.8406735676613,12.11102730673181,1403.6623566730273,0.6559079332659362,7.0,7.0,0.1732351578346601,1.17323515783466,38
2019-20,2020-01-10,0021900571,MEM,SAS,1,1,1492.8406735676613,1512.4902053507892,19.649531783127856,1526.769258340226,0.5015418855693149,13.0,13.0,0.3140209253469976,1.3140209253469977,39
2019-20,2020-01-12,0021900588,MEM,GSW,1,1,1512.4902053507892,1520.5960465942244,8.105841243435231,1289.6617411056047,0.8152031068284231,20.0,20.0,0.4621171572600097,1.4621171572600098,40
2019-20,2020-01-14,0021900600,MEM,HOU,1,1,1520.5960465942244,1542.8919896699024,22.295943075678014,1615.9499824353402,0.4140069465759238,11.0,11.0,0.2682711820216014,1.2682711820216013,41
2019-20,2020-01-17,0021900622,MEM,CLE,1,1,1542.8919896699024,1550.2165212425589,7.324531572656571,1360.0639841365612,0.777977486281981,4.0,4.0,0.0996679946249558,1.099667994624956,42
2019-20,2020-01-20,0021900646,MEM,NOP,1,0,1550.2165212425589,1526.8335205008584,-23.383000741700485,1495.6673155937424,0.6260917934604179,10.0,-10.0,0.2449186624037091,1.2449186624037092,43
2019-20,2020-01-22,0021900657,MEM,BOS,0,0,1526.8335205008584,1509.7293579214968,-17.104162579361564,1583.595863043034,0.3709306224645091,24.0,-24.0,0.5370495669980352,1.5370495669980353,44
2019-20,2020-01-24,0021900670,MEM,DET,0,1,1509.7293579214968,1526.0213459286915,16.291988007194643,1413.8589539319412,0.5867141409768046,13.0,13.0,0.3140209253469976,1.3140209253469977,45
2019-20,2020-01-26,0021900690,MEM,PHX,1,1,1526.0213459286915,1537.069409277295,11.04806334860376,1436.0592359011014,0.6724616044013524,5.0,5.0,0.1243530017715962,1.124353001771596,46
2019-20,2020-01-28,0021900704,MEM,DEN,1,1,1537.069409277295,1557.0140425909956,19.94463331370031,1610.6058010095628,0.4447679860882692,8.0,8.0,0.197375320224904,1.197375320224904,47
2019-20,2020-01-29,0021900710,MEM,NYK,0,1,1557.0140425909956,1569.5550434106738,12.541000819678189,1359.8007364982,0.7178404930313745,21.0,21.0,0.4815497983643079,1.481549798364308,48
2019-20,2020-01-31,0021900723,MEM,NOP,0,0,1569.5550434106738,1544.677300243121,-24.87774316755284,1522.82441567636,0.5168753183731736,28.0,-28.0,0.6043677771171634,1.6043677771171634,49
2019-20,2020-02-03,0021900748,MEM,DET,1,1,1544.677300243121,1553.4064704693108,8.729170226189709,1357.5044527943996,0.7822675354198492,14.0,14.0,0.3363755443363322,1.3363755443363323,50
2019-20,2020-02-05,0021900761,MEM,DAL,0,1,1553.4064704693108,1577.6163443471382,24.209873877827576,1591.648050088036,0.3961309757966619,14.0,14.0,0.3363755443363322,1.3363755443363323,51
2019-20,2020-02-07,0021900769,MEM,PHI,0,0,1577.6163443471382,1558.0593135446418,-19.557030802496485,1539.2558787744622,0.5048359479059309,12.0,-12.0,0.2913126124515909,1.2913126124515908,52
2019-20,2020-02-09,0021900789,MEM,WAS,0,1,1558.0593135446418,1569.8657243395378,11.806410794896022,1404.2895983710669,0.6645625355935716,7.0,7.0,0.1732351578346601,1.17323515783466,53
2019-20,2020-02-12,0021900812,MEM,POR,1,1,1569.8657243395378,1583.2629533707798,13.397229031241894,1520.2905085708023,0.6193650539201361,7.0,7.0,0.1732351578346601,1.17323515783466,54
2019-20,2020-02-20,0021900824,MEM,SAC,0,0,1583.2629533707798,1562.259190821821,-21.003762548958875,1450.817841589546,0.6366698146356513,4.0,-4.0,0.0996679946249558,1.099667994624956,55
2019-20,2020-02-21,0021900833,MEM,LAL,0,0,1562.259190821821,1550.7911710818744,-11.468019739946635,1677.7465279410053,0.2960300402697557,12.0,-12.0,0.2913126124515909,1.2913126124515908,56
2019-20,2020-02-24,0021900856,MEM,LAC,0,0,1550.7911710818744,1529.5977167372994,-21.19345434457504,1554.3091346589545,0.4447941828808246,27.0,-27.0,0.5882592563981054,1.5882592563981053,57
2019-20,2020-02-26,0021900870,MEM,HOU,0,0,1529.5977167372994,1513.9649534384173,-15.632763298882184,1621.7275129763711,0.3247959211067384,28.0,-28.0,0.6043677771171634,1.6043677771171634,58
2019-20,2020-02-28,0021900881,MEM,SAC,1,0,1513.9649534384173,1495.53458528639,-18.430368152027317,1498.8970184935686,0.5715588838154596,3.0,-3.0,0.074859690687499,1.0748596906874992,59
2019-20,2020-02-29,0021900891,MEM,LAL,1,1,1495.53458528639,1526.8564848249418,31.321899538551783,1716.923504439694,0.2548442150278875,17.0,17.0,0.4011342849479459,1.401134284947946,60
2019-20,2020-03-02,0021900905,MEM,ATL,0,1,1526.8564848249418,1547.4368329242684,20.580348099326596,1415.4685271363535,0.6081933663652408,39.0,39.0,0.7508932836251672,1.7508932836251672,61
2019-20,2020-03-04,0021900920,MEM,BKN,0,1,1547.4368329242684,1569.4320797138412,21.99524678957281,1455.4688177133207,0.5812566649020745,39.0,39.0,0.7508932836251672,1.7508932836251672,62
2019-20,2020-03-06,0021900937,MEM,DAL,0,0,1569.4320797138412,1547.1371778015496,-22.29490191229158,1549.7001334894828,0.4780416375948424,25.0,-25.0,0.5545997223493823,1.5545997223493822,63
2019-20,2020-03-07,0021900943,MEM,ATL,1,1,1547.1371778015496,1557.085953137082,9.948775335532508,1378.7228388596047,0.7633161588576283,17.0,17.0,0.4011342849479459,1.401134284947946,64
2019-20,2020-03-10,0021900964,MEM,ORL,1,0,1557.085953137082,1534.6945310388194,-22.391422098262545,1473.8857576219214,0.6638313193745295,5.0,-5.0,0.1243530017715962,1.124353001771596,65
2019-20,2020-07-31,0021901234,MEM,POR,0,0,1534.6945310388194,1516.2315465849836,-18.462984453835748,1466.6821424369784,0.5473661867386367,5.0,-5.0,0.1243530017715962,1.124353001771596,66
2019-20,2020-08-02,0021901246,MEM,SAS,1,0,1516.2315465849836,1497.684845382028,-18.54670120295562,1488.8602819925368,0.5888075072087068,2.0,-2.0,0.0499583749578799,1.04995837495788,67
2019-20,2020-08-03,0021901253,MEM,NOP,0,0,1497.684845382028,1482.0046210385915,-15.68022434343624,1518.866140023823,0.4198460193150453,10.0,-10.0,0.2449186624037091,1.2449186624037092,68
2019-20,2020-08-05,0021901262,MEM,UTA,0,0,1482.0046210385915,1469.8981529480195,-12.106468090572172,1569.690011125478,0.3304315493638614,9.0,-9.0,0.2212784678984439,1.221278467898444,69
2019-20,2020-08-07,0021901275,MEM,OKC,1,1,1469.8981529480195,1504.919923367227,35.02177041920748,1669.497334788279,0.279386046733403,29.0,29.0,0.619996867969374,1.619996867969374,70
2019-20,2020-08-09,0021901286,MEM,TOR,0,0,1504.919923367227,1496.869262842902,-8.05066052432501,1690.058964749982,0.219733138563079,9.0,-9.0,0.2212784678984439,1.221278467898444,71
2019-20,2020-08-11,0021901301,MEM,BOS,1,0,1496.869262842902,1483.2619594458988,-13.607303397003228,1651.826253002561,0.3339156399124457,15.0,-15.0,0.3583573983507859,1.358357398350786,72
2019-20,2020-08-13,0021901311,MEM,MIL,1,1,1483.2619594458988,1509.7399122209945,26.477952775095453,1642.6061025964711,0.3283223966898057,13.0,13.0,0.3140209253469976,1.3140209253469977,73
2019-20,2019-10-23,0021900007,MIA,MEM,1,1,1500.0,1519.4614844072023,19.461484407202477,1500.0,0.550199353253537,19.0,19.0,0.4422303560457261,1.442230356045726,1
2019-20,2019-10-26,0021900026,MIA,MIL,0,1,1519.4614844072023,1537.9960989603994,18.534614553196977,1518.9634740738666,0.4505102186474428,5.0,5.0,0.1243530017715962,1.124353001771596,2
2019-20,2019-10-27,0021900039,MIA,MIN,0,0,1537.9960989603994,1522.339347011442,-15.65675194895752,1541.4879461439552,0.4448313095178023,7.0,-7.0,0.1732351578346601,1.17323515783466,3
2019-20,2019-10-29,0021900052,MIA,ATL,1,1,1522.339347011442,1540.6108490091574,18.27150199771548,1521.3365521901237,0.5516275265037183,15.0,15.0,0.3583573983507859,1.358357398350786,4
2019-20,2019-10-31,0021900066,MIA,ATL,0,1,1540.6108490091574,1558.795796528754,18.184947519596623,1503.065050192408,0.5036636334357338,9.0,9.0,0.2212784678984439,1.221278467898444,5
2019-20,2019-11-03,0021900086,MIA,HOU,1,1,1558.795796528754,1577.1022008540574,18.30640432530346,1506.2972255705304,0.6233242856358094,29.0,29.0,0.619996867969374,1.619996867969374,6
2019-20,2019-11-05,0021900102,MIA,DEN,0,0,1577.1022008540574,1553.8867602386308,-23.21544061542648,1521.7432486188402,0.5292653989263063,20.0,-20.0,0.4621171572600097,1.4621171572600098,7
2019-20,2019-11-07,0021900114,MIA,PHX,0,1,1553.8867602386308,1577.1035384070312,23.21677816840044,1561.3538347914582,0.4391875157842145,16.0,16.0,0.3799489622552249,1.379948962255225,8
2019-20,2019-11-08,0021900126,MIA,LAL,0,0,1577.1035384070312,1559.5358834965346,-17.567654910496667,1590.2863781216506,0.4311004583385289,15.0,-15.0,0.3583573983507859,1.358357398350786,9
2019-20,2019-11-12,0021900148,MIA,DET,1,1,1559.5358834965346,1570.2930653102767,10.757181813742177,1442.021709991157,0.7063956038283674,9.0,9.0,0.2212784678984439,1.221278467898444,10
2019-20,2019-11-14,0021900161,MIA,CLE,0,1,1570.2930653102767,1586.0833067705612,15.79024146028458,1475.654945851839,0.5849930287223688,11.0,11.0,0.2682711820216014,1.2682711820216013,11
2019-20,2019-11-16,0021900178,MIA,NOP,1,1,1586.0833067705612,1596.5806334009192,10.497326630357897,1437.2051421329777,0.7424014562710582,15.0,15.0,0.3583573983507859,1.358357398350786,12
2019-20,2019-11-20,0021900206,MIA,CLE,1,1,1596.5806334009192,1606.978258509051,10.39762510813183,1417.2195692806558,0.7745111731944313,24.0,24.0,0.5370495669980352,1.5370495669980353,13
2019-20,2019-11-22,0021900219,MIA,CHI,0,1,1606.978258509051,1618.336494959157,11.35823645010629,1437.989893592775,0.6838018328295798,8.0,8.0,0.197375320224904,1.197375320224904,14
2019-20,2019-11-23,0021900230,MIA,PHI,0,0,1618.336494959157,1592.7127075068177,-25.623787452339716,1557.0375680361512,0.5377750798369865,27.0,-27.0,0.5882592563981054,1.5882592563981053,15
2019-20,2019-11-25,0021900245,MIA,CHA,1,1,1592.7127075068177,1601.5430200742037,8.830312567385839,1397.628462022071,0.7899246664589826,17.0,17.0,0.4011342849479459,1.401134284947946,16
2019-20,2019-11-27,0021900259,MIA,HOU,0,0,1601.5430200742037,1582.9299033816717,-18.61311669253171,1560.9677768040085,0.5080227314185181,9.0,-9.0,0.2212784678984439,1.221278467898444,17
2019-20,2019-11-29,0021900273,MIA,GSW,1,1,1582.9299033816717,1591.182187960867,8.252284579195356,1373.0867554076442,0.8036760961494389,17.0,17.0,0.4011342849479459,1.401134284947946,18
2019-20,2019-12-01,0021900284,MIA,BKN,0,1,1591.182187960867,1605.7689087430228,14.586720782155911,1522.978125251084,0.547639538179289,3.0,3.0,0.074859690687499,1.0748596906874992,19
2019-20,2019-12-03,0021900301,MIA,TOR,0,1,1605.7689087430228,1628.9967459582886,23.227837215265616,1648.8296408379188,0.3895144417973012,11.0,11.0,0.2682711820216014,1.2682711820216013,20
2019-20,2019-12-04,0021900310,MIA,BOS,0,0,1628.9967459582886,1608.2253665247863,-20.77137943350193,1607.8491118282711,0.4800753995696041,19.0,-19.0,0.4422303560457261,1.442230356045726,21
2019-20,2019-12-06,0021900324,MIA,WAS,1,1,1608.2253665247863,1617.3798552756552,9.154488750868776,1452.2478802027783,0.7501391917978741,9.0,9.0,0.2212784678984439,1.221278467898444,22
2019-20,2019-12-08,0021900337,MIA,CHI,1,1,1617.3798552756552,1623.7864544092386,6.406599133583245,1400.4132226063623,0.810065607405959,5.0,5.0,0.1243530017715962,1.124353001771596,23
2019-20,2019-12-10,0021900354,MIA,ATL,1,1,1623.7864544092386,1630.3285396762574,6.5420852670187095,1374.800165115267,0.8368201888871584,14.0,14.0,0.3363755443363322,1.3363755443363323,24
2019-20,2019-12-13,0021900374,MIA,LAL,1,0,1630.3285396762574,1616.6284567970165,-13.700082879241055,1717.9366274455074,0.4248642248514701,3.0,-3.0,0.074859690687499,1.0748596906874992,25
2019-20,2019-12-14,0021900384,MIA,DAL,0,1,1616.6284567970165,1635.260121141925,18.63166434490885,1626.8869948084969,0.4352336512481292,4.0,4.0,0.0996679946249558,1.099667994624956,26
2019-20,2019-12-16,0021900397,MIA,MEM,0,0,1635.260121141925,1609.4415787692808,-25.818542372644192,1424.3410152980896,0.7335426946090748,7.0,-7.0,0.1732351578346601,1.17323515783466,27
2019-20,2019-12-18,0021900410,MIA,PHI,0,1,1609.4415787692808,1628.324177867966,18.882599098685223,1625.086993959456,0.4276272720196433,4.0,4.0,0.0996679946249558,1.099667994624956,28
2019-20,2019-12-20,0021900424,MIA,NYK,1,1,1628.324177867966,1634.442338297019,6.118160429052883,1362.1786764262044,0.849863753665982,15.0,15.0,0.3583573983507859,1.358357398350786,29
2019-20,2019-12-23,0021900449,MIA,UTA,1,1,1634.442338297019,1645.517738916849,11.075400619830331,1556.8945718096754,0.6565318954096445,3.0,3.0,0.074859690687499,1.0748596906874992,30
2019-20,2019-12-27,0021900470,MIA,IND,1,1,1645.517738916849,1658.9481154636355,13.430376546786198,1636.339203083691,0.5632375683297747,1.0,1.0,0.0249947929684206,1.0249947929684209,31
2019-20,2019-12-28,0021900475,MIA,PHI,1,1,1658.9481154636355,1670.635209645548,11.687094181912444,1608.9565156644665,0.619929965755689,1.0,1.0,0.0249947929684206,1.0249947929684209,32
2019-20,2019-12-30,0021900492,MIA,WAS,0,0,1670.635209645548,1635.248240854168,-35.386968791379964,1360.7116614145784,0.829570610869042,18.0,-18.0,0.4218990052500079,1.4218990052500078,33
2019-20,2020-01-02,0021900510,MIA,TOR,1,1,1635.248240854168,1650.1394651713747,14.891224317206651,1610.2844025785143,0.5854481585492726,8.0,8.0,0.197375320224904,1.197375320224904,34
2019-20,2020-01-03,0021900518,MIA,ORL,0,0,1650.1394651713747,1619.5167064247114,-30.622758746663205,1469.4868526258106,0.6981373686918927,20.0,-20.0,0.4621171572600097,1.4621171572600098,35
2019-20,2020-01-05,0021900535,MIA,POR,1,1,1619.5167064247114,1627.49570326498,7.978996840268525,1424.0476287792635,0.7902920407618674,11.0,11.0,0.2682711820216014,1.2682711820216013,36
2019-20,2020-01-08,0021900556,MIA,IND,0,1,1627.49570326498,1646.490130296585,18.99442703160494,1574.25922439866,0.5262203275093628,14.0,14.0,0.3363755443363322,1.3363755443363323,37
2019-20,2020-01-10,0021900568,MIA,BKN,0,0,1646.490130296585,1621.531941830768,-24.958188465816853,1414.5311717045838,0.7565370817316214,4.0,-4.0,0.0996679946249558,1.099667994624956,38
2019-20,2020-01-12,0021900584,MIA,NYK,0,0,1621.531941830768,1596.0360793239786,-25.495862506789457,1355.6637200973712,0.7906725788703285,3.0,-3.0,0.074859690687499,1.0748596906874992,39
2019-20,2020-01-15,0021900606,MIA,SAS,1,1,1596.0360793239786,1608.2908767905503,12.254797466571748,1527.7253961842284,0.644443754657129,6.0,6.0,0.1488850336233179,1.1488850336233178,40
2019-20,2020-01-17,0021900623,MIA,OKC,0,1,1608.2908767905503,1626.5798947358685,18.2890179453181,1586.929757558141,0.4803821489327402,7.0,7.0,0.1732351578346601,1.17323515783466,41
2019-20,2020-01-19,0021900637,MIA,SAS,0,0,1626.5798947358685,1604.9588284651152,-21.621066270753214,1490.8798773483527,0.640992826887576,5.0,-5.0,0.1243530017715962,1.124353001771596,42
2019-20,2020-01-20,0021900644,MIA,SAC,1,1,1604.9588284651152,1611.159682834675,6.200854369559969,1381.0186245156538,0.8161652565285831,5.0,5.0,0.1243530017715962,1.124353001771596,43
2019-20,2020-01-22,0021900658,MIA,WAS,1,1,1611.159682834675,1617.4374518884367,6.277769053761649,1389.84702543695,0.8138849915204558,5.0,5.0,0.1243530017715962,1.124353001771596,44
2019-20,2020-01-24,0021900673,MIA,LAC,1,0,1617.4374518884367,1598.8597859303225,-18.577665958114164,1617.0395711307413,0.550766112565541,5.0,-5.0,0.1243530017715962,1.124353001771596,45
2019-20,2020-01-27,0021900694,MIA,ORL,1,1,1598.8597859303225,1610.792846557595,11.933060627272548,1459.735391916263,0.7315185166135457,21.0,21.0,0.4815497983643079,1.481549798364308,46
2019-20,2020-01-28,0021900701,MIA,BOS,1,0,1610.792846557595,1589.959243868486,-20.833602689109025,1589.7358154973465,0.5799797367126801,8.0,-8.0,0.197375320224904,1.197375320224904,47
2019-20,2020-02-01,0021900729,MIA,ORL,0,1,1589.959243868486,1603.776150169609,13.816906301122945,1447.802331288991,0.6495006019412193,13.0,13.0,0.3140209253469976,1.3140209253469977,48
2019-20,2020-02-03,0021900747,MIA,PHI,1,1,1603.776150169609,1623.4484449811705,19.672294811561372,1566.5003714355646,0.6025383412360397,31.0,31.0,0.6498274636719203,1.6498274636719203,49
2019-20,2020-02-05,0021900763,MIA,LAC,0,0,1623.4484449811705,1604.7297642256672,-18.71868075550331,1626.5951092404937,0.4453220736131117,17.0,-17.0,0.4011342849479459,1.401134284947946,50
2019-20,2020-02-07,0021900775,MIA,SAC,0,0,1604.7297642256672,1579.6373316234267,-25.092432602240393,1423.7452239846946,0.6985398863220058,8.0,-8.0,0.197375320224904,1.197375320224904,51
2019-20,2020-02-09,0021900792,MIA,POR,0,0,1579.6373316234267,1561.2302976009362,-18.407034022490524,1520.9367972420666,0.5340550035843301,6.0,-6.0,0.1488850336233179,1.1488850336233178,52
2019-20,2020-02-10,0021900800,MIA,GSW,0,1,1561.2302976009362,1569.5025021594104,8.272204558474106,1299.7459356294346,0.7864652220614209,12.0,12.0,0.2913126124515909,1.2913126124515908,53
2019-20,2020-02-12,0021900816,MIA,UTA,0,0,1569.5025021594104,1554.1135416983273,-15.38896046108322,1621.290554224654,0.3776365110725479,15.0,-15.0,0.3583573983507859,1.358357398350786,54
2019-20,2020-02-20,0021900821,MIA,ATL,0,0,1554.1135416983273,1529.4275630351983,-24.68597866312873,1344.6893666808326,0.731857302947623,5.0,-5.0,0.1243530017715962,1.124353001771596,55
2019-20,2020-02-22,0021900838,MIA,CLE,1,1,1529.4275630351983,1537.1562521965595,7.728689161361063,1299.3916233264572,0.8213718280402075,19.0,19.0,0.4422303560457261,1.442230356045726,56
2019-20,2020-02-24,0021900849,MIA,CLE,0,0,1537.1562521965595,1510.5963602010336,-26.559891995526044,1291.6629341650962,0.770599065419171,6.0,-6.0,0.1488850336233179,1.1488850336233178,57
2019-20,2020-02-26,0021900868,MIA,MIN,1,0,1510.5963602010336,1484.1942563204796,-26.40210388055394,1283.6157197234213,0.8187767547491615,3.0,-3.0,0.074859690687499,1.0748596906874992,58
2019-20,2020-02-28,0021900880,MIA,DAL,1,1,1484.1942563204796,1504.7424607222233,20.548204401743835,1569.5997324964414,0.4279653712954919,8.0,8.0,0.197375320224904,1.197375320224904,59
2019-20,2020-02-29,0021900889,MIA,BKN,1,1,1504.7424607222233,1516.217125112179,11.474664389955638,1436.6544387430113,0.6441500073801496,3.0,3.0,0.074859690687499,1.0748596906874992,60
2019-20,2020-03-02,0021900906,MIA,MIL,1,1,1516.217125112179,1549.64283870063,33.42571358845088,1800.2060266222668,0.1925857524995257,16.0,16.0,0.3799489622552249,1.379948962255225,61
2019-20,2020-03-04,0021900919,MIA,ORL,1,1,1549.64283870063,1559.198192805977,9.55535410534705,1434.4044119564164,0.703671273310247,3.0,3.0,0.074859690687499,1.0748596906874992,62
2019-20,2020-03-06,0021900936,MIA,NOP,0,0,1559.198192805977,1541.771888355721,-17.42630445025567,1520.3064236686027,0.5056004717691998,6.0,-6.0,0.1488850336233179,1.1488850336233178,63
2019-20,2020-03-08,0021900951,MIA,WAS,0,1,1541.771888355721,1555.0080163130058,13.236127957284404,1397.6115096056528,0.6521215087931417,11.0,11.0,0.2682711820216014,1.2682711820216013,64
2019-20,2020-03-11,0021900970,MIA,CHA,1,0,1555.0080163130058,1525.0344930255098,-29.973523287495865,1362.1615668551567,0.7877790310775284,11.0,-11.0,0.2682711820216014,1.2682711820216013,65
2019-20,2020-08-01,0021901239,MIA,DEN,0,1,1525.0344930255098,1552.3304131547493,27.29592012923939,1576.769804997899,0.3777078671225949,20.0,20.0,0.4621171572600097,1.4621171572600098,66
2019-20,2020-08-03,0021901250,MIA,TOR,1,0,1552.3304131547493,1540.9707631960157,-11.35964995873365,1699.2101725437244,0.3443357454024985,4.0,-4.0,0.0996679946249558,1.099667994624956,67
2019-20,2020-08-04,0021901260,MIA,BOS,1,1,1540.9707631960157,1560.1008644745073,19.13010127849158,1614.367736734958,0.4449661855152538,6.0,6.0,0.1488850336233179,1.1488850336233178,68
2019-20,2020-08-06,0021901269,MIA,MIL,0,0,1560.1008644745073,1547.6020394806935,-12.498824993813797,1662.6692407490038,0.3117592966733746,14.0,-14.0,0.3363755443363322,1.3363755443363323,69
2019-20,2020-08-08,0021901283,MIA,PHX,1,0,1547.6020394806935,1526.67446377483,-20.92757570586354,1516.077717832787,0.594583150874538,7.0,-7.0,0.1732351578346601,1.17323515783466,70
2019-20,2020-08-10,0021901295,MIA,IND,1,1,1526.67446377483,1551.8234416114778,25.148977836647894,1602.6329307684932,0.4413275776161356,22.0,22.0,0.5005202111902353,1.5005202111902354,71
2019-20,2020-08-12,0021901306,MIA,OKC,0,0,1551.8234416114778,1540.5401571973057,-11.283284414172371,1611.564906947806,0.3669379425657239,1.0,-1.0,0.0249947929684206,1.0249947929684209,72
2019-20,2020-08-14,0021901316,MIA,IND,0,0,1540.5401571973057,1524.8822663252463,-15.657890872059,1596.131332847557,0.3725051205600114,17.0,-17.0,0.4011342849479459,1.401134284947946,73
2019-20,2019-10-24,0021900015,MIL,HOU,0,1,1500.0,1518.9634740738666,18.963474073866525,1500.0,0.449800646746463,6.0,6.0,0.1488850336233179,1.1488850336233178,1
2019-20,2019-10-26,0021900026,MIL,MIA,1,0,1518.9634740738666,1500.4288595206697,-18.534614553196977,1519.4614844072023,0.5494897813525572,5.0,-5.0,0.1243530017715962,1.124353001771596,2
2019-20,2019-10-28,0021900046,MIL,CLE,1,1,1500.4288595206697,1519.3361577199266,18.907298199256942,1500.434954368726,0.5501906704595562,17.0,17.0,0.4011342849479459,1.401134284947946,3
2019-20,2019-10-30,0021900058,MIL,BOS,0,0,1519.3361577199266,1502.3793723944143,-16.95678532551231,1522.240501490981,0.445666656728821,11.0,-11.0,0.2682711820216014,1.2682711820216013,4
2019-20,2019-11-01,0021900071,MIL,ORL,0,1,1502.3793723944143,1529.8788829274172,27.499510533002923,1502.8427752519044,0.4491405673971073,32.0,32.0,0.664036770267849,1.664036770267849,5
2019-20,2019-11-02,0021900082,MIL,TOR,1,1,1529.8788829274172,1548.0148662002532,18.13598327283612,1554.8701228600708,0.5143997804692219,10.0,10.0,0.2449186624037091,1.2449186624037092,6
2019-20,2019-11-04,0021900094,MIL,MIN,0,1,1548.0148662002532,1575.142553684746,27.12768748449269,1557.4645823521637,0.4363784523845784,28.0,28.0,0.6043677771171634,1.6043677771171634,7
2019-20,2019-11-06,0021900111,MIL,LAC,0,1,1575.142553684746,1592.6145679570586,17.472014272312673,1552.6467441652655,0.4820127888429242,5.0,5.0,0.1243530017715962,1.124353001771596,8
2019-20,2019-11-08,0021900124,MIL,UTA,0,0,1592.6145679570586,1575.2993340425803,-17.315233914478053,1531.8736244822617,0.5369765643055832,3.0,-3.0,0.074859690687499,1.0748596906874992,9
2019-20,2019-11-10,0021900135,MIL,OKC,0,1,1575.2993340425803,1588.5781167859416,13.278782743360969,1485.3435914274062,0.5784346294079307,2.0,2.0,0.0499583749578799,1.04995837495788,10
2019-20,2019-11-14,0021900163,MIL,CHI,1,1,1588.5781167859416,1598.8132137428513,10.235096956909707,1458.9518994917084,0.7206452848131053,9.0,9.0,0.2212784678984439,1.221278467898444,11
2019-20,2019-11-16,0021900176,MIL,IND,0,1,1598.8132137428513,1618.9041614892958,20.090947746444588,1538.998268338261,0.535650975998742,19.0,19.0,0.4422303560457261,1.442230356045726,12
2019-20,2019-11-18,0021900192,MIL,CHI,0,1,1618.9041614892958,1630.6118937781528,11.707732288856857,1430.066687333683,0.7079729985962112,14.0,14.0,0.3363755443363322,1.3363755443363323,13
2019-20,2019-11-20,0021900204,MIL,ATL,0,1,1630.6118937781528,1640.0758004443446,9.463906666191864,1417.0215168793134,0.7365374496941568,8.0,8.0,0.197375320224904,1.197375320224904,14
2019-20,2019-11-21,0021900213,MIL,POR,1,1,1640.0758004443446,1647.145047937187,7.069247492842289,1430.7546326931113,0.803201570038639,8.0,8.0,0.197375320224904,1.197375320224904,15
2019-20,2019-11-23,0021900233,MIL,DET,1,1,1647.145047937187,1654.3644612392566,7.219413302069527,1418.8161354652095,0.8199255358354423,14.0,14.0,0.3363755443363322,1.3363755443363323,16
2019-20,2019-11-25,0021900248,MIL,UTA,1,1,1654.3644612392566,1665.3745390262852,11.010077787028616,1569.269840849117,0.6662605489158381,4.0,4.0,0.0996679946249558,1.099667994624956,17
2019-20,2019-11-27,0021900261,MIL,ATL,1,1,1665.3745390262852,1669.9262117014514,4.55167267516612,1361.1130276391843,0.8757675448363396,9.0,9.0,0.2212784678984439,1.221278467898444,18
2019-20,2019-11-29,0021900270,MIL,CLE,0,1,1669.9262117014514,1676.7252065149771,6.798994813525897,1377.9882985455931,0.8144295781773261,9.0,9.0,0.2212784678984439,1.221278467898444,19
2019-20,2019-11-30,0021900283,MIL,CHA,1,1,1676.7252065149771,1685.1997939613457,8.474587446368245,1422.9185425130045,0.8405739559296187,41.0,41.0,0.7718952374404182,1.7718952374404182,20
2019-20,2019-12-02,0021900297,MIL,NYK,1,1,1685.1997939613457,1690.7282790981344,5.5284851367888415,1342.9939701174578,0.8976490208182623,44.0,44.0,0.8004990217606297,1.8004990217606296,21
2019-20,2019-12-04,0021900307,MIL,DET,0,1,1690.7282790981344,1701.403191879893,10.67491278175866,1447.2933210206695,0.7684977545951341,24.0,24.0,0.5370495669980352,1.5370495669980353,22
2019-20,2019-12-06,0021900327,MIL,LAC,1,1,1701.403191879893,1718.244322162359,16.841130282465553,1628.7899992038683,0.6500983020088899,28.0,28.0,0.6043677771171634,1.6043677771171634,23
2019-20,2019-12-09,0021900347,MIL,ORL,1,1,1718.244322162359,1725.557140025098,7.312817862739055,1511.979840352453,0.8004053933382659,9.0,9.0,0.2212784678984439,1.221278467898444,24
2019-20,2019-12-11,0021900364,MIL,NOP,1,1,1725.557140025098,1729.2662147967403,3.709074771642626,1360.787259078046,0.9089813727436312,15.0,15.0,0.3583573983507859,1.358357398350786,25
2019-20,2019-12-13,0021900376,MIL,MEM,0,1,1729.2662147967403,1735.7376881310995,6.471473334359208,1411.529771689019,0.835835355700284,13.0,13.0,0.3140209253469976,1.3140209253469977,26
2019-20,2019-12-14,0021900385,MIL,CLE,1,1,1735.7376881310995,1738.9831722623792,3.245484131279418,1339.7680911199775,0.9227891248268186,17.0,17.0,0.4011342849479459,1.401134284947946,27
2019-20,2019-12-16,0021900398,MIL,DAL,1,0,1738.9831722623792,1715.166998346192,-23.816173916187253,1608.255330463588,0.7219201320337237,4.0,-4.0,0.0996679946249558,1.099667994624956,28
2019-20,2019-12-19,0021900417,MIL,LAL,1,1,1715.166998346192,1730.9895944843463,15.82259613815441,1714.9862654579229,0.5504568135809811,7.0,7.0,0.1732351578346601,1.17323515783466,29
2019-20,2019-12-21,0021900434,MIL,NYK,0,1,1730.9895944843463,1736.4927355309794,5.503141046632937,1356.0605159971517,0.8761850360411187,21.0,21.0,0.4815497983643079,1.481549798364308,30
2019-20,2019-12-22,0021900441,MIL,IND,1,1,1736.4927355309794,1751.608163332361,15.115427801381715,1635.7732061309464,0.6859525599019833,28.0,28.0,0.6043677771171634,1.6043677771171634,31
2019-20,2019-12-25,0021900456,MIL,PHI,0,0,1751.608163332361,1726.1973291155512,-25.41083421680985,1604.513680251572,0.655943261964189,12.0,-12.0,0.2913126124515909,1.2913126124515908,32
2019-20,2019-12-27,0021900469,MIL,ATL,0,1,1726.1973291155512,1730.3926554928066,4.195326377255506,1287.0990604381632,0.911021896713136,26.0,26.0,0.5716699660851172,1.5716699660851172,33
2019-20,2019-12-28,0021900480,MIL,ORL,1,1,1730.3926554928066,1736.6623457101052,6.269690217298608,1483.438030481475,0.8352168866781094,11.0,11.0,0.2682711820216014,1.2682711820216013,34
2019-20,2019-12-30,0021900493,MIL,CHI,0,1,1736.6623457101052,1744.705777766352,8.043432056246681,1439.3837391282448,0.8190311239143641,21.0,21.0,0.4815497983643079,1.481549798364308,35
2019-20,2020-01-01,0021900506,MIL,MIN,1,1,1744.705777766352,1747.4036993246552,2.69792155830339,1368.3555055386878,0.914348301080297,2.0,2.0,0.0499583749578799,1.04995837495788,36
2019-20,2020-01-04,0021900531,MIL,SAS,1,1,1747.4036993246552,1752.483676648562,5.079977323906625,1465.1025463758235,0.8613481020795045,9.0,9.0,0.2212784678984439,1.221278467898444,37
2019-20,2020-01-06,0021900546,MIL,SAS,0,0,1752.483676648562,1715.801164663588,-36.68251198497394,1460.022569051917,0.8148843250363335,22.0,-22.0,0.5005202111902353,1.5005202111902354,38
2019-20,2020-01-08,0021900562,MIL,GSW,0,1,1715.801164663588,1719.438184587821,3.637019924233164,1297.6868379318787,0.900731896401108,9.0,9.0,0.2212784678984439,1.221278467898444,39
2019-20,2020-01-10,0021900575,MIL,SAC,0,1,1719.438184587821,1727.3663105310711,7.928125943250258,1419.101856482012,0.8216253918249832,21.0,21.0,0.4815497983643079,1.481549798364308,40
2019-20,2020-01-11,0021900583,MIL,POR,0,1,1727.3663105310711,1735.0365803769107,7.670269845839379,1420.063712847456,0.827426886487207,21.0,21.0,0.4815497983643079,1.481549798364308,41
2019-20,2020-01-14,0021900601,MIL,NYK,1,1,1735.0365803769107,1739.5790768908591,4.5424965139485245,1381.1595826041607,0.9036588127709057,26.0,26.0,0.5716699660851172,1.5716699660851172,42
2019-20,2020-01-16,0021900615,MIL,BOS,1,1,1739.5790768908591,1747.963765468542,8.384688577682958,1582.4107546590512,0.7514218232034615,5.0,5.0,0.1243530017715962,1.124353001771596,43
2019-20,2020-01-18,0021900627,MIL,BKN,0,1,1747.963765468542,1755.1527682813417,7.189002812799515,1429.8854898425177,0.8361051808307979,20.0,20.0,0.4621171572600097,1.4621171572600098,44
2019-20,2020-01-20,0021900647,MIL,CHI,1,1,1755.1527682813417,1759.1228164443005,3.970048162958656,1409.8217424496636,0.8992900826671825,13.0,13.0,0.3140209253469976,1.3140209253469977,45
2019-20,2020-01-24,0021900669,MIL,CHA,0,1,1759.1228164443005,1762.8836349429653,3.7608184986650097,1333.3641598480049,0.904597701449037,13.0,13.0,0.3140209253469976,1.3140209253469977,46
2019-20,2020-01-28,0021900705,MIL,WAS,1,1,1762.8836349429653,1766.4594754195195,3.575840476554387,1377.1660106353909,0.9184780221202092,20.0,20.0,0.4621171572600097,1.4621171572600098,47
2019-20,2020-01-31,0021900724,MIL,DEN,1,0,1766.4594754195195,1737.312668588119,-29.14680683140036,1608.3971010871558,0.7523818929242957,12.0,-12.0,0.2913126124515909,1.2913126124515908,48
2019-20,2020-02-02,0021900739,MIL,PHX,1,1,1737.312668588119,1743.3867946629912,6.074126074872042,1452.0987495934558,0.8633384653111643,21.0,21.0,0.4815497983643079,1.481549798364308,49
2019-20,2020-02-04,0021900751,MIL,NOP,0,1,1743.3867946629912,1753.722125811052,10.33533114806062,1532.764462703907,0.7332086475833113,12.0,12.0,0.2913126124515909,1.2913126124515908,50
2019-20,2020-02-06,0021900766,MIL,PHI,1,1,1753.722125811052,1761.294323660593,7.572197849540958,1546.8280766240032,0.8009837339500476,11.0,11.0,0.2682711820216014,1.2682711820216013,51
2019-20,2020-02-08,0021900777,MIL,ORL,0,1,1761.294323660593,1767.4681088303803,6.173785169787385,1423.7760881273712,0.8508692389198298,16.0,16.0,0.3799489622552249,1.379948962255225,52
2019-20,2020-02-10,0021900797,MIL,SAC,1,1,1767.4681088303803,1772.4706601004764,5.002551270095996,1470.9030339809003,0.8708665063786395,12.0,12.0,0.2913126124515909,1.2913126124515908,53
2019-20,2020-02-12,0021900810,MIL,IND,0,0,1772.4706601004764,1744.174065018824,-28.29659508165243,1492.3281963972167,0.8039478102547671,7.0,-7.0,0.1732351578346601,1.17323515783466,54
2019-20,2020-02-20,0021900820,MIL,DET,0,1,1744.174065018824,1748.2557303798285,4.081665361004585,1313.635035945045,0.9069462311156702,20.0,20.0,0.4621171572600097,1.4621171572600098,55
2019-20,2020-02-22,0021900840,MIL,PHI,1,1,1748.2557303798285,1759.5771123282098,11.32138194838118,1596.7525651840297,0.7452806522629107,21.0,21.0,0.4815497983643079,1.481549798364308,56
2019-20,2020-02-24,0021900851,MIL,WAS,0,1,1759.5771123282098,1763.5882012405268,4.0110889123170095,1385.5687457268534,0.8756089144450272,3.0,3.0,0.074859690687499,1.0748596906874992,57
2019-20,2020-02-25,0021900858,MIL,TOR,0,1,1763.5882012405268,1781.1036769965192,17.515475755992277,1700.978892699361,0.5396495637977328,11.0,11.0,0.2682711820216014,1.2682711820216013,58
2019-20,2020-02-28,0021900882,MIL,OKC,1,1,1781.1036769965192,1796.758181791805,15.654504795286217,1656.9929943552725,0.7142089699581339,47.0,47.0,0.8258684551194575,1.8258684551194575,59
2019-20,2020-03-01,0021900895,MIL,CHA,0,1,1796.758181791805,1800.2060266222668,3.4478448304614475,1372.1660828064953,0.9040165944009982,8.0,8.0,0.197375320224904,1.197375320224904,60
2019-20,2020-03-02,0021900906,MIL,MIA,0,0,1800.2060266222668,1766.780313033816,-33.42571358845088,1516.217125112179,0.8074142475004742,16.0,-16.0,0.3799489622552249,1.379948962255225,61
2019-20,2020-03-04,0021900924,MIL,IND,1,1,1766.780313033816,1775.810333213132,9.030020179316235,1570.2580758223191,0.79129500957867,19.0,19.0,0.4422303560457261,1.442230356045726,62
2019-20,2020-03-06,0021900939,MIL,LAL,0,0,1775.810333213132,1755.49814957616,-20.312183636972037,1710.24837937575,0.5438690963084807,10.0,-10.0,0.2449186624037091,1.2449186624037092,63
2019-20,2020-03-08,0021900950,MIL,PHX,0,0,1755.49814957616,1724.2434581476891,-31.254691428470736,1414.9631973722678,0.8530593758919236,9.0,-9.0,0.2212784678984439,1.221278467898444,64
2019-20,2020-03-09,0021900958,MIL,DEN,0,0,1724.2434581476891,1697.725230975353,-26.51822717233599,1572.8965042600944,0.6614464844786678,14.0,-14.0,0.3363755443363322,1.3363755443363323,65
2019-20,2020-07-31,0021901236,MIL,BOS,1,1,1697.725230975353,1709.6556864740369,11.930455498683555,1616.6948773262077,0.6610382434412501,7.0,7.0,0.1732351578346601,1.17323515783466,66
2019-20,2020-08-02,0021901248,MIL,HOU,0,0,1709.6556864740369,1688.43704744124,-21.218639032796887,1572.2999355015022,0.6431831891234756,4.0,-4.0,0.0996679946249558,1.099667994624956,67
2019-20,2020-08-04,0021901256,MIL,BKN,1,0,1688.43704744124,1662.6692407490038,-25.76780669223598,1483.582015092108,0.7991060574537078,3.0,-3.0,0.074859690687499,1.0748596906874992,68
2019-20,2020-08-06,0021901269,MIL,MIA,1,1,1662.6692407490038,1675.1680657428176,12.498824993813797,1560.1008644745073,0.6882407033266253,14.0,14.0,0.3363755443363322,1.3363755443363323,69
2019-20,2020-08-08,0021901284,MIL,DAL,0,0,1675.1680657428176,1653.1054083114104,-22.062657431407143,1518.1113937045657,0.6687672260854107,4.0,-4.0,0.0996679946249558,1.099667994624956,70
2019-20,2020-08-10,0021901294,MIL,TOR,1,0,1653.1054083114104,1635.6618021001616,-17.4436062112488,1698.109625274307,0.4856067521633442,8.0,-8.0,0.197375320224904,1.197375320224904,71
2019-20,2020-08-11,0021901303,MIL,WAS,0,1,1635.6618021001616,1642.6061025964711,6.944300496309662,1332.6864406528432,0.8238409459505409,13.0,13.0,0.3140209253469976,1.3140209253469977,72
2019-20,2020-08-13,0021901311,MIL,MEM,0,0,1642.6061025964711,1616.1281498213757,-26.477952775095453,1483.2619594458988,0.6716776033101943,13.0,-13.0,0.3140209253469976,1.3140209253469977,73
2019-20,2019-10-23,0021900006,MIN,BKN,0,1,1500.0,1516.918544165384,16.91854416538404,1500.0,0.449800646746463,1.0,1.0,0.0249947929684206,1.0249947929684209,1
2019-20,2019-10-25,0021900018,MIN,CHA,0,1,1516.918544165384,1541.4879461439552,24.569401978571182,1513.8312996236689,0.4542025759834681,22.0,22.0,0.5005202111902353,1.5005202111902354,2
2019-20,2019-10-27,0021900039,MIN,MIA,1,1,1541.4879461439552,1557.144698092913,15.65675194895752,1537.9960989603994,0.5551686904821976,7.0,7.0,0.1732351578346601,1.17323515783466,3
2019-20,2019-10-30,0021900057,MIN,PHI,0,0,1557.144698092913,1536.653769869122,-20.49092822379076,1553.3613716453356,0.4551960951270591,22.0,-22.0,0.5005202111902353,1.5005202111902354,4
2019-20,2019-11-02,0021900080,MIN,WAS,0,1,1536.653769869122,1557.4645823521637,20.81081248304174,1475.4088289924766,0.5376978302181773,22.0,22.0,0.5005202111902353,1.5005202111902354,5
2019-20,2019-11-04,0021900094,MIN,MIL,1,0,1557.4645823521637,1530.336894867671,-27.12768748449269,1548.0148662002532,0.5636215476154216,28.0,-28.0,0.6043677771171634,1.6043677771171634,6
2019-20,2019-11-06,0021900108,MIN,MEM,0,0,1530.336894867671,1505.4544267225083,-24.88246814516268,1424.1414694469445,0.6010480296918064,16.0,-16.0,0.3799489622552249,1.379948962255225,7
2019-20,2019-11-08,0021900120,MIN,GSW,1,1,1505.4544267225083,1517.2110970272715,11.756670304763135,1426.0822213159272,0.658896235315344,6.0,6.0,0.1488850336233179,1.1488850336233178,8
2019-20,2019-11-10,0021900132,MIN,DEN,1,0,1517.2110970272715,1501.8101913098524,-15.400905717419164,1559.8996944615994,0.4889370247030661,2.0,-2.0,0.0499583749578799,1.04995837495788,9
2019-20,2019-11-11,0021900140,MIN,DET,0,1,1501.8101913098524,1518.649232618047,16.839041308194798,1458.8607512993517,0.5114381678647064,6.0,6.0,0.1488850336233179,1.1488850336233178,10
2019-20,2019-11-13,0021900158,MIN,SAS,1,1,1518.649232618047,1534.8681774059494,16.218944787902277,1481.766666348616,0.601996136225658,15.0,15.0,0.3583573983507859,1.358357398350786,11
2019-20,2019-11-15,0021900171,MIN,WAS,1,0,1534.8681774059494,1503.9765605224231,-30.891616883526297,1426.7701546497728,0.6950293293691943,21.0,-21.0,0.4815497983643079,1.481549798364308,12
2019-20,2019-11-16,0021900179,MIN,HOU,1,0,1503.9765605224231,1485.1011282133877,-18.87543230903537,1587.7109694700555,0.4303219299792115,20.0,-20.0,0.4621171572600097,1.4621171572600098,13
2019-20,2019-11-18,0021900196,MIN,UTA,0,1,1485.1011282133877,1509.2454864748356,24.144358261447792,1554.9556929086857,0.3535224698983018,10.0,10.0,0.2449186624037091,1.2449186624037092,14
2019-20,2019-11-20,0021900210,MIN,UTA,1,0,1509.2454864748356,1490.5907261323273,-18.65476034250832,1530.8113346472378,0.5193236692347052,8.0,-8.0,0.197375320224904,1.197375320224904,15
2019-20,2019-11-23,0021900225,MIN,PHX,1,0,1490.5907261323273,1473.5330068818762,-17.057719250451125,1496.661633382586,0.5415363649101934,2.0,-2.0,0.0499583749578799,1.04995837495788,16
2019-20,2019-11-25,0021900243,MIN,ATL,0,1,1473.5330068818762,1489.512633772909,15.979626891033217,1377.0926545302175,0.5875094655121124,12.0,12.0,0.2913126124515909,1.2913126124515908,17
2019-20,2019-11-27,0021900262,MIN,SAS,0,1,1489.512633772909,1506.258595229333,16.745961456423693,1407.1595858880023,0.5677276673118152,12.0,12.0,0.2913126124515909,1.2913126124515908,18
2019-20,2019-12-01,0021900286,MIN,MEM,1,0,1506.258595229333,1480.6315574115863,-25.627037817746444,1382.8166396716722,0.7134225831249218,8.0,-8.0,0.197375320224904,1.197375320224904,19
2019-20,2019-12-04,0021900313,MIN,DAL,0,0,1480.6315574115863,1471.23412631865,-9.397431092936488,1621.0732457015224,0.2669948143013524,7.0,-7.0,0.1732351578346601,1.17323515783466,20
2019-20,2019-12-06,0021900326,MIN,OKC,0,0,1471.23412631865,1453.1015143240422,-18.13261199460776,1458.4539179008257,0.4680666741671102,12.0,-12.0,0.2913126124515909,1.2913126124515908,21
2019-20,2019-12-08,0021900342,MIN,LAL,0,0,1453.1015143240422,1446.2049093399494,-6.896604984092937,1700.9553392062255,0.1640719489007711,17.0,-17.0,0.4011342849479459,1.401134284947946,22
2019-20,2019-12-09,0021900349,MIN,PHX,0,0,1446.2049093399494,1428.8653252277954,-17.339584112154032,1468.0996353710825,0.4188460246581938,16.0,-16.0,0.3799489622552249,1.379948962255225,23
2019-20,2019-12-11,0021900362,MIN,UTA,1,0,1428.8653252277954,1411.601674830623,-17.26365039717234,1496.1079799061986,0.4537318370049322,11.0,-11.0,0.2682711820216014,1.2682711820216013,24
2019-20,2019-12-13,0021900377,MIN,LAC,1,0,1411.601674830623,1403.801460953852,-7.800213876770958,1664.8392652688256,0.2216155282165014,7.0,-7.0,0.1732351578346601,1.17323515783466,25
2019-20,2019-12-18,0021900411,MIN,NOP,1,0,1403.801460953852,1380.3208078188516,-23.480653135000424,1328.4540127249204,0.6536700937566797,8.0,-8.0,0.197375320224904,1.197375320224904,26
2019-20,2019-12-20,0021900427,MIN,DEN,0,0,1380.3208078188516,1373.5499332404254,-6.770874578426161,1603.142329635378,0.1848029136788481,9.0,-9.0,0.2212784678984439,1.221278467898444,27
2019-20,2019-12-21,0021900438,MIN,POR,0,0,1373.5499332404254,1363.0141521398436,-10.535781100581788,1486.289438526677,0.2993370093007549,7.0,-7.0,0.1732351578346601,1.17323515783466,28
2019-20,2019-12-23,0021900454,MIN,GSW,0,0,1363.0141521398436,1342.85292053281,-20.161231607033574,1292.959876114247,0.5502766741840812,9.0,-9.0,0.2212784678984439,1.221278467898444,29
2019-20,2019-12-26,0021900464,MIN,SAC,0,1,1342.85292053281,1363.7392746307912,20.88635409798118,1438.1857371567387,0.3207655218913008,1.0,1.0,0.0249947929684206,1.0249947929684209,30
2019-20,2019-12-28,0021900479,MIN,CLE,1,0,1363.7392746307912,1345.348183528481,-18.39109110231023,1375.3616389820024,0.533592441485318,6.0,-6.0,0.1488850336233179,1.1488850336233178,31
2019-20,2019-12-30,0021900494,MIN,BKN,1,1,1345.348183528481,1368.3555055386878,23.007322010206792,1490.6969385845975,0.346328203214621,7.0,7.0,0.1732351578346601,1.17323515783466,32
2019-20,2020-01-01,0021900506,MIN,MIL,0,0,1368.3555055386878,1365.6575839803843,-2.69792155830339,1744.705777766352,0.085651698919703,2.0,-2.0,0.0499583749578799,1.04995837495788,33
2019-20,2020-01-02,0021900512,MIN,GSW,1,1,1365.6575839803843,1382.797745503451,17.140161523066794,1345.0210297816168,0.579389991080966,15.0,15.0,0.3583573983507859,1.358357398350786,34
2019-20,2020-01-05,0021900536,MIN,CLE,0,1,1382.797745503451,1403.6623566730273,20.864611169575852,1356.1419219924517,0.4879940729661655,15.0,15.0,0.3583573983507859,1.358357398350786,35
2019-20,2020-01-07,0021900551,MIN,MEM,0,0,1403.6623566730273,1391.5513293662957,-12.11102730673181,1480.7296462609297,0.3440920667340638,7.0,-7.0,0.1732351578346601,1.17323515783466,36
2019-20,2020-01-09,0021900565,MIN,POR,1,1,1391.5513293662957,1412.426597886717,20.87526852042151,1440.9389813678777,0.479306331993962,14.0,14.0,0.3363755443363322,1.3363755443363323,37
2019-20,2020-01-11,0021900577,MIN,HOU,0,0,1412.426597886717,1402.0294116458565,-10.39718624086048,1605.5527961944797,0.2119518678646121,30.0,-30.0,0.6351489523872873,1.6351489523872873,38
2019-20,2020-01-13,0021900594,MIN,OKC,1,0,1402.0294116458565,1390.8334160126312,-11.195995633225332,1597.6556395425268,0.2840136311697565,13.0,-13.0,0.3140209253469976,1.3140209253469977,39
2019-20,2020-01-15,0021900608,MIN,IND,1,0,1390.8334160126312,1381.132179474402,-9.701236538229288,1583.3994131771651,0.2876094525160531,5.0,-5.0,0.1243530017715962,1.124353001771596,40
2019-20,2020-01-17,0021900619,MIN,IND,0,0,1381.132179474402,1375.00879927188,-6.123380202521916,1593.1006497153944,0.1944007289104059,2.0,-2.0,0.0499583749578799,1.04995837495788,41
2019-20,2020-01-18,0021900632,MIN,TOR,1,0,1375.00879927188,1365.87232545845,-9.136473813429928,1605.8652760571854,0.2446337550489463,10.0,-10.0,0.2449186624037091,1.2449186624037092,42
2019-20,2020-01-20,0021900649,MIN,DEN,1,0,1365.87232545845,1357.1921034523982,-8.680222006051677,1594.868651931445,0.2466178511638429,7.0,-7.0,0.1732351578346601,1.17323515783466,43
2019-20,2020-01-22,0021900661,MIN,CHI,0,0,1357.1921034523982,1343.751111399367,-13.44099205303162,1405.851694286705,0.3818783177801147,7.0,-7.0,0.1732351578346601,1.17323515783466,44
2019-20,2020-01-24,0021900675,MIN,HOU,1,0,1343.751111399367,1334.4981256873546,-9.252985712012164,1557.8535912132634,0.2628909089600761,7.0,-7.0,0.1732351578346601,1.17323515783466,45
2019-20,2020-01-25,0021900683,MIN,OKC,1,0,1334.4981256873546,1327.437279827647,-7.0608458597074675,1618.3400665975407,0.1927173325686498,9.0,-9.0,0.2212784678984439,1.221278467898444,46
2019-20,2020-01-27,0021900696,MIN,SAC,1,0,1327.437279827647,1311.9129788505056,-15.524300977141255,1382.907243229638,0.470575393452756,4.0,-4.0,0.0996679946249558,1.099667994624956,47
2019-20,2020-02-01,0021900727,MIN,LAC,0,0,1311.9129788505056,1306.9776769609043,-4.935301889601081,1611.1751197666872,0.1273975499041831,12.0,-12.0,0.2913126124515909,1.2913126124515908,48
2019-20,2020-02-03,0021900749,MIN,SAC,0,0,1306.9776769609043,1296.8582233608745,-10.11945360003,1413.6257703846643,0.3067426911120042,4.0,-4.0,0.0996679946249558,1.099667994624956,49
2019-20,2020-02-05,0021900759,MIN,ATL,1,0,1296.8582233608745,1280.6286588737833,-16.229564487091285,1358.9394247832436,0.461105754707772,7.0,-7.0,0.1732351578346601,1.17323515783466,50
2019-20,2020-02-08,0021900782,MIN,LAC,1,1,1280.6286588737833,1322.065292065501,41.4366331917176,1645.313789995997,0.1303553869895555,27.0,27.0,0.5882592563981054,1.5882592563981053,51
2019-20,2020-02-10,0021900796,MIN,TOR,0,0,1322.065292065501,1318.9301198602332,-3.1351722052676667,1705.7554164949431,0.0824001535767836,11.0,-11.0,0.2682711820216014,1.2682711820216013,52
2019-20,2020-02-12,0021900813,MIN,CHA,1,0,1318.9301198602332,1299.3236102241588,-19.6065096360743,1314.114524950108,0.5570497242928508,7.0,-7.0,0.1732351578346601,1.17323515783466,53
2019-20,2020-02-21,0021900830,MIN,BOS,1,0,1299.3236102241588,1294.375018619712,-4.948591604446693,1660.7434368227432,0.132501068915669,10.0,-10.0,0.2449186624037091,1.2449186624037092,54
2019-20,2020-02-23,0021900844,MIN,DEN,0,0,1294.375018619712,1290.120124917948,-4.254893701764103,1622.869028867066,0.1098338145939238,12.0,-12.0,0.2913126124515909,1.2913126124515908,55
2019-20,2020-02-24,0021900854,MIN,DAL,0,0,1290.120124917948,1283.6157197234213,-6.504405194526639,1546.9377094127742,0.1571170473796994,16.0,-16.0,0.3799489622552249,1.379948962255225,56
2019-20,2020-02-26,0021900868,MIN,MIA,0,1,1283.6157197234213,1310.017823603975,26.40210388055394,1510.5963602010336,0.1812232452508385,3.0,3.0,0.074859690687499,1.0748596906874992,57
2019-20,2020-02-28,0021900877,MIN,ORL,0,0,1310.017823603975,1300.439304087979,-9.578519515996234,1464.2511116482635,0.2517474089079342,11.0,-11.0,0.2682711820216014,1.2682711820216013,58
2019-20,2020-03-01,0021900896,MIN,DAL,1,0,1300.439304087979,1290.5155107290234,-9.923793358955605,1549.0515280946977,0.226242548569151,20.0,-20.0,0.4621171572600097,1.4621171572600098,59
2019-20,2020-03-03,0021900911,MIN,NOP,0,1,1290.5155107290234,1319.361205335765,28.84569460674143,1564.005802133655,0.144820930754829,5.0,5.0,0.1243530017715962,1.124353001771596,60
2019-20,2020-03-04,0021900922,MIN,CHI,1,1,1319.361205335765,1336.3375894574126,16.97638412164762,1342.0735398138113,0.5176760030222903,7.0,7.0,0.1732351578346601,1.17323515783466,61
2019-20,2020-03-06,0021900935,MIN,ORL,1,0,1336.3375894574126,1319.3551690920824,-16.98242036533024,1424.8490578510691,0.4235940123593528,14.0,-14.0,0.3363755443363322,1.3363755443363323,62
2019-20,2020-03-08,0021900947,MIN,NOP,1,0,1319.3551690920824,1309.1787327481131,-10.176436343969169,1537.7327281188584,0.2581500326635931,13.0,-13.0,0.3140209253469976,1.3140209253469977,63
2019-20,2020-03-10,0021900963,MIN,HOU,0,0,1309.1787327481131,1303.2804734058411,-5.898259342271768,1548.2428954913228,0.1711299555555476,6.0,-6.0,0.1488850336233179,1.1488850336233178,64
2019-20,2019-10-22,0021900001,NOP,TOR,0,0,1500.0,1483.8425941969376,-16.157405803062453,1500.0,0.449800646746463,8.0,-8.0,0.197375320224904,1.197375320224904,1
2019-20,2019-10-25,0021900021,NOP,DAL,1,0,1483.8425941969376,1466.1080576738918,-17.734536523045787,1516.1574058030624,0.5038642197919613,7.0,-7.0,0.1732351578346601,1.17323515783466,2
2019-20,2019-10-26,0021900032,NOP,HOU,0,0,1466.1080576738918,1452.286295294756,-13.821762379135842,1481.0365259261334,0.4286377251184974,3.0,-3.0,0.074859690687499,1.0748596906874992,3
2019-20,2019-10-28,0021900047,NOP,GSW,1,0,1452.286295294756,1431.479742787962,-20.806552506793818,1454.6370989901434,0.5468481505043358,11.0,-11.0,0.2682711820216014,1.2682711820216013,4
2019-20,2019-10-31,0021900067,NOP,DEN,1,1,1431.479742787962,1455.4823600421742,24.00261725421208,1528.99691591588,0.4109891529442293,15.0,15.0,0.3583573983507859,1.358357398350786,5
2019-20,2019-11-02,0021900077,NOP,OKC,0,0,1455.4823600421742,1438.3666813156603,-17.115678726513785,1455.4527905840323,0.4498427720384874,11.0,-11.0,0.2682711820216014,1.2682711820216013,6
2019-20,2019-11-04,0021900092,NOP,BKN,0,0,1438.3666813156603,1422.8961182587843,-15.47056305687606,1463.559314629612,0.4142322312314832,10.0,-10.0,0.2449186624037091,1.2449186624037092,7
2019-20,2019-11-08,0021900121,NOP,TOR,1,0,1422.8961182587843,1406.9618883295568,-15.934229929227444,1547.7160823472805,0.373543406163032,18.0,-18.0,0.4218990052500079,1.4218990052500078,8
2019-20,2019-11-09,0021900128,NOP,CHA,0,1,1406.9618883295568,1429.09581200053,22.13392367097319,1484.2519861579733,0.3438026540271698,5.0,5.0,0.1243530017715962,1.124353001771596,9
2019-20,2019-11-11,0021900142,NOP,HOU,1,0,1429.09581200053,1415.643225178071,-13.45258682245922,1541.576685646216,0.3903084709306632,6.0,-6.0,0.1488850336233179,1.1488850336233178,10
2019-20,2019-11-14,0021900164,NOP,LAC,1,1,1415.643225178071,1437.2051421329777,21.56191695490654,1550.020883078506,0.3607607539348607,5.0,5.0,0.1243530017715962,1.124353001771596,11
2019-20,2019-11-16,0021900178,NOP,MIA,0,0,1437.2051421329777,1426.7078155026195,-10.497326630357897,1586.0833067705612,0.2575985437289417,15.0,-15.0,0.3583573983507859,1.358357398350786,12
2019-20,2019-11-17,0021900187,NOP,GSW,1,1,1426.7078155026195,1440.09093747064,13.383121968020498,1371.1635791772387,0.6274317183045904,8.0,8.0,0.197375320224904,1.197375320224904,13
2019-20,2019-11-19,0021900199,NOP,POR,1,1,1440.09093747064,1457.6517931928995,17.560855722259404,1448.3154884153707,0.5384568649777325,11.0,11.0,0.2682711820216014,1.2682711820216013,14
2019-20,2019-11-21,0021900214,NOP,PHX,0,1,1457.6517931928995,1478.0510445750483,20.39925138214894,1517.060884764735,0.3673825040022597,3.0,3.0,0.074859690687499,1.0748596906874992,15
2019-20,2019-11-23,0021900234,NOP,UTA,0,0,1478.0510445750483,1465.7783575536855,-12.272687021362843,1556.997153827754,0.3416552525083963,8.0,-8.0,0.197375320224904,1.197375320224904,16
2019-20,2019-11-24,0021900239,NOP,LAC,0,0,1465.7783575536855,1452.541769971896,-13.236587581789657,1591.573831948787,0.2838155569672069,25.0,-25.0,0.5545997223493823,1.5545997223493822,17
2019-20,2019-11-27,0021900264,NOP,LAL,1,0,1452.541769971896,1443.8039005677997,-8.737869404096257,1664.8797948327258,0.2648638633601506,4.0,-4.0,0.0996679946249558,1.099667994624956,18
2019-20,2019-11-29,0021900275,NOP,OKC,0,0,1443.8039005677997,1428.4585971959566,-15.3453033718432,1440.2018715605093,0.4549372942383826,5.0,-5.0,0.1243530017715962,1.124353001771596,19
2019-20,2019-12-01,0021900289,NOP,OKC,1,0,1428.4585971959566,1411.9686323792214,-16.489964816735228,1455.5471749323524,0.5113834844244634,3.0,-3.0,0.074859690687499,1.0748596906874992,20
2019-20,2019-12-03,0021900302,NOP,DAL,1,0,1411.9686323792214,1399.3920907099396,-12.576541669281877,1608.4967040322406,0.2829591392105505,21.0,-21.0,0.4815497983643079,1.481549798364308,21
2019-20,2019-12-05,0021900319,NOP,PHX,1,0,1399.3920907099396,1383.2018560207964,-16.190234689143047,1462.2546181821626,0.4599883374055485,7.0,-7.0,0.1732351578346601,1.17323515783466,22
2019-20,2019-12-07,0021900330,NOP,DAL,0,0,1383.2018560207964,1374.2293670219324,-8.97248899886407,1630.470676794459,0.164534339520096,46.0,-46.0,0.8177540779702877,1.8177540779702877,23
2019-20,2019-12-09,0021900348,NOP,DET,1,0,1374.2293670219324,1360.787259078046,-13.442107943886462,1460.4972231777783,0.4267505031465558,2.0,-2.0,0.0499583749578799,1.04995837495788,24
2019-20,2019-12-11,0021900364,NOP,MIL,0,0,1360.787259078046,1357.0781843064033,-3.709074771642626,1725.557140025098,0.0910186272563686,15.0,-15.0,0.3583573983507859,1.358357398350786,25
2019-20,2019-12-13,0021900372,NOP,PHI,0,0,1357.0781843064033,1352.4213458285612,-4.656838477842061,1648.7905576190053,0.1323076181486864,7.0,-7.0,0.1732351578346601,1.17323515783466,26
2019-20,2019-12-15,0021900388,NOP,ORL,1,0,1352.4213458285612,1338.1182629439763,-14.30308288458488,1475.4787379086188,0.3759207307117085,11.0,-11.0,0.2682711820216014,1.2682711820216013,27
2019-20,2019-12-17,0021900404,NOP,BKN,1,0,1338.1182629439763,1328.4540127249204,-9.664250219056036,1541.890404695079,0.2745755374081049,7.0,-7.0,0.1732351578346601,1.17323515783466,28
2019-20,2019-12-18,0021900411,NOP,MIN,0,1,1328.4540127249204,1351.9346658599209,23.480653135000424,1403.801460953852,0.3463299062433203,8.0,8.0,0.197375320224904,1.197375320224904,29
2019-20,2019-12-20,0021900429,NOP,GSW,0,0,1351.9346658599209,1333.4330009168343,-18.501664943086393,1274.4582111711609,0.5608257835856001,4.0,-4.0,0.0996679946249558,1.099667994624956,30
2019-20,2019-12-23,0021900452,NOP,POR,0,1,1333.4330009168343,1360.6632379942969,27.230237077462053,1496.8252196272588,0.2419464858535368,8.0,8.0,0.197375320224904,1.197375320224904,31
2019-20,2019-12-25,0021900459,NOP,DEN,0,1,1360.6632379942969,1394.164146022115,33.50090802781804,1648.0040735108548,0.1352233971133271,12.0,12.0,0.2913126124515909,1.2913126124515908,32
2019-20,2019-12-28,0021900474,NOP,IND,1,1,1394.164146022115,1428.0659801055638,33.901834083449145,1622.9088265369048,0.2468870944306775,22.0,22.0,0.5005202111902353,1.5005202111902354,33
2019-20,2019-12-29,0021900488,NOP,HOU,1,1,1428.0659801055638,1456.6087315109942,28.542751405430383,1610.6069250091489,0.2995767917907118,15.0,15.0,0.3583573983507859,1.358357398350786,34
2019-20,2020-01-03,0021900522,NOP,LAL,0,0,1456.6087315109942,1449.732929979346,-6.8758015316481655,1680.238404733878,0.184103099511531,10.0,-10.0,0.2449186624037091,1.2449186624037092,35
2019-20,2020-01-04,0021900533,NOP,SAC,0,1,1449.732929979346,1464.7797130015963,15.04678302225049,1399.2232485035097,0.5223054113024844,2.0,2.0,0.0499583749578799,1.04995837495788,36
2019-20,2020-01-06,0021900544,NOP,UTA,1,0,1464.7797130015963,1454.3062581299066,-10.473454871689952,1620.8405772703306,0.3325038122617672,2.0,-2.0,0.0499583749578799,1.04995837495788,37
2019-20,2020-01-08,0021900560,NOP,CHI,1,1,1454.3062581299066,1469.7822062470225,15.475948117115587,1404.0942529333113,0.6202288603400621,15.0,15.0,0.3583573983507859,1.358357398350786,38
2019-20,2020-01-10,0021900569,NOP,NYK,0,1,1469.7822062470225,1485.664890714811,15.882684467788726,1371.54640456516,0.5900118913979826,12.0,12.0,0.2913126124515909,1.2913126124515908,39
2019-20,2020-01-11,0021900578,NOP,BOS,0,0,1485.664890714811,1469.9966506617052,-15.66824005310583,1592.4980468736408,0.306516198567704,35.0,-35.0,0.703905603936621,1.703905603936621,40
2019-20,2020-01-13,0021900591,NOP,DET,0,1,1469.9966506617052,1484.3350225524243,14.338371890719229,1369.8818345264317,0.5926258035322223,7.0,7.0,0.1732351578346601,1.17323515783466,41
2019-20,2020-01-16,0021900616,NOP,UTA,1,1,1484.3350225524243,1508.4025289841215,24.067506431697275,1665.110085220495,0.3017141046221157,6.0,6.0,0.1488850336233179,1.1488850336233178,42
2019-20,2020-01-18,0021900626,NOP,LAC,1,0,1508.4025289841215,1495.6673155937424,-12.735213390379112,1617.508086688763,0.3949418856158936,3.0,-3.0,0.074859690687499,1.0748596906874992,43
2019-20,2020-01-20,0021900646,NOP,MEM,0,1,1495.6673155937424,1519.0503163354429,23.383000741700485,1550.2165212425589,0.3739082065395821,10.0,10.0,0.2449186624037091,1.2449186624037092,44
2019-20,2020-01-22,0021900663,NOP,SAS,1,0,1519.0503163354429,1501.2544022434172,-17.795914092025747,1526.5924826313687,0.5394329373050175,4.0,-4.0,0.0996679946249558,1.099667994624956,45
2019-20,2020-01-24,0021900676,NOP,DEN,1,0,1501.2544022434172,1485.9032937890047,-15.351108454412566,1580.8672308452872,0.4361475291036225,7.0,-7.0,0.1732351578346601,1.17323515783466,46
2019-20,2020-01-26,0021900691,NOP,BOS,1,1,1485.9032937890047,1511.6946199209942,25.791326131989447,1615.527141629336,0.3670952342070575,15.0,15.0,0.3583573983507859,1.358357398350786,47
2019-20,2020-01-28,0021900700,NOP,CLE,0,1,1511.6946199209942,1522.82441567636,11.12979575536598,1310.5612536704043,0.7223885206386544,14.0,14.0,0.3363755443363322,1.3363755443363323,48
2019-20,2020-01-31,0021900723,NOP,MEM,1,1,1522.82441567636,1547.702158843913,24.87774316755284,1569.5550434106738,0.4831246816268264,28.0,28.0,0.6043677771171634,1.6043677771171634,49
2019-20,2020-02-02,0021900738,NOP,HOU,0,0,1547.702158843913,1532.764462703907,-14.937696140005892,1571.740407622117,0.4158455550706839,8.0,-8.0,0.197375320224904,1.197375320224904,50
2019-20,2020-02-04,0021900751,NOP,MIL,1,0,1532.764462703907,1522.4291315558462,-10.33533114806062,1743.3867946629912,0.2667913524166887,12.0,-12.0,0.2913126124515909,1.2913126124515908,51
2019-20,2020-02-06,0021900765,NOP,CHI,0,1,1522.4291315558462,1535.078688645162,12.649557089315858,1392.7412950889088,0.6329903422560892,6.0,6.0,0.1488850336233179,1.1488850336233178,52
2019-20,2020-02-08,0021900780,NOP,IND,0,1,1535.078688645162,1554.2423187734914,19.163630128329377,1531.0592830885073,0.4555331327410368,7.0,7.0,0.1732351578346601,1.17323515783466,53
2019-20,2020-02-11,0021900804,NOP,POR,1,1,1554.2423187734914,1573.2956414672462,19.05332269375487,1539.3438312645571,0.5713200074950676,21.0,21.0,0.4815497983643079,1.481549798364308,54
2019-20,2020-02-13,0021900819,NOP,OKC,1,0,1573.2956414672462,1555.6192967047837,-17.676344762462637,1591.574613744152,0.5240449317551444,5.0,-5.0,0.1243530017715962,1.124353001771596,55
2019-20,2020-02-21,0021900834,NOP,POR,0,1,1555.6192967047837,1574.5513269178768,18.932030213093096,1506.8932795395604,0.5197430561441616,13.0,13.0,0.3140209253469976,1.3140209253469977,56
2019-20,2020-02-23,0021900847,NOP,GSW,0,1,1574.5513269178768,1581.6715858948376,7.120258976960783,1273.2967564392118,0.8223987509315273,14.0,14.0,0.3363755443363322,1.3363755443363323,57
2019-20,2020-02-25,0021900861,NOP,LAL,0,0,1581.6715858948376,1571.051680458356,-10.619905436481586,1702.3358849814078,0.289857601839056,9.0,-9.0,0.2212784678984439,1.221278467898444,58
2019-20,2020-02-28,0021900883,NOP,CLE,1,1,1571.051680458356,1578.2809008874651,7.229220429109041,1350.3080353070209,0.8133883213251211,12.0,12.0,0.2913126124515909,1.2913126124515908,59
2019-20,2020-03-01,0021900900,NOP,LAL,1,0,1578.2809008874651,1564.005802133655,-14.27509875381022,1685.601604901142,0.3973997267937931,8.0,-8.0,0.197375320224904,1.197375320224904,60
2019-20,2020-03-03,0021900911,NOP,MIN,1,0,1564.005802133655,1535.1601075269134,-28.84569460674143,1290.5155107290234,0.855179069245171,5.0,-5.0,0.1243530017715962,1.124353001771596,61
2019-20,2020-03-04,0021900923,NOP,DAL,0,0,1535.1601075269134,1520.3064236686027,-14.853683858310626,1534.8464496311722,0.4502475271601257,4.0,-4.0,0.0996679946249558,1.099667994624956,62
2019-20,2020-03-06,0021900936,NOP,MIA,1,1,1520.3064236686027,1537.7327281188584,17.42630445025567,1559.198192805977,0.4943995282308002,6.0,6.0,0.1488850336233179,1.1488850336233178,63
2019-20,2020-03-08,0021900947,NOP,MIN,0,1,1537.7327281188584,1547.9091644628277,10.176436343969169,1319.3551690920824,0.741849967336407,13.0,13.0,0.3140209253469976,1.3140209253469977,64
2019-20,2020-07-30,0021901231,NOP,UTA,1,0,1547.9091644628277,1532.1568364681712,-15.7523279946566,1582.84403435632,0.5000937297566207,2.0,-2.0,0.0499583749578799,1.04995837495788,65
2019-20,2020-08-01,0021901241,NOP,LAC,0,0,1532.1568364681712,1518.866140023823,-13.290696444348132,1651.3109283597762,0.2916503271547366,23.0,-23.0,0.5190218338982221,1.519021833898222,66
2019-20,2020-08-03,0021901253,NOP,MEM,1,1,1518.866140023823,1534.5463643672592,15.68022434343624,1497.684845382028,0.5801539806849547,10.0,10.0,0.2449186624037091,1.2449186624037092,67
2019-20,2020-08-06,0021901268,NOP,SAC,0,0,1534.5463643672592,1512.1605726458554,-22.38579172140396,1465.153093965666,0.5493348497870315,15.0,-15.0,0.3583573983507859,1.358357398350786,68
2019-20,2020-08-07,0021901278,NOP,WAS,1,1,1512.1605726458554,1521.309401073784,9.148828427928706,1347.3517942779345,0.759545945756237,11.0,11.0,0.2682711820216014,1.2682711820216013,69
2019-20,2020-08-09,0021901287,NOP,SAS,1,0,1521.309401073784,1500.0898870545675,-21.21951401921655,1500.83590871059,0.5791612253600318,9.0,-9.0,0.2212784678984439,1.221278467898444,70
2019-20,2020-08-11,0021901302,NOP,SAC,0,0,1500.0898870545675,1482.3321934232945,-17.757693631272936,1454.5139642779402,0.5152152771767272,6.0,-6.0,0.1488850336233179,1.1488850336233178,71
2019-20,2020-08-13,0021901312,NOP,ORL,0,0,1482.3321934232945,1466.1766038204537,-16.155589602840973,1469.0875273927154,0.4687324124413614,6.0,-6.0,0.1488850336233179,1.1488850336233178,72
2019-20,2019-10-23,0021900010,NYK,SAS,0,0,1500.0,1483.5200446584524,-16.479955341547488,1500.0,0.449800646746463,9.0,-9.0,0.2212784678984439,1.221278467898444,1
2019-20,2019-10-25,0021900019,NYK,BKN,0,0,1483.5200446584524,1468.6604880360978,-14.859556622354594,1483.081455834616,0.4504255434363313,4.0,-4.0,0.0996679946249558,1.099667994624956,2
2019-20,2019-10-26,0021900029,NYK,BOS,1,0,1468.6604880360978,1445.580031474832,-23.08045656126564,1499.1600449297152,0.5064762960436395,23.0,-23.0,0.5190218338982221,1.519021833898222,3
2019-20,2019-10-28,0021900042,NYK,CHI,1,1,1445.580031474832,1463.1408507359693,17.560819261137198,1479.8355852040718,0.5010713426639406,7.0,7.0,0.1732351578346601,1.17323515783466,4
2019-20,2019-10-30,0021900056,NYK,ORL,0,0,1463.1408507359693,1447.0057066282038,-16.135144107765385,1486.707631144139,0.4165049824026833,12.0,-12.0,0.2913126124515909,1.2913126124515908,5
2019-20,2019-11-01,0021900072,NYK,BOS,0,0,1447.0057066282038,1436.7774973524904,-10.228209275713477,1539.1972868164933,0.3247179291313584,2.0,-2.0,0.0499583749578799,1.04995837495788,6
2019-20,2019-11-03,0021900087,NYK,SAC,1,0,1436.7774973524904,1411.6321352379318,-25.145362114558512,1425.8274505432078,0.5657445588918674,21.0,-21.0,0.4815497983643079,1.481549798364308,7
2019-20,2019-11-06,0021900103,NYK,DET,0,0,1411.6321352379318,1394.6032655874792,-17.028869650452567,1455.6361489423998,0.3882240116873732,20.0,-20.0,0.4621171572600097,1.4621171572600098,8
2019-20,2019-11-08,0021900122,NYK,DAL,0,1,1394.6032655874792,1419.1961138004613,24.592848212982137,1546.2731717216964,0.2545371774878417,4.0,4.0,0.0996679946249558,1.099667994624956,9
2019-20,2019-11-10,0021900136,NYK,CLE,1,0,1419.1961138004613,1397.6763380798004,-21.519775720660853,1465.1977748910224,0.4841726266287633,21.0,-21.0,0.4815497983643079,1.481549798364308,10
2019-20,2019-11-12,0021900149,NYK,CHI,0,0,1397.6763380798004,1381.1598945226667,-16.516443557133684,1442.4354559345747,0.3871921399047057,18.0,-18.0,0.4218990052500079,1.4218990052500078,11
2019-20,2019-11-14,0021900162,NYK,DAL,1,1,1381.1598945226667,1402.190645463524,21.030750940857356,1525.3814792687192,0.3477985662356322,3.0,3.0,0.074859690687499,1.0748596906874992,12
2019-20,2019-11-16,0021900177,NYK,CHA,1,0,1402.190645463524,1387.20920573659,-14.98143972693408,1446.084320961783,0.487203766942962,1.0,-1.0,0.0249947929684206,1.0249947929684209,13
2019-20,2019-11-18,0021900189,NYK,CLE,1,1,1387.20920573659,1409.6053541167146,22.396148380124565,1439.6157176607803,0.4749709532244702,18.0,18.0,0.4218990052500079,1.4218990052500078,14
2019-20,2019-11-20,0021900202,NYK,PHI,0,0,1409.6053541167146,1400.1099624764768,-9.495391640237896,1537.378833150144,0.2815068347537474,5.0,-5.0,0.1243530017715962,1.124353001771596,15
2019-20,2019-11-23,0021900229,NYK,SAS,1,0,1400.1099624764768,1380.5576739104145,-19.55228856606237,1396.378553764325,0.5555092240884983,7.0,-7.0,0.1732351578346601,1.17323515783466,16
2019-20,2019-11-24,0021900236,NYK,BKN,1,0,1380.5576739104145,1368.0775054647768,-12.480168445637688,1488.7407557688125,0.3962115306440391,2.0,-2.0,0.0499583749578799,1.04995837495788,17
2019-20,2019-11-27,0021900258,NYK,TOR,0,0,1368.0775054647768,1360.1233470630957,-7.954158401680994,1614.43027245283,0.1652604952374358,28.0,-28.0,0.6043677771171634,1.6043677771171634,18
2019-20,2019-11-29,0021900271,NYK,PHI,1,0,1360.1233470630957,1351.2965031367053,-8.826843926390326,1580.3663917593867,0.256098845636234,6.0,-6.0,0.1488850336233179,1.1488850336233178,19
2019-20,2019-12-01,0021900285,NYK,BOS,1,0,1351.2965031367053,1342.9939701174578,-8.302533019247434,1599.5465788090237,0.2266076967014819,9.0,-9.0,0.2212784678984439,1.221278467898444,20
2019-20,2019-12-02,0021900297,NYK,MIL,0,0,1342.9939701174578,1337.465484980669,-5.5284851367888415,1685.1997939613457,0.1023509791817377,44.0,-44.0,0.8004990217606297,1.8004990217606296,21
2019-20,2019-12-05,0021900317,NYK,DEN,1,0,1337.465484980669,1326.2848521854664,-11.180632795202706,1596.7757573317183,0.2156440635585599,37.0,-37.0,0.7282542059818115,1.7282542059818111,22
2019-20,2019-12-07,0021900331,NYK,IND,1,0,1326.2848521854664,1319.4061997920892,-6.878652393377184,1577.433144820437,0.2236971491811637,1.0,-1.0,0.0249947929684206,1.0249947929684209,23
2019-20,2019-12-10,0021900355,NYK,POR,0,0,1319.4061997920892,1305.5326074072875,-13.87359238480156,1441.4325946060624,0.2882463024309503,28.0,-28.0,0.6043677771171634,1.6043677771171634,24
2019-20,2019-12-11,0021900366,NYK,GSW,0,1,1305.5326074072875,1323.5565601510598,18.023952743772252,1321.063711552367,0.4277883398791786,2.0,2.0,0.0499583749578799,1.04995837495788,25
2019-20,2019-12-13,0021900378,NYK,SAC,0,1,1323.5565601510598,1348.1315769211894,24.57501677012956,1508.617927471092,0.2198098084566,2.0,2.0,0.0499583749578799,1.04995837495788,26
2019-20,2019-12-15,0021900392,NYK,DEN,0,0,1348.1315769211894,1342.2119673924194,-5.919609528769997,1586.4381865850585,0.1717494021167321,6.0,-6.0,0.1488850336233179,1.1488850336233178,27
2019-20,2019-12-17,0021900403,NYK,ATL,1,1,1342.2119673924194,1362.1786764262044,19.96670903378504,1334.011802154206,0.5618516120437618,23.0,23.0,0.5190218338982221,1.519021833898222,28
2019-20,2019-12-20,0021900424,NYK,MIA,0,0,1362.1786764262044,1356.0605159971517,-6.118160429052883,1628.324177867966,0.150136246334018,15.0,-15.0,0.3583573983507859,1.358357398350786,29
2019-20,2019-12-21,0021900434,NYK,MIL,1,0,1356.0605159971517,1350.5573749505186,-5.503141046632937,1730.9895944843463,0.1238149639588812,21.0,-21.0,0.4815497983643079,1.481549798364308,30
2019-20,2019-12-23,0021900447,NYK,WAS,1,0,1350.5573749505186,1333.3414603400654,-17.215914610453215,1385.90738353566,0.4994962973262927,6.0,-6.0,0.1488850336233179,1.1488850336233178,31
2019-20,2019-12-26,0021900461,NYK,BKN,0,1,1333.3414603400654,1364.1262802551978,30.784819915132392,1533.4296761662404,0.2053352116730638,12.0,12.0,0.2913126124515909,1.2913126124515908,32
2019-20,2019-12-28,0021900476,NYK,WAS,0,1,1364.1262802551978,1384.3287419179424,20.202461662744632,1380.914123077323,0.4260184036753384,7.0,7.0,0.1732351578346601,1.17323515783466,33
2019-20,2020-01-01,0021900505,NYK,POR,1,1,1384.3287419179424,1407.7852390026326,23.456497084690294,1425.3684551756464,0.4913090293610924,24.0,24.0,0.5370495669980352,1.5370495669980353,34
2019-20,2020-01-03,0021900521,NYK,PHX,0,0,1407.7852390026326,1391.3503986799435,-16.434840322689066,1402.371860596317,0.4575240540730396,8.0,-8.0,0.197375320224904,1.197375320224904,35
2019-20,2020-01-05,0021900534,NYK,LAC,0,0,1391.3503986799435,1384.9601045335276,-6.390294146415931,1599.1632122263743,0.1981745214989746,3.0,-3.0,0.074859690687499,1.0748596906874992,36
2019-20,2020-01-07,0021900553,NYK,LAL,0,0,1384.9601045335276,1378.9492098357484,-6.010894697779182,1691.9477859179117,0.1225351099054999,30.0,-30.0,0.6351489523872873,1.6351489523872873,37
2019-20,2020-01-08,0021900561,NYK,UTA,0,0,1378.9492098357484,1371.54640456516,-7.402805270588403,1631.3140321420206,0.1605414561667129,24.0,-24.0,0.5370495669980352,1.5370495669980353,38
2019-20,2020-01-10,0021900569,NYK,NOP,1,0,1371.54640456516,1355.6637200973712,-15.882684467788726,1469.7822062470225,0.4099881086020173,12.0,-12.0,0.2913126124515909,1.2913126124515908,39
2019-20,2020-01-12,0021900584,NYK,MIA,1,1,1355.6637200973712,1381.1595826041607,25.495862506789457,1621.531941830768,0.2093274211296715,3.0,3.0,0.074859690687499,1.0748596906874992,40
2019-20,2020-01-14,0021900601,NYK,MIL,0,0,1381.1595826041607,1376.6170860902123,-4.5424965139485245,1735.0365803769107,0.0963411872290944,26.0,-26.0,0.5716699660851172,1.5716699660851172,41
2019-20,2020-01-16,0021900614,NYK,PHX,1,0,1376.6170860902123,1352.5397053599488,-24.07738073026347,1391.8944223952549,0.5283527463300596,23.0,-23.0,0.5190218338982221,1.519021833898222,42
2019-20,2020-01-18,0021900630,NYK,PHI,1,0,1352.5397053599488,1344.5865429392986,-7.953162420650235,1581.5135666950318,0.2466418792317985,3.0,-3.0,0.074859690687499,1.0748596906874992,43
2019-20,2020-01-20,0021900643,NYK,CLE,0,1,1344.5865429392986,1368.4676436142986,23.881100674999953,1340.5490973374049,0.4555588892353684,20.0,20.0,0.4621171572600097,1.4621171572600098,44
2019-20,2020-01-22,0021900659,NYK,LAL,1,0,1368.4676436142986,1362.619072024641,-5.848571589657904,1687.9166190297883,0.162816439448002,8.0,-8.0,0.197375320224904,1.197375320224904,45
2019-20,2020-01-24,0021900672,NYK,TOR,1,0,1362.619072024641,1355.6866417050148,-6.932430319625778,1637.213351498899,0.2011350169001823,6.0,-6.0,0.1488850336233179,1.1488850336233178,46
2019-20,2020-01-26,0021900688,NYK,BKN,1,1,1355.6866417050148,1377.281168415948,21.59452671093331,1424.001572093917,0.4522023636411834,13.0,13.0,0.3140209253469976,1.3140209253469977,47
2019-20,2020-01-28,0021900699,NYK,CHA,0,0,1377.281168415948,1359.8007364982,-17.48043191774802,1329.60334134934,0.518236766395276,5.0,-5.0,0.1243530017715962,1.124353001771596,48
2019-20,2020-01-29,0021900710,NYK,MEM,1,0,1359.8007364982,1347.2597356785218,-12.541000819678189,1557.0140425909956,0.2821595069686254,21.0,-21.0,0.4815497983643079,1.481549798364308,49
2019-20,2020-02-01,0021900728,NYK,IND,0,1,1347.2597356785218,1376.8801938696795,29.620458191157663,1602.348754468249,0.158439295158707,7.0,7.0,0.1732351578346601,1.17323515783466,50
2019-20,2020-02-03,0021900742,NYK,CLE,0,1,1376.8801938696795,1390.2837136110356,13.403519741356073,1269.5378214394832,0.6026301431360465,5.0,5.0,0.1243530017715962,1.124353001771596,51
2019-20,2020-02-06,0021900764,NYK,ORL,1,1,1390.2837136110356,1406.7088918437798,16.425178232744297,1440.2012663601154,0.4785450984059817,2.0,2.0,0.0499583749578799,1.04995837495788,52
2019-20,2020-02-08,0021900779,NYK,DET,0,1,1406.7088918437798,1422.44501332943,15.736121485650033,1363.3726227764328,0.5119945538942876,3.0,3.0,0.074859690687499,1.0748596906874992,53
2019-20,2020-02-09,0021900787,NYK,ATL,0,0,1422.44501332943,1404.7481105349596,-17.69690279447029,1370.2994704941734,0.5246544091457047,5.0,-5.0,0.1243530017715962,1.124353001771596,54
2019-20,2020-02-12,0021900811,NYK,WAS,1,0,1404.7481105349596,1381.5243493998487,-23.223761135110816,1408.7928969234704,0.5444306299618296,18.0,-18.0,0.4218990052500079,1.4218990052500078,55
2019-20,2020-02-21,0021900828,NYK,IND,1,0,1381.5243493998487,1368.78971584055,-12.73463355929872,1520.6247914788692,0.3545152285502472,8.0,-8.0,0.197375320224904,1.197375320224904,56
2019-20,2020-02-24,0021900853,NYK,HOU,0,0,1368.78971584055,1362.5111151434403,-6.278600697109409,1615.4489122792618,0.1650173029793579,11.0,-11.0,0.2682711820216014,1.2682711820216013,57
2019-20,2020-02-26,0021900864,NYK,CHA,0,0,1362.5111151434403,1345.2001035240564,-17.31101161938399,1325.9438869155922,0.5022554074242764,6.0,-6.0,0.1488850336233179,1.1488850336233178,58
2019-20,2020-02-27,0021900873,NYK,PHI,0,0,1345.2001035240564,1338.2452868889268,-6.954816635129701,1562.2920917419333,0.1898233918509302,9.0,-9.0,0.2212784678984439,1.221278467898444,59
2019-20,2020-02-29,0021900887,NYK,CHI,1,1,1338.2452868889268,1354.8476950908253,16.602408201898456,1334.5470761932286,0.555462036643094,10.0,10.0,0.2449186624037091,1.2449186624037092,60
2019-20,2020-03-02,0021900903,NYK,HOU,1,1,1354.8476950908253,1380.7529796866472,25.905284595821943,1656.1306209161755,0.1775774096167967,2.0,2.0,0.0499583749578799,1.04995837495788,61
2019-20,2020-03-04,0021900921,NYK,UTA,1,0,1380.7529796866472,1369.8792156590728,-10.87376402757435,1560.7067414934816,0.3027111005186444,8.0,-8.0,0.197375320224904,1.197375320224904,62
2019-20,2020-03-06,0021900932,NYK,OKC,1,0,1369.8792156590728,1359.8357497503691,-10.043465908703745,1624.3501108423154,0.2203932751234059,23.0,-23.0,0.5190218338982221,1.519021833898222,63
2019-20,2020-03-08,0021900955,NYK,DET,1,1,1359.8357497503691,1374.1157470210214,14.279997270652236,1301.3488139790347,0.6313829010637146,12.0,12.0,0.2913126124515909,1.2913126124515908,64
2019-20,2020-03-10,0021900961,NYK,WAS,0,0,1374.1157470210214,1358.79685898997,-15.318888031051268,1384.3753816483684,0.4352320995711275,7.0,-7.0,0.1732351578346601,1.17323515783466,65
2019-20,2020-03-11,0021900969,NYK,ATL,0,1,1358.79685898997,1378.5735113537858,19.77665236381561,1384.3792590709622,0.413687921478564,5.0,5.0,0.1243530017715962,1.124353001771596,66
2019-20,2019-10-23,0021900011,OKC,UTA,0,0,1500.0,1484.8279587789543,-15.172041221045731,1500.0,0.449800646746463,5.0,-5.0,0.1243530017715962,1.124353001771596,1
2019-20,2019-10-25,0021900022,OKC,WAS,1,0,1484.8279587789543,1463.459212696726,-21.368746082228274,1483.8425941969376,0.5516027096815632,12.0,-12.0,0.2913126124515909,1.2913126124515908,2
2019-20,2019-10-27,0021900036,OKC,GSW,1,1,1463.459212696726,1486.056386168534,22.597173471808,1477.2342724619514,0.5305072026063723,28.0,28.0,0.6043677771171634,1.6043677771171634,3
2019-20,2019-10-28,0021900045,OKC,HOU,0,0,1486.056386168534,1471.629978525958,-14.426407642576091,1494.8582883052693,0.4372958539332061,4.0,-4.0,0.0996679946249558,1.099667994624956,4
2019-20,2019-10-30,0021900062,OKC,POR,1,0,1471.629978525958,1455.4527905840323,-16.17718794192541,1505.4600121048547,0.5016837106611313,3.0,-3.0,0.074859690687499,1.0748596906874992,5
2019-20,2019-11-02,0021900077,OKC,NOP,1,1,1455.4527905840323,1472.5684693105463,17.115678726513785,1455.4823600421742,0.5501572279615126,11.0,11.0,0.2682711820216014,1.2682711820216013,6
2019-20,2019-11-05,0021900101,OKC,ORL,1,1,1472.5684693105463,1488.0140233154548,15.445554004908338,1458.5943147617293,0.5700163587245926,8.0,8.0,0.197375320224904,1.197375320224904,7
2019-20,2019-11-07,0021900113,OKC,SAS,0,0,1488.0140233154548,1472.6302134651285,-15.383809850326356,1509.1691803313254,0.4198826681681796,9.0,-9.0,0.2212784678984439,1.221278467898444,8
2019-20,2019-11-09,0021900131,OKC,GSW,1,1,1472.6302134651285,1485.3435914274062,12.71337796227774,1414.325551011164,0.6311386666142249,6.0,6.0,0.1488850336233179,1.1488850336233178,9
2019-20,2019-11-10,0021900135,OKC,MIL,1,0,1485.3435914274062,1472.0648086840451,-13.278782743360969,1575.2993340425803,0.4215653705920693,2.0,-2.0,0.0499583749578799,1.04995837495788,10
2019-20,2019-11-12,0021900146,OKC,IND,0,0,1472.0648086840451,1455.1292002066823,-16.9356084773626,1537.6305968199424,0.3591850036970042,26.0,-26.0,0.5716699660851172,1.5716699660851172,11
2019-20,2019-11-15,0021900172,OKC,PHI,1,1,1455.1292002066823,1475.5248897965723,20.395689589889784,1537.5255360092594,0.4322111804214448,8.0,8.0,0.197375320224904,1.197375320224904,12
2019-20,2019-11-18,0021900197,OKC,LAC,0,0,1475.5248897965723,1464.4565029733478,-11.06838682322442,1547.0016036935017,0.351391289636234,2.0,-2.0,0.0499583749578799,1.04995837495788,13
2019-20,2019-11-19,0021900201,OKC,LAL,0,0,1464.4565029733478,1456.3977272051472,-8.05877576820053,1630.731499146615,0.2389159441178661,5.0,-5.0,0.1243530017715962,1.124353001771596,14
2019-20,2019-11-22,0021900220,OKC,LAL,1,0,1456.3977272051472,1446.7318557458284,-9.665871459318742,1638.7902749148157,0.2997560687242283,3.0,-3.0,0.074859690687499,1.0748596906874992,15
2019-20,2019-11-25,0021900250,OKC,GSW,0,1,1446.7318557458284,1460.7146690077266,13.98281326189813,1365.3410456176316,0.5663677971787344,3.0,3.0,0.074859690687499,1.0748596906874992,16
2019-20,2019-11-27,0021900265,OKC,POR,0,0,1460.7146690077266,1440.2018715605093,-20.51279744721717,1434.0515567986986,0.4880045562032918,17.0,-17.0,0.4011342849479459,1.401134284947946,17
2019-20,2019-11-29,0021900275,OKC,NOP,1,1,1440.2018715605093,1455.5471749323524,15.3453033718432,1443.8039005677997,0.5450627057616174,5.0,5.0,0.1243530017715962,1.124353001771596,18
2019-20,2019-12-01,0021900289,OKC,NOP,0,1,1455.5471749323524,1472.0371397490876,16.489964816735228,1428.4585971959566,0.4886165155755366,3.0,3.0,0.074859690687499,1.0748596906874992,19
2019-20,2019-12-04,0021900312,OKC,IND,1,0,1472.0371397490876,1458.4539179008257,-13.583221848262037,1587.7287379110426,0.3859192750789884,7.0,-7.0,0.1732351578346601,1.17323515783466,20
2019-20,2019-12-06,0021900326,OKC,MIN,1,1,1458.4539179008257,1476.5865298954334,18.13261199460776,1471.23412631865,0.5319333258328898,12.0,12.0,0.2913126124515909,1.2913126124515908,21
2019-20,2019-12-08,0021900341,OKC,POR,0,1,1476.5865298954334,1497.0893850505538,20.502855155120365,1461.9354497611828,0.470748989376653,12.0,12.0,0.2913126124515909,1.2913126124515908,22
2019-20,2019-12-09,0021900350,OKC,UTA,0,1,1497.0893850505538,1520.4137590750363,23.32437402448265,1519.4323539306813,0.4182180769137529,14.0,14.0,0.3363755443363322,1.3363755443363323,23
2019-20,2019-12-11,0021900365,OKC,SAC,0,0,1520.4137590750363,1505.4012731263826,-15.01248594865384,1493.605441522438,0.4882134052986148,1.0,-1.0,0.0249947929684206,1.0249947929684209,24
2019-20,2019-12-14,0021900387,OKC,DEN,0,0,1505.4012731263826,1492.6269669798664,-12.774306146516162,1573.6638804385425,0.3556196605120371,8.0,-8.0,0.197375320224904,1.197375320224904,25
2019-20,2019-12-16,0021900399,OKC,CHI,1,1,1492.6269669798664,1503.6112018160393,10.984234836172837,1412.896873778111,0.6593591104234536,3.0,3.0,0.074859690687499,1.0748596906874992,26
2019-20,2019-12-18,0021900412,OKC,MEM,1,1,1503.6112018160393,1515.9952816349498,12.384079818910545,1450.159557670734,0.6246115530795832,4.0,4.0,0.0996679946249558,1.099667994624956,27
2019-20,2019-12-20,0021900426,OKC,PHX,1,1,1515.9952816349498,1529.461816951636,13.466535316686196,1416.6014055555231,0.6843063333620656,18.0,18.0,0.4218990052500079,1.4218990052500078,28
2019-20,2019-12-22,0021900442,OKC,LAC,1,1,1529.461816951636,1550.700488991292,21.238672039655945,1646.7166754083023,0.3837888788380597,6.0,6.0,0.1488850336233179,1.1488850336233178,29
2019-20,2019-12-26,0021900462,OKC,MEM,1,0,1550.700488991292,1521.6780769309298,-29.02241206036232,1407.39061628808,0.7362239951315408,13.0,-13.0,0.3140209253469976,1.3140209253469977,30
2019-20,2019-12-27,0021900467,OKC,CHA,0,1,1521.6780769309298,1533.78903738411,12.110960453180374,1404.9381814060298,0.6155098226738047,2.0,2.0,0.0499583749578799,1.04995837495788,31
2019-20,2019-12-29,0021900486,OKC,TOR,0,1,1533.78903738411,1554.4069808307986,20.61794344668856,1622.2108112435444,0.3294943679021601,1.0,1.0,0.0249947929684206,1.0249947929684209,32
2019-20,2019-12-31,0021900503,OKC,DAL,1,1,1554.4069808307986,1572.7948779366911,18.387897105892527,1620.8591693398505,0.4548599038166992,5.0,5.0,0.1243530017715962,1.124353001771596,33
2019-20,2020-01-02,0021900514,OKC,SAS,0,1,1572.7948779366911,1587.16201851298,14.367140576288811,1479.4696869521124,0.5831569984283467,6.0,6.0,0.1488850336233179,1.1488850336233178,34
2019-20,2020-01-04,0021900527,OKC,CLE,0,1,1587.16201851298,1597.5822949301971,10.420276417217028,1366.5621984096688,0.7442922255495612,15.0,15.0,0.3583573983507859,1.358357398350786,35
2019-20,2020-01-06,0021900541,OKC,PHI,0,0,1597.5822949301971,1579.9694638933966,-17.612831036800536,1562.299907392753,0.5004063882443662,7.0,-7.0,0.1732351578346601,1.17323515783466,36
2019-20,2020-01-07,0021900550,OKC,BKN,0,1,1579.9694638933966,1592.0372066680704,12.067742774673809,1426.5989144792577,0.6640501222176765,8.0,8.0,0.197375320224904,1.197375320224904,37
2019-20,2020-01-09,0021900566,OKC,HOU,1,1,1592.0372066680704,1614.3109416291695,22.273734961099105,1627.8265311555788,0.498864072705257,21.0,21.0,0.4815497983643079,1.481549798364308,38
2019-20,2020-01-11,0021900580,OKC,LAL,1,0,1614.3109416291695,1597.6556395425268,-16.655302086642738,1713.463735294146,0.4087118286361733,15.0,-15.0,0.3583573983507859,1.358357398350786,39
2019-20,2020-01-13,0021900594,OKC,MIN,0,1,1597.6556395425268,1608.851635175752,11.195995633225332,1402.0294116458565,0.7159863688302435,13.0,13.0,0.3140209253469976,1.3140209253469977,40
2019-20,2020-01-15,0021900609,OKC,TOR,1,0,1608.851635175752,1586.929757558141,-21.92187761761089,1574.6220711693888,0.5983313987167808,9.0,-9.0,0.2212784678984439,1.221278467898444,41
2019-20,2020-01-17,0021900623,OKC,MIA,1,0,1586.929757558141,1568.6407396128232,-18.2890179453181,1608.2908767905503,0.5196178510672598,7.0,-7.0,0.1732351578346601,1.17323515783466,42
2019-20,2020-01-18,0021900635,OKC,POR,1,1,1568.6407396128232,1579.8907482188692,11.250008606046144,1444.1833245503794,0.7146161985440397,13.0,13.0,0.3140209253469976,1.3140209253469977,43
2019-20,2020-01-20,0021900645,OKC,HOU,0,1,1579.8907482188692,1597.1205890564524,17.229840837583236,1552.401788958637,0.4891924270985212,5.0,5.0,0.1243530017715962,1.124353001771596,44
2019-20,2020-01-22,0021900655,OKC,ORL,0,1,1597.1205890564524,1611.403784003229,14.283194946776538,1502.053381840654,0.585592566451706,6.0,6.0,0.1488850336233179,1.1488850336233178,45
2019-20,2020-01-24,0021900677,OKC,ATL,1,1,1611.403784003229,1618.3400665975407,6.936282594311787,1334.9516804829636,0.8572778599873417,29.0,29.0,0.619996867969374,1.619996867969374,46
2019-20,2020-01-25,0021900683,OKC,MIN,0,1,1618.3400665975407,1625.4009124572483,7.0608458597074675,1334.4981256873546,0.8072826674313501,9.0,9.0,0.2212784678984439,1.221278467898444,47
2019-20,2020-01-27,0021900697,OKC,DAL,1,0,1625.4009124572483,1603.2260114694284,-22.174900987819942,1594.4809143175564,0.5937443052170783,10.0,-10.0,0.2449186624037091,1.2449186624037092,48
2019-20,2020-01-29,0021900713,OKC,SAC,0,1,1603.2260114694284,1615.2185113807843,11.992499911355862,1398.431544206779,0.7265950987167662,20.0,20.0,0.4621171572600097,1.4621171572600098,49
2019-20,2020-01-31,0021900725,OKC,PHX,0,1,1615.2185113807843,1626.3605986909986,11.1420873102143,1463.24083690367,0.6622590525905554,4.0,4.0,0.0996679946249558,1.099667994624956,50
2019-20,2020-02-05,0021900760,OKC,CLE,1,1,1626.3605986909986,1629.4092733678078,3.0486746768093327,1256.134301698127,0.9115468595613228,6.0,6.0,0.1488850336233179,1.1488850336233178,51
2019-20,2020-02-07,0021900773,OKC,DET,1,1,1629.4092733678078,1634.838398117639,5.429124749831141,1368.801747526264,0.8457505950227627,7.0,7.0,0.1732351578346601,1.17323515783466,52
2019-20,2020-02-09,0021900786,OKC,BOS,1,0,1634.838398117639,1618.7705376986662,-16.06786041897275,1654.169069096977,0.5225347006378334,1.0,-1.0,0.0249947929684206,1.0249947929684209,53
2019-20,2020-02-11,0021900805,OKC,SAS,1,0,1618.7705376986662,1591.574613744152,-27.19592395451428,1456.2818675253577,0.7570982825281006,8.0,-8.0,0.197375320224904,1.197375320224904,54
2019-20,2020-02-13,0021900819,OKC,NOP,0,1,1591.574613744152,1609.2509585066146,17.676344762462637,1573.2956414672462,0.4759550682448555,5.0,5.0,0.1243530017715962,1.124353001771596,55
2019-20,2020-02-21,0021900831,OKC,DEN,1,1,1609.2509585066146,1628.5018424321938,19.250883925579338,1642.1199127926452,0.5030667828494545,12.0,12.0,0.2913126124515909,1.2913126124515908,56
2019-20,2020-02-23,0021900846,OKC,SAS,1,1,1628.5018424321938,1642.62550146075,14.123659028556068,1510.8514916569477,0.7065581589209258,28.0,28.0,0.6043677771171634,1.6043677771171634,57
2019-20,2020-02-25,0021900859,OKC,CHI,0,1,1642.62550146075,1648.1863483619452,5.560846901195217,1340.1079230944238,0.8234581791105673,2.0,2.0,0.0499583749578799,1.04995837495788,58
2019-20,2020-02-27,0021900875,OKC,SAC,1,1,1648.1863483619452,1656.9929943552725,8.806645993327182,1507.7036644868958,0.7330513683410811,4.0,4.0,0.0996679946249558,1.099667994624956,59
2019-20,2020-02-28,0021900882,OKC,MIL,0,0,1656.9929943552725,1641.3384895599863,-15.654504795286217,1781.1036769965192,0.2857910300418661,47.0,-47.0,0.8258684551194575,1.8258684551194575,60
2019-20,2020-03-03,0021900912,OKC,LAC,1,0,1641.3384895599863,1618.181830298886,-23.156659261100337,1628.6145814826086,0.5682515094877433,15.0,-15.0,0.3583573983507859,1.358357398350786,61
2019-20,2020-03-04,0021900918,OKC,DET,0,1,1618.181830298886,1624.3501108423154,6.1682805434293,1314.1159986189975,0.8247500937262067,7.0,7.0,0.1732351578346601,1.17323515783466,62
2019-20,2020-03-06,0021900932,OKC,NYK,0,1,1624.3501108423154,1634.393576751019,10.043465908703745,1369.8792156590728,0.7796067248765941,23.0,23.0,0.5190218338982221,1.519021833898222,63
2019-20,2020-03-08,0021900949,OKC,BOS,0,1,1634.393576751019,1650.4854574729327,16.091880721913547,1615.6068494282613,0.4766841473307749,1.0,1.0,0.0249947929684206,1.0249947929684209,64
2019-20,2020-08-01,0021901240,OKC,UTA,1,1,1650.4854574729327,1666.1133718990775,15.62791442614508,1598.5963623509765,0.6225001828907095,16.0,16.0,0.3799489622552249,1.379948962255225,65
2019-20,2020-08-03,0021901251,OKC,DEN,1,0,1666.1133718990775,1640.7763029722937,-25.337068926784305,1549.4738848686595,0.7053502356032421,8.0,-8.0,0.197375320224904,1.197375320224904,66
2019-20,2020-08-05,0021901265,OKC,LAL,0,1,1640.7763029722937,1669.497334788279,28.721031815985597,1723.9603315825432,0.3361894490805139,19.0,19.0,0.4422303560457261,1.442230356045726,67
2019-20,2020-08-07,0021901275,OKC,MEM,0,0,1669.497334788279,1634.4755643690714,-35.02177041920748,1469.8981529480195,0.7206139532665969,29.0,-29.0,0.619996867969374,1.619996867969374,68
2019-20,2020-08-09,0021901285,OKC,WAS,1,1,1634.4755643690714,1639.992089566234,5.516525197162534,1338.2029658500055,0.8706770505079442,18.0,18.0,0.4218990052500079,1.4218990052500078,69
2019-20,2020-08-10,0021901292,OKC,PHX,0,0,1639.992089566234,1611.564906947806,-28.427182618428105,1537.0052935386504,0.5966108808309627,27.0,-27.0,0.5882592563981054,1.5882592563981053,70
2019-20,2020-08-12,0021901306,OKC,MIA,1,1,1611.564906947806,1622.8481913619785,11.283284414172371,1551.8234416114778,0.6330620574342761,1.0,1.0,0.0249947929684206,1.0249947929684209,71
2019-20,2020-08-14,0021901317,OKC,LAC,0,0,1622.8481913619785,1609.645095813837,-13.203095548141144,1658.129377297111,0.4002145984871881,4.0,-4.0,0.0996679946249558,1.099667994624956,72
2019-20,2019-10-23,0021900005,ORL,CLE,1,1,1500.0,1516.4799553415476,16.479955341547488,1500.0,0.550199353253537,9.0,9.0,0.2212784678984439,1.221278467898444,1
2019-20,2019-10-26,0021900028,ORL,ATL,0,0,1516.4799553415476,1502.0088604004864,-14.47109494106127,1524.3258939977252,0.4386504233336555,4.0,-4.0,0.0996679946249558,1.099667994624956,2
2019-20,2019-10-28,0021900044,ORL,TOR,0,0,1502.0088604004864,1486.707631144139,-15.301229256347282,1524.772690328859,0.41762872974355,9.0,-9.0,0.2212784678984439,1.221278467898444,3
2019-20,2019-10-30,0021900056,ORL,NYK,1,1,1486.707631144139,1502.8427752519044,16.135144107765385,1463.1408507359693,0.5834950175973167,12.0,12.0,0.2913126124515909,1.2913126124515908,4
2019-20,2019-11-01,0021900071,ORL,MIL,1,0,1502.8427752519044,1475.3432647189015,-27.499510533002923,1502.3793723944143,0.5508594326028927,32.0,-32.0,0.664036770267849,1.664036770267849,5
2019-20,2019-11-02,0021900079,ORL,DEN,1,0,1475.3432647189015,1458.5943147617293,-16.74894995717234,1504.994298661668,0.507697172814558,4.0,-4.0,0.0996679946249558,1.099667994624956,6
2019-20,2019-11-05,0021900101,ORL,OKC,0,0,1458.5943147617293,1443.1487607568208,-15.445554004908338,1472.5684693105463,0.4299836412754074,8.0,-8.0,0.197375320224904,1.197375320224904,7
2019-20,2019-11-06,0021900109,ORL,DAL,0,0,1443.1487607568208,1433.2019692976871,-9.946791459133658,1536.326380262563,0.3234745362405664,1.0,-1.0,0.0249947929684206,1.0249947929684209,8
2019-20,2019-11-08,0021900117,ORL,MEM,1,1,1433.2019692976871,1456.7861256821493,23.584156384462176,1449.023937592107,0.5275714093612248,32.0,32.0,0.664036770267849,1.664036770267849,9
2019-20,2019-11-10,0021900133,ORL,IND,1,0,1456.7861256821493,1440.6907989826516,-16.09532669949761,1521.5352701204447,0.4572918620794197,7.0,-7.0,0.1732351578346601,1.17323515783466,10
2019-20,2019-11-13,0021900155,ORL,PHI,1,1,1440.6907989826516,1466.076385489092,25.385586506440337,1562.9111225156998,0.3770518584367271,15.0,15.0,0.3583573983507859,1.358357398350786,11
2019-20,2019-11-15,0021900168,ORL,SAS,1,1,1466.076385489092,1480.220824855034,14.144439365941832,1465.547721560714,0.5509523773102196,2.0,2.0,0.0499583749578799,1.04995837495788,12
2019-20,2019-11-17,0021900185,ORL,WAS,1,1,1480.220824855034,1494.0078724195964,13.787047564562526,1457.661771533299,0.5820845433363541,4.0,4.0,0.0996679946249558,1.099667994624956,13
2019-20,2019-11-20,0021900207,ORL,TOR,0,0,1494.0078724195964,1480.1006917718728,-13.907180647723663,1577.3902704373224,0.3359346620326068,16.0,-16.0,0.3799489622552249,1.379948962255225,14
2019-20,2019-11-23,0021900227,ORL,IND,0,0,1480.1006917718728,1467.8431225682348,-12.257569203638042,1542.4962085425016,0.3633962282997214,5.0,-5.0,0.1243530017715962,1.124353001771596,15
2019-20,2019-11-25,0021900241,ORL,DET,0,0,1467.8431225682348,1446.223317220254,-21.61980534798074,1411.59672216314,0.530537971185636,15.0,-15.0,0.3583573983507859,1.358357398350786,16
2019-20,2019-11-27,0021900255,ORL,CLE,0,1,1446.223317220254,1464.7748844527628,18.5515672325086,1396.5398657781018,0.5211186133751671,12.0,12.0,0.2913126124515909,1.2913126124515908,17
2019-20,2019-11-29,0021900269,ORL,TOR,1,0,1464.7748844527628,1453.1412670362076,-11.633617416555085,1622.384430854511,0.330528150839094,7.0,-7.0,0.1732351578346601,1.17323515783466,18
2019-20,2019-12-01,0021900290,ORL,GSW,1,1,1453.1412670362076,1464.016123849772,10.874856813564216,1364.834470828449,0.6703593912975189,4.0,4.0,0.0996679946249558,1.099667994624956,19
2019-20,2019-12-03,0021900300,ORL,WAS,0,1,1464.016123849772,1482.4901182754286,18.473994425656674,1446.3141447511484,0.475126695550886,7.0,7.0,0.1732351578346601,1.17323515783466,20
2019-20,2019-12-04,0021900308,ORL,PHX,1,1,1482.4901182754286,1500.389883702975,17.89976542754648,1480.1543836097092,0.5535245686636731,14.0,14.0,0.3363755443363322,1.3363755443363323,21
2019-20,2019-12-06,0021900321,ORL,CLE,0,1,1500.389883702975,1511.979840352453,11.58995664947801,1347.2660597350052,0.663733204794624,6.0,6.0,0.1488850336233179,1.1488850336233178,22
2019-20,2019-12-09,0021900347,ORL,MIL,0,0,1511.979840352453,1504.667022489714,-7.312817862739055,1718.244322162359,0.1995946066617341,9.0,-9.0,0.2212784678984439,1.221278467898444,23
2019-20,2019-12-11,0021900358,ORL,LAL,1,0,1504.667022489714,1494.582339234525,-10.084683255188892,1707.8519441903186,0.2752493533147672,9.0,-9.0,0.2212784678984439,1.221278467898444,24
2019-20,2019-12-13,0021900371,ORL,HOU,1,0,1494.582339234525,1475.4787379086188,-19.103601325906283,1586.2184800978664,0.4192083988874441,23.0,-23.0,0.5190218338982221,1.519021833898222,25
2019-20,2019-12-15,0021900388,ORL,NOP,0,1,1475.4787379086188,1489.7818207932037,14.30308288458488,1352.4213458285612,0.6240792692882915,11.0,11.0,0.2682711820216014,1.2682711820216013,26
2019-20,2019-12-17,0021900405,ORL,UTA,0,0,1489.7818207932037,1475.4684501995655,-14.313370593638254,1520.407900834389,0.4066638729117534,7.0,-7.0,0.1732351578346601,1.17323515783466,27
2019-20,2019-12-18,0021900414,ORL,DEN,0,0,1475.4684501995655,1464.683916678016,-10.784533521549486,1592.3577961138285,0.2943509282833023,9.0,-9.0,0.2212784678984439,1.221278467898444,28
2019-20,2019-12-20,0021900428,ORL,POR,0,0,1464.683916678016,1446.5558881298175,-18.128028548198444,1468.1614099784786,0.4448517150250274,15.0,-15.0,0.3583573983507859,1.358357398350786,29
2019-20,2019-12-23,0021900448,ORL,CHI,1,1,1446.5558881298175,1462.4700316775595,15.914143547741938,1441.7954000096452,0.5569714502786319,8.0,8.0,0.197375320224904,1.197375320224904,30
2019-20,2019-12-27,0021900468,ORL,PHI,1,1,1462.4700316775595,1483.438030481475,20.96799880391545,1629.924514468382,0.3181103960150734,1.0,1.0,0.0249947929684206,1.0249947929684209,31
2019-20,2019-12-28,0021900480,ORL,MIL,0,0,1483.438030481475,1477.1683402641763,-6.269690217298608,1730.3926554928066,0.1647831133218905,11.0,-11.0,0.2682711820216014,1.2682711820216013,32
2019-20,2019-12-30,0021900491,ORL,ATL,1,0,1477.1683402641763,1448.3672616109757,-28.801078653200708,1269.401251394566,0.8017836503648379,8.0,-8.0,0.197375320224904,1.197375320224904,33
2019-20,2020-01-01,0021900504,ORL,WAS,0,1,1448.3672616109757,1469.4868526258106,21.119591014834924,1396.0986302059584,0.5248311140547592,21.0,21.0,0.4815497983643079,1.481549798364308,34
2019-20,2020-01-03,0021900518,ORL,MIA,1,1,1469.4868526258106,1500.109611372474,30.622758746663205,1650.1394651713747,0.3018626313081073,20.0,20.0,0.4621171572600097,1.4621171572600098,35
2019-20,2020-01-04,0021900525,ORL,UTA,1,0,1500.109611372474,1484.3140624264372,-15.79554894603672,1605.045028324294,0.4006924760822851,13.0,-13.0,0.3140209253469976,1.3140209253469977,36
2019-20,2020-01-06,0021900540,ORL,BKN,1,1,1484.3140624264372,1499.4279836440826,15.11392121764535,1441.712835696903,0.6098563825183747,12.0,12.0,0.2913126124515909,1.2913126124515908,37
2019-20,2020-01-08,0021900557,ORL,WAS,1,1,1499.4279836440826,1516.2077491150058,16.77976547092315,1411.9945630789305,0.6692474640011702,34.0,34.0,0.6910694698329306,1.6910694698329305,38
2019-20,2020-01-10,0021900573,ORL,PHX,0,0,1516.2077491150058,1495.0640466287196,-21.1437024862861,1380.568971854218,0.6409116990956651,4.0,-4.0,0.0996679946249558,1.099667994624956,39
2019-20,2020-01-13,0021900596,ORL,SAC,0,1,1495.0640466287196,1508.6117204153609,13.547673786641267,1411.1737305387617,0.5698980673976799,2.0,2.0,0.0499583749578799,1.04995837495788,40
2019-20,2020-01-15,0021900613,ORL,LAL,0,1,1508.6117204153609,1533.766279267892,25.15455885253121,1734.729519490024,0.181961410110103,1.0,1.0,0.0249947929684206,1.0249947929684209,41
2019-20,2020-01-16,0021900618,ORL,LAC,0,0,1533.766279267892,1516.723382390374,-17.042896877517887,1600.465189811245,0.3576850317701112,27.0,-27.0,0.5882592563981054,1.5882592563981053,42
2019-20,2020-01-18,0021900634,ORL,GSW,0,0,1516.723382390374,1485.7116406586947,-31.01174173167937,1268.3381628286284,0.7735286153434349,14.0,-14.0,0.3363755443363322,1.3363755443363323,43
2019-20,2020-01-20,0021900642,ORL,CHA,0,1,1485.7116406586947,1502.053381840654,16.341741181959243,1349.705901029964,0.6413977114026091,23.0,23.0,0.5190218338982221,1.519021833898222,44
2019-20,2020-01-22,0021900655,ORL,OKC,1,0,1502.053381840654,1487.7701868938773,-14.283194946776538,1597.1205890564524,0.414407433548294,6.0,-6.0,0.1488850336233179,1.1488850336233178,45
2019-20,2020-01-24,0021900671,ORL,BOS,1,0,1487.7701868938773,1472.943070886937,-14.827116006940226,1600.7000256223955,0.3896936295938978,11.0,-11.0,0.2682711820216014,1.2682711820216013,46
2019-20,2020-01-26,0021900689,ORL,LAC,1,0,1472.943070886937,1459.735391916263,-13.207678970673632,1635.6172370888555,0.3241090792626788,15.0,-15.0,0.3583573983507859,1.358357398350786,47
2019-20,2020-01-27,0021900694,ORL,MIA,0,0,1459.735391916263,1447.802331288991,-11.933060627272548,1598.8597859303225,0.2684814833864543,21.0,-21.0,0.4815497983643079,1.481549798364308,48
2019-20,2020-02-01,0021900729,ORL,MIA,1,0,1447.802331288991,1433.9854249878676,-13.816906301122945,1589.959243868486,0.3504993980587808,13.0,-13.0,0.3140209253469976,1.3140209253469977,49
2019-20,2020-02-03,0021900741,ORL,CHA,0,1,1433.9854249878676,1449.044155303601,15.058730315733234,1320.343333906545,0.6112810543698415,12.0,12.0,0.2913126124515909,1.2913126124515908,50
2019-20,2020-02-05,0021900756,ORL,BOS,0,0,1449.044155303601,1440.2012663601154,-8.842888943485578,1640.45666137733,0.2136042512044264,16.0,-16.0,0.3799489622552249,1.379948962255225,51
2019-20,2020-02-06,0021900764,ORL,NYK,0,0,1440.2012663601154,1423.7760881273712,-16.425178232744297,1390.2837136110356,0.5214549015940182,2.0,-2.0,0.0499583749578799,1.04995837495788,52
2019-20,2020-02-08,0021900777,ORL,MIL,1,0,1423.7760881273712,1417.6023029575838,-6.173785169787385,1761.294323660593,0.1491307610801702,16.0,-16.0,0.3799489622552249,1.379948962255225,53
2019-20,2020-02-10,0021900795,ORL,ATL,1,1,1417.6023029575838,1432.5537411536634,14.951438196079494,1387.9963732886438,0.5919183983811193,9.0,9.0,0.2212784678984439,1.221278467898444,54
2019-20,2020-02-12,0021900808,ORL,DET,1,1,1432.5537411536634,1442.5829028766502,10.029161722986936,1323.664197668032,0.6959942524468518,4.0,4.0,0.0996679946249558,1.099667994624956,55
2019-20,2020-02-21,0021900826,ORL,DAL,1,0,1442.5829028766502,1426.3981308151328,-16.184772061517407,1554.594878382174,0.3909509821065394,16.0,-16.0,0.3799489622552249,1.379948962255225,56
2019-20,2020-02-24,0021900852,ORL,BKN,0,1,1426.3981308151328,1447.0681703279106,20.670039512777755,1503.7039364252716,0.343782255062986,2.0,2.0,0.0499583749578799,1.04995837495788,57
2019-20,2020-02-26,0021900867,ORL,ATL,0,1,1447.0681703279106,1464.2511116482635,17.18294132035284,1384.2711687221947,0.5399179657468348,10.0,10.0,0.2449186624037091,1.2449186624037092,58
2019-20,2020-02-28,0021900877,ORL,MIN,1,1,1464.2511116482635,1473.8296311642598,9.578519515996234,1310.017823603975,0.7482525910920658,11.0,11.0,0.2682711820216014,1.2682711820216013,59
2019-20,2020-02-29,0021900893,ORL,SAS,0,0,1473.8296311642598,1460.293002116719,-13.536629047540758,1480.570214739251,0.4402178151018767,1.0,-1.0,0.0249947929684206,1.0249947929684209,60
2019-20,2020-03-02,0021900904,ORL,POR,1,0,1460.293002116719,1434.4044119564164,-25.88859016030254,1447.6779054279098,0.5680978285406515,23.0,-23.0,0.5190218338982221,1.519021833898222,61
2019-20,2020-03-04,0021900919,ORL,MIA,0,0,1434.4044119564164,1424.8490578510691,-9.55535410534705,1549.64283870063,0.2963287266897529,3.0,-3.0,0.074859690687499,1.0748596906874992,62
2019-20,2020-03-06,0021900935,ORL,MIN,0,1,1424.8490578510691,1441.8314782163995,16.98242036533024,1336.3375894574126,0.5764059876406471,14.0,14.0,0.3363755443363322,1.3363755443363323,63
2019-20,2020-03-08,0021900953,ORL,HOU,0,1,1441.8314782163995,1473.8857576219214,32.05427940552171,1580.2971748968446,0.2692268366603615,20.0,20.0,0.4621171572600097,1.4621171572600098,64
2019-20,2020-03-10,0021900964,ORL,MEM,0,1,1473.8857576219214,1496.277179720184,22.391422098262545,1557.085953137082,0.3361686806254704,5.0,5.0,0.1243530017715962,1.124353001771596,65
2019-20,2020-07-31,0021901233,ORL,BKN,0,1,1496.277179720184,1516.6117470934485,20.334567373264512,1492.2588703255662,0.4555315677143062,10.0,10.0,0.2449186624037091,1.2449186624037092,66
2019-20,2020-08-02,0021901247,ORL,SAC,1,1,1516.6117470934485,1534.2107346096009,17.598987516152317,1499.1798232515484,0.5748879608950509,16.0,16.0,0.3799489622552249,1.379948962255225,67
2019-20,2020-08-04,0021901259,ORL,IND,0,0,1534.2107346096009,1520.277135915052,-13.933598694548971,1594.4969848147532,0.36620976365478,11.0,-11.0,0.2682711820216014,1.2682711820216013,68
2019-20,2020-08-05,0021901266,ORL,TOR,1,0,1520.277135915052,1509.4352092158492,-10.84192669920286,1710.569822502458,0.290298127543773,10.0,-10.0,0.2449186624037091,1.2449186624037092,69
2019-20,2020-08-07,0021901277,ORL,PHI,0,0,1509.4352092158492,1495.98477860013,-13.45043061571938,1557.8974729942408,0.3821464812034129,7.0,-7.0,0.1732351578346601,1.17323515783466,70
2019-20,2020-08-09,0021901288,ORL,BOS,0,0,1495.98477860013,1487.6287752308044,-8.356003369325506,1643.4702496332357,0.2591347020056438,3.0,-3.0,0.074859690687499,1.0748596906874992,71
2019-20,2020-08-11,0021901297,ORL,BKN,1,0,1487.6287752308044,1469.0875273927154,-18.541247838089056,1537.4976614369375,0.4786150066555924,12.0,-12.0,0.2913126124515909,1.2913126124515908,72
2019-20,2020-08-13,0021901312,ORL,NOP,1,1,1469.0875273927154,1485.2431169955564,16.155589602840973,1482.3321934232945,0.5312675875586386,6.0,6.0,0.1488850336233179,1.1488850336233178,73
2019-20,2019-10-23,0021900008,PHI,BOS,1,1,1500.0,1518.0330775241591,18.033077524159168,1500.0,0.550199353253537,14.0,14.0,0.3363755443363322,1.3363755443363323,1
2019-20,2019-10-26,0021900027,PHI,DET,0,1,1518.0330775241591,1535.9009348966729,17.867857372513427,1495.8325046976806,0.4815884720231076,6.0,6.0,0.1488850336233179,1.1488850336233178,2
2019-20,2019-10-28,0021900043,PHI,ATL,0,1,1535.9009348966729,1553.3613716453356,17.460436748662843,1538.7969889387864,0.4456784457649481,2.0,2.0,0.0499583749578799,1.04995837495788,3
2019-20,2019-10-30,0021900057,PHI,MIN,1,1,1553.3613716453356,1573.8522998691262,20.49092822379076,1557.144698092913,0.5448039048729408,22.0,22.0,0.5005202111902353,1.5005202111902354,4
2019-20,2019-11-02,0021900084,PHI,POR,0,1,1573.8522998691262,1588.4660319716677,14.613732102541206,1521.6372000467802,0.5247542653291819,1.0,1.0,0.0249947929684206,1.0249947929684209,5
2019-20,2019-11-04,0021900095,PHI,PHX,0,0,1588.4660319716677,1571.1428344957085,-17.323197475959,1544.0306373154992,0.5135752872589409,5.0,-5.0,0.1243530017715962,1.124353001771596,6
2019-20,2019-11-06,0021900110,PHI,UTA,0,0,1571.1428344957085,1554.4441282177113,-16.698706277997196,1515.1749182042645,0.5301386758520175,2.0,-2.0,0.0499583749578799,1.04995837495788,7
2019-20,2019-11-08,0021900123,PHI,DEN,0,0,1554.4441282177113,1539.5031229903786,-14.941005227332615,1544.9586892342668,0.4633474600384381,3.0,-3.0,0.074859690687499,1.0748596906874992,8
2019-20,2019-11-10,0021900134,PHI,CHA,1,1,1539.5031229903786,1551.8485177558557,12.34539476547708,1462.118062487,0.6563206607833364,8.0,8.0,0.197375320224904,1.197375320224904,9
2019-20,2019-11-12,0021900147,PHI,CLE,1,1,1551.8485177558557,1562.9111225156998,11.062604759844094,1486.7175506116832,0.6402386680161758,1.0,1.0,0.0249947929684206,1.0249947929684209,10
2019-20,2019-11-13,0021900155,PHI,ORL,0,0,1562.9111225156998,1537.5255360092594,-25.385586506440337,1440.6907989826516,0.6229481415632729,15.0,-15.0,0.3583573983507859,1.358357398350786,11
2019-20,2019-11-15,0021900172,PHI,OKC,0,0,1537.5255360092594,1517.1298464193696,-20.395689589889784,1455.1292002066823,0.5677888195785552,8.0,-8.0,0.197375320224904,1.197375320224904,12
2019-20,2019-11-17,0021900183,PHI,CLE,0,1,1517.1298464193696,1537.378833150144,20.24898673077421,1459.8647043915546,0.5319983236174928,19.0,19.0,0.4422303560457261,1.442230356045726,13
2019-20,2019-11-20,0021900202,PHI,NYK,1,1,1537.378833150144,1546.8742247903815,9.495391640237896,1409.6053541167146,0.7184931652462526,5.0,5.0,0.1243530017715962,1.124353001771596,14
2019-20,2019-11-22,0021900218,PHI,SAS,1,1,1546.8742247903815,1557.0375680361512,10.16334324576962,1406.5418970100943,0.73288196326253,11.0,11.0,0.2682711820216014,1.2682711820216013,15
2019-20,2019-11-23,0021900230,PHI,MIA,1,1,1557.0375680361512,1582.661355488491,25.623787452339716,1618.336494959157,0.4622249201630135,27.0,27.0,0.5882592563981054,1.5882592563981053,16
2019-20,2019-11-25,0021900246,PHI,TOR,0,0,1582.661355488491,1568.3219616487513,-14.339393839739556,1600.0908786130904,0.4251154165149667,5.0,-5.0,0.1243530017715962,1.124353001771596,17
2019-20,2019-11-27,0021900257,PHI,SAC,1,1,1568.3219616487513,1580.3663917593867,12.044430110635409,1495.3657880498108,0.650547276761306,6.0,6.0,0.1488850336233179,1.1488850336233178,18
2019-20,2019-11-29,0021900271,PHI,NYK,0,1,1580.3663917593867,1589.1932356857772,8.826843926390326,1360.1233470630957,0.743901154363766,6.0,6.0,0.1488850336233179,1.1488850336233178,19
2019-20,2019-11-30,0021900281,PHI,IND,1,1,1589.1932356857772,1603.7197002789446,14.526464593167493,1589.6783270462602,0.5495081910372844,3.0,3.0,0.074859690687499,1.0748596906874992,20
2019-20,2019-12-02,0021900294,PHI,UTA,1,1,1603.7197002789446,1616.832271446559,13.112571167614234,1537.1772098473518,0.6421080719295157,9.0,9.0,0.2212784678984439,1.221278467898444,21
2019-20,2019-12-05,0021900316,PHI,WAS,0,0,1616.832271446559,1592.4245415692724,-24.407729877286535,1427.8401503254918,0.708157014930966,6.0,-6.0,0.1488850336233179,1.1488850336233178,22
2019-20,2019-12-07,0021900332,PHI,CLE,1,1,1592.4245415692724,1601.0336811618802,8.609139592607677,1335.6761030855273,0.8428302329508102,47.0,47.0,0.8258684551194575,1.8258684551194575,23
2019-20,2019-12-08,0021900338,PHI,TOR,1,1,1601.0336811618802,1616.5847788824633,15.551097720583025,1602.011400070019,0.5488060956067856,6.0,6.0,0.1488850336233179,1.1488850336233178,24
2019-20,2019-12-10,0021900353,PHI,DEN,1,1,1616.5847788824633,1629.7590184483663,13.174239565903331,1574.2965959793771,0.6094275390633478,5.0,5.0,0.1243530017715962,1.124353001771596,25
2019-20,2019-12-12,0021900367,PHI,BOS,0,1,1629.7590184483663,1648.7905576190053,19.031539170638737,1631.145796949172,0.4478258307355709,6.0,6.0,0.1488850336233179,1.1488850336233178,26
2019-20,2019-12-13,0021900372,PHI,NOP,1,1,1648.7905576190053,1653.4473960968471,4.656838477842061,1357.0781843064033,0.8676923818513136,7.0,7.0,0.1732351578346601,1.17323515783466,27
2019-20,2019-12-15,0021900391,PHI,BKN,0,0,1653.4473960968471,1625.086993959456,-28.36040213739152,1513.5300025576876,0.6465601837848749,20.0,-20.0,0.4621171572600097,1.4621171572600098,28
2019-20,2019-12-18,0021900410,PHI,MIA,1,0,1625.086993959456,1606.204394860771,-18.882599098685223,1609.4415787692808,0.5723727279803567,4.0,-4.0,0.0996679946249558,1.099667994624956,29
2019-20,2019-12-20,0021900425,PHI,DAL,1,0,1606.204394860771,1582.7651005487792,-23.439294311991596,1612.1347849561405,0.5417371830543749,19.0,-19.0,0.4422303560457261,1.442230356045726,30
2019-20,2019-12-21,0021900433,PHI,WAS,1,1,1582.7651005487792,1591.8943969635914,9.129296414812297,1395.0366799504725,0.7828117663218492,17.0,17.0,0.4011342849479459,1.401134284947946,31
2019-20,2019-12-23,0021900445,PHI,DET,0,1,1591.8943969635914,1604.513680251572,12.619283287980467,1413.6768730262356,0.6951751204054917,16.0,16.0,0.3799489622552249,1.379948962255225,32
2019-20,2019-12-25,0021900456,PHI,MIL,1,1,1604.513680251572,1629.924514468382,25.41083421680985,1751.608163332361,0.344056738035811,12.0,12.0,0.2913126124515909,1.2913126124515908,33
2019-20,2019-12-27,0021900468,PHI,ORL,0,0,1629.924514468382,1608.9565156644665,-20.96799880391545,1462.4700316775595,0.6818896039849266,1.0,-1.0,0.0249947929684206,1.0249947929684209,34
2019-20,2019-12-28,0021900475,PHI,MIA,0,0,1608.9565156644665,1597.269421482554,-11.687094181912444,1658.9481154636355,0.3800700342443109,1.0,-1.0,0.0249947929684206,1.0249947929684209,35
2019-20,2019-12-31,0021900498,PHI,IND,0,0,1597.269421482554,1577.579078210032,-19.690343272521886,1589.0069924534555,0.4615973239501117,18.0,-18.0,0.4218990052500079,1.4218990052500078,36
2019-20,2020-01-03,0021900520,PHI,HOU,0,0,1577.579078210032,1562.299907392753,-15.279170817278931,1606.4474164201215,0.4091076062157522,10.0,-10.0,0.2449186624037091,1.2449186624037092,37
2019-20,2020-01-06,0021900541,PHI,OKC,1,1,1562.299907392753,1579.9127384295537,17.612831036800536,1597.5822949301971,0.4995936117556337,7.0,7.0,0.1732351578346601,1.17323515783466,38
2019-20,2020-01-09,0021900564,PHI,BOS,1,1,1579.9127384295537,1598.7404030822454,18.827664652691677,1611.3257115263325,0.5051619632671744,11.0,11.0,0.2682711820216014,1.2682711820216013,39
2019-20,2020-01-11,0021900581,PHI,DAL,0,0,1598.7404030822454,1577.3522365664442,-21.388166515801217,1562.768205147441,0.5013991016434299,18.0,-18.0,0.4218990052500079,1.4218990052500078,40
2019-20,2020-01-13,0021900592,PHI,IND,0,0,1577.3522365664442,1561.359547889872,-15.992688676572143,1567.4067245005929,0.464006064097783,6.0,-6.0,0.1488850336233179,1.1488850336233178,41
2019-20,2020-01-15,0021900605,PHI,BKN,1,1,1561.359547889872,1572.3984213734395,11.038873483567649,1440.924363326085,0.7098708425545636,11.0,11.0,0.2682711820216014,1.2682711820216013,42
2019-20,2020-01-17,0021900620,PHI,CHI,1,1,1572.3984213734395,1581.5135666950318,9.115145321592337,1406.746532544756,0.7604312218920731,11.0,11.0,0.2682711820216014,1.2682711820216013,43
2019-20,2020-01-18,0021900630,PHI,NYK,0,1,1581.5135666950318,1589.466729115682,7.953162420650235,1352.5397053599488,0.7533581207682014,3.0,3.0,0.074859690687499,1.0748596906874992,44
2019-20,2020-01-20,0021900641,PHI,BKN,0,1,1589.466729115682,1600.460366282829,10.99363716714686,1422.696487029718,0.6810346017977833,6.0,6.0,0.1488850336233179,1.1488850336233178,45
2019-20,2020-01-22,0021900660,PHI,TOR,0,0,1600.460366282829,1584.1559807504802,-16.304385532348796,1620.9089659665503,0.420873700531082,12.0,-12.0,0.2913126124515909,1.2913126124515908,46
2019-20,2020-01-25,0021900684,PHI,LAL,1,1,1584.1559807504802,1610.0734286830966,25.91744793261644,1701.6837126846704,0.3834174637163273,17.0,17.0,0.4011342849479459,1.401134284947946,47
2019-20,2020-01-28,0021900702,PHI,GSW,1,1,1610.0734286830966,1614.1779436952218,4.1045150121250575,1278.0749030189302,0.8921230971654255,11.0,11.0,0.2682711820216014,1.2682711820216013,48
2019-20,2020-01-30,0021900716,PHI,ATL,0,0,1614.1779436952218,1584.5974343312432,-29.5805093639785,1346.8781361875062,0.7920332537191351,10.0,-10.0,0.2449186624037091,1.2449186624037092,49
2019-20,2020-02-01,0021900732,PHI,BOS,0,0,1584.5974343312432,1566.5003714355646,-18.09706289567856,1614.8626929171423,0.407165139181922,21.0,-21.0,0.4815497983643079,1.481549798364308,50
2019-20,2020-02-03,0021900747,PHI,MIA,0,0,1566.5003714355646,1546.8280766240032,-19.672294811561372,1603.776150169609,0.3974616587639603,31.0,-31.0,0.6498274636719203,1.6498274636719203,51
2019-20,2020-02-06,0021900766,PHI,MIL,0,0,1546.8280766240032,1539.2558787744622,-7.572197849540958,1753.722125811052,0.1990162660499523,11.0,-11.0,0.2682711820216014,1.2682711820216013,52
2019-20,2020-02-07,0021900769,PHI,MEM,1,1,1539.2558787744622,1558.8129095769586,19.557030802496485,1577.6163443471382,0.4951640520940691,12.0,12.0,0.2913126124515909,1.2913126124515908,53
2019-20,2020-02-09,0021900788,PHI,CHI,1,1,1558.8129095769586,1566.77211741376,7.959207836801456,1380.091737999593,0.7738672199501452,7.0,7.0,0.1732351578346601,1.17323515783466,54
2019-20,2020-02-11,0021900802,PHI,LAC,1,1,1566.77211741376,1584.8532777724963,18.0811603587362,1611.3027974689633,0.4862876881361376,7.0,7.0,0.1732351578346601,1.17323515783466,55
2019-20,2020-02-20,0021900822,PHI,BKN,1,1,1584.8532777724963,1596.7525651840297,11.899287411533429,1497.818195576136,0.6687396950496031,8.0,8.0,0.197375320224904,1.197375320224904,56
2019-20,2020-02-22,0021900840,PHI,MIL,0,0,1596.7525651840297,1585.4311832356484,-11.32138194838118,1748.2557303798285,0.2547193477370892,21.0,-21.0,0.4815497983643079,1.481549798364308,57
2019-20,2020-02-24,0021900850,PHI,ATL,1,1,1585.4311832356484,1594.377300888332,8.946117652683586,1393.2172863748783,0.7871696346598226,17.0,17.0,0.4011342849479459,1.401134284947946,58
2019-20,2020-02-26,0021900865,PHI,CLE,0,0,1594.377300888332,1562.2920917419333,-32.085209146398796,1318.2228261606222,0.800304207959569,14.0,-14.0,0.3363755443363322,1.3363755443363323,59
2019-20,2020-02-27,0021900873,PHI,NYK,1,1,1562.2920917419333,1569.246908377063,6.954816635129701,1345.2001035240564,0.8101766081490698,9.0,9.0,0.2212784678984439,1.221278467898444,60
2019-20,2020-03-01,0021900897,PHI,LAC,0,0,1569.246908377063,1555.9640877273189,-13.282820649744297,1615.3317608328643,0.3853829368187041,6.0,-6.0,0.1488850336233179,1.1488850336233178,61
2019-20,2020-03-03,0021900915,PHI,LAL,0,0,1555.9640877273189,1545.592412006521,-10.371675720797535,1699.8767036549525,0.2631027538129109,13.0,-13.0,0.3140209253469976,1.3140209253469977,62
2019-20,2020-03-05,0021900928,PHI,SAC,0,1,1545.592412006521,1568.0759183294022,22.48350632288114,1534.8746832894767,0.4651117892025975,17.0,17.0,0.4011342849479459,1.401134284947946,63
2019-20,2020-03-07,0021900944,PHI,GSW,0,0,1568.0759183294022,1541.9286109174689,-26.147307411933213,1300.1969523740847,0.7925818683377797,4.0,-4.0,0.0996679946249558,1.099667994624956,64
2019-20,2020-03-11,0021900971,PHI,DET,1,1,1541.9286109174689,1548.6946596642922,6.766048746823369,1287.0688167083824,0.8413846852732058,18.0,18.0,0.4218990052500079,1.4218990052500078,65
2019-20,2020-08-01,0021901242,PHI,IND,0,0,1548.6946596642922,1534.2370436252463,-14.45761603904582,1570.145574078192,0.4194680238065202,6.0,-6.0,0.1488850336233179,1.1488850336233178,66
2019-20,2020-08-03,0021901254,PHI,SAS,1,1,1534.2370436252463,1547.2128592555744,12.97581563032801,1507.4069831954923,0.5880530142969225,2.0,2.0,0.0499583749578799,1.04995837495788,67
2019-20,2020-08-05,0021901263,PHI,WAS,0,1,1547.2128592555744,1557.8974729942408,10.684613738666483,1358.036408016601,0.70837626253925,9.0,9.0,0.2212784678984439,1.221278467898444,68
2019-20,2020-08-07,0021901277,PHI,ORL,1,1,1557.8974729942408,1571.3479036099602,13.45043061571938,1509.4352092158492,0.6178535187965871,7.0,7.0,0.1732351578346601,1.17323515783466,69
2019-20,2020-08-09,0021901289,PHI,POR,0,0,1571.3479036099602,1554.0368388299005,-17.311064780059954,1510.6972939858128,0.5368472719444741,3.0,-3.0,0.074859690687499,1.0748596906874992,70
2019-20,2020-08-11,0021901299,PHI,PHX,1,0,1554.0368388299005,1532.9894860246422,-21.04735280525799,1565.4324761570786,0.5339172408207008,13.0,-13.0,0.3140209253469976,1.3140209253469977,71
2019-20,2020-08-12,0021901305,PHI,TOR,1,0,1532.9894860246422,1523.1073442628783,-9.88214176176397,1715.553231485556,0.2995492521399392,4.0,-4.0,0.0996679946249558,1.099667994624956,72
2019-20,2020-08-14,0021901315,PHI,HOU,0,1,1523.1073442628783,1555.2034049641925,32.09606070131394,1569.4318202370127,0.3850562636184109,38.0,38.0,0.7397830512740042,1.7397830512740042,73
2019-20,2019-10-23,0021900012,PHX,SAC,1,1,1500.0,1521.860269168196,21.86026916819607,1500.0,0.550199353253537,29.0,29.0,0.619996867969374,1.619996867969374,1
2019-20,2019-10-25,0021900023,PHX,DEN,0,0,1521.860269168196,1507.9370783284608,-13.923190839735293,1519.7638538036847,0.4527889941571718,1.0,-1.0,0.0249947929684206,1.0249947929684209,2
2019-20,2019-10-26,0021900035,PHX,LAC,1,1,1507.9370783284608,1525.7233782006872,17.78629987222654,1539.5646841229266,0.5048531129769813,8.0,8.0,0.197375320224904,1.197375320224904,3
2019-20,2019-10-28,0021900049,PHX,UTA,1,0,1525.7233782006872,1508.4112981657142,-17.312080034973054,1516.7144783583972,0.5629973327258462,1.0,-1.0,0.0249947929684206,1.0249947929684209,4
2019-20,2019-10-30,0021900065,PHX,GSW,0,1,1508.4112981657142,1527.5466474919651,19.13534932625078,1475.4436514969373,0.497075241806741,11.0,11.0,0.2682711820216014,1.2682711820216013,5
2019-20,2019-11-02,0021900081,PHX,MEM,0,1,1527.5466474919651,1544.0306373154992,16.48398982353417,1457.623941581185,0.5500892368988937,9.0,9.0,0.2212784678984439,1.221278467898444,6
2019-20,2019-11-04,0021900095,PHX,PHI,1,1,1544.0306373154992,1561.3538347914582,17.323197475959,1588.4660319716677,0.4864247127410591,5.0,5.0,0.1243530017715962,1.124353001771596,7
2019-20,2019-11-07,0021900114,PHX,MIA,1,0,1561.3538347914582,1538.1370566230578,-23.21677816840044,1553.8867602386308,0.5608124842157854,16.0,-16.0,0.3799489622552249,1.379948962255225,8
2019-20,2019-11-10,0021900137,PHX,BKN,1,1,1538.1370566230578,1556.619916630034,18.48286000697639,1496.890379535723,0.6079995502487615,26.0,26.0,0.5716699660851172,1.5716699660851172,9
2019-20,2019-11-12,0021900151,PHX,LAL,1,0,1556.619916630034,1538.339311418189,-18.280605211845113,1585.4295653855768,0.5089076889834746,8.0,-8.0,0.197375320224904,1.197375320224904,10
2019-20,2019-11-14,0021900165,PHX,ATL,1,1,1538.339311418189,1552.4637439506996,14.124432532510648,1459.0279489191514,0.6588175138152127,16.0,16.0,0.3799489622552249,1.379948962255225,11
2019-20,2019-11-18,0021900195,PHX,BOS,1,0,1552.4637439506996,1533.886740238244,-18.577003712455603,1612.9640630409704,0.4633678457423251,14.0,-14.0,0.3363755443363322,1.3363755443363323,12
2019-20,2019-11-19,0021900200,PHX,SAC,0,0,1533.886740238244,1517.060884764735,-16.82585547350909,1491.9173966649344,0.5100283466086077,4.0,-4.0,0.0996679946249558,1.099667994624956,13
2019-20,2019-11-21,0021900214,PHX,NOP,1,0,1517.060884764735,1496.661633382586,-20.39925138214894,1457.6517931928995,0.6326174959977403,3.0,-3.0,0.074859690687499,1.0748596906874992,14
2019-20,2019-11-23,0021900225,PHX,MIN,0,1,1496.661633382586,1513.719352633037,17.057719250451125,1490.5907261323273,0.4584636350898066,2.0,2.0,0.0499583749578799,1.04995837495788,15
2019-20,2019-11-24,0021900238,PHX,DEN,0,0,1513.719352633037,1501.5769639474297,-12.142388685607386,1614.930694274121,0.3134378814374196,12.0,-12.0,0.2913126124515909,1.2913126124515908,16
2019-20,2019-11-27,0021900263,PHX,WAS,1,0,1501.5769639474297,1478.979850881382,-22.597113066047868,1444.8115406823415,0.6290735156125603,8.0,-8.0,0.197375320224904,1.197375320224904,17
2019-20,2019-11-29,0021900277,PHX,DAL,1,0,1478.979850881382,1463.9950167418597,-14.984834139522182,1565.9646865503744,0.4257411380675638,7.0,-7.0,0.1732351578346601,1.17323515783466,18
2019-20,2019-12-02,0021900293,PHX,CHA,0,1,1463.9950167418597,1480.1543836097092,16.15936686784946,1414.443955066636,0.520928426025521,5.0,5.0,0.1243530017715962,1.124353001771596,19
2019-20,2019-12-04,0021900308,PHX,ORL,0,0,1480.1543836097092,1462.2546181821626,-17.89976542754648,1482.4901182754286,0.4464754313363269,14.0,-14.0,0.3363755443363322,1.3363755443363323,20
2019-20,2019-12-05,0021900319,PHX,NOP,0,1,1462.2546181821626,1478.4448528713058,16.190234689143047,1399.3920907099396,0.5400116625944514,7.0,7.0,0.1732351578346601,1.17323515783466,21
2019-20,2019-12-07,0021900333,PHX,HOU,0,0,1478.4448528713058,1468.0996353710825,-10.345217500223166,1590.5095279063337,0.3001523853550644,6.0,-6.0,0.1488850336233179,1.1488850336233178,22
2019-20,2019-12-09,0021900349,PHX,MIN,1,1,1468.0996353710825,1485.4392194832365,17.339584112154032,1446.2049093399494,0.5811539753418061,16.0,16.0,0.3799489622552249,1.379948962255225,23
2019-20,2019-12-11,0021900363,PHX,MEM,1,0,1485.4392194832365,1461.4177867784388,-24.02143270479764,1387.5083389842214,0.6824841704974687,7.0,-7.0,0.1732351578346601,1.17323515783466,24
2019-20,2019-12-14,0021900380,PHX,SAS,1,0,1461.4177867784388,1441.7321792032876,-19.685607575151213,1407.7044518173466,0.6249646984320026,2.0,-2.0,0.0499583749578799,1.04995837495788,25
2019-20,2019-12-16,0021900400,PHX,POR,1,0,1441.7321792032876,1424.8588779247302,-16.873301278557296,1442.764662965796,0.548728032386442,1.0,-1.0,0.0249947929684206,1.0249947929684209,26
2019-20,2019-12-17,0021900406,PHX,LAC,0,0,1424.8588779247302,1416.6014055555231,-8.257472369206896,1646.5507628807095,0.1857845610572452,21.0,-21.0,0.4815497983643079,1.481549798364308,27
2019-20,2019-12-20,0021900426,PHX,OKC,0,0,1416.6014055555231,1403.134870238837,-13.466535316686196,1515.9952816349498,0.3156936666379344,18.0,-18.0,0.4218990052500079,1.4218990052500078,28
2019-20,2019-12-21,0021900437,PHX,HOU,1,0,1403.134870238837,1392.2027235492071,-10.932146689629832,1608.5624531614812,0.2726815012431985,14.0,-14.0,0.3363755443363322,1.3363755443363323,29
2019-20,2019-12-23,0021900451,PHX,DEN,1,0,1392.2027235492071,1385.0784232465774,-7.124300302629677,1640.879773208225,0.2261772298962319,2.0,-2.0,0.0499583749578799,1.04995837495788,30
2019-20,2019-12-27,0021900471,PHX,GSW,0,0,1385.0784232465774,1366.5182006656885,-18.560222580889093,1345.506567219741,0.5065790499805017,9.0,-9.0,0.2212784678984439,1.221278467898444,31
2019-20,2019-12-28,0021900483,PHX,SAC,0,1,1366.5182006656885,1386.0789348490575,19.56073418336921,1417.2993830587577,0.3789996933877211,2.0,2.0,0.0499583749578799,1.04995837495788,32
2019-20,2019-12-30,0021900496,PHX,POR,0,1,1386.0789348490575,1407.9643963046422,21.885461455584608,1447.253916631231,0.3650231655015146,6.0,6.0,0.1488850336233179,1.1488850336233178,33
2019-20,2020-01-01,0021900507,PHX,LAL,0,0,1407.9643963046422,1402.371860596317,-5.592535708325199,1674.6458690255529,0.149743001349369,10.0,-10.0,0.2449186624037091,1.2449186624037092,34
2019-20,2020-01-03,0021900521,PHX,NYK,1,1,1402.371860596317,1418.806700919006,16.434840322689066,1407.7852390026326,0.5424759459269604,8.0,8.0,0.197375320224904,1.197375320224904,35
2019-20,2020-01-05,0021900537,PHX,MEM,1,0,1418.806700919006,1401.7055403302386,-17.101160588767424,1463.628485672162,0.4858690796006482,7.0,-7.0,0.1732351578346601,1.17323515783466,36
2019-20,2020-01-07,0021900552,PHX,SAC,1,0,1401.7055403302386,1380.568971854218,-21.136568476020468,1397.9652880059914,0.5555217941725775,11.0,-11.0,0.2682711820216014,1.2682711820216013,37
2019-20,2020-01-10,0021900573,PHX,ORL,1,1,1380.568971854218,1401.7126743405042,21.1437024862861,1516.2077491150058,0.3590883009043348,4.0,4.0,0.0996679946249558,1.099667994624956,38
2019-20,2020-01-12,0021900590,PHX,CHA,1,1,1401.7126743405042,1416.97331024593,15.26063590542574,1384.084355567295,0.5751642321986025,8.0,8.0,0.197375320224904,1.197375320224904,39
2019-20,2020-01-14,0021900598,PHX,ATL,0,0,1416.97331024593,1391.8944223952549,-25.078887850675372,1284.8907377961757,0.6361869223163934,13.0,-13.0,0.3140209253469976,1.3140209253469977,40
2019-20,2020-01-16,0021900614,PHX,NYK,0,1,1391.8944223952549,1415.971803125518,24.07738073026347,1376.6170860902123,0.4716472536699404,23.0,23.0,0.5190218338982221,1.519021833898222,41
2019-20,2020-01-18,0021900628,PHX,BOS,0,1,1415.971803125518,1440.7926247622072,24.82082163668903,1574.0260660813683,0.247626806211505,4.0,4.0,0.0996679946249558,1.099667994624956,42
2019-20,2020-01-20,0021900650,PHX,SAS,1,0,1440.7926247622072,1426.7010857499445,-14.09153901226275,1512.500943619106,0.4473681798045262,2.0,-2.0,0.0499583749578799,1.04995837495788,43
2019-20,2020-01-22,0021900664,PHX,IND,1,0,1426.7010857499445,1412.186989836356,-14.514095913588244,1599.7163734423368,0.311207566915336,25.0,-25.0,0.5545997223493823,1.5545997223493822,44
2019-20,2020-01-24,0021900678,PHX,SAS,0,1,1412.186989836356,1436.0592359011014,23.872246064745234,1544.3883967233944,0.2763801989500503,4.0,4.0,0.0996679946249558,1.099667994624956,45
2019-20,2020-01-26,0021900690,PHX,MEM,0,0,1436.0592359011014,1425.0111725524976,-11.04806334860376,1526.0213459286915,0.3275383955986476,5.0,-5.0,0.1243530017715962,1.124353001771596,46
2019-20,2020-01-28,0021900706,PHX,DAL,0,1,1425.0111725524976,1463.24083690367,38.229664351172566,1616.6558153053763,0.2133798711373951,29.0,29.0,0.619996867969374,1.619996867969374,47
2019-20,2020-01-31,0021900725,PHX,OKC,1,0,1463.24083690367,1452.0987495934558,-11.1420873102143,1615.2185113807843,0.3377409474094446,4.0,-4.0,0.0996679946249558,1.099667994624956,48
2019-20,2020-02-02,0021900739,PHX,MIL,0,0,1452.0987495934558,1446.0246235185837,-6.074126074872042,1737.312668588119,0.1366615346888356,21.0,-21.0,0.4815497983643079,1.481549798364308,49
2019-20,2020-02-03,0021900746,PHX,BKN,0,0,1446.0246235185837,1423.9150320000397,-22.10959151854395,1417.1721508723556,0.491153920124059,22.0,-22.0,0.5005202111902353,1.5005202111902354,50
2019-20,2020-02-05,0021900755,PHX,DET,0,0,1423.9150320000397,1403.8885670419857,-20.026464958053957,1348.7752825682098,0.5575100978444634,8.0,-8.0,0.197375320224904,1.197375320224904,51
2019-20,2020-02-07,0021900774,PHX,HOU,1,1,1403.8885670419857,1441.778635537198,37.89006849521221,1616.8976248656702,0.2641124217981574,36.0,36.0,0.7162978701990245,1.7162978701990244,52
2019-20,2020-02-08,0021900784,PHX,DEN,1,0,1441.778635537198,1431.590422852874,-10.188212684323904,1642.510633451023,0.2780750651093143,9.0,-9.0,0.2212784678984439,1.221278467898444,53
2019-20,2020-02-10,0021900801,PHX,LAL,0,0,1431.590422852874,1422.8243074180857,-8.766115434788633,1650.7942772733006,0.1879608259447621,25.0,-25.0,0.5545997223493823,1.5545997223493822,54
2019-20,2020-02-12,0021900815,PHX,GSW,1,1,1422.8243074180857,1432.3839774879716,9.559670069886064,1291.4737310709604,0.7226392026439444,6.0,6.0,0.1488850336233179,1.1488850336233178,55
2019-20,2020-02-21,0021900829,PHX,TOR,0,0,1432.3839774879716,1425.4906161822848,-6.89336130568679,1680.3355620894422,0.1639947809842482,17.0,-17.0,0.4011342849479459,1.401134284947946,56
2019-20,2020-02-22,0021900839,PHX,CHI,0,1,1425.4906161822848,1440.5618400576566,15.071223875371835,1334.1073031961594,0.5804372107112582,8.0,8.0,0.197375320224904,1.197375320224904,57
2019-20,2020-02-24,0021900855,PHX,UTA,0,1,1440.5618400576566,1473.0541734590693,32.49233340141261,1587.9519665874457,0.2592400857419922,20.0,20.0,0.4621171572600097,1.4621171572600098,58
2019-20,2020-02-26,0021900871,PHX,LAC,1,0,1473.0541734590693,1457.960709612585,-15.0934638464841,1575.5025890035297,0.404135207177348,10.0,-10.0,0.2449186624037091,1.2449186624037092,59
2019-20,2020-02-28,0021900884,PHX,DET,1,0,1457.960709612585,1434.182502385943,-23.778207226642152,1297.548228025404,0.7548936476520172,2.0,-2.0,0.0499583749578799,1.04995837495788,60
2019-20,2020-02-29,0021900894,PHX,GSW,1,0,1434.182502385943,1401.9931433299694,-32.189359055973675,1251.784631343159,0.7775495069365271,16.0,-16.0,0.3799489622552249,1.379948962255225,61
2019-20,2020-03-03,0021900914,PHX,TOR,1,0,1401.9931433299694,1393.0534038170078,-8.939739512961527,1633.446416078158,0.2439994849098553,9.0,-9.0,0.2212784678984439,1.221278467898444,62
2019-20,2020-03-06,0021900938,PHX,POR,1,1,1393.0534038170078,1414.9631973722678,21.909793555260055,1488.8749329230334,0.413354081758341,10.0,10.0,0.2449186624037091,1.2449186624037092,63
2019-20,2020-03-08,0021900950,PHX,MIL,1,1,1414.9631973722678,1446.2178888007386,31.254691428470736,1755.49814957616,0.1469406241080763,9.0,9.0,0.2212784678984439,1.221278467898444,64
2019-20,2020-03-10,0021900966,PHX,POR,0,0,1446.2178888007386,1427.7122783875948,-18.505610413143867,1448.1765320238346,0.4470119528406444,16.0,-16.0,0.3799489622552249,1.379948962255225,65
2019-20,2020-07-31,0021901235,PHX,WAS,0,1,1427.7122783875948,1447.818633213092,20.106354825497135,1399.6942696794197,0.4899534591965602,13.0,13.0,0.3140209253469976,1.3140209253469977,66
2019-20,2020-08-02,0021901249,PHX,DAL,1,1,1447.818633213092,1465.966543679169,18.147910466076993,1536.1458377266315,0.4238530180841688,2.0,2.0,0.0499583749578799,1.04995837495788,67
2019-20,2020-08-04,0021901258,PHX,LAC,0,1,1465.966543679169,1490.9543927394848,24.98784906031565,1664.6016248041244,0.2067035018946009,2.0,2.0,0.0499583749578799,1.04995837495788,68
2019-20,2020-08-06,0021901270,PHX,IND,1,1,1490.9543927394848,1516.077717832787,25.123325093302167,1608.430583509302,0.3834876073163809,15.0,15.0,0.3583573983507859,1.358357398350786,69
2019-20,2020-08-08,0021901283,PHX,MIA,0,1,1516.077717832787,1537.0052935386504,20.92757570586354,1547.6020394806935,0.405416849125462,7.0,7.0,0.1732351578346601,1.17323515783466,70
2019-20,2020-08-10,0021901292,PHX,OKC,1,1,1537.0052935386504,1565.4324761570786,28.427182618428105,1639.992089566234,0.4033891191690373,27.0,27.0,0.5882592563981054,1.5882592563981053,71
2019-20,2020-08-11,0021901299,PHX,PHI,0,1,1565.4324761570786,1586.4798289623366,21.04735280525799,1554.0368388299005,0.4660827591792992,13.0,13.0,0.3140209253469976,1.3140209253469977,72
2019-20,2020-08-13,0021901313,PHX,DAL,1,1,1586.4798289623366,1604.692901362508,18.213072400171313,1541.0515532618165,0.6137214386991952,26.0,26.0,0.5716699660851172,1.5716699660851172,73
2019-20,2019-10-23,0021900013,POR,DEN,1,0,1500.0,1480.2361461963153,-19.76385380368467,1500.0,0.550199353253537,8.0,-8.0,0.197375320224904,1.197375320224904,1
2019-20,2019-10-25,0021900024,POR,SAC,0,1,1480.2361461963153,1500.6731419997086,20.43699580339326,1478.139730831804,0.4527889941571718,10.0,10.0,0.2449186624037091,1.2449186624037092,2
2019-20,2019-10-27,0021900038,POR,DAL,0,1,1500.6731419997086,1519.475762612665,18.80262061295645,1533.8919423261082,0.4030677449884388,2.0,2.0,0.0499583749578799,1.04995837495788,3
2019-20,2019-10-28,0021900048,POR,SAS,0,0,1519.475762612665,1505.4600121048547,-14.01575050781017,1530.144270037462,0.4346536460910989,3.0,-3.0,0.074859690687499,1.0748596906874992,4
2019-20,2019-10-30,0021900062,POR,OKC,0,1,1505.4600121048547,1521.6372000467802,16.17718794192541,1471.629978525958,0.4983162893388687,3.0,3.0,0.074859690687499,1.0748596906874992,5
2019-20,2019-11-02,0021900084,POR,PHI,1,0,1521.6372000467802,1507.023467944239,-14.613732102541206,1573.8522998691262,0.4752457346708181,1.0,-1.0,0.0249947929684206,1.0249947929684209,6
2019-20,2019-11-04,0021900096,POR,GSW,0,0,1507.023467944239,1485.994739530927,-21.02872841331195,1420.2552579794888,0.573953960707472,9.0,-9.0,0.2212784678984439,1.221278467898444,7
2019-20,2019-11-07,0021900115,POR,LAC,0,0,1485.994739530927,1472.8570742733257,-13.13766525760172,1535.1747298929529,0.3811714509608376,6.0,-6.0,0.1488850336233179,1.1488850336233178,8
2019-20,2019-11-08,0021900125,POR,BKN,1,0,1472.8570742733257,1454.9965724240906,-17.860501849234968,1479.029877686488,0.5413907329768299,4.0,-4.0,0.0996679946249558,1.099667994624956,9
2019-20,2019-11-10,0021900138,POR,ATL,1,1,1454.9965724240906,1471.9367781738931,16.940205749802864,1451.7857890254015,0.5547690959173657,11.0,11.0,0.2682711820216014,1.2682711820216013,10
2019-20,2019-11-12,0021900153,POR,SAC,0,0,1471.9367781738931,1455.3318577570008,-16.604920416892543,1463.211987939808,0.4622588572527013,8.0,-8.0,0.197375320224904,1.197375320224904,11
2019-20,2019-11-13,0021900160,POR,TOR,1,0,1455.3318577570008,1441.2839104762645,-14.047947280736498,1567.2525319527904,0.391076132477767,8.0,-8.0,0.197375320224904,1.197375320224904,12
2019-20,2019-11-16,0021900181,POR,SAS,0,1,1441.2839104762645,1460.3271702242223,19.043259747957983,1451.403282194772,0.4354305774683362,5.0,5.0,0.1243530017715962,1.124353001771596,13
2019-20,2019-11-18,0021900193,POR,HOU,0,0,1460.3271702242223,1448.3154884153707,-12.011681808851613,1606.5864017790911,0.2604921807501468,24.0,-24.0,0.5370495669980352,1.5370495669980353,14
2019-20,2019-11-19,0021900199,POR,NOP,0,0,1448.3154884153707,1430.7546326931113,-17.560855722259404,1440.09093747064,0.4615431350222675,11.0,-11.0,0.2682711820216014,1.2682711820216013,15
2019-20,2019-11-21,0021900213,POR,MIL,0,0,1430.7546326931113,1423.685385200269,-7.069247492842289,1640.0758004443446,0.196798429961361,8.0,-8.0,0.197375320224904,1.197375320224904,16
2019-20,2019-11-23,0021900231,POR,CLE,0,0,1423.685385200269,1406.652150923258,-17.033234277011044,1392.7185455112217,0.4941960764426869,6.0,-6.0,0.1488850336233179,1.1488850336233178,17
2019-20,2019-11-25,0021900247,POR,CHI,0,1,1406.652150923258,1434.0515567986986,27.399405875440696,1442.9946960507589,0.3987489127542385,23.0,23.0,0.5190218338982221,1.519021833898222,18
2019-20,2019-11-27,0021900265,POR,OKC,1,1,1434.0515567986986,1454.564354245916,20.51279744721717,1460.7146690077266,0.5119954437967081,17.0,17.0,0.4011342849479459,1.401134284947946,19
2019-20,2019-11-29,0021900278,POR,CHI,1,1,1454.564354245916,1466.6275041088566,12.063149862940714,1393.8667671234075,0.6343396394213547,4.0,4.0,0.0996679946249558,1.099667994624956,20
2019-20,2019-12-03,0021900305,POR,LAC,0,0,1466.6275041088566,1455.4287415623796,-11.198762546477033,1617.5912366573916,0.2553092842314447,20.0,-20.0,0.4621171572600097,1.4621171572600098,21
2019-20,2019-12-04,0021900315,POR,SAC,1,1,1455.4287415623796,1473.8614847513193,18.43274318893975,1479.62593146389,0.5155414853901542,11.0,11.0,0.2682711820216014,1.2682711820216013,22
2019-20,2019-12-06,0021900329,POR,LAL,1,0,1473.8614847513193,1461.9354497611828,-11.926034990136424,1689.0293042160893,0.2617042696819128,23.0,-23.0,0.5190218338982221,1.519021833898222,23
2019-20,2019-12-08,0021900341,POR,OKC,1,0,1461.9354497611828,1441.4325946060624,-20.502855155120365,1476.5865298954334,0.529251010623347,12.0,-12.0,0.2913126124515909,1.2913126124515908,24
2019-20,2019-12-10,0021900355,POR,NYK,1,1,1441.4325946060624,1455.306186990864,13.87359238480156,1319.4061997920892,0.7117536975690497,28.0,28.0,0.6043677771171634,1.6043677771171634,25
2019-20,2019-12-12,0021900370,POR,DEN,0,0,1455.306186990864,1442.764662965796,-12.541524025068211,1561.122356413474,0.3077620082484716,15.0,-15.0,0.3583573983507859,1.358357398350786,26
2019-20,2019-12-16,0021900400,POR,PHX,0,1,1442.764662965796,1459.6379642443533,16.873301278557296,1441.7321792032876,0.451271967613558,1.0,1.0,0.0249947929684206,1.0249947929684209,27
2019-20,2019-12-18,0021900415,POR,GSW,1,1,1459.6379642443533,1468.1614099784786,8.523445734125326,1282.981656905286,0.7717803850288468,10.0,10.0,0.2449186624037091,1.2449186624037092,28
2019-20,2019-12-20,0021900428,POR,ORL,1,1,1468.1614099784786,1486.289438526677,18.128028548198444,1464.683916678016,0.5551482849749726,15.0,15.0,0.3583573983507859,1.358357398350786,29
2019-20,2019-12-21,0021900438,POR,MIN,1,1,1486.289438526677,1496.8252196272588,10.535781100581788,1373.5499332404254,0.7006629906992451,7.0,7.0,0.1732351578346601,1.17323515783466,30
2019-20,2019-12-23,0021900452,POR,NOP,1,0,1496.8252196272588,1469.594982549797,-27.230237077462053,1333.4330009168343,0.7580535141464632,8.0,-8.0,0.197375320224904,1.197375320224904,31
2019-20,2019-12-26,0021900465,POR,UTA,0,0,1469.594982549797,1457.6975343378256,-11.897448211971154,1545.819171189845,0.3451882437836086,6.0,-6.0,0.1488850336233179,1.1488850336233178,32
2019-20,2019-12-28,0021900484,POR,LAL,1,0,1457.6975343378256,1447.253916631231,-10.443617706594445,1647.620839625557,0.2907364001409575,8.0,-8.0,0.197375320224904,1.197375320224904,33
2019-20,2019-12-30,0021900496,POR,PHX,1,0,1447.253916631231,1425.3684551756464,-21.885461455584608,1386.0789348490575,0.6349768344984854,6.0,-6.0,0.1488850336233179,1.1488850336233178,34
2019-20,2020-01-01,0021900505,POR,NYK,0,0,1425.3684551756464,1401.9119580909562,-23.456497084690294,1384.3287419179424,0.5086909706389076,24.0,-24.0,0.5370495669980352,1.5370495669980353,35
2019-20,2020-01-03,0021900519,POR,WAS,0,1,1401.9119580909562,1424.0476287792635,22.13567068830731,1374.9790391911235,0.4883926229140818,19.0,19.0,0.4422303560457261,1.442230356045726,36
2019-20,2020-01-05,0021900535,POR,MIA,0,0,1424.0476287792635,1416.068631938995,-7.978996840268525,1619.5167064247114,0.2097079592381325,11.0,-11.0,0.2682711820216014,1.2682711820216013,37
2019-20,2020-01-07,0021900549,POR,TOR,0,1,1416.068631938995,1440.9389813678777,24.870349428882697,1610.7778556508854,0.2104337968039165,2.0,2.0,0.0499583749578799,1.04995837495788,38
2019-20,2020-01-09,0021900565,POR,MIN,0,0,1440.9389813678777,1420.063712847456,-20.87526852042151,1391.5513293662957,0.5206936680060379,14.0,-14.0,0.3363755443363322,1.3363755443363323,39
2019-20,2020-01-11,0021900583,POR,MIL,1,0,1420.063712847456,1412.3934430016168,-7.670269845839379,1727.3663105310711,0.172573113512793,21.0,-21.0,0.4815497983643079,1.481549798364308,40
2019-20,2020-01-13,0021900595,POR,CHA,1,1,1412.3934430016168,1424.931184827674,12.537741826057388,1368.8237196618693,0.6111820629649491,3.0,3.0,0.074859690687499,1.0748596906874992,41
2019-20,2020-01-15,0021900611,POR,HOU,0,1,1424.931184827674,1453.4511582380485,28.51997341037438,1593.6540393596622,0.236363138367408,10.0,10.0,0.2449186624037091,1.2449186624037092,42
2019-20,2020-01-17,0021900625,POR,DAL,0,0,1453.4511582380485,1444.1833245503794,-9.26783368766914,1601.961081281886,0.2580041398639694,8.0,-8.0,0.197375320224904,1.197375320224904,43
2019-20,2020-01-18,0021900635,POR,OKC,0,0,1444.1833245503794,1432.9333159443331,-11.250008606046144,1568.6407396128232,0.2853838014559603,13.0,-13.0,0.3140209253469976,1.3140209253469977,44
2019-20,2020-01-20,0021900652,POR,GSW,1,1,1432.9333159443331,1442.2022118258935,9.26889588156014,1299.3499045603078,0.725208012461225,5.0,5.0,0.1243530017715962,1.124353001771596,45
2019-20,2020-01-23,0021900668,POR,DAL,1,0,1442.2022118258935,1430.0786789542883,-12.12353287160528,1594.364723407336,0.3375029997369053,8.0,-8.0,0.197375320224904,1.197375320224904,46
2019-20,2020-01-26,0021900692,POR,IND,1,1,1430.0786789542883,1456.5726792381606,26.494000283872293,1620.1088156229976,0.2906096040920659,10.0,10.0,0.2449186624037091,1.2449186624037092,47
2019-20,2020-01-29,0021900712,POR,HOU,1,1,1456.5726792381606,1481.1565549435506,24.58387570539003,1579.2972842256747,0.3763702634365559,13.0,13.0,0.3140209253469976,1.3140209253469977,48
2019-20,2020-01-31,0021900726,POR,LAL,0,1,1481.1565549435506,1509.515347969971,28.358793026419946,1675.766264752054,0.2105289921099179,8.0,8.0,0.197375320224904,1.197375320224904,49
2019-20,2020-02-01,0021900735,POR,UTA,1,1,1509.515347969971,1534.916054271558,25.400706301587437,1618.0620645726274,0.3957108757178328,17.0,17.0,0.4011342849479459,1.401134284947946,50
2019-20,2020-02-04,0021900753,POR,DEN,0,0,1534.916054271558,1518.206194962593,-16.709859308965072,1609.615900054596,0.3471743313741208,28.0,-28.0,0.6043677771171634,1.6043677771171634,51
2019-20,2020-02-06,0021900767,POR,SAS,1,1,1518.206194962593,1533.5007504031846,15.294555440591582,1501.2490022501288,0.5742199575396072,8.0,8.0,0.197375320224904,1.197375320224904,52
2019-20,2020-02-07,0021900776,POR,UTA,0,0,1533.5007504031846,1520.9367972420666,-12.563953161118022,1576.476484183578,0.3896307977053853,3.0,-3.0,0.074859690687499,1.0748596906874992,53
2019-20,2020-02-09,0021900792,POR,MIA,1,1,1520.9367972420666,1539.3438312645571,18.407034022490524,1579.6373316234267,0.4659449964156699,6.0,6.0,0.1488850336233179,1.1488850336233178,54
2019-20,2020-02-11,0021900804,POR,NOP,0,0,1539.3438312645571,1520.2905085708023,-19.05332269375487,1554.2423187734914,0.4286799925049324,21.0,-21.0,0.4815497983643079,1.481549798364308,55
2019-20,2020-02-12,0021900812,POR,MEM,0,0,1520.2905085708023,1506.8932795395604,-13.397229031241894,1569.8657243395378,0.3806349460798639,7.0,-7.0,0.1732351578346601,1.17323515783466,56
2019-20,2020-02-21,0021900834,POR,NOP,1,0,1506.8932795395604,1487.9612493264672,-18.932030213093096,1555.6192967047837,0.4802569438558384,13.0,-13.0,0.3140209253469976,1.3140209253469977,57
2019-20,2020-02-23,0021900848,POR,DET,1,1,1487.9612493264672,1495.2632614044896,7.302012078022363,1309.5533705840403,0.7735514647078613,3.0,3.0,0.074859690687499,1.0748596906874992,58
2019-20,2020-02-25,0021900862,POR,BOS,1,0,1495.2632614044896,1482.4438937622435,-12.819367642246014,1652.570691126734,0.3309130961946312,12.0,-12.0,0.2913126124515909,1.2913126124515908,59
2019-20,2020-02-27,0021900874,POR,IND,0,0,1482.4438937622435,1469.291867712628,-13.152026049615705,1531.31709276319,0.381588109767527,6.0,-6.0,0.1488850336233179,1.1488850336233178,60
2019-20,2020-02-29,0021900888,POR,ATL,0,0,1469.291867712628,1447.6779054279098,-21.61396228471809,1393.8545648516354,0.5579326048111469,12.0,-12.0,0.2913126124515909,1.2913126124515908,61
2019-20,2020-03-02,0021900904,POR,ORL,0,1,1447.6779054279098,1473.5664955882123,25.88859016030254,1460.293002116719,0.4319021714593485,23.0,23.0,0.5190218338982221,1.519021833898222,62
2019-20,2020-03-04,0021900925,POR,WAS,1,1,1473.5664955882123,1488.8749329230334,15.30843733482107,1396.7546067630517,0.6555760426970412,21.0,21.0,0.4815497983643079,1.481549798364308,63
2019-20,2020-03-06,0021900938,POR,PHX,0,0,1488.8749329230334,1466.9651393677734,-21.909793555260055,1393.0534038170078,0.586645918241659,10.0,-10.0,0.2449186624037091,1.2449186624037092,64
2019-20,2020-03-07,0021900945,POR,SAC,1,0,1466.9651393677734,1448.1765320238346,-18.78860734393874,1512.3911769665956,0.4850002280049,12.0,-12.0,0.2913126124515909,1.2913126124515908,65
2019-20,2020-03-10,0021900966,POR,PHX,1,1,1448.1765320238346,1466.6821424369784,18.505610413143867,1446.2178888007386,0.5529880471593556,16.0,16.0,0.3799489622552249,1.379948962255225,66
2019-20,2020-07-31,0021901234,POR,MEM,1,1,1466.6821424369784,1485.1451268908145,18.462984453835748,1534.6945310388194,0.4526338132613633,5.0,5.0,0.1243530017715962,1.124353001771596,67
2019-20,2020-08-02,0021901245,POR,BOS,0,0,1485.1451268908145,1475.54181198338,-9.603314907434248,1604.7644218275238,0.2910974025607149,4.0,-4.0,0.0996679946249558,1.099667994624956,68
2019-20,2020-08-04,0021901261,POR,HOU,1,1,1475.54181198338,1497.712177309358,22.170365325977983,1593.5185745342992,0.3828065728014251,8.0,8.0,0.197375320224904,1.197375320224904,69
2019-20,2020-08-06,0021901272,POR,DEN,0,1,1497.712177309358,1522.9277079905034,25.215530681145292,1589.806043737077,0.3248412809969251,10.0,10.0,0.2449186624037091,1.2449186624037092,70
2019-20,2020-08-08,0021901280,POR,LAC,1,0,1522.9277079905034,1510.6972939858128,-12.230414004690603,1655.928051069528,0.362591166813852,5.0,-5.0,0.1243530017715962,1.124353001771596,71
2019-20,2020-08-09,0021901289,POR,PHI,1,1,1510.6972939858128,1528.0083587658728,17.311064780059954,1571.3479036099602,0.4631527280555259,3.0,3.0,0.074859690687499,1.0748596906874992,72
2019-20,2020-08-11,0021901300,POR,DAL,0,1,1528.0083587658728,1547.213547848243,19.205189082370183,1560.2567423441867,0.4044125247613728,3.0,3.0,0.074859690687499,1.0748596906874992,73
2019-20,2020-08-13,0021901309,POR,BKN,0,1,1547.213547848243,1564.5176342377774,17.30408638953446,1556.0389092750263,0.4372626245439672,1.0,1.0,0.0249947929684206,1.0249947929684209,74
2019-20,2019-10-23,0021900012,SAC,PHX,0,0,1500.0,1478.139730831804,-21.86026916819607,1500.0,0.449800646746463,29.0,-29.0,0.619996867969374,1.619996867969374,1
2019-20,2019-10-25,0021900024,SAC,POR,1,0,1478.139730831804,1457.7027350284106,-20.43699580339326,1480.2361461963153,0.5472110058428282,10.0,-10.0,0.2449186624037091,1.2449186624037092,2
2019-20,2019-10-26,0021900034,SAC,UTA,0,0,1457.7027350284106,1438.000826509831,-19.701908518579568,1497.0125698398176,0.3946609207721671,32.0,-32.0,0.664036770267849,1.664036770267849,3
2019-20,2019-10-28,0021900050,SAC,DEN,1,0,1438.000826509831,1423.445331785516,-14.555494724315192,1533.68704464342,0.413542974941728,7.0,-7.0,0.1732351578346601,1.17323515783466,4
2019-20,2019-10-30,0021900064,SAC,CHA,1,0,1423.445331785516,1405.678565185376,-17.76676660014008,1455.1237994870917,0.504779923601184,7.0,-7.0,0.1732351578346601,1.17323515783466,5
2019-20,2019-11-01,0021900075,SAC,UTA,1,1,1405.678565185376,1425.8274505432078,20.148885357831812,1552.2409229053478,0.3447483669817828,1.0,1.0,0.0249947929684206,1.0249947929684209,6
2019-20,2019-11-03,0021900087,SAC,NYK,0,1,1425.8274505432078,1450.9728126577663,25.145362114558512,1436.7774973524904,0.4342554411081326,21.0,21.0,0.4815497983643079,1.481549798364308,7
2019-20,2019-11-06,0021900106,SAC,TOR,0,0,1450.9728126577663,1439.9908698977206,-10.98194276004574,1536.7341395872347,0.3328866171039546,4.0,-4.0,0.0996679946249558,1.099667994624956,8
2019-20,2019-11-08,0021900119,SAC,ATL,0,1,1439.9908698977206,1463.211987939808,23.221118042087408,1475.006907067489,0.4005810362217014,12.0,12.0,0.2913126124515909,1.2913126124515908,9
2019-20,2019-11-12,0021900153,SAC,POR,1,1,1463.211987939808,1479.8169083567009,16.604920416892543,1471.9367781738931,0.5377411427472987,8.0,8.0,0.197375320224904,1.197375320224904,10
2019-20,2019-11-15,0021900174,SAC,LAL,0,0,1479.8169083567009,1471.136396424837,-8.680511931864038,1612.7116252773255,0.2755827322587039,2.0,-2.0,0.0499583749578799,1.04995837495788,11
2019-20,2019-11-17,0021900184,SAC,BOS,1,1,1471.136396424837,1491.9173966649344,20.78100024009759,1633.745063281068,0.3241916810160863,1.0,1.0,0.0249947929684206,1.0249947929684209,12
2019-20,2019-11-19,0021900200,SAC,PHX,1,1,1491.9173966649344,1508.7432521384435,16.82585547350909,1533.886740238244,0.4899716533913923,4.0,4.0,0.0996679946249558,1.099667994624956,13
2019-20,2019-11-22,0021900217,SAC,BKN,0,0,1508.7432521384435,1486.6692306213108,-22.07402151713268,1466.6667342516798,0.5101825198404208,19.0,-19.0,0.4422303560457261,1.442230356045726,14
2019-20,2019-11-24,0021900237,SAC,WAS,0,1,1486.6692306213108,1505.327077197618,18.657846576306955,1472.6079523734538,0.4699031860261742,7.0,7.0,0.1732351578346601,1.17323515783466,15
2019-20,2019-11-25,0021900244,SAC,BOS,0,0,1505.327077197618,1495.3657880498108,-9.96128914780715,1598.13057668772,0.3239460081860159,1.0,-1.0,0.0249947929684206,1.0249947929684209,16
2019-20,2019-11-27,0021900257,SAC,PHI,0,0,1495.3657880498108,1483.3213579391754,-12.044430110635409,1568.3219616487513,0.349452723238694,6.0,-6.0,0.1488850336233179,1.1488850336233178,17
2019-20,2019-11-30,0021900280,SAC,DEN,1,1,1483.3213579391754,1504.7142827132825,21.392924774107033,1636.2116480745335,0.3365669038959636,3.0,3.0,0.074859690687499,1.0748596906874992,18
2019-20,2019-12-02,0021900298,SAC,CHI,1,0,1504.7142827132825,1479.62593146389,-25.088351249392645,1381.8036172604668,0.7127968927586542,7.0,-7.0,0.1732351578346601,1.17323515783466,19
2019-20,2019-12-04,0021900315,SAC,POR,0,0,1479.62593146389,1461.1931882749502,-18.43274318893975,1455.4287415623796,0.4844585146098458,11.0,-11.0,0.2682711820216014,1.2682711820216013,20
2019-20,2019-12-06,0021900328,SAC,SAS,0,0,1461.1931882749502,1445.4278387138058,-15.765349561144356,1417.368581907249,0.5126968991874048,1.0,-1.0,0.0249947929684206,1.0249947929684209,21
2019-20,2019-12-08,0021900340,SAC,DAL,0,1,1445.4278387138058,1471.45373927092,26.025900557114092,1639.443165793323,0.2110982380037871,4.0,4.0,0.0996679946249558,1.099667994624956,22
2019-20,2019-12-09,0021900346,SAC,HOU,0,1,1471.45373927092,1493.605441522438,22.151702251518145,1600.8547454065567,0.2796157794009846,1.0,1.0,0.0249947929684206,1.0249947929684209,23
2019-20,2019-12-11,0021900365,SAC,OKC,1,1,1493.605441522438,1508.617927471092,15.01248594865384,1520.4137590750363,0.5117865947013852,1.0,1.0,0.0249947929684206,1.0249947929684209,24
2019-20,2019-12-13,0021900378,SAC,NYK,1,0,1508.617927471092,1484.0429107009622,-24.57501677012956,1323.5565601510598,0.7801901915434,2.0,-2.0,0.0499583749578799,1.04995837495788,25
2019-20,2019-12-15,0021900393,SAC,GSW,0,1,1484.0429107009622,1497.064742073253,13.02183137229066,1296.0034882775767,0.7070223044664152,21.0,21.0,0.4815497983643079,1.481549798364308,26
2019-20,2019-12-17,0021900401,SAC,CHA,0,0,1497.064742073253,1477.2764414203475,-19.78830065290543,1426.586953543297,0.5508799209588011,8.0,-8.0,0.197375320224904,1.197375320224904,27
2019-20,2019-12-20,0021900421,SAC,IND,0,0,1477.2764414203475,1466.916224120473,-10.360217299874172,1625.4129888310722,0.2584158159179534,14.0,-14.0,0.3363755443363322,1.3363755443363323,28
2019-20,2019-12-21,0021900435,SAC,MEM,0,0,1466.916224120473,1449.7356041467262,-17.18061997374708,1417.4670649145717,0.520782031719994,4.0,-4.0,0.0996679946249558,1.099667994624956,29
2019-20,2019-12-23,0021900453,SAC,HOU,1,0,1449.7356041467262,1438.1857371567387,-11.54986698998758,1619.4945998511112,0.3152397888381783,9.0,-9.0,0.2212784678984439,1.221278467898444,30
2019-20,2019-12-26,0021900464,SAC,MIN,1,0,1438.1857371567387,1417.2993830587577,-20.88635409798118,1342.85292053281,0.6792344781086992,1.0,-1.0,0.0249947929684206,1.0249947929684209,31
2019-20,2019-12-28,0021900483,SAC,PHX,1,0,1417.2993830587577,1397.7386488753882,-19.56073418336921,1366.5182006656885,0.6210003066122789,2.0,-2.0,0.0499583749578799,1.04995837495788,32
2019-20,2019-12-29,0021900489,SAC,DEN,0,0,1397.7386488753882,1391.5707271708495,-6.1679217045385775,1622.8116117840518,0.1828583992992722,5.0,-5.0,0.1243530017715962,1.124353001771596,33
2019-20,2019-12-31,0021900499,SAC,LAC,1,0,1391.5707271708495,1381.007797447355,-10.562929723494651,1619.6267291892214,0.2476249411173289,18.0,-18.0,0.4218990052500079,1.4218990052500078,34
2019-20,2020-01-02,0021900515,SAC,MEM,1,1,1381.007797447355,1399.2232485035097,18.215451056154706,1443.8815011033164,0.4599723566218861,5.0,5.0,0.1243530017715962,1.124353001771596,35
2019-20,2020-01-04,0021900533,SAC,NOP,1,0,1399.2232485035097,1384.1764654812591,-15.04678302225049,1449.732929979346,0.4776945886975156,2.0,-2.0,0.0499583749578799,1.04995837495788,36
2019-20,2020-01-06,0021900547,SAC,GSW,1,1,1384.1764654812591,1397.9652880059914,13.788822524732309,1311.475660456611,0.650213015162067,13.0,13.0,0.3140209253469976,1.3140209253469977,37
2019-20,2020-01-07,0021900552,SAC,PHX,0,1,1397.9652880059914,1419.101856482012,21.136568476020468,1401.7055403302386,0.4444782058274225,11.0,11.0,0.2682711820216014,1.2682711820216013,38
2019-20,2020-01-10,0021900575,SAC,MIL,1,0,1419.101856482012,1411.1737305387617,-7.928125943250258,1719.438184587821,0.1783746081750168,21.0,-21.0,0.4815497983643079,1.481549798364308,39
2019-20,2020-01-13,0021900596,SAC,ORL,1,0,1411.1737305387617,1397.6260567521203,-13.547673786641267,1495.0640466287196,0.4301019326023201,2.0,-2.0,0.0499583749578799,1.04995837495788,40
2019-20,2020-01-15,0021900612,SAC,DAL,1,0,1397.6260567521203,1388.2298678034344,-9.396188948685802,1592.5648923332,0.284818963378439,4.0,-4.0,0.0996679946249558,1.099667994624956,41
2019-20,2020-01-18,0021900636,SAC,UTA,0,0,1388.2298678034344,1381.0186245156538,-7.211243287780605,1641.0425787887978,0.1601942942632439,22.0,-22.0,0.5005202111902353,1.5005202111902354,42
2019-20,2020-01-20,0021900644,SAC,MIA,0,0,1381.0186245156538,1374.8177701460938,-6.200854369559969,1604.9588284651152,0.1838347434714169,5.0,-5.0,0.1243530017715962,1.124353001771596,43
2019-20,2020-01-22,0021900654,SAC,DET,0,0,1374.8177701460938,1356.1038421244048,-18.71392802168911,1395.145025910252,0.4210439645104529,21.0,-21.0,0.4815497983643079,1.481549798364308,44
2019-20,2020-01-24,0021900674,SAC,CHI,0,1,1356.1038421244048,1382.907243229638,26.803401105233256,1419.2926863397363,0.3623404172563175,17.0,17.0,0.4011342849479459,1.401134284947946,45
2019-20,2020-01-27,0021900696,SAC,MIN,0,1,1382.907243229638,1398.431544206779,15.524300977141255,1327.437279827647,0.529424606547244,4.0,4.0,0.0996679946249558,1.099667994624956,46
2019-20,2020-01-29,0021900713,SAC,OKC,1,0,1398.431544206779,1386.4390442954234,-11.992499911355862,1603.2260114694284,0.2734049012832338,20.0,-20.0,0.4621171572600097,1.4621171572600098,47
2019-20,2020-01-30,0021900719,SAC,LAC,0,1,1386.4390442954234,1424.0888405882654,37.64979629284196,1648.8249160595292,0.1529186456324566,21.0,21.0,0.4815497983643079,1.481549798364308,48
2019-20,2020-02-01,0021900736,SAC,LAL,1,0,1424.0888405882654,1413.6257703846643,-10.46307020360079,1647.407471725634,0.2527405116611749,16.0,-16.0,0.3799489622552249,1.379948962255225,49
2019-20,2020-02-03,0021900749,SAC,MIN,1,1,1413.6257703846643,1423.7452239846946,10.11945360003,1306.9776769609043,0.6932573088879957,4.0,4.0,0.0996679946249558,1.099667994624956,50
2019-20,2020-02-07,0021900775,SAC,MIA,1,1,1423.7452239846946,1448.837656586935,25.092432602240393,1604.7297642256672,0.3014601136779942,8.0,8.0,0.197375320224904,1.197375320224904,51
2019-20,2020-02-08,0021900785,SAC,SAS,1,1,1448.837656586935,1470.9030339809003,22.065377393965324,1485.954446809537,0.4969537316850955,20.0,20.0,0.4621171572600097,1.4621171572600098,52
2019-20,2020-02-10,0021900797,SAC,MIL,0,0,1470.9030339809003,1465.9004827108042,-5.002551270095996,1767.4681088303803,0.1291334936213605,12.0,-12.0,0.2913126124515909,1.2913126124515908,53
2019-20,2020-02-12,0021900814,SAC,DAL,0,0,1465.9004827108042,1450.817841589546,-15.08264112125846,1539.5122372609155,0.3485952864148484,19.0,-19.0,0.4422303560457261,1.442230356045726,54
2019-20,2020-02-20,0021900824,SAC,MEM,1,1,1450.817841589546,1471.8216041385049,21.003762548958875,1583.2629533707798,0.3633301853643486,4.0,4.0,0.0996679946249558,1.099667994624956,55
2019-20,2020-02-22,0021900835,SAC,LAC,0,1,1471.8216041385049,1497.2795123896085,25.457908251103525,1579.767042910058,0.3051568794431439,9.0,9.0,0.2212784678984439,1.221278467898444,56
2019-20,2020-02-25,0021900863,SAC,GSW,0,1,1497.2795123896085,1507.7036644868958,10.424152097287651,1266.176497462251,0.7556283988572309,18.0,18.0,0.4218990052500079,1.4218990052500078,57
2019-20,2020-02-27,0021900875,SAC,OKC,0,0,1507.7036644868958,1498.8970184935686,-8.806645993327182,1648.1863483619452,0.2669486316589189,4.0,-4.0,0.0996679946249558,1.099667994624956,58
2019-20,2020-02-28,0021900881,SAC,MEM,0,1,1498.8970184935686,1517.327386645596,18.430368152027317,1513.9649534384173,0.4284411161845404,3.0,3.0,0.074859690687499,1.0748596906874992,59
2019-20,2020-03-01,0021900899,SAC,DET,1,1,1517.327386645596,1524.5378232786445,7.210436633048381,1321.326435252046,0.7907990088353073,6.0,6.0,0.1488850336233179,1.1488850336233178,60
2019-20,2020-03-03,0021900916,SAC,WAS,1,1,1524.5378232786445,1534.8746832894767,10.336860010832336,1407.091466773884,0.7063146309074078,7.0,7.0,0.1732351578346601,1.17323515783466,61
2019-20,2020-03-05,0021900928,SAC,PHI,1,0,1534.8746832894767,1512.3911769665956,-22.48350632288114,1545.592412006521,0.5348882107974025,17.0,-17.0,0.4011342849479459,1.401134284947946,62
2019-20,2020-03-07,0021900945,SAC,POR,0,1,1512.3911769665956,1531.1797843105344,18.78860734393874,1466.9651393677734,0.5149997719950999,12.0,12.0,0.2913126124515909,1.2913126124515908,63
2019-20,2020-03-08,0021900956,SAC,TOR,1,0,1531.1797843105344,1518.2034404526555,-12.976343857878712,1647.7616318673358,0.3847055102633078,5.0,-5.0,0.1243530017715962,1.124353001771596,64
2019-20,2020-07-31,0021901237,SAC,SAS,0,0,1518.2034404526555,1499.1798232515484,-19.023617201107207,1469.8366647914297,0.5192268512368229,9.0,-9.0,0.2212784678984439,1.221278467898444,65
2019-20,2020-08-02,0021901247,SAC,ORL,0,0,1499.1798232515484,1481.580835735396,-17.598987516152317,1516.6117470934485,0.4251120391049491,16.0,-16.0,0.3799489622552249,1.379948962255225,66
2019-20,2020-08-04,0021901257,SAC,DAL,1,0,1481.580835735396,1465.153093965666,-16.427741769730066,1517.997927260555,0.4979606526705296,4.0,-4.0,0.0996679946249558,1.099667994624956,67
2019-20,2020-08-06,0021901268,SAC,NOP,1,1,1465.153093965666,1487.5388856870698,22.38579172140396,1534.5463643672592,0.4506651502129685,15.0,15.0,0.3583573983507859,1.358357398350786,68
2019-20,2020-08-07,0021901276,SAC,BKN,0,0,1487.5388856870698,1470.0839752569077,-17.45491043016219,1492.4699920592536,0.4427862117328361,13.0,-13.0,0.3140209253469976,1.3140209253469977,69
2019-20,2020-08-09,0021901290,SAC,HOU,1,0,1470.0839752569077,1454.5139642779402,-15.570010978967202,1597.2307182153636,0.3704144360330565,17.0,-17.0,0.4011342849479459,1.401134284947946,70
2019-20,2020-08-11,0021901302,SAC,NOP,1,1,1454.5139642779402,1472.2716579092132,17.757693631272936,1500.0898870545675,0.4847847228232728,6.0,6.0,0.1488850336233179,1.1488850336233178,71
2019-20,2020-08-13,0021901310,SAC,LAL,0,1,1472.2716579092132,1503.708919831323,31.43726192210991,1661.3626984604546,0.2158575969321505,14.0,14.0,0.3363755443363322,1.3363755443363323,72
2019-20,2019-10-23,0021900010,SAS,NYK,1,1,1500.0,1516.4799553415476,16.479955341547488,1500.0,0.550199353253537,9.0,9.0,0.2212784678984439,1.221278467898444,1
2019-20,2019-10-26,0021900033,SAS,WAS,1,1,1516.4799553415476,1530.144270037462,13.664314695914474,1505.2113402791658,0.5661950345900576,2.0,2.0,0.0499583749578799,1.04995837495788,2
2019-20,2019-10-28,0021900048,SAS,POR,1,1,1530.144270037462,1544.1600205452723,14.01575050781017,1519.475762612665,0.5653463539089011,3.0,3.0,0.074859690687499,1.0748596906874992,3
2019-20,2019-10-31,0021900068,SAS,LAC,0,0,1544.1600205452723,1527.4138719434382,-16.746148601834285,1518.98347622018,0.4858666768719467,6.0,-6.0,0.1488850336233179,1.1488850336233178,4
2019-20,2019-11-01,0021900076,SAS,GSW,0,1,1527.4138719434382,1546.2546227215787,18.840750778140617,1456.3083021706864,0.5517738501692916,17.0,17.0,0.4011342849479459,1.401134284947946,5
2019-20,2019-11-03,0021900088,SAS,LAL,1,0,1546.2546227215787,1527.5249453477663,-18.72967737381239,1558.892279212496,0.532137632390201,7.0,-7.0,0.1732351578346601,1.17323515783466,6
2019-20,2019-11-05,0021900099,SAS,ATL,0,0,1527.5249453477663,1509.1691803313254,-18.35576501644091,1484.8801026728115,0.511000037788016,8.0,-8.0,0.197375320224904,1.197375320224904,7
2019-20,2019-11-07,0021900113,SAS,OKC,1,1,1509.1691803313254,1524.5529901816517,15.383809850326356,1488.0140233154548,0.5801173318318203,9.0,9.0,0.2212784678984439,1.221278467898444,8
2019-20,2019-11-09,0021900127,SAS,BOS,1,0,1524.5529901816517,1504.1957788899626,-20.357211291689143,1584.539411604055,0.4641035134247453,20.0,-20.0,0.4621171572600097,1.4621171572600098,9
2019-20,2019-11-11,0021900143,SAS,MEM,1,0,1504.1957788899626,1481.766666348616,-22.4291125413465,1408.351764019174,0.679875279053232,4.0,-4.0,0.0996679946249558,1.099667994624956,10
2019-20,2019-11-13,0021900158,SAS,MIN,0,0,1481.766666348616,1465.547721560714,-16.218944787902277,1518.649232618047,0.398003863774342,15.0,-15.0,0.3583573983507859,1.358357398350786,11
2019-20,2019-11-15,0021900168,SAS,ORL,0,0,1465.547721560714,1451.403282194772,-14.144439365941832,1466.076385489092,0.4490476226897804,2.0,-2.0,0.0499583749578799,1.04995837495788,12
2019-20,2019-11-16,0021900181,SAS,POR,1,0,1451.403282194772,1432.360022446814,-19.043259747957983,1441.2839104762645,0.5645694225316638,5.0,-5.0,0.1243530017715962,1.124353001771596,13
2019-20,2019-11-18,0021900194,SAS,DAL,0,0,1432.360022446814,1420.927258326605,-11.432764120208905,1524.4694670428348,0.3248216138047261,7.0,-7.0,0.1732351578346601,1.17323515783466,14
2019-20,2019-11-20,0021900203,SAS,WAS,0,0,1420.927258326605,1406.5418970100943,-14.385361316510302,1443.8747239687366,0.417371651514518,6.0,-6.0,0.1488850336233179,1.1488850336233178,15
2019-20,2019-11-22,0021900218,SAS,PHI,0,0,1406.5418970100943,1396.378553764325,-10.16334324576962,1546.8742247903815,0.26711803673747,11.0,-11.0,0.2682711820216014,1.2682711820216013,16
2019-20,2019-11-23,0021900229,SAS,NYK,0,1,1396.378553764325,1415.9308423303871,19.55228856606237,1400.1099624764768,0.4444907759115016,7.0,7.0,0.1732351578346601,1.17323515783466,17
2019-20,2019-11-25,0021900249,SAS,LAL,1,0,1415.9308423303871,1407.1595858880023,-8.7712564423851,1656.1085383903408,0.2348548733148937,10.0,-10.0,0.2449186624037091,1.2449186624037092,18
2019-20,2019-11-27,0021900262,SAS,MIN,1,0,1407.1595858880023,1390.413624431579,-16.745961456423693,1489.512633772909,0.4322723326881848,12.0,-12.0,0.2913126124515909,1.2913126124515908,19
2019-20,2019-11-29,0021900276,SAS,LAC,1,1,1390.413624431579,1419.128528436032,28.714904004453224,1634.1988005176129,0.2311437721023471,10.0,10.0,0.2449186624037091,1.2449186624037092,20
2019-20,2019-12-01,0021900288,SAS,DET,0,0,1419.128528436032,1394.8545858652258,-24.273942570806113,1399.0961344528014,0.4784731990382446,34.0,-34.0,0.6910694698329306,1.6910694698329305,21
2019-20,2019-12-03,0021900303,SAS,HOU,1,1,1394.8545858652258,1417.368581907249,22.513996042023265,1589.4331203957224,0.2852416318273431,2.0,2.0,0.0499583749578799,1.04995837495788,22
2019-20,2019-12-06,0021900328,SAS,SAC,1,1,1417.368581907249,1433.1339314683937,15.765349561144356,1461.1931882749502,0.4873031008125952,1.0,1.0,0.0249947929684206,1.0249947929684209,23
2019-20,2019-12-12,0021900368,SAS,CLE,1,0,1433.1339314683937,1407.7044518173466,-25.42947965104683,1314.3386114689306,0.7079228270233149,8.0,-8.0,0.197375320224904,1.197375320224904,24
2019-20,2019-12-14,0021900380,SAS,PHX,0,1,1407.7044518173466,1427.3900593924975,19.685607575151213,1461.4177867784388,0.3750353015679973,2.0,2.0,0.0499583749578799,1.04995837495788,25
2019-20,2019-12-16,0021900396,SAS,HOU,0,0,1427.3900593924975,1419.363996635919,-8.026062756578805,1578.8141730114671,0.2548057443039357,2.0,-2.0,0.0499583749578799,1.04995837495788,26
2019-20,2019-12-19,0021900418,SAS,BKN,1,1,1419.363996635919,1444.4485609026597,25.08456426674064,1551.554654914135,0.3636690815986186,13.0,13.0,0.3140209253469976,1.3140209253469977,27
2019-20,2019-12-21,0021900436,SAS,LAC,1,0,1444.4485609026597,1430.8179033508386,-13.63065755182095,1633.0860178564817,0.2922651054129371,25.0,-25.0,0.5545997223493823,1.5545997223493822,28
2019-20,2019-12-23,0021900450,SAS,MEM,0,1,1430.8179033508386,1458.0749719510775,27.257068600238867,1434.6476848883187,0.4443509552968849,30.0,30.0,0.6351489523872873,1.6351489523872873,29
2019-20,2019-12-26,0021900463,SAS,DAL,0,0,1458.0749719510775,1450.047455957467,-8.027515993610505,1620.157897242238,0.2433315034734129,4.0,-4.0,0.0996679946249558,1.099667994624956,30
2019-20,2019-12-28,0021900481,SAS,DET,1,1,1450.047455957467,1469.679094730502,19.631638773034982,1423.266764807045,0.5879841679089574,27.0,27.0,0.5882592563981054,1.5882592563981053,31
2019-20,2019-12-31,0021900502,SAS,GSW,1,1,1469.679094730502,1479.4696869521124,9.790592221610243,1354.811622003227,0.7032258139285229,4.0,4.0,0.0996679946249558,1.099667994624956,32
2019-20,2020-01-02,0021900514,SAS,OKC,1,0,1479.4696869521124,1465.1025463758235,-14.367140576288811,1572.7948779366911,0.4168430015716534,6.0,-6.0,0.1488850336233179,1.1488850336233178,33
2019-20,2020-01-04,0021900531,SAS,MIL,0,0,1465.1025463758235,1460.022569051917,-5.079977323906625,1747.4036993246552,0.1386518979204954,9.0,-9.0,0.2212784678984439,1.221278467898444,34
2019-20,2020-01-06,0021900546,SAS,MIL,1,1,1460.022569051917,1496.7050810368908,36.68251198497394,1752.483676648562,0.1851156749636665,22.0,22.0,0.5005202111902353,1.5005202111902354,35
2019-20,2020-01-08,0021900554,SAS,BOS,0,1,1496.7050810368908,1526.769258340226,30.06417730333515,1641.3898888296676,0.2622418483815628,15.0,15.0,0.3583573983507859,1.358357398350786,36
2019-20,2020-01-10,0021900571,SAS,MEM,0,0,1526.769258340226,1507.119726557098,-19.649531783127856,1492.8406735676613,0.4984581144306851,13.0,-13.0,0.3140209253469976,1.3140209253469977,37
2019-20,2020-01-12,0021900587,SAS,TOR,0,1,1507.119726557098,1527.7253961842284,20.605669627130418,1595.2277407965194,0.3298935185333745,1.0,1.0,0.0249947929684206,1.0249947929684209,38
2019-20,2020-01-15,0021900606,SAS,MIA,0,0,1527.7253961842284,1515.470598717657,-12.254797466571748,1596.0360793239786,0.355556245342871,6.0,-6.0,0.1488850336233179,1.1488850336233178,39
2019-20,2020-01-17,0021900624,SAS,ATL,1,0,1515.470598717657,1490.8798773483527,-24.590721369303928,1309.9696256468508,0.7997023184247386,1.0,-1.0,0.0249947929684206,1.0249947929684209,40
2019-20,2020-01-19,0021900637,SAS,MIA,1,1,1490.8798773483527,1512.500943619106,21.621066270753214,1626.5798947358685,0.3590071731124239,5.0,5.0,0.1243530017715962,1.124353001771596,41
2019-20,2020-01-20,0021900650,SAS,PHX,0,1,1512.500943619106,1526.5924826313687,14.09153901226275,1440.7926247622072,0.5526318201954739,2.0,2.0,0.0499583749578799,1.04995837495788,42
2019-20,2020-01-22,0021900663,SAS,NOP,0,1,1526.5924826313687,1544.3883967233944,17.795914092025747,1519.0503163354429,0.4605670626949825,4.0,4.0,0.0996679946249558,1.099667994624956,43
2019-20,2020-01-24,0021900678,SAS,PHX,1,0,1544.3883967233944,1520.5161506586492,-23.872246064745234,1412.186989836356,0.7236198010499497,4.0,-4.0,0.0996679946249558,1.099667994624956,44
2019-20,2020-01-26,0021900686,SAS,TOR,1,0,1520.5161506586492,1508.1399951649178,-12.376155493731297,1644.145781818525,0.375148243355402,4.0,-4.0,0.0996679946249558,1.099667994624956,45
2019-20,2020-01-27,0021900695,SAS,CHI,0,0,1508.1399951649178,1489.9428068491422,-18.197188315775417,1408.6325230298469,0.5917814880820265,1.0,-1.0,0.0249947929684206,1.0249947929684209,46
2019-20,2020-01-29,0021900711,SAS,UTA,1,1,1489.9428068491422,1514.0533912669434,24.110584417801196,1659.9085823817218,0.314982898446945,7.0,7.0,0.1732351578346601,1.17323515783466,47
2019-20,2020-02-01,0021900734,SAS,CHA,1,1,1514.0533912669434,1524.2602564096442,10.206865142700684,1330.5501990492455,0.7786481025758243,24.0,24.0,0.5370495669980352,1.5370495669980353,48
2019-20,2020-02-03,0021900750,SAS,LAC,0,0,1524.2602564096442,1513.7755688254388,-10.48468758420536,1616.1104216562885,0.3251490303042613,3.0,-3.0,0.074859690687499,1.0748596906874992,49
2019-20,2020-02-04,0021900754,SAS,LAL,0,0,1513.7755688254388,1501.2490022501288,-12.52656657531,1657.8705419292348,0.2628992826548579,27.0,-27.0,0.5882592563981054,1.5882592563981053,50
2019-20,2020-02-06,0021900767,SAS,POR,0,0,1501.2490022501288,1485.954446809537,-15.294555440591582,1518.206194962593,0.4257800424603928,8.0,-8.0,0.197375320224904,1.197375320224904,51
2019-20,2020-02-08,0021900785,SAS,SAC,0,0,1485.954446809537,1463.8890694155718,-22.065377393965324,1448.837656586935,0.5030462683149044,20.0,-20.0,0.4621171572600097,1.4621171572600098,52
2019-20,2020-02-10,0021900799,SAS,DEN,0,0,1463.8890694155718,1456.2818675253577,-7.607201890214274,1652.698846135347,0.2161317743055659,7.0,-7.0,0.1732351578346601,1.17323515783466,53
2019-20,2020-02-11,0021900805,SAS,OKC,0,1,1456.2818675253577,1483.4777914798717,27.19592395451428,1618.7705376986662,0.2429017174718993,8.0,8.0,0.197375320224904,1.197375320224904,54
2019-20,2020-02-21,0021900832,SAS,UTA,0,1,1483.4777914798717,1510.8514916569477,27.37370017707592,1636.679514685737,0.2528676329327758,9.0,9.0,0.2212784678984439,1.221278467898444,55
2019-20,2020-02-23,0021900846,SAS,OKC,0,0,1510.8514916569477,1496.7278326283915,-14.123659028556068,1628.5018424321938,0.2934418410790742,28.0,-28.0,0.6043677771171634,1.6043677771171634,56
2019-20,2020-02-26,0021900869,SAS,DAL,1,0,1496.7278326283915,1480.570214739251,-16.157617889140433,1553.442114607301,0.4687912604038091,6.0,-6.0,0.1488850336233179,1.1488850336233178,57
2019-20,2020-02-29,0021900893,SAS,ORL,1,1,1480.570214739251,1494.1068437867918,13.536629047540758,1473.8296311642598,0.5597821848981233,1.0,1.0,0.0249947929684206,1.0249947929684209,58
2019-20,2020-03-02,0021900908,SAS,IND,1,0,1494.1068437867918,1478.47825056662,-15.62859322017193,1554.6294826021472,0.4633358976391046,5.0,-5.0,0.1243530017715962,1.124353001771596,59
2019-20,2020-03-03,0021900909,SAS,CHA,0,1,1478.47825056662,1490.5949801295162,12.116729562896452,1368.7182379760338,0.6059580124693127,1.0,1.0,0.0249947929684206,1.0249947929684209,60
2019-20,2020-03-06,0021900931,SAS,BKN,0,0,1490.5949801295162,1467.585969441132,-23.00901068838418,1433.473570923748,0.5317923171780906,19.0,-19.0,0.4422303560457261,1.442230356045726,61
2019-20,2020-03-08,0021900954,SAS,CLE,0,0,1467.585969441132,1447.3589401344357,-20.227029306696185,1342.1570135667444,0.6272765795058832,3.0,-3.0,0.074859690687499,1.0748596906874992,62
2019-20,2020-03-10,0021900965,SAS,DAL,1,1,1447.3589401344357,1469.8366647914297,22.477724656993807,1554.1374166170017,0.3981474362993468,10.0,10.0,0.2449186624037091,1.2449186624037092,63
2019-20,2020-07-31,0021901237,SAS,SAC,1,1,1469.8366647914297,1488.8602819925368,19.023617201107207,1518.2034404526555,0.4807731487631771,9.0,9.0,0.2212784678984439,1.221278467898444,64
2019-20,2020-08-02,0021901246,SAS,MEM,0,1,1488.8602819925368,1507.4069831954923,18.54670120295562,1516.2315465849836,0.4111924927912932,2.0,2.0,0.0499583749578799,1.04995837495788,65
2019-20,2020-08-03,0021901254,SAS,PHI,0,0,1507.4069831954923,1494.4311675651643,-12.97581563032801,1534.2370436252463,0.4119469857030775,2.0,-2.0,0.0499583749578799,1.04995837495788,66
2019-20,2020-08-05,0021901264,SAS,DEN,1,0,1494.4311675651643,1479.436077623531,-14.995089941633388,1574.8109537954438,0.4350620965192761,6.0,-6.0,0.1488850336233179,1.1488850336233178,67
2019-20,2020-08-07,0021901274,SAS,UTA,1,1,1479.436077623531,1500.83590871059,21.39983108705898,1581.79647921605,0.4042572192251457,8.0,8.0,0.197375320224904,1.197375320224904,68
2019-20,2020-08-09,0021901287,SAS,NOP,0,1,1500.83590871059,1522.0554227298069,21.21951401921655,1521.309401073784,0.4208387746399682,9.0,9.0,0.2212784678984439,1.221278467898444,69
2019-20,2020-08-11,0021901298,SAS,HOU,1,1,1522.0554227298069,1546.7769517714137,24.72152904160669,1612.8007291943309,0.420457455127999,18.0,18.0,0.4218990052500079,1.4218990052500078,70
2019-20,2020-08-13,0021901314,SAS,UTA,0,0,1546.7769517714137,1530.2652911898035,-16.511660581609995,1526.33375439257,0.4790633265696462,6.0,-6.0,0.1488850336233179,1.1488850336233178,71
2019-20,2019-10-22,0021900001,TOR,NOP,1,1,1500.0,1516.1574058030624,16.157405803062453,1500.0,0.550199353253537,8.0,8.0,0.197375320224904,1.197375320224904,1
2019-20,2019-10-25,0021900017,TOR,BOS,0,0,1516.1574058030624,1498.964283349188,-17.193122453874448,1481.9669224758409,0.4988350139686102,6.0,-6.0,0.1488850336233179,1.1488850336233178,2
2019-20,2019-10-26,0021900031,TOR,CHI,0,1,1498.964283349188,1524.772690328859,25.80840697967087,1505.6439921837427,0.4403041703229631,24.0,24.0,0.5370495669980352,1.5370495669980353,3
2019-20,2019-10-28,0021900044,TOR,ORL,1,1,1524.772690328859,1540.0739195852063,15.301229256347282,1502.0088604004864,0.58237127025645,9.0,9.0,0.2212784678984439,1.221278467898444,4
2019-20,2019-10-30,0021900060,TOR,DET,1,1,1540.0739195852063,1554.8701228600708,14.796203274864345,1491.4613386178703,0.6180578032979593,12.0,12.0,0.2913126124515909,1.2913126124515908,5
2019-20,2019-11-02,0021900082,TOR,MIL,0,0,1554.8701228600708,1536.7341395872347,-18.13598327283612,1529.8788829274172,0.4856002195307781,10.0,-10.0,0.2449186624037091,1.2449186624037092,6
2019-20,2019-11-06,0021900106,TOR,SAC,1,1,1536.7341395872347,1547.7160823472805,10.98194276004574,1450.9728126577663,0.6671133828960454,4.0,4.0,0.0996679946249558,1.099667994624956,7
2019-20,2019-11-08,0021900121,TOR,NOP,0,1,1547.7160823472805,1563.650312276508,15.934229929227444,1422.8961182587843,0.626456593836968,18.0,18.0,0.4218990052500079,1.4218990052500078,8
2019-20,2019-11-10,0021900139,TOR,LAL,0,1,1563.650312276508,1586.0747799230785,22.424467646570506,1607.8540330321473,0.3879510082807413,9.0,9.0,0.2212784678984439,1.221278467898444,9
2019-20,2019-11-11,0021900145,TOR,LAC,0,0,1586.0747799230785,1567.2525319527904,-18.822247970288153,1548.3123951505545,0.50397530748303,10.0,-10.0,0.2449186624037091,1.2449186624037092,10
2019-20,2019-11-13,0021900160,TOR,POR,0,1,1567.2525319527904,1581.3004792335269,14.047947280736498,1455.3318577570008,0.608923867522233,8.0,8.0,0.197375320224904,1.197375320224904,11
2019-20,2019-11-16,0021900180,TOR,DAL,0,0,1581.3004792335269,1561.181740518554,-20.118738714972952,1504.3507283278618,0.5600788762762103,8.0,-8.0,0.197375320224904,1.197375320224904,12
2019-20,2019-11-18,0021900191,TOR,CHA,1,1,1561.181740518554,1577.3902704373224,16.208529918768633,1461.065760688717,0.6852036350992098,36.0,36.0,0.7162978701990245,1.7162978701990244,13
2019-20,2019-11-20,0021900207,TOR,ORL,1,1,1577.3902704373224,1591.297451085046,13.907180647723663,1494.0078724195964,0.6640653379673932,16.0,16.0,0.3799489622552249,1.379948962255225,14
2019-20,2019-11-23,0021900228,TOR,ATL,0,1,1591.297451085046,1600.0908786130904,8.793427528044301,1385.8860820582618,0.7272999876408714,3.0,3.0,0.074859690687499,1.0748596906874992,15
2019-20,2019-11-25,0021900246,TOR,PHI,1,1,1600.0908786130904,1614.43027245283,14.339393839739556,1582.661355488491,0.5748845834850332,5.0,5.0,0.1243530017715962,1.124353001771596,16
2019-20,2019-11-27,0021900258,TOR,NYK,1,1,1614.43027245283,1622.384430854511,7.954158401680994,1368.0775054647768,0.8347395047625642,28.0,28.0,0.6043677771171634,1.6043677771171634,17
2019-20,2019-11-29,0021900269,TOR,ORL,0,1,1622.384430854511,1634.0180482710662,11.633617416555085,1464.7748844527628,0.669471849160906,7.0,7.0,0.1732351578346601,1.17323515783466,18
2019-20,2019-12-01,0021900291,TOR,UTA,1,1,1634.0180482710662,1648.8296408379188,14.811592566852603,1551.9888024142044,0.6623254506132429,20.0,20.0,0.4621171572600097,1.4621171572600098,19
2019-20,2019-12-03,0021900301,TOR,MIA,1,0,1648.8296408379188,1625.601803622653,-23.227837215265616,1605.7689087430228,0.6104855582026988,11.0,-11.0,0.2682711820216014,1.2682711820216013,20
2019-20,2019-12-05,0021900318,TOR,HOU,1,0,1625.601803622653,1602.011400070019,-23.59040355263444,1566.919124353699,0.6316451097050175,10.0,-10.0,0.2449186624037091,1.2449186624037092,21
2019-20,2019-12-08,0021900338,TOR,PHI,0,0,1602.011400070019,1586.4603023494356,-15.551097720583025,1601.0336811618802,0.4511939043932144,6.0,-6.0,0.1488850336233179,1.1488850336233178,22
2019-20,2019-12-09,0021900345,TOR,CHI,0,1,1586.4603023494356,1595.308322170914,8.848019821478378,1394.006623472779,0.7122580562627638,1.0,1.0,0.0249947929684206,1.0249947929684209,23
2019-20,2019-12-11,0021900359,TOR,LAC,1,0,1595.308322170914,1574.2250190221491,-21.083303148764735,1643.7559621200608,0.4806569488196736,20.0,-20.0,0.4621171572600097,1.4621171572600098,24
2019-20,2019-12-14,0021900381,TOR,BKN,1,1,1574.2250190221491,1588.028994819818,13.80397579766862,1527.3339783553563,0.6157157085027217,8.0,8.0,0.197375320224904,1.197375320224904,25
2019-20,2019-12-16,0021900395,TOR,CLE,1,1,1588.028994819818,1595.1001677925492,7.071172972731323,1336.522606988698,0.8387914644272279,20.0,20.0,0.4621171572600097,1.4621171572600098,26
2019-20,2019-12-18,0021900408,TOR,DET,0,1,1595.1001677925492,1609.27156826237,14.171400469820895,1459.766039442576,0.640507996068667,13.0,13.0,0.3140209253469976,1.3140209253469977,27
2019-20,2019-12-20,0021900423,TOR,WAS,1,1,1609.27156826237,1615.812954756341,6.5413864939709665,1401.5780664444433,0.8017163202607674,4.0,4.0,0.0996679946249558,1.099667994624956,28
2019-20,2019-12-22,0021900439,TOR,DAL,1,1,1615.812954756341,1631.2291367822347,15.416182025893775,1635.5740792681318,0.5219164523066474,3.0,3.0,0.074859690687499,1.0748596906874992,29
2019-20,2019-12-23,0021900446,TOR,IND,0,0,1631.2291367822347,1615.5477120281084,-15.68142475412621,1620.6577783295647,0.4649021772052503,5.0,-5.0,0.1243530017715962,1.124353001771596,30
2019-20,2019-12-25,0021900455,TOR,BOS,1,0,1615.5477120281084,1594.8307482243792,-20.7169638037292,1650.2501253932753,0.5004282614885469,16.0,-16.0,0.3799489622552249,1.379948962255225,31
2019-20,2019-12-28,0021900473,TOR,BOS,0,1,1594.8307482243792,1622.2108112435444,27.380063019165178,1676.125073924835,0.338621360449485,16.0,16.0,0.3799489622552249,1.379948962255225,32
2019-20,2019-12-29,0021900486,TOR,OKC,1,0,1622.2108112435444,1601.592867796856,-20.61794344668856,1533.78903738411,0.6705056320978399,1.0,-1.0,0.0249947929684206,1.0249947929684209,33
2019-20,2019-12-31,0021900500,TOR,CLE,1,1,1601.592867796856,1610.2844025785143,8.691534781658554,1393.7527300843126,0.8018504709990457,20.0,20.0,0.4621171572600097,1.4621171572600098,34
2019-20,2020-01-02,0021900510,TOR,MIA,0,0,1610.2844025785143,1595.3931782613076,-14.891224317206651,1635.248240854168,0.4145518414507274,8.0,-8.0,0.197375320224904,1.197375320224904,35
2019-20,2020-01-04,0021900524,TOR,BKN,0,1,1595.3931782613076,1610.7778556508854,15.38467738957768,1457.0975130864808,0.6444239455209954,19.0,19.0,0.4422303560457261,1.442230356045726,36
2019-20,2020-01-07,0021900549,TOR,POR,1,0,1610.7778556508854,1585.907506222003,-24.870349428882697,1416.068631938995,0.7895662031960835,2.0,-2.0,0.0499583749578799,1.04995837495788,37
2019-20,2020-01-08,0021900555,TOR,CHA,0,1,1585.907506222003,1595.2277407965194,9.320234574516768,1400.3052447416476,0.7041078072931333,2.0,2.0,0.0499583749578799,1.04995837495788,38
2019-20,2020-01-12,0021900587,TOR,SAS,1,0,1595.2277407965194,1574.6220711693888,-20.605669627130418,1507.119726557098,0.6701064814666254,1.0,-1.0,0.0249947929684206,1.0249947929684209,39
2019-20,2020-01-15,0021900609,TOR,OKC,0,1,1574.6220711693888,1596.5439487869996,21.92187761761089,1608.851635175752,0.4016686012832192,9.0,9.0,0.2212784678984439,1.221278467898444,40
2019-20,2020-01-17,0021900621,TOR,WAS,1,1,1596.5439487869996,1605.8652760571854,9.321327270185789,1381.6727452199502,0.8082027717771694,29.0,29.0,0.619996867969374,1.619996867969374,41
2019-20,2020-01-18,0021900632,TOR,MIN,0,1,1605.8652760571854,1615.0017498706154,9.136473813429928,1375.00879927188,0.7553662449510536,10.0,10.0,0.2449186624037091,1.2449186624037092,42
2019-20,2020-01-20,0021900640,TOR,ATL,0,1,1615.0017498706154,1620.9089659665503,5.90721609593485,1310.7909760682787,0.8248706563796513,5.0,5.0,0.1243530017715962,1.124353001771596,43
2019-20,2020-01-22,0021900660,TOR,PHI,1,1,1620.9089659665503,1637.213351498899,16.304385532348796,1600.460366282829,0.579126299468918,12.0,12.0,0.2913126124515909,1.2913126124515908,44
2019-20,2020-01-24,0021900672,TOR,NYK,0,1,1637.213351498899,1644.145781818525,6.932430319625778,1362.619072024641,0.7988649830998176,6.0,6.0,0.1488850336233179,1.1488850336233178,45
2019-20,2020-01-26,0021900686,TOR,SAS,0,1,1644.145781818525,1656.5219373122563,12.376155493731297,1520.5161506586492,0.624851756644598,4.0,4.0,0.0996679946249558,1.099667994624956,46
2019-20,2020-01-28,0021900703,TOR,ATL,1,1,1656.5219373122563,1661.6586057280508,5.136668415794582,1352.0148046033007,0.8759212947653798,16.0,16.0,0.3799489622552249,1.379948962255225,47
2019-20,2020-01-30,0021900714,TOR,CLE,0,1,1661.6586057280508,1666.2070805429826,4.548474814931668,1299.4314579150384,0.8680322027642507,6.0,6.0,0.1488850336233179,1.1488850336233178,48
2019-20,2020-01-31,0021900720,TOR,DET,0,1,1666.2070805429826,1672.289443227353,6.08236268437058,1335.65880761481,0.8457060927254161,13.0,13.0,0.3140209253469976,1.3140209253469977,49
2019-20,2020-02-02,0021900740,TOR,CHI,1,1,1672.289443227353,1679.2195203361289,6.930077108775887,1399.6713721976846,0.8545561315874821,27.0,27.0,0.5882592563981054,1.5882592563981053,50
2019-20,2020-02-05,0021900758,TOR,IND,1,1,1679.2195203361289,1687.9136570839898,8.694136747860986,1552.5017132451587,0.717262409282345,1.0,1.0,0.0249947929684206,1.0249947929684209,51
2019-20,2020-02-07,0021900772,TOR,IND,0,1,1687.9136570839898,1700.6619504927803,12.7482934087905,1543.8075764972978,0.6520505971438396,9.0,9.0,0.2212784678984439,1.221278467898444,52
2019-20,2020-02-08,0021900781,TOR,BKN,1,1,1700.6619504927803,1705.7554164949431,5.09346600216294,1454.7891784045692,0.8343579877314276,1.0,1.0,0.0249947929684206,1.0249947929684209,53
2019-20,2020-02-10,0021900796,TOR,MIN,1,1,1705.7554164949431,1708.890588700211,3.1351722052676667,1322.065292065501,0.9175998464232163,11.0,11.0,0.2682711820216014,1.2682711820216013,54
2019-20,2020-02-12,0021900809,TOR,BKN,0,0,1708.890588700211,1680.3355620894422,-28.555026610768824,1469.2631689653672,0.7645754289851706,10.0,-10.0,0.2449186624037091,1.2449186624037092,55
2019-20,2020-02-21,0021900829,TOR,PHX,1,1,1680.3355620894422,1687.228923395129,6.89336130568679,1432.3839774879716,0.8360052190157518,17.0,17.0,0.4011342849479459,1.401134284947946,56
2019-20,2020-02-23,0021900843,TOR,IND,1,1,1687.228923395129,1700.978892699361,13.749969304232112,1533.359425038168,0.7478579112016922,46.0,46.0,0.8177540779702877,1.8177540779702877,57
2019-20,2020-02-25,0021900858,TOR,MIL,1,0,1700.978892699361,1683.4634169433689,-17.515475755992277,1763.5882012405268,0.4603504362022672,11.0,-11.0,0.2682711820216014,1.2682711820216013,58
2019-20,2020-02-28,0021900879,TOR,CHA,1,0,1683.4634169433689,1654.5522326718497,-28.911184271519023,1343.2548985349763,0.8965878530318354,3.0,-3.0,0.074859690687499,1.0748596906874992,59
2019-20,2020-03-01,0021900898,TOR,DEN,0,0,1654.5522326718497,1633.446416078158,-21.105816593691777,1607.0913450665937,0.5179249736806345,15.0,-15.0,0.3583573983507859,1.358357398350786,60
2019-20,2020-03-03,0021900914,TOR,PHX,0,1,1633.446416078158,1642.3861555911194,8.939739512961527,1401.9931433299694,0.7560005150901447,9.0,9.0,0.2212784678984439,1.221278467898444,61
2019-20,2020-03-05,0021900929,TOR,GSW,0,1,1642.3861555911194,1647.7616318673358,5.375476276216472,1305.5724286503012,0.8503539036474436,8.0,8.0,0.197375320224904,1.197375320224904,62
2019-20,2020-03-08,0021900956,TOR,SAC,0,1,1647.7616318673358,1660.7379757252145,12.976343857878712,1531.1797843105344,0.6152944897366922,5.0,5.0,0.1243530017715962,1.124353001771596,63
2019-20,2020-03-09,0021900959,TOR,UTA,0,1,1660.7379757252145,1677.6919565853511,16.953980860136657,1599.7980152164566,0.5372613943563914,9.0,9.0,0.2212784678984439,1.221278467898444,64
2019-20,2020-08-01,0021901243,TOR,LAL,1,1,1677.6919565853511,1699.2101725437244,21.518215958373354,1732.2001107415629,0.4719549758038855,15.0,15.0,0.3583573983507859,1.358357398350786,65
2019-20,2020-08-03,0021901250,TOR,MIA,0,1,1699.2101725437244,1710.569822502458,11.35964995873365,1552.3304131547493,0.6556642545975014,4.0,4.0,0.0996679946249558,1.099667994624956,66
2019-20,2020-08-05,0021901266,TOR,ORL,0,1,1710.569822502458,1721.4117492016608,10.84192669920286,1520.277135915052,0.709701872456227,10.0,10.0,0.2449186624037091,1.2449186624037092,67
2019-20,2020-08-07,0021901279,TOR,BOS,1,0,1721.4117492016608,1690.058964749982,-31.352784451678698,1612.117465181557,0.6964869964843546,22.0,-22.0,0.5005202111902353,1.5005202111902354,68
2019-20,2020-08-09,0021901286,TOR,MEM,1,1,1690.058964749982,1698.109625274307,8.05066052432501,1504.919923367227,0.7802668614369209,9.0,9.0,0.2212784678984439,1.221278467898444,69
2019-20,2020-08-10,0021901294,TOR,MIL,0,1,1698.109625274307,1715.553231485556,17.4436062112488,1653.1054083114104,0.5143932478366557,8.0,8.0,0.197375320224904,1.197375320224904,70
2019-20,2020-08-12,0021901305,TOR,PHI,0,1,1715.553231485556,1725.4353732473198,9.88214176176397,1532.9894860246422,0.7004507478600608,4.0,4.0,0.0996679946249558,1.099667994624956,71
2019-20,2020-08-14,0021901318,TOR,DEN,1,1,1725.4353732473198,1733.6667334356514,8.231360188331589,1549.6954643602924,0.7708499011881675,8.0,8.0,0.197375320224904,1.197375320224904,72
2019-20,2019-10-23,0021900011,UTA,OKC,1,1,1500.0,1515.1720412210457,15.172041221045731,1500.0,0.550199353253537,5.0,5.0,0.1243530017715962,1.124353001771596,1
2019-20,2019-10-25,0021900025,UTA,LAL,0,0,1515.1720412210457,1497.0125698398176,-18.159471381228148,1483.201043415122,0.4956410258744858,9.0,-9.0,0.2212784678984439,1.221278467898444,2
2019-20,2019-10-26,0021900034,UTA,SAC,1,1,1497.0125698398176,1516.7144783583972,19.701908518579568,1457.7027350284106,0.6053390792278329,32.0,32.0,0.664036770267849,1.664036770267849,3
2019-20,2019-10-28,0021900049,UTA,PHX,0,1,1516.7144783583972,1534.02655839337,17.312080034973054,1525.7233782006872,0.4370026672741538,1.0,1.0,0.0249947929684206,1.0249947929684209,4
2019-20,2019-10-30,0021900063,UTA,LAC,1,1,1534.02655839337,1552.2409229053478,18.214364511977585,1537.1978407321576,0.5456774958912427,14.0,14.0,0.3363755443363322,1.3363755443363323,5
2019-20,2019-11-01,0021900075,UTA,SAC,0,0,1552.2409229053478,1532.092037547516,-20.148885357831812,1405.678565185376,0.6552516330182172,1.0,-1.0,0.0249947929684206,1.0249947929684209,6
2019-20,2019-11-03,0021900090,UTA,LAC,0,0,1532.092037547516,1515.1749182042645,-16.91711934325155,1535.729624822014,0.4446241356754099,11.0,-11.0,0.2682711820216014,1.2682711820216013,7
2019-20,2019-11-06,0021900110,UTA,PHI,1,1,1515.1749182042645,1531.8736244822617,16.698706277997196,1571.1428344957085,0.4698613241479826,2.0,2.0,0.0499583749578799,1.04995837495788,8
2019-20,2019-11-08,0021900124,UTA,MIL,1,1,1531.8736244822617,1549.1888583967398,17.315233914478053,1592.6145679570586,0.4630234356944168,3.0,3.0,0.074859690687499,1.0748596906874992,9
2019-20,2019-11-11,0021900144,UTA,GSW,0,1,1549.1888583967398,1562.957424719349,13.768566322609244,1401.6121730488862,0.6565694331217613,14.0,14.0,0.3363755443363322,1.3363755443363323,10
2019-20,2019-11-12,0021900152,UTA,BKN,1,1,1562.957424719349,1574.23818359731,11.28075887796099,1478.407519528747,0.6655629545707215,5.0,5.0,0.1243530017715962,1.124353001771596,11
2019-20,2019-11-15,0021900170,UTA,MEM,0,0,1574.23818359731,1554.9556929086857,-19.28249068862447,1448.9582056393765,0.6270760534884185,1.0,-1.0,0.0249947929684206,1.0249947929684209,12
2019-20,2019-11-18,0021900196,UTA,MIN,1,0,1554.9556929086857,1530.8113346472378,-24.144358261447792,1485.1011282133877,0.6464775301016982,10.0,-10.0,0.2449186624037091,1.2449186624037092,13
2019-20,2019-11-20,0021900210,UTA,MIN,0,1,1530.8113346472378,1549.466094989746,18.65476034250832,1509.2454864748356,0.4806763307652948,8.0,8.0,0.197375320224904,1.197375320224904,14
2019-20,2019-11-22,0021900223,UTA,GSW,1,1,1549.466094989746,1556.997153827754,7.531058838007956,1372.8721044556396,0.7717171948012533,4.0,4.0,0.0996679946249558,1.099667994624956,15
2019-20,2019-11-23,0021900234,UTA,NOP,1,1,1556.997153827754,1569.269840849117,12.272687021362843,1478.0510445750483,0.6583447474916037,8.0,8.0,0.197375320224904,1.197375320224904,16
2019-20,2019-11-25,0021900248,UTA,MIL,0,0,1569.269840849117,1558.2597630620885,-11.010077787028616,1654.3644612392566,0.3337394510841619,4.0,-4.0,0.0996679946249558,1.099667994624956,17
2019-20,2019-11-27,0021900256,UTA,IND,0,0,1558.2597630620885,1539.2177184455145,-19.042044616573857,1565.0788855381277,0.440106407337565,19.0,-19.0,0.4422303560457261,1.442230356045726,18
2019-20,2019-11-29,0021900274,UTA,MEM,0,1,1539.2177184455145,1551.9888024142044,12.771083968690048,1395.587723640362,0.6514285561024609,9.0,9.0,0.2212784678984439,1.221278467898444,19
2019-20,2019-12-01,0021900291,UTA,TOR,0,0,1551.9888024142044,1537.1772098473518,-14.811592566852603,1634.0180482710662,0.3376745493867571,20.0,-20.0,0.4621171572600097,1.4621171572600098,20
2019-20,2019-12-02,0021900294,UTA,PHI,0,0,1537.1772098473518,1524.0646386797375,-13.112571167614234,1603.7197002789446,0.3578919280704843,9.0,-9.0,0.2212784678984439,1.221278467898444,21
2019-20,2019-12-04,0021900314,UTA,LAL,1,0,1524.0646386797375,1508.1359501798431,-15.928688499894404,1673.1006157161949,0.3415389027134317,25.0,-25.0,0.5545997223493823,1.5545997223493822,22
2019-20,2019-12-07,0021900334,UTA,MEM,1,1,1508.1359501798431,1519.4323539306813,11.29640375083814,1380.5860286182246,0.7182328026800248,14.0,14.0,0.3363755443363322,1.3363755443363323,23
2019-20,2019-12-09,0021900350,UTA,OKC,1,0,1519.4323539306813,1496.1079799061986,-23.32437402448265,1497.0893850505538,0.5817819230862471,14.0,-14.0,0.3363755443363322,1.3363755443363323,24
2019-20,2019-12-11,0021900362,UTA,MIN,0,1,1496.1079799061986,1513.371630303371,17.26365039717234,1428.8653252277954,0.5462681629950678,11.0,11.0,0.2682711820216014,1.2682711820216013,25
2019-20,2019-12-13,0021900379,UTA,GSW,1,1,1513.371630303371,1520.407900834389,7.036270531018003,1303.0397588085948,0.8041196047118466,8.0,8.0,0.197375320224904,1.197375320224904,26
2019-20,2019-12-17,0021900405,UTA,ORL,1,1,1520.407900834389,1534.7212714280272,14.313370593638254,1489.7818207932037,0.5933361270882466,7.0,7.0,0.1732351578346601,1.17323515783466,27
2019-20,2019-12-19,0021900416,UTA,ATL,0,1,1534.7212714280272,1543.343624066989,8.622352638961633,1314.045093120421,0.7443758728982875,5.0,5.0,0.1243530017715962,1.124353001771596,28
2019-20,2019-12-21,0021900430,UTA,CHA,0,1,1543.343624066989,1556.8945718096754,13.55094774268644,1426.979571964038,0.614997679644029,7.0,7.0,0.1732351578346601,1.17323515783466,29
2019-20,2019-12-23,0021900449,UTA,MIA,0,0,1556.8945718096754,1545.819171189845,-11.075400619830331,1634.442338297019,0.3434681045903555,3.0,-3.0,0.074859690687499,1.0748596906874992,30
2019-20,2019-12-26,0021900465,UTA,POR,1,1,1545.819171189845,1557.7166194018162,11.897448211971154,1469.594982549797,0.6548117562163914,6.0,6.0,0.1488850336233179,1.1488850336233178,31
2019-20,2019-12-28,0021900485,UTA,LAC,0,1,1557.7166194018162,1584.144154281032,26.427534879215617,1646.054264068437,0.329601369114757,13.0,13.0,0.3140209253469976,1.3140209253469977,32
2019-20,2019-12-30,0021900495,UTA,DET,1,1,1584.144154281032,1594.3673309593069,10.22317667827489,1403.6351260340102,0.7756631614254145,23.0,23.0,0.5190218338982221,1.519021833898222,33
2019-20,2020-01-02,0021900511,UTA,CHI,0,1,1594.3673309593069,1605.045028324294,10.677697364987068,1431.340307071998,0.6763357238373049,4.0,4.0,0.0996679946249558,1.099667994624956,34
2019-20,2020-01-04,0021900525,UTA,ORL,0,1,1605.045028324294,1620.8405772703306,15.79554894603672,1500.109611372474,0.5993075239177149,13.0,13.0,0.3140209253469976,1.3140209253469977,35
2019-20,2020-01-06,0021900544,UTA,NOP,0,1,1620.8405772703306,1631.3140321420206,10.473454871689952,1464.7797130015963,0.6674961877382328,2.0,2.0,0.0499583749578799,1.04995837495788,36
2019-20,2020-01-08,0021900561,UTA,NYK,1,1,1631.3140321420206,1638.716837412609,7.402805270588403,1378.9492098357484,0.8394585438332871,24.0,24.0,0.5370495669980352,1.5370495669980353,37
2019-20,2020-01-10,0021900574,UTA,CHA,1,1,1638.716837412609,1645.617492012445,6.900654599835787,1390.985010167131,0.8358317097328956,17.0,17.0,0.4011342849479459,1.401134284947946,38
2019-20,2020-01-12,0021900585,UTA,WAS,0,1,1645.617492012445,1654.6400102781088,9.022518265663932,1407.6360146846107,0.7628656921967798,11.0,11.0,0.2682711820216014,1.2682711820216013,39
2019-20,2020-01-14,0021900599,UTA,BKN,0,1,1654.6400102781088,1665.110085220495,10.4700749423862,1451.3944382684713,0.7248202884155766,11.0,11.0,0.2682711820216014,1.2682711820216013,40
2019-20,2020-01-16,0021900616,UTA,NOP,0,0,1665.110085220495,1641.0425787887978,-24.067506431697275,1484.3350225524243,0.6982858953778843,6.0,-6.0,0.1488850336233179,1.1488850336233178,41
2019-20,2020-01-18,0021900636,UTA,SAC,1,1,1641.0425787887978,1648.2538220765784,7.211243287780605,1388.2298678034344,0.8398057057367561,22.0,22.0,0.5005202111902353,1.5005202111902354,42
2019-20,2020-01-20,0021900651,UTA,IND,1,1,1648.2538220765784,1668.3516500378544,20.097827961275815,1619.8142014036127,0.5902956744514853,30.0,30.0,0.6351489523872873,1.6351489523872873,43
2019-20,2020-01-22,0021900665,UTA,GSW,0,1,1668.3516500378544,1674.4794094305994,6.127759392744968,1290.0810086787476,0.8782567495971398,33.0,33.0,0.6777821008468294,1.6777821008468294,44
2019-20,2020-01-25,0021900680,UTA,DAL,1,1,1674.4794094305994,1686.4867513919842,12.007341961384682,1606.4882562789412,0.6440221786080464,5.0,5.0,0.1243530017715962,1.124353001771596,45
2019-20,2020-01-27,0021900698,UTA,HOU,1,0,1686.4867513919842,1659.9085823817218,-26.57816901026234,1552.7191152154123,0.7254192964961169,9.0,-9.0,0.2212784678984439,1.221278467898444,46
2019-20,2020-01-29,0021900711,UTA,SAS,0,0,1659.9085823817218,1635.7979979639206,-24.110584417801196,1489.9428068491422,0.6850171015530551,7.0,-7.0,0.1732351578346601,1.17323515783466,47
2019-20,2020-01-30,0021900718,UTA,DEN,0,0,1635.7979979639206,1618.0620645726274,-17.735933391293166,1590.6611676958626,0.5145839334726741,6.0,-6.0,0.1488850336233179,1.1488850336233178,48
2019-20,2020-02-01,0021900735,UTA,POR,0,0,1618.0620645726274,1592.66135827104,-25.400706301587437,1509.515347969971,0.6042891242821671,17.0,-17.0,0.4011342849479459,1.401134284947946,49
2019-20,2020-02-05,0021900762,UTA,DEN,1,0,1592.66135827104,1576.476484183578,-16.18487408746192,1626.3257593635612,0.5019220718662604,3.0,-3.0,0.074859690687499,1.0748596906874992,50
2019-20,2020-02-07,0021900776,UTA,POR,1,1,1576.476484183578,1589.040437344696,12.563953161118022,1533.5007504031846,0.6103692022946147,3.0,3.0,0.074859690687499,1.0748596906874992,51
2019-20,2020-02-09,0021900790,UTA,HOU,0,1,1589.040437344696,1605.5183208123456,16.477883467649455,1579.007556370458,0.4641311487404753,1.0,1.0,0.0249947929684206,1.0249947929684209,52
2019-20,2020-02-10,0021900798,UTA,DAL,0,1,1605.5183208123456,1621.290554224654,15.772233412308395,1555.284470673224,0.5219092341385108,4.0,4.0,0.0996679946249558,1.099667994624956,53
2019-20,2020-02-12,0021900816,UTA,MIA,1,1,1621.290554224654,1636.679514685737,15.38896046108322,1569.5025021594104,0.6223634889274521,15.0,15.0,0.3583573983507859,1.358357398350786,54
2019-20,2020-02-21,0021900832,UTA,SAS,1,0,1636.679514685737,1609.3058145086611,-27.37370017707592,1483.4777914798717,0.7471323670672242,9.0,-9.0,0.2212784678984439,1.221278467898444,55
2019-20,2020-02-22,0021900841,UTA,HOU,1,0,1609.3058145086611,1587.9519665874457,-21.35384792121543,1594.0950643580463,0.5717601898045578,10.0,-10.0,0.2449186624037091,1.2449186624037092,56
2019-20,2020-02-24,0021900855,UTA,PHX,1,0,1587.9519665874457,1555.459633186033,-32.49233340141261,1440.5618400576566,0.7407599142580078,20.0,-20.0,0.4621171572600097,1.4621171572600098,57
2019-20,2020-02-26,0021900872,UTA,BOS,1,0,1555.459633186033,1540.47598137387,-14.983651812163156,1665.39005876898,0.3938077813999653,11.0,-11.0,0.2682711820216014,1.2682711820216013,58
2019-20,2020-02-28,0021900885,UTA,WAS,1,1,1540.47598137387,1550.49547700636,10.019495632490043,1401.1707775342254,0.7317228845257987,10.0,10.0,0.2449186624037091,1.2449186624037092,59
2019-20,2020-03-02,0021900902,UTA,CLE,0,1,1550.49547700636,1560.7067414934816,10.211264487121602,1332.9184510885702,0.7409664668664471,13.0,13.0,0.3140209253469976,1.3140209253469977,60
2019-20,2020-03-04,0021900921,UTA,NYK,0,1,1560.7067414934816,1571.580505521056,10.87376402757435,1380.7529796866472,0.6972888994813555,8.0,8.0,0.197375320224904,1.197375320224904,61
2019-20,2020-03-06,0021900933,UTA,BOS,0,1,1571.580505521056,1593.1991111199231,21.618605598867124,1637.2254550271284,0.3590801238637217,5.0,5.0,0.1243530017715962,1.124353001771596,62
2019-20,2020-03-07,0021900941,UTA,DET,0,1,1593.1991111199231,1599.7980152164566,6.598904096533582,1307.9477180755682,0.8085417918703851,6.0,6.0,0.1488850336233179,1.1488850336233178,63
2019-20,2020-03-09,0021900959,UTA,TOR,1,0,1599.7980152164566,1582.84403435632,-16.953980860136657,1660.7379757252145,0.4627386056436086,9.0,-9.0,0.2212784678984439,1.221278467898444,64
2019-20,2020-07-30,0021901231,UTA,NOP,0,1,1582.84403435632,1598.5963623509765,15.7523279946566,1547.9091644628277,0.4999062702433793,2.0,2.0,0.0499583749578799,1.04995837495788,65
2019-20,2020-08-01,0021901240,UTA,OKC,0,0,1598.5963623509765,1582.9684479248317,-15.62791442614508,1650.4854574729327,0.3774998171092905,16.0,-16.0,0.3799489622552249,1.379948962255225,66
2019-20,2020-08-03,0021901255,UTA,LAL,1,0,1582.9684479248317,1569.690011125478,-13.27843679935369,1710.6818947831896,0.3696539860996297,8.0,-8.0,0.197375320224904,1.197375320224904,67
2019-20,2020-08-05,0021901262,UTA,MEM,1,1,1569.690011125478,1581.79647921605,12.106468090572172,1482.0046210385915,0.6695684506361386,9.0,9.0,0.2212784678984439,1.221278467898444,68
2019-20,2020-08-07,0021901274,UTA,SAS,0,0,1581.79647921605,1560.396648128991,-21.39983108705898,1479.436077623531,0.5957427807748543,8.0,-8.0,0.197375320224904,1.197375320224904,69
2019-20,2020-08-08,0021901281,UTA,DEN,0,0,1560.396648128991,1546.4164456007838,-13.980202528207313,1564.5905130559318,0.4438335481241702,2.0,-2.0,0.0499583749578799,1.04995837495788,70
2019-20,2020-08-10,0021901293,UTA,DAL,1,0,1546.4164456007838,1526.33375439257,-20.082691208213944,1540.1740511359728,0.5590753617237241,8.0,-8.0,0.197375320224904,1.197375320224904,71
2019-20,2020-08-13,0021901314,UTA,SAS,1,1,1526.33375439257,1542.84541497418,16.511660581609995,1546.7769517714137,0.5209366734303538,6.0,6.0,0.1488850336233179,1.1488850336233178,72
2019-20,2019-10-23,0021900009,WAS,DAL,0,0,1500.0,1483.8425941969376,-16.157405803062453,1500.0,0.449800646746463,8.0,-8.0,0.197375320224904,1.197375320224904,1
2019-20,2019-10-25,0021900022,WAS,OKC,0,1,1483.8425941969376,1505.2113402791658,21.368746082228274,1484.8279587789543,0.4483972903184368,12.0,12.0,0.2913126124515909,1.2913126124515908,2
2019-20,2019-10-26,0021900033,WAS,SAS,0,0,1505.2113402791658,1491.5470255832513,-13.664314695914474,1516.4799553415476,0.4338049654099424,2.0,-2.0,0.0499583749578799,1.04995837495788,3
2019-20,2019-10-30,0021900061,WAS,HOU,1,0,1491.5470255832513,1475.4088289924766,-16.138196590774783,1509.2846959478454,0.5248220674382811,1.0,-1.0,0.0249947929684206,1.0249947929684209,4
2019-20,2019-11-02,0021900080,WAS,MIN,1,0,1475.4088289924766,1454.598016509435,-20.81081248304174,1536.653769869122,0.4623021697818227,22.0,-22.0,0.5005202111902353,1.5005202111902354,5
2019-20,2019-11-04,0021900091,WAS,DET,1,1,1454.598016509435,1474.4575336981031,19.85951718866826,1475.495666131068,0.520283775417988,16.0,16.0,0.3799489622552249,1.379948962255225,6
2019-20,2019-11-06,0021900104,WAS,IND,0,0,1474.4575336981031,1457.04371302328,-17.41382067482322,1490.3171821521207,0.4273254519506613,15.0,-15.0,0.3583573983507859,1.358357398350786,7
2019-20,2019-11-08,0021900118,WAS,CLE,1,0,1457.04371302328,1434.5531607374965,-22.490552285783348,1442.707222605239,0.5705275020599894,13.0,-13.0,0.3140209253469976,1.3140209253469977,8
2019-20,2019-11-13,0021900156,WAS,BOS,0,0,1434.5531607374965,1426.7701546497728,-7.783006087723597,1618.28348432421,0.2211266296658443,7.0,-7.0,0.1732351578346601,1.17323515783466,9
2019-20,2019-11-15,0021900171,WAS,MIN,0,1,1426.7701546497728,1457.661771533299,30.891616883526297,1534.8681774059494,0.3049706706308057,21.0,21.0,0.4815497983643079,1.481549798364308,10
2019-20,2019-11-17,0021900185,WAS,ORL,0,0,1457.661771533299,1443.8747239687366,-13.787047564562526,1480.220824855034,0.4179154566636459,4.0,-4.0,0.0996679946249558,1.099667994624956,11
2019-20,2019-11-20,0021900203,WAS,SAS,1,1,1443.8747239687366,1458.260085285247,14.385361316510302,1420.927258326605,0.582628348485482,6.0,6.0,0.1488850336233179,1.1488850336233178,12
2019-20,2019-11-22,0021900216,WAS,CHA,1,1,1458.260085285247,1472.6079523734538,14.347867088206868,1428.339368018368,0.5923560310311106,7.0,7.0,0.1732351578346601,1.17323515783466,13
2019-20,2019-11-24,0021900237,WAS,SAC,1,0,1472.6079523734538,1453.9501057971468,-18.657846576306955,1486.6692306213108,0.5300968139738258,7.0,-7.0,0.1732351578346601,1.17323515783466,14
2019-20,2019-11-26,0021900252,WAS,DEN,0,0,1453.9501057971468,1444.8115406823415,-9.13856511480516,1627.0730829597285,0.2318219073107457,13.0,-13.0,0.3140209253469976,1.3140209253469977,15
2019-20,2019-11-27,0021900263,WAS,PHX,0,1,1444.8115406823415,1467.4086537483893,22.597113066047868,1501.5769639474297,0.3709264843874397,8.0,8.0,0.197375320224904,1.197375320224904,16
2019-20,2019-11-29,0021900279,WAS,LAL,0,0,1467.4086537483893,1458.4214848953804,-8.987168853008866,1673.617664236822,0.1996456248081258,22.0,-22.0,0.5005202111902353,1.5005202111902354,17
2019-20,2019-12-01,0021900292,WAS,LAC,0,0,1458.4214848953804,1446.3141447511484,-12.107340144232037,1605.4838965131596,0.2596025195462077,25.0,-25.0,0.5545997223493823,1.5545997223493822,18
2019-20,2019-12-03,0021900300,WAS,ORL,1,0,1446.3141447511484,1427.8401503254918,-18.473994425656674,1464.016123849772,0.524873304449114,7.0,-7.0,0.1732351578346601,1.17323515783466,19
2019-20,2019-12-05,0021900316,WAS,PHI,1,1,1427.8401503254918,1452.2478802027783,24.407729877286535,1616.832271446559,0.2918429850690341,6.0,6.0,0.1488850336233179,1.1488850336233178,20
2019-20,2019-12-06,0021900324,WAS,MIA,0,0,1452.2478802027783,1443.0933914519096,-9.154488750868776,1608.2253665247863,0.2498608082021258,9.0,-9.0,0.2212784678984439,1.221278467898444,21
2019-20,2019-12-08,0021900339,WAS,LAC,1,0,1443.0933914519096,1429.9964233014275,-13.096968150482152,1611.948868921403,0.3163635880435756,16.0,-16.0,0.3799489622552249,1.379948962255225,22
2019-20,2019-12-10,0021900352,WAS,CHA,0,0,1429.9964233014275,1411.3230133657396,-18.67340993568797,1373.7493110011478,0.5305389918633729,7.0,-7.0,0.1732351578346601,1.17323515783466,23
2019-20,2019-12-14,0021900383,WAS,MEM,0,0,1411.3230133657396,1392.04029642231,-19.282716943429804,1405.05829835466,0.4587406348932068,17.0,-17.0,0.4011342849479459,1.401134284947946,24
2019-20,2019-12-16,0021900394,WAS,DET,0,1,1392.04029642231,1419.251766941416,27.21147051910606,1486.9775099616822,0.3212618854425446,14.0,14.0,0.3363755443363322,1.3363755443363323,25
2019-20,2019-12-18,0021900409,WAS,CHI,1,0,1419.251766941416,1401.5780664444433,-17.673700496972707,1401.9126389419382,0.5747574074917673,1.0,-1.0,0.0249947929684206,1.0249947929684209,26
2019-20,2019-12-20,0021900423,WAS,TOR,0,0,1401.5780664444433,1395.0366799504725,-6.5413864939709665,1609.27156826237,0.1982836797392325,4.0,-4.0,0.0996679946249558,1.099667994624956,27
2019-20,2019-12-21,0021900433,WAS,PHI,0,0,1395.0366799504725,1385.90738353566,-9.129296414812297,1582.7651005487792,0.2171882336781507,17.0,-17.0,0.4011342849479459,1.401134284947946,28
2019-20,2019-12-23,0021900447,WAS,NYK,0,1,1385.90738353566,1403.1232981461133,17.215914610453215,1350.5573749505186,0.5005037026737074,6.0,6.0,0.1488850336233179,1.1488850336233178,29
2019-20,2019-12-26,0021900460,WAS,DET,0,0,1403.1232981461133,1380.914123077323,-22.209175068790294,1401.057589738255,0.4527451976442331,30.0,-30.0,0.6351489523872873,1.6351489523872873,30
2019-20,2019-12-28,0021900476,WAS,NYK,1,0,1380.914123077323,1360.7116614145784,-20.202461662744632,1364.1262802551978,0.5739815963246616,7.0,-7.0,0.1732351578346601,1.17323515783466,31
2019-20,2019-12-30,0021900492,WAS,MIA,1,1,1360.7116614145784,1396.0986302059584,35.386968791379964,1670.635209645548,0.1704293891309579,18.0,18.0,0.4218990052500079,1.4218990052500078,32
2019-20,2020-01-01,0021900504,WAS,ORL,1,0,1396.0986302059584,1374.9790391911235,-21.119591014834924,1448.3672616109757,0.4751688859452407,21.0,-21.0,0.4815497983643079,1.481549798364308,33
2019-20,2020-01-03,0021900519,WAS,POR,1,0,1374.9790391911235,1352.8433685028162,-22.13567068830731,1401.9119580909562,0.5116073770859182,19.0,-19.0,0.4422303560457261,1.442230356045726,34
2019-20,2020-01-04,0021900528,WAS,DEN,1,1,1352.8433685028162,1384.7640042845424,31.92063578172601,1624.569752271604,0.2038007600231774,14.0,14.0,0.3363755443363322,1.3363755443363323,35
2019-20,2020-01-06,0021900542,WAS,BOS,1,1,1384.7640042845424,1411.9945630789305,27.230558794388216,1668.6204476240555,0.1927043448845051,5.0,5.0,0.1243530017715962,1.124353001771596,36
2019-20,2020-01-08,0021900557,WAS,ORL,0,0,1411.9945630789305,1395.2147976080073,-16.77976547092315,1499.4279836440826,0.3307525359988298,34.0,-34.0,0.6910694698329306,1.6910694698329305,37
2019-20,2020-01-10,0021900567,WAS,ATL,1,1,1395.2147976080073,1407.6360146846107,12.421217076603488,1309.2170329708497,0.6674155655915062,10.0,10.0,0.2449186624037091,1.2449186624037092,38
2019-20,2020-01-12,0021900585,WAS,UTA,1,0,1407.6360146846107,1398.6134964189469,-9.022518265663932,1645.617492012445,0.2371343078032202,11.0,-11.0,0.2682711820216014,1.2682711820216013,39
2019-20,2020-01-15,0021900607,WAS,CHI,0,0,1398.6134964189469,1381.6727452199502,-16.940751198996615,1389.8057813457594,0.4623775178849528,9.0,-9.0,0.2212784678984439,1.221278467898444,40
2019-20,2020-01-17,0021900621,WAS,TOR,0,0,1381.6727452199502,1372.3514179497645,-9.321327270185789,1596.5439487869996,0.1917972282228306,29.0,-29.0,0.619996867969374,1.619996867969374,41
2019-20,2020-01-20,0021900639,WAS,DET,1,1,1372.3514179497645,1389.84702543695,17.49560748718545,1412.6406333974376,0.4923887950735346,6.0,6.0,0.1488850336233179,1.1488850336233178,42
2019-20,2020-01-22,0021900658,WAS,MIA,0,0,1389.84702543695,1383.5692563831883,-6.277769053761649,1611.159682834675,0.1861150084795442,5.0,-5.0,0.1243530017715962,1.124353001771596,43
2019-20,2020-01-23,0021900666,WAS,CLE,0,1,1383.5692563831883,1401.1654173500397,17.59616096685126,1316.667996662405,0.5457810190659541,12.0,12.0,0.2913126124515909,1.2913126124515908,44
2019-20,2020-01-26,0021900687,WAS,ATL,0,0,1401.1654173500397,1377.1660106353909,-23.99940671464872,1328.015397888652,0.5546826971628799,19.0,-19.0,0.4422303560457261,1.442230356045726,45
2019-20,2020-01-28,0021900705,WAS,MIL,0,0,1377.1660106353909,1373.5901701588366,-3.575840476554387,1762.8836349429653,0.0815219778797906,20.0,-20.0,0.4621171572600097,1.4621171572600098,46
2019-20,2020-01-30,0021900715,WAS,CHA,1,1,1373.5901701588366,1390.1237443766788,16.53357421784221,1347.083773267088,0.58760159677388,14.0,14.0,0.3363755443363322,1.3363755443363323,47
2019-20,2020-02-01,0021900731,WAS,BKN,1,1,1390.1237443766788,1407.8412971492933,17.717552772614418,1434.88970364497,0.4859493551257155,6.0,6.0,0.1488850336233179,1.1488850336233178,48
2019-20,2020-02-03,0021900744,WAS,GSW,1,0,1407.8412971492933,1382.6691517310803,-25.17214541821291,1295.0222749367415,0.7007589848960866,8.0,-8.0,0.197375320224904,1.197375320224904,49
2019-20,2020-02-07,0021900770,WAS,DAL,1,1,1382.6691517310803,1404.2895983710669,21.62044663998651,1567.438176210209,0.2968924724201787,1.0,1.0,0.0249947929684206,1.0249947929684209,50
2019-20,2020-02-09,0021900789,WAS,MEM,1,0,1404.2895983710669,1392.4831875761708,-11.806410794896022,1558.0593135446418,0.3354374644064283,7.0,-7.0,0.1732351578346601,1.17323515783466,51
2019-20,2020-02-11,0021900803,WAS,CHI,1,1,1392.4831875761708,1408.7928969234704,16.309709347299602,1372.1325301627917,0.5789888730265144,12.0,12.0,0.2913126124515909,1.2913126124515908,52
2019-20,2020-02-12,0021900811,WAS,NYK,0,1,1408.7928969234704,1432.0166580585812,23.223761135110816,1404.7481105349596,0.4555693700381704,18.0,18.0,0.4218990052500079,1.4218990052500078,53
2019-20,2020-02-21,0021900827,WAS,CLE,1,0,1432.0166580585812,1406.6405895004896,-25.37606855809171,1274.0155547683655,0.7523161770401199,5.0,-5.0,0.1243530017715962,1.124353001771596,54
2019-20,2020-02-23,0021900845,WAS,CHI,0,0,1406.6405895004896,1385.5687457268534,-21.071843773636154,1319.0360793207876,0.5751307428380424,9.0,-9.0,0.2212784678984439,1.221278467898444,55
2019-20,2020-02-24,0021900851,WAS,MIL,1,0,1385.5687457268534,1381.5576568145364,-4.0110889123170095,1759.5771123282098,0.1243910855549728,3.0,-3.0,0.074859690687499,1.0748596906874992,56
2019-20,2020-02-26,0021900866,WAS,BKN,1,1,1381.5576568145364,1401.1707775342254,19.613120719689157,1483.033896912494,0.4054835697211729,4.0,4.0,0.0996679946249558,1.099667994624956,57
2019-20,2020-02-28,0021900885,WAS,UTA,0,0,1401.1707775342254,1391.1512819017353,-10.019495632490043,1540.47598137387,0.2682771154742013,10.0,-10.0,0.2449186624037091,1.2449186624037092,58
2019-20,2020-03-01,0021900901,WAS,GSW,0,1,1391.1512819017353,1407.091466773884,15.940184872148912,1283.9739903991326,0.6024025596770632,14.0,14.0,0.3363755443363322,1.3363755443363323,59
2019-20,2020-03-03,0021900916,WAS,SAC,0,0,1407.091466773884,1396.7546067630517,-10.336860010832336,1524.5378232786445,0.2936853690925922,7.0,-7.0,0.1732351578346601,1.17323515783466,60
2019-20,2020-03-04,0021900925,WAS,POR,0,0,1396.7546067630517,1381.4461694282306,-15.30843733482107,1473.5664955882123,0.3444239573029588,21.0,-21.0,0.4815497983643079,1.481549798364308,61
2019-20,2020-03-06,0021900930,WAS,ATL,1,1,1381.4461694282306,1397.6115096056528,16.165340177422117,1394.888179037027,0.530984687927089,6.0,6.0,0.1488850336233179,1.1488850336233178,62
2019-20,2020-03-08,0021900951,WAS,MIA,1,0,1397.6115096056528,1384.3753816483684,-13.236127957284404,1541.771888355721,0.3478784912068583,11.0,-11.0,0.2682711820216014,1.2682711820216013,63
2019-20,2020-03-10,0021900961,WAS,NYK,1,1,1384.3753816483684,1399.6942696794197,15.318888031051268,1374.1157470210214,0.5647679004288725,7.0,7.0,0.1732351578346601,1.17323515783466,64
2019-20,2020-07-31,0021901235,WAS,PHX,1,0,1399.6942696794197,1379.5879148539225,-20.106354825497135,1427.7122783875948,0.5100465408034398,13.0,-13.0,0.3140209253469976,1.3140209253469977,65
2019-20,2020-08-02,0021901244,WAS,BKN,0,0,1379.5879148539225,1367.930202714116,-11.657712139806314,1471.9243029523018,0.3245351713005252,8.0,-8.0,0.197375320224904,1.197375320224904,66
2019-20,2020-08-03,0021901252,WAS,IND,1,0,1367.930202714116,1358.036408016601,-9.893794697515196,1584.603190117238,0.2600336278698342,11.0,-11.0,0.2682711820216014,1.2682711820216013,67
2019-20,2020-08-05,0021901263,WAS,PHI,1,0,1358.036408016601,1347.3517942779345,-10.684613738666483,1547.2128592555744,0.29162373746075,9.0,-9.0,0.2212784678984439,1.221278467898444,68
2019-20,2020-08-07,0021901278,WAS,NOP,0,0,1347.3517942779345,1338.2029658500055,-9.148828427928706,1512.1605726458554,0.2404540542437629,11.0,-11.0,0.2682711820216014,1.2682711820216013,69
2019-20,2020-08-09,0021901285,WAS,OKC,0,0,1338.2029658500055,1332.6864406528432,-5.516525197162534,1634.4755643690714,0.1293229494920558,18.0,-18.0,0.4218990052500079,1.4218990052500078,70
2019-20,2020-08-11,0021901303,WAS,MIL,1,0,1332.6864406528432,1325.7421401565337,-6.944300496309662,1635.6618021001616,0.1761590540494591,13.0,-13.0,0.3140209253469976,1.3140209253469977,71
2019-20,2020-08-13,0021901308,WAS,BOS,0,1,1325.7421401565337,1356.6349073993738,30.892767242840044,1665.4335563995644,0.1036884649397453,6.0,6.0,0.1488850336233179,1.1488850336233178,72
