season,gameDate,gameId,team,opponent,isHome,teamWin,ratingBefore,ratingAfter,ratingChange,opponentRatingBefore,pregameWinProbability,winnerMargin,signedMargin,marginDominance,dominanceMultiplier,teamGameNumber
2021-22,2021-10-21,0022100014,ATL,DAL,1,1,1500.0,1521.2081450165124,21.20814501651232,1500.0,0.550199353253537,26.0,26.0,0.5716699660851172,1.5716699660851172,1
2021-22,2021-10-23,0022100027,ATL,CLE,0,0,1521.2081450165124,1502.857023419789,-18.35112159672376,1463.6398527388128,0.5324327807587085,6.0,-6.0,0.1488850336233179,1.1488850336233178,2
2021-22,2021-10-25,0022100043,ATL,DET,1,1,1502.857023419789,1519.8227573284971,16.965733908708355,1465.7720827935748,0.6022752238129757,18.0,18.0,0.4218990052500079,1.4218990052500078,3
2021-22,2021-10-27,0022100059,ATL,NOP,0,1,1519.8227573284971,1535.315399476215,15.492642147717577,1471.234377159816,0.5195452863307145,3.0,3.0,0.074859690687499,1.0748596906874992,4
2021-22,2021-10-28,0022100066,ATL,WAS,0,0,1535.315399476215,1518.0854572135693,-17.22994226264545,1533.1790844543298,0.452845903065758,11.0,-11.0,0.2682711820216014,1.2682711820216013,5
2021-22,2021-10-30,0022100082,ATL,PHI,0,0,1518.0854572135693,1496.3955368141446,-21.689920399424608,1517.4941662510157,0.4506431486342972,28.0,-28.0,0.6043677771171634,1.6043677771171634,6
2021-22,2021-11-01,0022100097,ATL,WAS,1,1,1496.3955368141446,1515.5405920604708,19.145055246326056,1562.0065314892215,0.4560608724096867,7.0,7.0,0.1732351578346601,1.17323515783466,7
2021-22,2021-11-03,0022100113,ATL,BKN,0,0,1515.5405920604708,1498.9304918494734,-16.61010021099731,1513.048925712411,0.4533527951131325,9.0,-9.0,0.2212784678984439,1.221278467898444,8
2021-22,2021-11-04,0022100120,ATL,UTA,1,0,1498.9304918494734,1480.911542534937,-18.01894931453634,1588.281033700674,0.4224151234371747,18.0,-18.0,0.4218990052500079,1.4218990052500078,9
2021-22,2021-11-06,0022100137,ATL,PHX,0,0,1480.911542534937,1467.233335926683,-13.678206608254452,1505.8292797107397,0.4146162500897807,4.0,-4.0,0.0996679946249558,1.099667994624956,10
2021-22,2021-11-08,0022100152,ATL,GSW,0,0,1467.233335926683,1455.1319993939298,-12.10133653275276,1577.900724148175,0.3018447068525312,14.0,-14.0,0.3363755443363322,1.3363755443363323,11
2021-22,2021-11-09,0022100156,ATL,UTA,0,0,1455.1319993939298,1443.4224228979715,-11.709576495958403,1565.4526691305196,0.3022654721778915,12.0,-12.0,0.2913126124515909,1.2913126124515908,12
2021-22,2021-11-12,0022100182,ATL,DEN,0,0,1443.4224228979715,1432.1857997298468,-11.236623168124558,1550.1134204087696,0.3066901738214369,9.0,-9.0,0.2212784678984439,1.221278467898444,13
2021-22,2021-11-14,0022100193,ATL,MIL,1,1,1432.1857997298468,1456.040873648436,23.855073918589127,1497.7328077305258,0.4561522469856143,20.0,20.0,0.4621171572600097,1.4621171572600098,14
2021-22,2021-11-15,0022100202,ATL,ORL,1,1,1456.040873648436,1471.7197250093675,15.678851360931594,1396.7619057260529,0.6324433896021836,18.0,18.0,0.4218990052500079,1.4218990052500078,15
2021-22,2021-11-17,0022100215,ATL,BOS,1,1,1471.7197250093675,1492.50645267437,20.78672766500244,1539.0036903991577,0.453672895837393,11.0,11.0,0.2682711820216014,1.2682711820216013,16
2021-22,2021-11-20,0022100242,ATL,CHA,1,1,1492.50645267437,1512.2936371683163,19.787184493946285,1548.2465357854492,0.4701880240180814,10.0,10.0,0.2449186624037091,1.2449186624037092,17
2021-22,2021-11-22,0022100255,ATL,OKC,1,1,1512.2936371683163,1525.4972295720322,13.20359240371586,1432.7107889826716,0.6591687074480362,12.0,12.0,0.2913126124515909,1.2913126124515908,18
2021-22,2021-11-24,0022100277,ATL,SAS,0,1,1525.4972295720322,1541.1282049499437,15.630975377911412,1395.3789857484269,0.633565738021291,18.0,18.0,0.4218990052500079,1.4218990052500078,19
2021-22,2021-11-26,0022100285,ATL,MEM,0,1,1541.1282049499437,1562.854795715885,21.726590765941452,1460.8590037024728,0.5647814368420022,32.0,32.0,0.664036770267849,1.664036770267849,20
2021-22,2021-11-27,0022100293,ATL,NYK,1,0,1562.854795715885,1538.8759434967628,-23.97885221912215,1486.8900854434446,0.6544740572935445,9.0,-9.0,0.2212784678984439,1.221278467898444,21
2021-22,2021-12-01,0022100319,ATL,IND,0,1,1538.8759434967628,1553.5987947771582,14.722851280395442,1473.6299295575543,0.5434178864474721,3.0,3.0,0.074859690687499,1.0748596906874992,22
2021-22,2021-12-03,0022100335,ATL,PHI,1,0,1553.5987947771582,1533.2931774341707,-20.30561734298743,1485.1329954368905,0.6446483285207062,2.0,-2.0,0.0499583749578799,1.04995837495788,23
2021-22,2021-12-05,0022100350,ATL,CHA,1,0,1533.2931774341707,1515.0223271867444,-18.27085024742631,1521.7296608873423,0.5666119465242312,3.0,-3.0,0.074859690687499,1.0748596906874992,24
2021-22,2021-12-06,0022100359,ATL,MIN,0,1,1515.0223271867444,1535.7326311170048,20.710303930260313,1510.8990046667927,0.4556815024042292,11.0,11.0,0.2682711820216014,1.2682711820216013,25
2021-22,2021-12-10,0022100384,ATL,BKN,1,0,1535.7326311170048,1518.9949181338902,-16.737712983114548,1594.425745353147,0.4659556253414534,8.0,-8.0,0.197375320224904,1.197375320224904,26
2021-22,2021-12-13,0022100407,ATL,HOU,1,0,1518.9949181338902,1495.5351689659526,-23.459749167937662,1422.5300315231802,0.6806526467361443,6.0,-6.0,0.1488850336233179,1.1488850336233178,27
2021-22,2021-12-15,0022100418,ATL,ORL,0,1,1495.5351689659526,1506.798169998969,11.263001033016042,1305.6130297326183,0.7092622157120951,12.0,12.0,0.2913126124515909,1.2913126124515908,28
2021-22,2021-12-17,0022100434,ATL,DEN,1,0,1506.798169998969,1482.247750005154,-24.55041999381459,1488.908884402735,0.5755312649531432,18.0,-18.0,0.4218990052500079,1.4218990052500078,29
2021-22,2021-12-22,0022100470,ATL,ORL,1,0,1482.247750005154,1456.0936724783958,-26.15407752675828,1318.1240964430713,0.7588249117283843,6.0,-6.0,0.1488850336233179,1.1488850336233178,30
2021-22,2021-12-23,0022100478,ATL,PHI,0,1,1456.0936724783958,1476.044157570704,19.950485092308124,1516.0683425976424,0.3666261581367148,2.0,2.0,0.0499583749578799,1.04995837495788,31
2021-22,2021-12-25,0022100488,ATL,NYK,0,0,1476.044157570704,1455.2303981004195,-20.81375947028435,1427.7242915363709,0.5191594423312804,14.0,-14.0,0.3363755443363322,1.3363755443363323,32
2021-22,2021-12-27,0022100502,ATL,CHI,1,0,1455.2303981004195,1441.4970200539833,-13.733378046436185,1594.337140993356,0.3545069286866436,12.0,-12.0,0.2913126124515909,1.2913126124515908,33
2021-22,2021-12-29,0022100519,ATL,CHI,0,0,1441.4970200539833,1431.931098242747,-9.56592181123604,1608.0705190397923,0.2386036333318926,14.0,-14.0,0.3363755443363322,1.3363755443363323,34
2021-22,2021-12-31,0022100533,ATL,CLE,0,1,1431.931098242747,1456.0906054161703,24.15950717342295,1587.0667402562217,0.2507702049318919,3.0,3.0,0.074859690687499,1.0748596906874992,35
2021-22,2022-01-03,0022100560,ATL,POR,0,0,1456.0906054161703,1436.9667380919475,-19.123867324222857,1374.2814307574142,0.5669591695280212,5.0,-5.0,0.1243530017715962,1.124353001771596,36
2021-22,2022-01-05,0022100577,ATL,SAC,0,1,1436.9667380919475,1454.746118501571,17.779380409623474,1412.9803046236348,0.4841555105082644,6.0,6.0,0.1488850336233179,1.1488850336233178,37
2021-22,2022-01-07,0022100589,ATL,LAL,0,0,1454.746118501571,1438.2867877939634,-16.45933070760737,1491.9338264325377,0.3975830787419894,16.0,-16.0,0.3799489622552249,1.379948962255225,38
2021-22,2022-01-09,0022100597,ATL,LAC,0,0,1438.2867877939634,1420.95224751895,-17.33454027501345,1445.369371710406,0.4397327302946326,13.0,-13.0,0.3140209253469976,1.3140209253469977,39
2021-22,2022-01-12,0022100621,ATL,MIA,1,0,1420.95224751895,1406.6962093936413,-14.256038125308542,1595.6261999567228,0.3091645715575192,24.0,-24.0,0.5370495669980352,1.5370495669980353,40
2021-22,2022-01-14,0022100636,ATL,MIA,0,0,1406.6962093936413,1399.7187756370793,-6.97743375656204,1609.882238082031,0.2024407302837148,6.0,-6.0,0.1488850336233179,1.1488850336233178,41
2021-22,2022-01-15,0022100643,ATL,NYK,1,0,1399.7187756370793,1384.831513097635,-14.887262539444272,1500.5852588345394,0.4063300039196365,9.0,-9.0,0.2212784678984439,1.221278467898444,42
2021-22,2022-01-17,0022100660,ATL,MIL,1,1,1384.831513097635,1408.936347389009,24.1048342913738,1554.6657763916576,0.3151462679808642,7.0,7.0,0.1732351578346601,1.17323515783466,43
2021-22,2022-01-19,0022100670,ATL,MIN,1,1,1408.936347389009,1434.1728741544778,25.23652676546889,1552.5779829835951,0.3485562281840572,12.0,12.0,0.2913126124515909,1.2913126124515908,44
2021-22,2022-01-21,0022100687,ATL,MIA,1,1,1434.1728741544778,1456.2480703547153,22.075196200237546,1617.0487942856068,0.2991723377883715,2.0,2.0,0.0499583749578799,1.04995837495788,45
2021-22,2022-01-23,0022100703,ATL,CHA,0,1,1456.2480703547153,1488.3062088939396,32.058138539224174,1578.6153356442708,0.2878439023980185,22.0,22.0,0.5005202111902353,1.5005202111902354,46
2021-22,2022-01-26,0022100725,ATL,SAC,1,1,1488.3062088939396,1498.9181609730083,10.611952079068727,1334.730368476035,0.7475390190868827,17.0,17.0,0.4011342849479459,1.401134284947946,47
2021-22,2022-01-28,0022100737,ATL,BOS,1,1,1498.9181609730083,1519.9337689278375,21.015607954829424,1539.228887825952,0.4923578448755572,16.0,16.0,0.3799489622552249,1.379948962255225,48
2021-22,2022-01-30,0022100751,ATL,LAL,1,1,1519.9337689278375,1532.8208073444914,12.887038416653596,1454.0456050303594,0.6412420233105353,8.0,8.0,0.197375320224904,1.197375320224904,49
2021-22,2022-01-31,0022100767,ATL,TOR,1,0,1532.8208073444914,1514.7725821107872,-18.04822523370417,1551.378553991888,0.5236446556299963,6.0,-6.0,0.1488850336233179,1.1488850336233178,50
2021-22,2022-02-03,0022100783,ATL,PHX,1,1,1514.7725821107872,1542.660519124493,27.88793701370583,1751.127637300469,0.2388321542616747,9.0,9.0,0.2212784678984439,1.221278467898444,51
2021-22,2022-02-04,0022100790,ATL,TOR,0,0,1542.660519124493,1528.4867834723173,-14.173735652175726,1598.2397726258191,0.3725211624846942,11.0,-11.0,0.2682711820216014,1.2682711820216013,52
2021-22,2022-02-06,0022100807,ATL,DAL,0,0,1528.4867834723173,1515.0321223392873,-13.45466113302993,1588.0107239698286,0.3672288640330187,9.0,-9.0,0.2212784678984439,1.221278467898444,53
2021-22,2022-02-08,0022100816,ATL,IND,1,1,1515.0321223392873,1527.0781840281409,12.04606168885358,1378.1498337886371,0.7289761099682479,21.0,21.0,0.4815497983643079,1.481549798364308,54
2021-22,2022-02-11,0022100841,ATL,SAS,1,0,1527.0781840281409,1498.7489151076686,-28.329268920472323,1418.852997803261,0.69518446703515,15.0,-15.0,0.3583573983507859,1.358357398350786,55
2021-22,2022-02-13,0022100856,ATL,BOS,0,0,1498.7489151076686,1488.1900505147364,-10.55886459293215,1625.482651772515,0.2827189950049942,10.0,-10.0,0.2449186624037091,1.2449186624037092,56
2021-22,2022-02-15,0022100867,ATL,CLE,1,1,1488.1900505147364,1509.9816941179834,21.791643603246925,1598.4539017957995,0.3933496808905392,8.0,8.0,0.197375320224904,1.197375320224904,57
2021-22,2022-02-16,0022100874,ATL,ORL,0,1,1509.9816941179834,1523.4860387037047,13.504344585721258,1330.9509072886094,0.6961662577788338,21.0,21.0,0.4815497983643079,1.481549798364308,58
2021-22,2022-02-24,0022100891,ATL,CHI,0,0,1523.4860387037047,1511.14490842034,-12.341130283364588,1577.902912664241,0.3740865529016193,4.0,-4.0,0.0996679946249558,1.099667994624956,59
2021-22,2022-02-26,0022100906,ATL,TOR,1,1,1511.14490842034,1536.961989713427,25.817081293087227,1575.2807293614978,0.4581681970562779,27.0,27.0,0.5882592563981054,1.5882592563981053,60
2021-22,2022-03-01,0022100927,ATL,BOS,0,0,1536.961989713427,1524.4624076365046,-12.49958207692261,1616.2898614422104,0.3411611248779237,9.0,-9.0,0.2212784678984439,1.221278467898444,61
2021-22,2022-03-03,0022100710,ATL,CHI,1,1,1524.4624076365046,1541.7196086744625,17.257201037957838,1559.944764407086,0.4993058332525922,6.0,6.0,0.1488850336233179,1.1488850336233178,62
2021-22,2022-03-04,0022100948,ATL,WAS,0,1,1541.7196086744625,1552.937834464948,11.218225790485436,1397.573686340722,0.6521026298384408,3.0,3.0,0.074859690687499,1.0748596906874992,63
2021-22,2022-03-07,0022100968,ATL,DET,0,0,1552.937834464948,1530.5003318035294,-22.437502661418463,1374.1853123458286,0.6958273362193299,3.0,-3.0,0.074859690687499,1.0748596906874992,64
2021-22,2022-03-09,0022100984,ATL,MIL,0,0,1530.5003318035294,1518.181842939038,-12.318488864491371,1613.6618228645636,0.33621840249884,9.0,-9.0,0.2212784678984439,1.221278467898444,65
2021-22,2022-03-11,0022100996,ATL,LAC,1,1,1518.181842939038,1533.072384696172,14.89054175713416,1505.656377829759,0.5679712265559814,6.0,6.0,0.1488850336233179,1.1488850336233178,66
2021-22,2022-03-13,0022101016,ATL,IND,1,1,1533.072384696172,1540.56435333811,7.491968641937746,1360.4538590457466,0.7676605698136671,3.0,3.0,0.074859690687499,1.0748596906874992,67
2021-22,2022-03-14,0022101021,ATL,POR,1,1,1540.56435333811,1549.9598019142154,9.395448576105643,1390.62999197081,0.7435624819109116,9.0,9.0,0.2212784678984439,1.221278467898444,68
2021-22,2022-03-16,0022101033,ATL,CHA,0,0,1549.9598019142154,1529.5265150069522,-20.433286907263245,1482.125842701247,0.5471116982537189,10.0,-10.0,0.2449186624037091,1.2449186624037092,69
2021-22,2022-03-18,0022101047,ATL,MEM,1,1,1529.5265150069522,1555.5609868287313,26.034471821779213,1663.6271591914178,0.3611285745222309,15.0,15.0,0.3583573983507859,1.358357398350786,70
2021-22,2022-03-20,0022101064,ATL,NOP,1,0,1555.5609868287313,1534.681796751646,-20.879190077085152,1506.2557038028522,0.6189986609835962,5.0,-5.0,0.1243530017715962,1.124353001771596,71
2021-22,2022-03-22,0022101081,ATL,NYK,0,1,1534.681796751646,1548.9744636867104,14.292666935064274,1439.811297746814,0.5853177496217498,6.0,6.0,0.1488850336233179,1.1488850336233178,72
2021-22,2022-03-23,0022101085,ATL,DET,0,0,1548.9744636867104,1517.162764124451,-31.811699562259328,1353.5669863440448,0.7157302350412781,21.0,-21.0,0.4815497983643079,1.481549798364308,73
2021-22,2022-03-25,0022101102,ATL,GSW,1,1,1517.162764124451,1536.0957654678,18.933001343348813,1550.4996106075062,0.5023934520278764,11.0,11.0,0.2682711820216014,1.2682711820216013,74
2021-22,2022-03-28,0022101124,ATL,IND,0,1,1536.0957654678,1546.7529644041697,10.65719893636962,1346.2896123583207,0.7091245167394582,9.0,9.0,0.2212784678984439,1.221278467898444,75
2021-22,2022-03-30,0022101143,ATL,OKC,0,1,1546.7529644041697,1557.1485415639086,10.39557715973886,1315.0191606530157,0.7562982761936494,18.0,18.0,0.4218990052500079,1.4218990052500078,76
2021-22,2022-03-31,0022100452,ATL,CLE,1,1,1557.1485415639086,1572.2161546828054,15.067613118896851,1466.57596158066,0.6732351503726509,24.0,24.0,0.5370495669980352,1.5370495669980353,77
2021-22,2022-04-02,0022101163,ATL,BKN,1,1,1572.2161546828054,1584.6011735358456,12.385018853040236,1501.1092050795116,0.6481234311713431,7.0,7.0,0.1732351578346601,1.17323515783466,78
2021-22,2022-04-05,0022101182,ATL,TOR,0,0,1584.6011735358456,1569.6852409338253,-14.915932602020346,1620.4853206035214,0.3993817173892153,10.0,-10.0,0.2449186624037091,1.2449186624037092,79
2021-22,2022-04-06,0022101192,ATL,WAS,1,1,1569.6852409338253,1580.8637162651546,11.178475331329258,1435.6845422897006,0.7256864468585045,15.0,15.0,0.3583573983507859,1.358357398350786,80
2021-22,2022-04-08,0022101207,ATL,MIA,0,0,1580.8637162651546,1568.5882231031967,-12.275493161957804,1636.7583101835055,0.3720969487141855,4.0,-4.0,0.0996679946249558,1.099667994624956,81
2021-22,2022-04-10,0022101221,ATL,HOU,0,1,1568.5882231031967,1576.126989698931,7.53876659573431,1272.6350880983266,0.8178974536513813,16.0,16.0,0.3799489622552249,1.379948962255225,82
2021-22,2021-10-19,0022100001,BKN,MIL,0,0,1500.0,1479.5022899007174,-20.497710099282557,1500.0,0.449800646746463,23.0,-23.0,0.5190218338982221,1.519021833898222,1
2021-22,2021-10-22,0022100021,BKN,PHI,0,1,1479.5022899007174,1500.1667754204905,20.664485519772963,1524.1336774291608,0.3873666162610024,5.0,5.0,0.1243530017715962,1.124353001771596,2
2021-22,2021-10-24,0022100035,BKN,CHA,1,0,1500.1667754204905,1479.3430616487558,-20.823713771734745,1533.0773709471594,0.5030068584976972,16.0,-16.0,0.3799489622552249,1.379948962255225,3
2021-22,2021-10-25,0022100044,BKN,WAS,1,1,1479.3430616487558,1500.5610791574238,21.218017508668037,1534.686316786649,0.47075711368231,14.0,14.0,0.3363755443363322,1.3363755443363323,4
2021-22,2021-10-27,0022100057,BKN,MIA,1,0,1500.5610791574238,1480.1363958775669,-20.424683279856858,1522.963303490208,0.5181217154631244,13.0,-13.0,0.3140209253469976,1.3140209253469977,5
2021-22,2021-10-29,0022100072,BKN,IND,1,1,1480.1363958775669,1494.719146747933,14.58275087036642,1455.0047090646256,0.5856826379325193,7.0,7.0,0.1732351578346601,1.17323515783466,6
2021-22,2021-10-31,0022100092,BKN,DET,1,1,1494.719146747933,1513.048925712411,18.329778964477363,1451.102518366043,0.6112462251402749,26.0,26.0,0.5716699660851172,1.5716699660851172,7
2021-22,2021-11-03,0022100113,BKN,ATL,1,1,1513.048925712411,1529.659025923408,16.61010021099731,1515.5405920604708,0.5466472048868675,9.0,9.0,0.2212784678984439,1.221278467898444,8
2021-22,2021-11-05,0022100124,BKN,DET,0,1,1529.659025923408,1542.1624686405803,12.503442717172446,1396.793348271366,0.6372296516116013,6.0,6.0,0.1488850336233179,1.1488850336233178,9
2021-22,2021-11-07,0022100139,BKN,TOR,0,1,1542.1624686405803,1563.766474034133,21.604005393552136,1540.6460294605772,0.4519619138270293,13.0,13.0,0.3140209253469976,1.3140209253469977,10
2021-22,2021-11-08,0022100148,BKN,CHI,0,0,1563.766474034133,1542.0860139913082,-21.68046004282452,1545.6269543514554,0.4757548478239355,23.0,-23.0,0.5190218338982221,1.519021833898222,11
2021-22,2021-11-10,0022100159,BKN,ORL,0,1,1542.0860139913082,1561.672484838692,19.586470847383953,1428.747435237422,0.6108658202695483,33.0,33.0,0.6777821008468294,1.6777821008468294,12
2021-22,2021-11-12,0022100179,BKN,NOP,0,1,1561.672484838692,1571.5358895053464,9.863404666654434,1357.9077605255618,0.7254159577187604,8.0,8.0,0.197375320224904,1.197375320224904,13
2021-22,2021-11-14,0022100196,BKN,OKC,0,1,1571.5358895053464,1591.081802399002,19.545912893655625,1483.2305907033835,0.5761161879372536,24.0,24.0,0.5370495669980352,1.5370495669980353,14
2021-22,2021-11-16,0022100210,BKN,GSW,1,0,1591.081802399002,1568.0932595638913,-22.988542835110895,1598.985079052644,0.5389164478919021,18.0,-18.0,0.4218990052500079,1.4218990052500078,15
2021-22,2021-11-17,0022100216,BKN,CLE,1,1,1568.0932595638913,1583.913190124606,15.819930560714742,1549.5766060750104,0.5764132753281149,10.0,10.0,0.2449186624037091,1.2449186624037092,16
2021-22,2021-11-19,0022100233,BKN,ORL,1,1,1583.913190124606,1591.0649496161734,7.151759491567343,1406.1002270502213,0.772951015261145,2.0,2.0,0.0499583749578799,1.04995837495788,17
2021-22,2021-11-22,0022100253,BKN,CLE,0,1,1591.0649496161734,1606.016881099147,14.951931482973505,1516.4780426033533,0.5567248761609456,5.0,5.0,0.1243530017715962,1.124353001771596,18
2021-22,2021-11-24,0022100270,BKN,BOS,0,1,1606.016881099147,1626.553826528342,20.536945429195107,1553.3917120156937,0.5253429212814789,19.0,19.0,0.4422303560457261,1.442230356045726,19
2021-22,2021-11-27,0022100294,BKN,PHX,1,0,1626.553826528342,1609.8893054419837,-16.66452108635849,1673.024502321956,0.4834983657677926,6.0,-6.0,0.1488850336233179,1.1488850336233178,20
2021-22,2021-11-30,0022100314,BKN,NYK,1,1,1609.8893054419837,1619.8478982333609,9.958592791377132,1510.8689376625669,0.6838416636666944,2.0,2.0,0.0499583749578799,1.04995837495788,21
2021-22,2021-12-03,0022100336,BKN,MIN,1,1,1619.8478982333609,1630.544369807647,10.696471574285969,1521.5954762410788,0.682885133125985,5.0,5.0,0.1243530017715962,1.124353001771596,22
2021-22,2021-12-04,0022100343,BKN,CHI,1,0,1630.544369807647,1609.9747100472084,-20.56965976043855,1577.9074809324818,0.6235112131110044,4.0,-4.0,0.0996679946249558,1.099667994624956,23
2021-22,2021-12-07,0022100363,BKN,DAL,0,1,1609.9747100472084,1621.4204302937671,11.445720246558611,1471.206038190444,0.6450476173549768,3.0,3.0,0.074859690687499,1.0748596906874992,24
2021-22,2021-12-08,0022100372,BKN,HOU,0,0,1621.4204302937671,1594.425745353147,-26.994684940620154,1419.933512057,0.7227964834398197,10.0,-10.0,0.2449186624037091,1.2449186624037092,25
2021-22,2021-12-10,0022100384,BKN,ATL,0,1,1594.425745353147,1611.1634583362616,16.737712983114548,1535.7326311170048,0.5340443746585466,8.0,8.0,0.197375320224904,1.197375320224904,26
2021-22,2021-12-12,0022100399,BKN,DET,0,1,1611.1634583362616,1617.4176421133436,6.254183777081968,1289.9575247452776,0.8385574565297493,12.0,12.0,0.2913126124515909,1.2913126124515908,27
2021-22,2021-12-14,0022100413,BKN,TOR,1,1,1617.4176421133436,1626.4280139809352,9.010371867591738,1493.5314644697348,0.7139451086032118,2.0,2.0,0.0499583749578799,1.04995837495788,28
2021-22,2021-12-16,0022100429,BKN,PHI,1,1,1626.4280139809352,1637.090105256733,10.662091275797748,1506.7343049355327,0.7089909861932117,9.0,9.0,0.2212784678984439,1.221278467898444,29
2021-22,2021-12-18,0022100442,BKN,ORL,1,0,1637.090105256733,1605.3401455581768,-31.749959698556193,1286.374136744515,0.9020629691196316,7.0,-7.0,0.1732351578346601,1.17323515783466,30
2021-22,2021-12-25,0022100491,BKN,LAL,0,1,1605.3401455581768,1616.969216001451,11.629070443274257,1447.6291700519612,0.6696010353475076,7.0,7.0,0.1732351578346601,1.17323515783466,31
2021-22,2021-12-27,0022100507,BKN,LAC,0,1,1616.969216001451,1631.495983041141,14.526767039690007,1475.118736040777,0.6490989295732315,16.0,16.0,0.3799489622552249,1.379948962255225,32
2021-22,2021-12-30,0022100525,BKN,PHI,1,0,1631.495983041141,1607.1339949584908,-24.361988082650175,1536.983078600599,0.678205284262199,8.0,-8.0,0.197375320224904,1.197375320224904,33
2021-22,2022-01-01,0022100542,BKN,LAC,1,0,1607.1339949584908,1582.950609858499,-24.183385099991455,1466.6515464151173,0.7330511032480385,4.0,-4.0,0.0996679946249558,1.099667994624956,34
2021-22,2022-01-03,0022100554,BKN,MEM,1,0,1582.950609858499,1561.5473780438958,-21.403231814603423,1594.384318765062,0.533862703122937,14.0,-14.0,0.3363755443363322,1.3363755443363323,35
2021-22,2022-01-05,0022100571,BKN,IND,0,1,1561.5473780438958,1573.926685040329,12.379306996433218,1414.88891887284,0.655376589463806,8.0,8.0,0.197375320224904,1.197375320224904,36
2021-22,2022-01-07,0022100583,BKN,MIL,1,0,1573.926685040329,1552.204081543662,-21.72260349666711,1566.51283636918,0.5607370176982468,12.0,-12.0,0.2913126124515909,1.2913126124515908,37
2021-22,2022-01-09,0022100602,BKN,SAS,1,1,1552.204081543662,1562.4487133927692,10.244631849107144,1460.425377634206,0.6747606986636299,2.0,2.0,0.0499583749578799,1.04995837495788,38
2021-22,2022-01-10,0022100486,BKN,POR,0,0,1562.4487133927692,1538.6884428856715,-23.760270507097474,1388.9636081439087,0.6893718637846955,6.0,-6.0,0.1488850336233179,1.1488850336233178,39
2021-22,2022-01-12,0022100625,BKN,CHI,0,1,1538.6884428856715,1570.7230114723577,32.03456858668588,1634.166638377758,0.3205832166218927,26.0,26.0,0.5716699660851172,1.5716699660851172,40
2021-22,2022-01-13,0022100630,BKN,OKC,1,0,1570.7230114723577,1534.5254463635297,-36.19756510882811,1348.8102911935143,0.8144076594385985,21.0,-21.0,0.4815497983643079,1.481549798364308,41
2021-22,2022-01-15,0022100644,BKN,NOP,1,1,1534.5254463635297,1550.6410108701298,16.115564506600123,1495.8015186278378,0.6045330306990288,15.0,15.0,0.3583573983507859,1.358357398350786,42
2021-22,2022-01-17,0022100657,BKN,CLE,0,0,1550.6410108701298,1537.6527905157443,-12.9882203543855,1608.8314577866645,0.3690144090793855,7.0,-7.0,0.1732351578346601,1.17323515783466,43
2021-22,2022-01-19,0022100669,BKN,WAS,0,1,1537.6527905157443,1552.0765526039102,14.423762088165947,1481.1314244415144,0.5309321833595457,1.0,1.0,0.0249947929684206,1.0249947929684209,44
2021-22,2022-01-21,0022100691,BKN,SAS,0,1,1552.0765526039102,1567.2837046368331,15.207152032922863,1426.9830704122576,0.6268249664046142,15.0,15.0,0.3583573983507859,1.358357398350786,45
2021-22,2022-01-23,0022100706,BKN,MIN,0,0,1567.2837046368331,1547.9890390421403,-19.294665594692855,1527.3414562181265,0.5071119875150967,11.0,-11.0,0.2682711820216014,1.2682711820216013,46
2021-22,2022-01-25,0022100718,BKN,LAL,1,0,1547.9890390421403,1522.606220317205,-25.38281872493542,1452.3344226595325,0.6796379418589447,10.0,-10.0,0.2449186624037091,1.2449186624037092,47
2021-22,2022-01-26,0022100453,BKN,DEN,1,0,1522.606220317205,1504.1678568657671,-18.43836345143791,1533.271038066942,0.5349639842635827,6.0,-6.0,0.1488850336233179,1.1488850336233178,48
2021-22,2022-01-29,0022100750,BKN,GSW,0,0,1504.1678568657671,1495.6672229316823,-8.500633934084751,1652.9786309392512,0.2576727392763034,4.0,-4.0,0.0996679946249558,1.099667994624956,49
2021-22,2022-02-01,0022100772,BKN,PHX,0,0,1495.6672229316823,1489.5843320453216,-6.082890886360773,1745.0447464141082,0.1628725118104189,10.0,-10.0,0.2449186624037091,1.2449186624037092,50
2021-22,2022-02-02,0022100780,BKN,SAC,0,0,1489.5843320453216,1462.9363054523833,-26.64802659293836,1307.0819103100007,0.7003766747124719,11.0,-11.0,0.2682711820216014,1.2682711820216013,51
2021-22,2022-02-04,0022100793,BKN,UTA,0,0,1462.9363054523833,1445.527126488426,-17.40917896395726,1511.4871551894994,0.3820260858107743,23.0,-23.0,0.5190218338982221,1.519021833898222,52
2021-22,2022-02-06,0022100804,BKN,DEN,0,0,1445.527126488426,1431.0554146869697,-14.47171180145659,1533.6096551780638,0.3299259508628435,20.0,-20.0,0.4621171572600097,1.4621171572600098,53
2021-22,2022-02-08,0022100817,BKN,BOS,1,0,1431.0554146869697,1414.640153541253,-16.41526114571647,1596.0976326968878,0.3211300967962749,35.0,-35.0,0.703905603936621,1.703905603936621,54
2021-22,2022-02-10,0022100832,BKN,WAS,0,0,1414.640153541253,1400.1803001357468,-14.45985340550624,1400.3429286786943,0.4702415239798438,1.0,-1.0,0.0249947929684206,1.0249947929684209,55
2021-22,2022-02-12,0022100851,BKN,MIA,0,0,1400.1803001357468,1394.1192008673054,-6.0610992684414535,1624.247448515056,0.1837251272828821,4.0,-4.0,0.0996679946249558,1.099667994624956,56
2021-22,2022-02-14,0022100859,BKN,SAC,1,1,1394.1192008673054,1414.9050715289727,20.785870661667413,1394.802479680693,0.5492257567580451,24.0,24.0,0.5370495669980352,1.5370495669980353,57
2021-22,2022-02-16,0022100877,BKN,NYK,0,1,1414.9050715289727,1432.2521015007476,17.34702997177496,1389.831811823739,0.4857181583707262,5.0,5.0,0.1243530017715962,1.124353001771596,58
2021-22,2022-02-17,0022100464,BKN,WAS,1,0,1432.2521015007476,1407.4829794949003,-24.769122005847173,1383.81567606687,0.6178183996961212,14.0,-14.0,0.3363755443363322,1.3363755443363323,59
2021-22,2022-02-24,0022100890,BKN,BOS,1,0,1407.4829794949003,1396.2245138169392,-11.258465677961391,1636.0706681111617,0.247055164639934,23.0,-23.0,0.5190218338982221,1.519021833898222,60
2021-22,2022-02-26,0022100910,BKN,MIL,0,1,1396.2245138169392,1420.3608323809788,24.13631856403952,1550.6958907122728,0.2514893254392578,3.0,3.0,0.074859690687499,1.0748596906874992,61
2021-22,2022-02-28,0022100726,BKN,TOR,1,0,1420.3608323809788,1401.4235951384514,-18.937237242527413,1549.4636480684103,0.3677923584117603,36.0,-36.0,0.7162978701990245,1.7162978701990244,62
2021-22,2022-03-01,0022100928,BKN,TOR,0,0,1401.4235951384514,1394.0995478355703,-7.324047302881104,1568.4008853109378,0.2381816100636117,1.0,-1.0,0.0249947929684206,1.0249947929684209,63
2021-22,2022-03-03,0022100941,BKN,MIA,1,0,1394.0995478355703,1385.958209699069,-8.141338136501531,1632.969987392218,0.2362098294792135,6.0,-6.0,0.1488850336233179,1.1488850336233178,64
2021-22,2022-03-06,0022100960,BKN,BOS,0,0,1385.958209699069,1380.707281818832,-5.2509278802367785,1649.1098497805465,0.1523485154900302,6.0,-6.0,0.1488850336233179,1.1488850336233178,65
2021-22,2022-03-08,0022100975,BKN,CHA,0,1,1380.707281818832,1406.4787299699428,25.771448151110754,1474.5303333210084,0.3226619954145892,11.0,11.0,0.2682711820216014,1.2682711820216013,66
2021-22,2022-03-10,0022100993,BKN,PHI,0,1,1406.4787299699428,1446.6527489703549,40.17401900041177,1642.810589232368,0.173372496479599,29.0,29.0,0.619996867969374,1.619996867969374,67
2021-22,2022-03-13,0022101012,BKN,NYK,1,1,1446.6527489703549,1460.8372392335586,14.184490263203903,1439.678635432926,0.5601134304288822,3.0,3.0,0.074859690687499,1.0748596906874992,68
2021-22,2022-03-15,0022101030,BKN,ORL,0,1,1460.8372392335586,1485.31377773161,24.47653849805117,1396.5119605714967,0.5421025336913481,42.0,42.0,0.7818063576087741,1.781806357608774,69
2021-22,2022-03-16,0022101036,BKN,DAL,1,0,1485.31377773161,1475.2585726599923,-10.055205071617438,1651.8760477864394,0.3192255144406974,2.0,-2.0,0.0499583749578799,1.04995837495788,70
2021-22,2022-03-18,0022101048,BKN,POR,1,1,1475.2585726599923,1485.342705364345,10.084132704352337,1362.2075595265374,0.7010389474817017,5.0,5.0,0.1243530017715962,1.124353001771596,71
2021-22,2022-03-21,0022101075,BKN,UTA,1,1,1485.342705364345,1507.581380858908,22.238675494563044,1604.719021799484,0.3809049087358302,8.0,8.0,0.197375320224904,1.197375320224904,72
2021-22,2022-03-23,0022101089,BKN,MEM,0,0,1507.581380858908,1497.0344640642084,-10.546916794699596,1643.384371816961,0.2722531242757707,12.0,-12.0,0.2913126124515909,1.2913126124515908,73
2021-22,2022-03-26,0022101111,BKN,MIA,0,1,1497.0344640642084,1523.4787362442005,26.444272179992133,1568.7543617124393,0.3510723021766644,15.0,15.0,0.3583573983507859,1.358357398350786,74
2021-22,2022-03-27,0022101120,BKN,CHA,1,0,1523.4787362442005,1503.9102372068107,-19.568499037389664,1534.7476629468597,0.5340987484768814,9.0,-9.0,0.2212784678984439,1.221278467898444,75
2021-22,2022-03-29,0022101133,BKN,DET,1,1,1503.9102372068107,1512.8806402714824,8.970403064671792,1352.5378809340534,0.7451376789279625,7.0,7.0,0.1732351578346601,1.17323515783466,76
2021-22,2022-03-31,0022101148,BKN,MIL,1,0,1512.8806402714824,1501.1092050795116,-11.771435191970902,1630.8527909255386,0.3828128452529473,1.0,-1.0,0.0249947929684206,1.0249947929684209,77
2021-22,2022-04-02,0022101163,BKN,ATL,0,0,1501.1092050795116,1488.7241862264714,-12.385018853040236,1572.2161546828054,0.3518765688286569,7.0,-7.0,0.1732351578346601,1.17323515783466,78
2021-22,2022-04-05,0022101180,BKN,HOU,1,1,1488.7241862264714,1496.6211224877418,7.896936261270453,1283.2528118205169,0.799675025236373,13.0,13.0,0.3140209253469976,1.3140209253469977,79
2021-22,2022-04-06,0022101191,BKN,NYK,0,1,1496.6211224877418,1516.9974958315129,20.3763733437708,1479.694376953253,0.4740139310628606,12.0,12.0,0.2913126124515909,1.2913126124515908,80
2021-22,2022-04-08,0022101205,BKN,CLE,1,1,1516.9974958315129,1530.1867161531354,13.189220321622871,1441.8922763396592,0.6533543585791725,11.0,11.0,0.2682711820216014,1.2682711820216013,81
2021-22,2022-04-10,0022101216,BKN,IND,1,1,1530.1867161531354,1536.5552204101848,6.36850425704948,1298.562502122012,0.8227093279364491,8.0,8.0,0.197375320224904,1.197375320224904,82
2021-22,2021-10-20,0022100005,BOS,NYK,0,0,1500.0,1485.1610587443392,-14.838941255660735,1500.0,0.449800646746463,4.0,-4.0,0.0996679946249558,1.099667994624956,1
2021-22,2021-10-22,0022100020,BOS,TOR,1,0,1485.1610587443392,1457.1565412226082,-28.004517521731135,1477.5789791382072,0.5609755349581494,32.0,-32.0,0.664036770267849,1.664036770267849,2
2021-22,2021-10-24,0022100037,BOS,HOU,0,1,1457.1565412226082,1480.1188196354756,22.96227841286732,1503.395187123068,0.385173261881185,10.0,10.0,0.2449186624037091,1.2449186624037092,3
2021-22,2021-10-25,0022100041,BOS,CHA,0,1,1480.1188196354756,1504.9120334858237,24.793213850348135,1553.901084718894,0.3483724353328442,11.0,11.0,0.2682711820216014,1.2682711820216013,4
2021-22,2021-10-27,0022100056,BOS,WAS,1,0,1504.9120334858237,1485.201248309475,-19.71078517634875,1513.468299277981,0.5379822782559642,9.0,-9.0,0.2212784678984439,1.221278467898444,5
2021-22,2021-10-30,0022100078,BOS,WAS,0,0,1485.201248309475,1473.6037435372286,-11.597504772246364,1550.4090267169752,0.359659493939108,3.0,-3.0,0.074859690687499,1.0748596906874992,6
2021-22,2021-11-01,0022100098,BOS,CHI,1,0,1473.6037435372286,1456.7530354701685,-16.850708067060143,1564.455104100443,0.4203087008606926,14.0,-14.0,0.3363755443363322,1.3363755443363323,7
2021-22,2021-11-03,0022100110,BOS,ORL,0,1,1456.7530354701685,1477.8237955412353,21.070760071066804,1445.7719413714576,0.4654889770114687,13.0,13.0,0.3140209253469976,1.3140209253469977,8
2021-22,2021-11-04,0022100121,BOS,MIA,0,1,1477.8237955412353,1507.9123866056325,30.088591064396883,1603.303712367583,0.2841849305563476,17.0,17.0,0.4011342849479459,1.401134284947946,9
2021-22,2021-11-06,0022100136,BOS,DAL,0,0,1507.9123866056325,1493.7845749964993,-14.127811609133056,1516.126330427354,0.4381288625090734,3.0,-3.0,0.074859690687499,1.0748596906874992,10
2021-22,2021-11-10,0022100160,BOS,TOR,1,1,1493.7845749964993,1513.9035277502228,20.11895275372359,1519.042024067025,0.5140169841053744,16.0,16.0,0.3799489622552249,1.379948962255225,11
2021-22,2021-11-12,0022100175,BOS,MIL,1,1,1513.9035277502228,1530.4005142871283,16.496986536905805,1514.2297942674315,0.5497345071706278,9.0,9.0,0.2212784678984439,1.221278467898444,12
2021-22,2021-11-13,0022100190,BOS,CLE,0,0,1530.4005142871283,1517.466371968096,-12.934142319032713,1558.1797821870396,0.4106239709915984,2.0,-2.0,0.0499583749578799,1.04995837495788,13
2021-22,2021-11-15,0022100199,BOS,CLE,0,1,1517.466371968096,1539.0036903991577,21.537318431061664,1571.1139245060722,0.375124060843061,6.0,6.0,0.1488850336233179,1.1488850336233178,14
2021-22,2021-11-17,0022100215,BOS,ATL,0,0,1539.0036903991577,1518.2169627341552,-20.78672766500244,1471.7197250093675,0.546327104162607,11.0,-11.0,0.2682711820216014,1.2682711820216013,15
2021-22,2021-11-19,0022100232,BOS,LAL,1,1,1518.2169627341552,1534.9097045421502,16.692741807994977,1461.3731631325577,0.6291787856080916,22.0,22.0,0.5005202111902353,1.5005202111902354,16
2021-22,2021-11-20,0022100243,BOS,OKC,1,1,1534.9097045421502,1546.155561402946,11.245856860795772,1443.9566458434674,0.6737167911591369,6.0,6.0,0.1488850336233179,1.1488850336233178,17
2021-22,2021-11-22,0022100256,BOS,HOU,1,1,1546.155561402946,1553.3917120156937,7.236150612747605,1305.2551583043507,0.8303641682465979,18.0,18.0,0.4218990052500079,1.4218990052500078,18
2021-22,2021-11-24,0022100270,BOS,BKN,1,0,1553.3917120156937,1532.8547665864985,-20.536945429195107,1606.016881099147,0.4746570787185211,19.0,-19.0,0.4422303560457261,1.442230356045726,19
2021-22,2021-11-26,0022100287,BOS,SAS,0,0,1532.8547665864985,1509.0134215405992,-23.8413450458994,1379.7480103705152,0.6637112759103041,8.0,-8.0,0.197375320224904,1.197375320224904,20
2021-22,2021-11-28,0022100302,BOS,TOR,0,1,1509.0134215405992,1528.7347145589852,19.72129301838606,1480.3208590006766,0.490923864905063,12.0,12.0,0.2913126124515909,1.2913126124515908,21
2021-22,2021-12-01,0022100322,BOS,PHI,1,1,1528.7347145589852,1541.2185661836386,12.48385162465352,1497.616847061544,0.5940190229812501,1.0,1.0,0.0249947929684206,1.0249947929684209,22
2021-22,2021-12-03,0022100339,BOS,UTA,0,0,1541.2185661836386,1527.2122954417653,-14.006270741873353,1578.1483691950643,0.3979387152507866,7.0,-7.0,0.1732351578346601,1.17323515783466,23
2021-22,2021-12-04,0022100347,BOS,POR,0,1,1527.2122954417653,1550.251559859049,23.039264417283658,1477.3872275283356,0.5213220487661052,28.0,28.0,0.6043677771171634,1.6043677771171634,24
2021-22,2021-12-07,0022100365,BOS,LAL,0,0,1550.251559859049,1526.8906377385258,-23.360922120523036,1463.9734004103757,0.5732640061907637,15.0,-15.0,0.3583573983507859,1.358357398350786,25
2021-22,2021-12-08,0022100378,BOS,LAC,0,0,1526.8906377385258,1510.3741213155647,-16.516516422961082,1483.4067307348284,0.5122068975159858,3.0,-3.0,0.074859690687499,1.0748596906874992,26
2021-22,2021-12-10,0022100390,BOS,PHX,0,0,1510.3741213155647,1500.5437812082037,-9.830340107361012,1694.0582287659995,0.2211724532921339,21.0,-21.0,0.4815497983643079,1.481549798364308,27
2021-22,2021-12-13,0022100408,BOS,MIL,1,1,1500.5437812082037,1524.7502152035183,24.20643399531462,1608.7230533154066,0.3962167770902563,14.0,14.0,0.3363755443363322,1.3363755443363323,28
2021-22,2021-12-17,0022100435,BOS,GSW,1,0,1524.7502152035183,1513.6644520623856,-11.085763141132595,1678.055543877869,0.3360336391019369,4.0,-4.0,0.0996679946249558,1.099667994624956,29
2021-22,2021-12-18,0022100445,BOS,NYK,1,1,1513.6644520623856,1526.3259354007455,12.661483338359862,1448.5108575027336,0.6402686692487668,7.0,7.0,0.1732351578346601,1.17323515783466,30
2021-22,2021-12-20,0022100457,BOS,PHI,1,0,1526.3259354007455,1506.329806462838,-19.996128937907624,1496.0722136597349,0.5928188302191144,5.0,-5.0,0.1243530017715962,1.124353001771596,31
2021-22,2021-12-22,0022100471,BOS,CLE,1,1,1506.329806462838,1530.5067431346693,24.176936671831264,1646.847785568396,0.3526501663128727,10.0,10.0,0.2449186624037091,1.2449186624037092,32
2021-22,2021-12-25,0022100489,BOS,MIL,0,0,1530.5067431346693,1517.8992065481634,-12.607536586505828,1578.9576563971557,0.3821619085072325,4.0,-4.0,0.0996679946249558,1.099667994624956,33
2021-22,2021-12-27,0022100503,BOS,MIN,0,0,1517.8992065481634,1501.8351028292122,-16.064103718951188,1499.416679457447,0.4762473379101773,5.0,-5.0,0.1243530017715962,1.124353001771596,34
2021-22,2021-12-29,0022100518,BOS,LAC,1,0,1501.8351028292122,1479.5591781616813,-22.275924667530997,1460.5919690010874,0.6079946889825776,9.0,-9.0,0.2212784678984439,1.221278467898444,35
2021-22,2021-12-31,0022100529,BOS,PHX,1,1,1479.5591781616813,1508.7855332685583,29.226355106877033,1676.2222111512915,0.2828015380350451,15.0,15.0,0.3583573983507859,1.358357398350786,36
2021-22,2022-01-02,0022100546,BOS,ORL,1,1,1508.7855332685583,1515.6605921474004,6.8750588788420846,1307.0826033414414,0.7961773313775614,5.0,5.0,0.1243530017715962,1.124353001771596,37
2021-22,2022-01-05,0022100570,BOS,SAS,1,0,1515.6605921474004,1495.6335145575083,-20.027077589891945,1453.8642735442274,0.6358054461189266,2.0,-2.0,0.0499583749578799,1.04995837495788,38
2021-22,2022-01-06,0022100578,BOS,NYK,0,0,1495.6335145575083,1479.4106825075005,-16.222832050008233,1458.4799307124213,0.5030992165942398,3.0,-3.0,0.074859690687499,1.0748596906874992,39
2021-22,2022-01-08,0022100595,BOS,NYK,1,1,1479.4106825075005,1499.8428309171493,20.43214840964901,1474.7027627624295,0.5568967792072268,24.0,24.0,0.5370495669980352,1.5370495669980353,40
2021-22,2022-01-10,0022100609,BOS,IND,1,1,1499.8428309171493,1511.3583854061835,11.515554489034509,1432.7150723264726,0.6428819318216018,3.0,3.0,0.074859690687499,1.0748596906874992,41
2021-22,2022-01-12,0022100618,BOS,IND,0,1,1511.3583854061835,1529.5858812146078,18.227495808424113,1421.1995178374382,0.5787197301268885,19.0,19.0,0.4422303560457261,1.442230356045726,42
2021-22,2022-01-14,0022100635,BOS,PHI,0,0,1529.5858812146078,1514.638971150853,-14.946910063754686,1575.3411124824686,0.3858324705065694,12.0,-12.0,0.2913126124515909,1.2913126124515908,43
2021-22,2022-01-15,0022100647,BOS,CHI,1,1,1514.638971150853,1531.4926455231107,16.853674372257743,1574.0401483303813,0.4649415070721623,2.0,2.0,0.0499583749578799,1.04995837495788,44
2021-22,2022-01-17,0022100654,BOS,NOP,1,1,1531.4926455231107,1546.1210723108136,14.628426787703004,1479.6859541212375,0.6223887062242671,12.0,12.0,0.2913126124515909,1.2913126124515908,45
2021-22,2022-01-19,0022100671,BOS,CHA,1,0,1546.1210723108136,1526.1663797380377,-19.954692572775848,1550.0196033019454,0.5446394385689274,9.0,-9.0,0.2212784678984439,1.221278467898444,46
2021-22,2022-01-21,0022100688,BOS,POR,1,0,1526.1663797380377,1503.4391304716926,-22.727249266345183,1423.0538162847365,0.6889124528928497,4.0,-4.0,0.0996679946249558,1.099667994624956,47
2021-22,2022-01-23,0022100699,BOS,WAS,0,1,1503.4391304716926,1526.5837312895248,23.144600817832178,1451.9076848589564,0.5237727250085499,29.0,29.0,0.619996867969374,1.619996867969374,48
2021-22,2022-01-25,0022100717,BOS,SAC,1,1,1526.5837312895248,1539.228887825952,12.645156536427072,1347.375525012462,0.7743574635822555,53.0,53.0,0.8680219810175624,1.8680219810175624,49
2021-22,2022-01-28,0022100737,BOS,ATL,0,0,1539.228887825952,1518.2132798711225,-21.015607954829424,1498.9181609730083,0.5076421551244428,16.0,-16.0,0.3799489622552249,1.379948962255225,50
2021-22,2022-01-29,0022100745,BOS,NOP,0,1,1518.2132798711225,1536.108587637943,17.895307766820466,1468.7209928257412,0.5208439901268218,10.0,10.0,0.2449186624037091,1.2449186624037092,51
2021-22,2022-01-31,0022100762,BOS,MIA,1,1,1536.108587637943,1562.828256820079,26.719669182136386,1602.2481959600154,0.4553061125690076,30.0,30.0,0.6351489523872873,1.6351489523872873,52
2021-22,2022-02-02,0022100775,BOS,CHA,1,1,1562.828256820079,1576.58541849692,13.75716167684072,1526.772876179744,0.6008547048015236,6.0,6.0,0.1488850336233179,1.1488850336233178,53
2021-22,2022-02-04,0022100788,BOS,DET,0,1,1576.58541849692,1584.8572467859374,8.271828289017417,1327.5035635526588,0.7742303521420618,9.0,9.0,0.2212784678984439,1.221278467898444,54
2021-22,2022-02-06,0022100806,BOS,ORL,0,1,1584.8572467859374,1596.0976326968878,11.240385910950511,1333.329793078258,0.7766816500331571,33.0,33.0,0.6777821008468294,1.6777821008468294,55
2021-22,2022-02-08,0022100817,BOS,BKN,0,1,1596.0976326968878,1612.5128938426042,16.41526114571647,1431.0554146869697,0.6788699032037251,35.0,35.0,0.703905603936621,1.703905603936621,56
2021-22,2022-02-11,0022100842,BOS,DEN,1,1,1612.5128938426042,1625.482651772515,12.96975792991088,1559.7361715643442,0.6237001512963323,6.0,6.0,0.1488850336233179,1.1488850336233178,57
2021-22,2022-02-13,0022100856,BOS,ATL,1,1,1625.482651772515,1636.0415163654473,10.55886459293215,1498.7489151076686,0.7172810049950058,10.0,10.0,0.2449186624037091,1.2449186624037092,58
2021-22,2022-02-15,0022100869,BOS,PHI,0,1,1636.0415163654473,1664.376399733874,28.33488336842679,1611.529913435362,0.4849105667615885,48.0,48.0,0.8336546070121552,1.833654607012155,59
2021-22,2022-02-16,0022100875,BOS,DET,1,0,1664.376399733874,1636.0706681111617,-28.30573162271247,1273.8750990258409,0.9205162737376154,1.0,-1.0,0.0249947929684206,1.0249947929684209,60
2021-22,2022-02-24,0022100890,BOS,BKN,0,1,1636.0706681111617,1647.3291337891228,11.258465677961391,1407.4829794949003,0.7529448353600661,23.0,23.0,0.5190218338982221,1.519021833898222,61
2021-22,2022-02-26,0022100905,BOS,DET,0,1,1647.3291337891228,1653.296108711154,5.96697492203131,1327.9374971728644,0.8371385647943398,9.0,9.0,0.2212784678984439,1.221278467898444,62
2021-22,2022-02-27,0022100914,BOS,IND,0,0,1653.296108711154,1616.2898614422104,-37.00624726894371,1339.6210241024949,0.8326021690214785,21.0,-21.0,0.4815497983643079,1.481549798364308,63
2021-22,2022-03-01,0022100927,BOS,ATL,1,1,1616.2898614422104,1628.789443519133,12.49958207692261,1536.961989713427,0.6588388751220763,9.0,9.0,0.2212784678984439,1.221278467898444,64
2021-22,2022-03-03,0022100940,BOS,MEM,1,1,1628.789443519133,1649.1098497805465,20.3204062614132,1674.547036641258,0.4845235244624655,13.0,13.0,0.3140209253469976,1.3140209253469977,65
2021-22,2022-03-06,0022100960,BOS,BKN,1,1,1649.1098497805465,1654.360777660783,5.2509278802367785,1385.958209699069,0.8476514845099697,6.0,6.0,0.1488850336233179,1.1488850336233178,66
2021-22,2022-03-09,0022100981,BOS,CHA,0,1,1654.360777660783,1665.2849479320605,10.924170271277326,1448.7588851698977,0.7275174552648557,14.0,14.0,0.3363755443363322,1.3363755443363323,67
2021-22,2022-03-11,0022100997,BOS,DET,1,1,1665.2849479320605,1670.5689250345786,5.283977102518243,1383.3097121936212,0.8611238885021504,11.0,11.0,0.2682711820216014,1.2682711820216013,68
2021-22,2022-03-13,0022101014,BOS,DAL,1,0,1670.5689250345786,1651.1002442073982,-19.468680827180332,1632.407366959259,0.6037588284268006,3.0,-3.0,0.074859690687499,1.0748596906874992,69
2021-22,2022-03-16,0022101042,BOS,GSW,0,1,1651.1002442073982,1672.0034908760597,20.903246668661264,1591.289857165547,0.5356444493322199,22.0,22.0,0.5005202111902353,1.5005202111902354,70
2021-22,2022-03-18,0022101057,BOS,SAC,0,1,1672.0034908760597,1680.29296463513,8.289473759070361,1362.247293132217,0.8294343665519754,29.0,29.0,0.619996867969374,1.619996867969374,71
2021-22,2022-03-20,0022101068,BOS,DEN,0,1,1680.29296463513,1698.6919891481507,18.39902451302084,1588.8368894064624,0.5805392105171564,20.0,20.0,0.4621171572600097,1.4621171572600098,72
2021-22,2022-03-21,0022101078,BOS,OKC,0,1,1698.6919891481507,1702.358446676618,3.666457528467457,1282.1330813715874,0.8999284322442683,9.0,9.0,0.2212784678984439,1.221278467898444,73
2021-22,2022-03-23,0022101087,BOS,UTA,1,1,1702.358446676618,1716.3544728759127,13.996026199294572,1582.4803463049209,0.7092099372118701,28.0,28.0,0.6043677771171634,1.6043677771171634,74
2021-22,2022-03-27,0022101116,BOS,MIN,1,1,1716.3544728759127,1732.2734880831358,15.91901520722298,1646.5841074046025,0.6463667491557084,22.0,22.0,0.5005202111902353,1.5005202111902354,75
2021-22,2022-03-28,0022101127,BOS,TOR,0,0,1732.2734880831358,1711.4120655234983,-20.861422559637266,1592.059492876686,0.6469502559381783,3.0,-3.0,0.074859690687499,1.0748596906874992,76
2021-22,2022-03-30,0022101139,BOS,MIA,1,0,1711.4120655234983,1684.398304878178,-27.01376064532074,1553.6803586817034,0.752027098744798,8.0,-8.0,0.197375320224904,1.197375320224904,77
2021-22,2022-04-01,0022101153,BOS,IND,1,1,1684.398304878178,1687.6048810953564,3.2065762171785224,1327.9582750344398,0.9049356618984116,5.0,5.0,0.1243530017715962,1.124353001771596,78
2021-22,2022-04-03,0022101166,BOS,WAS,1,1,1687.6048810953564,1695.1191983648405,7.514317269484017,1408.0847744141306,0.8594251046155879,42.0,42.0,0.7818063576087741,1.781806357608774,79
2021-22,2022-04-06,0022101193,BOS,CHI,0,1,1695.1191983648405,1706.7517385911676,11.632540226327212,1474.1139378710725,0.7447361636122776,23.0,23.0,0.5190218338982221,1.519021833898222,80
2021-22,2022-04-07,0022101198,BOS,MIL,0,0,1706.7517385911676,1686.1128630059334,-20.638875585234317,1602.176996095336,0.5988088445526493,6.0,-6.0,0.1488850336233179,1.1488850336233178,81
2021-22,2022-04-10,0022101223,BOS,MEM,0,1,1686.1128630059334,1712.5621233536483,26.44926034771501,1681.9237194412285,0.4557754838775604,29.0,29.0,0.619996867969374,1.619996867969374,82
2021-22,2021-10-20,0022100003,CHA,IND,1,1,1500.0,1513.8312996236689,13.831299623668578,1500.0,0.550199353253537,1.0,1.0,0.0249947929684206,1.0249947929684209,1
2021-22,2021-10-22,0022100017,CHA,CLE,0,1,1513.8312996236689,1533.0773709471594,19.246071323490696,1482.8859240623035,0.4941651912642004,11.0,11.0,0.2682711820216014,1.2682711820216013,2
2021-22,2021-10-24,0022100035,CHA,BKN,0,1,1533.0773709471594,1553.901084718894,20.823713771734745,1500.1667754204905,0.4969931415023028,16.0,16.0,0.3799489622552249,1.379948962255225,3
2021-22,2021-10-25,0022100041,CHA,BOS,1,0,1553.901084718894,1529.107870868546,-24.793213850348135,1480.1188196354756,0.6516275646671558,11.0,-11.0,0.2682711820216014,1.2682711820216013,4
2021-22,2021-10-27,0022100055,CHA,ORL,0,1,1529.107870868546,1545.6921067153803,16.584235846834602,1461.1046289253352,0.5473531417348115,9.0,9.0,0.2212784678984439,1.221278467898444,5
2021-22,2021-10-29,0022100073,CHA,MIA,0,0,1545.6921067153803,1527.2285553948395,-18.46355132054093,1543.3879867700648,0.4530852568196942,15.0,-15.0,0.3583573983507859,1.358357398350786,6
2021-22,2021-10-31,0022100090,CHA,POR,1,1,1527.2285553948395,1544.4492062499924,17.22065085515291,1523.5217455079255,0.555474259573777,12.0,12.0,0.2913126124515909,1.2913126124515908,7
2021-22,2021-11-01,0022100094,CHA,CLE,1,0,1544.4492062499924,1524.231477811643,-20.217728438349727,1489.2345300021009,0.626988142840551,3.0,-3.0,0.074859690687499,1.0748596906874992,8
2021-22,2021-11-03,0022100117,CHA,GSW,0,0,1524.231477811643,1504.741542028379,-19.489935783263785,1536.0981784234125,0.432959530477413,22.0,-22.0,0.5005202111902353,1.5005202111902354,9
2021-22,2021-11-05,0022100132,CHA,SAC,0,0,1504.741542028379,1482.1434936787973,-22.598048349581653,1497.125600668439,0.4606725749477628,30.0,-30.0,0.6351489523872873,1.6351489523872873,10
2021-22,2021-11-07,0022100146,CHA,LAC,0,0,1482.1434936787973,1466.8863316397678,-15.257162039029474,1531.7733904475458,0.3805607414195947,14.0,-14.0,0.3363755443363322,1.3363755443363323,11
2021-22,2021-11-08,0022100154,CHA,LAL,0,0,1466.8863316397678,1453.0040694444078,-13.882262195359948,1480.48468813519,0.4305139332955048,3.0,-3.0,0.074859690687499,1.0748596906874992,12
2021-22,2021-11-10,0022100164,CHA,MEM,0,1,1453.0040694444078,1476.8651640283156,23.861094583907825,1517.1209587759042,0.361106999610817,10.0,10.0,0.2449186624037091,1.2449186624037092,13
2021-22,2021-11-12,0022100174,CHA,NYK,1,1,1476.8651640283156,1495.0815881404762,18.216424112160706,1516.813657253737,0.4928790273061835,8.0,8.0,0.197375320224904,1.197375320224904,14
2021-22,2021-11-14,0022100194,CHA,GSW,1,1,1495.0815881404762,1515.736803727182,20.65521558670574,1619.6402946393498,0.3738954033500434,4.0,4.0,0.0996679946249558,1.099667994624956,15
2021-22,2021-11-17,0022100213,CHA,WAS,1,1,1515.736803727182,1536.7185920451325,20.9817883179502,1593.8992103325788,0.4382018961935441,10.0,10.0,0.2449186624037091,1.2449186624037092,16
2021-22,2021-11-19,0022100230,CHA,IND,1,1,1536.7185920451325,1548.2465357854492,11.527943740316962,1469.88148293889,0.6424977188435486,3.0,3.0,0.074859690687499,1.0748596906874992,17
2021-22,2021-11-20,0022100242,CHA,ATL,0,0,1548.2465357854492,1528.4593512915028,-19.787184493946285,1492.50645267437,0.5298119759819185,10.0,-10.0,0.2449186624037091,1.2449186624037092,18
2021-22,2021-11-22,0022100254,CHA,WAS,0,1,1528.4593512915028,1549.4931331107443,21.03378181924162,1571.3600761875084,0.3897334893203388,6.0,6.0,0.1488850336233179,1.1488850336233178,19
2021-22,2021-11-24,0022100269,CHA,ORL,0,1,1549.4931331107443,1560.3270313776673,10.833898266922874,1373.7136126046523,0.692193044319206,7.0,7.0,0.1732351578346601,1.17323515783466,20
2021-22,2021-11-26,0022100281,CHA,MIN,1,1,1560.3270313776673,1577.493945224336,17.166913846668887,1526.655604468915,0.597558997198246,18.0,18.0,0.4218990052500079,1.4218990052500078,21
2021-22,2021-11-27,0022100297,CHA,HOU,0,0,1577.493945224336,1552.4177432275233,-25.076201996812905,1324.986938807529,0.7776581512319288,3.0,-3.0,0.074859690687499,1.0748596906874992,22
2021-22,2021-11-29,0022100307,CHA,CHI,0,0,1552.4177432275233,1533.9129138875358,-18.504829339987467,1544.176095375081,0.4615675939898888,14.0,-14.0,0.3363755443363322,1.3363755443363323,23
2021-22,2021-12-01,0022100324,CHA,MIL,0,0,1533.9129138875358,1521.7296608873423,-12.183253000193336,1578.9699748510934,0.3867852698027855,2.0,-2.0,0.0499583749578799,1.04995837495788,24
2021-22,2021-12-05,0022100350,CHA,ATL,0,1,1521.7296608873423,1540.0005111347689,18.27085024742631,1533.2931774341707,0.4333880534757688,3.0,3.0,0.074859690687499,1.0748596906874992,25
2021-22,2021-12-06,0022100353,CHA,PHI,1,0,1540.0005111347689,1520.6920192167283,-19.308491918040236,1505.438612779878,0.5987910820772705,3.0,-3.0,0.074859690687499,1.0748596906874992,26
2021-22,2021-12-08,0022100366,CHA,PHI,1,0,1520.6920192167283,1502.7317161498129,-17.960303066915717,1524.7471046979183,0.54441592537334,4.0,-4.0,0.0996679946249558,1.099667994624956,27
2021-22,2021-12-10,0022100382,CHA,SAC,1,1,1502.7317161498129,1514.2940752258526,11.562359076040014,1449.74307843542,0.6239864125697973,1.0,1.0,0.0249947929684206,1.0249947929684209,28
2021-22,2021-12-13,0022100410,CHA,DAL,0,0,1514.2940752258526,1491.4912073607204,-22.802867865132097,1483.1049052367064,0.4945159946851439,24.0,-24.0,0.5370495669980352,1.5370495669980353,29
2021-22,2021-12-15,0022100423,CHA,SAS,0,1,1491.4912073607204,1513.2742692939462,21.783061933225728,1474.6998489508956,0.4738196235502779,16.0,16.0,0.3799489622552249,1.379948962255225,30
2021-22,2021-12-17,0022100439,CHA,POR,0,0,1513.2742692939462,1490.4437331393367,-22.830536154609455,1390.9178451635687,0.6231321453901193,9.0,-9.0,0.2212784678984439,1.221278467898444,31
2021-22,2021-12-19,0022100456,CHA,PHX,0,0,1490.4437331393367,1480.1867483975873,-10.25698474174938,1688.5178824455063,0.2072334828459584,31.0,-31.0,0.6498274636719203,1.6498274636719203,32
2021-22,2021-12-20,0022100461,CHA,UTA,0,0,1480.1867483975873,1470.2366400094706,-9.950108388116597,1621.1396903718437,0.2664192365495527,10.0,-10.0,0.2449186624037091,1.2449186624037092,33
2021-22,2021-12-23,0022100482,CHA,DEN,0,1,1470.2366400094706,1490.894221305344,20.657581295873253,1487.80474643221,0.4249204643148671,8.0,8.0,0.197375320224904,1.197375320224904,34
2021-22,2021-12-27,0022100501,CHA,HOU,1,1,1490.894221305344,1505.2694082169576,14.37518691161354,1388.3171037401348,0.688251499924207,24.0,24.0,0.5370495669980352,1.5370495669980353,35
2021-22,2021-12-29,0022100517,CHA,IND,0,1,1505.2694082169576,1523.1385811354955,17.869172918537917,1468.5002246570189,0.5025460378014824,8.0,8.0,0.197375320224904,1.197375320224904,36
2021-22,2022-01-02,0022100549,CHA,PHX,1,0,1523.1385811354955,1504.1221101783276,-19.01647095716791,1646.9958560444147,0.3748411147778304,34.0,-34.0,0.6910694698329306,1.6910694698329305,37
2021-22,2022-01-03,0022100553,CHA,WAS,0,0,1504.1221101783276,1487.681709564694,-16.44040061363361,1462.2792395614872,0.5098464092901912,3.0,-3.0,0.074859690687499,1.0748596906874992,38
2021-22,2022-01-05,0022100567,CHA,DET,1,1,1487.681709564694,1498.983976417334,11.302266852639818,1315.2753950423105,0.7674426192603914,29.0,29.0,0.619996867969374,1.619996867969374,39
2021-22,2022-01-08,0022100592,CHA,MIL,1,1,1498.983976417334,1519.7265539712016,20.74257755386761,1588.235439865847,0.4225542817554339,8.0,8.0,0.197375320224904,1.197375320224904,40
2021-22,2022-01-10,0022100607,CHA,MIL,1,1,1519.7265539712016,1536.827400692825,17.100846721623324,1567.4928623119793,0.4816360693951814,4.0,4.0,0.0996679946249558,1.099667994624956,41
2021-22,2022-01-12,0022100619,CHA,PHI,0,1,1536.827400692825,1561.0671169805553,24.239716287730385,1599.5808287701989,0.3629197332731129,11.0,11.0,0.2682711820216014,1.2682711820216013,42
2021-22,2022-01-14,0022100632,CHA,ORL,1,0,1561.0671169805553,1530.260713884522,-30.806403096033083,1257.6223118219968,0.8752551407480217,7.0,-7.0,0.1732351578346601,1.17323515783466,43
2021-22,2022-01-17,0022100655,CHA,NYK,0,1,1530.260713884522,1550.0196033019454,19.758889417423237,1515.4725213739837,0.4709456391506346,10.0,10.0,0.2449186624037091,1.2449186624037092,44
2021-22,2022-01-19,0022100671,CHA,BOS,0,1,1550.0196033019454,1569.9742958747213,19.954692572775848,1546.1210723108136,0.4553605614310726,9.0,9.0,0.2212784678984439,1.221278467898444,45
2021-22,2022-01-21,0022100684,CHA,OKC,1,1,1569.9742958747213,1578.6153356442708,8.641039769549526,1352.6507842656215,0.8103814885624065,23.0,23.0,0.5190218338982221,1.519021833898222,46
2021-22,2022-01-23,0022100703,CHA,ATL,1,0,1578.6153356442708,1546.5571971050465,-32.058138539224174,1456.2480703547153,0.7121560976019815,22.0,-22.0,0.5005202111902353,1.5005202111902354,47
2021-22,2022-01-25,0022100715,CHA,TOR,0,0,1546.5571971050465,1528.0446142550638,-18.512582849982593,1526.9412246952909,0.4778750622034626,12.0,-12.0,0.2913126124515909,1.2913126124515908,48
2021-22,2022-01-26,0022100723,CHA,IND,0,1,1528.0446142550638,1547.4217618308678,19.377147575803995,1413.9904414840116,0.6118445633328766,32.0,32.0,0.664036770267849,1.664036770267849,49
2021-22,2022-01-28,0022100735,CHA,LAL,1,1,1547.4217618308678,1558.2905026255276,10.868740794659724,1464.9143458250192,0.6629407884946705,3.0,3.0,0.074859690687499,1.0748596906874992,50
2021-22,2022-01-30,0022100752,CHA,LAC,1,0,1558.2905026255276,1526.772876179744,-31.517626445783332,1465.6940136634826,0.6757929601357975,25.0,-25.0,0.5545997223493823,1.5545997223493822,51
2021-22,2022-02-02,0022100775,CHA,BOS,0,0,1526.772876179744,1513.0157145029034,-13.75716167684072,1562.828256820079,0.3991452951984764,6.0,-6.0,0.1488850336233179,1.1488850336233178,52
2021-22,2022-02-04,0022100787,CHA,CLE,1,0,1513.0157145029034,1498.9230888596926,-14.092625643210823,1577.0599376627074,0.4582990970584377,1.0,-1.0,0.0249947929684206,1.0249947929684209,53
2021-22,2022-02-05,0022100797,CHA,MIA,1,0,1498.9230888596926,1480.1391278582232,-18.78396100146945,1575.5710835414848,0.4403491605736261,18.0,-18.0,0.4218990052500079,1.4218990052500078,54
2021-22,2022-02-07,0022100810,CHA,TOR,1,0,1480.1391278582232,1465.3238947957082,-14.81523306251513,1612.413508277995,0.3635575605385018,15.0,-15.0,0.3583573983507859,1.358357398350786,55
2021-22,2022-02-09,0022100826,CHA,CHI,1,0,1465.3238947957082,1446.6528836482269,-18.67101114748131,1512.8615752887652,0.4819646553810056,12.0,-12.0,0.2913126124515909,1.2913126124515908,56
2021-22,2022-02-11,0022100838,CHA,DET,0,1,1446.6528836482269,1462.2088361328897,15.555952484662832,1300.7204709795487,0.654432012563527,22.0,22.0,0.5005202111902353,1.5005202111902354,57
2021-22,2022-02-12,0022100846,CHA,MEM,1,0,1462.2088361328897,1453.0527465467026,-9.156089586187058,1678.7876533423537,0.260137947766177,7.0,-7.0,0.1732351578346601,1.17323515783466,58
2021-22,2022-02-15,0022100871,CHA,MIN,0,0,1453.0527465467026,1442.618866791726,-10.43387975497641,1562.9952338762982,0.3027247998310839,6.0,-6.0,0.1488850336233179,1.1488850336233178,59
2021-22,2022-02-17,0022100885,CHA,MIA,1,0,1442.618866791726,1432.0665833311327,-10.552283460593271,1608.6720585349965,0.3198627074162855,4.0,-4.0,0.0996679946249558,1.099667994624956,60
2021-22,2022-02-25,0022100896,CHA,TOR,1,1,1432.0665833311327,1466.7510659857608,34.68448265462794,1609.965212016126,0.3052140178159441,32.0,32.0,0.664036770267849,1.664036770267849,61
2021-22,2022-02-27,0022100915,CHA,DET,1,0,1466.7510659857608,1444.0618398899044,-22.689226095856355,1321.970522250833,0.737864759623073,1.0,-1.0,0.0249947929684206,1.0249947929684209,62
2021-22,2022-02-28,0022100924,CHA,MIL,0,0,1444.0618398899044,1428.5189640651172,-15.54287582478726,1526.5595721482332,0.3370716676613879,24.0,-24.0,0.5370495669980352,1.5370495669980353,63
2021-22,2022-03-02,0022100932,CHA,CLE,0,1,1428.5189640651172,1459.6136204602583,31.09465639514113,1540.3768529484023,0.3004024922759731,21.0,21.0,0.4815497983643079,1.481549798364308,64
2021-22,2022-03-05,0022100955,CHA,SAS,1,1,1459.6136204602583,1474.5303333210084,14.916712860750016,1447.625605904824,0.5672119076554842,6.0,6.0,0.1488850336233179,1.1488850336233178,65
2021-22,2022-03-08,0022100975,CHA,BKN,1,0,1474.5303333210084,1448.7588851698977,-25.771448151110754,1380.707281818832,0.6773380045854108,11.0,-11.0,0.2682711820216014,1.2682711820216013,66
2021-22,2022-03-09,0022100981,CHA,BOS,1,0,1448.7588851698977,1437.8347148986204,-10.924170271277326,1654.360777660783,0.2724825447351443,14.0,-14.0,0.3363755443363322,1.3363755443363323,67
2021-22,2022-03-11,0022101001,CHA,NOP,0,1,1437.8347148986204,1467.267492613979,29.43277771535851,1513.3086973781596,0.3461650278380903,22.0,22.0,0.5005202111902353,1.5005202111902354,68
2021-22,2022-03-14,0022101023,CHA,OKC,0,1,1467.267492613979,1482.125842701247,14.858350087268091,1323.4464321545229,0.6516782595574102,18.0,18.0,0.4218990052500079,1.4218990052500078,69
2021-22,2022-03-16,0022101033,CHA,ATL,1,1,1482.125842701247,1502.55912960851,20.433286907263245,1549.9598019142154,0.4528883017462811,10.0,10.0,0.2449186624037091,1.2449186624037092,70
2021-22,2022-03-19,0022101059,CHA,DAL,1,1,1502.55912960851,1531.277752322968,28.71862271445777,1642.1565949119895,0.3538607849212064,21.0,21.0,0.4815497983643079,1.481549798364308,71
2021-22,2022-03-21,0022101071,CHA,NOP,1,1,1531.277752322968,1545.591853178433,14.314100855465057,1527.1348938799374,0.5560939727147238,3.0,3.0,0.074859690687499,1.0748596906874992,72
2021-22,2022-03-23,0022101084,CHA,NYK,1,0,1545.591853178433,1516.6815988843748,-28.910254294058124,1425.5186308117495,0.7094415242301413,15.0,-15.0,0.3583573983507859,1.358357398350786,73
2021-22,2022-03-25,0022101100,CHA,UTA,1,1,1516.6815988843748,1534.7476629468597,18.066064062484664,1568.4843201056262,0.4758377750670586,6.0,6.0,0.1488850336233179,1.1488850336233178,74
2021-22,2022-03-27,0022101120,CHA,BKN,0,1,1534.7476629468597,1554.3161619842492,19.568499037389664,1523.4787362442005,0.4659012515231185,9.0,9.0,0.2212784678984439,1.221278467898444,75
2021-22,2022-03-28,0022101122,CHA,DEN,1,0,1554.3161619842492,1537.1579677607149,-17.158194223534622,1575.3401486373166,0.5201022583604566,4.0,-4.0,0.0996679946249558,1.099667994624956,76
2021-22,2022-03-30,0022101140,CHA,NYK,0,1,1537.1579677607149,1556.5235865116092,19.36561875089452,1508.3963670899388,0.4910231863812682,11.0,11.0,0.2682711820216014,1.2682711820216013,77
2021-22,2022-04-02,0022101161,CHA,PHI,0,0,1556.5235865116092,1536.5836783753389,-19.939908136270297,1587.2784202902128,0.4064850505343543,30.0,-30.0,0.6351489523872873,1.6351489523872873,78
2021-22,2022-04-05,0022101181,CHA,MIA,0,0,1536.5836783753389,1520.2882783824214,-16.295399992917428,1620.462910190588,0.3352969443976622,29.0,-29.0,0.619996867969374,1.619996867969374,79
2021-22,2022-04-07,0022101196,CHA,ORL,1,1,1520.2882783824214,1529.851198711707,9.56292032928548,1315.223560062938,0.799299761866911,27.0,27.0,0.5882592563981054,1.5882592563981053,80
2021-22,2022-04-08,0022101208,CHA,CHI,0,1,1529.851198711707,1548.6274921355734,18.776293423866417,1462.4813976447451,0.5464495683671116,16.0,16.0,0.3799489622552249,1.379948962255225,81
2021-22,2022-04-10,0022101217,CHA,WAS,1,1,1548.6274921355734,1559.393934138192,10.766442002618469,1401.986080546766,0.7399313960852806,16.0,16.0,0.3799489622552249,1.379948962255225,82
2021-22,2021-10-20,0022100004,CHI,DET,0,1,1500.0,1518.9634740738666,18.963474073866525,1500.0,0.449800646746463,6.0,6.0,0.1488850336233179,1.1488850336233178,1
2021-22,2021-10-22,0022100022,CHI,NOP,1,1,1518.9634740738666,1535.0867117939154,16.123237720048795,1475.8663225708392,0.6105354096164328,16.0,16.0,0.3799489622552249,1.379948962255225,2
2021-22,2021-10-23,0022100030,CHI,DET,1,1,1535.0867117939154,1550.351154926474,15.264443132558716,1481.0365259261334,0.6254190747567211,15.0,15.0,0.3583573983507859,1.358357398350786,3
2021-22,2021-10-25,0022100046,CHI,TOR,0,1,1550.351154926474,1565.0443823541743,14.693227427700243,1484.461816165851,0.5443365754308453,3.0,3.0,0.074859690687499,1.0748596906874992,4
2021-22,2021-10-28,0022100067,CHI,NYK,1,0,1565.0443823541743,1546.7542681014224,-18.29011425275197,1533.3612610714526,0.5948034851241588,1.0,-1.0,0.0249947929684206,1.0249947929684209,5
2021-22,2021-10-30,0022100083,CHI,UTA,1,1,1546.7542681014224,1564.455104100443,17.700835999020438,1576.728391541569,0.5072323133207813,8.0,8.0,0.197375320224904,1.197375320224904,6
2021-22,2021-11-01,0022100098,CHI,BOS,0,1,1564.455104100443,1581.305812167503,16.850708067060143,1473.6037435372286,0.5796912991393074,14.0,14.0,0.3363755443363322,1.3363755443363323,7
2021-22,2021-11-03,0022100111,CHI,PHI,0,0,1581.305812167503,1564.8263238297789,-16.479488337724305,1554.2550571455554,0.488562112662668,5.0,-5.0,0.1243530017715962,1.124353001771596,8
2021-22,2021-11-06,0022100135,CHI,PHI,1,0,1564.8263238297789,1545.6269543514554,-19.199369478323444,1583.1200145289915,0.5240237991848385,9.0,-9.0,0.2212784678984439,1.221278467898444,9
2021-22,2021-11-08,0022100148,CHI,BKN,1,1,1545.6269543514554,1567.30741439428,21.68046004282452,1563.766474034133,0.5242451521760645,23.0,23.0,0.5190218338982221,1.519021833898222,10
2021-22,2021-11-10,0022100163,CHI,DAL,1,1,1567.30741439428,1582.722664001603,15.415249607323256,1541.0538865254994,0.587248814645201,10.0,10.0,0.2449186624037091,1.2449186624037092,11
2021-22,2021-11-12,0022100183,CHI,GSW,0,0,1582.722664001603,1562.638909200664,-20.083754800939072,1599.5565398384108,0.4259536084615742,26.0,-26.0,0.5716699660851172,1.5716699660851172,12
2021-22,2021-11-14,0022100198,CHI,LAC,0,1,1562.638909200664,1584.5631151011212,21.924205900457117,1588.7369276655606,0.4129681838510503,10.0,10.0,0.2449186624037091,1.2449186624037092,13
2021-22,2021-11-15,0022100209,CHI,LAL,0,1,1584.5631151011212,1602.5939834731869,18.03086837206561,1495.4115042209028,0.577305460151269,18.0,18.0,0.4218990052500079,1.4218990052500078,14
2021-22,2021-11-17,0022100223,CHI,POR,0,0,1602.5939834731869,1582.2646540108756,-20.32932946231138,1495.203022684176,0.6026971194479345,5.0,-5.0,0.1243530017715962,1.124353001771596,15
2021-22,2021-11-19,0022100236,CHI,DEN,0,1,1582.2646540108756,1598.8610953798304,16.596441368954807,1534.4197575909243,0.5184768744407939,6.0,6.0,0.1488850336233179,1.1488850336233178,16
2021-22,2021-11-21,0022100250,CHI,NYK,1,1,1598.8610953798304,1609.688711555487,10.827616175656958,1498.223074906037,0.6858514745811377,6.0,6.0,0.1488850336233179,1.1488850336233178,17
2021-22,2021-11-22,0022100257,CHI,IND,1,0,1609.688711555487,1573.311065730188,-36.37764582529931,1473.0466923366414,0.7287027641711676,32.0,-32.0,0.664036770267849,1.664036770267849,18
2021-22,2021-11-24,0022100271,CHI,HOU,0,0,1573.311065730188,1546.343134614262,-26.967931115926024,1298.019007691603,0.799509616447082,5.0,-5.0,0.1243530017715962,1.124353001771596,19
2021-22,2021-11-26,0022100283,CHI,ORL,0,1,1546.343134614262,1561.5997556826917,15.256621068429808,1362.8797143377294,0.7015362620796667,35.0,35.0,0.703905603936621,1.703905603936621,20
2021-22,2021-11-27,0022100296,CHI,MIA,1,0,1561.5997556826917,1544.176095375081,-17.4236603076105,1568.5082495350289,0.5403390618815256,3.0,-3.0,0.074859690687499,1.0748596906874992,21
2021-22,2021-11-29,0022100307,CHI,CHA,1,1,1544.176095375081,1562.6809247150686,18.504829339987467,1552.4177432275233,0.5384324060101112,14.0,14.0,0.3363755443363322,1.3363755443363323,22
2021-22,2021-12-02,0022100328,CHI,NYK,0,1,1562.6809247150686,1577.9074809324818,15.22655621741318,1500.9103448711896,0.5384498990653317,4.0,4.0,0.0996679946249558,1.099667994624956,23
2021-22,2021-12-04,0022100343,CHI,BKN,0,1,1577.9074809324818,1598.4771406929203,20.56965976043855,1630.544369807647,0.3764887868889955,4.0,4.0,0.0996679946249558,1.099667994624956,24
2021-22,2021-12-06,0022100357,CHI,DEN,1,1,1598.4771406929203,1610.427434267112,11.950293574191528,1493.2454196676022,0.6915207709592082,12.0,12.0,0.2913126124515909,1.2913126124515908,25
2021-22,2021-12-08,0022100367,CHI,CLE,0,0,1610.427434267112,1585.5873550048418,-24.84007926227005,1544.0107889535198,0.5450893618499143,23.0,-23.0,0.5190218338982221,1.519021833898222,26
2021-22,2021-12-11,0022100394,CHI,MIA,0,0,1585.5873550048418,1560.450290594467,-25.137064410374556,1527.5334980840546,0.5331285607624233,26.0,-26.0,0.5716699660851172,1.5716699660851172,27
2021-22,2021-12-19,0022100448,CHI,LAL,1,1,1560.450290594467,1572.637636163568,12.187345569100588,1496.4894968103831,0.6386856693020343,5.0,5.0,0.1243530017715962,1.124353001771596,28
2021-22,2021-12-20,0022100459,CHI,HOU,1,1,1572.637636163568,1583.1807117996402,10.543075636072166,1424.7778099392428,0.7412788011738107,15.0,15.0,0.3583573983507859,1.358357398350786,29
2021-22,2021-12-26,0022100499,CHI,IND,1,1,1583.1807117996402,1594.337140993356,11.15642919371598,1479.6566538507348,0.6894198779259829,8.0,8.0,0.197375320224904,1.197375320224904,30
2021-22,2021-12-27,0022100502,CHI,ATL,0,1,1594.337140993356,1608.0705190397923,13.733378046436185,1455.2303981004195,0.6454930713133564,12.0,12.0,0.2913126124515909,1.2913126124515908,31
2021-22,2021-12-29,0022100519,CHI,ATL,1,1,1608.0705190397923,1617.6364408510285,9.56592181123604,1441.4970200539833,0.7613963666681074,14.0,14.0,0.3363755443363322,1.3363755443363323,32
2021-22,2021-12-31,0022100530,CHI,IND,0,1,1617.6364408510285,1627.674192931106,10.03775208007788,1450.631051738481,0.6813285707483228,2.0,2.0,0.0499583749578799,1.04995837495788,33
2021-22,2022-01-01,0022100541,CHI,WAS,0,1,1627.674192931106,1637.9350762556796,10.260883324573465,1472.5401228860608,0.6663110422620591,1.0,1.0,0.0249947929684206,1.0249947929684209,34
2021-22,2022-01-03,0022100555,CHI,ORL,1,1,1637.9350762556796,1641.390579688754,3.455503433074385,1300.2075444625991,0.8952561606483512,4.0,4.0,0.0996679946249558,1.099667994624956,35
2021-22,2022-01-07,0022100585,CHI,WAS,1,1,1641.390579688754,1649.2277299744546,7.837150285700648,1454.6695876860274,0.7818241795666712,8.0,8.0,0.197375320224904,1.197375320224904,36
2021-22,2022-01-09,0022100603,CHI,DAL,0,0,1649.2277299744546,1626.6024899964275,-22.62523997802708,1569.2680966776095,0.5643433607644865,14.0,-14.0,0.3363755443363322,1.3363755443363323,37
2021-22,2022-01-11,0022100415,CHI,DET,1,1,1626.6024899964275,1634.166638377758,7.564148381330679,1344.383925877189,0.8612913141368231,46.0,46.0,0.8177540779702877,1.8177540779702877,38
2021-22,2022-01-12,0022100625,CHI,BKN,1,0,1634.166638377758,1602.132069791072,-32.03456858668588,1538.6884428856715,0.6794167833781073,26.0,-26.0,0.5716699660851172,1.5716699660851172,39
2021-22,2022-01-14,0022100637,CHI,GSW,1,0,1602.132069791072,1574.0401483303813,-28.091921460690937,1619.374735204099,0.5255326304255072,42.0,-42.0,0.7818063576087741,1.781806357608774,40
2021-22,2022-01-15,0022100647,CHI,BOS,0,0,1574.0401483303813,1557.1864739581235,-16.853674372257743,1514.638971150853,0.5350584929278377,2.0,-2.0,0.0499583749578799,1.04995837495788,41
2021-22,2022-01-17,0022100658,CHI,MEM,0,0,1557.1864739581235,1544.5730081105842,-12.613465847539317,1653.1530346851896,0.319971207059442,13.0,-13.0,0.3140209253469976,1.3140209253469977,42
2021-22,2022-01-19,0022100673,CHI,CLE,1,1,1544.5730081105842,1566.6682685740168,22.095260463432556,1621.81967814105,0.4395000354199639,13.0,13.0,0.3140209253469976,1.3140209253469977,43
2021-22,2022-01-21,0022100690,CHI,MIL,0,0,1566.6682685740168,1551.2966498335604,-15.371618740456377,1555.3672212380814,0.465947262130964,4.0,-4.0,0.0996679946249558,1.099667994624956,44
2021-22,2022-01-23,0022100701,CHI,ORL,0,0,1551.2966498335604,1515.8600090573393,-35.436640776221054,1254.026324265946,0.8190240582967716,19.0,-19.0,0.4422303560457261,1.442230356045726,45
2021-22,2022-01-24,0022100730,CHI,OKC,0,1,1515.8600090573393,1525.2636446612682,9.40363560392889,1338.450029430724,0.6941891585388568,1.0,1.0,0.0249947929684206,1.0249947929684209,46
2021-22,2022-01-26,0022100472,CHI,TOR,1,1,1525.2636446612682,1541.7627767799638,16.499132118695577,1545.4538075452735,0.521300169705663,6.0,6.0,0.1488850336233179,1.1488850336233178,47
2021-22,2022-01-28,0022100742,CHI,SAS,0,0,1541.7627767799638,1518.7283939300569,-23.034382849907,1415.2784258002478,0.6286958968373579,9.0,-9.0,0.2212784678984439,1.221278467898444,48
2021-22,2022-01-30,0022100753,CHI,POR,1,1,1518.7283939300569,1533.4221116043375,14.693717674280522,1458.66434994255,0.6334933011768614,14.0,14.0,0.3363755443363322,1.3363755443363323,49
2021-22,2022-02-01,0022100769,CHI,ORL,1,1,1533.4221116043375,1541.015632704672,7.593521100334466,1327.1381514315765,0.8004233056784557,11.0,11.0,0.2682711820216014,1.2682711820216013,50
2021-22,2022-02-03,0022100430,CHI,TOR,0,0,1541.015632704672,1527.328826986007,-13.68680571866507,1584.5529669071543,0.3888622449150387,7.0,-7.0,0.1732351578346601,1.17323515783466,51
2021-22,2022-02-04,0022100789,CHI,IND,0,1,1527.328826986007,1540.312611902683,12.983784916676278,1399.044355252585,0.6311116082178745,7.0,7.0,0.1732351578346601,1.17323515783466,52
2021-22,2022-02-06,0022100802,CHI,PHI,1,0,1540.312611902683,1521.5265861122248,-18.786025790458524,1579.66018670032,0.493743663467775,11.0,-11.0,0.2682711820216014,1.2682711820216013,53
2021-22,2022-02-07,0022100812,CHI,PHX,1,0,1521.5265861122248,1512.8615752887652,-8.665010823459548,1730.4422081424348,0.268717579250344,3.0,-3.0,0.074859690687499,1.0748596906874992,54
2021-22,2022-02-09,0022100826,CHI,CHA,0,1,1512.8615752887652,1531.5325864362464,18.67101114748131,1465.3238947957082,0.5180353446189945,12.0,12.0,0.2913126124515909,1.2913126124515908,55
2021-22,2022-02-11,0022100843,CHI,MIN,1,1,1531.5325864362464,1551.22013060986,19.687544173613578,1572.2344873168593,0.4917950416298689,12.0,12.0,0.2913126124515909,1.2913126124515908,56
2021-22,2022-02-12,0022100852,CHI,OKC,1,1,1551.22013060986,1558.0050598107262,6.784929200866177,1346.6427229954052,0.7988493770735867,5.0,5.0,0.1243530017715962,1.124353001771596,57
2021-22,2022-02-14,0022100861,CHI,SAS,1,1,1558.0050598107262,1570.5577440030302,12.552684192303992,1469.9146195570795,0.6700841173863348,11.0,11.0,0.2682711820216014,1.2682711820216013,58
2021-22,2022-02-16,0022100878,CHI,SAC,1,1,1570.5577440030302,1577.902912664241,7.345168661210928,1374.0166090190255,0.791312974437643,7.0,7.0,0.1732351578346601,1.17323515783466,59
2021-22,2022-02-24,0022100891,CHI,ATL,1,1,1577.902912664241,1590.2440429476055,12.341130283364588,1523.4860387037047,0.6259134470983807,4.0,4.0,0.0996679946249558,1.099667994624956,60
2021-22,2022-02-26,0022100909,CHI,MEM,1,0,1590.2440429476055,1574.2348554376545,-16.00918750995126,1649.9641925065305,0.4644847552605557,6.0,-6.0,0.1488850336233179,1.1488850336233178,61
2021-22,2022-02-28,0022100922,CHI,MIA,0,0,1574.2348554376545,1559.944764407086,-14.290091030568515,1637.3015629875654,0.3625028783767881,13.0,-13.0,0.3140209253469976,1.3140209253469977,62
2021-22,2022-03-03,0022100710,CHI,ATL,0,0,1559.944764407086,1542.6875633691282,-17.257201037957838,1524.4624076365046,0.5006941667474077,6.0,-6.0,0.1488850336233179,1.1488850336233178,63
2021-22,2022-03-04,0022100949,CHI,MIL,1,0,1542.6875633691282,1524.613545798289,-18.074017570839157,1560.7241145989362,0.5243929851373055,6.0,-6.0,0.1488850336233179,1.1488850336233178,64
2021-22,2022-03-07,0022100969,CHI,PHI,0,0,1524.613545798289,1512.0635691181458,-12.549976680143224,1630.2606125522248,0.3079694316920434,15.0,-15.0,0.3583573983507859,1.358357398350786,65
2021-22,2022-03-09,0022100982,CHI,DET,0,1,1512.0635691181458,1525.3766719317716,13.313102813625887,1396.622815007247,0.6137384674705169,6.0,6.0,0.1488850336233179,1.1488850336233178,66
2021-22,2022-03-12,0022101006,CHI,CLE,1,1,1525.3766719317716,1541.653386094748,16.27671416297623,1515.5305798757324,0.5641826609633306,10.0,10.0,0.2449186624037091,1.2449186624037092,67
2021-22,2022-03-14,0022101026,CHI,SAC,0,0,1541.653386094748,1515.3385127611116,-26.314873333636314,1344.1033326728582,0.7182329562920655,9.0,-9.0,0.2212784678984439,1.221278467898444,68
2021-22,2022-03-16,0022101041,CHI,UTA,0,0,1515.3385127611116,1499.499510588468,-15.839002172643616,1559.0088694269396,0.3886802837965454,15.0,-15.0,0.3583573983507859,1.358357398350786,69
2021-22,2022-03-18,0022101056,CHI,PHX,0,0,1499.499510588468,1490.6489059185365,-8.85060466993158,1721.230366224088,0.1857506288573064,27.0,-27.0,0.5882592563981054,1.5882592563981053,70
2021-22,2022-03-21,0022101076,CHI,TOR,1,1,1490.6489059185365,1514.489519416746,23.84061349820955,1592.2275517682133,0.405341470086808,14.0,14.0,0.3363755443363322,1.3363755443363323,71
2021-22,2022-03-22,0022101082,CHI,MIL,0,0,1514.489519416746,1499.1495523457763,-15.339967070969545,1611.4619638876495,0.3187126062939142,28.0,-28.0,0.6043677771171634,1.6043677771171634,72
2021-22,2022-03-24,0022101098,CHI,NOP,0,0,1499.1495523457763,1481.057641004466,-18.091911341310308,1512.8207930244723,0.4304110732679808,17.0,-17.0,0.4011342849479459,1.401134284947946,73
2021-22,2022-03-26,0022101110,CHI,CLE,0,1,1481.057641004466,1499.4954437125464,18.437802708080323,1487.1694012199096,0.4411100199271638,4.0,4.0,0.0996679946249558,1.099667994624956,74
2021-22,2022-03-28,0022101126,CHI,NYK,0,0,1499.4954437125464,1484.0062511304775,-15.489192582068558,1492.9071745078702,0.4592031315687891,5.0,-5.0,0.1243530017715962,1.124353001771596,75
2021-22,2022-03-29,0022101132,CHI,WAS,0,1,1484.0062511304775,1499.0511357969435,15.044884666465732,1365.178650640089,0.6183499471924878,13.0,13.0,0.3140209253469976,1.3140209253469977,76
2021-22,2022-03-31,0022101149,CHI,LAC,1,1,1499.0511357969435,1512.077137863167,13.02600206622366,1453.5489558331208,0.613822288738527,5.0,5.0,0.1243530017715962,1.124353001771596,77
2021-22,2022-04-02,0022101164,CHI,MIA,1,0,1512.077137863167,1492.8059265582249,-19.271211304942103,1580.694119327024,0.4517716854663601,18.0,-18.0,0.4218990052500079,1.4218990052500078,78
2021-22,2022-04-05,0022101183,CHI,MIL,1,0,1492.8059265582249,1474.1139378710725,-18.691988687152683,1583.4850074081835,0.4205503522457679,21.0,-21.0,0.4815497983643079,1.481549798364308,79
2021-22,2022-04-06,0022101193,CHI,BOS,1,0,1474.1139378710725,1462.4813976447451,-11.632540226327212,1695.1191983648405,0.2552638363877224,23.0,-23.0,0.5190218338982221,1.519021833898222,80
2021-22,2022-04-08,0022101208,CHI,CHA,1,0,1462.4813976447451,1443.7051042208786,-18.776293423866417,1529.851198711707,0.4535504316328885,16.0,-16.0,0.3799489622552249,1.379948962255225,81
2021-22,2022-04-10,0022101224,CHI,MIN,0,1,1443.7051042208786,1468.791140511731,25.08603629085279,1609.3390720953678,0.2395875720832622,4.0,4.0,0.0996679946249558,1.099667994624956,82
2021-22,2021-10-20,0022100007,CLE,MEM,0,0,1500.0,1482.8859240623035,-17.114075937696523,1500.0,0.449800646746463,11.0,-11.0,0.2682711820216014,1.2682711820216013,1
2021-22,2021-10-22,0022100017,CLE,CHA,1,0,1482.8859240623035,1463.6398527388128,-19.246071323490696,1513.8312996236689,0.5058348087357996,11.0,-11.0,0.2682711820216014,1.2682711820216013,2
2021-22,2021-10-23,0022100027,CLE,ATL,1,1,1463.6398527388128,1481.9909743355363,18.35112159672376,1521.2081450165124,0.4675672192412915,6.0,6.0,0.1488850336233179,1.1488850336233178,3
2021-22,2021-10-25,0022100048,CLE,DEN,0,1,1481.9909743355363,1506.2595813689472,24.268607033410788,1536.8122416921842,0.3735416505810006,12.0,12.0,0.2913126124515909,1.2913126124515908,4
2021-22,2021-10-27,0022100064,CLE,LAC,0,1,1506.2595813689472,1528.654849428489,22.395268059541575,1518.8835689333018,0.4318896138423979,13.0,13.0,0.3140209253469976,1.3140209253469977,5
2021-22,2021-10-29,0022100077,CLE,LAL,0,0,1528.654849428489,1508.3315806261885,-20.32326880230068,1476.5365809952757,0.5246152534078334,12.0,-12.0,0.2913126124515909,1.2913126124515908,6
2021-22,2021-10-30,0022100088,CLE,PHX,0,0,1508.3315806261885,1489.2345300021009,-19.09705062408759,1458.569805135569,0.5212311285825333,9.0,-9.0,0.2212784678984439,1.221278467898444,7
2021-22,2021-11-01,0022100094,CLE,CHA,0,1,1489.2345300021009,1509.4522584404504,20.217728438349727,1544.4492062499924,0.3730118571594489,3.0,3.0,0.074859690687499,1.0748596906874992,8
2021-22,2021-11-03,0022100108,CLE,POR,1,1,1509.4522584404504,1523.124497118342,13.672238677891476,1491.2301241576574,0.5759992739410025,3.0,3.0,0.074859690687499,1.0748596906874992,9
2021-22,2021-11-05,0022100127,CLE,TOR,0,1,1523.124497118342,1541.5981290300128,18.4736319116709,1559.1196613722482,0.3992284306092061,1.0,1.0,0.0249947929684206,1.0249947929684209,10
2021-22,2021-11-07,0022100140,CLE,NYK,0,1,1541.5981290300128,1564.6585445721078,23.06041554209501,1540.4849652725838,0.4513869753045182,17.0,17.0,0.4011342849479459,1.401134284947946,11
2021-22,2021-11-10,0022100158,CLE,WAS,1,0,1564.6585445721078,1546.5640955485771,-18.094449023530615,1556.9594462372966,0.5611414271183335,3.0,-3.0,0.074859690687499,1.0748596906874992,12
2021-22,2021-11-12,0022100176,CLE,DET,1,1,1546.5640955485771,1558.1797821870396,11.615686638462384,1404.1818625615829,0.7351856842026248,20.0,20.0,0.4621171572600097,1.4621171572600098,13
2021-22,2021-11-13,0022100190,CLE,BOS,1,1,1558.1797821870396,1571.1139245060722,12.934142319032713,1530.4005142871283,0.5893760290084016,2.0,2.0,0.0499583749578799,1.04995837495788,14
2021-22,2021-11-15,0022100199,CLE,BOS,1,0,1571.1139245060722,1549.5766060750104,-21.537318431061664,1517.466371968096,0.624875939156939,6.0,-6.0,0.1488850336233179,1.1488850336233178,15
2021-22,2021-11-17,0022100216,CLE,BKN,0,0,1549.5766060750104,1533.7566755142957,-15.819930560714742,1568.0932595638913,0.4235867246718851,10.0,-10.0,0.2449186624037091,1.2449186624037092,16
2021-22,2021-11-18,0022100224,CLE,GSW,1,0,1533.7566755142957,1516.4780426033533,-17.2786329109424,1621.973621887755,0.4240080195860284,15.0,-15.0,0.3583573983507859,1.358357398350786,17
2021-22,2021-11-22,0022100253,CLE,BKN,1,0,1516.4780426033533,1501.5261111203797,-14.951931482973505,1591.0649496161734,0.4432751238390544,5.0,-5.0,0.1243530017715962,1.124353001771596,18
2021-22,2021-11-24,0022100267,CLE,PHX,1,0,1501.5261111203797,1489.8314806529677,-11.694630467412198,1646.5842966742896,0.3467069638860588,5.0,-5.0,0.1243530017715962,1.124353001771596,19
2021-22,2021-11-27,0022100295,CLE,ORL,1,1,1489.8314806529677,1500.2783093867463,10.446828733779023,1347.6230932692995,0.7349908074201,13.0,13.0,0.3140209253469976,1.3140209253469977,20
2021-22,2021-11-29,0022100310,CLE,DAL,0,1,1500.2783093867463,1525.005030620712,24.72672123396552,1521.110394914091,0.4203357354573411,18.0,18.0,0.4218990052500079,1.4218990052500078,21
2021-22,2021-12-01,0022100323,CLE,MIA,0,1,1525.005030620712,1553.2663373931994,28.26130677248745,1560.0002507005424,0.4006098103220377,26.0,26.0,0.5716699660851172,1.5716699660851172,22
2021-22,2021-12-03,0022100334,CLE,WAS,0,1,1553.2663373931994,1574.8253953661674,21.55905797296802,1538.4731971082438,0.4709527355332897,15.0,15.0,0.3583573983507859,1.358357398350786,23
2021-22,2021-12-05,0022100349,CLE,UTA,1,0,1574.8253953661674,1558.669170483534,-16.156224882633545,1592.1546399369377,0.5254083563307528,1.0,-1.0,0.0249947929684206,1.0249947929684209,24
2021-22,2021-12-06,0022100358,CLE,MIL,0,0,1558.669170483534,1544.0107889535198,-14.65838153001408,1588.2835814995026,0.4080698085336847,8.0,-8.0,0.197375320224904,1.197375320224904,25
2021-22,2021-12-08,0022100367,CLE,CHI,1,1,1544.0107889535198,1568.85086821579,24.84007926227005,1610.427434267112,0.4549106381500857,23.0,23.0,0.5190218338982221,1.519021833898222,26
2021-22,2021-12-10,0022100387,CLE,MIN,0,1,1568.85086821579,1586.1120343790187,17.261166163228793,1471.0884454761187,0.5893525612626518,17.0,17.0,0.4011342849479459,1.401134284947946,27
2021-22,2021-12-11,0022100393,CLE,SAC,1,1,1586.1120343790187,1596.481331030717,10.369296651698374,1438.1807193593802,0.7413577170069124,14.0,14.0,0.3363755443363322,1.3363755443363323,28
2021-22,2021-12-13,0022100404,CLE,MIA,1,1,1596.481331030717,1611.26258452985,14.781253499133054,1552.670562494429,0.6115117516226037,11.0,11.0,0.2682711820216014,1.2682711820216013,29
2021-22,2021-12-15,0022100417,CLE,HOU,1,1,1611.26258452985,1623.5289947778374,12.266410247987228,1445.989780691118,0.7600334545206513,35.0,35.0,0.703905603936621,1.703905603936621,30
2021-22,2021-12-18,0022100446,CLE,MIL,0,1,1623.5289947778374,1646.847785568396,23.318790790558676,1574.4929138270854,0.5201885622616831,29.0,29.0,0.619996867969374,1.619996867969374,31
2021-22,2021-12-22,0022100471,CLE,BOS,0,0,1646.847785568396,1622.6708488965648,-24.176936671831264,1506.329806462838,0.6473498336871273,10.0,-10.0,0.2449186624037091,1.2449186624037092,32
2021-22,2021-12-26,0022100494,CLE,TOR,1,1,1622.6708488965648,1639.315711111511,16.64486221494626,1515.949994233753,0.6933463702443221,45.0,45.0,0.809301070201781,1.8093010702017809,33
2021-22,2021-12-28,0022100513,CLE,NOP,0,0,1639.315711111511,1615.9856825829936,-23.33002852851741,1451.140657127928,0.7071840059166877,4.0,-4.0,0.0996679946249558,1.099667994624956,34
2021-22,2021-12-30,0022100527,CLE,WAS,0,0,1615.9856825829936,1587.0667402562217,-28.918942326772186,1443.6211805592886,0.6879888348899779,17.0,-17.0,0.4011342849479459,1.401134284947946,35
2021-22,2021-12-31,0022100533,CLE,ATL,1,0,1587.0667402562217,1562.9072330827985,-24.15950717342295,1431.931098242747,0.749229795068108,3.0,-3.0,0.074859690687499,1.0748596906874992,36
2021-22,2022-01-02,0022100547,CLE,IND,1,1,1562.9072330827985,1572.4052911697931,9.498058086994758,1440.593299658403,0.7120931610443602,4.0,4.0,0.0996679946249558,1.099667994624956,37
2021-22,2022-01-04,0022100562,CLE,MEM,1,0,1572.4052911697931,1556.3081542575137,-16.097136912279378,1615.7875505796655,0.4879392989811541,4.0,-4.0,0.0996679946249558,1.099667994624956,38
2021-22,2022-01-07,0022100590,CLE,POR,0,1,1556.3081542575137,1568.5158147294192,12.207660471905427,1382.0507711598325,0.6903230322433992,13.0,13.0,0.3140209253469976,1.3140209253469977,39
2021-22,2022-01-09,0022100604,CLE,GSW,0,0,1568.5158147294192,1554.795582039657,-13.720232689762268,1647.0220850724932,0.3422249768016114,14.0,-14.0,0.3363755443363322,1.3363755443363323,40
2021-22,2022-01-10,0022100611,CLE,SAC,0,1,1554.795582039657,1563.7147292450154,8.919147205358621,1364.297877307083,0.7099449588575157,1.0,1.0,0.0249947929684206,1.0249947929684209,41
2021-22,2022-01-12,0022100624,CLE,UTA,0,1,1563.7147292450154,1589.8285104716992,26.113781226683756,1595.7858991707003,0.404658258812842,20.0,20.0,0.4621171572600097,1.4621171572600098,42
2021-22,2022-01-14,0022100638,CLE,SAS,0,1,1589.8285104716992,1599.9973256658463,10.168815194146996,1408.8534515891154,0.6985283928290487,5.0,5.0,0.1243530017715962,1.124353001771596,43
2021-22,2022-01-15,0022100646,CLE,OKC,0,1,1599.9973256658463,1608.8314577866645,8.834132120818035,1385.0078563023424,0.7380973144288772,5.0,5.0,0.1243530017715962,1.124353001771596,44
2021-22,2022-01-17,0022100657,CLE,BKN,1,1,1608.8314577866645,1621.81967814105,12.9882203543855,1550.6410108701298,0.6309855909206145,7.0,7.0,0.1732351578346601,1.17323515783466,45
2021-22,2022-01-19,0022100673,CLE,CHI,0,0,1621.81967814105,1599.724417677617,-22.095260463432556,1544.5730081105842,0.5604999645800361,13.0,-13.0,0.3140209253469976,1.3140209253469977,46
2021-22,2022-01-22,0022100695,CLE,OKC,1,1,1599.724417677617,1605.2841327429655,5.559715065348244,1344.0097444960722,0.8420403324311858,7.0,7.0,0.1732351578346601,1.17323515783466,47
2021-22,2022-01-24,0022100709,CLE,NYK,1,1,1605.2841327429655,1614.057499368965,8.773366625999373,1474.9461471248785,0.7214693828108083,2.0,2.0,0.0499583749578799,1.04995837495788,48
2021-22,2022-01-26,0022100722,CLE,MIL,1,1,1614.057499368965,1630.540816955197,16.483317586231955,1577.2899384987063,0.601837506625521,16.0,16.0,0.3799489622552249,1.379948962255225,49
2021-22,2022-01-30,0022100754,CLE,DET,0,0,1630.540816955197,1599.5735855328578,-30.967231422339257,1321.117079541109,0.8291634454400746,10.0,-10.0,0.2449186624037091,1.2449186624037092,50
2021-22,2022-01-31,0022100759,CLE,NOP,1,1,1599.5735855328578,1607.8846792968156,8.311093763957858,1450.8256850589207,0.7422580256764509,3.0,3.0,0.074859690687499,1.0748596906874992,51
2021-22,2022-02-02,0022100777,CLE,HOU,0,0,1607.8846792968156,1577.0599376627074,-30.82474163410826,1320.821418713503,0.810151174582242,11.0,-11.0,0.2682711820216014,1.2682711820216013,52
2021-22,2022-02-04,0022100787,CLE,CHA,0,1,1577.0599376627074,1591.1525633059182,14.092625643210823,1513.0157145029034,0.5417009029415623,1.0,1.0,0.0249947929684206,1.0249947929684209,53
2021-22,2022-02-06,0022100805,CLE,IND,1,1,1591.1525633059182,1599.06329985319,7.910736547271982,1386.060570335909,0.7993249474525943,13.0,13.0,0.3140209253469976,1.3140209253469977,54
2021-22,2022-02-09,0022100825,CLE,SAS,1,1,1599.06329985319,1608.2885446452322,9.22524479204206,1428.078242595303,0.7659792520780971,13.0,13.0,0.3140209253469976,1.3140209253469977,55
2021-22,2022-02-11,0022100839,CLE,IND,0,1,1608.2885446452322,1616.4818933720685,8.19334872683611,1366.1037720997836,0.7672149335075082,7.0,7.0,0.1732351578346601,1.17323515783466,56
2021-22,2022-02-12,0022100849,CLE,PHI,0,0,1616.4818933720685,1598.4539017957995,-18.0279915762687,1593.5019218590933,0.4827086866719459,10.0,-10.0,0.2449186624037091,1.2449186624037092,57
2021-22,2022-02-15,0022100867,CLE,ATL,0,0,1598.4539017957995,1576.6622581925526,-21.791643603246925,1488.1900505147364,0.6066503191094608,8.0,-8.0,0.197375320224904,1.197375320224904,58
2021-22,2022-02-24,0022100889,CLE,DET,0,0,1576.6622581925526,1550.9055916682416,-25.756666524310877,1302.1808306485534,0.7987605807984253,3.0,-3.0,0.074859690687499,1.0748596906874992,59
2021-22,2022-02-26,0022100907,CLE,WAS,1,1,1550.9055916682416,1559.4623993820626,8.556807713820927,1393.445056705656,0.7517358870151776,6.0,6.0,0.1488850336233179,1.1488850336233178,60
2021-22,2022-02-28,0022100920,CLE,MIN,1,0,1559.4623993820626,1540.3768529484023,-19.08554643366008,1548.4568277418148,0.5658230823590035,5.0,-5.0,0.1243530017715962,1.124353001771596,61
2021-22,2022-03-02,0022100932,CLE,CHA,1,0,1540.3768529484023,1509.2821965532614,-31.09465639514113,1428.5189640651172,0.6995975077240268,21.0,-21.0,0.4815497983643079,1.481549798364308,62
2021-22,2022-03-04,0022100947,CLE,PHI,0,0,1509.2821965532614,1499.701369774549,-9.580826778712488,1640.1011149552685,0.2779746304263005,6.0,-6.0,0.1488850336233179,1.1488850336233178,63
2021-22,2022-03-06,0022100962,CLE,TOR,1,1,1499.701369774549,1516.9855857655166,17.284215990967688,1521.6104350633177,0.518830459171282,8.0,8.0,0.197375320224904,1.197375320224904,64
2021-22,2022-03-08,0022100976,CLE,IND,0,1,1516.9855857655166,1527.008795753116,10.023209987599556,1343.6705203039198,0.6891622204448367,3.0,3.0,0.074859690687499,1.0748596906874992,65
2021-22,2022-03-11,0022100998,CLE,MIA,0,0,1527.008795753116,1515.5305798757324,-11.4782158773837,1642.2767889430647,0.296293238541518,12.0,-12.0,0.2913126124515909,1.2913126124515908,66
2021-22,2022-03-12,0022101006,CLE,CHI,0,0,1515.5305798757324,1499.253865712756,-16.27671416297623,1525.3766719317716,0.4358173390366694,10.0,-10.0,0.2449186624037091,1.2449186624037092,67
2021-22,2022-03-14,0022101020,CLE,LAC,1,1,1499.253865712756,1515.9625337317912,16.708668019035144,1503.630415127486,0.5439569145987606,9.0,9.0,0.2212784678984439,1.221278467898444,68
2021-22,2022-03-16,0022101034,CLE,PHI,1,0,1515.9625337317912,1501.4003998634953,-14.562133868295874,1591.862921095835,0.4414100116118022,4.0,-4.0,0.0996679946249558,1.099667994624956,69
2021-22,2022-03-18,0022101049,CLE,DEN,1,1,1501.4003998634953,1520.8106477903564,19.41024792686108,1608.2471373333235,0.3980532809683608,3.0,3.0,0.074859690687499,1.0748596906874992,70
2021-22,2022-03-19,0022101060,CLE,DET,1,1,1520.8106477903564,1529.7024924207387,8.891844630382375,1382.613586778642,0.7304688119855376,4.0,4.0,0.0996679946249558,1.099667994624956,71
2021-22,2022-03-21,0022101072,CLE,LAL,1,0,1529.7024924207387,1501.2465623177502,-28.4559301029886,1375.800765423052,0.7478928930018043,11.0,-11.0,0.2682711820216014,1.2682711820216013,72
2021-22,2022-03-24,0022101095,CLE,TOR,0,0,1501.2465623177502,1487.1694012199096,-14.07716109784064,1568.3869382700038,0.3571013932958802,13.0,-13.0,0.3140209253469976,1.3140209253469977,73
2021-22,2022-03-26,0022101110,CLE,CHI,1,0,1487.1694012199096,1468.7315985118291,-18.437802708080323,1481.057641004466,0.5588899800728362,4.0,-4.0,0.0996679946249558,1.099667994624956,74
2021-22,2022-03-28,0022101123,CLE,ORL,1,1,1468.7315985118291,1478.4920783714251,9.760479859595902,1342.3985912568855,0.7168129802969753,6.0,6.0,0.1488850336233179,1.1488850336233178,75
2021-22,2022-03-30,0022101136,CLE,DAL,1,0,1478.4920783714251,1466.57596158066,-11.916116790764985,1635.1598955648406,0.3317288124419437,8.0,-8.0,0.197375320224904,1.197375320224904,76
2021-22,2022-03-31,0022100452,CLE,ATL,0,0,1466.57596158066,1451.5083484617633,-15.067613118896851,1557.1485415639086,0.3267648496273491,24.0,-24.0,0.5370495669980352,1.5370495669980353,77
2021-22,2022-04-02,0022101162,CLE,NYK,0,1,1451.5083484617633,1477.2253093255254,25.716960863762004,1489.0307483390443,0.3971217184715995,18.0,18.0,0.4218990052500079,1.4218990052500078,78
2021-22,2022-04-03,0022101170,CLE,PHI,1,0,1477.2253093255254,1465.131106910654,-12.094202414871225,1607.2183284264831,0.3666016310979381,4.0,-4.0,0.0996679946249558,1.099667994624956,79
2021-22,2022-04-05,0022101179,CLE,ORL,0,0,1465.131106910654,1441.8922763396592,-23.23883057099483,1291.9847294919432,0.6889541669558218,5.0,-5.0,0.1243530017715962,1.124353001771596,80
2021-22,2022-04-08,0022101205,CLE,BKN,0,0,1441.8922763396592,1428.7030560180365,-13.189220321622871,1516.9974958315129,0.3466456414208275,11.0,-11.0,0.2682711820216014,1.2682711820216013,81
2021-22,2022-04-10,0022101218,CLE,MIL,1,1,1428.7030560180365,1459.7644228738457,31.061366855809258,1634.8739414981555,0.2718337298424408,18.0,18.0,0.4218990052500079,1.4218990052500078,82
2021-22,2021-10-21,0022100014,DAL,ATL,0,0,1500.0,1478.7918549834876,-21.20814501651232,1500.0,0.449800646746463,26.0,-26.0,0.5716699660851172,1.5716699660851172,1
2021-22,2021-10-23,0022100029,DAL,TOR,0,1,1478.7918549834876,1499.913535477575,21.121680494087297,1505.5834966599382,0.412000561079434,8.0,8.0,0.197375320224904,1.197375320224904,2
2021-22,2021-10-26,0022100052,DAL,HOU,1,1,1499.913535477575,1515.6828865985665,15.76935112099162,1480.4329087102008,0.5777675656725529,10.0,10.0,0.2449186624037091,1.2449186624037092,3
2021-22,2021-10-28,0022100069,DAL,SAS,1,1,1515.6828865985665,1528.5228396089092,12.83995301034272,1466.1275868933874,0.6193380255100388,5.0,5.0,0.1243530017715962,1.124353001771596,4
2021-22,2021-10-29,0022100075,DAL,DEN,0,0,1528.5228396089092,1503.9960761213165,-24.52676348759297,1496.6206649950643,0.4955419890393719,31.0,-31.0,0.6498274636719203,1.6498274636719203,5
2021-22,2021-10-31,0022100089,DAL,SAC,1,1,1503.9960761213165,1519.833398052968,15.837321931651807,1510.790820836203,0.5405016902429725,6.0,6.0,0.1488850336233179,1.1488850336233178,6
2021-22,2021-11-02,0022100104,DAL,MIA,1,0,1519.833398052968,1501.2037527068312,-18.629645346136748,1584.6740670214465,0.4571611116179842,15.0,-15.0,0.3583573983507859,1.358357398350786,7
2021-22,2021-11-03,0022100116,DAL,SAS,0,1,1501.2037527068312,1516.126330427354,14.92257772052266,1455.9789312021944,0.5147104543719565,1.0,1.0,0.0249947929684206,1.0249947929684209,8
2021-22,2021-11-06,0022100136,DAL,BOS,1,1,1516.126330427354,1530.2541420364869,14.127811609133056,1507.9123866056325,0.5618711374909265,3.0,3.0,0.074859690687499,1.0748596906874992,9
2021-22,2021-11-08,0022100150,DAL,NOP,1,1,1530.2541420364869,1541.0538865254994,10.799744489012404,1384.338205620466,0.7391269584501498,16.0,16.0,0.3799489622552249,1.379948962255225,10
2021-22,2021-11-10,0022100163,DAL,CHI,0,0,1541.0538865254994,1525.6386369181762,-15.415249607323256,1567.30741439428,0.412751185354799,10.0,-10.0,0.2449186624037091,1.2449186624037092,11
2021-22,2021-11-12,0022100181,DAL,SAS,0,1,1525.6386369181762,1544.332579245302,18.693942327125843,1467.1752111582364,0.5337153440549881,14.0,14.0,0.3363755443363322,1.3363755443363323,12
2021-22,2021-11-15,0022100204,DAL,DEN,1,1,1544.332579245302,1562.9814399308975,18.648860685595544,1578.8689430911213,0.5006672256646867,10.0,10.0,0.2449186624037091,1.2449186624037092,13
2021-22,2021-11-17,0022100222,DAL,PHX,0,0,1562.9814399308975,1548.8075196999707,-14.173920230926775,1596.46443377727,0.4027018833713999,7.0,-7.0,0.1732351578346601,1.17323515783466,14
2021-22,2021-11-19,0022100237,DAL,PHX,0,0,1548.8075196999707,1535.7268451911164,-13.080674508854312,1610.6383540081968,0.3641485474634458,8.0,-8.0,0.197375320224904,1.197375320224904,15
2021-22,2021-11-21,0022100248,DAL,LAC,0,0,1535.7268451911164,1519.737308890829,-15.989536300287366,1525.8452192799411,0.4639146021965332,6.0,-6.0,0.1488850336233179,1.1488850336233178,16
2021-22,2021-11-23,0022100266,DAL,LAC,0,1,1519.737308890829,1540.6232942832428,20.88598539241381,1541.8347555802286,0.4185619986307278,8.0,8.0,0.197375320224904,1.197375320224904,17
2021-22,2021-11-27,0022100298,DAL,WAS,1,0,1540.6232942832428,1521.110394914091,-19.51289936915172,1529.3934759882775,0.566140179335802,6.0,-6.0,0.1488850336233179,1.1488850336233178,18
2021-22,2021-11-29,0022100310,DAL,CLE,1,0,1521.110394914091,1496.3836736801256,-24.72672123396552,1500.2783093867463,0.5796642645426588,18.0,-18.0,0.4218990052500079,1.4218990052500078,19
2021-22,2021-12-01,0022100325,DAL,NOP,0,1,1496.3836736801256,1519.1658150421472,22.78214136202156,1430.9841990596983,0.5436370604087379,32.0,32.0,0.664036770267849,1.664036770267849,20
2021-22,2021-12-03,0022100338,DAL,NOP,1,0,1519.1658150421472,1490.24837628892,-28.91743875322724,1408.202057697677,0.6985146925523005,16.0,-16.0,0.3799489622552249,1.379948962255225,21
2021-22,2021-12-04,0022100345,DAL,MEM,1,0,1490.24837628892,1471.206038190444,-19.042338098476044,1496.6800054113996,0.5410207826144835,7.0,-7.0,0.1732351578346601,1.17323515783466,22
2021-22,2021-12-07,0022100363,DAL,BKN,1,0,1471.206038190444,1459.7603179438852,-11.445720246558611,1609.9747100472084,0.3549523826450231,3.0,-3.0,0.074859690687499,1.0748596906874992,23
2021-22,2021-12-08,0022100373,DAL,MEM,0,1,1459.7603179438852,1483.418879804656,23.658561860770657,1538.921245033867,0.3413771643930089,8.0,8.0,0.197375320224904,1.197375320224904,24
2021-22,2021-12-10,0022100383,DAL,IND,0,0,1483.418879804656,1465.6086242238955,-17.810255580760288,1482.0157177097742,0.4518004048288419,13.0,-13.0,0.3140209253469976,1.3140209253469977,25
2021-22,2021-12-12,0022100400,DAL,OKC,0,1,1465.6086242238955,1483.1049052367064,17.496281012810577,1363.33691037107,0.5956198226941251,19.0,19.0,0.4422303560457261,1.442230356045726,26
2021-22,2021-12-13,0022100410,DAL,CHA,1,1,1483.1049052367064,1505.9077731018383,22.802867865132097,1514.2940752258526,0.505484005314856,24.0,24.0,0.5370495669980352,1.5370495669980353,27
2021-22,2021-12-15,0022100420,DAL,LAL,1,0,1505.9077731018383,1487.8421596611447,-18.06561344069388,1498.839351997609,0.5602471838018472,3.0,-3.0,0.074859690687499,1.0748596906874992,28
2021-22,2021-12-19,0022100455,DAL,MIN,0,0,1487.8421596611447,1473.765214962137,-14.076944699007765,1517.2023339963646,0.4084233637260274,6.0,-6.0,0.1488850336233179,1.1488850336233178,29
2021-22,2021-12-21,0022100468,DAL,MIN,1,1,1473.765214962137,1494.3883193388947,20.623104376757713,1531.2792786953723,0.4676449328149335,12.0,12.0,0.2913126124515909,1.2913126124515908,30
2021-22,2021-12-23,0022100481,DAL,MIL,1,0,1494.3883193388947,1478.4899980736177,-15.898321265277003,1563.0593351318787,0.4516946484573243,7.0,-7.0,0.1732351578346601,1.17323515783466,31
2021-22,2021-12-25,0022100492,DAL,UTA,0,0,1478.4899980736177,1470.5237353616576,-7.9662627119600335,1642.329293621128,0.2414747830223352,4.0,-4.0,0.0996679946249558,1.099667994624956,32
2021-22,2021-12-27,0022100506,DAL,POR,0,1,1470.5237353616576,1490.090893264687,19.567157903029745,1421.7352231667562,0.5198328528562832,15.0,15.0,0.3583573983507859,1.358357398350786,33
2021-22,2021-12-29,0022100524,DAL,SAC,0,0,1490.090893264687,1472.6034907207068,-17.487402543980526,1407.0501595439728,0.5686989066983907,1.0,-1.0,0.0249947929684206,1.0249947929684209,34
2021-22,2021-12-31,0022100531,DAL,SAC,0,1,1472.6034907207068,1492.5246606595445,19.921169938837643,1424.5375620879531,0.5187945234756884,16.0,16.0,0.3799489622552249,1.379948962255225,35
2021-22,2022-01-02,0022100550,DAL,OKC,0,1,1492.5246606595445,1508.7804291529833,16.25576849343887,1418.2239534415728,0.5563182648149707,9.0,9.0,0.2212784678984439,1.221278467898444,36
2021-22,2022-01-03,0022100558,DAL,DEN,1,1,1508.7804291529833,1527.729729033102,18.94929988011873,1524.7595449159426,0.5273459380379666,14.0,14.0,0.3363755443363322,1.3363755443363323,37
2021-22,2022-01-05,0022100572,DAL,GSW,1,1,1527.729729033102,1556.7225692102563,28.99284017715424,1701.5191664143442,0.3102531168587846,17.0,17.0,0.4011342849479459,1.401134284947946,38
2021-22,2022-01-07,0022100586,DAL,HOU,0,1,1556.7225692102563,1569.2680966776095,12.545527467353056,1350.7585127480936,0.7279305379015776,24.0,24.0,0.5370495669980352,1.5370495669980353,39
2021-22,2022-01-09,0022100603,DAL,CHI,1,1,1569.2680966776095,1591.8933366556366,22.62523997802708,1649.2277299744546,0.4356566392355135,14.0,14.0,0.3363755443363322,1.3363755443363323,40
2021-22,2022-01-12,0022100622,DAL,NYK,0,0,1591.8933366556366,1563.6712517952587,-28.222084860377887,1472.3631739741616,0.6193039105951572,23.0,-23.0,0.5190218338982221,1.519021833898222,41
2021-22,2022-01-14,0022100639,DAL,MEM,0,1,1563.6712517952587,1597.666202618439,33.994950823180176,1687.14798550837,0.2865364877462388,27.0,27.0,0.5882592563981054,1.5882592563981053,42
2021-22,2022-01-15,0022100650,DAL,ORL,1,1,1597.666202618439,1602.6816029596453,5.015400341206326,1288.42871491803,0.878850583647438,16.0,16.0,0.3799489622552249,1.379948962255225,43
2021-22,2022-01-17,0022100663,DAL,OKC,1,1,1602.6816029596453,1608.4026394387074,5.721036479062153,1376.1737241815242,0.8183725940788952,2.0,2.0,0.0499583749578799,1.04995837495788,44
2021-22,2022-01-19,0022100675,DAL,TOR,1,1,1608.4026394387074,1620.5532488100198,12.150609371312292,1549.6875247549642,0.6316885511292802,4.0,4.0,0.0996679946249558,1.099667994624956,45
2021-22,2022-01-20,0022100682,DAL,PHX,1,0,1620.5532488100198,1604.514858676224,-16.038390133795904,1692.8805640044022,0.4464874091103253,8.0,-8.0,0.197375320224904,1.197375320224904,46
2021-22,2022-01-23,0022100705,DAL,MEM,1,1,1604.514858676224,1625.03226329796,20.517404621736137,1653.749483605686,0.4795261824231593,13.0,13.0,0.3140209253469976,1.3140209253469977,47
2021-22,2022-01-25,0022100720,DAL,GSW,0,0,1625.03226329796,1600.9113393367484,-24.12092396121164,1616.3875418377163,0.4621442875410706,38.0,-38.0,0.7397830512740042,1.7397830512740042,48
2021-22,2022-01-26,0022100732,DAL,POR,0,1,1600.9113393367484,1616.1992915391313,15.28795220238302,1457.253150500997,0.6514654080791432,20.0,20.0,0.4621171572600097,1.4621171572600098,49
2021-22,2022-01-29,0022100746,DAL,IND,1,1,1616.1992915391313,1625.6826794148951,9.483387875763826,1409.3213678045306,0.8009689363252845,27.0,27.0,0.5882592563981054,1.5882592563981053,50
2021-22,2022-01-30,0022100755,DAL,ORL,0,0,1625.6826794148951,1599.1754695083428,-26.50720990655246,1300.630941525024,0.8415320879622433,2.0,-2.0,0.0499583749578799,1.04995837495788,51
2021-22,2022-02-02,0022100778,DAL,OKC,1,0,1599.1754695083428,1570.0871113091127,-29.088358199230026,1340.9423327765758,0.8439590660489346,6.0,-6.0,0.1488850336233179,1.1488850336233178,52
2021-22,2022-02-04,0022100791,DAL,PHI,1,1,1570.0871113091127,1588.0107239698286,17.923612660715914,1597.5837993610355,0.510796455467453,9.0,9.0,0.2212784678984439,1.221278467898444,53
2021-22,2022-02-06,0022100807,DAL,ATL,1,1,1588.0107239698286,1601.4653851028586,13.45466113302993,1528.4867834723173,0.6327711359669813,9.0,9.0,0.2212784678984439,1.221278467898444,54
2021-22,2022-02-08,0022100820,DAL,DET,1,1,1601.4653851028586,1608.0737830933788,6.60839799052017,1313.3688645319642,0.8652844851255084,30.0,30.0,0.6351489523872873,1.6351489523872873,55
2021-22,2022-02-10,0022100835,DAL,LAC,1,1,1608.0737830933788,1617.1629804735862,9.08919738020755,1459.7755044713251,0.7417625580142942,7.0,7.0,0.1732351578346601,1.17323515783466,56
2021-22,2022-02-12,0022100853,DAL,LAC,1,0,1617.1629804735862,1593.1831357158917,-23.97984475769453,1450.6863070911177,0.7612950928858331,2.0,-2.0,0.0499583749578799,1.04995837495788,57
2021-22,2022-02-15,0022100868,DAL,MIA,0,1,1593.1831357158917,1614.819624964393,21.63648924850124,1630.3085477834975,0.3976689713732299,8.0,8.0,0.197375320224904,1.197375320224904,58
2021-22,2022-02-17,0022100886,DAL,NOP,0,1,1614.819624964393,1627.8549620642284,13.035337099835385,1487.6271647730316,0.629646935007369,7.0,7.0,0.1732351578346601,1.17323515783466,59
2021-22,2022-02-25,0022100903,DAL,UTA,0,0,1627.8549620642284,1609.548765143586,-18.306196920642485,1563.0989445022628,0.5427179569583033,5.0,-5.0,0.1243530017715962,1.124353001771596,60
2021-22,2022-02-27,0022100917,DAL,GSW,0,1,1609.548765143586,1628.4007642673182,18.851999123732288,1607.2799194551003,0.4530349404855175,6.0,6.0,0.1488850336233179,1.1488850336233178,61
2021-22,2022-03-01,0022100931,DAL,LAL,0,1,1628.4007642673182,1636.9579851254146,8.557220858096281,1405.957322595645,0.7463068139450563,5.0,5.0,0.1243530017715962,1.124353001771596,62
2021-22,2022-03-03,0022100943,DAL,GSW,1,1,1636.9579851254146,1649.996220946563,13.038235821148422,1568.8798464869062,0.6441369661967319,9.0,9.0,0.2212784678984439,1.221278467898444,63
2021-22,2022-03-05,0022100954,DAL,SAC,1,1,1649.996220946563,1654.654025489731,4.657804543168096,1385.6655157728176,0.8485259120299551,1.0,1.0,0.0249947929684206,1.0249947929684209,64
2021-22,2022-03-07,0022100972,DAL,UTA,1,1,1654.654025489731,1667.7470207497754,13.09299526004432,1593.0804725716434,0.6355084592416395,8.0,8.0,0.197375320224904,1.197375320224904,65
2021-22,2022-03-09,0022100988,DAL,NYK,1,0,1667.7470207497754,1626.1818488271974,-41.565171922577875,1405.031601564878,0.8473269231709949,30.0,-30.0,0.6351489523872873,1.6351489523872873,66
2021-22,2022-03-11,0022100999,DAL,HOU,0,1,1626.1818488271974,1632.407366959259,6.2255181320615485,1300.42240686586,0.8420746069824432,13.0,13.0,0.3140209253469976,1.3140209253469977,67
2021-22,2022-03-13,0022101014,DAL,BOS,0,1,1632.407366959259,1651.8760477864394,19.468680827180332,1670.5689250345786,0.3962411715731994,3.0,3.0,0.074859690687499,1.0748596906874992,68
2021-22,2022-03-16,0022101036,DAL,BKN,0,1,1651.8760477864394,1661.9312528580567,10.055205071617438,1485.31377773161,0.6807744855593025,2.0,2.0,0.0499583749578799,1.04995837495788,69
2021-22,2022-03-18,0022101046,DAL,PHI,0,0,1661.9312528580567,1642.1565949119895,-19.77465794606716,1606.4250549641308,0.5294765712614491,10.0,-10.0,0.2449186624037091,1.2449186624037092,70
2021-22,2022-03-19,0022101059,DAL,CHA,0,0,1642.1565949119895,1613.4379721975315,-28.71862271445777,1502.55912960851,0.6461392150787936,21.0,-21.0,0.4815497983643079,1.481549798364308,71
2021-22,2022-03-21,0022101079,DAL,MIN,1,1,1613.4379721975315,1629.6008899105357,16.162917713003978,1657.562922636182,0.4868711592605638,2.0,2.0,0.0499583749578799,1.04995837495788,72
2021-22,2022-03-23,0022101092,DAL,HOU,1,1,1629.6008899105357,1633.9592182787133,4.3583283681774905,1284.310706339151,0.899268787636046,19.0,19.0,0.4422303560457261,1.442230356045726,73
2021-22,2022-03-25,0022101104,DAL,MIN,0,0,1633.9592182787133,1613.4680212827968,-20.491196995916415,1626.0929104086858,0.4610306724876779,21.0,-21.0,0.4815497983643079,1.481549798364308,74
2021-22,2022-03-27,0022101121,DAL,UTA,1,1,1613.4680212827968,1628.0021243197962,14.534103036999367,1550.4182560431416,0.6374745831839442,14.0,14.0,0.3363755443363322,1.3363755443363323,75
2021-22,2022-03-29,0022101134,DAL,LAL,1,1,1628.0021243197962,1635.1598955648406,7.157771245044278,1384.825829100572,0.8322016022559504,18.0,18.0,0.4218990052500079,1.4218990052500078,76
2021-22,2022-03-30,0022101136,DAL,CLE,0,1,1635.1598955648406,1647.0760123556056,11.916116790764985,1478.4920783714251,0.6682711875580563,8.0,8.0,0.197375320224904,1.197375320224904,77
2021-22,2022-04-01,0022101152,DAL,WAS,0,0,1647.0760123556056,1606.9904069007464,-40.0856054548593,1367.9991689592714,0.8029791602983827,32.0,-32.0,0.664036770267849,1.664036770267849,78
2021-22,2022-04-03,0022101167,DAL,MIL,0,1,1606.9904069007464,1625.7190250453411,18.72861814459465,1602.2136255527782,0.4566146714283233,6.0,6.0,0.1488850336233179,1.1488850336233178,79
2021-22,2022-04-06,0022101190,DAL,DET,0,1,1625.7190250453411,1636.5705495510526,10.851524505711572,1403.9147331642855,0.7456095811389083,18.0,18.0,0.4218990052500079,1.4218990052500078,80
2021-22,2022-04-08,0022101209,DAL,POR,1,1,1636.5705495510526,1640.408100494441,3.8375509433882646,1220.095442001346,0.9307907282117428,50.0,50.0,0.8482836399575129,1.8482836399575129,81
2021-22,2022-04-10,0022101219,DAL,SAS,1,1,1640.408100494441,1649.8739347722392,9.465834277798132,1487.74379976408,0.7465474502159751,10.0,10.0,0.2449186624037091,1.2449186624037092,82
2021-22,2021-10-20,0022100012,DEN,PHX,0,1,1500.0,1521.31438092657,21.314380926570013,1500.0,0.449800646746463,12.0,12.0,0.2913126124515909,1.2913126124515908,1
2021-22,2021-10-22,0022100024,DEN,SAS,1,1,1521.31438092657,1536.8122416921842,15.497860765614211,1521.2081450165124,0.5503506932938409,6.0,6.0,0.1488850336233179,1.1488850336233178,2
2021-22,2021-10-25,0022100048,DEN,CLE,1,0,1536.8122416921842,1512.5436346587735,-24.268607033410788,1481.9909743355363,0.6264583494189994,12.0,-12.0,0.2913126124515909,1.2913126124515908,3
2021-22,2021-10-26,0022100054,DEN,UTA,0,0,1512.5436346587735,1496.6206649950643,-15.922969663709026,1540.0329226820031,0.4110280116054121,12.0,-12.0,0.2913126124515909,1.2913126124515908,4
2021-22,2021-10-29,0022100075,DEN,DAL,1,1,1496.6206649950643,1521.1474284826577,24.52676348759297,1528.5228396089092,0.504458010960628,31.0,31.0,0.6498274636719203,1.6498274636719203,5
2021-22,2021-10-30,0022100087,DEN,MIN,0,1,1521.1474284826577,1538.7657004220264,17.618271939368856,1527.5709668788336,0.4406676061459538,2.0,2.0,0.0499583749578799,1.04995837495788,6
2021-22,2021-11-01,0022100100,DEN,MEM,0,0,1538.7657004220264,1519.8756410249098,-18.890059397116698,1492.935022956147,0.515581550908762,9.0,-9.0,0.2212784678984439,1.221278467898444,7
2021-22,2021-11-03,0022100114,DEN,MEM,0,0,1519.8756410249098,1505.3454487936738,-14.530192231235963,1511.8250823532635,0.4612942308885611,2.0,-2.0,0.0499583749578799,1.04995837495788,8
2021-22,2021-11-06,0022100133,DEN,HOU,1,1,1505.3454487936738,1515.0411564839844,9.695707690310606,1405.642283900169,0.6846908310551348,1.0,1.0,0.0249947929684206,1.0249947929684209,9
2021-22,2021-11-08,0022100151,DEN,MIA,1,1,1515.0411564839844,1538.4199165625146,23.3787600785301,1589.2491447609789,0.4438134795576557,17.0,17.0,0.4011342849479459,1.401134284947946,10
2021-22,2021-11-10,0022100167,DEN,IND,1,1,1538.4199165625146,1550.1134204087696,11.693503846255012,1475.4537203774553,0.6373634020152701,3.0,3.0,0.074859690687499,1.0748596906874992,11
2021-22,2021-11-12,0022100182,DEN,ATL,1,1,1550.1134204087696,1561.3500435768942,11.236623168124558,1443.4224228979715,0.6933098261785631,9.0,9.0,0.2212784678984439,1.221278467898444,12
2021-22,2021-11-14,0022100197,DEN,POR,1,1,1561.3500435768942,1578.8689430911213,17.51889951422699,1496.754742405439,0.6395281196605749,29.0,29.0,0.619996867969374,1.619996867969374,13
2021-22,2021-11-15,0022100204,DEN,DAL,0,0,1578.8689430911213,1560.2200824055258,-18.648860685595544,1544.332579245302,0.4993327743353133,10.0,-10.0,0.2449186624037091,1.2449186624037092,14
2021-22,2021-11-18,0022100228,DEN,PHI,1,0,1560.2200824055258,1534.4197575909243,-25.80032481460128,1492.594349741947,0.6435397825096183,14.0,-14.0,0.3363755443363322,1.3363755443363323,15
2021-22,2021-11-19,0022100236,DEN,CHI,1,0,1534.4197575909243,1517.8233162219697,-16.596441368954807,1582.2646540108756,0.4815231255592061,6.0,-6.0,0.1488850336233179,1.1488850336233178,16
2021-22,2021-11-21,0022100251,DEN,PHX,0,0,1517.8233162219697,1502.870852043613,-14.952464178356744,1623.7190285170511,0.3076644668064345,29.0,-29.0,0.619996867969374,1.619996867969374,17
2021-22,2021-11-23,0022100265,DEN,POR,0,0,1502.870852043613,1485.1560873221017,-17.714764721511624,1531.5076484293531,0.4094298493360787,19.0,-19.0,0.4422303560457261,1.442230356045726,18
2021-22,2021-11-26,0022100288,DEN,MIL,1,0,1485.1560873221017,1467.2619588456855,-17.894128476415883,1540.8164287450616,0.4703023751301349,11.0,-11.0,0.2682711820216014,1.2682711820216013,19
2021-22,2021-11-29,0022100306,DEN,MIA,0,1,1467.2619588456855,1493.1936179877823,25.931659142097097,1585.9319098426397,0.2922264161773611,9.0,9.0,0.2212784678984439,1.221278467898444,20
2021-22,2021-12-01,0022100320,DEN,ORL,0,0,1493.1936179877823,1470.3138339556508,-22.879784032131823,1328.5976495776158,0.6783096292143452,5.0,-5.0,0.1243530017715962,1.124353001771596,21
2021-22,2021-12-04,0022100342,DEN,NYK,0,1,1470.3138339556508,1493.2454196676022,22.93158571195128,1485.6837886537764,0.4280154305143442,14.0,14.0,0.3363755443363322,1.3363755443363323,22
2021-22,2021-12-06,0022100357,DEN,CHI,0,0,1493.2454196676022,1481.2951260934103,-11.950293574191528,1598.4771406929203,0.3084792290407918,12.0,-12.0,0.2913126124515909,1.2913126124515908,23
2021-22,2021-12-08,0022100375,DEN,NOP,0,1,1481.2951260934103,1497.1475773413415,15.852451247931093,1418.3968817325156,0.5400627337522153,6.0,6.0,0.1488850336233179,1.1488850336233178,24
2021-22,2021-12-09,0022100381,DEN,SAS,0,0,1497.1475773413415,1477.7751938659187,-19.372383475422996,1462.0992496809756,0.500069549093513,12.0,-12.0,0.2913126124515909,1.2913126124515908,25
2021-22,2021-12-11,0022100397,DEN,SAS,0,1,1477.7751938659187,1500.4105702693157,22.635376403396908,1481.4716331563986,0.4445404812489197,15.0,15.0,0.3583573983507859,1.358357398350786,26
2021-22,2021-12-13,0022100411,DEN,WAS,1,1,1500.4105702693157,1514.5949872480662,14.184416978750416,1473.2897068256482,0.5884584745607359,6.0,6.0,0.1488850336233179,1.1488850336233178,27
2021-22,2021-12-15,0022100424,DEN,MIN,1,0,1514.5949872480662,1488.908884402735,-25.686102845330826,1471.100762523114,0.6110787790832649,17.0,-17.0,0.4011342849479459,1.401134284947946,28
2021-22,2021-12-17,0022100434,DEN,ATL,0,1,1488.908884402735,1513.45930439655,24.55041999381459,1506.798169998969,0.4244687350468568,18.0,18.0,0.4218990052500079,1.4218990052500078,29
2021-22,2021-12-22,0022100474,DEN,OKC,0,0,1513.45930439655,1487.80474643221,-25.65455796434001,1378.5807633558222,0.6399039070782686,14.0,-14.0,0.3363755443363322,1.3363755443363323,30
2021-22,2021-12-23,0022100482,DEN,CHA,1,0,1487.80474643221,1467.1471651363363,-20.657581295873253,1470.2366400094706,0.5750795356851329,8.0,-8.0,0.197375320224904,1.197375320224904,31
2021-22,2021-12-26,0022100500,DEN,LAC,0,1,1467.1471651363363,1486.114283949095,18.967118812758265,1494.0858548535357,0.4117955122549821,3.0,3.0,0.074859690687499,1.0748596906874992,32
2021-22,2021-12-28,0022100514,DEN,GSW,0,1,1486.114283949095,1512.0855695074808,25.971285558386004,1697.879870531093,0.1945836967249709,3.0,3.0,0.074859690687499,1.0748596906874992,33
2021-22,2022-01-01,0022100543,DEN,HOU,0,1,1512.0855695074808,1524.7595449159426,12.673975408461777,1347.3429404118708,0.6784938209129631,13.0,13.0,0.3140209253469976,1.3140209253469977,34
2021-22,2022-01-03,0022100558,DEN,DAL,0,0,1524.7595449159426,1505.8102450358238,-18.94929988011873,1508.7804291529833,0.4726540619620334,14.0,-14.0,0.3363755443363322,1.3363755443363323,35
2021-22,2022-01-05,0022100575,DEN,UTA,1,0,1505.8102450358238,1494.7636053906238,-11.0466396451999,1671.3522690576308,0.3205031928611502,6.0,-6.0,0.1488850336233179,1.1488850336233178,36
2021-22,2022-01-07,0022100588,DEN,SAC,1,1,1494.7636053906238,1506.5461548415706,11.7825494509468,1395.2009242140114,0.6845162176245618,10.0,10.0,0.2449186624037091,1.2449186624037092,37
2021-22,2022-01-09,0022100601,DEN,OKC,0,1,1506.5461548415706,1518.4038293861056,11.85767454453503,1371.1667215906116,0.6405680440977366,4.0,4.0,0.0996679946249558,1.099667994624956,38
2021-22,2022-01-11,0022100616,DEN,LAC,0,0,1518.4038293861056,1501.7172280114255,-16.686601374680006,1462.7039119854194,0.5297543779723459,2.0,-2.0,0.0499583749578799,1.04995837495788,39
2021-22,2022-01-13,0022100631,DEN,POR,1,1,1501.7172280114255,1518.1296826314897,16.41245462006394,1412.723878651006,0.6712321323399976,32.0,32.0,0.664036770267849,1.664036770267849,40
2021-22,2022-01-15,0022100649,DEN,LAL,1,1,1518.1296826314897,1538.1111552362752,19.98147260478575,1472.0488214691763,0.6146116210677393,37.0,37.0,0.7282542059818115,1.7282542059818111,41
2021-22,2022-01-16,0022100653,DEN,UTA,1,0,1538.1111552362752,1515.1002980606308,-23.0108571756443,1569.6721179440167,0.504949010873052,23.0,-23.0,0.5190218338982221,1.519021833898222,42
2021-22,2022-01-19,0022100678,DEN,LAC,1,1,1515.1002980606308,1526.551182846642,11.45088478601116,1452.8086517183112,0.6364654364997876,2.0,2.0,0.0499583749578799,1.04995837495788,43
2021-22,2022-01-21,0022100692,DEN,MEM,1,0,1526.551182846642,1513.7619206358872,-12.789262210754677,1640.9602213949313,0.3876704081979604,4.0,-4.0,0.0996679946249558,1.099667994624956,44
2021-22,2022-01-23,0022100707,DEN,DET,1,1,1513.7619206358872,1522.5743952847945,8.812474648907122,1363.138519661792,0.7443180593647792,6.0,6.0,0.1488850336233179,1.1488850336233178,45
2021-22,2022-01-25,0022100714,DEN,DET,0,1,1522.5743952847945,1533.271038066942,10.696642782147704,1354.3260450128848,0.6828800573813429,5.0,5.0,0.1243530017715962,1.124353001771596,46
2021-22,2022-01-26,0022100453,DEN,BKN,0,1,1533.271038066942,1551.7094015183798,18.43836345143791,1522.606220317205,0.4650360157364173,6.0,6.0,0.1488850336233179,1.1488850336233178,47
2021-22,2022-01-28,0022100729,DEN,NOP,0,1,1551.7094015183798,1569.060222505707,17.350820987327612,1486.0718138130687,0.5439771022347992,11.0,11.0,0.2682711820216014,1.2682711820216013,48
2021-22,2022-01-30,0022100756,DEN,MIL,0,1,1569.060222505707,1597.7049151308725,28.644692625165067,1573.3671769098785,0.4436728588407678,36.0,36.0,0.7162978701990245,1.7162978701990244,49
2021-22,2022-02-01,0022100770,DEN,MIN,0,0,1597.7049151308725,1577.0407165127249,-20.66419861814777,1557.7793975613245,0.5070879147426312,15.0,-15.0,0.3583573983507859,1.358357398350786,50
2021-22,2022-02-02,0022100779,DEN,UTA,0,0,1577.0407165127249,1558.2170981755264,-18.823618337198248,1492.6635368523011,0.5705848925677512,4.0,-4.0,0.0996679946249558,1.099667994624956,51
2021-22,2022-02-04,0022100794,DEN,NOP,1,0,1558.2170981755264,1533.6096551780638,-24.60744299746258,1458.234156992112,0.6850384220056844,8.0,-8.0,0.197375320224904,1.197375320224904,52
2021-22,2022-02-06,0022100804,DEN,BKN,1,1,1533.6096551780638,1548.0813669795205,14.47171180145659,1445.527126488426,0.6700740491371565,20.0,20.0,0.4621171572600097,1.4621171572600098,53
2021-22,2022-02-08,0022100821,DEN,NYK,1,1,1548.0813669795205,1559.7361715643442,11.654804584823752,1416.6526951827775,0.722729298444635,17.0,17.0,0.4011342849479459,1.401134284947946,54
2021-22,2022-02-11,0022100842,DEN,BOS,0,0,1559.7361715643442,1546.766413634433,-12.96975792991088,1612.5128938426042,0.3762998487036677,6.0,-6.0,0.1488850336233179,1.1488850336233178,55
2021-22,2022-02-12,0022100850,DEN,TOR,0,1,1546.766413634433,1567.695925997859,20.929512363425545,1643.219599564875,0.3193619939338765,1.0,1.0,0.0249947929684206,1.0249947929684209,56
2021-22,2022-02-14,0022100864,DEN,ORL,1,1,1567.695925997859,1574.3660228050433,6.670096807184419,1337.6210040957938,0.8214047496001148,10.0,10.0,0.2449186624037091,1.2449186624037092,57
2021-22,2022-02-16,0022100883,DEN,GSW,0,1,1574.3660228050433,1592.7296897463143,18.363666941271315,1607.774875179916,0.4028045453743397,1.0,1.0,0.0249947929684206,1.0249947929684209,58
2021-22,2022-02-24,0022100895,DEN,SAC,0,1,1592.7296897463143,1603.3842781667772,10.654588420462602,1366.6714403578148,0.7502263198458965,18.0,18.0,0.4218990052500079,1.4218990052500078,59
2021-22,2022-02-26,0022100911,DEN,SAC,1,1,1603.3842781667772,1608.931487146026,5.547208979248815,1356.0168519373522,0.8355436720641913,5.0,5.0,0.1243530017715962,1.124353001771596,60
2021-22,2022-02-27,0022100918,DEN,POR,0,1,1608.931487146026,1623.796726838444,14.865239692418074,1424.895986422484,0.7022253362421129,32.0,32.0,0.664036770267849,1.664036770267849,61
2021-22,2022-03-02,0022100938,DEN,OKC,1,0,1623.796726838444,1590.2849174546975,-33.511809383746524,1336.0374852237849,0.8650580053351935,12.0,-12.0,0.2913126124515909,1.2913126124515908,62
2021-22,2022-03-04,0022100952,DEN,HOU,1,1,1590.2849174546975,1594.528876890844,4.243959436146392,1251.4440789006428,0.8958556012504739,15.0,15.0,0.3583573983507859,1.358357398350786,63
2021-22,2022-03-06,0022100967,DEN,NOP,1,1,1594.528876890844,1609.4925210882463,14.963644197402353,1571.0070795591575,0.5834320855888996,8.0,8.0,0.197375320224904,1.197375320224904,64
2021-22,2022-03-07,0022100528,DEN,GSW,1,1,1609.4925210882463,1621.5483773591986,12.055856270952203,1531.2174069879727,0.6574754233924519,7.0,7.0,0.1732351578346601,1.17323515783466,65
2021-22,2022-03-09,0022100991,DEN,SAC,0,1,1621.5483773591986,1628.849859108397,7.301481749198375,1358.3084522967686,0.7881574588836741,6.0,6.0,0.1488850336233179,1.1488850336233178,66
2021-22,2022-03-10,0022100994,DEN,GSW,1,0,1628.849859108397,1603.177918714962,-25.67194039343492,1537.1012391692493,0.6747226922587726,11.0,-11.0,0.2682711820216014,1.2682711820216013,67
2021-22,2022-03-12,0022101009,DEN,TOR,1,0,1603.177918714962,1579.0133234231855,-24.164595291776525,1550.3469482523285,0.6237734394901069,12.0,-12.0,0.2913126124515909,1.2913126124515908,68
2021-22,2022-03-14,0022101022,DEN,PHI,0,1,1579.0133234231855,1598.6737437369966,19.660420313811077,1611.523341409646,0.4040498159472122,4.0,4.0,0.0996679946249558,1.099667994624956,69
2021-22,2022-03-16,0022101035,DEN,WAS,0,1,1598.6737437369966,1608.2471373333235,9.573393596326865,1348.2551281562444,0.7755725837775282,18.0,18.0,0.4218990052500079,1.4218990052500078,70
2021-22,2022-03-18,0022101049,DEN,CLE,0,0,1608.2471373333235,1588.8368894064624,-19.41024792686108,1501.4003998634953,0.6019467190316392,3.0,-3.0,0.074859690687499,1.0748596906874992,71
2021-22,2022-03-20,0022101068,DEN,BOS,1,0,1588.8368894064624,1570.4378648934417,-18.39902451302084,1680.29296463513,0.4194607894828436,20.0,-20.0,0.4621171572600097,1.4621171572600098,72
2021-22,2022-03-22,0022101083,DEN,LAC,1,1,1570.4378648934417,1582.0707714840155,11.63290659057385,1458.4839640765233,0.6997136485154055,12.0,12.0,0.2913126124515909,1.2913126124515908,73
2021-22,2022-03-24,0022101099,DEN,PHX,1,0,1582.0707714840155,1570.1822575878257,-11.888513896189709,1749.356593722705,0.318321034544141,10.0,-10.0,0.2449186624037091,1.2449186624037092,74
2021-22,2022-03-26,0022101113,DEN,OKC,1,1,1570.1822575878257,1575.3401486373166,5.157891049490845,1303.3727384038607,0.8503508213459198,6.0,6.0,0.1488850336233179,1.1488850336233178,75
2021-22,2022-03-28,0022101122,DEN,CHA,0,1,1575.3401486373166,1592.4983428608512,17.158194223534622,1554.3161619842492,0.4798977416395433,4.0,4.0,0.0996679946249558,1.099667994624956,76
2021-22,2022-03-30,0022101137,DEN,IND,0,1,1592.4983428608512,1600.1724812483624,7.67413838751118,1335.632413421951,0.7819664615326086,7.0,7.0,0.1732351578346601,1.17323515783466,77
2021-22,2022-04-01,0022101159,DEN,MIN,1,0,1600.1724812483624,1581.6439829958924,-18.528498252469987,1609.0104969132867,0.5375791226628188,6.0,-6.0,0.1488850336233179,1.1488850336233178,78
2021-22,2022-04-03,0022101168,DEN,LAL,0,1,1581.6439829958924,1591.184504905725,9.540521909832565,1356.4884911411914,0.7492512630559777,11.0,11.0,0.2682711820216014,1.2682711820216013,79
2021-22,2022-04-05,0022101186,DEN,SAS,1,0,1591.184504905725,1561.3337944032196,-29.85071050250529,1487.254447709975,0.6899200805514702,19.0,-19.0,0.4422303560457261,1.442230356045726,80
2021-22,2022-04-07,0022101201,DEN,MEM,1,1,1561.3337944032196,1586.436640754023,25.10284635080345,1693.8726904577911,0.3632053121179822,13.0,13.0,0.3140209253469976,1.3140209253469977,81
2021-22,2022-04-10,0022101220,DEN,LAL,1,0,1586.436640754023,1558.645541638252,-27.791099115770937,1353.374041111723,0.8239138144924728,5.0,-5.0,0.1243530017715962,1.124353001771596,82
2021-22,2021-10-20,0022100004,DET,CHI,1,0,1500.0,1481.0365259261334,-18.963474073866525,1500.0,0.550199353253537,6.0,-6.0,0.1488850336233179,1.1488850336233178,1
2021-22,2021-10-23,0022100030,DET,CHI,0,0,1481.0365259261334,1465.7720827935748,-15.264443132558716,1535.0867117939154,0.3745809252432789,15.0,-15.0,0.3583573983507859,1.358357398350786,2
2021-22,2021-10-25,0022100043,DET,ATL,0,0,1465.7720827935748,1448.8063488848663,-16.965733908708355,1502.857023419789,0.3977247761870243,18.0,-18.0,0.4218990052500079,1.4218990052500078,3
2021-22,2021-10-28,0022100065,DET,PHI,0,0,1448.8063488848663,1435.4110577644146,-13.395291120451608,1504.0988751305638,0.372907054682892,8.0,-8.0,0.197375320224904,1.197375320224904,4
2021-22,2021-10-30,0022100079,DET,ORL,1,1,1435.4110577644146,1451.102518366043,15.691460601628185,1432.612732730595,0.5541825667018999,7.0,7.0,0.1732351578346601,1.17323515783466,5
2021-22,2021-10-31,0022100092,DET,BKN,0,0,1451.102518366043,1432.7727394015656,-18.329778964477363,1494.719146747933,0.388753774859725,26.0,-26.0,0.5716699660851172,1.5716699660851172,6
2021-22,2021-11-02,0022100103,DET,MIL,1,0,1432.7727394015656,1409.1788173170778,-23.59392208448767,1474.582055691234,0.4902018606332858,28.0,-28.0,0.6043677771171634,1.6043677771171634,7
2021-22,2021-11-04,0022100119,DET,PHI,1,0,1409.1788173170778,1396.793348271366,-12.385469045712034,1570.7345454832796,0.3255210510518163,11.0,-11.0,0.2682711820216014,1.2682711820216013,8
2021-22,2021-11-05,0022100124,DET,BKN,1,0,1396.793348271366,1384.2899055541934,-12.503442717172446,1529.659025923408,0.3627703483883987,6.0,-6.0,0.1488850336233179,1.1488850336233178,9
2021-22,2021-11-10,0022100162,DET,HOU,0,1,1384.2899055541934,1404.1818625615829,19.891957007389376,1386.7950593045412,0.446234424261307,8.0,8.0,0.197375320224904,1.197375320224904,10
2021-22,2021-11-12,0022100176,DET,CLE,0,0,1404.1818625615829,1392.5661759231205,-11.615686638462384,1546.5640955485771,0.2648143157973752,20.0,-20.0,0.4621171572600097,1.4621171572600098,11
2021-22,2021-11-13,0022100189,DET,TOR,0,1,1392.5661759231205,1417.3360474822005,24.769871559079945,1520.4864621489037,0.2813359377667959,6.0,6.0,0.1488850336233179,1.1488850336233178,12
2021-22,2021-11-15,0022100200,DET,SAC,1,0,1417.3360474822005,1394.4231542760378,-22.912893206162636,1446.0823099236427,0.5089988799726058,22.0,-22.0,0.5005202111902353,1.5005202111902354,13
2021-22,2021-11-17,0022100214,DET,IND,1,1,1394.4231542760378,1415.53367294825,21.11051867221223,1490.9920016111023,0.4123112913265707,8.0,8.0,0.197375320224904,1.197375320224904,14
2021-22,2021-11-19,0022100231,DET,GSW,1,0,1415.53367294825,1407.3978684003669,-8.135804547883348,1639.252254798697,0.2523059402813634,3.0,-3.0,0.074859690687499,1.0748596906874992,15
2021-22,2021-11-21,0022100249,DET,LAL,1,0,1407.3978684003669,1390.643371968557,-16.75449643180995,1444.6804213245628,0.4967151895478434,5.0,-5.0,0.1243530017715962,1.124353001771596,16
2021-22,2021-11-23,0022100263,DET,MIA,1,0,1390.643371968557,1380.186621348774,-10.456750619782907,1580.2587942274663,0.2911020029436498,8.0,-8.0,0.197375320224904,1.197375320224904,17
2021-22,2021-11-24,0022100273,DET,MIL,0,0,1380.186621348774,1368.752814030271,-11.433807318502891,1529.382621426559,0.2572488019218408,21.0,-21.0,0.4815497983643079,1.481549798364308,18
2021-22,2021-11-26,0022100280,DET,LAC,0,0,1368.752814030271,1359.0899949398874,-9.66281909038363,1520.9487701878147,0.2539630122053569,11.0,-11.0,0.2682711820216014,1.2682711820216013,19
2021-22,2021-11-28,0022100304,DET,LAL,0,0,1359.0899949398874,1348.3048525162972,-10.785142423590312,1449.539149556177,0.3269211700351616,4.0,-4.0,0.0996679946249558,1.099667994624956,20
2021-22,2021-11-30,0022100317,DET,POR,0,0,1348.3048525162972,1337.4048223568036,-10.900030159493545,1499.0692320675666,0.2555275285433517,18.0,-18.0,0.4218990052500079,1.4218990052500078,21
2021-22,2021-12-02,0022100331,DET,PHX,0,0,1337.4048223568036,1334.01151906091,-3.3933032958936917,1706.0612707338348,0.0891844831503839,11.0,-11.0,0.2682711820216014,1.2682711820216013,22
2021-22,2021-12-06,0022100354,DET,OKC,1,0,1334.01151906091,1313.3792400150865,-20.632279045823555,1339.5705721096474,0.5422678088171458,11.0,-11.0,0.2682711820216014,1.2682711820216013,23
2021-22,2021-12-08,0022100368,DET,WAS,1,0,1313.3792400150865,1303.0200409993267,-10.359199015759826,1478.3200238611296,0.3212574039666486,3.0,-3.0,0.074859690687499,1.0748596906874992,24
2021-22,2021-12-10,0022100388,DET,NOP,0,0,1303.0200409993267,1289.9575247452776,-13.062516254049058,1402.5444304845844,0.3155313858540881,16.0,-16.0,0.3799489622552249,1.379948962255225,25
2021-22,2021-12-12,0022100399,DET,BKN,1,0,1289.9575247452776,1283.7033409681956,-6.254183777081968,1611.1634583362616,0.1614425434702507,12.0,-12.0,0.2913126124515909,1.2913126124515908,26
2021-22,2021-12-16,0022100428,DET,IND,0,0,1283.7033409681956,1275.922123821065,-7.781217147130629,1476.3856227557064,0.2123790042337197,9.0,-9.0,0.2212784678984439,1.221278467898444,27
2021-22,2021-12-18,0022100441,DET,HOU,1,0,1275.922123821065,1262.7688060105986,-13.153317810466504,1411.6244921287764,0.3590040588941335,9.0,-9.0,0.2212784678984439,1.221278467898444,28
2021-22,2021-12-19,0022100449,DET,MIA,1,1,1262.7688060105986,1293.4759247052966,30.70711869469808,1563.7856595055737,0.1778012057588759,10.0,10.0,0.2449186624037091,1.2449186624037092,29
2021-22,2021-12-21,0022100466,DET,NYK,0,0,1293.4759247052966,1282.858788787177,-10.617135918119711,1435.8493741643738,0.2648241597235645,14.0,-14.0,0.3363755443363322,1.3363755443363323,30
2021-22,2021-12-23,0022100479,DET,MIA,0,0,1282.858788787177,1278.079179529391,-4.779609257785883,1551.6211453306616,0.1482242845026207,3.0,-3.0,0.074859690687499,1.0748596906874992,31
2021-22,2021-12-26,0022100498,DET,SAS,0,0,1278.079179529391,1269.1652078120344,-8.913971717356565,1513.1888167910374,0.1743831289081225,35.0,-35.0,0.703905603936621,1.703905603936621,32
2021-22,2021-12-29,0022100516,DET,NYK,1,0,1269.1652078120344,1259.049877538294,-10.115330273740254,1471.6223946074658,0.2760858269871503,9.0,-9.0,0.2212784678984439,1.221278467898444,33
2021-22,2022-01-01,0022100540,DET,SAS,1,1,1259.049877538294,1282.4591868192751,23.409309280981084,1495.5142434911927,0.2387177820618675,1.0,1.0,0.0249947929684206,1.0249947929684209,34
2021-22,2022-01-03,0022100556,DET,MIL,0,1,1282.4591868192751,1315.2753950423105,32.816208223035225,1620.9716457892134,0.104320893074593,9.0,9.0,0.2212784678984439,1.221278467898444,35
2021-22,2022-01-05,0022100567,DET,CHA,0,0,1315.2753950423105,1303.9731281896704,-11.302266852639818,1487.681709564694,0.2325573807396086,29.0,-29.0,0.619996867969374,1.619996867969374,36
2021-22,2022-01-06,0022100579,DET,MEM,0,0,1303.9731281896704,1298.5691871891552,-5.4039410005153705,1631.884687491945,0.1101620536898838,30.0,-30.0,0.6351489523872873,1.6351489523872873,37
2021-22,2022-01-08,0022100593,DET,ORL,1,1,1298.5691871891552,1313.290874087164,14.721686898008848,1289.169394708999,0.5635508636281636,5.0,5.0,0.1243530017715962,1.124353001771596,38
2021-22,2022-01-10,0022100608,DET,UTA,1,1,1313.290874087164,1344.383925877189,31.093051790025104,1626.8789509607257,0.1674676499215316,10.0,10.0,0.2449186624037091,1.2449186624037092,39
2021-22,2022-01-11,0022100415,DET,CHI,0,0,1344.383925877189,1336.8197774958585,-7.564148381330679,1626.6024899964275,0.1387086858631768,46.0,-46.0,0.8177540779702877,1.8177540779702877,40
2021-22,2022-01-14,0022100633,DET,TOR,1,1,1336.8197774958585,1368.3627574891125,31.542979993254036,1573.9095968872912,0.2380640913534482,16.0,16.0,0.3799489622552249,1.379948962255225,41
2021-22,2022-01-16,0022100617,DET,PHX,1,0,1368.3627574891125,1360.166227198838,-8.196530290274477,1676.3350340831748,0.1720233489852863,27.0,-27.0,0.5882592563981054,1.5882592563981053,42
2021-22,2022-01-18,0022100667,DET,GSW,0,0,1360.166227198838,1353.730844743897,-6.435382454940899,1619.1803877729678,0.1554497697852939,16.0,-16.0,0.3799489622552249,1.379948962255225,43
2021-22,2022-01-19,0022100679,DET,SAC,0,1,1353.730844743897,1371.8795189493226,18.14867420542558,1372.0752977380562,0.4238287714293554,2.0,2.0,0.0499583749578799,1.04995837495788,44
2021-22,2022-01-21,0022100693,DET,UTA,0,0,1371.8795189493226,1363.138519661792,-8.740999287530665,1542.8413430064495,0.2340447225324049,10.0,-10.0,0.2449186624037091,1.2449186624037092,45
2021-22,2022-01-23,0022100707,DET,DEN,0,0,1363.138519661792,1354.3260450128848,-8.812474648907122,1513.7619206358872,0.2556819406352207,6.0,-6.0,0.1488850336233179,1.1488850336233178,46
2021-22,2022-01-25,0022100714,DET,DEN,1,0,1354.3260450128848,1343.6294022307372,-10.696642782147704,1522.5743952847945,0.3171199426186571,5.0,-5.0,0.1243530017715962,1.124353001771596,47
2021-22,2022-01-28,0022100736,DET,ORL,0,0,1343.6294022307372,1321.117079541109,-22.51232268962834,1278.118618835396,0.5437960220605277,16.0,-16.0,0.3799489622552249,1.379948962255225,48
2021-22,2022-01-30,0022100754,DET,CLE,1,1,1321.117079541109,1352.0843109634482,30.967231422339257,1630.540816955197,0.1708365545599253,10.0,10.0,0.2449186624037091,1.2449186624037092,49
2021-22,2022-02-01,0022100766,DET,NOP,1,0,1352.0843109634482,1336.364745266299,-15.719565697149182,1442.5145912949629,0.4208994041639526,10.0,-10.0,0.2449186624037091,1.2449186624037092,50
2021-22,2022-02-03,0022100782,DET,MIN,1,0,1336.364745266299,1327.5035635526588,-8.861181713640145,1578.4435961794725,0.232893980384531,11.0,-11.0,0.2682711820216014,1.2682711820216013,51
2021-22,2022-02-04,0022100788,DET,BOS,1,0,1327.5035635526588,1319.2317352636414,-8.271828289017417,1576.58541849692,0.2257696478579381,9.0,-9.0,0.2212784678984439,1.221278467898444,52
2021-22,2022-02-06,0022100803,DET,MIN,0,0,1319.2317352636414,1313.3688645319642,-5.862870731677296,1587.3047778931125,0.1487259606140866,13.0,-13.0,0.3140209253469976,1.3140209253469977,53
2021-22,2022-02-08,0022100820,DET,DAL,0,0,1313.3688645319642,1306.760466541444,-6.60839799052017,1601.4653851028586,0.1347155148744916,30.0,-30.0,0.6351489523872873,1.6351489523872873,54
2021-22,2022-02-10,0022100831,DET,MEM,1,0,1306.760466541444,1300.7204709795487,-6.039995561895304,1672.7476577804584,0.1295080543898761,25.0,-25.0,0.5545997223493823,1.5545997223493822,55
2021-22,2022-02-11,0022100838,DET,CHA,1,0,1300.7204709795487,1285.164518494886,-15.555952484662832,1446.6528836482269,0.345567987436473,22.0,-22.0,0.5005202111902353,1.5005202111902354,56
2021-22,2022-02-14,0022100858,DET,WAS,0,0,1285.164518494886,1273.8750990258409,-11.289419469045123,1390.679758660615,0.3081311856329205,9.0,-9.0,0.2212784678984439,1.221278467898444,57
2021-22,2022-02-16,0022100875,DET,BOS,0,1,1273.8750990258409,1302.1808306485534,28.30573162271247,1664.376399733874,0.0794837262623846,1.0,1.0,0.0249947929684206,1.0249947929684209,58
2021-22,2022-02-24,0022100889,DET,CLE,1,1,1302.1808306485534,1327.9374971728644,25.756666524310877,1576.6622581925526,0.2012394192015747,3.0,3.0,0.074859690687499,1.0748596906874992,59
2021-22,2022-02-26,0022100905,DET,BOS,1,0,1327.9374971728644,1321.970522250833,-5.96697492203131,1647.3291337891228,0.1628614352056601,9.0,-9.0,0.2212784678984439,1.221278467898444,60
2021-22,2022-02-27,0022100915,DET,CHA,0,1,1321.970522250833,1344.6597483466894,22.689226095856355,1466.7510659857608,0.262135240376927,1.0,1.0,0.0249947929684206,1.0249947929684209,61
2021-22,2022-03-01,0022100926,DET,WAS,0,0,1344.6597483466894,1331.9743109978026,-12.685437348886822,1384.888248991835,0.3933982409919008,3.0,-3.0,0.074859690687499,1.0748596906874992,62
2021-22,2022-03-03,0022100942,DET,TOR,0,1,1331.9743109978026,1358.2021482900182,26.227837292215455,1575.724932613819,0.1673372355271509,2.0,2.0,0.0499583749578799,1.04995837495788,63
2021-22,2022-03-04,0022100946,DET,IND,1,1,1358.2021482900182,1374.1853123458286,15.98316405581054,1375.013101594286,0.5261522543594247,5.0,5.0,0.1243530017715962,1.124353001771596,64
2021-22,2022-03-07,0022100968,DET,ATL,1,1,1374.1853123458286,1396.622815007247,22.437502661418463,1552.937834464948,0.30417266378067,3.0,3.0,0.074859690687499,1.0748596906874992,65
2021-22,2022-03-09,0022100982,DET,CHI,1,0,1396.622815007247,1383.3097121936212,-13.313102813625887,1512.0635691181458,0.3862615325294832,6.0,-6.0,0.1488850336233179,1.1488850336233178,66
2021-22,2022-03-11,0022100997,DET,BOS,0,0,1383.3097121936212,1378.025735091103,-5.283977102518243,1665.2849479320605,0.1388761114978496,11.0,-11.0,0.2682711820216014,1.2682711820216013,67
2021-22,2022-03-13,0022101013,DET,LAC,1,0,1378.025735091103,1365.161156036242,-12.864579054860773,1490.7658360726252,0.389953425874636,4.0,-4.0,0.0996679946249558,1.099667994624956,68
2021-22,2022-03-15,0022101031,DET,MIA,0,0,1365.161156036242,1359.8628903417834,-5.298265694458732,1630.7691022927706,0.1505315070918175,7.0,-7.0,0.1732351578346601,1.17323515783466,69
2021-22,2022-03-17,0022101045,DET,ORL,0,1,1359.8628903417834,1382.613586778642,22.750696436858565,1372.0354220734455,0.4325273676929648,14.0,14.0,0.3363755443363322,1.3363755443363323,70
2021-22,2022-03-19,0022101060,DET,CLE,0,0,1382.613586778642,1373.7217421482596,-8.891844630382375,1520.8106477903564,0.2695311880144624,4.0,-4.0,0.0996679946249558,1.099667994624956,71
2021-22,2022-03-21,0022101073,DET,POR,1,0,1373.7217421482596,1353.5669863440448,-20.15475580421484,1330.3329193920868,0.6109345700317079,4.0,-4.0,0.0996679946249558,1.099667994624956,72
2021-22,2022-03-23,0022101085,DET,ATL,1,1,1353.5669863440448,1385.378685906304,31.811699562259328,1548.9744636867104,0.2842697649587219,21.0,21.0,0.4815497983643079,1.481549798364308,73
2021-22,2022-03-25,0022101101,DET,WAS,1,0,1385.378685906304,1364.6766672038837,-20.70201870242053,1318.9127037255216,0.6420068554615768,3.0,-3.0,0.074859690687499,1.0748596906874992,74
2021-22,2022-03-27,0022101115,DET,NYK,1,0,1364.6766672038837,1352.5378809340534,-12.13878626983033,1480.76838823804,0.3853735716052327,2.0,-2.0,0.0499583749578799,1.04995837495788,75
2021-22,2022-03-29,0022101133,DET,BKN,0,0,1352.5378809340534,1343.5674778693815,-8.970403064671792,1503.9102372068107,0.2548623210720375,7.0,-7.0,0.1732351578346601,1.17323515783466,76
2021-22,2022-03-31,0022101147,DET,PHI,1,1,1343.5674778693815,1372.188247237949,28.62076936856731,1615.8991896587802,0.2032359198453206,8.0,8.0,0.197375320224904,1.197375320224904,77
2021-22,2022-04-01,0022101157,DET,OKC,0,1,1372.188247237949,1388.795403237647,16.607155999697838,1304.6235834932768,0.546727563608673,9.0,9.0,0.2212784678984439,1.221278467898444,78
2021-22,2022-04-03,0022101169,DET,IND,0,1,1388.795403237647,1403.9147331642855,15.119329926638583,1324.7516988172613,0.541700161608169,4.0,4.0,0.0996679946249558,1.099667994624956,79
2021-22,2022-04-06,0022101190,DET,DAL,1,0,1403.9147331642855,1393.063208658574,-10.851524505711572,1625.7190250453411,0.2543904188610916,18.0,-18.0,0.4218990052500079,1.4218990052500078,80
2021-22,2022-04-08,0022101203,DET,MIL,1,0,1393.063208658574,1381.0051388409888,-12.05806981758512,1622.8158716805704,0.2458098144510639,30.0,-30.0,0.6351489523872873,1.6351489523872873,81
2021-22,2022-04-10,0022101228,DET,PHI,0,0,1381.0051388409888,1374.235725736795,-6.769413104193856,1615.6815975208683,0.1747424297550471,12.0,-12.0,0.2913126124515909,1.2913126124515908,82
2021-22,2021-10-19,0022100002,GSW,LAL,0,1,1500.0,1519.3653967516482,19.365396751648237,1500.0,0.449800646746463,7.0,7.0,0.1732351578346601,1.17323515783466,1
2021-22,2021-10-21,0022100016,GSW,LAC,0,0,1519.3653967516482,1504.3242651162143,-15.041131635433857,1500.0,0.4775151724796469,2.0,-2.0,0.0499583749578799,1.04995837495788,2
2021-22,2021-10-24,0022100039,GSW,SAC,0,1,1504.3242651162143,1525.2724478402097,20.94818272399508,1497.7007522423744,0.4592535140342092,12.0,12.0,0.2913126124515909,1.2913126124515908,3
2021-22,2021-10-26,0022100051,GSW,OKC,0,1,1525.2724478402097,1540.5850115054593,15.312563665249812,1438.6714060925303,0.5737186325622713,8.0,8.0,0.197375320224904,1.197375320224904,4
2021-22,2021-10-28,0022100070,GSW,MEM,1,0,1540.5850115054593,1520.832425333262,-19.752586172197155,1496.0049657147902,0.6125632440938424,3.0,-3.0,0.074859690687499,1.0748596906874992,5
2021-22,2021-10-30,0022100086,GSW,OKC,1,1,1520.832425333262,1536.0981784234125,15.265753090150245,1443.2811932987695,0.6565363939165986,21.0,21.0,0.4815497983643079,1.481549798364308,6
2021-22,2021-11-03,0022100117,GSW,CHA,1,1,1536.0981784234125,1555.588114206676,19.489935783263785,1524.231477811643,0.567040469522587,22.0,22.0,0.5005202111902353,1.5005202111902354,7
2021-22,2021-11-05,0022100130,GSW,NOP,1,1,1555.588114206676,1568.7492072428577,13.1610930361817,1397.4992986566476,0.7524102486782555,41.0,41.0,0.7718952374404182,1.7718952374404182,8
2021-22,2021-11-07,0022100145,GSW,HOU,1,1,1568.7492072428577,1577.900724148175,9.151516905317347,1395.9465762098584,0.7678495390550781,13.0,13.0,0.3140209253469976,1.3140209253469977,9
2021-22,2021-11-08,0022100152,GSW,ATL,1,1,1577.900724148175,1590.0020606809278,12.10133653275276,1467.233335926683,0.6981552931474688,14.0,14.0,0.3363755443363322,1.3363755443363323,10
2021-22,2021-11-10,0022100169,GSW,MIN,1,1,1590.0020606809278,1599.5565398384108,9.554479157483,1427.0131789699074,0.7576274224866975,13.0,13.0,0.3140209253469976,1.3140209253469977,11
2021-22,2021-11-12,0022100183,GSW,CHI,1,1,1599.5565398384108,1619.6402946393498,20.083754800939072,1582.722664001603,0.5740463915384257,26.0,26.0,0.5716699660851172,1.5716699660851172,12
2021-22,2021-11-14,0022100194,GSW,CHA,0,0,1619.6402946393498,1598.985079052644,-20.65521558670574,1495.0815881404762,0.6261045966499565,4.0,-4.0,0.0996679946249558,1.099667994624956,13
2021-22,2021-11-16,0022100210,GSW,BKN,0,1,1598.985079052644,1621.973621887755,22.988542835110895,1591.081802399002,0.4610835521080979,18.0,18.0,0.4218990052500079,1.4218990052500078,14
2021-22,2021-11-18,0022100224,GSW,CLE,0,1,1621.973621887755,1639.252254798697,17.2786329109424,1533.7566755142957,0.5759919804139716,15.0,15.0,0.3583573983507859,1.358357398350786,15
2021-22,2021-11-19,0022100231,GSW,DET,0,1,1639.252254798697,1647.3880593465806,8.135804547883348,1415.53367294825,0.7476940597186366,3.0,3.0,0.074859690687499,1.0748596906874992,16
2021-22,2021-11-21,0022100252,GSW,TOR,1,1,1647.3880593465806,1657.4261139752637,10.03805462868308,1488.1208670793028,0.7536717351689984,15.0,15.0,0.3583573983507859,1.358357398350786,17
2021-22,2021-11-24,0022100278,GSW,PHI,1,1,1657.4261139752637,1669.164586436662,11.738472461398295,1517.533265109295,0.7323864141549355,20.0,20.0,0.4621171572600097,1.4621171572600098,18
2021-22,2021-11-26,0022100290,GSW,POR,1,1,1669.164586436662,1679.982100282704,10.817513846042198,1527.3542643246735,0.7345442404879109,15.0,15.0,0.3583573983507859,1.358357398350786,19
2021-22,2021-11-28,0022100300,GSW,LAC,0,1,1679.982100282704,1693.8824142865983,13.900314003894415,1530.6115892781984,0.6588940431344721,15.0,15.0,0.3583573983507859,1.358357398350786,20
2021-22,2021-11-30,0022100316,GSW,PHX,0,0,1693.8824142865983,1677.510166961078,-16.372247325520537,1689.6890234083144,0.4557815484411722,8.0,-8.0,0.197375320224904,1.197375320224904,21
2021-22,2021-12-03,0022100340,GSW,PHX,1,1,1677.510166961078,1699.8200257789197,22.309858817841494,1709.4545740297283,0.5043972383385409,22.0,22.0,0.5005202111902353,1.5005202111902354,22
2021-22,2021-12-04,0022100346,GSW,SAS,1,0,1699.8200257789197,1671.9417887812806,-27.87823699763904,1463.646110655006,0.8264971633675089,5.0,-5.0,0.1243530017715962,1.124353001771596,23
2021-22,2021-12-06,0022100361,GSW,ORL,1,1,1671.9417887812806,1677.2541013911568,5.312312609876358,1338.9550793914927,0.8926693300390521,31.0,31.0,0.6498274636719203,1.6498274636719203,24
2021-22,2021-12-08,0022100376,GSW,POR,1,1,1677.2541013911568,1683.5032450577137,6.24914366655696,1433.4869963848162,0.8326759850454537,10.0,10.0,0.2449186624037091,1.2449186624037092,25
2021-22,2021-12-11,0022100396,GSW,PHI,0,0,1683.5032450577137,1658.8586991495365,-24.64454590817751,1523.3977556640018,0.6726433693861112,9.0,-9.0,0.2212784678984439,1.221278467898444,26
2021-22,2021-12-13,0022100405,GSW,IND,0,1,1658.8586991495365,1669.2129008844936,10.354201734957204,1499.8259732905344,0.6712821516893445,2.0,2.0,0.0499583749578799,1.04995837495788,27
2021-22,2021-12-14,0022100414,GSW,NYK,0,1,1669.2129008844936,1678.055543877869,8.842642993375486,1435.254622181755,0.758650648321788,9.0,9.0,0.2212784678984439,1.221278467898444,28
2021-22,2021-12-17,0022100435,GSW,BOS,0,1,1678.055543877869,1689.1413070190015,11.085763141132595,1524.7502152035183,0.663966360898063,4.0,4.0,0.0996679946249558,1.099667994624956,29
2021-22,2021-12-18,0022100443,GSW,TOR,0,0,1689.1413070190015,1657.712405387392,-31.428901631609733,1484.5210926021432,0.7263957869111555,19.0,-19.0,0.4422303560457261,1.442230356045726,30
2021-22,2021-12-20,0022100462,GSW,SAC,1,1,1657.712405387392,1665.2577405808663,7.545335193474307,1435.3004032256226,0.8148416805318129,15.0,15.0,0.3583573983507859,1.358357398350786,31
2021-22,2021-12-23,0022100485,GSW,MEM,1,1,1665.2577405808663,1675.7151824137366,10.45744183287023,1540.8340138944368,0.7145766476757419,9.0,9.0,0.2212784678984439,1.221278467898444,32
2021-22,2021-12-25,0022100490,GSW,PHX,0,1,1675.7151824137366,1697.879870531093,22.164688117356455,1714.7484146587738,0.3950413794516744,9.0,9.0,0.2212784678984439,1.221278467898444,33
2021-22,2021-12-28,0022100514,GSW,DEN,1,0,1697.879870531093,1671.908584972707,-25.971285558386004,1486.114283949095,0.8054163032750291,3.0,-3.0,0.074859690687499,1.0748596906874992,34
2021-22,2022-01-01,0022100544,GSW,UTA,0,1,1671.908584972707,1691.702467567875,19.79388259516788,1680.4769133822172,0.4376267348454462,7.0,7.0,0.1732351578346601,1.17323515783466,35
2021-22,2022-01-03,0022100559,GSW,MIA,1,1,1691.702467567875,1701.5191664143442,9.816698846469412,1561.6895717616926,0.7210931732678026,7.0,7.0,0.1732351578346601,1.17323515783466,36
2021-22,2022-01-05,0022100572,GSW,DAL,0,0,1701.5191664143442,1672.52632623719,-28.99284017715424,1527.729729033102,0.6897468831412155,17.0,-17.0,0.4011342849479459,1.401134284947946,37
2021-22,2022-01-06,0022100580,GSW,NOP,0,0,1672.52632623719,1647.0220850724932,-25.504241164696897,1440.9642134778107,0.7561160692567467,5.0,-5.0,0.1243530017715962,1.124353001771596,38
2021-22,2022-01-09,0022100604,GSW,CLE,1,1,1647.0220850724932,1660.7423177622554,13.720232689762268,1568.5158147294192,0.6577750231983885,14.0,14.0,0.3363755443363322,1.3363755443363323,39
2021-22,2022-01-11,0022100614,GSW,MEM,0,0,1660.7423177622554,1644.6633968345743,-16.078920927680908,1662.2767012266786,0.4476157324021229,8.0,-8.0,0.197375320224904,1.197375320224904,40
2021-22,2022-01-13,0022100627,GSW,MIL,0,0,1644.6633968345743,1619.374735204099,-25.28866163047573,1550.392015590356,0.5844804085206747,19.0,-19.0,0.4422303560457261,1.442230356045726,41
2021-22,2022-01-14,0022100637,GSW,CHI,0,1,1619.374735204099,1647.4666566647898,28.091921460690937,1602.132069791072,0.4744673695744927,42.0,42.0,0.7818063576087741,1.781806357608774,42
2021-22,2022-01-16,0022100652,GSW,MIN,0,0,1647.4666566647898,1619.1803877729678,-28.286268891821987,1508.832659904204,0.6448700947428435,20.0,-20.0,0.4621171572600097,1.4621171572600098,43
2021-22,2022-01-18,0022100667,GSW,DET,1,1,1619.1803877729678,1625.6157702279088,6.435382454940899,1360.166227198838,0.8445502302147061,16.0,16.0,0.3799489622552249,1.379948962255225,44
2021-22,2022-01-20,0022100683,GSW,IND,1,0,1625.6157702279088,1598.7715586303596,-26.84421159754921,1404.5076763539096,0.8137065529099228,4.0,-4.0,0.0996679946249558,1.099667994624956,45
2021-22,2022-01-21,0022100694,GSW,HOU,1,1,1598.7715586303596,1604.542366033034,5.770807402674568,1374.1041590502944,0.8167925021184429,2.0,2.0,0.0499583749578799,1.04995837495788,46
2021-22,2022-01-23,0022100708,GSW,UTA,1,1,1604.542366033034,1616.3875418377163,11.845175804682174,1551.5823422939802,0.6239477650671198,2.0,2.0,0.0499583749578799,1.04995837495788,47
2021-22,2022-01-25,0022100720,GSW,DAL,1,1,1616.3875418377163,1640.508465798928,24.12092396121164,1625.03226329796,0.5378557124589294,38.0,38.0,0.7397830512740042,1.7397830512740042,48
2021-22,2022-01-27,0022100734,GSW,MIN,1,1,1640.508465798928,1652.9786309392512,12.470165140323145,1560.559705045657,0.6596417751805723,9.0,9.0,0.2212784678984439,1.221278467898444,49
2021-22,2022-01-29,0022100750,GSW,BKN,1,1,1652.9786309392512,1661.479264873336,8.500633934084751,1504.1678568657671,0.7423272607236966,4.0,4.0,0.0996679946249558,1.099667994624956,50
2021-22,2022-01-31,0022100764,GSW,HOU,0,1,1661.479264873336,1667.5442816851748,6.0650168118389125,1326.8864355253418,0.8487197495359009,14.0,14.0,0.3363755443363322,1.3363755443363323,51
2021-22,2022-02-01,0022100771,GSW,SAS,0,1,1667.5442816851748,1675.5237741415865,7.979492456411507,1434.0851103513032,0.7581241945928437,4.0,4.0,0.0996679946249558,1.099667994624956,52
2021-22,2022-02-03,0022100785,GSW,SAC,1,1,1675.5237741415865,1679.49723633913,3.973462197543838,1333.729936902939,0.897430925214406,12.0,12.0,0.2913126124515909,1.2913126124515908,53
2021-22,2022-02-07,0022100813,GSW,OKC,0,1,1679.49723633913,1686.0907180875056,6.593481748375519,1369.292942168604,0.8297989790957068,12.0,12.0,0.2913126124515909,1.2913126124515908,54
2021-22,2022-02-09,0022100828,GSW,UTA,0,0,1686.0907180875056,1655.2491247087655,-30.841593378739972,1540.4016621429291,0.6541151353712318,26.0,-26.0,0.5716699660851172,1.5716699660851172,55
2021-22,2022-02-10,0022100837,GSW,NYK,1,0,1655.2491247087655,1628.8590906885142,-26.390034020251186,1404.997890597954,0.8378120710836066,2.0,-2.0,0.0499583749578799,1.04995837495788,56
2021-22,2022-02-12,0022100854,GSW,LAL,1,1,1628.8590906885142,1635.2081134872783,6.349022798764137,1424.728525246381,0.7984357300825113,2.0,2.0,0.0499583749578799,1.04995837495788,57
2021-22,2022-02-14,0022100866,GSW,LAC,0,0,1635.2081134872783,1607.774875179916,-27.43323830736225,1474.6661518488122,0.6731963752855618,15.0,-15.0,0.3583573983507859,1.358357398350786,58
2021-22,2022-02-16,0022100883,GSW,DEN,1,0,1607.774875179916,1589.4112082386448,-18.363666941271315,1574.3660228050433,0.5971954546256603,1.0,-1.0,0.0249947929684206,1.0249947929684209,59
2021-22,2022-02-24,0022100894,GSW,POR,0,1,1589.4112082386448,1607.2799194551003,17.868711216455747,1442.7646976389397,0.6553610544365369,37.0,37.0,0.7282542059818115,1.7282542059818111,60
2021-22,2022-02-27,0022100917,GSW,DAL,1,0,1607.2799194551003,1588.4279203313683,-18.851999123732288,1609.548765143586,0.5469650595144825,6.0,-6.0,0.1488850336233179,1.1488850336233178,61
2021-22,2022-03-01,0022100930,GSW,MIN,0,0,1588.4279203313683,1568.8798464869062,-19.54807384446221,1567.5423741754748,0.4796988349849602,15.0,-15.0,0.3583573983507859,1.358357398350786,62
2021-22,2022-03-03,0022100943,GSW,DAL,0,0,1568.8798464869062,1555.8416106657578,-13.038235821148422,1636.9579851254146,0.3558630338032681,9.0,-9.0,0.2212784678984439,1.221278467898444,63
2021-22,2022-03-05,0022100959,GSW,LAL,0,0,1555.8416106657578,1531.2174069879727,-24.624203677785168,1385.4828443060628,0.6855050170111513,8.0,-8.0,0.197375320224904,1.197375320224904,64
2021-22,2022-03-07,0022100528,GSW,DEN,0,0,1531.2174069879727,1519.1615507170204,-12.055856270952203,1609.4925210882463,0.3425245766075481,7.0,-7.0,0.1732351578346601,1.17323515783466,65
2021-22,2022-03-08,0022100980,GSW,LAC,1,1,1519.1615507170204,1537.1012391692493,17.939688452228953,1512.429524462244,0.5597700459390644,15.0,15.0,0.3583573983507859,1.358357398350786,66
2021-22,2022-03-10,0022100994,GSW,DEN,0,1,1537.1012391692493,1562.7731795626842,25.67194039343492,1628.849859108397,0.3252773077412274,11.0,11.0,0.2682711820216014,1.2682711820216013,67
2021-22,2022-03-12,0022101008,GSW,MIL,1,1,1562.7731795626842,1584.0802012759814,21.307021713297218,1625.980311729055,0.4594956264320118,13.0,13.0,0.3140209253469976,1.3140209253469977,68
2021-22,2022-03-14,0022101025,GSW,WAS,1,1,1584.0802012759814,1591.289857165547,7.209655889565283,1355.4647840458097,0.820168915838057,14.0,14.0,0.3363755443363322,1.3363755443363323,69
2021-22,2022-03-16,0022101042,GSW,BOS,1,0,1591.289857165547,1570.3866104968854,-20.903246668661264,1651.1002442073982,0.4643555506677801,22.0,-22.0,0.5005202111902353,1.5005202111902354,70
2021-22,2022-03-20,0022101070,GSW,SAS,1,0,1570.3866104968854,1546.239660115832,-24.146950381053255,1398.7991886810528,0.7666002436214652,2.0,-2.0,0.0499583749578799,1.04995837495788,71
2021-22,2022-03-22,0022101080,GSW,ORL,0,0,1546.239660115832,1523.0610384645236,-23.17862165130847,1361.8973322601112,0.7025945335198978,4.0,-4.0,0.0996679946249558,1.099667994624956,72
2021-22,2022-03-23,0022101088,GSW,MIA,0,1,1523.0610384645236,1550.4996106075062,27.43857214298267,1622.532436987654,0.3155972695631963,14.0,14.0,0.3363755443363322,1.3363755443363323,73
2021-22,2022-03-25,0022101102,GSW,ATL,0,0,1550.4996106075062,1531.5666092641573,-18.933001343348813,1517.162764124451,0.4976065479721235,11.0,-11.0,0.2682711820216014,1.2682711820216013,74
2021-22,2022-03-27,0022101117,GSW,WAS,0,0,1531.5666092641573,1506.0026810520103,-25.56392821214687,1339.614722427942,0.711665695802749,8.0,-8.0,0.197375320224904,1.197375320224904,75
2021-22,2022-03-28,0022101129,GSW,MEM,0,0,1506.0026810520103,1494.8639199327324,-11.138761119277849,1679.5123281735307,0.2314257632227095,28.0,-28.0,0.6043677771171634,1.6043677771171634,76
2021-22,2022-03-30,0022101145,GSW,PHX,1,0,1494.8639199327324,1488.314072021038,-6.549847911694465,1772.2772749709063,0.1985401637497053,4.0,-4.0,0.0996679946249558,1.099667994624956,77
2021-22,2022-04-02,0022101165,GSW,UTA,1,1,1488.314072021038,1504.9354060995934,16.621334078555414,1525.9746866752776,0.4961711425691365,4.0,4.0,0.0996679946249558,1.099667994624956,78
2021-22,2022-04-03,0022101176,GSW,SAC,0,1,1504.9354060995934,1522.5189040139155,17.583497914322127,1404.1164231908017,0.5936040351063807,19.0,19.0,0.4422303560457261,1.442230356045726,79
2021-22,2022-04-07,0022101202,GSW,LAL,1,1,1522.5189040139155,1531.871689307757,9.352785293841382,1343.587473843402,0.7740789563077681,16.0,16.0,0.3799489622552249,1.379948962255225,80
2021-22,2022-04-09,0022101215,GSW,SAS,0,1,1531.871689307757,1549.5278959489644,17.65620664120746,1505.4000064052875,0.4877292295144082,6.0,6.0,0.1488850336233179,1.1488850336233178,81
2021-22,2022-04-10,0022101225,GSW,NOP,0,1,1549.5278959489644,1572.3019253031064,22.774029354141856,1523.1405255131756,0.4876079679246393,21.0,21.0,0.4815497983643079,1.481549798364308,82
2021-22,2021-10-20,0022100008,HOU,MIN,0,0,1500.0,1480.812867234912,-19.187132765088176,1500.0,0.449800646746463,18.0,-18.0,0.4218990052500079,1.4218990052500078,1
2021-22,2021-10-22,0022100023,HOU,OKC,1,1,1480.812867234912,1503.395187123068,22.582319888156302,1480.0079382752592,0.551345794014644,33.0,33.0,0.6777821008468294,1.6777821008468294,2
2021-22,2021-10-24,0022100037,HOU,BOS,1,0,1503.395187123068,1480.4329087102008,-22.96227841286732,1457.1565412226082,0.6148267381188149,10.0,-10.0,0.2449186624037091,1.2449186624037092,3
2021-22,2021-10-26,0022100052,HOU,DAL,0,0,1480.4329087102008,1464.6635575892092,-15.76935112099162,1499.913535477575,0.422232434327447,10.0,-10.0,0.2449186624037091,1.2449186624037092,4
2021-22,2021-10-28,0022100068,HOU,UTA,1,0,1464.6635575892092,1443.8910583933523,-20.772499195856913,1555.955892345712,0.4196903343582532,31.0,-31.0,0.6498274636719203,1.6498274636719203,5
2021-22,2021-10-31,0022100093,HOU,LAL,0,0,1443.8910583933523,1429.846867312399,-14.044191080953365,1496.8598497975763,0.3760403927069048,10.0,-10.0,0.2449186624037091,1.2449186624037092,6
2021-22,2021-11-02,0022100107,HOU,LAL,0,0,1429.846867312399,1419.171084874417,-10.675782437982068,1510.9040408785297,0.3389271642446567,2.0,-2.0,0.0499583749578799,1.04995837495788,7
2021-22,2021-11-04,0022100122,HOU,PHX,0,0,1419.171084874417,1405.642283900169,-13.528800974247831,1492.300478736492,0.3492260728552541,12.0,-12.0,0.2913126124515909,1.2913126124515908,8
2021-22,2021-11-06,0022100133,HOU,DEN,0,0,1405.642283900169,1395.9465762098584,-9.695707690310606,1505.3454487936738,0.3153091689448651,1.0,-1.0,0.0249947929684206,1.0249947929684209,9
2021-22,2021-11-07,0022100145,HOU,GSW,0,0,1395.9465762098584,1386.7950593045412,-9.151516905317347,1568.7492072428577,0.2321504609449218,13.0,-13.0,0.3140209253469976,1.3140209253469977,10
2021-22,2021-11-10,0022100162,HOU,DET,1,0,1386.7950593045412,1366.9031022971517,-19.891957007389376,1384.2899055541934,0.553765575738693,8.0,-8.0,0.197375320224904,1.197375320224904,11
2021-22,2021-11-12,0022100177,HOU,POR,1,0,1366.9031022971517,1351.9087115494592,-14.994390747692496,1481.7603516577465,0.3870581144361125,12.0,-12.0,0.2913126124515909,1.2913126124515908,12
2021-22,2021-11-14,0022100195,HOU,PHX,1,0,1351.9087115494592,1339.9029916037914,-12.005719945667696,1573.4957778473183,0.2546276721520787,26.0,-26.0,0.5716699660851172,1.5716699660851172,13
2021-22,2021-11-15,0022100205,HOU,MEM,0,0,1339.9029916037914,1324.4155802638186,-15.487411339972724,1447.7488513292808,0.3052784370335538,34.0,-34.0,0.6910694698329306,1.6910694698329305,14
2021-22,2021-11-17,0022100221,HOU,OKC,0,0,1324.4155802638186,1313.2783558413523,-11.137224422466128,1447.0819813653425,0.2874910463217686,12.0,-12.0,0.2913126124515909,1.2913126124515908,15
2021-22,2021-11-20,0022100239,HOU,NYK,0,0,1313.2783558413523,1305.2551583043507,-8.023197537001778,1490.1998773690352,0.2279508213797908,7.0,-7.0,0.1732351578346601,1.17323515783466,16
2021-22,2021-11-22,0022100256,HOU,BOS,0,0,1305.2551583043507,1298.019007691603,-7.236150612747605,1546.155561402946,0.1696358317534021,18.0,-18.0,0.4218990052500079,1.4218990052500078,17
2021-22,2021-11-24,0022100271,HOU,CHI,1,1,1298.019007691603,1324.986938807529,26.967931115926024,1573.311065730188,0.200490383552918,5.0,5.0,0.1243530017715962,1.124353001771596,18
2021-22,2021-11-27,0022100297,HOU,CHA,1,1,1324.986938807529,1350.063140804342,25.076201996812905,1577.493945224336,0.2223418487680711,3.0,3.0,0.074859690687499,1.0748596906874992,19
2021-22,2021-11-29,0022100308,HOU,OKC,1,1,1350.063140804342,1370.3338029027325,20.270662098390524,1394.94311467208,0.4857854060165851,13.0,13.0,0.3140209253469976,1.3140209253469977,20
2021-22,2021-12-01,0022100326,HOU,OKC,0,1,1370.3338029027325,1388.6885431203564,18.35474021762378,1374.6724525736893,0.4436278250241731,4.0,4.0,0.0996679946249558,1.099667994624956,21
2021-22,2021-12-03,0022100337,HOU,ORL,1,1,1388.6885431203564,1401.2108973386112,12.522354218254852,1351.4774336097475,0.6024491853861287,2.0,2.0,0.0499583749578799,1.04995837495788,22
2021-22,2021-12-05,0022100352,HOU,NOP,1,1,1401.2108973386112,1419.933512057,18.72261471838883,1437.1194964509043,0.4986924237486889,10.0,10.0,0.2449186624037091,1.2449186624037092,23
2021-22,2021-12-08,0022100372,HOU,BKN,1,1,1419.933512057,1446.92819699762,26.994684940620154,1621.4204302937671,0.2772035165601803,10.0,10.0,0.2449186624037091,1.2449186624037092,24
2021-22,2021-12-10,0022100386,HOU,MIL,1,0,1446.92819699762,1433.714609556075,-13.213587441545004,1581.390008698131,0.360649046303167,9.0,-9.0,0.2212784678984439,1.221278467898444,25
2021-22,2021-12-11,0022100395,HOU,MEM,0,0,1433.714609556075,1422.5300315231802,-11.18457803289461,1531.4415506120831,0.31777028268675,7.0,-7.0,0.1732351578346601,1.17323515783466,26
2021-22,2021-12-13,0022100407,HOU,ATL,0,1,1422.5300315231802,1445.989780691118,23.459749167937662,1518.9949181338902,0.3193473532638556,6.0,6.0,0.1488850336233179,1.1488850336233178,27
2021-22,2021-12-15,0022100417,HOU,CLE,0,0,1445.989780691118,1433.7233704431303,-12.266410247987228,1611.26258452985,0.2399665454793487,35.0,-35.0,0.703905603936621,1.703905603936621,28
2021-22,2021-12-16,0022100431,HOU,NYK,1,0,1433.7233704431303,1411.6244921287764,-22.09887831435402,1426.4119791883795,0.5605917401586357,13.0,-13.0,0.3140209253469976,1.3140209253469977,29
2021-22,2021-12-18,0022100441,HOU,DET,0,1,1411.6244921287764,1424.7778099392428,13.153317810466504,1275.922123821065,0.6409959411058664,9.0,9.0,0.2212784678984439,1.221278467898444,30
2021-22,2021-12-20,0022100459,HOU,CHI,0,0,1424.7778099392428,1414.2347343031706,-10.543075636072166,1572.637636163568,0.2587211988261892,15.0,-15.0,0.3583573983507859,1.358357398350786,31
2021-22,2021-12-22,0022100473,HOU,MIL,0,0,1414.2347343031706,1402.3495222078186,-11.885212095352054,1551.174123036527,0.2709589546532372,20.0,-20.0,0.4621171572600097,1.4621171572600098,32
2021-22,2021-12-23,0022100476,HOU,IND,0,0,1402.3495222078186,1388.3171037401348,-14.03241846768378,1465.624235383051,0.3622262167548224,12.0,-12.0,0.2913126124515909,1.2913126124515908,33
2021-22,2021-12-27,0022100501,HOU,CHA,0,0,1388.3171037401348,1373.9419168285212,-14.37518691161354,1490.894221305344,0.311748500075793,24.0,-24.0,0.5370495669980352,1.5370495669980353,34
2021-22,2021-12-28,0022100511,HOU,LAL,1,0,1373.9419168285212,1357.0465545769723,-16.89536225154865,1436.000099608687,0.4611386809163983,9.0,-9.0,0.2212784678984439,1.221278467898444,35
2021-22,2021-12-31,0022100532,HOU,MIA,1,0,1357.0465545769723,1347.3429404118708,-9.703614165101651,1573.9131591949915,0.2598192277709602,10.0,-10.0,0.2449186624037091,1.2449186624037092,36
2021-22,2022-01-01,0022100543,HOU,DEN,1,0,1347.3429404118708,1334.668965003409,-12.673975408461777,1512.0855695074808,0.3215061790870369,13.0,-13.0,0.3140209253469976,1.3140209253469977,37
2021-22,2022-01-03,0022100552,HOU,PHI,0,0,1334.668965003409,1326.7084602590005,-7.960504744408757,1561.345066683249,0.1814835130204077,20.0,-20.0,0.4621171572600097,1.4621171572600098,38
2021-22,2022-01-05,0022100569,HOU,WAS,0,1,1326.7084602590005,1350.7585127480936,24.05005248909344,1478.7196401751207,0.2541645916683753,3.0,3.0,0.074859690687499,1.0748596906874992,39
2021-22,2022-01-07,0022100586,HOU,DAL,1,0,1350.7585127480936,1338.2129852807404,-12.545527467353056,1556.7225692102563,0.2720694620984224,24.0,-24.0,0.5370495669980352,1.5370495669980353,40
2021-22,2022-01-09,0022100600,HOU,MIN,1,0,1338.2129852807404,1325.556083013839,-12.65690226690132,1523.1309096499465,0.2967135785820901,18.0,-18.0,0.4218990052500079,1.4218990052500078,41
2021-22,2022-01-10,0022100711,HOU,PHI,1,0,1325.556083013839,1316.3294454917366,-9.226637522102486,1590.3541912480964,0.2103487962937501,20.0,-20.0,0.4621171572600097,1.4621171572600098,42
2021-22,2022-01-12,0022100623,HOU,SAS,0,1,1316.3294454917366,1339.564180066339,23.234734574602548,1432.088186163718,0.2957045614927681,4.0,4.0,0.0996679946249558,1.099667994624956,43
2021-22,2022-01-14,0022100640,HOU,SAC,0,0,1339.564180066339,1324.286765730578,-15.277414335760929,1379.0899830947249,0.3943639515442703,12.0,-12.0,0.2913126124515909,1.2913126124515908,44
2021-22,2022-01-16,0022100651,HOU,SAC,0,1,1324.286765730578,1346.5788654230078,22.29209969242962,1394.367397430486,0.3532251113027532,6.0,6.0,0.1488850336233179,1.1488850336233178,45
2021-22,2022-01-19,0022100677,HOU,UTA,0,1,1346.5788654230078,1374.1041590502944,27.52529362728668,1570.366636633736,0.1839664356918684,5.0,5.0,0.1243530017715962,1.124353001771596,46
2021-22,2022-01-21,0022100694,HOU,GSW,0,0,1374.1041590502944,1368.3333516476198,-5.770807402674568,1598.7715586303596,0.1832074978815571,2.0,-2.0,0.0499583749578799,1.04995837495788,47
2021-22,2022-01-25,0022100719,HOU,SAS,1,0,1368.3333516476198,1343.5855871692777,-24.74776447834201,1400.2093915431078,0.5044956188285014,30.0,-30.0,0.6351489523872873,1.6351489523872873,48
2021-22,2022-01-28,0022100739,HOU,POR,1,0,1343.5855871692777,1326.8864355253418,-16.69915164393583,1441.965198298614,0.4097878723280208,15.0,-15.0,0.3583573983507859,1.358357398350786,49
2021-22,2022-01-31,0022100764,HOU,GSW,1,0,1326.8864355253418,1320.821418713503,-6.0650168118389125,1661.479264873336,0.151280250464099,14.0,-14.0,0.3363755443363322,1.3363755443363323,50
2021-22,2022-02-02,0022100777,HOU,CLE,1,1,1320.821418713503,1351.6461603476112,30.82474163410826,1607.8846792968156,0.189848825417758,11.0,11.0,0.2682711820216014,1.2682711820216013,51
2021-22,2022-02-04,0022100792,HOU,SAS,0,0,1351.6461603476112,1334.504791202032,-17.141369145579024,1410.936873449724,0.3675408938423112,25.0,-25.0,0.5545997223493823,1.5545997223493822,52
2021-22,2022-02-06,0022100808,HOU,NOP,1,0,1334.504791202032,1321.0054100058046,-13.49938119622737,1482.841599989575,0.3424446023100823,13.0,-13.0,0.3140209253469976,1.3140209253469977,53
2021-22,2022-02-08,0022100819,HOU,NOP,0,0,1321.0054100058046,1311.9559516428558,-9.049458362948728,1496.340981185802,0.2295614980550128,13.0,-13.0,0.3140209253469976,1.3140209253469977,54
2021-22,2022-02-10,0022100834,HOU,TOR,1,0,1311.9559516428558,1305.0773624064143,-6.878589236441147,1636.3410103284334,0.1589803646277585,19.0,-19.0,0.4422303560457261,1.442230356045726,55
2021-22,2022-02-14,0022100865,HOU,UTA,0,0,1305.0773624064143,1297.73766278447,-7.339699621944556,1578.7714540682298,0.1446756969061652,34.0,-34.0,0.6910694698329306,1.6910694698329305,56
2021-22,2022-02-16,0022100882,HOU,PHX,0,0,1297.73766278447,1296.101780333505,-1.6358824509647094,1771.5816366311576,0.0507316587500634,3.0,-3.0,0.074859690687499,1.0748596906874992,57
2021-22,2022-02-17,0022100888,HOU,LAC,0,0,1296.101780333505,1285.9653697816586,-10.136410551846394,1496.7631364251847,0.2047973858891968,31.0,-31.0,0.6498274636719203,1.6498274636719203,58
2021-22,2022-02-25,0022100898,HOU,ORL,0,0,1285.9653697816586,1271.4001360931925,-14.565233688466364,1317.446562702888,0.4054766967506497,8.0,-8.0,0.197375320224904,1.197375320224904,59
2021-22,2022-02-27,0022100916,HOU,LAC,1,0,1271.4001360931925,1264.4926047604756,-6.907531332716653,1521.610340731747,0.224636306450956,1.0,-1.0,0.0249947929684206,1.0249947929684209,60
2021-22,2022-03-01,0022100929,HOU,LAC,1,0,1264.4926047604756,1256.171355342665,-8.321249417810687,1528.517872064464,0.211088708895897,13.0,-13.0,0.3140209253469976,1.3140209253469977,61
2021-22,2022-03-02,0022100935,HOU,UTA,1,0,1256.171355342665,1251.4440789006428,-4.7272764420222755,1606.306002889202,0.1401480506144038,5.0,-5.0,0.1243530017715962,1.124353001771596,62
2021-22,2022-03-04,0022100952,HOU,DEN,0,0,1251.4440789006428,1247.2001194644963,-4.243959436146392,1590.2849174546975,0.104144398749526,15.0,-15.0,0.3583573983507859,1.358357398350786,63
2021-22,2022-03-06,0022100964,HOU,MEM,1,1,1247.2001194644963,1281.37721140779,34.17709194329374,1660.5629407335853,0.1017406890111078,11.0,11.0,0.2682711820216014,1.2682711820216013,64
2021-22,2022-03-07,0022100970,HOU,MIA,0,0,1281.37721140779,1277.8297284039554,-3.5474830038347576,1660.5326547104758,0.0843955035084675,17.0,-17.0,0.4011342849479459,1.401134284947946,65
2021-22,2022-03-09,0022100985,HOU,LAL,1,1,1277.8297284039554,1300.42240686586,22.592678461904587,1395.399763834892,0.3833598955041023,9.0,9.0,0.2212784678984439,1.221278467898444,66
2021-22,2022-03-11,0022100999,HOU,DAL,1,0,1300.42240686586,1294.1968887337985,-6.2255181320615485,1626.1818488271974,0.1579253930175568,13.0,-13.0,0.3140209253469976,1.3140209253469977,67
2021-22,2022-03-13,0022101017,HOU,NOP,0,0,1294.1968887337985,1284.156417709834,-10.040471023964464,1483.8759196628012,0.2152852355844338,25.0,-25.0,0.5545997223493823,1.5545997223493822,68
2021-22,2022-03-16,0022101038,HOU,PHX,1,0,1284.156417709834,1280.299334460793,-3.857083249040952,1717.373282975047,0.0917609703908394,17.0,-17.0,0.4011342849479459,1.401134284947946,69
2021-22,2022-03-18,0022101053,HOU,IND,1,0,1280.299334460793,1265.5072853881172,-14.792049072675788,1344.0434161729477,0.4587280616199786,3.0,-3.0,0.074859690687499,1.0748596906874992,70
2021-22,2022-03-20,0022101063,HOU,MEM,1,0,1265.5072853881172,1259.715600940795,-5.791684447322251,1637.5926873696387,0.1256017713346272,24.0,-24.0,0.5370495669980352,1.5370495669980353,71
2021-22,2022-03-21,0022101077,HOU,WAS,1,1,1259.715600940795,1284.310706339151,24.595105398355965,1348.3500416959714,0.4234211828091712,18.0,18.0,0.4218990052500079,1.4218990052500078,72
2021-22,2022-03-23,0022101092,HOU,DAL,0,0,1284.310706339151,1279.9523779709734,-4.3583283681774905,1629.6008899105357,0.1007312123639539,19.0,-19.0,0.4422303560457261,1.442230356045726,73
2021-22,2022-03-25,0022101105,HOU,POR,0,1,1279.9523779709734,1306.6222221755522,26.66984420457873,1327.3480360582955,0.3835972158728399,19.0,19.0,0.4422303560457261,1.442230356045726,74
2021-22,2022-03-26,0022101114,HOU,POR,0,1,1306.6222221755522,1329.392799018296,22.770576842743772,1300.678191853717,0.4582823100930274,17.0,17.0,0.4011342849479459,1.401134284947946,75
2021-22,2022-03-28,0022101128,HOU,SAS,1,0,1329.392799018296,1317.9425292565656,-11.450269761730343,1468.0544334343929,0.3550934712978383,3.0,-3.0,0.074859690687499,1.0748596906874992,76
2021-22,2022-03-30,0022101142,HOU,SAC,1,0,1317.9425292565656,1302.8250092597982,-15.11751999676748,1374.635716022225,0.4688215006958427,3.0,-3.0,0.074859690687499,1.0748596906874992,77
2021-22,2022-04-01,0022101154,HOU,SAC,1,0,1302.8250092597982,1288.4618220879893,-14.363187171808974,1389.7532360189928,0.4258208098102493,5.0,-5.0,0.1243530017715962,1.124353001771596,78
2021-22,2022-04-03,0022101173,HOU,MIN,1,0,1288.4618220879893,1283.2528118205169,-5.20901026747238,1627.538995165757,0.1479956293697109,7.0,-7.0,0.1732351578346601,1.17323515783466,79
2021-22,2022-04-05,0022101180,HOU,BKN,0,0,1283.2528118205169,1275.3558755592464,-7.896936261270453,1488.7241862264714,0.2003249747636269,13.0,-13.0,0.3140209253469976,1.3140209253469977,80
2021-22,2022-04-08,0022101206,HOU,TOR,0,0,1275.3558755592464,1272.6350880983266,-2.7207874609197495,1650.1020532946386,0.0863776293680498,2.0,-2.0,0.0499583749578799,1.04995837495788,81
2021-22,2022-04-10,0022101221,HOU,ATL,1,0,1272.6350880983266,1265.0963215025922,-7.53876659573431,1568.5882231031967,0.1821025463486186,16.0,-16.0,0.3799489622552249,1.379948962255225,82
2021-22,2021-10-20,0022100003,IND,CHA,0,0,1500.0,1486.1687003763311,-13.831299623668578,1500.0,0.449800646746463,1.0,-1.0,0.0249947929684206,1.0249947929684209,1
2021-22,2021-10-22,0022100019,IND,WAS,0,0,1486.1687003763311,1473.9034044514751,-12.265295924856268,1522.4210208617928,0.3988734384798041,1.0,-1.0,0.0249947929684206,1.0249947929684209,2
2021-22,2021-10-23,0022100028,IND,MIA,1,1,1473.9034044514751,1493.8416648682896,19.938260416814423,1525.6121285912652,0.475972733606462,11.0,11.0,0.2682711820216014,1.2682711820216013,3
2021-22,2021-10-25,0022100042,IND,MIL,1,0,1493.8416648682896,1474.478429090802,-19.363235777487542,1516.0081395319944,0.5184605324629721,10.0,-10.0,0.2449186624037091,1.2449186624037092,4
2021-22,2021-10-27,0022100058,IND,TOR,0,0,1474.478429090802,1455.0047090646256,-19.473720026176625,1469.7685887381506,0.4565190625183825,18.0,-18.0,0.4218990052500079,1.4218990052500078,5
2021-22,2021-10-29,0022100072,IND,BKN,0,0,1455.0047090646256,1440.421958194259,-14.58275087036642,1480.1363958775669,0.4143173620674807,7.0,-7.0,0.1732351578346601,1.17323515783466,6
2021-22,2021-10-30,0022100081,IND,TOR,1,0,1440.421958194259,1425.490804527907,-14.931153666352316,1501.1499691122324,0.4630419454035,3.0,-3.0,0.074859690687499,1.0748596906874992,7
2021-22,2021-11-01,0022100095,IND,SAS,1,1,1425.490804527907,1446.114501081223,20.623696553315895,1476.6026277555104,0.4768298293304137,13.0,13.0,0.3140209253469976,1.3140209253469977,8
2021-22,2021-11-03,0022100109,IND,NYK,1,1,1446.114501081223,1469.2687424549745,23.154241373751866,1542.4502899387207,0.4126364117162631,13.0,13.0,0.3140209253469976,1.3140209253469977,9
2021-22,2021-11-05,0022100131,IND,POR,0,0,1469.2687424549745,1454.818369258482,-14.450373196492292,1477.557885479766,0.4380223020985718,4.0,-4.0,0.0996679946249558,1.099667994624956,10
2021-22,2021-11-07,0022100143,IND,SAC,0,1,1454.818369258482,1475.4537203774553,20.63535111897314,1519.7236490180203,0.3600606262765823,3.0,3.0,0.074859690687499,1.0748596906874992,11
2021-22,2021-11-10,0022100167,IND,DEN,0,0,1475.4537203774553,1463.7602165312005,-11.693503846255012,1538.4199165625146,0.3626365979847299,3.0,-3.0,0.074859690687499,1.0748596906874992,12
2021-22,2021-11-11,0022100172,IND,UTA,0,1,1463.7602165312005,1490.449547682525,26.689331151324815,1577.162245626478,0.2985377383622719,11.0,11.0,0.2682711820216014,1.2682711820216013,13
2021-22,2021-11-13,0022100186,IND,PHI,1,1,1490.449547682525,1507.6118185236614,17.162270841136344,1531.5680669283122,0.4911956531417188,5.0,5.0,0.1243530017715962,1.124353001771596,14
2021-22,2021-11-15,0022100203,IND,NYK,0,0,1507.6118185236614,1490.9920016111023,-16.61981691255917,1498.597233141576,0.4626735558414955,8.0,-8.0,0.197375320224904,1.197375320224904,15
2021-22,2021-11-17,0022100214,IND,DET,0,0,1490.9920016111023,1469.88148293889,-21.11051867221223,1394.4231542760378,0.5876887086734293,8.0,-8.0,0.197375320224904,1.197375320224904,16
2021-22,2021-11-19,0022100230,IND,CHA,0,0,1469.88148293889,1458.3535391985731,-11.527943740316962,1536.7185920451325,0.3575022811564514,3.0,-3.0,0.074859690687499,1.0748596906874992,17
2021-22,2021-11-20,0022100240,IND,NOP,1,1,1458.3535391985731,1473.0466923366414,14.693153138068215,1385.4745748617545,0.650446230221869,17.0,17.0,0.4011342849479459,1.401134284947946,18
2021-22,2021-11-22,0022100257,IND,CHI,0,1,1473.0466923366414,1509.4243381619408,36.37764582529931,1609.688711555487,0.2712972358288323,32.0,32.0,0.664036770267849,1.664036770267849,19
2021-22,2021-11-24,0022100268,IND,LAL,1,0,1509.4243381619408,1486.5646656116908,-22.85967255024995,1447.1947158630542,0.6363828217748857,8.0,-8.0,0.197375320224904,1.197375320224904,20
2021-22,2021-11-26,0022100284,IND,TOR,1,1,1486.5646656116908,1506.281114552427,19.716448940736228,1500.0373079414128,0.5309407729498076,17.0,17.0,0.4011342849479459,1.401134284947946,21
2021-22,2021-11-28,0022100301,IND,MIL,1,0,1506.281114552427,1486.021696922811,-20.2594176296158,1558.7105572214775,0.4749380360305232,18.0,-18.0,0.4218990052500079,1.4218990052500078,22
2021-22,2021-11-29,0022100309,IND,MIN,0,0,1486.021696922811,1473.6299295575543,-12.39176736525664,1526.2452511665035,0.3934050358822953,2.0,-2.0,0.0499583749578799,1.04995837495788,23
2021-22,2021-12-01,0022100319,IND,ATL,1,0,1473.6299295575543,1458.9070782771591,-14.722851280395442,1538.8759434967628,0.4565821135525278,3.0,-3.0,0.074859690687499,1.0748596906874992,24
2021-22,2021-12-03,0022100333,IND,MIA,1,0,1458.9070782771591,1442.5748090248735,-16.33226925228573,1531.738943928055,0.4457697317901634,9.0,-9.0,0.2212784678984439,1.221278467898444,25
2021-22,2021-12-06,0022100355,IND,WAS,1,1,1442.5748090248735,1460.745408594782,18.170599569908575,1496.490623431038,0.4728048197998626,6.0,6.0,0.1488850336233179,1.1488850336233178,26
2021-22,2021-12-08,0022100369,IND,NYK,1,1,1460.745408594782,1482.0157177097742,21.27030911499209,1485.263787359382,0.5150796909040131,20.0,20.0,0.4621171572600097,1.4621171572600098,27
2021-22,2021-12-10,0022100383,IND,DAL,1,1,1482.0157177097742,1499.8259732905344,17.810255580760288,1483.418879804656,0.5481995951711581,13.0,13.0,0.3140209253469976,1.3140209253469977,28
2021-22,2021-12-13,0022100405,IND,GSW,1,0,1499.8259732905344,1489.471771555577,-10.354201734957204,1658.8586991495365,0.3287178483106555,2.0,-2.0,0.0499583749578799,1.04995837495788,29
2021-22,2021-12-15,0022100421,IND,MIL,0,0,1489.471771555577,1476.3856227557064,-13.086148799870722,1584.516619320092,0.3211267966186937,15.0,-15.0,0.3583573983507859,1.358357398350786,30
2021-22,2021-12-16,0022100428,IND,DET,1,1,1476.3856227557064,1484.166839902837,7.781217147130629,1283.7033409681956,0.7876209957662803,9.0,9.0,0.2212784678984439,1.221278467898444,31
2021-22,2021-12-21,0022100465,IND,MIA,0,0,1484.166839902837,1465.624235383051,-18.542604519786064,1533.0785408108757,0.3815358100666939,29.0,-29.0,0.619996867969374,1.619996867969374,32
2021-22,2021-12-23,0022100476,IND,HOU,1,1,1465.624235383051,1479.6566538507348,14.03241846768378,1402.3495222078186,0.6377737832451775,12.0,12.0,0.2913126124515909,1.2913126124515908,33
2021-22,2021-12-26,0022100499,IND,CHI,0,0,1479.6566538507348,1468.5002246570189,-11.15642919371598,1583.1807117996402,0.3105801220740171,8.0,-8.0,0.197375320224904,1.197375320224904,34
2021-22,2021-12-29,0022100517,IND,CHA,1,0,1468.5002246570189,1450.631051738481,-17.869172918537917,1505.2694082169576,0.4974539621985175,8.0,-8.0,0.197375320224904,1.197375320224904,35
2021-22,2021-12-31,0022100530,IND,CHI,1,0,1450.631051738481,1440.593299658403,-10.03775208007788,1617.6364408510285,0.3186714292516772,2.0,-2.0,0.0499583749578799,1.04995837495788,36
2021-22,2022-01-02,0022100547,IND,CLE,0,0,1440.593299658403,1431.0952415714085,-9.498058086994758,1562.9072330827985,0.2879068389556398,4.0,-4.0,0.0996679946249558,1.099667994624956,37
2021-22,2022-01-04,0022100564,IND,NYK,0,0,1431.0952415714085,1414.88891887284,-16.206322698568435,1442.273608013853,0.4339325716074496,10.0,-10.0,0.2449186624037091,1.2449186624037092,38
2021-22,2022-01-05,0022100571,IND,BKN,1,0,1414.88891887284,1402.509611876407,-12.379306996433218,1561.5473780438958,0.344623410536194,8.0,-8.0,0.197375320224904,1.197375320224904,39
2021-22,2022-01-08,0022100594,IND,UTA,1,1,1402.509611876407,1432.7150723264726,30.205460450065654,1657.0844114107913,0.2202905230226732,12.0,12.0,0.2913126124515909,1.2913126124515908,40
2021-22,2022-01-10,0022100609,IND,BOS,0,0,1432.7150723264726,1421.1995178374382,-11.515554489034509,1499.8428309171493,0.3571180681783982,3.0,-3.0,0.074859690687499,1.0748596906874992,41
2021-22,2022-01-12,0022100618,IND,BOS,1,0,1421.1995178374382,1402.9720220290142,-18.227495808424113,1511.3583854061835,0.4212802698731114,19.0,-19.0,0.4422303560457261,1.442230356045726,42
2021-22,2022-01-14,0022100634,IND,PHX,1,0,1402.9720220290142,1393.9818208265951,-8.990201202419088,1667.3448328807558,0.2107557374381024,18.0,-18.0,0.4218990052500079,1.4218990052500078,43
2021-22,2022-01-17,0022100659,IND,LAC,0,0,1393.9818208265951,1380.6723195371912,-13.309501289403912,1439.4991504289071,0.3861570392130192,6.0,-6.0,0.1488850336233179,1.1488850336233178,44
2021-22,2022-01-19,0022100680,IND,LAL,0,1,1380.6723195371912,1404.5076763539096,23.83535681671822,1474.3836873503155,0.3228025186724116,7.0,7.0,0.1732351578346601,1.17323515783466,45
2021-22,2022-01-20,0022100683,IND,GSW,0,1,1404.5076763539096,1431.3518879514588,26.84421159754921,1625.6157702279088,0.1862934470900772,4.0,4.0,0.0996679946249558,1.099667994624956,46
2021-22,2022-01-22,0022100697,IND,PHX,0,0,1431.3518879514588,1426.0508256745134,-5.3010622769453635,1708.9189541381982,0.1419386512826465,10.0,-10.0,0.2449186624037091,1.2449186624037092,47
2021-22,2022-01-24,0022100712,IND,NOP,0,0,1426.0508256745134,1413.9904414840116,-12.060384190501662,1486.8112017964038,0.3655765270200145,4.0,-4.0,0.0996679946249558,1.099667994624956,48
2021-22,2022-01-26,0022100723,IND,CHA,1,0,1413.9904414840116,1394.6132939082077,-19.377147575803995,1528.0446142550638,0.3881554366671233,32.0,-32.0,0.664036770267849,1.664036770267849,49
2021-22,2022-01-28,0022100741,IND,OKC,0,1,1394.6132939082077,1409.3213678045306,14.708073896322958,1329.046393826795,0.5438761597210449,3.0,3.0,0.074859690687499,1.0748596906874992,50
2021-22,2022-01-29,0022100746,IND,DAL,0,0,1409.3213678045306,1399.8379799287668,-9.483387875763826,1616.1992915391313,0.1990310636747154,27.0,-27.0,0.5882592563981054,1.5882592563981053,51
2021-22,2022-01-31,0022100760,IND,LAC,1,1,1399.8379799287668,1420.1322589859865,20.294279057219654,1497.211640109266,0.4111891540265438,6.0,6.0,0.1488850336233179,1.1488850336233178,52
2021-22,2022-02-02,0022100773,IND,ORL,1,0,1420.1322589859865,1399.044355252585,-21.08790373340123,1319.544630331242,0.6857889710941825,1.0,-1.0,0.0249947929684206,1.0249947929684209,53
2021-22,2022-02-04,0022100789,IND,CHI,1,0,1399.044355252585,1386.060570335909,-12.983784916676278,1527.328826986007,0.3688883917821255,7.0,-7.0,0.1732351578346601,1.17323515783466,54
2021-22,2022-02-06,0022100805,IND,CLE,0,0,1386.060570335909,1378.1498337886371,-7.910736547271982,1591.1525633059182,0.2006750525474057,13.0,-13.0,0.3140209253469976,1.3140209253469977,55
2021-22,2022-02-08,0022100816,IND,ATL,0,0,1378.1498337886371,1366.1037720997836,-12.04606168885358,1515.0321223392873,0.2710238900317521,21.0,-21.0,0.4815497983643079,1.481549798364308,56
2021-22,2022-02-11,0022100839,IND,CLE,1,0,1366.1037720997836,1357.9104233729474,-8.19334872683611,1608.2885446452322,0.2327850664924917,7.0,-7.0,0.1732351578346601,1.17323515783466,57
2021-22,2022-02-13,0022100857,IND,MIN,1,0,1357.9104233729474,1347.462132639895,-10.448290733052476,1552.5469431432457,0.2851735840129271,9.0,-9.0,0.2212784678984439,1.221278467898444,58
2021-22,2022-02-15,0022100870,IND,MIL,0,0,1347.462132639895,1340.379519816054,-7.082612823840991,1560.6414741769884,0.1933114357893232,9.0,-9.0,0.2212784678984439,1.221278467898444,59
2021-22,2022-02-16,0022100876,IND,WAS,1,1,1340.379519816054,1358.5330218788442,18.153502062790245,1401.96917812966,0.4618089385870058,5.0,5.0,0.1243530017715962,1.124353001771596,60
2021-22,2022-02-25,0022100897,IND,OKC,1,0,1358.5330218788442,1339.6210241024949,-18.911997776349395,1342.254962005913,0.5732638659664842,4.0,-4.0,0.0996679946249558,1.099667994624956,61
2021-22,2022-02-27,0022100914,IND,BOS,1,1,1339.6210241024949,1376.6272713714386,37.00624726894371,1653.296108711154,0.1673978309785214,21.0,21.0,0.4815497983643079,1.481549798364308,62
2021-22,2022-02-28,0022100921,IND,ORL,0,0,1376.6272713714386,1355.355320212245,-21.271951159193687,1332.0117963913544,0.5138342489717719,16.0,-16.0,0.3799489622552249,1.379948962255225,63
2021-22,2022-03-02,0022100933,IND,ORL,0,1,1355.355320212245,1375.013101594286,19.657781382041087,1353.283747550548,0.45275356161651,8.0,8.0,0.197375320224904,1.197375320224904,64
2021-22,2022-03-04,0022100946,IND,DET,0,0,1375.013101594286,1359.0299375384757,-15.98316405581054,1358.2021482900182,0.4738477456405753,5.0,-5.0,0.1243530017715962,1.124353001771596,65
2021-22,2022-03-06,0022100963,IND,WAS,0,0,1359.0299375384757,1343.6705203039198,-15.359417234555922,1386.3554605502366,0.4112562450438786,10.0,-10.0,0.2449186624037091,1.2449186624037092,66
2021-22,2022-03-08,0022100976,IND,CLE,1,0,1343.6705203039198,1333.6473103163205,-10.023209987599556,1516.9855857655166,0.3108377795551633,3.0,-3.0,0.074859690687499,1.0748596906874992,67
2021-22,2022-03-12,0022101007,IND,SAS,0,1,1333.6473103163205,1360.4538590457466,26.806548729426307,1449.61262545298,0.2954569677362652,11.0,11.0,0.2682711820216014,1.2682711820216013,68
2021-22,2022-03-13,0022101016,IND,ATL,0,0,1360.4538590457466,1352.9618904038089,-7.491968641937746,1533.072384696172,0.2323394301863328,3.0,-3.0,0.074859690687499,1.0748596906874992,69
2021-22,2022-03-15,0022101029,IND,MEM,1,0,1352.9618904038089,1344.0434161729477,-8.91847423086112,1654.7086849605566,0.1771877731989091,33.0,-33.0,0.6777821008468294,1.6777821008468294,70
2021-22,2022-03-18,0022101053,IND,HOU,0,1,1344.0434161729477,1358.8354652456237,14.792049072675788,1280.299334460793,0.5412719383800214,3.0,3.0,0.074859690687499,1.0748596906874992,71
2021-22,2022-03-20,0022101062,IND,POR,1,1,1358.8354652456237,1380.6259726757216,21.79050743009827,1352.123426822185,0.5597416919867797,31.0,31.0,0.6498274636719203,1.6498274636719203,72
2021-22,2022-03-23,0022101086,IND,SAC,1,0,1380.6259726757216,1362.3805266569868,-18.245446018734707,1349.9892910589533,0.5933508522482428,1.0,-1.0,0.0249947929684206,1.0249947929684209,73
2021-22,2022-03-24,0022101096,IND,MEM,0,0,1362.3805266569868,1355.885005867162,-6.495520789824703,1653.9312886116606,0.132414456398429,30.0,-30.0,0.6351489523872873,1.6351489523872873,74
2021-22,2022-03-26,0022101109,IND,TOR,0,0,1355.885005867162,1346.2896123583207,-9.595393508841422,1582.4640993678445,0.1815664801187871,40.0,-40.0,0.7615941559557649,1.7615941559557649,75
2021-22,2022-03-28,0022101124,IND,ATL,1,0,1346.2896123583207,1335.632413421951,-10.65719893636962,1536.0957654678,0.2908754832605418,9.0,-9.0,0.2212784678984439,1.221278467898444,76
2021-22,2022-03-30,0022101137,IND,DEN,1,0,1335.632413421951,1327.9582750344398,-7.67413838751118,1592.4983428608512,0.2180335384673913,7.0,-7.0,0.1732351578346601,1.17323515783466,77
2021-22,2022-04-01,0022101153,IND,BOS,0,0,1327.9582750344398,1324.7516988172613,-3.2065762171785224,1684.398304878178,0.0950643381015883,5.0,-5.0,0.1243530017715962,1.124353001771596,78
2021-22,2022-04-03,0022101169,IND,DET,1,0,1324.7516988172613,1309.6323688906227,-15.119329926638583,1388.795403237647,0.4582998383918309,4.0,-4.0,0.0996679946249558,1.099667994624956,79
2021-22,2022-04-05,0022101178,IND,PHI,1,0,1309.6323688906227,1303.3808557661846,-6.251513124438049,1619.3125308413544,0.1706275647135456,9.0,-9.0,0.2212784678984439,1.221278467898444,80
2021-22,2022-04-09,0022101214,IND,PHI,0,0,1303.3808557661846,1298.562502122012,-4.818353644172663,1610.8632438766956,0.1222292469175675,13.0,-13.0,0.3140209253469976,1.3140209253469977,81
2021-22,2022-04-10,0022101216,IND,BKN,0,0,1298.562502122012,1292.1939978649625,-6.36850425704948,1530.1867161531354,0.1772906720635508,8.0,-8.0,0.197375320224904,1.197375320224904,82
2021-22,2021-10-21,0022100016,LAC,GSW,1,1,1500.0,1515.041131635434,15.041131635433857,1519.3653967516482,0.5224848275203531,2.0,2.0,0.0499583749578799,1.04995837495788,1
2021-22,2021-10-23,0022100034,LAC,MEM,1,0,1515.041131635434,1496.1795017803347,-18.86162985509917,1517.1140759376965,0.5472444820585152,6.0,-6.0,0.1488850336233179,1.1488850336233178,2
2021-22,2021-10-25,0022100049,LAC,POR,1,1,1496.1795017803347,1518.8835689333018,22.704067152967053,1505.3060726060871,0.5371661784528451,30.0,30.0,0.6351489523872873,1.6351489523872873,3
2021-22,2021-10-27,0022100064,LAC,CLE,1,0,1518.8835689333018,1496.4883008737602,-22.395268059541575,1506.2595813689472,0.5681103861576021,13.0,-13.0,0.3140209253469976,1.3140209253469977,4
2021-22,2021-10-29,0022100076,LAC,POR,0,0,1496.4883008737602,1477.5228707325136,-18.96543014124661,1504.556315366679,0.4383356667387862,19.0,-19.0,0.4422303560457261,1.442230356045726,5
2021-22,2021-11-01,0022100102,LAC,OKC,1,1,1477.5228707325136,1490.3650151201418,12.842144387628268,1428.015440208619,0.6192730584495132,5.0,5.0,0.1243530017715962,1.124353001771596,6
2021-22,2021-11-03,0022100115,LAC,MIN,0,1,1490.3650151201418,1510.7957580071525,20.43074288701067,1481.102025696974,0.4630290646399341,11.0,11.0,0.2682711820216014,1.2682711820216013,7
2021-22,2021-11-05,0022100129,LAC,MIN,0,1,1510.7957580071525,1531.7733904475458,20.977632440393375,1460.6712828099637,0.5217521310055798,20.0,20.0,0.4621171572600097,1.4621171572600098,8
2021-22,2021-11-07,0022100146,LAC,CHA,1,1,1531.7733904475458,1547.0305524865753,15.257162039029474,1482.1434936787973,0.6194392585804053,14.0,14.0,0.3363755443363322,1.3363755443363323,9
2021-22,2021-11-09,0022100157,LAC,POR,1,1,1547.0305524865753,1561.3576006782694,14.32704819169406,1510.7583015933023,0.6011540700815793,8.0,8.0,0.197375320224904,1.197375320224904,10
2021-22,2021-11-11,0022100173,LAC,MIA,1,1,1561.3576006782694,1575.2535397263207,13.895939048051256,1548.0597376475923,0.5690619228895767,3.0,3.0,0.074859690687499,1.0748596906874992,11
2021-22,2021-11-13,0022100191,LAC,MIN,1,1,1575.2535397263207,1588.7369276655606,13.48338793923994,1448.7436846639853,0.7170195842833638,27.0,27.0,0.5882592563981054,1.5882592563981053,12
2021-22,2021-11-14,0022100198,LAC,CHI,1,0,1588.7369276655606,1566.8127217651036,-21.924205900457117,1562.638909200664,0.5870318161489497,10.0,-10.0,0.2449186624037091,1.2449186624037092,13
2021-22,2021-11-16,0022100212,LAC,SAS,1,1,1566.8127217651036,1577.8632269602233,11.05050519511965,1433.962377124053,0.7243662720918885,14.0,14.0,0.3363755443363322,1.3363755443363323,14
2021-22,2021-11-18,0022100226,LAC,MEM,0,0,1577.8632269602233,1554.1304245878118,-23.732802372411506,1463.2362626692536,0.6126273411918477,12.0,-12.0,0.2913126124515909,1.2913126124515908,15
2021-22,2021-11-19,0022100235,LAC,NOP,0,0,1554.1304245878118,1525.8452192799411,-28.28520530787061,1357.1893695538836,0.7175229547277122,13.0,-13.0,0.3140209253469976,1.3140209253469977,16
2021-22,2021-11-21,0022100248,LAC,DAL,1,1,1525.8452192799411,1541.8347555802286,15.989536300287366,1535.7268451911164,0.5360853978034668,6.0,6.0,0.1488850336233179,1.1488850336233178,17
2021-22,2021-11-23,0022100266,LAC,DAL,1,0,1541.8347555802286,1520.9487701878147,-20.88598539241381,1519.737308890829,0.5814380013692722,8.0,-8.0,0.197375320224904,1.197375320224904,18
2021-22,2021-11-26,0022100280,LAC,DET,1,1,1520.9487701878147,1530.6115892781984,9.66281909038363,1368.752814030271,0.7460369877946431,11.0,11.0,0.2682711820216014,1.2682711820216013,19
2021-22,2021-11-28,0022100300,LAC,GSW,1,0,1530.6115892781984,1516.711275274304,-13.900314003894415,1679.982100282704,0.3411059568655279,15.0,-15.0,0.3583573983507859,1.358357398350786,20
2021-22,2021-11-29,0022100313,LAC,NOP,1,0,1516.711275274304,1486.2144735188926,-30.49680175541131,1400.4873973042872,0.7048527679731352,19.0,-19.0,0.4422303560457261,1.442230356045726,21
2021-22,2021-12-01,0022100327,LAC,SAC,1,0,1486.2144735188926,1461.5143334375643,-24.700140081328243,1394.9104502157977,0.6741607457697408,9.0,-9.0,0.2212784678984439,1.221278467898444,22
2021-22,2021-12-03,0022100341,LAC,LAL,0,1,1461.5143334375643,1480.6738601628897,19.159526725325406,1483.132927135701,0.4192329921705201,4.0,4.0,0.0996679946249558,1.099667994624956,23
2021-22,2021-12-04,0022100348,LAC,SAC,0,0,1480.6738601628897,1462.5457640085926,-18.128096154297083,1419.6105902971258,0.5374378605809562,5.0,-5.0,0.1243530017715962,1.124353001771596,24
2021-22,2021-12-06,0022100362,LAC,POR,0,1,1462.5457640085926,1483.4067307348284,20.86096672623581,1454.347963111052,0.4615048665705944,12.0,12.0,0.2913126124515909,1.2913126124515908,25
2021-22,2021-12-08,0022100378,LAC,BOS,1,1,1483.4067307348284,1499.9232471577895,16.516516422961082,1526.8906377385258,0.4877931024840142,3.0,3.0,0.074859690687499,1.0748596906874992,26
2021-22,2021-12-11,0022100391,LAC,ORL,1,1,1499.9232471577895,1507.0600009263464,7.136753768556988,1321.6383747976192,0.773427406305725,2.0,2.0,0.0499583749578799,1.04995837495788,27
2021-22,2021-12-13,0022100412,LAC,PHX,1,1,1507.0600009263464,1536.7589185902586,29.69891766391228,1703.8885688733606,0.2826083071126561,16.0,16.0,0.3799489622552249,1.379948962255225,28
2021-22,2021-12-15,0022100425,LAC,UTA,0,0,1536.7589185902586,1524.1212032391622,-12.63771535109648,1662.110288232058,0.2843354835827779,21.0,-21.0,0.4815497983643079,1.481549798364308,29
2021-22,2021-12-18,0022100444,LAC,OKC,0,0,1524.1212032391622,1502.1804875858925,-21.940715653269713,1330.5940584719965,0.7135228329543879,1.0,-1.0,0.0249947929684206,1.0249947929684209,30
2021-22,2021-12-20,0022100463,LAC,SAS,1,0,1502.1804875858925,1474.0598924608971,-28.120595124995337,1459.5917620443383,0.6098392602028403,24.0,-24.0,0.5370495669980352,1.5370495669980353,31
2021-22,2021-12-22,0022100475,LAC,SAC,0,1,1474.0598924608971,1494.0858548535357,20.02596239263863,1427.7550680321483,0.5162632111671104,16.0,16.0,0.3799489622552249,1.379948962255225,32
2021-22,2021-12-26,0022100500,LAC,DEN,1,0,1494.0858548535357,1475.118736040777,-18.967118812758265,1467.1471651363363,0.5882044877450179,3.0,-3.0,0.074859690687499,1.0748596906874992,33
2021-22,2021-12-27,0022100507,LAC,BKN,1,0,1475.118736040777,1460.5919690010874,-14.526767039690007,1616.969216001451,0.3509010704267686,16.0,-16.0,0.3799489622552249,1.379948962255225,34
2021-22,2021-12-29,0022100518,LAC,BOS,0,1,1460.5919690010874,1482.8678936686183,22.275924667530997,1501.8351028292122,0.3920053110174224,9.0,9.0,0.2212784678984439,1.221278467898444,35
2021-22,2021-12-31,0022100534,LAC,TOR,0,0,1482.8678936686183,1466.6515464151173,-16.21634725350109,1481.7164823897392,0.4514414981832976,8.0,-8.0,0.197375320224904,1.197375320224904,36
2021-22,2022-01-01,0022100542,LAC,BKN,0,1,1466.6515464151173,1490.8349315151088,24.183385099991455,1607.1339949584908,0.2669488967519615,4.0,4.0,0.0996679946249558,1.099667994624956,37
2021-22,2022-01-03,0022100561,LAC,MIN,1,0,1490.8349315151088,1465.9556657854962,-24.8792657296126,1467.4501805628115,0.5832403388649525,18.0,-18.0,0.4218990052500079,1.4218990052500078,38
2021-22,2022-01-06,0022100581,LAC,PHX,0,0,1465.9556657854962,1457.724361766656,-8.231304018840227,1676.3488913008905,0.1958247710983683,17.0,-17.0,0.4011342849479459,1.401134284947946,39
2021-22,2022-01-08,0022100591,LAC,MEM,1,0,1457.724361766656,1445.369371710406,-12.354990056249935,1637.2886284924602,0.3031845686378372,15.0,-15.0,0.3583573983507859,1.358357398350786,40
2021-22,2022-01-09,0022100597,LAC,ATL,1,1,1445.369371710406,1462.7039119854194,17.33454027501345,1438.2867877939634,0.5602672697053673,13.0,13.0,0.3140209253469976,1.3140209253469977,41
2021-22,2022-01-11,0022100616,LAC,DEN,1,1,1462.7039119854194,1479.3905133600997,16.686601374680006,1518.4038293861056,0.4702456220276541,2.0,2.0,0.0499583749578799,1.04995837495788,42
2021-22,2022-01-13,0022100629,LAC,NOP,0,0,1479.3905133600997,1458.3446806403092,-21.045832719790187,1474.7556859080476,0.4564119286643905,24.0,-24.0,0.5370495669980352,1.5370495669980353,43
2021-22,2022-01-15,0022100648,LAC,SAS,0,0,1458.3446806403092,1439.4991504289071,-18.845530211401837,1398.6846363949685,0.5354291815968484,7.0,-7.0,0.1732351578346601,1.17323515783466,44
2021-22,2022-01-17,0022100659,LAC,IND,1,1,1439.4991504289071,1452.8086517183112,13.309501289403912,1393.9818208265951,0.6138429607869808,6.0,6.0,0.1488850336233179,1.1488850336233178,45
2021-22,2022-01-19,0022100678,LAC,DEN,0,0,1452.8086517183112,1441.3577669323,-11.45088478601116,1515.1002980606308,0.3635345635002124,2.0,-2.0,0.0499583749578799,1.04995837495788,46
2021-22,2022-01-21,0022100686,LAC,PHI,0,1,1441.3577669323,1464.1169828375046,22.759215905204435,1588.1883226648,0.2598591374533409,1.0,1.0,0.0249947929684206,1.0249947929684209,47
2021-22,2022-01-23,0022100698,LAC,NYK,0,0,1464.1169828375046,1447.6717390187482,-16.445243818756325,1458.500903306122,0.4578136735402063,8.0,-8.0,0.197375320224904,1.197375320224904,48
2021-22,2022-01-25,0022100716,LAC,WAS,0,1,1447.6717390187482,1463.7582357720237,16.086496753275146,1428.763084041124,0.4768592366312388,1.0,1.0,0.0249947929684206,1.0249947929684209,49
2021-22,2022-01-26,0022100724,LAC,ORL,0,1,1463.7582357720237,1475.102581978795,11.344346206771306,1289.462965042167,0.6903696548341272,9.0,9.0,0.2212784678984439,1.221278467898444,50
2021-22,2022-01-28,0022100738,LAC,MIA,0,0,1475.102581978795,1465.6940136634826,-9.408568315312133,1615.2635062100132,0.2673112391402908,7.0,-7.0,0.1732351578346601,1.17323515783466,51
2021-22,2022-01-30,0022100752,LAC,CHA,0,1,1465.6940136634826,1497.211640109266,31.517626445783332,1558.2905026255276,0.3242070398642025,25.0,25.0,0.5545997223493823,1.5545997223493822,52
2021-22,2022-01-31,0022100760,LAC,IND,0,0,1497.211640109266,1476.9173610520463,-20.294279057219654,1399.8379799287668,0.5888108459734562,6.0,-6.0,0.1488850336233179,1.1488850336233178,53
2021-22,2022-02-03,0022100786,LAC,LAL,1,1,1476.9173610520463,1489.8043200677191,12.886959015673138,1455.196901278763,0.5809097729380636,1.0,1.0,0.0249947929684206,1.0249947929684209,54
2021-22,2022-02-06,0022100809,LAC,MIL,1,0,1489.8043200677191,1469.7760949108567,-20.028225156862597,1570.6920945671498,0.4343435108163994,24.0,-24.0,0.5370495669980352,1.5370495669980353,55
2021-22,2022-02-08,0022100818,LAC,MEM,0,0,1469.7760949108567,1459.7755044713251,-10.000590439531644,1662.7470673409268,0.2121011547236001,26.0,-26.0,0.5716699660851172,1.5716699660851172,56
2021-22,2022-02-10,0022100835,LAC,DAL,0,0,1459.7755044713251,1450.6863070911177,-9.08919738020755,1608.0737830933788,0.2582374419857057,7.0,-7.0,0.1732351578346601,1.17323515783466,57
2021-22,2022-02-12,0022100853,LAC,DAL,0,1,1450.6863070911177,1474.6661518488122,23.97984475769453,1617.1629804735862,0.2387049071141669,2.0,2.0,0.0499583749578799,1.04995837495788,58
2021-22,2022-02-14,0022100866,LAC,GSW,1,1,1474.6661518488122,1502.0993901561744,27.43323830736225,1635.2081134872783,0.3268036247144382,15.0,15.0,0.3583573983507859,1.358357398350786,59
2021-22,2022-02-15,0022100873,LAC,PHX,0,0,1502.0993901561744,1496.7631364251847,-5.336253730989809,1766.245382900168,0.1516108029822562,7.0,-7.0,0.1732351578346601,1.17323515783466,60
2021-22,2022-02-17,0022100888,LAC,HOU,1,1,1496.7631364251847,1506.8995469770312,10.136410551846394,1296.101780333505,0.7952026141108032,31.0,31.0,0.6498274636719203,1.6498274636719203,61
2021-22,2022-02-25,0022100904,LAC,LAL,0,1,1506.8995469770312,1521.610340731747,14.710793754716242,1441.3917116355285,0.5437918120175927,3.0,3.0,0.074859690687499,1.0748596906874992,62
2021-22,2022-02-27,0022100916,LAC,HOU,0,1,1521.610340731747,1528.517872064464,6.907531332716653,1271.4001360931925,0.7753636935490439,1.0,1.0,0.0249947929684206,1.0249947929684209,63
2021-22,2022-03-01,0022100929,LAC,HOU,0,1,1528.517872064464,1536.8391214822743,8.321249417810687,1264.4926047604756,0.788911291104103,13.0,13.0,0.3140209253469976,1.3140209253469977,64
2021-22,2022-03-03,0022100945,LAC,LAL,1,1,1536.8391214822743,1548.7563789137607,11.917257431486236,1397.400101737549,0.7318740721226881,21.0,21.0,0.4815497983643079,1.481549798364308,65
2021-22,2022-03-06,0022100966,LAC,NYK,1,0,1548.7563789137607,1512.429524462244,-36.32685445151668,1346.0054881804804,0.7971545381124668,23.0,-23.0,0.5190218338982221,1.519021833898222,66
2021-22,2022-03-08,0022100980,LAC,GSW,0,0,1512.429524462244,1494.489836010015,-17.939688452228953,1519.1615507170204,0.4402299540609355,15.0,-15.0,0.3583573983507859,1.358357398350786,67
2021-22,2022-03-09,0022100992,LAC,WAS,1,1,1494.489836010015,1505.656377829759,11.166541819744277,1401.7148777847924,0.6760180089697463,6.0,6.0,0.1488850336233179,1.1488850336233178,68
2021-22,2022-03-11,0022100996,LAC,ATL,0,0,1505.656377829759,1490.7658360726252,-14.89054175713416,1518.181842939038,0.4320287734440186,6.0,-6.0,0.1488850336233179,1.1488850336233178,69
2021-22,2022-03-13,0022101013,LAC,DET,0,1,1490.7658360726252,1503.630415127486,12.864579054860773,1378.025735091103,0.610046574125364,4.0,4.0,0.0996679946249558,1.099667994624956,70
2021-22,2022-03-14,0022101020,LAC,CLE,0,0,1503.630415127486,1486.9217471084507,-16.708668019035144,1499.253865712756,0.4560430854012394,9.0,-9.0,0.2212784678984439,1.221278467898444,71
2021-22,2022-03-16,0022101044,LAC,TOR,1,0,1486.9217471084507,1473.7221721028616,-13.199575005589198,1585.6212473436883,0.4093425749720107,3.0,-3.0,0.074859690687499,1.0748596906874992,72
2021-22,2022-03-18,0022101055,LAC,UTA,0,0,1473.7221721028616,1458.4839640765233,-15.238208026338372,1574.8478715995832,0.3135439812184963,29.0,-29.0,0.619996867969374,1.619996867969374,73
2021-22,2022-03-22,0022101083,LAC,DEN,0,0,1458.4839640765233,1446.8510574859497,-11.63290659057385,1570.4378648934417,0.3002863514845945,12.0,-12.0,0.2913126124515909,1.2913126124515908,74
2021-22,2022-03-25,0022101106,LAC,PHI,1,0,1446.8510574859497,1432.9902734198586,-13.860784066090815,1631.3647191115715,0.2971994198211521,25.0,-25.0,0.5545997223493823,1.5545997223493822,75
2021-22,2022-03-29,0022101135,LAC,UTA,1,1,1432.9902734198586,1453.5489558331208,20.55868241326216,1535.8841530061422,0.4035178510297405,6.0,6.0,0.1488850336233179,1.1488850336233178,76
2021-22,2022-03-31,0022101149,LAC,CHI,0,0,1453.5489558331208,1440.5229537668972,-13.02600206622366,1499.0511357969435,0.386177711261473,5.0,-5.0,0.1243530017715962,1.124353001771596,77
2021-22,2022-04-01,0022101156,LAC,MIL,0,1,1440.5229537668972,1480.9335543316283,40.410600564731006,1642.6242261175094,0.2034508085836083,34.0,34.0,0.6910694698329306,1.6910694698329305,78
2021-22,2022-04-03,0022101177,LAC,NOP,1,1,1480.9335543316283,1503.956489772362,23.022935440733843,1538.27951361453,0.4678858490664973,19.0,19.0,0.4422303560457261,1.442230356045726,79
2021-22,2022-04-06,0022101195,LAC,PHX,1,1,1503.956489772362,1528.3748619953576,24.418372222995483,1720.817044820455,0.2598259249655492,4.0,4.0,0.0996679946249558,1.099667994624956,80
2021-22,2022-04-09,0022101212,LAC,SAC,1,1,1528.3748619953576,1539.1561811515262,10.781319156168566,1371.7673113330775,0.7508183739864197,19.0,19.0,0.4422303560457261,1.442230356045726,81
2021-22,2022-04-10,0022101222,LAC,OKC,1,1,1539.1561811515262,1549.0955797468514,9.939398595325114,1309.8608848371086,0.8207454314109207,50.0,50.0,0.8482836399575129,1.8482836399575129,82
2021-22,2021-10-19,0022100002,LAL,GSW,1,0,1500.0,1480.6346032483518,-19.365396751648237,1500.0,0.550199353253537,7.0,-7.0,0.1732351578346601,1.17323515783466,1
2021-22,2021-10-22,0022100025,LAL,PHX,1,0,1480.6346032483518,1459.9823623687844,-20.65224087956739,1478.68561907343,0.5529743027465935,10.0,-10.0,0.2449186624037091,1.2449186624037092,2
2021-22,2021-10-24,0022100040,LAL,MEM,1,1,1459.9823623687844,1477.998792533231,18.016430164446593,1535.9757057927957,0.4412780781051535,3.0,3.0,0.074859690687499,1.0748596906874992,3
2021-22,2021-10-26,0022100053,LAL,SAS,0,1,1477.998792533231,1496.4589318667647,18.460139333533707,1484.5877262269212,0.4404329481332961,4.0,4.0,0.0996679946249558,1.099667994624956,4
2021-22,2021-10-27,0022100061,LAL,OKC,0,0,1496.4589318667647,1476.5365809952757,-19.922350871489,1423.3588424272805,0.5546117004133944,8.0,-8.0,0.197375320224904,1.197375320224904,5
2021-22,2021-10-29,0022100077,LAL,CLE,1,1,1476.5365809952757,1496.8598497975763,20.32326880230068,1528.654849428489,0.4753847465921666,12.0,12.0,0.2913126124515909,1.2913126124515908,6
2021-22,2021-10-31,0022100093,LAL,HOU,1,1,1496.8598497975763,1510.9040408785297,14.044191080953365,1443.8910583933523,0.6239596072930952,10.0,10.0,0.2449186624037091,1.2449186624037092,7
2021-22,2021-11-02,0022100107,LAL,HOU,1,1,1510.9040408785297,1521.5798233165117,10.675782437982068,1429.846867312399,0.6610728357553433,2.0,2.0,0.0499583749578799,1.04995837495788,8
2021-22,2021-11-04,0022100123,LAL,OKC,1,0,1521.5798233165117,1499.234731052234,-22.34509226427764,1415.1732958209911,0.6929615235015876,3.0,-3.0,0.074859690687499,1.0748596906874992,9
2021-22,2021-11-06,0022100138,LAL,POR,0,0,1499.234731052234,1480.48468813519,-18.75004291704405,1492.0082586762585,0.4601156008919037,15.0,-15.0,0.3583573983507859,1.358357398350786,10
2021-22,2021-11-08,0022100154,LAL,CHA,1,1,1480.48468813519,1494.36695033055,13.882262195359948,1466.8863316397678,0.5694860667044952,3.0,3.0,0.074859690687499,1.0748596906874992,11
2021-22,2021-11-10,0022100170,LAL,MIA,1,1,1494.36695033055,1512.1775973654064,17.810647034856295,1565.8703846824487,0.4476597832825264,3.0,3.0,0.074859690687499,1.0748596906874992,12
2021-22,2021-11-12,0022100184,LAL,MIN,1,0,1512.1775973654064,1480.8926125138455,-31.284984851560846,1417.4586998124244,0.6784640201435316,24.0,-24.0,0.5370495669980352,1.5370495669980353,13
2021-22,2021-11-14,0022100192,LAL,SAS,1,1,1480.8926125138455,1495.4115042209028,14.51889170705732,1448.4812688311106,0.5958134022580259,8.0,8.0,0.197375320224904,1.197375320224904,14
2021-22,2021-11-15,0022100209,LAL,CHI,1,0,1495.4115042209028,1477.380635848837,-18.03086837206561,1584.5631151011212,0.4226945398487309,18.0,-18.0,0.4218990052500079,1.4218990052500078,15
2021-22,2021-11-17,0022100219,LAL,MIL,0,0,1477.380635848837,1461.3731631325577,-16.007472716279324,1473.8777338119369,0.4547958014323104,7.0,-7.0,0.1732351578346601,1.17323515783466,16
2021-22,2021-11-19,0022100232,LAL,BOS,0,0,1461.3731631325577,1444.6804213245628,-16.692741807994977,1518.2169627341552,0.3708212143919084,22.0,-22.0,0.5005202111902353,1.5005202111902354,17
2021-22,2021-11-21,0022100249,LAL,DET,0,1,1444.6804213245628,1461.434917756373,16.75449643180995,1407.3978684003669,0.5032848104521566,5.0,5.0,0.1243530017715962,1.124353001771596,18
2021-22,2021-11-23,0022100264,LAL,NYK,0,0,1461.434917756373,1447.1947158630542,-14.240201893318394,1487.39545873038,0.4131600487012493,6.0,-6.0,0.1488850336233179,1.1488850336233178,19
2021-22,2021-11-24,0022100268,LAL,IND,0,1,1447.1947158630542,1470.0543884133042,22.85967255024995,1509.4243381619408,0.3636171782251143,8.0,8.0,0.197375320224904,1.197375320224904,20
2021-22,2021-11-26,0022100291,LAL,SAC,1,0,1470.0543884133042,1449.539149556177,-20.515238857126928,1418.6372076099526,0.6218615969366188,4.0,-4.0,0.0996679946249558,1.099667994624956,21
2021-22,2021-11-28,0022100304,LAL,DET,1,1,1449.539149556177,1460.3242919797676,10.785142423590312,1359.0899949398874,0.6730788299648384,4.0,4.0,0.0996679946249558,1.099667994624956,22
2021-22,2021-11-30,0022100318,LAL,SAC,0,1,1460.3242919797676,1483.132927135701,22.80863515593334,1417.719085371731,0.5109430243676296,25.0,25.0,0.5545997223493823,1.5545997223493822,23
2021-22,2021-12-03,0022100341,LAL,LAC,1,0,1483.132927135701,1463.9734004103757,-19.159526725325406,1461.5143334375643,0.5807670078294799,4.0,-4.0,0.0996679946249558,1.099667994624956,24
2021-22,2021-12-07,0022100365,LAL,BOS,1,1,1463.9734004103757,1487.3343225308988,23.360922120523036,1550.251559859049,0.4267359938092363,15.0,15.0,0.3583573983507859,1.358357398350786,25
2021-22,2021-12-09,0022100380,LAL,MEM,0,0,1487.3343225308988,1471.1554550919118,-16.178867438987137,1515.2626831730963,0.4104162809714448,13.0,-13.0,0.3140209253469976,1.3140209253469977,26
2021-22,2021-12-10,0022100389,LAL,OKC,0,1,1471.1554550919118,1489.950760701165,18.795305609253337,1382.1322159803233,0.5771251241998046,21.0,21.0,0.4815497983643079,1.481549798364308,27
2021-22,2021-12-12,0022100403,LAL,ORL,1,1,1489.950760701165,1498.839351997609,8.888591296443789,1314.5016210290623,0.7705541061930629,12.0,12.0,0.2913126124515909,1.2913126124515908,28
2021-22,2021-12-15,0022100420,LAL,DAL,0,1,1498.839351997609,1516.9049654383027,18.06561344069388,1505.9077731018383,0.4397528161981527,3.0,3.0,0.074859690687499,1.0748596906874992,29
2021-22,2021-12-17,0022100436,LAL,MIN,0,0,1516.9049654383027,1496.4894968103831,-20.41546862791971,1496.786865368445,0.4785963126902984,18.0,-18.0,0.4218990052500079,1.4218990052500078,30
2021-22,2021-12-19,0022100448,LAL,CHI,0,0,1496.4894968103831,1484.3021512412824,-12.187345569100588,1560.450290594467,0.3613143306979657,5.0,-5.0,0.1243530017715962,1.124353001771596,31
2021-22,2021-12-21,0022100469,LAL,PHX,1,0,1484.3021512412824,1473.105629673665,-11.196521567617458,1698.7748671872555,0.2624781255273661,18.0,-18.0,0.4218990052500079,1.4218990052500078,32
2021-22,2021-12-23,0022100487,LAL,SAS,1,0,1473.105629673665,1447.6291700519612,-25.476459621703615,1487.7123571693337,0.5293146202732776,28.0,-28.0,0.6043677771171634,1.6043677771171634,33
2021-22,2021-12-25,0022100491,LAL,BKN,1,0,1447.6291700519612,1436.000099608687,-11.629070443274257,1605.3401455581768,0.3303989646524924,7.0,-7.0,0.1732351578346601,1.17323515783466,34
2021-22,2021-12-28,0022100511,LAL,HOU,0,1,1436.000099608687,1452.8954618602356,16.89536225154865,1373.9419168285212,0.5388613190836017,9.0,9.0,0.2212784678984439,1.221278467898444,35
2021-22,2021-12-29,0022100520,LAL,MEM,0,0,1452.8954618602356,1443.000454104645,-9.89500775559054,1570.619312726322,0.2933541257357013,5.0,-5.0,0.1243530017715962,1.124353001771596,36
2021-22,2021-12-31,0022100538,LAL,POR,1,1,1443.000454104645,1462.160219112039,19.159765007393805,1393.441195764808,0.6193433978956848,33.0,33.0,0.6777821008468294,1.6777821008468294,37
2021-22,2022-01-02,0022100551,LAL,MIN,1,1,1462.160219112039,1478.370537308656,16.210318196617227,1483.6604987594287,0.5194178883003439,5.0,5.0,0.1243530017715962,1.124353001771596,38
2021-22,2022-01-04,0022100566,LAL,SAC,1,1,1478.370537308656,1491.9338264325377,13.563289123881567,1426.5435937475163,0.6224161047700576,8.0,8.0,0.197375320224904,1.197375320224904,39
2021-22,2022-01-07,0022100589,LAL,ATL,1,1,1491.9338264325377,1508.3931571401451,16.45933070760737,1454.746118501571,0.6024169212580106,16.0,16.0,0.3799489622552249,1.379948962255225,40
2021-22,2022-01-09,0022100606,LAL,MEM,1,0,1508.3931571401451,1495.7600744621768,-12.633082677968227,1649.6436185487105,0.3516881873372655,8.0,-8.0,0.197375320224904,1.197375320224904,41
2021-22,2022-01-12,0022100626,LAL,SAC,0,0,1495.7600744621768,1472.0488214691763,-23.71125299300058,1355.3787301017244,0.6471702568593964,9.0,-9.0,0.2212784678984439,1.221278467898444,42
2021-22,2022-01-15,0022100649,LAL,DEN,0,0,1472.0488214691763,1452.0673488643906,-19.98147260478575,1518.1296826314897,0.3853883789322607,37.0,-37.0,0.7282542059818115,1.7282542059818111,43
2021-22,2022-01-17,0022100665,LAL,UTA,1,1,1452.0673488643906,1474.3836873503155,22.316338485924913,1592.682975119661,0.3525218557466874,6.0,6.0,0.1488850336233179,1.1488850336233178,44
2021-22,2022-01-19,0022100680,LAL,IND,1,0,1474.3836873503155,1450.5483305335972,-23.83535681671822,1380.6723195371912,0.6771974813275884,7.0,-7.0,0.1732351578346601,1.17323515783466,45
2021-22,2022-01-21,0022100685,LAL,ORL,0,1,1450.5483305335972,1461.8226637937055,11.274333260108506,1265.3006575260545,0.703682371721758,11.0,11.0,0.2682711820216014,1.2682711820216013,46
2021-22,2022-01-23,0022100700,LAL,MIA,0,0,1461.8226637937055,1452.3344226595325,-9.488241134173114,1594.9735980853693,0.2752883841431721,6.0,-6.0,0.1488850336233179,1.1488850336233178,47
2021-22,2022-01-25,0022100718,LAL,BKN,0,1,1452.3344226595325,1477.7172413844678,25.38281872493542,1547.9890390421403,0.3203620581410553,10.0,10.0,0.2449186624037091,1.2449186624037092,48
2021-22,2022-01-27,0022100733,LAL,PHI,0,0,1477.7172413844678,1464.9143458250192,-12.802895559448672,1589.7954057696595,0.3001360741791358,18.0,-18.0,0.4218990052500079,1.4218990052500078,49
2021-22,2022-01-28,0022100735,LAL,CHA,0,0,1464.9143458250192,1454.0456050303594,-10.868740794659724,1547.4217618308678,0.3370592115053294,3.0,-3.0,0.074859690687499,1.0748596906874992,50
2021-22,2022-01-30,0022100751,LAL,ATL,0,0,1454.0456050303594,1441.1585666137055,-12.887038416653596,1519.9337689278375,0.3587579766894647,8.0,-8.0,0.197375320224904,1.197375320224904,51
2021-22,2022-02-02,0022100781,LAL,POR,1,1,1441.1585666137055,1455.196901278763,14.038334665057569,1417.3666194221655,0.5838099884129525,5.0,5.0,0.1243530017715962,1.124353001771596,52
2021-22,2022-02-03,0022100786,LAL,LAC,0,0,1455.196901278763,1442.3099422630903,-12.886959015673138,1476.9173610520463,0.4190902270619364,1.0,-1.0,0.0249947929684206,1.0249947929684209,53
2021-22,2022-02-05,0022100799,LAL,NYK,1,1,1442.3099422630903,1458.2303189239583,15.920376660867882,1444.0783998331185,0.5476787253730456,7.0,7.0,0.1732351578346601,1.17323515783466,54
2021-22,2022-02-08,0022100822,LAL,MIL,1,0,1458.2303189239583,1443.4267873072515,-14.80353161670674,1590.7203197240124,0.3632704135813854,15.0,-15.0,0.3583573983507859,1.358357398350786,55
2021-22,2022-02-09,0022100829,LAL,POR,0,0,1443.4267873072515,1424.728525246381,-18.698262060870505,1342.5969172579976,0.5936191537631386,2.0,-2.0,0.0499583749578799,1.04995837495788,56
2021-22,2022-02-12,0022100854,LAL,GSW,0,0,1424.728525246381,1418.379502447617,-6.349022798764137,1628.8590906885142,0.2015642699174886,2.0,-2.0,0.0499583749578799,1.04995837495788,57
2021-22,2022-02-16,0022100884,LAL,UTA,1,1,1418.379502447617,1441.3917116355285,23.01220918791161,1586.1111536901744,0.3177644046056642,5.0,5.0,0.1243530017715962,1.124353001771596,58
2021-22,2022-02-25,0022100904,LAL,LAC,1,0,1441.3917116355285,1426.6809178808123,-14.710793754716242,1506.8995469770312,0.4562081879824072,3.0,-3.0,0.074859690687499,1.0748596906874992,59
2021-22,2022-02-27,0022100919,LAL,NOP,1,0,1426.6809178808123,1405.957322595645,-20.723595285166965,1510.2422532827677,0.4305661827407288,28.0,-28.0,0.6043677771171634,1.6043677771171634,60
2021-22,2022-03-01,0022100931,LAL,DAL,1,0,1405.957322595645,1397.400101737549,-8.557220858096281,1628.4007642673182,0.2536931860549437,5.0,-5.0,0.1243530017715962,1.124353001771596,61
2021-22,2022-03-03,0022100945,LAL,LAC,0,0,1397.400101737549,1385.4828443060628,-11.917257431486236,1536.8391214822743,0.2681259278773119,21.0,-21.0,0.4815497983643079,1.481549798364308,62
2021-22,2022-03-05,0022100959,LAL,GSW,1,1,1385.4828443060628,1410.107047983848,24.624203677785168,1555.8416106657578,0.3144949829888487,8.0,8.0,0.197375320224904,1.197375320224904,63
2021-22,2022-03-07,0022100973,LAL,SAS,0,0,1410.107047983848,1395.399763834892,-14.70728414895592,1432.708893044074,0.4178555353472331,7.0,-7.0,0.1732351578346601,1.17323515783466,64
2021-22,2022-03-09,0022100985,LAL,HOU,0,0,1395.399763834892,1372.807085372987,-22.592678461904587,1277.8297284039554,0.6166401044958977,9.0,-9.0,0.2212784678984439,1.221278467898444,65
2021-22,2022-03-11,0022101004,LAL,WAS,1,1,1372.807085372987,1391.5391003813213,18.732015008333896,1390.5483359650482,0.5248169277723571,13.0,13.0,0.3140209253469976,1.3140209253469977,66
2021-22,2022-03-13,0022101019,LAL,PHX,0,0,1391.5391003813213,1385.643612514079,-5.895487867242303,1700.5203240781082,0.1213065692452469,29.0,-29.0,0.619996867969374,1.619996867969374,67
2021-22,2022-03-14,0022101028,LAL,TOR,1,0,1385.643612514079,1374.5339087144955,-11.109703799583237,1574.511543544105,0.2919907550022692,11.0,-11.0,0.2682711820216014,1.2682711820216013,68
2021-22,2022-03-16,0022101039,LAL,MIN,0,0,1374.5339087144955,1367.6546970412612,-6.879211673234485,1631.725415157505,0.1568322036547341,20.0,-20.0,0.4621171572600097,1.4621171572600098,69
2021-22,2022-03-18,0022101051,LAL,TOR,0,1,1367.6546970412612,1395.3921834415933,27.737486400331992,1598.8208223492777,0.1776756245109501,5.0,5.0,0.1243530017715962,1.124353001771596,70
2021-22,2022-03-19,0022101061,LAL,WAS,0,0,1395.3921834415933,1375.800765423052,-19.591418018541127,1328.7586236774305,0.5453989707772178,8.0,-8.0,0.197375320224904,1.197375320224904,71
2021-22,2022-03-21,0022101072,LAL,CLE,0,1,1375.800765423052,1404.2566955260406,28.4559301029886,1529.7024924207387,0.2521071069981957,11.0,11.0,0.2682711820216014,1.2682711820216013,72
2021-22,2022-03-23,0022101093,LAL,PHI,1,0,1404.2566955260406,1395.5500274450033,-8.706668081037455,1622.6580510305344,0.2581238000082038,5.0,-5.0,0.1243530017715962,1.124353001771596,73
2021-22,2022-03-27,0022101119,LAL,NOP,0,0,1395.5500274450033,1384.825829100572,-10.724198344431274,1508.9440491315015,0.2985473912060962,8.0,-8.0,0.197375320224904,1.197375320224904,74
2021-22,2022-03-29,0022101134,LAL,DAL,0,0,1384.825829100572,1377.6680578555276,-7.157771245044278,1628.0021243197962,0.1677983977440496,18.0,-18.0,0.4218990052500079,1.4218990052500078,75
2021-22,2022-03-31,0022101150,LAL,UTA,0,0,1377.6680578555276,1367.01884177313,-10.649216082397444,1515.32547059288,0.2701432394004753,13.0,-13.0,0.3140209253469976,1.3140209253469977,76
2021-22,2022-04-01,0022101160,LAL,NOP,1,0,1367.01884177313,1356.4884911411914,-10.530350631938653,1527.749162982591,0.326565123590015,3.0,-3.0,0.074859690687499,1.0748596906874992,77
2021-22,2022-04-03,0022101168,LAL,DEN,1,0,1356.4884911411914,1346.947969231359,-9.540521909832565,1581.6439829958924,0.2507487369440223,11.0,-11.0,0.2682711820216014,1.2682711820216013,78
2021-22,2022-04-05,0022101189,LAL,PHX,0,0,1346.947969231359,1343.587473843402,-3.3604953879569903,1717.4565494324982,0.0883222094137212,11.0,-11.0,0.2682711820216014,1.2682711820216013,79
2021-22,2022-04-07,0022101202,LAL,GSW,0,0,1343.587473843402,1334.2346885495606,-9.352785293841382,1522.5189040139155,0.2259210436922318,16.0,-16.0,0.3799489622552249,1.379948962255225,80
2021-22,2022-04-08,0022101211,LAL,OKC,1,1,1334.2346885495606,1353.374041111723,19.139352562162532,1329.000237399271,0.55764457732817,19.0,19.0,0.4422303560457261,1.442230356045726,81
2021-22,2022-04-10,0022101220,LAL,DEN,0,1,1353.374041111723,1381.165140227494,27.791099115770937,1586.436640754023,0.1760861855075272,5.0,5.0,0.1243530017715962,1.124353001771596,82
2021-22,2021-10-20,0022100007,MEM,CLE,1,1,1500.0,1517.1140759376965,17.114075937696523,1500.0,0.550199353253537,11.0,11.0,0.2682711820216014,1.2682711820216013,1
2021-22,2021-10-23,0022100034,MEM,LAC,0,1,1517.1140759376965,1535.9757057927957,18.86162985509917,1515.041131635434,0.4527555179414848,6.0,6.0,0.1488850336233179,1.1488850336233178,2
2021-22,2021-10-24,0022100040,MEM,LAL,0,0,1535.9757057927957,1517.9592756283491,-18.016430164446593,1459.9823623687844,0.5587219218948465,3.0,-3.0,0.074859690687499,1.0748596906874992,3
2021-22,2021-10-27,0022100063,MEM,POR,0,0,1517.9592756283491,1496.0049657147902,-21.954309913558884,1482.60200545312,0.5005141529310597,20.0,-20.0,0.4621171572600097,1.4621171572600098,4
2021-22,2021-10-28,0022100070,MEM,GSW,0,1,1496.0049657147902,1515.7575518869874,19.752586172197155,1540.5850115054593,0.3874367559061575,3.0,3.0,0.074859690687499,1.0748596906874992,5
2021-22,2021-10-30,0022100084,MEM,MIA,1,0,1515.7575518869874,1492.935022956147,-22.82252893084055,1561.8515380906058,0.4840398943655525,26.0,-26.0,0.5716699660851172,1.5716699660851172,6
2021-22,2021-11-01,0022100100,MEM,DEN,1,1,1492.935022956147,1511.8250823532635,18.890059397116698,1538.7657004220264,0.4844184490912379,9.0,9.0,0.2212784678984439,1.221278467898444,7
2021-22,2021-11-03,0022100114,MEM,DEN,1,1,1511.8250823532635,1526.3552745844995,14.530192231235963,1519.8756410249098,0.5387057691114389,2.0,2.0,0.0499583749578799,1.04995837495788,8
2021-22,2021-11-05,0022100126,MEM,WAS,0,0,1526.3552745844995,1504.4404873762414,-21.914787208257973,1522.48857350821,0.4553151199873457,28.0,-28.0,0.6043677771171634,1.6043677771171634,9
2021-22,2021-11-08,0022100149,MEM,MIN,1,1,1504.4404873762414,1517.1209587759042,12.680471399662697,1439.6936503695702,0.6397291905496036,7.0,7.0,0.1732351578346601,1.17323515783466,10
2021-22,2021-11-10,0022100164,MEM,CHA,1,0,1517.1209587759042,1493.2598641919965,-23.861094583907825,1453.0040694444078,0.638893000389183,10.0,-10.0,0.2449186624037091,1.2449186624037092,11
2021-22,2021-11-12,0022100178,MEM,PHX,1,0,1493.2598641919965,1471.5151391840177,-21.744725007978857,1551.7510528393395,0.4662448838195089,25.0,-25.0,0.5545997223493823,1.5545997223493822,12
2021-22,2021-11-13,0022100188,MEM,NOP,0,0,1471.5151391840177,1447.7488513292808,-23.76628785473686,1348.0443558589077,0.6246373854329226,11.0,-11.0,0.2682711820216014,1.2682711820216013,13
2021-22,2021-11-15,0022100205,MEM,HOU,1,1,1447.7488513292808,1463.2362626692536,15.487411339972724,1339.9029916037914,0.6947215629664462,34.0,34.0,0.6910694698329306,1.6910694698329305,14
2021-22,2021-11-18,0022100226,MEM,LAC,1,1,1463.2362626692536,1486.969065041665,23.732802372411506,1577.8632269602233,0.3873726588081523,12.0,12.0,0.2913126124515909,1.2913126124515908,15
2021-22,2021-11-20,0022100245,MEM,MIN,0,0,1486.969065041665,1460.9605064428015,-26.00855859886345,1463.1123219406643,0.4839690607025784,43.0,-43.0,0.7913375537619973,1.791337553761997,16
2021-22,2021-11-22,0022100261,MEM,UTA,0,1,1460.9605064428015,1482.813499193266,21.85299275046428,1582.070347445367,0.2893299588648883,1.0,1.0,0.0249947929684206,1.0249947929684209,17
2021-22,2021-11-24,0022100272,MEM,TOR,1,0,1482.813499193266,1460.8590037024728,-21.954495490793043,1478.0828124506197,0.556929119044672,13.0,-13.0,0.3140209253469976,1.3140209253469977,18
2021-22,2021-11-26,0022100285,MEM,ATL,1,0,1460.8590037024728,1439.1324129365314,-21.726590765941452,1541.1282049499437,0.4352185631579978,32.0,-32.0,0.664036770267849,1.664036770267849,19
2021-22,2021-11-28,0022100303,MEM,SAC,1,1,1439.1324129365314,1460.56577403188,21.433361095348523,1439.1524464670797,0.5501708131295969,27.0,27.0,0.5882592563981054,1.5882592563981053,20
2021-22,2021-11-30,0022100315,MEM,TOR,0,1,1460.56577403188,1479.9328651649816,19.36709113310163,1460.5995659822906,0.4497525068817457,7.0,7.0,0.1732351578346601,1.17323515783466,21
2021-22,2021-12-02,0022100330,MEM,OKC,1,1,1479.9328651649816,1496.6800054113996,16.74714024641803,1356.3177123560654,0.7136263779126907,73.0,73.0,0.9493345935462566,1.9493345935462565,22
2021-22,2021-12-04,0022100345,MEM,DAL,0,1,1496.6800054113996,1515.7223435098756,19.042338098476044,1490.24837628892,0.4589792173855165,7.0,7.0,0.1732351578346601,1.17323515783466,23
2021-22,2021-12-06,0022100356,MEM,MIA,0,1,1515.7223435098756,1538.921245033867,23.198901523991474,1529.1804452766603,0.43071188892904,15.0,15.0,0.3583573983507859,1.358357398350786,24
2021-22,2021-12-08,0022100373,MEM,DAL,1,0,1538.921245033867,1515.2626831730963,-23.658561860770657,1459.7603179438852,0.6586228356069911,8.0,-8.0,0.197375320224904,1.197375320224904,25
2021-22,2021-12-09,0022100380,MEM,LAL,1,1,1515.2626831730963,1531.4415506120831,16.178867438987137,1487.3343225308988,0.5895837190285552,13.0,13.0,0.3140209253469976,1.3140209253469977,26
2021-22,2021-12-11,0022100395,MEM,HOU,1,1,1531.4415506120831,1542.626128644978,11.18457803289461,1433.714609556075,0.68222971731325,7.0,7.0,0.1732351578346601,1.17323515783466,27
2021-22,2021-12-13,0022100409,MEM,PHI,1,1,1542.626128644978,1566.0136667264344,23.38753808145636,1548.0423015721792,0.5424719533088584,35.0,35.0,0.703905603936621,1.703905603936621,28
2021-22,2021-12-15,0022100426,MEM,POR,0,1,1566.0136667264344,1578.1026895232624,12.089022796828026,1403.006867960397,0.6763102371821801,10.0,10.0,0.2449186624037091,1.2449186624037092,29
2021-22,2021-12-17,0022100440,MEM,SAC,0,1,1578.1026895232624,1593.0010454890655,14.898355965803397,1431.2231439857997,0.655663976669872,19.0,19.0,0.4422303560457261,1.442230356045726,30
2021-22,2021-12-19,0022100450,MEM,POR,1,0,1593.0010454890655,1566.8800031249928,-26.121042364073045,1413.7483813181782,0.7744021768642412,5.0,-5.0,0.1243530017715962,1.124353001771596,31
2021-22,2021-12-20,0022100460,MEM,OKC,1,0,1566.8800031249928,1540.8340138944368,-26.04598923055585,1352.5347741252665,0.8077329985862737,3.0,-3.0,0.074859690687499,1.0748596906874992,32
2021-22,2021-12-23,0022100485,MEM,GSW,0,0,1540.8340138944368,1530.3765720615663,-10.45744183287023,1665.2577405808663,0.2854233523242581,9.0,-9.0,0.2212784678984439,1.221278467898444,33
2021-22,2021-12-26,0022100496,MEM,SAC,0,1,1530.3765720615663,1547.934586355884,17.55801429431744,1407.7291056395095,0.6235255064503471,25.0,25.0,0.5545997223493823,1.5545997223493822,34
2021-22,2021-12-27,0022100505,MEM,PHX,0,1,1547.934586355884,1570.619312726322,22.684726370438,1692.5837265414173,0.2622815736542347,1.0,1.0,0.0249947929684206,1.0249947929684209,35
2021-22,2021-12-29,0022100520,MEM,LAL,1,1,1570.619312726322,1580.5143204819126,9.89500775559054,1452.8954618602356,0.7066458742642987,5.0,5.0,0.1243530017715962,1.124353001771596,36
2021-22,2021-12-31,0022100535,MEM,SAS,1,1,1580.5143204819126,1594.384318765062,13.869998283149526,1509.3842417743422,0.648153794824162,13.0,13.0,0.3140209253469976,1.3140209253469977,37
2021-22,2022-01-03,0022100554,MEM,BKN,0,1,1594.384318765062,1615.7875505796655,21.403231814603423,1582.950609858499,0.4661372968770629,14.0,14.0,0.3363755443363322,1.3363755443363323,38
2021-22,2022-01-04,0022100562,MEM,CLE,0,1,1615.7875505796655,1631.884687491945,16.097136912279378,1572.4052911697931,0.5120607010188458,4.0,4.0,0.0996679946249558,1.099667994624956,39
2021-22,2022-01-06,0022100579,MEM,DET,1,1,1631.884687491945,1637.2886284924602,5.4039410005153705,1303.9731281896704,0.8898379463101161,30.0,30.0,0.6351489523872873,1.6351489523872873,40
2021-22,2022-01-08,0022100591,MEM,LAC,0,1,1637.2886284924602,1649.6436185487105,12.354990056249935,1457.724361766656,0.6968154313621628,15.0,15.0,0.3583573983507859,1.358357398350786,41
2021-22,2022-01-09,0022100606,MEM,LAL,0,1,1649.6436185487105,1662.2767012266786,12.633082677968227,1508.3931571401451,0.6483118126627345,8.0,8.0,0.197375320224904,1.197375320224904,42
2021-22,2022-01-11,0022100614,MEM,GSW,1,1,1662.2767012266786,1678.3556221543597,16.078920927680908,1660.7423177622554,0.5523842675978771,8.0,8.0,0.197375320224904,1.197375320224904,43
2021-22,2022-01-13,0022100628,MEM,MIN,1,1,1678.3556221543597,1687.14798550837,8.792363354010385,1517.6250232582142,0.7552323206294551,8.0,8.0,0.197375320224904,1.197375320224904,44
2021-22,2022-01-14,0022100639,MEM,DAL,1,0,1687.14798550837,1653.1530346851896,-33.994950823180176,1563.6712517952587,0.7134635122537611,27.0,-27.0,0.5882592563981054,1.5882592563981053,45
2021-22,2022-01-17,0022100658,MEM,CHI,1,1,1653.1530346851896,1665.766500532729,12.613465847539317,1557.1864739581235,0.680028792940558,13.0,13.0,0.3140209253469976,1.3140209253469977,46
2021-22,2022-01-19,0022100674,MEM,MIL,0,0,1665.766500532729,1640.9602213949313,-24.806279137797745,1530.5609421002837,0.6403375629469608,12.0,-12.0,0.2913126124515909,1.2913126124515908,47
2021-22,2022-01-21,0022100692,MEM,DEN,0,1,1640.9602213949313,1653.749483605686,12.789262210754677,1526.551182846642,0.6123295918020396,4.0,4.0,0.0996679946249558,1.099667994624956,48
2021-22,2022-01-23,0022100705,MEM,DAL,0,0,1653.749483605686,1633.2320789839498,-20.517404621736137,1604.514858676224,0.5204738175768406,13.0,-13.0,0.3140209253469976,1.3140209253469977,49
2021-22,2022-01-26,0022100728,MEM,SAS,0,1,1633.2320789839498,1642.910809205152,9.678730221202244,1424.95715602145,0.7305570481892489,8.0,8.0,0.197375320224904,1.197375320224904,50
2021-22,2022-01-28,0022100740,MEM,UTA,1,1,1642.910809205152,1653.697549486045,10.786740280893104,1521.3703092391506,0.7111795170064661,10.0,10.0,0.2449186624037091,1.2449186624037092,51
2021-22,2022-01-29,0022100749,MEM,WAS,1,1,1653.697549486045,1661.134086365293,7.43653687924751,1412.6765872878489,0.8304619014894016,20.0,20.0,0.4621171572600097,1.4621171572600098,52
2021-22,2022-01-31,0022100761,MEM,PHI,0,0,1661.134086365293,1644.1264325217892,-17.007653843503455,1607.049071261207,0.5274379527813862,3.0,-3.0,0.074859690687499,1.0748596906874992,53
2021-22,2022-02-02,0022100776,MEM,NYK,0,1,1644.1264325217892,1655.4443263545418,11.317893832752503,1455.3962936658709,0.7078452389292684,12.0,12.0,0.2913126124515909,1.2913126124515908,54
2021-22,2022-02-05,0022100796,MEM,ORL,0,1,1655.4443263545418,1662.7470673409268,7.302740986385041,1340.632534064643,0.8335121790087308,20.0,20.0,0.4621171572600097,1.4621171572600098,55
2021-22,2022-02-08,0022100818,MEM,LAC,1,1,1662.7470673409268,1672.7476577804584,10.000590439531644,1469.7760949108567,0.7878988452763999,26.0,26.0,0.5716699660851172,1.5716699660851172,56
2021-22,2022-02-10,0022100831,MEM,DET,0,1,1672.7476577804584,1678.7876533423537,6.039995561895304,1306.760466541444,0.8704919456101239,25.0,25.0,0.5545997223493823,1.5545997223493822,57
2021-22,2022-02-12,0022100846,MEM,CHA,0,1,1678.7876533423537,1687.9437429285408,9.156089586187058,1462.2088361328897,0.739862052233823,7.0,7.0,0.1732351578346601,1.17323515783466,58
2021-22,2022-02-15,0022100872,MEM,NOP,0,1,1687.9437429285408,1699.2486581313967,11.304915202855897,1498.9320799758875,0.7081802631460088,12.0,12.0,0.2913126124515909,1.2913126124515908,59
2021-22,2022-02-16,0022100879,MEM,POR,1,0,1699.2486581313967,1670.7727838237977,-28.475874307599067,1414.2888233313406,0.8631658054002267,4.0,-4.0,0.0996679946249558,1.099667994624956,60
2021-22,2022-02-24,0022100892,MEM,MIN,0,0,1670.7727838237977,1649.9641925065305,-20.808591317267343,1553.0075892313362,0.6169056421627999,5.0,-5.0,0.1243530017715962,1.124353001771596,61
2021-22,2022-02-26,0022100909,MEM,CHI,0,1,1649.9641925065305,1665.9733800164815,16.00918750995126,1590.2440429476055,0.5355152447394442,6.0,6.0,0.1488850336233179,1.1488850336233178,62
2021-22,2022-02-28,0022100923,MEM,SAS,1,1,1665.9733800164815,1674.547036641258,8.573656624776541,1478.5548035889767,0.7825083690476626,13.0,13.0,0.3140209253469976,1.3140209253469977,63
2021-22,2022-03-03,0022100940,MEM,BOS,0,0,1674.547036641258,1654.226630379845,-20.3204062614132,1628.789443519133,0.5154764755375345,13.0,-13.0,0.3140209253469976,1.3140209253469977,64
2021-22,2022-03-05,0022100957,MEM,ORL,1,1,1654.226630379845,1660.5629407335853,6.336310353740479,1361.5126264267928,0.8683529125072559,28.0,28.0,0.6043677771171634,1.6043677771171634,65
2021-22,2022-03-06,0022100964,MEM,HOU,0,0,1660.5629407335853,1626.3858487902914,-34.17709194329374,1247.2001194644963,0.8982593109888921,11.0,-11.0,0.2682711820216014,1.2682711820216013,66
2021-22,2022-03-08,0022100978,MEM,NOP,1,1,1626.3858487902914,1642.0701683351506,15.684319544859047,1556.0434353617552,0.6471190829545479,21.0,21.0,0.4815497983643079,1.481549798364308,67
2021-22,2022-03-11,0022101000,MEM,NYK,1,1,1642.0701683351506,1648.9883063896805,6.918138054529789,1446.596773487456,0.7902961594364599,4.0,4.0,0.0996679946249558,1.099667994624956,68
2021-22,2022-03-13,0022101018,MEM,OKC,0,1,1648.9883063896805,1654.7086849605566,5.7203785708761865,1329.1668107253988,0.8374756463590868,7.0,7.0,0.1732351578346601,1.17323515783466,69
2021-22,2022-03-15,0022101029,MEM,IND,0,1,1654.7086849605566,1663.6271591914178,8.91847423086112,1352.9618904038089,0.8228122268010909,33.0,33.0,0.6777821008468294,1.6777821008468294,70
2021-22,2022-03-18,0022101047,MEM,ATL,0,0,1663.6271591914178,1637.5926873696387,-26.034471821779213,1529.5265150069522,0.6388714254777691,15.0,-15.0,0.3583573983507859,1.358357398350786,71
2021-22,2022-03-20,0022101063,MEM,HOU,0,1,1637.5926873696387,1643.384371816961,5.791684447322251,1265.5072853881172,0.8743982286653728,24.0,24.0,0.5370495669980352,1.5370495669980353,72
2021-22,2022-03-23,0022101089,MEM,BKN,1,1,1643.384371816961,1653.9312886116606,10.546916794699596,1507.581380858908,0.7277468757242292,12.0,12.0,0.2913126124515909,1.2913126124515908,73
2021-22,2022-03-24,0022101096,MEM,IND,1,1,1653.9312886116606,1660.4268094014851,6.495520789824703,1362.3805266569868,0.8675855436015709,30.0,30.0,0.6351489523872873,1.6351489523872873,74
2021-22,2022-03-26,0022101112,MEM,MIL,1,1,1660.4268094014851,1679.5123281735307,19.085518772045457,1631.644163530713,0.5907731424866385,25.0,25.0,0.5545997223493823,1.5545997223493822,75
2021-22,2022-03-28,0022101129,MEM,GSW,1,1,1679.5123281735307,1690.6510892928086,11.138761119277849,1506.0026810520103,0.7685742367772904,28.0,28.0,0.6043677771171634,1.6043677771171634,76
2021-22,2022-03-30,0022101144,MEM,SAS,0,1,1690.6510892928086,1698.8367487592402,8.185659466431582,1479.5047031961233,0.7337983398359313,1.0,1.0,0.0249947929684206,1.0249947929684209,77
2021-22,2022-04-01,0022101155,MEM,PHX,1,1,1698.8367487592402,1719.110235936533,20.273487177292655,1778.8271228826009,0.4356131327453599,8.0,8.0,0.197375320224904,1.197375320224904,78
2021-22,2022-04-05,0022101187,MEM,UTA,0,0,1719.110235936533,1693.8726904577911,-25.237545478741897,1509.353352596722,0.7322329835779569,6.0,-6.0,0.1488850336233179,1.1488850336233178,79
2021-22,2022-04-07,0022101201,MEM,DEN,0,0,1693.8726904577911,1668.7698441069876,-25.10284635080345,1561.3337944032196,0.6367946878820179,13.0,-13.0,0.3140209253469976,1.3140209253469977,80
2021-22,2022-04-09,0022101213,MEM,NOP,1,1,1668.7698441069876,1681.9237194412285,13.153875334240745,1536.2944008474162,0.7239351765934521,27.0,27.0,0.5882592563981054,1.5882592563981053,81
2021-22,2022-04-10,0022101223,MEM,BOS,1,0,1681.9237194412285,1655.4744590935134,-26.44926034771501,1686.1128630059334,0.5442245161224396,29.0,-29.0,0.619996867969374,1.619996867969374,82
2021-22,2021-10-21,0022100015,MIA,MIL,1,1,1500.0,1525.6121285912652,25.61212859126529,1520.4977100992826,0.5208583603582049,42.0,42.0,0.7818063576087741,1.781806357608774,1
2021-22,2021-10-23,0022100028,MIA,IND,0,0,1525.6121285912652,1505.6738681744507,-19.938260416814423,1473.9034044514751,0.5240272663935379,11.0,-11.0,0.2682711820216014,1.2682711820216013,2
2021-22,2021-10-25,0022100045,MIA,ORL,1,1,1505.6738681744507,1522.963303490208,17.28943531575721,1478.3940642410923,0.5886800310887752,17.0,17.0,0.4011342849479459,1.401134284947946,3
2021-22,2021-10-27,0022100057,MIA,BKN,0,1,1522.963303490208,1543.3879867700648,20.424683279856858,1500.5610791574238,0.4818782845368756,13.0,13.0,0.3140209253469976,1.3140209253469977,4
2021-22,2021-10-29,0022100073,MIA,CHA,1,1,1543.3879867700648,1561.8515380906058,18.46355132054093,1545.6921067153803,0.5469147431803058,15.0,15.0,0.3583573983507859,1.358357398350786,5
2021-22,2021-10-30,0022100084,MIA,MEM,0,1,1561.8515380906058,1584.6740670214465,22.82252893084055,1515.7575518869874,0.5159601056344474,26.0,26.0,0.5716699660851172,1.5716699660851172,6
2021-22,2021-11-02,0022100104,MIA,DAL,0,1,1584.6740670214465,1603.303712367583,18.629645346136748,1519.833398052968,0.5428388883820159,15.0,15.0,0.3583573983507859,1.358357398350786,7
2021-22,2021-11-04,0022100121,MIA,BOS,1,0,1603.303712367583,1573.2151213031862,-30.088591064396883,1477.8237955412353,0.7158150694436524,17.0,-17.0,0.4011342849479459,1.401134284947946,8
2021-22,2021-11-06,0022100134,MIA,UTA,1,1,1573.2151213031862,1589.2491447609789,16.034023457792777,1606.2999830152105,0.5027560776316415,3.0,3.0,0.074859690687499,1.0748596906874992,9
2021-22,2021-11-08,0022100151,MIA,DEN,0,0,1589.2491447609789,1565.8703846824487,-23.3787600785301,1515.0411564839844,0.5561865204423442,17.0,-17.0,0.4011342849479459,1.401134284947946,10
2021-22,2021-11-10,0022100170,MIA,LAL,0,0,1565.8703846824487,1548.0597376475923,-17.810647034856295,1494.36695033055,0.5523402167174736,3.0,-3.0,0.074859690687499,1.0748596906874992,11
2021-22,2021-11-11,0022100173,MIA,LAC,0,0,1548.0597376475923,1534.163798599541,-13.895939048051256,1561.3576006782694,0.4309380771104233,3.0,-3.0,0.074859690687499,1.0748596906874992,12
2021-22,2021-11-13,0022100185,MIA,UTA,0,1,1534.163798599541,1553.9237342039664,19.759935604425323,1550.4729144751532,0.4266924010053162,6.0,6.0,0.1488850336233179,1.1488850336233178,13
2021-22,2021-11-15,0022100207,MIA,OKC,0,1,1553.9237342039664,1570.5264306483518,16.602696444385316,1463.684677809728,0.5788322665663033,13.0,13.0,0.3140209253469976,1.3140209253469977,14
2021-22,2021-11-17,0022100217,MIA,NOP,1,1,1570.5264306483518,1578.7014484003462,8.175017751994337,1365.364387305878,0.7993896215649916,15.0,15.0,0.3583573983507859,1.358357398350786,15
2021-22,2021-11-18,0022100225,MIA,WAS,1,1,1578.7014484003462,1596.6959556023276,17.99450720198128,1572.9174220146283,0.558424824379091,15.0,15.0,0.3583573983507859,1.358357398350786,16
2021-22,2021-11-20,0022100241,MIA,WAS,0,0,1596.6959556023276,1580.2587942274663,-16.437161374861358,1554.9229148126472,0.5097459546665066,3.0,-3.0,0.074859690687499,1.0748596906874992,17
2021-22,2021-11-23,0022100263,MIA,DET,0,1,1580.2587942274663,1590.7155448472492,10.456750619782907,1390.643371968557,0.7088979970563503,8.0,8.0,0.197375320224904,1.197375320224904,18
2021-22,2021-11-24,0022100274,MIA,MIN,0,0,1590.7155448472492,1568.5082495350289,-22.207295312220403,1504.448309156695,0.5732486230957214,12.0,-12.0,0.2913126124515909,1.2913126124515908,19
2021-22,2021-11-27,0022100296,MIA,CHI,0,1,1568.5082495350289,1585.9319098426397,17.4236603076105,1561.5997556826917,0.4596609381184744,3.0,3.0,0.074859690687499,1.0748596906874992,20
2021-22,2021-11-29,0022100306,MIA,DEN,1,0,1585.9319098426397,1560.0002507005424,-25.931659142097097,1467.2619588456855,0.7077735838226389,9.0,-9.0,0.2212784678984439,1.221278467898444,21
2021-22,2021-12-01,0022100323,MIA,CLE,1,0,1560.0002507005424,1531.738943928055,-28.26130677248745,1525.005030620712,0.5993901896779623,26.0,-26.0,0.5716699660851172,1.5716699660851172,22
2021-22,2021-12-03,0022100333,MIA,IND,0,1,1531.738943928055,1548.0712131803407,16.33226925228573,1458.9070782771591,0.5542302682098366,9.0,9.0,0.2212784678984439,1.221278467898444,23
2021-22,2021-12-04,0022100344,MIA,MIL,0,0,1548.0712131803407,1529.1804452766603,-18.89076790368046,1569.3928135958222,0.4196493047944578,22.0,-22.0,0.5005202111902353,1.5005202111902354,24
2021-22,2021-12-06,0022100356,MIA,MEM,1,0,1529.1804452766603,1505.9815437526688,-23.198901523991474,1515.7223435098756,0.56928811107096,15.0,-15.0,0.3583573983507859,1.358357398350786,25
2021-22,2021-12-08,0022100370,MIA,MIL,1,1,1505.9815437526688,1527.5334980840546,21.55195433138578,1602.9419630295167,0.4117652144075972,9.0,9.0,0.2212784678984439,1.221278467898444,26
2021-22,2021-12-11,0022100394,MIA,CHI,1,1,1527.5334980840546,1552.670562494429,25.137064410374556,1585.5873550048418,0.4668714392375767,26.0,26.0,0.5716699660851172,1.5716699660851172,27
2021-22,2021-12-13,0022100404,MIA,CLE,0,0,1552.670562494429,1537.889308995296,-14.781253499133054,1596.481331030717,0.3884882483773962,11.0,-11.0,0.2682711820216014,1.2682711820216013,28
2021-22,2021-12-15,0022100419,MIA,PHI,0,1,1537.889308995296,1555.8097675504862,17.920458555190145,1524.6547634907229,0.4687179048171519,5.0,5.0,0.1243530017715962,1.124353001771596,29
2021-22,2021-12-17,0022100433,MIA,ORL,0,1,1555.8097675504862,1563.7856595055737,7.975891955087582,1294.3500286996025,0.786441417259941,10.0,10.0,0.2449186624037091,1.2449186624037092,30
2021-22,2021-12-19,0022100449,MIA,DET,0,0,1563.7856595055737,1533.0785408108757,-30.70711869469808,1262.7688060105986,0.8221987942411241,10.0,-10.0,0.2449186624037091,1.2449186624037092,31
2021-22,2021-12-21,0022100465,MIA,IND,1,1,1533.0785408108757,1551.6211453306616,18.542604519786064,1484.166839902837,0.6184641899333061,29.0,29.0,0.619996867969374,1.619996867969374,32
2021-22,2021-12-23,0022100479,MIA,DET,1,1,1551.6211453306616,1556.4007545884476,4.779609257785883,1282.858788787177,0.8517757154973793,3.0,3.0,0.074859690687499,1.0748596906874992,33
2021-22,2021-12-26,0022100493,MIA,ORL,1,1,1556.4007545884476,1563.21315641377,6.8124018253223415,1330.80078836357,0.8175944600222892,10.0,10.0,0.2449186624037091,1.2449186624037092,34
2021-22,2021-12-28,0022100509,MIA,WAS,1,1,1563.21315641377,1573.9131591949915,10.700002781221627,1454.3211833405103,0.6959972116482397,7.0,7.0,0.1732351578346601,1.17323515783466,35
2021-22,2021-12-31,0022100532,MIA,HOU,0,1,1573.9131591949915,1583.6167733600932,9.703614165101651,1357.0465545769723,0.7401807722290398,10.0,10.0,0.2449186624037091,1.2449186624037092,36
2021-22,2022-01-02,0022100548,MIA,SAC,0,0,1583.6167733600932,1561.6895717616926,-21.927201598400632,1404.6163921491157,0.6961292346241904,2.0,-2.0,0.0499583749578799,1.04995837495788,37
2021-22,2022-01-03,0022100559,MIA,GSW,0,0,1561.6895717616926,1551.8728729152233,-9.816698846469412,1691.702467567875,0.2789068267321973,7.0,-7.0,0.1732351578346601,1.17323515783466,38
2021-22,2022-01-05,0022100576,MIA,POR,0,1,1551.8728729152233,1563.227399837028,11.354526921804462,1393.405298081637,0.6705638774550282,6.0,6.0,0.1488850336233179,1.1488850336233178,39
2021-22,2022-01-08,0022100596,MIA,PHX,0,1,1563.227399837028,1595.6261999567228,32.39880011969481,1684.5801953197308,0.2890424746441222,23.0,23.0,0.5190218338982221,1.519021833898222,40
2021-22,2022-01-12,0022100621,MIA,ATL,0,1,1595.6261999567228,1609.882238082031,14.256038125308542,1420.95224751895,0.6908354284424807,24.0,24.0,0.5370495669980352,1.5370495669980353,41
2021-22,2022-01-14,0022100636,MIA,ATL,1,1,1609.882238082031,1616.8596718385934,6.97743375656204,1406.6962093936413,0.7975592697162852,6.0,6.0,0.1488850336233179,1.1488850336233178,42
2021-22,2022-01-15,0022100645,MIA,PHI,1,0,1616.8596718385934,1594.4990635383276,-22.36060830026569,1590.2880225462234,0.5876926169849386,11.0,-11.0,0.2682711820216014,1.2682711820216013,43
2021-22,2022-01-17,0022100662,MIA,TOR,1,1,1594.4990635383276,1608.1930565065743,13.693992968246942,1563.3815177232111,0.5940185764118004,5.0,5.0,0.1243530017715962,1.124353001771596,44
2021-22,2022-01-19,0022100672,MIA,POR,1,1,1608.1930565065743,1617.0487942856068,8.855737779032427,1431.9095540637688,0.7714021713606184,12.0,12.0,0.2913126124515909,1.2913126124515908,45
2021-22,2022-01-21,0022100687,MIA,ATL,0,0,1617.0487942856068,1594.9735980853693,-22.075196200237546,1434.1728741544778,0.7008276622116285,2.0,-2.0,0.0499583749578799,1.04995837495788,46
2021-22,2022-01-23,0022100700,MIA,LAL,1,1,1594.9735980853693,1604.4618392195423,9.488241134173114,1461.8226637937055,0.7247116158568279,6.0,6.0,0.1488850336233179,1.1488850336233178,47
2021-22,2022-01-26,0022100727,MIA,NYK,1,1,1604.4618392195423,1615.2635062100132,10.801666990470745,1466.1727804988789,0.7305730654268784,14.0,14.0,0.3363755443363322,1.3363755443363323,48
2021-22,2022-01-28,0022100738,MIA,LAC,1,1,1615.2635062100132,1624.6720745253251,9.408568315312133,1475.102581978795,0.7326887608597091,7.0,7.0,0.1732351578346601,1.17323515783466,49
2021-22,2022-01-29,0022100748,MIA,TOR,1,0,1624.6720745253251,1602.2481959600154,-22.42387856530987,1528.954675426578,0.6797166258335873,4.0,-4.0,0.0996679946249558,1.099667994624956,50
2021-22,2022-01-31,0022100762,MIA,BOS,0,0,1602.2481959600154,1575.528526777879,-26.719669182136386,1536.108587637943,0.5446938874309923,30.0,-30.0,0.6351489523872873,1.6351489523872873,51
2021-22,2022-02-01,0022100784,MIA,TOR,0,0,1575.528526777879,1560.4023390963168,-15.126187681562245,1569.426779225592,0.4585077118881098,4.0,-4.0,0.0996679946249558,1.099667994624956,52
2021-22,2022-02-03,0022100521,MIA,SAS,0,1,1560.4023390963168,1575.5710835414848,15.168744445167938,1426.1056178948918,0.6391317946675497,17.0,17.0,0.4011342849479459,1.401134284947946,53
2021-22,2022-02-05,0022100797,MIA,CHA,0,1,1575.5710835414848,1594.355044542954,18.78396100146945,1498.9230888596926,0.5596508394263738,18.0,18.0,0.4218990052500079,1.4218990052500078,54
2021-22,2022-02-07,0022100811,MIA,WAS,0,1,1594.355044542954,1607.7750421902772,13.419997647323008,1413.7629263260176,0.6980639763815963,21.0,21.0,0.4815497983643079,1.481549798364308,55
2021-22,2022-02-10,0022100833,MIA,NOP,0,1,1607.7750421902772,1624.247448515056,16.472406324778895,1505.390439548751,0.5957763314039335,15.0,15.0,0.3583573983507859,1.358357398350786,56
2021-22,2022-02-12,0022100851,MIA,BKN,1,1,1624.247448515056,1630.3085477834975,6.0610992684414535,1400.1803001357468,0.8162748727171178,4.0,4.0,0.0996679946249558,1.099667994624956,57
2021-22,2022-02-15,0022100868,MIA,DAL,1,0,1630.3085477834975,1608.6720585349965,-21.63648924850124,1593.1831357158917,0.6023310286267701,8.0,-8.0,0.197375320224904,1.197375320224904,58
2021-22,2022-02-17,0022100885,MIA,CHA,0,1,1608.6720585349965,1619.2243419955896,10.552283460593271,1442.618866791726,0.6801372925837145,4.0,4.0,0.0996679946249558,1.099667994624956,59
2021-22,2022-02-25,0022100900,MIA,NYK,0,1,1619.2243419955896,1628.5210166901234,9.296674694533824,1372.484781851964,0.7718647854675769,15.0,15.0,0.3583573983507859,1.358357398350786,60
2021-22,2022-02-26,0022100908,MIA,SAS,1,1,1628.5210166901234,1637.3015629875654,8.78054629744209,1487.3353498864187,0.7338425070002844,4.0,4.0,0.0996679946249558,1.099667994624956,61
2021-22,2022-02-28,0022100922,MIA,CHI,1,1,1637.3015629875654,1651.5916540181338,14.290091030568515,1574.2348554376545,0.6374971216232119,13.0,13.0,0.3140209253469976,1.3140209253469977,62
2021-22,2022-03-02,0022100936,MIA,MIL,0,0,1651.5916540181338,1632.969987392218,-18.621666625915953,1542.1024479730204,0.6055857308955024,1.0,-1.0,0.0249947929684206,1.0249947929684209,63
2021-22,2022-03-03,0022100941,MIA,BKN,0,1,1632.969987392218,1641.1113255287196,8.141338136501531,1394.0995478355703,0.7637901705207865,6.0,6.0,0.1488850336233179,1.1488850336233178,64
2021-22,2022-03-05,0022100956,MIA,PHI,1,1,1641.1113255287196,1660.5326547104758,19.421329181756203,1649.681941733981,0.5379617454611608,17.0,17.0,0.4011342849479459,1.401134284947946,65
2021-22,2022-03-07,0022100970,MIA,HOU,1,1,1660.5326547104758,1664.0801377143105,3.5474830038347576,1281.37721140779,0.9156044964915324,17.0,17.0,0.4011342849479459,1.401134284947946,66
2021-22,2022-03-09,0022100983,MIA,PHX,1,0,1664.0801377143105,1642.2767889430647,-21.803348771245684,1705.645557391142,0.4905527260556812,21.0,-21.0,0.4815497983643079,1.481549798364308,67
2021-22,2022-03-11,0022100998,MIA,CLE,1,1,1642.2767889430647,1653.7550048204484,11.4782158773837,1527.008795753116,0.703706761458482,12.0,12.0,0.2913126124515909,1.2913126124515908,68
2021-22,2022-03-12,0022101005,MIA,MIN,1,0,1653.7550048204484,1630.7691022927706,-22.985902527677812,1598.2546376009952,0.6273726844959877,9.0,-9.0,0.2212784678984439,1.221278467898444,69
2021-22,2022-03-15,0022101031,MIA,DET,1,1,1630.7691022927706,1636.067367987229,5.298265694458732,1365.161156036242,0.8494684929081825,7.0,7.0,0.1732351578346601,1.17323515783466,70
2021-22,2022-03-18,0022101052,MIA,OKC,1,1,1636.067367987229,1640.134990927258,4.067622940028666,1298.8133109351404,0.8950003043206768,12.0,12.0,0.2913126124515909,1.2913126124515908,71
2021-22,2022-03-21,0022101074,MIA,PHI,0,0,1640.134990927258,1622.532436987654,-17.602553939604185,1605.0554970909302,0.5001144008245746,7.0,-7.0,0.1732351578346601,1.17323515783466,72
2021-22,2022-03-23,0022101088,MIA,GSW,1,0,1622.532436987654,1595.093864844671,-27.43857214298267,1523.0610384645236,0.6844027304368037,14.0,-14.0,0.3363755443363322,1.3363755443363323,73
2021-22,2022-03-25,0022101103,MIA,NYK,1,0,1595.093864844671,1568.7543617124393,-26.33950313223197,1454.428885105808,0.7332566680730929,8.0,-8.0,0.197375320224904,1.197375320224904,74
2021-22,2022-03-26,0022101111,MIA,BKN,1,0,1568.7543617124393,1542.3100895324471,-26.444272179992133,1497.0344640642084,0.6489276978233356,15.0,-15.0,0.3583573983507859,1.358357398350786,75
2021-22,2022-03-28,0022101125,MIA,SAC,1,1,1542.3100895324471,1553.6803586817034,11.370269149256307,1386.0059851714816,0.7504914260058809,23.0,23.0,0.5190218338982221,1.519021833898222,76
2021-22,2022-03-30,0022101139,MIA,BOS,0,1,1553.6803586817034,1580.694119327024,27.01376064532074,1711.4120655234983,0.247972901255202,8.0,8.0,0.197375320224904,1.197375320224904,77
2021-22,2022-04-02,0022101164,MIA,CHI,0,1,1580.694119327024,1599.9653306319665,19.271211304942103,1512.077137863167,0.5482283145336398,18.0,18.0,0.4218990052500079,1.4218990052500078,78
2021-22,2022-04-03,0022101172,MIA,TOR,0,1,1599.9653306319665,1620.462910190588,20.497579558621684,1640.982900162143,0.3923148238342554,5.0,5.0,0.1243530017715962,1.124353001771596,79
2021-22,2022-04-05,0022101181,MIA,CHA,1,1,1620.462910190588,1636.7583101835055,16.295399992917428,1536.5836783753389,0.6647030556023378,29.0,29.0,0.619996867969374,1.619996867969374,80
2021-22,2022-04-08,0022101207,MIA,ATL,1,1,1636.7583101835055,1649.0338033454634,12.275493161957804,1580.8637162651546,0.6279030512858145,4.0,4.0,0.0996679946249558,1.099667994624956,81
2021-22,2022-04-10,0022101227,MIA,ORL,0,0,1649.0338033454634,1614.7519400784508,-34.281863267012675,1305.6606397336525,0.8550955458666287,14.0,-14.0,0.3363755443363322,1.3363755443363323,82
2021-22,2021-10-19,0022100001,MIL,BKN,1,1,1500.0,1520.4977100992826,20.497710099282557,1500.0,0.550199353253537,23.0,23.0,0.5190218338982221,1.519021833898222,1
2021-22,2021-10-21,0022100015,MIL,MIA,0,0,1520.4977100992826,1494.8855815080174,-25.61212859126529,1500.0,0.4791416396417951,42.0,-42.0,0.7818063576087741,1.781806357608774,2
2021-22,2021-10-23,0022100032,MIL,SAS,0,1,1494.8855815080174,1516.0081395319944,21.122558023977117,1505.7102842508982,0.4344327153820277,10.0,10.0,0.2449186624037091,1.2449186624037092,3
2021-22,2021-10-25,0022100042,MIL,IND,0,1,1516.0081395319944,1535.371375309482,19.363235777487542,1493.8416648682896,0.4815394675370279,10.0,10.0,0.2449186624037091,1.2449186624037092,4
2021-22,2021-10-27,0022100060,MIL,MIN,1,0,1535.371375309482,1515.4962488867109,-19.87512642277091,1507.6958404560626,0.5892315074078012,5.0,-5.0,0.1243530017715962,1.124353001771596,5
2021-22,2021-10-30,0022100085,MIL,SAS,1,0,1515.4962488867109,1492.1812550142452,-23.314993872465784,1453.2876338830447,0.6363548386739852,9.0,-9.0,0.2212784678984439,1.221278467898444,6
2021-22,2021-10-31,0022100091,MIL,UTA,1,0,1492.1812550142452,1474.582055691234,-17.59919932301122,1559.0275555425485,0.4542974116236315,12.0,-12.0,0.2913126124515909,1.2913126124515908,7
2021-22,2021-11-02,0022100103,MIL,DET,0,1,1474.582055691234,1498.1759777757218,23.59392208448767,1432.7727394015656,0.5097981393667141,28.0,28.0,0.6043677771171634,1.6043677771171634,8
2021-22,2021-11-05,0022100128,MIL,NYK,1,0,1498.1759777757218,1476.9870610681069,-21.188916707614887,1519.296048564969,0.5199642041517903,15.0,-15.0,0.3583573983507859,1.358357398350786,9
2021-22,2021-11-07,0022100142,MIL,WAS,0,0,1476.9870610681069,1464.4309755472784,-12.55608552082855,1544.403360716468,0.3567368240141003,7.0,-7.0,0.1732351578346601,1.17323515783466,10
2021-22,2021-11-09,0022100155,MIL,PHI,0,1,1464.4309755472784,1490.1774952585622,25.74651971128384,1578.877977475198,0.2972795752419448,9.0,9.0,0.2212784678984439,1.221278467898444,11
2021-22,2021-11-10,0022100161,MIL,NYK,0,1,1490.1774952585622,1514.2297942674315,24.052299008869284,1540.865956262606,0.3791253236708405,12.0,12.0,0.2913126124515909,1.2913126124515908,12
2021-22,2021-11-12,0022100175,MIL,BOS,0,0,1514.2297942674315,1497.7328077305258,-16.496986536905805,1513.9035277502228,0.4502654928293722,9.0,-9.0,0.2212784678984439,1.221278467898444,13
2021-22,2021-11-14,0022100193,MIL,ATL,0,0,1497.7328077305258,1473.8777338119369,-23.855073918589127,1432.1857997298468,0.5438477530143857,20.0,-20.0,0.4621171572600097,1.4621171572600098,14
2021-22,2021-11-17,0022100219,MIL,LAL,1,1,1473.8777338119369,1489.885206528216,16.007472716279324,1477.380635848837,0.5452041985676895,7.0,7.0,0.1732351578346601,1.17323515783466,15
2021-22,2021-11-19,0022100234,MIL,OKC,1,1,1489.885206528216,1504.1477664725571,14.262559944341104,1458.2192057878085,0.594779732233042,7.0,7.0,0.1732351578346601,1.17323515783466,16
2021-22,2021-11-20,0022100244,MIL,ORL,1,1,1504.1477664725571,1515.451396425022,11.30362995246483,1398.948467558654,0.6914809562388085,9.0,9.0,0.2212784678984439,1.221278467898444,17
2021-22,2021-11-22,0022100258,MIL,ORL,1,1,1515.451396425022,1529.382621426559,13.931225001536546,1387.644837606189,0.718531678649381,31.0,31.0,0.6498274636719203,1.6498274636719203,18
2021-22,2021-11-24,0022100273,MIL,DET,1,1,1529.382621426559,1540.8164287450616,11.433807318502891,1380.186621348774,0.7427511980781591,21.0,21.0,0.4815497983643079,1.481549798364308,19
2021-22,2021-11-26,0022100288,MIL,DEN,0,1,1540.8164287450616,1558.7105572214775,17.894128476415883,1485.1560873221017,0.529697624869865,11.0,11.0,0.2682711820216014,1.2682711820216013,20
2021-22,2021-11-28,0022100301,MIL,IND,0,1,1558.7105572214775,1578.9699748510934,20.2594176296158,1506.281114552427,0.5250619639694767,18.0,18.0,0.4218990052500079,1.4218990052500078,21
2021-22,2021-12-01,0022100324,MIL,CHA,1,1,1578.9699748510934,1591.1532278512868,12.183253000193336,1533.9129138875358,0.6132147301972145,2.0,2.0,0.0499583749578799,1.04995837495788,22
2021-22,2021-12-02,0022100329,MIL,TOR,0,0,1591.1532278512868,1569.3928135958222,-21.760414255464553,1441.232474849189,0.6596055767688316,4.0,-4.0,0.0996679946249558,1.099667994624956,23
2021-22,2021-12-04,0022100344,MIL,MIA,1,1,1569.3928135958222,1588.2835814995026,18.89076790368046,1548.0712131803407,0.5803506952055422,22.0,22.0,0.5005202111902353,1.5005202111902354,24
2021-22,2021-12-06,0022100358,MIL,CLE,1,1,1588.2835814995026,1602.9419630295167,14.65838153001408,1558.669170483534,0.5919301914663153,8.0,8.0,0.197375320224904,1.197375320224904,25
2021-22,2021-12-08,0022100370,MIL,MIA,0,0,1602.9419630295167,1581.390008698131,-21.55195433138578,1505.9815437526688,0.5882347855924028,9.0,-9.0,0.2212784678984439,1.221278467898444,26
2021-22,2021-12-10,0022100386,MIL,HOU,0,1,1581.390008698131,1594.603596139676,13.213587441545004,1446.92819699762,0.6393509536968329,9.0,9.0,0.2212784678984439,1.221278467898444,27
2021-22,2021-12-12,0022100398,MIL,NYK,0,1,1594.603596139676,1608.7230533154066,14.119457175730597,1449.3740793574857,0.6535163918599194,15.0,15.0,0.3583573983507859,1.358357398350786,28
2021-22,2021-12-13,0022100408,MIL,BOS,0,0,1608.7230533154066,1584.516619320092,-24.20643399531462,1500.5437812082037,0.6037832229097437,14.0,-14.0,0.3363755443363322,1.3363755443363323,29
2021-22,2021-12-15,0022100421,MIL,IND,1,1,1584.516619320092,1597.6027681199623,13.086148799870722,1489.471771555577,0.6788732033813063,15.0,15.0,0.3583573983507859,1.358357398350786,30
2021-22,2021-12-17,0022100438,MIL,NOP,0,0,1597.6027681199623,1574.4929138270854,-23.10985429287709,1414.9899254270024,0.7005100450267796,4.0,-4.0,0.0996679946249558,1.099667994624956,31
2021-22,2021-12-18,0022100446,MIL,CLE,1,0,1574.4929138270854,1551.174123036527,-23.318790790558676,1623.5289947778374,0.4798114377383169,29.0,-29.0,0.619996867969374,1.619996867969374,32
2021-22,2021-12-22,0022100473,MIL,HOU,1,1,1551.174123036527,1563.0593351318787,11.885212095352054,1414.2347343031706,0.7290410453467627,20.0,20.0,0.4621171572600097,1.4621171572600098,33
2021-22,2021-12-23,0022100481,MIL,DAL,0,1,1563.0593351318787,1578.9576563971557,15.898321265277003,1494.3883193388947,0.5483053515426757,7.0,7.0,0.1732351578346601,1.17323515783466,34
2021-22,2021-12-25,0022100489,MIL,BOS,1,1,1578.9576563971557,1591.5651929836615,12.607536586505828,1530.5067431346693,0.6178380914927675,4.0,4.0,0.0996679946249558,1.099667994624956,35
2021-22,2021-12-28,0022100508,MIL,ORL,0,1,1591.5651929836615,1600.2958381971184,8.73064521345701,1323.9883865382478,0.7922957776127464,17.0,17.0,0.4011342849479459,1.401134284947946,36
2021-22,2021-12-30,0022100526,MIL,ORL,0,1,1600.2958381971184,1608.470976180468,8.175137983349467,1315.257741324791,0.8083516491404615,18.0,18.0,0.4218990052500079,1.4218990052500078,37
2021-22,2022-01-01,0022100539,MIL,NOP,1,1,1608.470976180468,1620.9716457892134,12.50066960874558,1474.4706856564455,0.7256859791877718,23.0,23.0,0.5190218338982221,1.519021833898222,38
2021-22,2022-01-03,0022100556,MIL,DET,1,0,1620.9716457892134,1588.1554375661783,-32.816208223035225,1282.4591868192751,0.895679106925407,9.0,-9.0,0.2212784678984439,1.221278467898444,39
2021-22,2022-01-05,0022100573,MIL,TOR,1,0,1588.1554375661783,1566.51283636918,-21.64260119699836,1532.2403786858797,0.6279305751113785,6.0,-6.0,0.1488850336233179,1.1488850336233178,40
2021-22,2022-01-07,0022100583,MIL,BKN,0,1,1566.51283636918,1588.235439865847,21.72260349666711,1573.926685040329,0.4392629823017532,12.0,12.0,0.2913126124515909,1.2913126124515908,41
2021-22,2022-01-08,0022100592,MIL,CHA,0,0,1588.235439865847,1567.4928623119793,-20.74257755386761,1498.983976417334,0.577445718244566,8.0,-8.0,0.197375320224904,1.197375320224904,42
2021-22,2022-01-10,0022100607,MIL,CHA,0,0,1567.4928623119793,1550.392015590356,-17.100846721623324,1519.7265539712016,0.5183639306048187,4.0,-4.0,0.0996679946249558,1.099667994624956,43
2021-22,2022-01-13,0022100627,MIL,GSW,1,1,1550.392015590356,1575.6806772208315,25.28866163047573,1644.6633968345743,0.4155195914793252,19.0,19.0,0.4422303560457261,1.442230356045726,44
2021-22,2022-01-15,0022100641,MIL,TOR,1,0,1575.6806772208315,1554.6657763916576,-21.01490082917402,1542.3666168940372,0.5970641858352146,7.0,-7.0,0.1732351578346601,1.17323515783466,45
2021-22,2022-01-17,0022100660,MIL,ATL,0,0,1554.6657763916576,1530.5609421002837,-24.1048342913738,1384.831513097635,0.6848537320191358,7.0,-7.0,0.1732351578346601,1.17323515783466,46
2021-22,2022-01-19,0022100674,MIL,MEM,1,1,1530.5609421002837,1555.3672212380814,24.806279137797745,1665.766500532729,0.3596624370530393,12.0,12.0,0.2913126124515909,1.2913126124515908,47
2021-22,2022-01-21,0022100690,MIL,CHI,1,1,1555.3672212380814,1570.7388399785375,15.371618740456377,1566.6682685740168,0.534052737869036,4.0,4.0,0.0996679946249558,1.099667994624956,48
2021-22,2022-01-22,0022100696,MIL,SAC,1,1,1570.7388399785375,1577.2899384987063,6.551098520168539,1353.9266235326306,0.8099288055101594,6.0,6.0,0.1488850336233179,1.1488850336233178,49
2021-22,2022-01-26,0022100722,MIL,CLE,0,0,1577.2899384987063,1560.8066209124745,-16.483317586231955,1614.057499368965,0.3981624933744789,16.0,-16.0,0.3799489622552249,1.379948962255225,50
2021-22,2022-01-28,0022100744,MIL,NYK,1,1,1560.8066209124745,1573.3671769098785,12.56055599740397,1455.371113508408,0.691770957759864,15.0,15.0,0.3583573983507859,1.358357398350786,51
2021-22,2022-01-30,0022100756,MIL,DEN,1,0,1573.3671769098785,1544.7224842847131,-28.644692625165067,1569.060222505707,0.5563271411592322,36.0,-36.0,0.7162978701990245,1.7162978701990244,52
2021-22,2022-02-01,0022100768,MIL,WAS,1,1,1544.7224842847131,1555.4700262553,10.747541970586708,1405.2400504086013,0.7319231105823095,14.0,14.0,0.3363755443363322,1.3363755443363323,53
2021-22,2022-02-05,0022100800,MIL,POR,0,1,1555.4700262553,1570.6920945671498,15.222068311849808,1384.0762133205285,0.6867881123142686,29.0,29.0,0.619996867969374,1.619996867969374,54
2021-22,2022-02-06,0022100809,MIL,LAC,0,1,1570.6920945671498,1590.7203197240124,20.028225156862597,1489.8043200677191,0.5656564891836006,24.0,24.0,0.5370495669980352,1.5370495669980353,55
2021-22,2022-02-08,0022100822,MIL,LAL,0,1,1590.7203197240124,1605.5238513407191,14.80353161670674,1458.2303189239583,0.6367295864186147,15.0,15.0,0.3583573983507859,1.358357398350786,56
2021-22,2022-02-10,0022100836,MIL,PHX,0,0,1605.5238513407191,1593.471878750665,-12.051972590054133,1750.9959780344795,0.2613659496050491,24.0,-24.0,0.5370495669980352,1.5370495669980353,57
2021-22,2022-02-14,0022100862,MIL,POR,1,0,1593.471878750665,1560.6414741769884,-32.83040457367653,1381.458418757664,0.8056398267872826,15.0,-15.0,0.3583573983507859,1.358357398350786,58
2021-22,2022-02-15,0022100870,MIL,IND,1,1,1560.6414741769884,1567.7240870008293,7.082612823840991,1347.462132639895,0.8066885642106768,9.0,9.0,0.2212784678984439,1.221278467898444,59
2021-22,2022-02-17,0022100887,MIL,PHI,1,0,1567.7240870008293,1550.6958907122728,-17.02819628855646,1583.1950300669353,0.5280750109708096,3.0,-3.0,0.074859690687499,1.0748596906874992,60
2021-22,2022-02-26,0022100910,MIL,BKN,1,0,1550.6958907122728,1526.5595721482332,-24.13631856403952,1396.2245138169392,0.7485106745607422,3.0,-3.0,0.074859690687499,1.0748596906874992,61
2021-22,2022-02-28,0022100924,MIL,CHA,1,1,1526.5595721482332,1542.1024479730204,15.54287582478726,1444.0618398899044,0.662928332338612,24.0,24.0,0.5370495669980352,1.5370495669980353,62
2021-22,2022-03-02,0022100936,MIL,MIA,1,1,1542.1024479730204,1560.7241145989362,18.621666625915953,1651.5916540181338,0.3944142691044975,1.0,1.0,0.0249947929684206,1.0249947929684209,63
2021-22,2022-03-04,0022100949,MIL,CHI,0,1,1560.7241145989362,1578.7981321697755,18.074017570839157,1542.6875633691282,0.4756070148626945,6.0,6.0,0.1488850336233179,1.1488850336233178,64
2021-22,2022-03-06,0022100961,MIL,PHX,1,1,1578.7981321697755,1603.2773941534588,24.47926198368316,1725.5090179495242,0.3445552516012518,10.0,10.0,0.2449186624037091,1.2449186624037092,65
2021-22,2022-03-08,0022100979,MIL,OKC,0,1,1603.2773941534588,1613.6618228645636,10.384428711104867,1346.317684334971,0.7820584880528272,27.0,27.0,0.5882592563981054,1.5882592563981053,66
2021-22,2022-03-09,0022100984,MIL,ATL,1,1,1613.6618228645636,1625.980311729055,12.318488864491371,1530.5003318035294,0.66378159750116,9.0,9.0,0.2212784678984439,1.221278467898444,67
2021-22,2022-03-12,0022101008,MIL,GSW,0,0,1625.980311729055,1604.673290015758,-21.307021713297218,1562.7731795626842,0.5405043735679882,13.0,-13.0,0.3140209253469976,1.3140209253469977,68
2021-22,2022-03-14,0022101027,MIL,UTA,0,1,1604.673290015758,1622.249346818815,17.576056803057018,1576.5849262299969,0.4900546678250246,6.0,6.0,0.1488850336233179,1.1488850336233178,69
2021-22,2022-03-16,0022101043,MIL,SAC,0,1,1622.249346818815,1630.4202596930925,8.17091287427747,1370.4182060064943,0.7769847175439073,9.0,9.0,0.2212784678984439,1.221278467898444,70
2021-22,2022-03-19,0022101058,MIL,MIN,0,0,1630.4202596930925,1611.4619638876495,-18.958295805442617,1638.6046268307396,0.4381707754698779,19.0,-19.0,0.4422303560457261,1.442230356045726,71
2021-22,2022-03-22,0022101082,MIL,CHI,1,1,1611.4619638876495,1626.801930958619,15.339967070969545,1514.489519416746,0.6812873937060858,28.0,28.0,0.6043677771171634,1.6043677771171634,72
2021-22,2022-03-24,0022101097,MIL,WAS,1,1,1626.801930958619,1631.644163530713,4.842232572093694,1323.7549362976154,0.8750048974611296,12.0,12.0,0.2913126124515909,1.2913126124515908,73
2021-22,2022-03-26,0022101112,MIL,MEM,0,0,1631.644163530713,1612.5586447586677,-19.085518772045457,1660.4268094014851,0.4092268575133615,25.0,-25.0,0.5545997223493823,1.5545997223493822,74
2021-22,2022-03-29,0022101131,MIL,PHI,0,1,1612.5586447586677,1630.8527909255386,18.294146166870856,1634.193335825651,0.4192104308387545,2.0,2.0,0.0499583749578799,1.04995837495788,75
2021-22,2022-03-31,0022101148,MIL,BKN,0,1,1630.8527909255386,1642.6242261175094,11.771435191970902,1512.8806402714824,0.6171871547470527,1.0,1.0,0.0249947929684206,1.0249947929684209,76
2021-22,2022-04-01,0022101156,MIL,LAC,1,0,1642.6242261175094,1602.2136255527782,-40.410600564731006,1440.5229537668972,0.7965491914163917,34.0,-34.0,0.6910694698329306,1.6910694698329305,77
2021-22,2022-04-03,0022101167,MIL,DAL,1,0,1602.2136255527782,1583.4850074081835,-18.72861814459465,1606.9904069007464,0.5433853285716767,6.0,-6.0,0.1488850336233179,1.1488850336233178,78
2021-22,2022-04-05,0022101183,MIL,CHI,0,1,1583.4850074081835,1602.176996095336,18.691988687152683,1492.8059265582249,0.5794496477542321,21.0,21.0,0.4815497983643079,1.481549798364308,79
2021-22,2022-04-07,0022101198,MIL,BOS,1,1,1602.176996095336,1622.8158716805704,20.638875585234317,1706.7517385911676,0.4011911554473507,6.0,6.0,0.1488850336233179,1.1488850336233178,80
2021-22,2022-04-08,0022101203,MIL,DET,0,1,1622.8158716805704,1634.8739414981555,12.05806981758512,1393.063208658574,0.7541901855489361,30.0,30.0,0.6351489523872873,1.6351489523872873,81
2021-22,2022-04-10,0022101218,MIL,CLE,0,0,1634.8739414981555,1603.8125746423464,-31.061366855809258,1428.7030560180365,0.7281662701575592,18.0,-18.0,0.4218990052500079,1.4218990052500078,82
2021-22,2021-10-20,0022100008,MIN,HOU,1,1,1500.0,1519.187132765088,19.187132765088176,1500.0,0.550199353253537,18.0,18.0,0.4218990052500079,1.4218990052500078,1
2021-22,2021-10-23,0022100031,MIN,NOP,1,1,1519.187132765088,1532.116268843451,12.929136078363015,1459.7430848507904,0.6326642619477009,7.0,7.0,0.1732351578346601,1.17323515783466,2
2021-22,2021-10-25,0022100047,MIN,NOP,1,0,1532.116268843451,1507.6958404560626,-24.420428387388373,1446.8139487724277,0.6665263500308451,9.0,-9.0,0.2212784678984439,1.221278467898444,3
2021-22,2021-10-27,0022100060,MIN,MIL,0,1,1507.6958404560626,1527.5709668788336,19.87512642277091,1535.371375309482,0.4107684925921988,5.0,5.0,0.1243530017715962,1.124353001771596,4
2021-22,2021-10-30,0022100087,MIN,DEN,1,0,1527.5709668788336,1509.952694939465,-17.618271939368856,1521.1474284826577,0.5593323938540462,2.0,-2.0,0.0499583749578799,1.04995837495788,5
2021-22,2021-11-01,0022100101,MIN,ORL,1,0,1509.952694939465,1481.102025696974,-28.850669242490465,1416.921272128967,0.6763412669949731,18.0,-18.0,0.4218990052500079,1.4218990052500078,6
2021-22,2021-11-03,0022100115,MIN,LAC,1,0,1481.102025696974,1460.6712828099637,-20.43074288701067,1490.3650151201418,0.5369709353600659,11.0,-11.0,0.2682711820216014,1.2682711820216013,7
2021-22,2021-11-05,0022100129,MIN,LAC,1,0,1460.6712828099637,1439.6936503695702,-20.977632440393375,1510.7957580071525,0.4782478689944202,20.0,-20.0,0.4621171572600097,1.4621171572600098,8
2021-22,2021-11-08,0022100149,MIN,MEM,0,0,1439.6936503695702,1427.0131789699074,-12.680471399662697,1504.4404873762414,0.3602708094503963,7.0,-7.0,0.1732351578346601,1.17323515783466,9
2021-22,2021-11-10,0022100169,MIN,GSW,0,0,1427.0131789699074,1417.4586998124244,-9.554479157483,1590.0020606809278,0.2423725775133025,13.0,-13.0,0.3140209253469976,1.3140209253469977,10
2021-22,2021-11-12,0022100184,MIN,LAL,0,1,1417.4586998124244,1448.7436846639853,31.284984851560846,1512.1775973654064,0.3215359798564684,24.0,24.0,0.5370495669980352,1.5370495669980353,11
2021-22,2021-11-13,0022100191,MIN,LAC,0,0,1448.7436846639853,1435.260296724745,-13.48338793923994,1575.2535397263207,0.2829804157166362,27.0,-27.0,0.5882592563981054,1.5882592563981053,12
2021-22,2021-11-15,0022100206,MIN,PHX,1,0,1435.260296724745,1424.2973607404615,-10.96293598428389,1585.501497792986,0.3399803738499054,3.0,-3.0,0.074859690687499,1.0748596906874992,13
2021-22,2021-11-17,0022100220,MIN,SAC,1,1,1424.2973607404615,1443.4922397390392,19.194878998577753,1468.9952031298053,0.4860473063218452,10.0,10.0,0.2449186624037091,1.2449186624037092,14
2021-22,2021-11-18,0022100227,MIN,SAS,1,1,1443.4922397390392,1463.1123219406643,19.620082201625095,1422.9118719289336,0.5793111688803012,25.0,25.0,0.5545997223493823,1.5545997223493822,15
2021-22,2021-11-20,0022100245,MIN,MEM,1,1,1463.1123219406643,1489.1208805395277,26.00855859886345,1486.969065041665,0.5160309392974216,43.0,43.0,0.7913375537619973,1.791337553761997,16
2021-22,2021-11-22,0022100259,MIN,NOP,0,1,1489.1208805395277,1504.448309156695,15.327428617167094,1370.781421723686,0.6176865931105975,14.0,14.0,0.3363755443363322,1.3363755443363323,17
2021-22,2021-11-24,0022100274,MIN,MIA,1,1,1504.448309156695,1526.655604468915,22.207295312220403,1590.7155448472492,0.4267513769042785,12.0,12.0,0.2913126124515909,1.2913126124515908,18
2021-22,2021-11-26,0022100281,MIN,CHA,0,0,1526.655604468915,1509.4886906222462,-17.166913846668887,1560.3270313776673,0.402441002801754,18.0,-18.0,0.4218990052500079,1.4218990052500078,19
2021-22,2021-11-27,0022100292,MIN,PHI,0,1,1509.4886906222462,1526.2452511665035,16.75656054425762,1505.7947926478969,0.4550684335436138,1.0,1.0,0.0249947929684206,1.0249947929684209,20
2021-22,2021-11-29,0022100309,MIN,IND,1,1,1526.2452511665035,1538.6370185317603,12.39176736525664,1486.021696922811,0.6065949641177046,2.0,2.0,0.0499583749578799,1.04995837495788,21
2021-22,2021-12-01,0022100321,MIN,WAS,0,0,1538.6370185317603,1521.5954762410788,-17.04154229068146,1521.4316548175625,0.4744138283914891,8.0,-8.0,0.197375320224904,1.197375320224904,22
2021-22,2021-12-03,0022100336,MIN,BKN,0,0,1521.5954762410788,1510.8990046667927,-10.696471574285969,1619.8478982333609,0.317114866874015,5.0,-5.0,0.1243530017715962,1.124353001771596,23
2021-22,2021-12-06,0022100359,MIN,ATL,1,0,1510.8990046667927,1490.1887007365324,-20.710303930260313,1515.0223271867444,0.5443184975957708,11.0,-11.0,0.2682711820216014,1.2682711820216013,24
2021-22,2021-12-08,0022100374,MIN,UTA,1,0,1490.1887007365324,1471.0884454761187,-19.10025526041355,1608.3108648195712,0.3826088381716692,32.0,-32.0,0.664036770267849,1.664036770267849,25
2021-22,2021-12-10,0022100387,MIN,CLE,1,0,1471.0884454761187,1453.82727931289,-17.261166163228793,1568.85086821579,0.4106474387373481,17.0,-17.0,0.4011342849479459,1.401134284947946,26
2021-22,2021-12-12,0022100402,MIN,POR,0,1,1453.82727931289,1471.100762523114,17.273483210224136,1427.237852718259,0.487898575654709,5.0,5.0,0.1243530017715962,1.124353001771596,27
2021-22,2021-12-15,0022100424,MIN,DEN,0,1,1471.100762523114,1496.786865368445,25.686102845330826,1514.5949872480662,0.3889212209167351,17.0,17.0,0.4011342849479459,1.401134284947946,28
2021-22,2021-12-17,0022100436,MIN,LAL,1,1,1496.786865368445,1517.2023339963646,20.41546862791971,1516.9049654383027,0.5214036873097015,18.0,18.0,0.4218990052500079,1.4218990052500078,29
2021-22,2021-12-19,0022100455,MIN,DAL,1,1,1517.2023339963646,1531.2792786953723,14.076944699007765,1487.8421596611447,0.5915766362739726,6.0,6.0,0.1488850336233179,1.1488850336233178,30
2021-22,2021-12-21,0022100468,MIN,DAL,0,0,1531.2792786953723,1510.6561743186146,-20.623104376757713,1473.765214962137,0.5323550671850665,12.0,-12.0,0.2913126124515909,1.2913126124515908,31
2021-22,2021-12-23,0022100484,MIN,UTA,0,0,1510.6561743186146,1499.416679457447,-11.239494861167682,1631.0897987599603,0.2901310070799253,12.0,-12.0,0.2913126124515909,1.2913126124515908,32
2021-22,2021-12-27,0022100503,MIN,BOS,1,1,1499.416679457447,1515.480783176398,16.064103718951188,1517.8992065481634,0.5237526620898226,5.0,5.0,0.1243530017715962,1.124353001771596,33
2021-22,2021-12-28,0022100512,MIN,NYK,1,0,1515.480783176398,1492.3964395755877,-23.08434360081056,1448.5380510066552,0.6426373644334734,8.0,-8.0,0.197375320224904,1.197375320224904,34
2021-22,2021-12-31,0022100537,MIN,UTA,0,0,1492.3964395755877,1483.6604987594287,-8.735940816158724,1671.7409725660584,0.2255054464715896,12.0,-12.0,0.2913126124515909,1.2913126124515908,35
2021-22,2022-01-02,0022100551,MIN,LAL,0,0,1483.6604987594287,1467.4501805628115,-16.210318196617227,1462.160219112039,0.4805821116996561,5.0,-5.0,0.1243530017715962,1.124353001771596,36
2021-22,2022-01-03,0022100561,MIN,LAC,0,1,1467.4501805628115,1492.329446292424,24.8792657296126,1490.8349315151088,0.4167596611350475,18.0,18.0,0.4218990052500079,1.4218990052500078,37
2021-22,2022-01-05,0022100574,MIN,OKC,1,1,1492.329446292424,1504.076866050738,11.747419758313905,1401.968184948134,0.6729674881415524,8.0,8.0,0.197375320224904,1.197375320224904,38
2021-22,2022-01-07,0022100587,MIN,OKC,0,1,1504.076866050738,1523.1309096499465,19.05404359920841,1390.22076518982,0.6115737433504176,30.0,30.0,0.6351489523872873,1.6351489523872873,39
2021-22,2022-01-09,0022100600,MIN,HOU,0,1,1523.1309096499465,1535.787811916848,12.65690226690132,1338.2129852807404,0.7032864214179099,18.0,18.0,0.4218990052500079,1.4218990052500078,40
2021-22,2022-01-11,0022100615,MIN,NOP,0,0,1535.787811916848,1517.6250232582142,-18.162788658633712,1456.592897249414,0.5632607621873721,3.0,-3.0,0.074859690687499,1.0748596906874992,41
2021-22,2022-01-13,0022100628,MIN,MEM,0,0,1517.6250232582142,1508.832659904204,-8.792363354010385,1678.3556221543597,0.2447676793705449,8.0,-8.0,0.197375320224904,1.197375320224904,42
2021-22,2022-01-16,0022100652,MIN,GSW,1,1,1508.832659904204,1537.1189287960258,28.286268891821987,1647.4666566647898,0.3551299052571565,20.0,20.0,0.4621171572600097,1.4621171572600098,43
2021-22,2022-01-18,0022100666,MIN,NYK,0,1,1537.1189287960258,1552.5779829835951,15.459054187569487,1495.7136319565604,0.5092169189345359,2.0,2.0,0.0499583749578799,1.04995837495788,44
2021-22,2022-01-19,0022100670,MIN,ATL,0,0,1552.5779829835951,1527.3414562181265,-25.23652676546889,1408.936347389009,0.6514437718159428,12.0,-12.0,0.2913126124515909,1.2913126124515908,45
2021-22,2022-01-23,0022100706,MIN,BKN,1,1,1527.3414562181265,1546.6361218128193,19.294665594692855,1567.2837046368331,0.4928880124849033,11.0,11.0,0.2682711820216014,1.2682711820216013,46
2021-22,2022-01-25,0022100721,MIN,POR,0,1,1546.6361218128193,1560.559705045657,13.923583232837608,1471.176733733835,0.5579639610825473,2.0,2.0,0.0499583749578799,1.04995837495788,47
2021-22,2022-01-27,0022100734,MIN,GSW,0,0,1560.559705045657,1548.0895399053338,-12.470165140323145,1640.508465798928,0.3403582248194277,9.0,-9.0,0.2212784678984439,1.221278467898444,48
2021-22,2022-01-28,0022100743,MIN,PHX,0,0,1548.0895399053338,1539.859365455368,-8.23017444996574,1732.586873665291,0.2203671264775586,10.0,-10.0,0.2449186624037091,1.2449186624037092,49
2021-22,2022-01-30,0022100757,MIN,UTA,1,1,1539.859365455368,1557.7793975613245,17.920032105956402,1510.5835689582575,0.5914592749521675,20.0,20.0,0.4621171572600097,1.4621171572600098,50
2021-22,2022-02-01,0022100770,MIN,DEN,1,1,1557.7793975613245,1578.4435961794725,20.66419861814777,1597.7049151308725,0.4929120852573688,15.0,15.0,0.3583573983507859,1.358357398350786,51
2021-22,2022-02-03,0022100782,MIN,DET,0,1,1578.4435961794725,1587.3047778931125,8.861181713640145,1336.364745266299,0.767106019615469,11.0,11.0,0.2682711820216014,1.2682711820216013,52
2021-22,2022-02-06,0022100803,MIN,DET,1,1,1587.3047778931125,1593.1676486247898,5.862870731677296,1319.2317352636414,0.8512740393859134,13.0,13.0,0.3140209253469976,1.3140209253469977,53
2021-22,2022-02-08,0022100824,MIN,SAC,0,1,1593.1676486247898,1603.3227619200784,10.155113295288556,1349.746294949177,0.7684838216768001,20.0,20.0,0.4621171572600097,1.4621171572600098,54
2021-22,2022-02-09,0022100830,MIN,SAC,0,0,1603.3227619200784,1572.2344873168593,-31.08827460321904,1339.5911816538885,0.7886296177769382,13.0,-13.0,0.3140209253469976,1.3140209253469977,55
2021-22,2022-02-11,0022100843,MIN,CHI,0,0,1572.2344873168593,1552.5469431432457,-19.687544173613578,1531.5325864362464,0.5082049583701311,12.0,-12.0,0.2913126124515909,1.2913126124515908,56
2021-22,2022-02-13,0022100857,MIN,IND,0,1,1552.5469431432457,1562.9952338762982,10.448290733052476,1357.9104233729474,0.7148264159870729,9.0,9.0,0.2212784678984439,1.221278467898444,57
2021-22,2022-02-15,0022100871,MIN,CHA,1,1,1562.9952338762982,1573.4291136312747,10.43387975497641,1453.0527465467026,0.6972752001689161,6.0,6.0,0.1488850336233179,1.1488850336233178,58
2021-22,2022-02-16,0022100880,MIN,TOR,1,0,1573.4291136312747,1553.0075892313362,-20.421524399938615,1589.5436876161873,0.5271515769567169,12.0,-12.0,0.2913126124515909,1.2913126124515908,59
2021-22,2022-02-24,0022100892,MIN,MEM,1,1,1553.0075892313362,1573.8161805486036,20.808591317267343,1670.7727838237977,0.3830943578372001,5.0,5.0,0.1243530017715962,1.124353001771596,60
2021-22,2022-02-25,0022100901,MIN,PHI,1,0,1573.8161805486036,1548.4568277418148,-25.359352806788813,1600.2232263554918,0.5123637342931211,31.0,-31.0,0.6498274636719203,1.6498274636719203,61
2021-22,2022-02-28,0022100920,MIN,CLE,0,1,1548.4568277418148,1567.5423741754748,19.08554643366008,1559.4623993820626,0.4341769176409965,5.0,5.0,0.1243530017715962,1.124353001771596,62
2021-22,2022-03-01,0022100930,MIN,GSW,1,1,1567.5423741754748,1587.090448019937,19.54807384446221,1588.4279203313683,0.5203011650150398,15.0,15.0,0.3583573983507859,1.358357398350786,63
2021-22,2022-03-04,0022100951,MIN,OKC,0,1,1587.090448019937,1600.522776863995,13.432328844057956,1369.5492946075317,0.7409268305251594,37.0,37.0,0.7282542059818115,1.7282542059818111,64
2021-22,2022-03-05,0022100958,MIN,POR,1,1,1600.522776863995,1608.8905401446848,8.367763280689719,1404.0140759604717,0.791282140808573,14.0,14.0,0.3363755443363322,1.3363755443363323,65
2021-22,2022-03-07,0022100971,MIN,POR,1,1,1608.8905401446848,1619.2759913652264,10.385451220541627,1395.646312679782,0.8067468040155974,43.0,43.0,0.7913375537619973,1.791337553761997,66
2021-22,2022-03-09,0022100986,MIN,OKC,1,1,1619.2759913652264,1626.0424362636938,6.766444898467384,1335.9332556238662,0.862062619461701,30.0,30.0,0.6351489523872873,1.6351489523872873,67
2021-22,2022-03-11,0022100995,MIN,ORL,0,0,1626.0424362636938,1598.2546376009952,-27.78779866269851,1377.610933086488,0.7735752856917941,8.0,-8.0,0.197375320224904,1.197375320224904,68
2021-22,2022-03-12,0022101005,MIN,MIA,0,1,1598.2546376009952,1621.240540128673,22.985902527677812,1653.7550048204484,0.3726273155040123,9.0,9.0,0.2212784678984439,1.221278467898444,69
2021-22,2022-03-14,0022101024,MIN,SAS,0,1,1621.240540128673,1631.725415157505,10.48487502883203,1422.8060767235536,0.7192621133820993,10.0,10.0,0.2449186624037091,1.2449186624037092,70
2021-22,2022-03-16,0022101039,MIN,LAL,1,1,1631.725415157505,1638.6046268307396,6.879211673234485,1374.5339087144955,0.8431677963452658,20.0,20.0,0.4621171572600097,1.4621171572600098,71
2021-22,2022-03-19,0022101058,MIN,MIL,1,1,1638.6046268307396,1657.562922636182,18.958295805442617,1630.4202596930925,0.5618292245301221,19.0,19.0,0.4422303560457261,1.442230356045726,72
2021-22,2022-03-21,0022101079,MIN,DAL,0,0,1657.562922636182,1641.400004923178,-16.162917713003978,1613.4379721975315,0.5131288407394362,2.0,-2.0,0.0499583749578799,1.04995837495788,73
2021-22,2022-03-23,0022101090,MIN,PHX,1,0,1641.400004923178,1626.0929104086858,-15.307094514492237,1734.0494992082126,0.4177888149411284,9.0,-9.0,0.2212784678984439,1.221278467898444,74
2021-22,2022-03-25,0022101104,MIN,DAL,1,1,1626.0929104086858,1646.5841074046025,20.491196995916415,1633.9592182787133,0.5389693275123221,21.0,21.0,0.4815497983643079,1.481549798364308,75
2021-22,2022-03-27,0022101116,MIN,BOS,0,0,1646.5841074046025,1630.6650921973792,-15.91901520722298,1716.3544728759127,0.3536332508442916,22.0,-22.0,0.5005202111902353,1.5005202111902354,76
2021-22,2022-03-30,0022101141,MIN,TOR,0,0,1630.6650921973792,1609.0104969132867,-21.65459528409252,1612.9209154363232,0.4751872729509744,23.0,-23.0,0.5190218338982221,1.519021833898222,77
2021-22,2022-04-01,0022101159,MIN,DEN,0,1,1609.0104969132867,1627.538995165757,18.528498252469987,1600.1724812483624,0.4624208773371812,6.0,6.0,0.1488850336233179,1.1488850336233178,78
2021-22,2022-04-03,0022101173,MIN,HOU,0,1,1627.538995165757,1632.748005433229,5.20901026747238,1288.4618220879893,0.852004370630289,7.0,7.0,0.1732351578346601,1.17323515783466,79
2021-22,2022-04-05,0022101184,MIN,WAS,1,0,1632.748005433229,1597.633920288175,-35.11408514505403,1400.5704571446463,0.8231734465763512,18.0,-18.0,0.4218990052500079,1.4218990052500078,80
2021-22,2022-04-07,0022101199,MIN,SAS,1,1,1597.633920288175,1609.3390720953678,11.705151807192832,1517.1051582124803,0.6603909743032196,6.0,6.0,0.1488850336233179,1.1488850336233178,81
2021-22,2022-04-10,0022101224,MIN,CHI,1,0,1609.3390720953678,1584.253035804515,-25.08603629085279,1443.7051042208786,0.7604124279167378,4.0,-4.0,0.0996679946249558,1.099667994624956,82
2021-22,2021-10-20,0022100009,NOP,PHI,1,0,1500.0,1475.8663225708392,-24.13367742916072,1500.0,0.550199353253537,20.0,-20.0,0.4621171572600097,1.4621171572600098,1
2021-22,2021-10-22,0022100022,NOP,CHI,0,0,1475.8663225708392,1459.7430848507904,-16.123237720048795,1518.9634740738666,0.3894645903835672,16.0,-16.0,0.3799489622552249,1.379948962255225,2
2021-22,2021-10-23,0022100031,NOP,MIN,0,0,1459.7430848507904,1446.8139487724277,-12.929136078363015,1519.187132765088,0.3673357380522991,7.0,-7.0,0.1732351578346601,1.17323515783466,3
2021-22,2021-10-25,0022100047,NOP,MIN,0,1,1446.8139487724277,1471.234377159816,24.420428387388373,1532.116268843451,0.3334736499691548,9.0,9.0,0.2212784678984439,1.221278467898444,4
2021-22,2021-10-27,0022100059,NOP,ATL,1,0,1471.234377159816,1455.7417350120984,-15.492642147717577,1519.8227573284971,0.4804547136692855,3.0,-3.0,0.074859690687499,1.0748596906874992,5
2021-22,2021-10-29,0022100074,NOP,SAC,1,0,1455.7417350120984,1439.4238527059797,-16.317882306118914,1494.472938530084,0.4946305729207587,4.0,-4.0,0.0996679946249558,1.099667994624956,6
2021-22,2021-10-30,0022100080,NOP,NYK,1,0,1439.4238527059797,1425.9593022324852,-13.464550473494278,1551.6513753242043,0.3906555799591249,6.0,-6.0,0.1488850336233179,1.1488850336233178,7
2021-22,2021-11-02,0022100106,NOP,PHX,0,0,1425.9593022324852,1411.3256792556497,-14.633622976835628,1477.6668557596563,0.3777454257455988,12.0,-12.0,0.2913126124515909,1.2913126124515908,8
2021-22,2021-11-03,0022100118,NOP,SAC,0,0,1411.3256792556497,1397.4992986566476,-13.826380599001974,1483.2992200694368,0.3507397366433566,13.0,-13.0,0.3140209253469976,1.3140209253469977,9
2021-22,2021-11-05,0022100130,NOP,GSW,0,0,1397.4992986566476,1384.338205620466,-13.1610930361817,1555.588114206676,0.2475897513217445,41.0,-41.0,0.7718952374404182,1.7718952374404182,10
2021-22,2021-11-08,0022100150,NOP,DAL,0,0,1384.338205620466,1373.5384611314537,-10.799744489012404,1530.2541420364869,0.2608730415498502,16.0,-16.0,0.3799489622552249,1.379948962255225,11
2021-22,2021-11-10,0022100165,NOP,OKC,1,0,1373.5384611314537,1357.9077605255618,-15.630700605891644,1453.8646880665117,0.4351378759267038,8.0,-8.0,0.197375320224904,1.197375320224904,12
2021-22,2021-11-12,0022100179,NOP,BKN,1,0,1357.9077605255618,1348.0443558589077,-9.863404666654434,1561.672484838692,0.2745840422812395,8.0,-8.0,0.197375320224904,1.197375320224904,13
2021-22,2021-11-13,0022100188,NOP,MEM,1,1,1348.0443558589077,1371.8106437136444,23.76628785473686,1471.5151391840177,0.3753626145670775,11.0,11.0,0.2682711820216014,1.2682711820216013,14
2021-22,2021-11-15,0022100201,NOP,WAS,0,0,1371.8106437136444,1365.364387305878,-6.446256407766509,1587.4529539248124,0.1911100991002354,5.0,-5.0,0.1243530017715962,1.124353001771596,15
2021-22,2021-11-17,0022100217,NOP,MIA,0,0,1365.364387305878,1357.1893695538836,-8.175017751994337,1570.5264306483518,0.2006103784350084,15.0,-15.0,0.3583573983507859,1.358357398350786,16
2021-22,2021-11-19,0022100235,NOP,LAC,1,1,1357.1893695538836,1385.4745748617545,28.28520530787061,1554.1304245878118,0.2824770452722878,13.0,13.0,0.3140209253469976,1.3140209253469977,17
2021-22,2021-11-20,0022100240,NOP,IND,0,0,1385.4745748617545,1370.781421723686,-14.693153138068215,1458.3535391985731,0.349553769778131,17.0,-17.0,0.4011342849479459,1.401134284947946,18
2021-22,2021-11-22,0022100259,NOP,MIN,1,0,1370.781421723686,1355.453993106519,-15.327428617167094,1489.1208805395277,0.3823134068894026,14.0,-14.0,0.3363755443363322,1.3363755443363323,19
2021-22,2021-11-24,0022100275,NOP,WAS,1,1,1355.453993106519,1388.8049615039376,33.35096839741877,1550.3262943682669,0.2848969862798023,25.0,25.0,0.5545997223493823,1.5545997223493822,20
2021-22,2021-11-26,0022100289,NOP,UTA,0,1,1388.8049615039376,1412.7499509056329,23.94498940169496,1572.3632865843492,0.2212972018342507,1.0,1.0,0.0249947929684206,1.0249947929684209,21
2021-22,2021-11-27,0022100299,NOP,UTA,0,0,1412.7499509056329,1400.4873973042872,-12.262553601345338,1548.4182971826542,0.2724067184588491,22.0,-22.0,0.5005202111902353,1.5005202111902354,22
2021-22,2021-11-29,0022100313,NOP,LAC,0,1,1400.4873973042872,1430.9841990596983,30.49680175541131,1516.711275274304,0.2951472320268647,19.0,19.0,0.4422303560457261,1.442230356045726,23
2021-22,2021-12-01,0022100325,NOP,DAL,1,0,1430.9841990596983,1408.202057697677,-22.78214136202156,1496.3836736801256,0.4563629395912621,32.0,-32.0,0.664036770267849,1.664036770267849,24
2021-22,2021-12-03,0022100338,NOP,DAL,0,1,1408.202057697677,1437.1194964509043,28.91743875322724,1519.1658150421472,0.3014853074476995,16.0,16.0,0.3799489622552249,1.379948962255225,25
2021-22,2021-12-05,0022100352,NOP,HOU,0,0,1437.1194964509043,1418.3968817325156,-18.72261471838883,1401.2108973386112,0.5013075762513111,10.0,-10.0,0.2449186624037091,1.2449186624037092,26
2021-22,2021-12-08,0022100375,NOP,DEN,1,0,1418.3968817325156,1402.5444304845844,-15.852451247931093,1481.2951260934103,0.4599372662477847,6.0,-6.0,0.1488850336233179,1.1488850336233178,27
2021-22,2021-12-10,0022100388,NOP,DET,1,1,1402.5444304845844,1415.6069467386335,13.062516254049058,1303.0200409993267,0.6844686141459119,16.0,16.0,0.3799489622552249,1.379948962255225,28
2021-22,2021-12-12,0022100401,NOP,SAS,0,0,1415.6069467386335,1399.7433545407396,-15.863592197893944,1458.8362567530016,0.3892837093083727,15.0,-15.0,0.3583573983507859,1.358357398350786,29
2021-22,2021-12-15,0022100422,NOP,OKC,0,1,1399.7433545407396,1414.9899254270024,15.246570886262782,1345.840629358259,0.527176398980013,3.0,3.0,0.074859690687499,1.0748596906874992,30
2021-22,2021-12-17,0022100438,NOP,MIL,1,1,1414.9899254270024,1438.0997797198795,23.10985429287709,1597.6027681199623,0.2994899549732204,4.0,4.0,0.0996679946249558,1.099667994624956,31
2021-22,2021-12-21,0022100467,NOP,POR,1,1,1438.0997797198795,1456.2339802353745,18.134200515494967,1439.8694236822512,0.5476770335417273,14.0,14.0,0.3363755443363322,1.3363755443363323,32
2021-22,2021-12-23,0022100477,NOP,ORL,0,1,1456.2339802353745,1469.711365841634,13.477385606259444,1344.2781739698296,0.608972026157834,6.0,6.0,0.1488850336233179,1.1488850336233178,33
2021-22,2021-12-26,0022100497,NOP,OKC,0,0,1469.711365841634,1451.140657127928,-18.570708713705855,1399.4582954162618,0.5505598533688489,5.0,-5.0,0.1243530017715962,1.124353001771596,34
2021-22,2021-12-28,0022100513,NOP,CLE,1,1,1451.140657127928,1474.4706856564455,23.33002852851741,1639.315711111511,0.2928159940833122,4.0,4.0,0.0996679946249558,1.099667994624956,35
2021-22,2022-01-01,0022100539,NOP,MIL,0,0,1474.4706856564455,1461.9700160477,-12.50066960874558,1608.470976180468,0.2743140208122282,23.0,-23.0,0.5190218338982221,1.519021833898222,36
2021-22,2022-01-03,0022100557,NOP,UTA,1,0,1461.9700160477,1451.3007777771186,-10.669238270581346,1660.6830307870491,0.2804142211282914,11.0,-11.0,0.2682711820216014,1.2682711820216013,37
2021-22,2022-01-04,0022100565,NOP,PHX,1,0,1451.3007777771186,1440.9642134778107,-10.33656429930793,1666.012327001583,0.2622120672996721,13.0,-13.0,0.3140209253469976,1.3140209253469977,38
2021-22,2022-01-06,0022100580,NOP,GSW,1,1,1440.9642134778107,1466.4684546425076,25.504241164696897,1672.52632623719,0.2438839307432533,5.0,5.0,0.1243530017715962,1.124353001771596,39
2021-22,2022-01-09,0022100599,NOP,TOR,0,0,1466.4684546425076,1456.592897249414,-9.87555739309366,1579.1974771749174,0.2993496655767677,4.0,-4.0,0.0996679946249558,1.099667994624956,40
2021-22,2022-01-11,0022100615,NOP,MIN,1,1,1456.592897249414,1474.7556859080476,18.162788658633712,1535.787811916848,0.4367392378126279,3.0,3.0,0.074859690687499,1.0748596906874992,41
2021-22,2022-01-13,0022100629,NOP,LAC,1,1,1474.7556859080476,1495.8015186278378,21.045832719790187,1479.3905133600997,0.5435880713356095,24.0,24.0,0.5370495669980352,1.5370495669980353,42
2021-22,2022-01-15,0022100644,NOP,BKN,0,0,1495.8015186278378,1479.6859541212375,-16.115564506600123,1534.5254463635297,0.3954669693009712,15.0,-15.0,0.3583573983507859,1.358357398350786,43
2021-22,2022-01-17,0022100654,NOP,BOS,0,0,1479.6859541212375,1465.0575273335348,-14.628426787703004,1531.4926455231107,0.3776112937757329,12.0,-12.0,0.2913126124515909,1.2913126124515908,44
2021-22,2022-01-20,0022100681,NOP,NYK,0,1,1465.0575273335348,1486.8112017964038,21.75367446286888,1480.2545777689909,0.4282591196783347,11.0,11.0,0.2682711820216014,1.2682711820216013,45
2021-22,2022-01-24,0022100712,NOP,IND,1,1,1486.8112017964038,1498.8715859869055,12.060384190501662,1426.0508256745134,0.6344234729799855,4.0,4.0,0.0996679946249558,1.099667994624956,46
2021-22,2022-01-25,0022100454,NOP,PHI,0,0,1498.8715859869055,1486.0718138130687,-12.79977217383677,1576.9956335958227,0.3427204405767565,10.0,-10.0,0.2449186624037091,1.2449186624037092,47
2021-22,2022-01-28,0022100729,NOP,DEN,1,0,1486.0718138130687,1468.7209928257412,-17.350820987327612,1551.7094015183798,0.4560228977652008,11.0,-11.0,0.2682711820216014,1.2682711820216013,48
2021-22,2022-01-29,0022100745,NOP,BOS,1,0,1468.7209928257412,1450.8256850589207,-17.895307766820466,1518.2132798711225,0.4791560098731782,10.0,-10.0,0.2449186624037091,1.2449186624037092,49
2021-22,2022-01-31,0022100759,NOP,CLE,0,0,1450.8256850589207,1442.5145912949629,-8.311093763957858,1599.5735855328578,0.257741974323549,3.0,-3.0,0.074859690687499,1.0748596906874992,50
2021-22,2022-02-01,0022100766,NOP,DET,0,1,1442.5145912949629,1458.234156992112,15.719565697149182,1352.0843109634482,0.5791005958360473,10.0,10.0,0.2449186624037091,1.2449186624037092,51
2021-22,2022-02-04,0022100794,NOP,DEN,0,1,1458.234156992112,1482.841599989575,24.60744299746258,1558.2170981755264,0.3149615779943155,8.0,8.0,0.197375320224904,1.197375320224904,52
2021-22,2022-02-06,0022100808,NOP,HOU,0,1,1482.841599989575,1496.340981185802,13.49938119622737,1334.504791202032,0.6575553976899177,13.0,13.0,0.3140209253469976,1.3140209253469977,53
2021-22,2022-02-08,0022100819,NOP,HOU,1,1,1496.340981185802,1505.390439548751,9.049458362948728,1321.0054100058046,0.7704385019449872,13.0,13.0,0.3140209253469976,1.3140209253469977,54
2021-22,2022-02-10,0022100833,NOP,MIA,1,0,1505.390439548751,1488.918033223972,-16.472406324778895,1607.7750421902772,0.4042236685960665,15.0,-15.0,0.3583573983507859,1.358357398350786,55
2021-22,2022-02-12,0022100848,NOP,SAS,1,0,1488.918033223972,1466.1856803906255,-22.732352833346365,1447.1822667237332,0.6086703632362714,10.0,-10.0,0.2449186624037091,1.2449186624037092,56
2021-22,2022-02-14,0022100863,NOP,TOR,1,1,1466.1856803906255,1498.9320799758875,32.74639958526174,1622.290087201449,0.3324481838499055,30.0,30.0,0.6351489523872873,1.6351489523872873,57
2021-22,2022-02-15,0022100872,NOP,MEM,1,0,1498.9320799758875,1487.6271647730316,-11.304915202855897,1687.9437429285408,0.2918197368539912,12.0,-12.0,0.2913126124515909,1.2913126124515908,58
2021-22,2022-02-17,0022100886,NOP,DAL,1,0,1487.6271647730316,1474.591827673196,-13.035337099835385,1614.819624964393,0.370353064992631,7.0,-7.0,0.1732351578346601,1.17323515783466,59
2021-22,2022-02-25,0022100902,NOP,PHX,0,1,1474.591827673196,1510.2422532827677,35.65042560957168,1777.3795510718364,0.1251584290247492,15.0,15.0,0.3583573983507859,1.358357398350786,60
2021-22,2022-02-27,0022100919,NOP,LAL,0,1,1510.2422532827677,1530.9658485679347,20.723595285166965,1426.6809178808123,0.5694338172592712,28.0,28.0,0.6043677771171634,1.6043677771171634,61
2021-22,2022-03-02,0022100937,NOP,SAC,1,1,1530.9658485679347,1543.2549913710743,12.289142803139711,1375.599117516581,0.7494796465851467,30.0,30.0,0.6351489523872873,1.6351489523872873,62
2021-22,2022-03-04,0022100950,NOP,UTA,1,1,1543.2549913710743,1571.0070795591575,27.75208818808315,1611.0332793312243,0.4529677090315924,34.0,34.0,0.6910694698329306,1.6910694698329305,63
2021-22,2022-03-06,0022100967,NOP,DEN,0,0,1571.0070795591575,1556.0434353617552,-14.963644197402353,1594.528876890844,0.4165679144111004,8.0,-8.0,0.197375320224904,1.197375320224904,64
2021-22,2022-03-08,0022100978,NOP,MEM,0,0,1556.0434353617552,1540.359115816896,-15.684319544859047,1626.3858487902914,0.3528809170454521,21.0,-21.0,0.4815497983643079,1.481549798364308,65
2021-22,2022-03-09,0022100987,NOP,ORL,1,0,1540.359115816896,1513.3086973781596,-27.050418438736347,1350.5605146477517,0.7848310215869492,6.0,-6.0,0.1488850336233179,1.1488850336233178,66
2021-22,2022-03-11,0022101001,NOP,CHA,1,0,1513.3086973781596,1483.8759196628012,-29.43277771535851,1437.8347148986204,0.6538349721619097,22.0,-22.0,0.5005202111902353,1.5005202111902354,67
2021-22,2022-03-13,0022101017,NOP,HOU,1,1,1483.8759196628012,1493.9163906867657,10.040471023964464,1294.1968887337985,0.7847147644155662,25.0,25.0,0.5545997223493823,1.5545997223493822,68
2021-22,2022-03-15,0022101032,NOP,PHX,1,0,1493.9163906867657,1482.9589196570691,-10.957471029696526,1706.4158119453505,0.2646830022802421,16.0,-16.0,0.3799489622552249,1.379948962255225,69
2021-22,2022-03-18,0022101054,NOP,SAS,0,1,1482.9589196570691,1506.2557038028522,23.29678414578292,1422.0959728268358,0.5371511764643673,33.0,33.0,0.6777821008468294,1.6777821008468294,70
2021-22,2022-03-20,0022101064,NOP,ATL,0,1,1506.2557038028522,1527.1348938799374,20.879190077085152,1555.5609868287313,0.3810013390164037,5.0,5.0,0.1243530017715962,1.124353001771596,71
2021-22,2022-03-21,0022101071,NOP,CHA,0,0,1527.1348938799374,1512.8207930244723,-14.314100855465057,1531.277752322968,0.4439060272852762,3.0,-3.0,0.074859690687499,1.0748596906874992,72
2021-22,2022-03-24,0022101098,NOP,CHI,1,1,1512.8207930244723,1530.9127043657827,18.091911341310308,1499.1495523457763,0.5695889267320192,17.0,17.0,0.4011342849479459,1.401134284947946,73
2021-22,2022-03-26,0022101107,NOP,SAS,1,0,1530.9127043657827,1508.9440491315015,-21.96865523428105,1446.085778200112,0.665917814639242,4.0,-4.0,0.0996679946249558,1.099667994624956,74
2021-22,2022-03-27,0022101119,NOP,LAL,1,1,1508.9440491315015,1519.668247475933,10.724198344431274,1395.5500274450033,0.7014526087939038,8.0,8.0,0.197375320224904,1.197375320224904,75
2021-22,2022-03-30,0022101146,NOP,POR,0,1,1519.668247475933,1527.749162982591,8.080915506658382,1261.1033017123273,0.783629358000101,10.0,10.0,0.2449186624037091,1.2449186624037092,76
2021-22,2022-04-01,0022101160,NOP,LAL,0,1,1527.749162982591,1538.27951361453,10.530350631938653,1367.01884177313,0.673434876409985,3.0,3.0,0.074859690687499,1.0748596906874992,77
2021-22,2022-04-03,0022101177,NOP,LAC,0,0,1538.27951361453,1515.2565781737962,-23.022935440733843,1480.9335543316283,0.5321141509335027,19.0,-19.0,0.4422303560457261,1.442230356045726,78
2021-22,2022-04-05,0022101188,NOP,SAC,0,1,1515.2565781737962,1530.0221921171983,14.765613943402006,1386.5329252764795,0.6316999861807839,14.0,14.0,0.3363755443363322,1.3363755443363323,79
2021-22,2022-04-07,0022101200,NOP,POR,1,1,1530.0221921171983,1536.2944008474162,6.272208730217877,1226.367650731564,0.8753869026048914,33.0,33.0,0.6777821008468294,1.6777821008468294,80
2021-22,2022-04-09,0022101213,NOP,MEM,0,0,1536.2944008474162,1523.1405255131756,-13.153875334240745,1668.7698441069876,0.2760648234065479,27.0,-27.0,0.5882592563981054,1.5882592563981053,81
2021-22,2022-04-10,0022101225,NOP,GSW,1,0,1523.1405255131756,1500.3664961590337,-22.774029354141856,1549.5278959489644,0.5123920320753607,21.0,-21.0,0.4815497983643079,1.481549798364308,82
2021-22,2021-10-20,0022100005,NYK,BOS,1,1,1500.0,1514.8389412556608,14.838941255660735,1500.0,0.550199353253537,4.0,4.0,0.0996679946249558,1.099667994624956,1
2021-22,2021-10-22,0022100018,NYK,ORL,0,1,1514.8389412556608,1538.087659527194,23.248718271533043,1478.7918549834876,0.5015068737136932,25.0,25.0,0.5545997223493823,1.5545997223493822,2
2021-22,2021-10-24,0022100036,NYK,ORL,1,0,1538.087659527194,1515.236731998056,-22.850927529137884,1455.5431367119545,0.662988516703345,6.0,-6.0,0.1488850336233179,1.1488850336233178,3
2021-22,2021-10-26,0022100050,NYK,PHI,1,1,1515.236731998056,1533.3612610714526,18.124529073396708,1522.2234042039604,0.5402272844675715,13.0,13.0,0.3140209253469976,1.3140209253469977,4
2021-22,2021-10-28,0022100067,NYK,CHI,0,1,1533.3612610714526,1551.6513753242043,18.29011425275197,1565.0443823541743,0.4051965148758412,1.0,1.0,0.0249947929684206,1.0249947929684209,5
2021-22,2021-10-30,0022100080,NYK,NOP,0,1,1551.6513753242043,1565.1159257976988,13.464550473494278,1439.4238527059797,0.6093444200408751,6.0,6.0,0.1488850336233179,1.1488850336233178,6
2021-22,2021-11-01,0022100099,NYK,TOR,1,0,1565.1159257976988,1542.4502899387207,-22.66563585897809,1516.0811227785848,0.6186313892845079,9.0,-9.0,0.2212784678984439,1.221278467898444,7
2021-22,2021-11-03,0022100109,NYK,IND,0,0,1542.4502899387207,1519.296048564969,-23.154241373751866,1446.114501081223,0.5873635882837369,13.0,-13.0,0.3140209253469976,1.3140209253469977,8
2021-22,2021-11-05,0022100128,NYK,MIL,0,1,1519.296048564969,1540.4849652725838,21.188916707614887,1498.1759777757218,0.4800357958482096,15.0,15.0,0.3583573983507859,1.358357398350786,9
2021-22,2021-11-07,0022100140,NYK,CLE,1,0,1540.4849652725838,1517.424549730489,-23.06041554209501,1541.5981290300128,0.5486130246954818,17.0,-17.0,0.4011342849479459,1.401134284947946,10
2021-22,2021-11-08,0022100147,NYK,PHI,0,1,1517.424549730489,1540.865956262606,23.441406532117146,1602.319384007315,0.3339952246407575,7.0,7.0,0.1732351578346601,1.17323515783466,11
2021-22,2021-11-10,0022100161,NYK,MIL,1,0,1540.865956262606,1516.813657253737,-24.052299008869284,1490.1774952585622,0.6208746763291595,12.0,-12.0,0.2913126124515909,1.2913126124515908,12
2021-22,2021-11-12,0022100174,NYK,CHA,0,0,1516.813657253737,1498.597233141576,-18.216424112160706,1476.8651640283156,0.5071209726938165,8.0,-8.0,0.197375320224904,1.197375320224904,13
2021-22,2021-11-15,0022100203,NYK,IND,1,1,1498.597233141576,1515.2170500541351,16.61981691255917,1507.6118185236614,0.5373264441585045,8.0,8.0,0.197375320224904,1.197375320224904,14
2021-22,2021-11-17,0022100218,NYK,ORL,1,0,1515.2170500541351,1490.1998773690352,-25.017172685099982,1381.0830543651214,0.7258391673360506,6.0,-6.0,0.1488850336233179,1.1488850336233178,15
2021-22,2021-11-20,0022100239,NYK,HOU,1,1,1490.1998773690352,1498.223074906037,8.023197537001778,1313.2783558413523,0.7720491786202092,7.0,7.0,0.1732351578346601,1.17323515783466,16
2021-22,2021-11-21,0022100250,NYK,CHI,0,0,1498.223074906037,1487.39545873038,-10.827616175656958,1598.8610953798304,0.3141485254188623,6.0,-6.0,0.1488850336233179,1.1488850336233178,17
2021-22,2021-11-23,0022100264,NYK,LAL,1,1,1487.39545873038,1501.6356606236986,14.240201893318394,1461.434917756373,0.5868399512987507,6.0,6.0,0.1488850336233179,1.1488850336233178,18
2021-22,2021-11-26,0022100282,NYK,PHX,1,0,1501.6356606236986,1486.8900854434446,-14.74557518025402,1658.2789271417018,0.3317601428030238,21.0,-21.0,0.4815497983643079,1.481549798364308,19
2021-22,2021-11-27,0022100293,NYK,ATL,0,1,1486.8900854434446,1510.8689376625669,23.97885221912215,1562.854795715885,0.3455259427064555,9.0,9.0,0.2212784678984439,1.221278467898444,20
2021-22,2021-11-30,0022100314,NYK,BKN,0,0,1510.8689376625669,1500.9103448711896,-9.958592791377132,1609.8893054419837,0.3161583363333056,2.0,-2.0,0.0499583749578799,1.04995837495788,21
2021-22,2021-12-02,0022100328,NYK,CHI,1,0,1500.9103448711896,1485.6837886537764,-15.22655621741318,1562.6809247150686,0.4615501009346683,4.0,-4.0,0.0996679946249558,1.099667994624956,22
2021-22,2021-12-04,0022100342,NYK,DEN,1,0,1485.6837886537764,1462.752202941825,-22.93158571195128,1470.3138339556508,0.5719845694856558,14.0,-14.0,0.3363755443363322,1.3363755443363323,23
2021-22,2021-12-07,0022100364,NYK,SAS,0,1,1462.752202941825,1485.263787359382,22.51158441755689,1484.6108340985325,0.4188966017862487,12.0,12.0,0.2913126124515909,1.2913126124515908,24
2021-22,2021-12-08,0022100369,NYK,IND,0,0,1485.263787359382,1463.9934782443895,-21.27030911499209,1460.745408594782,0.4849203090959869,20.0,-20.0,0.4621171572600097,1.4621171572600098,25
2021-22,2021-12-10,0022100385,NYK,TOR,0,0,1463.9934782443895,1449.3740793574857,-14.619398886904376,1461.4870399840388,0.4533738686567097,3.0,-3.0,0.074859690687499,1.0748596906874992,26
2021-22,2021-12-12,0022100398,NYK,MIL,1,0,1449.3740793574857,1435.254622181755,-14.119457175730597,1594.603596139676,0.3464836081400806,15.0,-15.0,0.3583573983507859,1.358357398350786,27
2021-22,2021-12-14,0022100414,NYK,GSW,1,0,1435.254622181755,1426.4119791883795,-8.842642993375486,1669.2129008844936,0.241349351678212,9.0,-9.0,0.2212784678984439,1.221278467898444,28
2021-22,2021-12-16,0022100431,NYK,HOU,0,1,1426.4119791883795,1448.5108575027336,22.09887831435402,1433.7233704431303,0.4394082598413643,13.0,13.0,0.3140209253469976,1.3140209253469977,29
2021-22,2021-12-18,0022100445,NYK,BOS,0,0,1448.5108575027336,1435.8493741643738,-12.661483338359862,1513.6644520623856,0.3597313307512332,7.0,-7.0,0.1732351578346601,1.17323515783466,30
2021-22,2021-12-21,0022100466,NYK,DET,1,1,1435.8493741643738,1446.4665100824934,10.617135918119711,1293.4759247052966,0.7351758402764355,14.0,14.0,0.3363755443363322,1.3363755443363323,31
2021-22,2021-12-23,0022100480,NYK,WAS,1,0,1446.4665100824934,1427.7242915363709,-18.74221854612245,1458.8555362605846,0.5324939455080021,7.0,-7.0,0.1732351578346601,1.17323515783466,32
2021-22,2021-12-25,0022100488,NYK,ATL,1,1,1427.7242915363709,1448.5380510066552,20.81375947028435,1476.044157570704,0.4808405576687195,14.0,14.0,0.3363755443363322,1.3363755443363323,33
2021-22,2021-12-28,0022100512,NYK,MIN,0,1,1448.5380510066552,1471.6223946074658,23.08434360081056,1515.480783176398,0.3573626355665266,8.0,8.0,0.197375320224904,1.197375320224904,34
2021-22,2021-12-29,0022100516,NYK,DET,0,1,1471.6223946074658,1481.737724881206,10.115330273740254,1269.1652078120344,0.7239141730128497,9.0,9.0,0.2212784678984439,1.221278467898444,35
2021-22,2021-12-31,0022100536,NYK,OKC,0,0,1481.737724881206,1458.340496390508,-23.397228490698083,1394.826724950875,0.5741549442757166,15.0,-15.0,0.3583573983507859,1.358357398350786,36
2021-22,2022-01-02,0022100545,NYK,TOR,0,0,1458.340496390508,1442.273608013853,-16.066888376655076,1497.9328296432402,0.3942724842068386,15.0,-15.0,0.3583573983507859,1.358357398350786,37
2021-22,2022-01-04,0022100564,NYK,IND,1,1,1442.273608013853,1458.4799307124213,16.206322698568435,1431.0952415714085,0.5660674283925504,10.0,10.0,0.2449186624037091,1.2449186624037092,38
2021-22,2022-01-06,0022100578,NYK,BOS,1,1,1458.4799307124213,1474.7027627624295,16.222832050008233,1495.6335145575083,0.4969007834057601,3.0,3.0,0.074859690687499,1.0748596906874992,39
2021-22,2022-01-08,0022100595,NYK,BOS,0,0,1474.7027627624295,1454.2706143527805,-20.43214840964901,1479.4106825075005,0.4431032207927732,24.0,-24.0,0.5370495669980352,1.5370495669980353,40
2021-22,2022-01-10,0022100610,NYK,SAS,1,1,1454.2706143527805,1472.3631739741616,18.09255962138102,1450.180745785099,0.5560186726667657,15.0,15.0,0.3583573983507859,1.358357398350786,41
2021-22,2022-01-12,0022100622,NYK,DAL,1,1,1472.3631739741616,1500.5852588345394,28.222084860377887,1591.8933366556366,0.3806960894048428,23.0,23.0,0.5190218338982221,1.519021833898222,42
2021-22,2022-01-15,0022100643,NYK,ATL,0,1,1500.5852588345394,1515.4725213739837,14.887262539444272,1399.7187756370793,0.5936699960803635,9.0,9.0,0.2212784678984439,1.221278467898444,43
2021-22,2022-01-17,0022100655,NYK,CHA,1,0,1515.4725213739837,1495.7136319565604,-19.758889417423237,1530.260713884522,0.5290543608493654,10.0,-10.0,0.2449186624037091,1.2449186624037092,44
2021-22,2022-01-18,0022100666,NYK,MIN,1,0,1495.7136319565604,1480.2545777689909,-15.459054187569487,1537.1189287960258,0.4907830810654641,2.0,-2.0,0.0499583749578799,1.04995837495788,45
2021-22,2022-01-20,0022100681,NYK,NOP,1,0,1480.2545777689909,1458.500903306122,-21.75367446286888,1465.0575273335348,0.5717408803216653,11.0,-11.0,0.2682711820216014,1.2682711820216013,46
2021-22,2022-01-23,0022100698,NYK,LAC,1,1,1458.500903306122,1474.9461471248785,16.445243818756325,1464.1169828375046,0.5421863264597937,8.0,8.0,0.197375320224904,1.197375320224904,47
2021-22,2022-01-24,0022100709,NYK,CLE,0,0,1474.9461471248785,1466.1727804988789,-8.773366625999373,1605.2841327429655,0.2785306171891917,2.0,-2.0,0.0499583749578799,1.04995837495788,48
2021-22,2022-01-26,0022100727,NYK,MIA,0,0,1466.1727804988789,1455.371113508408,-10.801666990470745,1604.4618392195423,0.2694269345731216,14.0,-14.0,0.3363755443363322,1.3363755443363323,49
2021-22,2022-01-28,0022100744,NYK,MIL,0,0,1455.371113508408,1442.8105575110042,-12.56055599740397,1560.8066209124745,0.308229042240136,15.0,-15.0,0.3583573983507859,1.358357398350786,50
2021-22,2022-01-31,0022100763,NYK,SAC,1,1,1442.8105575110042,1455.3962936658709,12.585736154866597,1319.6676464648674,0.7130705043624977,20.0,20.0,0.4621171572600097,1.4621171572600098,51
2021-22,2022-02-02,0022100776,NYK,MEM,1,0,1455.3962936658709,1444.0783998331185,-11.317893832752503,1644.1264325217892,0.2921547610707316,12.0,-12.0,0.2913126124515909,1.2913126124515908,52
2021-22,2022-02-05,0022100799,NYK,LAL,0,0,1444.0783998331185,1428.1580231722503,-15.920376660867882,1442.3099422630903,0.4523212746269544,7.0,-7.0,0.1732351578346601,1.17323515783466,53
2021-22,2022-02-07,0022100814,NYK,UTA,0,0,1428.1580231722503,1416.6526951827775,-11.505327989472647,1528.8963341534566,0.3140241501533725,9.0,-9.0,0.2212784678984439,1.221278467898444,54
2021-22,2022-02-08,0022100821,NYK,DEN,0,0,1416.6526951827775,1404.997890597954,-11.654804584823752,1548.0813669795205,0.277270701555365,17.0,-17.0,0.4011342849479459,1.401134284947946,55
2021-22,2022-02-10,0022100837,NYK,GSW,0,1,1404.997890597954,1431.3879246182053,26.390034020251186,1655.2491247087655,0.1621879289163934,2.0,2.0,0.0499583749578799,1.04995837495788,56
2021-22,2022-02-12,0022100845,NYK,POR,0,0,1431.3879246182053,1411.224685179409,-20.163239438795916,1361.295179318868,0.55033147554771,9.0,-9.0,0.2212784678984439,1.221278467898444,57
2021-22,2022-02-14,0022100860,NYK,OKC,1,0,1411.224685179409,1389.831811823739,-21.392873355670385,1339.857793794539,0.6484646111443382,4.0,-4.0,0.0996679946249558,1.099667994624956,58
2021-22,2022-02-16,0022100877,NYK,BKN,1,0,1389.831811823739,1372.484781851964,-17.34702997177496,1414.9050715289727,0.5142818416292738,5.0,-5.0,0.1243530017715962,1.124353001771596,59
2021-22,2022-02-25,0022100900,NYK,MIA,1,0,1372.484781851964,1363.1881071574303,-9.296674694533824,1619.2243419955896,0.2281352145324232,15.0,-15.0,0.3583573983507859,1.358357398350786,60
2021-22,2022-02-27,0022100912,NYK,PHI,1,0,1363.1881071574303,1354.3844631641546,-8.803643993275761,1625.5825791622806,0.2126562704871859,16.0,-16.0,0.3799489622552249,1.379948962255225,61
2021-22,2022-03-02,0022100934,NYK,PHI,0,0,1354.3844631641546,1348.6695713644424,-5.714891799712176,1634.3862231555563,0.1402402589738351,15.0,-15.0,0.3583573983507859,1.358357398350786,62
2021-22,2022-03-04,0022100953,NYK,PHX,0,0,1348.6695713644424,1346.0054881804804,-2.6640831839620267,1722.844934765562,0.0866372916310709,1.0,-1.0,0.0249947929684206,1.0249947929684209,63
2021-22,2022-03-06,0022100966,NYK,LAC,0,1,1346.0054881804804,1382.332342631997,36.32685445151668,1548.7563789137607,0.2028454618875331,23.0,23.0,0.5190218338982221,1.519021833898222,64
2021-22,2022-03-07,0022100974,NYK,SAC,0,1,1382.332342631997,1405.031601564878,22.69925893288089,1381.0077112296494,0.4516884427429859,16.0,16.0,0.3799489622552249,1.379948962255225,65
2021-22,2022-03-09,0022100988,NYK,DAL,0,1,1405.031601564878,1446.596773487456,41.565171922577875,1667.7470207497754,0.1526730768290051,30.0,30.0,0.6351489523872873,1.6351489523872873,66
2021-22,2022-03-11,0022101000,NYK,MEM,0,0,1446.596773487456,1439.678635432926,-6.918138054529789,1642.0701683351506,0.20970384056354,4.0,-4.0,0.0996679946249558,1.099667994624956,67
2021-22,2022-03-13,0022101012,NYK,BKN,0,0,1439.678635432926,1425.494145169722,-14.184490263203903,1446.6527489703549,0.4398865695711178,3.0,-3.0,0.074859690687499,1.0748596906874992,68
2021-22,2022-03-16,0022101037,NYK,POR,1,1,1425.494145169722,1444.5211290378893,19.02698386816716,1381.2345433947046,0.6121253695697851,30.0,30.0,0.6351489523872873,1.6351489523872873,69
2021-22,2022-03-18,0022101050,NYK,WAS,1,1,1444.5211290378893,1454.4442399203765,9.92311088248722,1338.6817345599177,0.692266473833429,3.0,3.0,0.074859690687499,1.0748596906874992,70
2021-22,2022-03-20,0022101067,NYK,UTA,1,0,1454.4442399203765,1439.811297746814,-14.63294217356253,1590.0860796259217,0.3590842437424479,15.0,-15.0,0.3583573983507859,1.358357398350786,71
2021-22,2022-03-22,0022101081,NYK,ATL,1,0,1439.811297746814,1425.5186308117495,-14.292666935064274,1534.681796751646,0.4146822503782502,6.0,-6.0,0.1488850336233179,1.1488850336233178,72
2021-22,2022-03-23,0022101084,NYK,CHA,0,1,1425.5186308117495,1454.428885105808,28.910254294058124,1545.591853178433,0.2905584757698587,15.0,15.0,0.3583573983507859,1.358357398350786,73
2021-22,2022-03-25,0022101103,NYK,MIA,0,1,1454.428885105808,1480.76838823804,26.33950313223197,1595.093864844671,0.2667433319269071,8.0,8.0,0.197375320224904,1.197375320224904,74
2021-22,2022-03-27,0022101115,NYK,DET,0,1,1480.76838823804,1492.9071745078702,12.13878626983033,1364.6766672038837,0.6146264283947673,2.0,2.0,0.0499583749578799,1.04995837495788,75
2021-22,2022-03-28,0022101126,NYK,CHI,1,1,1492.9071745078702,1508.3963670899388,15.489192582068558,1499.4954437125464,0.5407968684312109,5.0,5.0,0.1243530017715962,1.124353001771596,76
2021-22,2022-03-30,0022101140,NYK,CHA,1,0,1508.3963670899388,1489.0307483390443,-19.36561875089452,1537.1579677607149,0.5089768136187318,11.0,-11.0,0.2682711820216014,1.2682711820216013,77
2021-22,2022-04-02,0022101162,NYK,CLE,1,0,1489.0307483390443,1463.3137874752822,-25.716960863762004,1451.5083484617633,0.6028782815284005,18.0,-18.0,0.4218990052500079,1.4218990052500078,78
2021-22,2022-04-03,0022101171,NYK,ORL,0,1,1463.3137874752822,1479.694376953253,16.380589477970815,1308.365318969914,0.6660734494747312,30.0,30.0,0.6351489523872873,1.6351489523872873,79
2021-22,2022-04-06,0022101191,NYK,BKN,1,0,1479.694376953253,1459.318003609482,-20.3763733437708,1496.6211224877418,0.5259860689371394,12.0,-12.0,0.2913126124515909,1.2913126124515908,80
2021-22,2022-04-08,0022101204,NYK,WAS,0,1,1459.318003609482,1481.8379900210873,22.519986411605363,1424.506066958371,0.4997293551116256,22.0,22.0,0.5005202111902353,1.5005202111902354,81
2021-22,2022-04-10,0022101226,NYK,TOR,1,1,1481.8379900210873,1507.9497208339003,26.11173081281324,1652.8228407555584,0.3137185174337974,11.0,11.0,0.2682711820216014,1.2682711820216013,82
2021-22,2021-10-20,0022100011,OKC,UTA,0,0,1500.0,1480.0079382752592,-19.99206172474073,1500.0,0.449800646746463,21.0,-21.0,0.4815497983643079,1.481549798364308,1
2021-22,2021-10-22,0022100023,OKC,HOU,0,0,1480.0079382752592,1457.425618387103,-22.582319888156302,1480.812867234912,0.448654205985356,33.0,-33.0,0.6777821008468294,1.6777821008468294,2
2021-22,2021-10-24,0022100038,OKC,PHI,1,0,1457.425618387103,1438.6714060925303,-18.754212294572746,1503.4691919093875,0.4841123704601986,12.0,-12.0,0.2913126124515909,1.2913126124515908,3
2021-22,2021-10-26,0022100051,OKC,GSW,1,0,1438.6714060925303,1423.3588424272805,-15.312563665249812,1525.2724478402097,0.4262813674377287,8.0,-8.0,0.197375320224904,1.197375320224904,4
2021-22,2021-10-27,0022100061,OKC,LAL,1,1,1423.3588424272805,1443.2811932987695,19.922350871489,1496.4589318667647,0.4453882995866056,8.0,8.0,0.197375320224904,1.197375320224904,5
2021-22,2021-10-30,0022100086,OKC,GSW,0,0,1443.2811932987695,1428.015440208619,-15.265753090150245,1520.832425333262,0.3434636060834014,21.0,-21.0,0.4815497983643079,1.481549798364308,6
2021-22,2021-11-01,0022100102,OKC,LAC,0,0,1428.015440208619,1415.1732958209911,-12.842144387628268,1477.5228707325136,0.3807269415504868,5.0,-5.0,0.1243530017715962,1.124353001771596,7
2021-22,2021-11-04,0022100123,OKC,LAL,0,1,1415.1732958209911,1437.5183880852687,22.34509226427764,1521.5798233165117,0.3070384764984124,3.0,3.0,0.074859690687499,1.0748596906874992,8
2021-22,2021-11-07,0022100144,OKC,SAS,1,1,1437.5183880852687,1453.8646880665117,16.34629998124287,1461.8233899715383,0.5153864798840849,5.0,5.0,0.1243530017715962,1.124353001771596,9
2021-22,2021-11-10,0022100165,OKC,NOP,0,1,1453.8646880665117,1469.4953886724034,15.630700605891644,1373.5384611314537,0.5648621240732963,8.0,8.0,0.197375320224904,1.197375320224904,10
2021-22,2021-11-12,0022100180,OKC,SAC,1,1,1469.4953886724034,1483.2305907033835,13.735202030980204,1459.817511954623,0.56394455378509,2.0,2.0,0.0499583749578799,1.04995837495788,11
2021-22,2021-11-14,0022100196,OKC,BKN,1,0,1483.2305907033835,1463.684677809728,-19.545912893655625,1571.5358895053464,0.4238838120627463,24.0,-24.0,0.5370495669980352,1.5370495669980353,12
2021-22,2021-11-15,0022100207,OKC,MIA,1,0,1463.684677809728,1447.0819813653425,-16.602696444385316,1553.9237342039664,0.4211677334336968,13.0,-13.0,0.3140209253469976,1.3140209253469977,13
2021-22,2021-11-17,0022100221,OKC,HOU,1,1,1447.0819813653425,1458.2192057878085,11.137224422466128,1324.4155802638186,0.7125089536782314,12.0,12.0,0.2913126124515909,1.2913126124515908,14
2021-22,2021-11-19,0022100234,OKC,MIL,0,0,1458.2192057878085,1443.9566458434674,-14.262559944341104,1489.885206528216,0.4052202677669579,7.0,-7.0,0.1732351578346601,1.17323515783466,15
2021-22,2021-11-20,0022100243,OKC,BOS,0,0,1443.9566458434674,1432.7107889826716,-11.245856860795772,1534.9097045421502,0.3262832088408631,6.0,-6.0,0.1488850336233179,1.1488850336233178,16
2021-22,2021-11-22,0022100255,OKC,ATL,0,0,1432.7107889826716,1419.5071965789557,-13.20359240371586,1512.2936371683163,0.3408312925519637,12.0,-12.0,0.2913126124515909,1.2913126124515908,17
2021-22,2021-11-24,0022100276,OKC,UTA,1,0,1419.5071965789557,1407.3612646895092,-12.145931889446446,1560.2173546949027,0.352397659005125,6.0,-6.0,0.1488850336233179,1.1488850336233178,18
2021-22,2021-11-26,0022100286,OKC,WAS,1,0,1407.3612646895092,1394.94311467208,-12.418150017429216,1516.9753259708482,0.3942426135997179,2.0,-2.0,0.0499583749578799,1.04995837495788,19
2021-22,2021-11-29,0022100308,OKC,HOU,0,0,1394.94311467208,1374.6724525736893,-20.270662098390524,1350.063140804342,0.5142145939834148,13.0,-13.0,0.3140209253469976,1.3140209253469977,20
2021-22,2021-12-01,0022100326,OKC,HOU,1,0,1374.6724525736893,1356.3177123560654,-18.35474021762378,1370.3338029027325,0.5563721749758269,4.0,-4.0,0.0996679946249558,1.099667994624956,21
2021-22,2021-12-02,0022100330,OKC,MEM,0,0,1356.3177123560654,1339.5705721096474,-16.74714024641803,1479.9328651649816,0.2863736220873093,73.0,-73.0,0.9493345935462566,1.9493345935462565,22
2021-22,2021-12-06,0022100354,OKC,DET,0,1,1339.5705721096474,1360.2028511554709,20.632279045823555,1334.01151906091,0.4577321911828542,11.0,11.0,0.2682711820216014,1.2682711820216013,23
2021-22,2021-12-08,0022100371,OKC,TOR,0,1,1360.2028511554709,1382.1322159803233,21.92936482485236,1483.4164048088912,0.2868463015522854,1.0,1.0,0.0249947929684206,1.0249947929684209,24
2021-22,2021-12-10,0022100389,OKC,LAL,1,0,1382.1322159803233,1363.33691037107,-18.795305609253337,1471.1554550919118,0.4228748758001954,21.0,-21.0,0.4815497983643079,1.481549798364308,25
2021-22,2021-12-12,0022100400,OKC,DAL,1,0,1363.33691037107,1345.840629358259,-17.496281012810577,1465.6086242238955,0.4043801773058749,19.0,-19.0,0.4422303560457261,1.442230356045726,26
2021-22,2021-12-15,0022100422,OKC,NOP,1,0,1345.840629358259,1330.5940584719965,-15.246570886262782,1399.7433545407396,0.472823601019987,3.0,-3.0,0.074859690687499,1.0748596906874992,27
2021-22,2021-12-18,0022100444,OKC,LAC,1,1,1330.5940584719965,1352.5347741252665,21.940715653269713,1524.1212032391622,0.2864771670456121,1.0,1.0,0.0249947929684206,1.0249947929684209,28
2021-22,2021-12-20,0022100460,OKC,MEM,0,1,1352.5347741252665,1378.5807633558222,26.04598923055585,1566.8800031249928,0.1922670014137263,3.0,3.0,0.074859690687499,1.0748596906874992,29
2021-22,2021-12-22,0022100474,OKC,DEN,1,1,1378.5807633558222,1404.2353213201625,25.65455796434001,1513.45930439655,0.3600960929217313,14.0,14.0,0.3363755443363322,1.3363755443363323,30
2021-22,2021-12-23,0022100483,OKC,PHX,0,0,1404.2353213201625,1399.4582954162618,-4.777025903900421,1709.9713887548733,0.1233118884313926,12.0,-12.0,0.2913126124515909,1.2913126124515908,31
2021-22,2021-12-26,0022100497,OKC,NOP,1,1,1399.4582954162618,1418.0290041299677,18.570708713705855,1469.711365841634,0.4494401466311511,5.0,5.0,0.1243530017715962,1.124353001771596,32
2021-22,2021-12-28,0022100515,OKC,SAC,0,0,1418.0290041299677,1401.1499359311872,-16.8790681987805,1390.1710913451925,0.4897231578094407,6.0,-6.0,0.1488850336233179,1.1488850336233178,33
2021-22,2021-12-29,0022100522,OKC,PHX,0,0,1401.1499359311872,1394.826724950875,-6.323210980312478,1669.8990001709792,0.1482339452841024,18.0,-18.0,0.4218990052500079,1.4218990052500078,34
2021-22,2021-12-31,0022100536,OKC,NYK,1,1,1394.826724950875,1418.2239534415728,23.397228490698083,1481.737724881206,0.4258450557242835,15.0,15.0,0.3583573983507859,1.358357398350786,35
2021-22,2022-01-02,0022100550,OKC,DAL,1,0,1418.2239534415728,1401.968184948134,-16.25576849343887,1492.5246606595445,0.4436817351850293,9.0,-9.0,0.2212784678984439,1.221278467898444,36
2021-22,2022-01-05,0022100574,OKC,MIN,0,0,1401.968184948134,1390.22076518982,-11.747419758313905,1492.329446292424,0.3270325118584476,8.0,-8.0,0.197375320224904,1.197375320224904,37
2021-22,2022-01-07,0022100587,OKC,MIN,1,0,1390.22076518982,1371.1667215906116,-19.05404359920841,1504.076866050738,0.3884262566495824,30.0,-30.0,0.6351489523872873,1.6351489523872873,38
2021-22,2022-01-09,0022100601,OKC,DEN,1,0,1371.1667215906116,1359.3090470460766,-11.85767454453503,1506.5461548415706,0.3594319559022634,4.0,-4.0,0.0996679946249558,1.099667994624956,39
2021-22,2022-01-11,0022100612,OKC,WAS,0,0,1359.3090470460766,1348.8102911935143,-10.498755852562276,1456.6596121870707,0.3182401689685409,4.0,-4.0,0.0996679946249558,1.099667994624956,40
2021-22,2022-01-13,0022100630,OKC,BKN,0,1,1348.8102911935143,1385.0078563023424,36.19756510882811,1570.7230114723577,0.1855923405614015,21.0,21.0,0.4815497983643079,1.481549798364308,41
2021-22,2022-01-15,0022100646,OKC,CLE,1,0,1385.0078563023424,1376.1737241815242,-8.834132120818035,1599.9973256658463,0.2619026855711228,5.0,-5.0,0.1243530017715962,1.124353001771596,42
2021-22,2022-01-17,0022100663,OKC,DAL,0,0,1376.1737241815242,1370.452687702462,-5.721036479062153,1602.6816029596453,0.1816274059211048,2.0,-2.0,0.0499583749578799,1.04995837495788,43
2021-22,2022-01-19,0022100676,OKC,SAS,0,0,1370.452687702462,1352.6507842656215,-17.801903436840238,1409.1811669754172,0.3954607054291635,22.0,-22.0,0.5005202111902353,1.5005202111902354,44
2021-22,2022-01-21,0022100684,OKC,CHA,0,0,1352.6507842656215,1344.0097444960722,-8.641039769549526,1569.9742958747213,0.1896185114375934,23.0,-23.0,0.5190218338982221,1.519021833898222,45
2021-22,2022-01-22,0022100695,OKC,CLE,0,0,1344.0097444960722,1338.450029430724,-5.559715065348244,1599.724417677617,0.1579596675688142,7.0,-7.0,0.1732351578346601,1.17323515783466,46
2021-22,2022-01-24,0022100730,OKC,CHI,1,0,1338.450029430724,1329.046393826795,-9.40363560392889,1515.8600090573393,0.3058108414611432,1.0,-1.0,0.0249947929684206,1.0249947929684209,47
2021-22,2022-01-28,0022100741,OKC,IND,1,0,1329.046393826795,1314.3383199304722,-14.708073896322958,1394.6132939082077,0.4561238402789551,3.0,-3.0,0.074859690687499,1.0748596906874992,48
2021-22,2022-01-31,0022100765,OKC,POR,1,1,1314.3383199304722,1340.9423327765758,26.604012846103544,1443.9706322682694,0.3670839135619344,17.0,17.0,0.4011342849479459,1.401134284947946,49
2021-22,2022-02-02,0022100778,OKC,DAL,0,1,1340.9423327765758,1370.0306909758058,29.088358199230026,1599.1754695083428,0.1560409339510654,6.0,6.0,0.1488850336233179,1.1488850336233178,50
2021-22,2022-02-04,0022100795,OKC,POR,0,1,1370.0306909758058,1389.2827624123856,19.25207143657979,1403.328284757108,0.402958618587516,3.0,3.0,0.074859690687499,1.0748596906874992,51
2021-22,2022-02-05,0022100801,OKC,SAC,0,0,1389.2827624123856,1369.292942168604,-19.98982024378175,1329.7564747053952,0.5352376517296609,10.0,-10.0,0.2449186624037091,1.2449186624037092,52
2021-22,2022-02-07,0022100813,OKC,GSW,1,0,1369.292942168604,1362.6994604202284,-6.593481748375519,1679.49723633913,0.1702010209042931,12.0,-12.0,0.2913126124515909,1.2913126124515908,53
2021-22,2022-02-09,0022100827,OKC,TOR,1,0,1362.6994604202284,1353.5871914323052,-9.11226898792328,1627.2287413405102,0.2106059537050906,19.0,-19.0,0.4422303560457261,1.442230356045726,54
2021-22,2022-02-11,0022100840,OKC,PHI,0,0,1353.5871914323052,1346.6427229954052,-6.944468436899921,1586.5574534221932,0.1761633142705616,13.0,-13.0,0.3140209253469976,1.3140209253469977,55
2021-22,2022-02-12,0022100852,OKC,CHI,0,0,1346.6427229954052,1339.857793794539,-6.784929200866177,1551.22013060986,0.2011506229264132,5.0,-5.0,0.1243530017715962,1.124353001771596,56
2021-22,2022-02-14,0022100860,OKC,NYK,0,1,1339.857793794539,1361.2506671502094,21.392873355670385,1411.224685179409,0.3515353888556618,4.0,4.0,0.0996679946249558,1.099667994624956,57
2021-22,2022-02-16,0022100881,OKC,SAS,1,0,1361.2506671502094,1346.416993995627,-14.83367315458229,1457.3619353647755,0.4129496937739919,8.0,-8.0,0.197375320224904,1.197375320224904,58
2021-22,2022-02-24,0022100893,OKC,PHX,1,0,1346.416993995627,1342.254962005913,-4.162031989713922,1773.2175190821224,0.0948859665371257,20.0,-20.0,0.4621171572600097,1.4621171572600098,59
2021-22,2022-02-25,0022100897,OKC,IND,0,1,1342.254962005913,1361.1669597822624,18.911997776349395,1358.5330218788442,0.4267361340335158,4.0,4.0,0.0996679946249558,1.099667994624956,60
2021-22,2022-02-28,0022100925,OKC,SAC,1,0,1361.1669597822624,1336.0374852237849,-25.1294745584775,1350.4696429581031,0.5653871053636194,21.0,-21.0,0.4815497983643079,1.481549798364308,61
2021-22,2022-03-02,0022100938,OKC,DEN,0,1,1336.0374852237849,1369.5492946075317,33.511809383746524,1623.796726838444,0.1349419946648065,12.0,12.0,0.2913126124515909,1.2913126124515908,62
2021-22,2022-03-04,0022100951,OKC,MIN,1,0,1369.5492946075317,1356.1169657634734,-13.432328844057956,1587.090448019937,0.2590731694748406,37.0,-37.0,0.7282542059818115,1.7282542059818111,63
2021-22,2022-03-06,0022100965,OKC,UTA,1,0,1356.1169657634734,1346.317684334971,-9.799281428502344,1583.281191143141,0.2485825818924107,13.0,-13.0,0.3140209253469976,1.3140209253469977,64
2021-22,2022-03-08,0022100979,OKC,MIL,1,0,1346.317684334971,1335.9332556238662,-10.384428711104867,1603.2773941534588,0.2179415119471728,27.0,-27.0,0.5882592563981054,1.5882592563981053,65
2021-22,2022-03-09,0022100986,OKC,MIN,0,0,1335.9332556238662,1329.1668107253988,-6.766444898467384,1619.2759913652264,0.1379373805382989,30.0,-30.0,0.6351489523872873,1.6351489523872873,66
2021-22,2022-03-13,0022101018,OKC,MEM,1,0,1329.1668107253988,1323.4464321545229,-5.7203785708761865,1648.9883063896805,0.1625243536409132,7.0,-7.0,0.1732351578346601,1.17323515783466,67
2021-22,2022-03-14,0022101023,OKC,CHA,1,0,1323.4464321545229,1308.5880820672546,-14.858350087268091,1467.267492613979,0.3483217404425897,18.0,-18.0,0.4218990052500079,1.4218990052500078,68
2021-22,2022-03-16,0022101040,OKC,SAS,0,0,1308.5880820672546,1298.8133109351404,-9.774771132114113,1412.3212016947216,0.3103224967531446,2.0,-2.0,0.0499583749578799,1.04995837495788,69
2021-22,2022-03-18,0022101052,OKC,MIA,0,0,1298.8133109351404,1294.7456879951117,-4.067622940028666,1636.067367987229,0.1049996956793232,12.0,-12.0,0.2913126124515909,1.2913126124515908,70
2021-22,2022-03-20,0022101065,OKC,ORL,0,0,1294.7456879951117,1282.1330813715874,-12.612606623524307,1349.284725636587,0.3739219089749438,5.0,-5.0,0.1243530017715962,1.124353001771596,71
2021-22,2022-03-21,0022101078,OKC,BOS,1,0,1282.1330813715874,1278.46662384312,-3.666457528467457,1698.6919891481507,0.1000715677557316,9.0,-9.0,0.2212784678984439,1.221278467898444,72
2021-22,2022-03-23,0022101091,OKC,ORL,1,1,1278.46662384312,1303.3727384038607,24.906114560740775,1385.0759539114197,0.3983807797249455,16.0,16.0,0.3799489622552249,1.379948962255225,73
2021-22,2022-03-26,0022101113,OKC,DEN,0,0,1303.3727384038607,1298.2148473543698,-5.157891049490845,1570.1822575878257,0.1496491786540802,6.0,-6.0,0.1488850336233179,1.1488850336233178,74
2021-22,2022-03-28,0022101130,OKC,POR,0,1,1298.2148473543698,1315.0191606530157,16.804313298645926,1277.9076150109731,0.4788680034477308,3.0,3.0,0.074859690687499,1.0748596906874992,75
2021-22,2022-03-30,0022101143,OKC,ATL,1,0,1315.0191606530157,1304.6235834932768,-10.39557715973886,1546.7529644041697,0.2437017238063505,18.0,-18.0,0.4218990052500079,1.4218990052500078,76
2021-22,2022-04-01,0022101157,OKC,DET,1,0,1304.6235834932768,1288.016427493579,-16.607155999697838,1372.188247237949,0.4532724363913269,9.0,-9.0,0.2212784678984439,1.221278467898444,77
2021-22,2022-04-03,0022101174,OKC,PHX,1,1,1288.016427493579,1329.113513766389,41.09708627280997,1758.553635705308,0.0753581976975992,21.0,21.0,0.4815497983643079,1.481549798364308,78
2021-22,2022-04-05,0022101185,OKC,POR,1,1,1329.113513766389,1339.8328452602104,10.719331493821638,1237.0869822253856,0.6750737026624875,4.0,4.0,0.0996679946249558,1.099667994624956,79
2021-22,2022-04-06,0022101194,OKC,UTA,0,0,1339.8328452602104,1329.000237399271,-10.83260786093934,1534.590898075464,0.2103870982815505,36.0,-36.0,0.7162978701990245,1.7162978701990244,80
2021-22,2022-04-08,0022101211,OKC,LAL,0,0,1329.000237399271,1309.8608848371086,-19.139352562162532,1334.2346885495606,0.44235542267183,19.0,-19.0,0.4422303560457261,1.442230356045726,81
2021-22,2022-04-10,0022101222,OKC,LAC,0,0,1309.8608848371086,1299.9214862417834,-9.939398595325114,1539.1561811515262,0.1792545685890793,50.0,-50.0,0.8482836399575129,1.8482836399575129,82
2021-22,2021-10-20,0022100010,ORL,SAS,0,0,1500.0,1478.7918549834876,-21.20814501651232,1500.0,0.449800646746463,26.0,-26.0,0.5716699660851172,1.5716699660851172,1
2021-22,2021-10-22,0022100018,ORL,NYK,1,0,1478.7918549834876,1455.5431367119545,-23.248718271533043,1514.8389412556608,0.4984931262863069,25.0,-25.0,0.5545997223493823,1.5545997223493822,2
2021-22,2021-10-24,0022100036,ORL,NYK,0,1,1455.5431367119545,1478.3940642410923,22.850927529137884,1538.087659527194,0.337011483296655,6.0,6.0,0.1488850336233179,1.1488850336233178,3
2021-22,2021-10-25,0022100045,ORL,MIA,0,0,1478.3940642410923,1461.1046289253352,-17.28943531575721,1505.6738681744507,0.4113199689112248,17.0,-17.0,0.4011342849479459,1.401134284947946,4
2021-22,2021-10-27,0022100055,ORL,CHA,1,0,1461.1046289253352,1444.5203930785003,-16.584235846834602,1529.107870868546,0.4526468582651884,9.0,-9.0,0.2212784678984439,1.221278467898444,5
2021-22,2021-10-29,0022100071,ORL,TOR,0,0,1444.5203930785003,1432.612732730595,-11.907660347905258,1489.2423087643272,0.3872429541298858,1.0,-1.0,0.0249947929684206,1.0249947929684209,6
2021-22,2021-10-30,0022100079,ORL,DET,0,0,1432.612732730595,1416.921272128967,-15.691460601628185,1435.4110577644146,0.4458174332981001,7.0,-7.0,0.1732351578346601,1.17323515783466,7
2021-22,2021-11-01,0022100101,ORL,MIN,0,1,1416.921272128967,1445.7719413714576,28.850669242490465,1509.952694939465,0.3236587330050269,18.0,18.0,0.4218990052500079,1.4218990052500078,8
2021-22,2021-11-03,0022100110,ORL,BOS,1,0,1445.7719413714576,1424.7011813003908,-21.070760071066804,1456.7530354701685,0.5345110229885313,13.0,-13.0,0.3140209253469976,1.3140209253469977,9
2021-22,2021-11-05,0022100125,ORL,SAS,1,0,1424.7011813003908,1403.934144810524,-20.767036489866783,1441.0563534816715,0.5268063364207275,13.0,-13.0,0.3140209253469976,1.3140209253469977,10
2021-22,2021-11-07,0022100141,ORL,UTA,1,1,1403.934144810524,1428.747435237422,24.81329042689809,1590.2659595574175,0.2950179890422575,7.0,7.0,0.1732351578346601,1.17323515783466,11
2021-22,2021-11-10,0022100159,ORL,BKN,1,0,1428.747435237422,1409.160964390038,-19.586470847383953,1542.0860139913082,0.3891341797304518,33.0,-33.0,0.6777821008468294,1.6777821008468294,12
2021-22,2021-11-13,0022100187,ORL,WAS,1,0,1409.160964390038,1396.7619057260529,-12.39905866398526,1575.0538952608272,0.3200634389232137,12.0,-12.0,0.2913126124515909,1.2913126124515908,13
2021-22,2021-11-15,0022100202,ORL,ATL,0,0,1396.7619057260529,1381.0830543651214,-15.678851360931594,1456.040873648436,0.3675566103978164,18.0,-18.0,0.4218990052500079,1.4218990052500078,14
2021-22,2021-11-17,0022100218,ORL,NYK,0,1,1381.0830543651214,1406.1002270502213,25.017172685099982,1515.2170500541351,0.2741608326639494,6.0,6.0,0.1488850336233179,1.1488850336233178,15
2021-22,2021-11-19,0022100233,ORL,BKN,0,0,1406.1002270502213,1398.948467558654,-7.151759491567343,1583.913190124606,0.227048984738855,2.0,-2.0,0.0499583749578799,1.04995837495788,16
2021-22,2021-11-20,0022100244,ORL,MIL,0,0,1398.948467558654,1387.644837606189,-11.30362995246483,1504.1477664725571,0.3085190437611915,9.0,-9.0,0.2212784678984439,1.221278467898444,17
2021-22,2021-11-22,0022100258,ORL,MIL,0,0,1387.644837606189,1373.7136126046523,-13.931225001536546,1515.451396425022,0.281468321350619,31.0,-31.0,0.6498274636719203,1.6498274636719203,18
2021-22,2021-11-24,0022100269,ORL,CHA,1,0,1373.7136126046523,1362.8797143377294,-10.833898266922874,1549.4931331107443,0.3078069556807939,7.0,-7.0,0.1732351578346601,1.17323515783466,19
2021-22,2021-11-26,0022100283,ORL,CHI,1,0,1362.8797143377294,1347.6230932692995,-15.256621068429808,1546.343134614262,0.2984637379203333,35.0,-35.0,0.703905603936621,1.703905603936621,20
2021-22,2021-11-27,0022100295,ORL,CLE,0,0,1347.6230932692995,1337.1762645355209,-10.446828733779023,1489.8314806529677,0.2650091925798999,13.0,-13.0,0.3140209253469976,1.3140209253469977,21
2021-22,2021-11-29,0022100305,ORL,PHI,0,0,1337.1762645355209,1328.5976495776158,-8.578614957904867,1489.038232103639,0.2543274500798207,5.0,-5.0,0.1243530017715962,1.124353001771596,22
2021-22,2021-12-01,0022100320,ORL,DEN,1,1,1328.5976495776158,1351.4774336097475,22.879784032131823,1493.1936179877823,0.3216903707856547,5.0,5.0,0.1243530017715962,1.124353001771596,23
2021-22,2021-12-03,0022100337,ORL,HOU,0,0,1351.4774336097475,1338.9550793914927,-12.522354218254852,1388.6885431203564,0.3975508146138713,2.0,-2.0,0.0499583749578799,1.04995837495788,24
2021-22,2021-12-06,0022100361,ORL,GSW,0,0,1338.9550793914927,1333.6427667816165,-5.312312609876358,1671.9417887812806,0.1073306699609478,31.0,-31.0,0.6498274636719203,1.6498274636719203,25
2021-22,2021-12-08,0022100377,ORL,SAC,0,0,1333.6427667816165,1321.6383747976192,-12.004391983997229,1437.7386864514228,0.3098756998174794,12.0,-12.0,0.2913126124515909,1.2913126124515908,26
2021-22,2021-12-11,0022100391,ORL,LAC,0,0,1321.6383747976192,1314.5016210290623,-7.136753768556988,1499.9232471577895,0.2265725936942749,2.0,-2.0,0.0499583749578799,1.04995837495788,27
2021-22,2021-12-12,0022100403,ORL,LAL,0,0,1314.5016210290623,1305.6130297326183,-8.888591296443789,1489.950760701165,0.2294458938069371,12.0,-12.0,0.2913126124515909,1.2913126124515908,28
2021-22,2021-12-15,0022100418,ORL,ATL,1,0,1305.6130297326183,1294.3500286996025,-11.263001033016042,1495.5351689659526,0.2907377842879048,12.0,-12.0,0.2913126124515909,1.2913126124515908,29
2021-22,2021-12-17,0022100433,ORL,MIA,1,0,1294.3500286996025,1286.374136744515,-7.975891955087582,1555.8097675504862,0.2135585827400589,10.0,-10.0,0.2449186624037091,1.2449186624037092,30
2021-22,2021-12-18,0022100442,ORL,BKN,0,1,1286.374136744515,1318.1240964430713,31.749959698556193,1637.090105256733,0.0979370308803683,7.0,7.0,0.1732351578346601,1.17323515783466,31
2021-22,2021-12-22,0022100470,ORL,ATL,0,1,1318.1240964430713,1344.2781739698296,26.15407752675828,1482.247750005154,0.2411750882716157,6.0,6.0,0.1488850336233179,1.1488850336233178,32
2021-22,2021-12-23,0022100477,ORL,NOP,1,0,1344.2781739698296,1330.80078836357,-13.477385606259444,1456.2339802353745,0.3910279738421661,6.0,-6.0,0.1488850336233179,1.1488850336233178,33
2021-22,2021-12-26,0022100493,ORL,MIA,0,0,1330.80078836357,1323.9883865382478,-6.8124018253223415,1556.4007545884476,0.1824055399777108,10.0,-10.0,0.2449186624037091,1.2449186624037092,34
2021-22,2021-12-28,0022100508,ORL,MIL,1,0,1323.9883865382478,1315.257741324791,-8.73064521345701,1591.5651929836615,0.2077042223872535,17.0,-17.0,0.4011342849479459,1.401134284947946,35
2021-22,2021-12-30,0022100526,ORL,MIL,1,0,1315.257741324791,1307.0826033414414,-8.175137983349467,1600.2958381971184,0.1916483508595385,18.0,-18.0,0.4218990052500079,1.4218990052500078,36
2021-22,2022-01-02,0022100546,ORL,BOS,0,0,1307.0826033414414,1300.2075444625991,-6.8750588788420846,1508.7855332685583,0.2038226686224385,5.0,-5.0,0.1243530017715962,1.124353001771596,37
2021-22,2022-01-03,0022100555,ORL,CHI,0,0,1300.2075444625991,1296.752041029525,-3.455503433074385,1637.9350762556796,0.1047438393516487,4.0,-4.0,0.0996679946249558,1.099667994624956,38
2021-22,2022-01-05,0022100568,ORL,PHI,1,0,1296.752041029525,1289.169394708999,-7.582646320525636,1569.3055714276577,0.203029229928027,10.0,-10.0,0.2449186624037091,1.2449186624037092,39
2021-22,2022-01-08,0022100593,ORL,DET,0,0,1289.169394708999,1274.4477078109906,-14.721686898008848,1298.5691871891552,0.4364491363718363,5.0,-5.0,0.1243530017715962,1.124353001771596,40
2021-22,2022-01-09,0022100598,ORL,WAS,1,0,1274.4477078109906,1264.6205330242467,-9.827174786743765,1446.8324374003269,0.3119861707894845,2.0,-2.0,0.0499583749578799,1.04995837495788,41
2021-22,2022-01-12,0022100620,ORL,WAS,0,0,1264.6205330242467,1257.6223118219968,-6.998221202249895,1467.158368039633,0.2030438496872956,6.0,-6.0,0.1488850336233179,1.1488850336233178,42
2021-22,2022-01-14,0022100632,ORL,CHA,0,1,1257.6223118219968,1288.42871491803,30.806403096033083,1561.0671169805553,0.1247448592519783,7.0,7.0,0.1732351578346601,1.17323515783466,43
2021-22,2022-01-15,0022100650,ORL,DAL,0,0,1288.42871491803,1283.4133145768235,-5.015400341206326,1597.666202618439,0.121149416352562,16.0,-16.0,0.3799489622552249,1.379948962255225,44
2021-22,2022-01-17,0022100661,ORL,POR,1,0,1283.4133145768235,1269.973410772087,-13.439903804736884,1418.469650259032,0.3598602920983045,10.0,-10.0,0.2449186624037091,1.2449186624037092,45
2021-22,2022-01-19,0022100668,ORL,PHI,0,0,1269.973410772087,1265.3006575260545,-4.672753246032406,1583.5155694187677,0.1185357390661658,13.0,-13.0,0.3140209253469976,1.3140209253469977,46
2021-22,2022-01-21,0022100685,ORL,LAL,1,0,1265.3006575260545,1254.026324265946,-11.274333260108506,1450.5483305335972,0.296317628278242,11.0,-11.0,0.2682711820216014,1.2682711820216013,47
2021-22,2022-01-23,0022100701,ORL,CHI,1,1,1254.026324265946,1289.462965042167,35.436640776221054,1551.2966498335604,0.1809759417032283,19.0,19.0,0.4422303560457261,1.442230356045726,48
2021-22,2022-01-26,0022100724,ORL,LAC,1,0,1289.462965042167,1278.118618835396,-11.344346206771306,1463.7582357720237,0.3096303451658728,9.0,-9.0,0.2212784678984439,1.221278467898444,49
2021-22,2022-01-28,0022100736,ORL,DET,1,1,1278.118618835396,1300.630941525024,22.51232268962834,1343.6294022307372,0.4562039779394723,16.0,16.0,0.3799489622552249,1.379948962255225,50
2021-22,2022-01-30,0022100755,ORL,DAL,1,1,1300.630941525024,1327.1381514315765,26.50720990655246,1625.6826794148951,0.1584679120377566,2.0,2.0,0.0499583749578799,1.04995837495788,51
2021-22,2022-02-01,0022100769,ORL,CHI,0,0,1327.1381514315765,1319.544630331242,-7.593521100334466,1533.4221116043375,0.1995766943215443,11.0,-11.0,0.2682711820216014,1.2682711820216013,52
2021-22,2022-02-02,0022100773,ORL,IND,0,1,1319.544630331242,1340.632534064643,21.08790373340123,1420.1322589859865,0.3142110289058175,1.0,1.0,0.0249947929684206,1.0249947929684209,53
2021-22,2022-02-05,0022100796,ORL,MEM,1,0,1340.632534064643,1333.329793078258,-7.302740986385041,1655.4443263545418,0.1664878209912693,20.0,-20.0,0.4621171572600097,1.4621171572600098,54
2021-22,2022-02-06,0022100806,ORL,BOS,1,0,1333.329793078258,1322.0894071673076,-11.240385910950511,1584.8572467859374,0.2233183499668428,33.0,-33.0,0.6777821008468294,1.6777821008468294,55
2021-22,2022-02-08,0022100823,ORL,POR,0,1,1322.0894071673076,1348.3466349179885,26.25722775068074,1368.8541450086784,0.3844563349498928,18.0,18.0,0.4218990052500079,1.4218990052500078,56
2021-22,2022-02-11,0022100844,ORL,UTA,0,0,1348.3466349179885,1340.818436371428,-7.528198546560592,1571.2432555216692,0.1847377957058222,15.0,-15.0,0.3583573983507859,1.358357398350786,57
2021-22,2022-02-12,0022100855,ORL,PHX,0,0,1340.818436371428,1337.6210040957938,-3.197432275634177,1763.0479506245338,0.0671055908694527,27.0,-27.0,0.5882592563981054,1.5882592563981053,58
2021-22,2022-02-14,0022100864,ORL,DEN,0,0,1337.6210040957938,1330.9509072886094,-6.670096807184419,1567.695925997859,0.1785952503998852,10.0,-10.0,0.2449186624037091,1.2449186624037092,59
2021-22,2022-02-16,0022100874,ORL,ATL,1,0,1330.9509072886094,1317.446562702888,-13.504344585721258,1509.9816941179834,0.3038337422211662,21.0,-21.0,0.4815497983643079,1.481549798364308,60
2021-22,2022-02-25,0022100898,ORL,HOU,1,1,1317.446562702888,1332.0117963913544,14.565233688466364,1285.9653697816586,0.5945233032493503,8.0,8.0,0.197375320224904,1.197375320224904,61
2021-22,2022-02-28,0022100921,ORL,IND,1,1,1332.0117963913544,1353.283747550548,21.271951159193687,1376.6272713714386,0.4861657510282281,16.0,16.0,0.3799489622552249,1.379948962255225,62
2021-22,2022-03-02,0022100933,ORL,IND,1,0,1353.283747550548,1333.625966168507,-19.657781382041087,1355.355320212245,0.54724643838349,8.0,-8.0,0.197375320224904,1.197375320224904,63
2021-22,2022-03-04,0022100458,ORL,TOR,0,1,1333.625966168507,1361.5126264267928,27.886660258285996,1549.4970953216034,0.1909065618069164,6.0,6.0,0.1488850336233179,1.1488850336233178,64
2021-22,2022-03-05,0022100957,ORL,MEM,0,0,1361.5126264267928,1355.1763160730525,-6.336310353740479,1654.226630379845,0.1316470874927441,28.0,-28.0,0.6043677771171634,1.6043677771171634,65
2021-22,2022-03-08,0022100977,ORL,PHX,1,0,1355.1763160730525,1350.5605146477517,-4.615801425300858,1701.029755965841,0.1431443088275242,3.0,-3.0,0.074859690687499,1.0748596906874992,66
2021-22,2022-03-09,0022100987,ORL,NOP,0,1,1350.5605146477517,1377.610933086488,27.050418438736347,1540.359115816896,0.2151689784130508,6.0,6.0,0.1488850336233179,1.1488850336233178,67
2021-22,2022-03-11,0022100995,ORL,MIN,1,1,1377.610933086488,1405.3987317491867,27.78779866269851,1626.0424362636938,0.2264247143082058,8.0,8.0,0.197375320224904,1.197375320224904,68
2021-22,2022-03-13,0022101015,ORL,PHI,1,0,1405.3987317491867,1396.5119605714967,-8.886771177689916,1602.636570231956,0.2821309044131207,2.0,-2.0,0.0499583749578799,1.04995837495788,69
2021-22,2022-03-15,0022101030,ORL,BKN,1,0,1396.5119605714967,1372.0354220734455,-24.47653849805117,1460.8372392335586,0.4578974663086519,42.0,-42.0,0.7818063576087741,1.781806357608774,70
2021-22,2022-03-17,0022101045,ORL,DET,1,0,1372.0354220734455,1349.284725636587,-22.750696436858565,1359.8628903417834,0.5674726323070352,14.0,-14.0,0.3363755443363322,1.3363755443363323,71
2021-22,2022-03-20,0022101065,ORL,OKC,1,1,1349.284725636587,1361.8973322601112,12.612606623524307,1294.7456879951117,0.6260780910250562,5.0,5.0,0.1243530017715962,1.124353001771596,72
2021-22,2022-03-22,0022101080,ORL,GSW,1,1,1361.8973322601112,1385.0759539114197,23.17862165130847,1546.239660115832,0.2974054664801023,4.0,4.0,0.0996679946249558,1.099667994624956,73
2021-22,2022-03-23,0022101091,ORL,OKC,0,0,1385.0759539114197,1360.169839350679,-24.906114560740775,1278.46662384312,0.6016192202750545,16.0,-16.0,0.3799489622552249,1.379948962255225,74
2021-22,2022-03-26,0022101108,ORL,SAC,1,0,1360.169839350679,1342.3985912568855,-17.77124809379339,1368.234737077688,0.5386852571460082,4.0,-4.0,0.0996679946249558,1.099667994624956,75
2021-22,2022-03-28,0022101123,ORL,CLE,0,0,1342.3985912568855,1332.6381113972895,-9.760479859595902,1468.7315985118291,0.2831870197030247,6.0,-6.0,0.1488850336233179,1.1488850336233178,76
2021-22,2022-03-30,0022101138,ORL,WAS,0,0,1332.6381113972895,1314.7727084116414,-17.86540298564826,1350.1337659736232,0.4250223831165948,17.0,-17.0,0.4011342849479459,1.401134284947946,77
2021-22,2022-04-01,0022101151,ORL,TOR,1,0,1314.7727084116414,1308.365318969914,-6.407389441727401,1634.5755107204157,0.1625390006640719,13.0,-13.0,0.3140209253469976,1.3140209253469977,78
2021-22,2022-04-03,0022101171,ORL,NYK,1,0,1308.365318969914,1291.9847294919432,-16.380589477970815,1463.3137874752822,0.3339265505252687,30.0,-30.0,0.6351489523872873,1.6351489523872873,79
2021-22,2022-04-05,0022101179,ORL,CLE,1,1,1291.9847294919432,1315.223560062938,23.23883057099483,1465.131106910654,0.3110458330441782,5.0,5.0,0.1243530017715962,1.124353001771596,80
2021-22,2022-04-07,0022101196,ORL,CHA,0,0,1315.223560062938,1305.6606397336525,-9.56292032928548,1520.2882783824214,0.200700238133089,27.0,-27.0,0.5882592563981054,1.5882592563981053,81
2021-22,2022-04-10,0022101227,ORL,MIA,1,1,1305.6606397336525,1339.942503000665,34.281863267012675,1649.0338033454634,0.1449044541333712,14.0,14.0,0.3363755443363322,1.3363755443363323,82
2021-22,2021-10-20,0022100009,PHI,NOP,0,1,1500.0,1524.1336774291608,24.13367742916072,1500.0,0.449800646746463,20.0,20.0,0.4621171572600097,1.4621171572600098,1
2021-22,2021-10-22,0022100021,PHI,BKN,1,0,1524.1336774291608,1503.4691919093875,-20.664485519772963,1479.5022899007174,0.6126333837389976,5.0,-5.0,0.1243530017715962,1.124353001771596,2
2021-22,2021-10-24,0022100038,PHI,OKC,0,1,1503.4691919093875,1522.2234042039604,18.754212294572746,1457.425618387103,0.5158876295398014,12.0,12.0,0.2913126124515909,1.2913126124515908,3
2021-22,2021-10-26,0022100050,PHI,NYK,0,0,1522.2234042039604,1504.0988751305638,-18.124529073396708,1515.236731998056,0.4597727155324285,13.0,-13.0,0.3140209253469976,1.3140209253469977,4
2021-22,2021-10-28,0022100065,PHI,DET,1,1,1504.0988751305638,1517.4941662510157,13.395291120451608,1448.8063488848663,0.627092945317108,8.0,8.0,0.197375320224904,1.197375320224904,5
2021-22,2021-10-30,0022100082,PHI,ATL,1,1,1517.4941662510157,1539.18408665044,21.689920399424608,1518.0854572135693,0.5493568513657028,28.0,28.0,0.6043677771171634,1.6043677771171634,6
2021-22,2021-11-01,0022100096,PHI,POR,1,1,1539.18408665044,1554.2550571455554,15.070970495115242,1506.3010946527727,0.596467063799548,10.0,10.0,0.2449186624037091,1.2449186624037092,7
2021-22,2021-11-03,0022100111,PHI,CHI,1,1,1554.2550571455554,1570.7345454832796,16.479488337724305,1581.305812167503,0.511437887337332,5.0,5.0,0.1243530017715962,1.124353001771596,8
2021-22,2021-11-04,0022100119,PHI,DET,0,1,1570.7345454832796,1583.1200145289915,12.385469045712034,1409.1788173170778,0.6744789489481837,11.0,11.0,0.2682711820216014,1.2682711820216013,9
2021-22,2021-11-06,0022100135,PHI,CHI,0,1,1583.1200145289915,1602.319384007315,19.199369478323444,1564.8263238297789,0.4759762008151614,9.0,9.0,0.2212784678984439,1.221278467898444,10
2021-22,2021-11-08,0022100147,PHI,NYK,1,0,1602.319384007315,1578.877977475198,-23.441406532117146,1517.424549730489,0.6660047753592425,7.0,-7.0,0.1732351578346601,1.17323515783466,11
2021-22,2021-11-09,0022100155,PHI,MIL,1,0,1578.877977475198,1553.131457763914,-25.74651971128384,1464.4309755472784,0.7027204247580552,9.0,-9.0,0.2212784678984439,1.221278467898444,12
2021-22,2021-11-11,0022100171,PHI,TOR,1,0,1553.131457763914,1531.5680669283122,-21.563390835601915,1498.9230713133015,0.6256323944382832,6.0,-6.0,0.1488850336233179,1.1488850336233178,13
2021-22,2021-11-13,0022100186,PHI,IND,0,0,1531.5680669283122,1514.4057960871758,-17.162270841136344,1490.449547682525,0.5088043468582811,5.0,-5.0,0.1243530017715962,1.124353001771596,14
2021-22,2021-11-16,0022100211,PHI,UTA,0,0,1514.4057960871758,1492.594349741947,-21.811446345228436,1530.712978870728,0.426695123149943,35.0,-35.0,0.703905603936621,1.703905603936621,15
2021-22,2021-11-18,0022100228,PHI,DEN,0,1,1492.594349741947,1518.3946745565486,25.80032481460128,1560.2200824055258,0.3564602174903817,14.0,14.0,0.3363755443363322,1.3363755443363323,16
2021-22,2021-11-20,0022100246,PHI,POR,0,0,1518.3946745565486,1502.4193782736827,-15.975296282865871,1515.5323521464873,0.4538816217188182,7.0,-7.0,0.1732351578346601,1.17323515783466,17
2021-22,2021-11-22,0022100262,PHI,SAC,0,1,1502.4193782736827,1517.533265109295,15.113886835612233,1411.8829456193737,0.579249530749379,8.0,8.0,0.197375320224904,1.197375320224904,18
2021-22,2021-11-24,0022100278,PHI,GSW,0,0,1517.533265109295,1505.7947926478969,-11.738472461398295,1657.4261139752637,0.2676135858450644,20.0,-20.0,0.4621171572600097,1.4621171572600098,19
2021-22,2021-11-27,0022100292,PHI,MIN,1,0,1505.7947926478969,1489.038232103639,-16.75656054425762,1509.4886906222462,0.5449315664563862,1.0,-1.0,0.0249947929684206,1.0249947929684209,20
2021-22,2021-11-29,0022100305,PHI,ORL,1,1,1489.038232103639,1497.616847061544,8.578614957904867,1337.1762645355209,0.7456725499201793,5.0,5.0,0.1243530017715962,1.124353001771596,21
2021-22,2021-12-01,0022100322,PHI,BOS,0,0,1497.616847061544,1485.1329954368905,-12.48385162465352,1528.7347145589852,0.4059809770187499,1.0,-1.0,0.0249947929684206,1.0249947929684209,22
2021-22,2021-12-03,0022100335,PHI,ATL,0,1,1485.1329954368905,1505.438612779878,20.30561734298743,1553.5987947771582,0.3553516714792938,2.0,2.0,0.0499583749578799,1.04995837495788,23
2021-22,2021-12-06,0022100353,PHI,CHA,0,1,1505.438612779878,1524.7471046979183,19.308491918040236,1540.0005111347689,0.4012089179227295,3.0,3.0,0.074859690687499,1.0748596906874992,24
2021-22,2021-12-08,0022100366,PHI,CHA,0,1,1524.7471046979183,1542.707407764834,17.960303066915717,1520.6920192167283,0.4555840746266599,4.0,4.0,0.0996679946249558,1.099667994624956,25
2021-22,2021-12-09,0022100379,PHI,UTA,1,0,1542.707407764834,1523.3977556640018,-19.309652100832253,1627.4111200799848,0.4289546153578196,22.0,-22.0,0.5005202111902353,1.5005202111902354,26
2021-22,2021-12-11,0022100396,PHI,GSW,1,1,1523.3977556640018,1548.0423015721792,24.64454590817751,1683.5032450577137,0.3273566306138887,9.0,9.0,0.2212784678984439,1.221278467898444,27
2021-22,2021-12-13,0022100409,PHI,MEM,0,0,1548.0423015721792,1524.6547634907229,-23.38753808145636,1542.626128644978,0.4575280466911415,35.0,-35.0,0.703905603936621,1.703905603936621,28
2021-22,2021-12-15,0022100419,PHI,MIA,1,0,1524.6547634907229,1506.7343049355327,-17.920458555190145,1537.889308995296,0.5312820951828481,5.0,-5.0,0.1243530017715962,1.124353001771596,29
2021-22,2021-12-16,0022100429,PHI,BKN,0,0,1506.7343049355327,1496.0722136597349,-10.662091275797748,1626.4280139809352,0.2910090138067883,9.0,-9.0,0.2212784678984439,1.221278467898444,30
2021-22,2021-12-20,0022100457,PHI,BOS,0,1,1496.0722136597349,1516.0683425976424,19.996128937907624,1526.3259354007455,0.4071811697808856,5.0,5.0,0.1243530017715962,1.124353001771596,31
2021-22,2021-12-23,0022100478,PHI,ATL,1,0,1516.0683425976424,1496.1178575053343,-19.950485092308124,1456.0936724783958,0.6333738418632852,2.0,-2.0,0.0499583749578799,1.04995837495788,32
2021-22,2021-12-26,0022100495,PHI,WAS,0,1,1496.1178575053343,1519.3944289715312,23.27657146619695,1477.5977548067071,0.4763012917982857,21.0,21.0,0.4815497983643079,1.481549798364308,33
2021-22,2021-12-28,0022100510,PHI,TOR,0,1,1519.3944289715312,1536.983078600599,17.58864962906746,1499.3051320188067,0.4785549377774371,5.0,5.0,0.1243530017715962,1.124353001771596,34
2021-22,2021-12-30,0022100525,PHI,BKN,0,1,1536.983078600599,1561.345066683249,24.361988082650175,1631.495983041141,0.321794715737801,8.0,8.0,0.197375320224904,1.197375320224904,35
2021-22,2022-01-03,0022100552,PHI,HOU,1,1,1561.345066683249,1569.3055714276577,7.960504744408757,1334.668965003409,0.8185164869795922,20.0,20.0,0.4621171572600097,1.4621171572600098,36
2021-22,2022-01-05,0022100568,PHI,ORL,0,1,1569.3055714276577,1576.8882177481833,7.582646320525636,1296.752041029525,0.796970770071973,10.0,10.0,0.2449186624037091,1.2449186624037092,37
2021-22,2022-01-07,0022100582,PHI,SAS,1,1,1576.8882177481833,1590.3541912480964,13.465973499913211,1473.8913511341193,0.6887697021153193,19.0,19.0,0.4422303560457261,1.442230356045726,38
2021-22,2022-01-10,0022100711,PHI,HOU,0,1,1590.3541912480964,1599.5808287701989,9.226637522102486,1325.556083013839,0.7896512037062499,20.0,20.0,0.4621171572600097,1.4621171572600098,39
2021-22,2022-01-12,0022100619,PHI,CHA,1,0,1599.5808287701989,1575.3411124824686,-24.239716287730385,1536.827400692825,0.6370802667268871,11.0,-11.0,0.2682711820216014,1.2682711820216013,40
2021-22,2022-01-14,0022100635,PHI,BOS,1,1,1575.3411124824686,1590.2880225462234,14.946910063754686,1529.5858812146078,0.6141675294934306,12.0,12.0,0.2913126124515909,1.2913126124515908,41
2021-22,2022-01-15,0022100645,PHI,MIA,0,1,1590.2880225462234,1612.6486308464891,22.36060830026569,1616.8596718385934,0.4123073830150614,11.0,11.0,0.2682711820216014,1.2682711820216013,42
2021-22,2022-01-17,0022100656,PHI,WAS,0,0,1612.6486308464891,1583.5155694187677,-29.1330614277215,1451.9983630137929,0.6733335236773561,19.0,-19.0,0.4422303560457261,1.442230356045726,43
2021-22,2022-01-19,0022100668,PHI,ORL,1,1,1583.5155694187677,1588.1883226648,4.672753246032406,1269.973410772087,0.8814642609338341,13.0,13.0,0.3140209253469976,1.3140209253469977,44
2021-22,2022-01-21,0022100686,PHI,LAC,1,0,1588.1883226648,1565.4291067595957,-22.759215905204435,1441.3577669323,0.7401408625466591,1.0,-1.0,0.0249947929684206,1.0249947929684209,45
2021-22,2022-01-23,0022100704,PHI,SAS,0,1,1565.4291067595957,1576.9956335958227,11.5665268362269,1411.7759183793346,0.6644129888915358,6.0,6.0,0.1488850336233179,1.1488850336233178,46
2021-22,2022-01-25,0022100454,PHI,NOP,1,1,1576.9956335958227,1589.7954057696595,12.79977217383677,1498.8715859869055,0.6572795594232435,10.0,10.0,0.2449186624037091,1.2449186624037092,47
2021-22,2022-01-27,0022100733,PHI,LAL,1,1,1589.7954057696595,1602.5983013291082,12.802895559448672,1477.7172413844678,0.6998639258208642,18.0,18.0,0.4218990052500079,1.4218990052500078,48
2021-22,2022-01-29,0022100747,PHI,SAC,1,1,1602.5983013291082,1607.049071261207,4.4507699320988365,1324.1184163969665,0.8587001149044795,2.0,2.0,0.0499583749578799,1.04995837495788,49
2021-22,2022-01-31,0022100761,PHI,MEM,1,1,1607.049071261207,1624.0567251047105,17.007653843503455,1661.134086365293,0.4725620472186138,3.0,3.0,0.074859690687499,1.0748596906874992,50
2021-22,2022-02-02,0022100774,PHI,WAS,1,0,1624.0567251047105,1597.5837993610355,-26.472925743674693,1394.4925084380145,0.8209730681760626,3.0,-3.0,0.074859690687499,1.0748596906874992,51
2021-22,2022-02-04,0022100791,PHI,DAL,0,0,1597.5837993610355,1579.66018670032,-17.923612660715914,1570.0871113091127,0.489203544532547,9.0,-9.0,0.2212784678984439,1.221278467898444,52
2021-22,2022-02-06,0022100802,PHI,CHI,0,1,1579.66018670032,1598.4462124907784,18.786025790458524,1540.312611902683,0.506256336532225,11.0,11.0,0.2682711820216014,1.2682711820216013,53
2021-22,2022-02-08,0022100815,PHI,PHX,1,0,1598.4462124907784,1586.5574534221932,-11.888759068585143,1739.1072189658944,0.3524622323491087,5.0,-5.0,0.1243530017715962,1.124353001771596,54
2021-22,2022-02-11,0022100840,PHI,OKC,1,1,1586.5574534221932,1593.5019218590933,6.944468436899921,1353.5871914323052,0.8238366857294384,13.0,13.0,0.3140209253469976,1.3140209253469977,55
2021-22,2022-02-12,0022100849,PHI,CLE,1,1,1593.5019218590933,1611.529913435362,18.0279915762687,1616.4818933720685,0.5172913133280541,10.0,10.0,0.2449186624037091,1.2449186624037092,56
2021-22,2022-02-15,0022100869,PHI,BOS,1,0,1611.529913435362,1583.1950300669353,-28.33488336842679,1636.0415163654473,0.5150894332384115,48.0,-48.0,0.8336546070121552,1.833654607012155,57
2021-22,2022-02-17,0022100887,PHI,MIL,0,1,1583.1950300669353,1600.2232263554918,17.02819628855646,1567.7240870008293,0.4719249890291904,3.0,3.0,0.074859690687499,1.0748596906874992,58
2021-22,2022-02-25,0022100901,PHI,MIN,0,1,1600.2232263554918,1625.5825791622806,25.359352806788813,1573.8161805486036,0.4876362657068789,31.0,31.0,0.6498274636719203,1.6498274636719203,59
2021-22,2022-02-27,0022100912,PHI,NYK,0,1,1625.5825791622806,1634.3862231555563,8.803643993275761,1363.1881071574303,0.7873437295128141,16.0,16.0,0.3799489622552249,1.379948962255225,60
2021-22,2022-03-02,0022100934,PHI,NYK,1,1,1634.3862231555563,1640.1011149552685,5.714891799712176,1354.3844631641546,0.8597597410261648,15.0,15.0,0.3583573983507859,1.358357398350786,61
2021-22,2022-03-04,0022100947,PHI,CLE,1,1,1640.1011149552685,1649.681941733981,9.580826778712488,1509.2821965532614,0.7220253695736994,6.0,6.0,0.1488850336233179,1.1488850336233178,62
2021-22,2022-03-05,0022100956,PHI,MIA,0,0,1649.681941733981,1630.2606125522248,-19.421329181756203,1641.1113255287196,0.4620382545388392,17.0,-17.0,0.4011342849479459,1.401134284947946,63
2021-22,2022-03-07,0022100969,PHI,CHI,1,1,1630.2606125522248,1642.810589232368,12.549976680143224,1524.613545798289,0.6920305683079566,15.0,15.0,0.3583573983507859,1.358357398350786,64
2021-22,2022-03-10,0022100993,PHI,BKN,1,0,1642.810589232368,1602.636570231956,-40.17401900041177,1406.4787299699428,0.8266275035204009,29.0,-29.0,0.619996867969374,1.619996867969374,65
2021-22,2022-03-13,0022101015,PHI,ORL,0,1,1602.636570231956,1611.523341409646,8.886771177689916,1405.3987317491867,0.7178690955868793,2.0,2.0,0.0499583749578799,1.04995837495788,66
2021-22,2022-03-14,0022101022,PHI,DEN,1,0,1611.523341409646,1591.862921095835,-19.660420313811077,1579.0133234231855,0.5959501840527878,4.0,-4.0,0.0996679946249558,1.099667994624956,67
2021-22,2022-03-16,0022101034,PHI,CLE,0,1,1591.862921095835,1606.4250549641308,14.562133868295874,1515.9625337317912,0.5585899883881977,4.0,4.0,0.0996679946249558,1.099667994624956,68
2021-22,2022-03-18,0022101046,PHI,DAL,1,1,1606.4250549641308,1626.199712910198,19.77465794606716,1661.9312528580567,0.4705234287385509,10.0,10.0,0.2449186624037091,1.2449186624037092,69
2021-22,2022-03-20,0022101069,PHI,TOR,1,0,1626.199712910198,1605.0554970909302,-21.144215819267934,1571.0833359489454,0.6268557942790766,5.0,-5.0,0.1243530017715962,1.124353001771596,70
2021-22,2022-03-21,0022101074,PHI,MIA,1,1,1605.0554970909302,1622.6580510305344,17.602553939604185,1640.134990927258,0.4998855991754253,7.0,7.0,0.1732351578346601,1.17323515783466,71
2021-22,2022-03-23,0022101093,PHI,LAL,0,1,1622.6580510305344,1631.3647191115715,8.706668081037455,1404.2566955260406,0.7418761999917962,5.0,5.0,0.1243530017715962,1.124353001771596,72
2021-22,2022-03-25,0022101106,PHI,LAC,0,1,1631.3647191115715,1645.2255031776626,13.860784066090815,1446.8510574859497,0.7028005801788478,25.0,25.0,0.5545997223493823,1.5545997223493822,73
2021-22,2022-03-27,0022101118,PHI,PHX,0,0,1645.2255031776626,1634.193335825651,-11.032167352011609,1761.2451076188947,0.2953919182347897,10.0,-10.0,0.2449186624037091,1.2449186624037092,74
2021-22,2022-03-29,0022101131,PHI,MIL,1,0,1634.193335825651,1615.8991896587802,-18.294146166870856,1612.5586447586677,0.5807895691612455,2.0,-2.0,0.0499583749578799,1.04995837495788,75
2021-22,2022-03-31,0022101147,PHI,DET,0,0,1615.8991896587802,1587.2784202902128,-28.62076936856731,1343.5674778693815,0.7967640801546794,8.0,-8.0,0.197375320224904,1.197375320224904,76
2021-22,2022-04-02,0022101161,PHI,CHA,1,1,1587.2784202902128,1607.2183284264831,19.939908136270297,1556.5235865116092,0.5935149494656456,30.0,30.0,0.6351489523872873,1.6351489523872873,77
2021-22,2022-04-03,0022101170,PHI,CLE,0,1,1607.2183284264831,1619.3125308413544,12.094202414871225,1477.2253093255254,0.6333983689020619,4.0,4.0,0.0996679946249558,1.099667994624956,78
2021-22,2022-04-05,0022101178,PHI,IND,0,1,1619.3125308413544,1625.5640439657925,6.251513124438049,1309.6323688906227,0.8293724352864543,9.0,9.0,0.2212784678984439,1.221278467898444,79
2021-22,2022-04-07,0022101197,PHI,TOR,0,0,1625.5640439657925,1610.8632438766956,-14.70080008909679,1635.4012532055417,0.4358299118376925,5.0,-5.0,0.1243530017715962,1.124353001771596,80
2021-22,2022-04-09,0022101214,PHI,IND,1,1,1610.8632438766956,1615.6815975208683,4.818353644172663,1303.3808557661846,0.8777707530824325,13.0,13.0,0.3140209253469976,1.3140209253469977,81
2021-22,2022-04-10,0022101228,PHI,DET,1,1,1615.6815975208683,1622.451010625062,6.769413104193856,1381.0051388409888,0.8252575702449528,12.0,12.0,0.2913126124515909,1.2913126124515908,82
2021-22,2021-10-20,0022100012,PHX,DEN,1,0,1500.0,1478.68561907343,-21.314380926570013,1500.0,0.550199353253537,12.0,-12.0,0.2913126124515909,1.2913126124515908,1
2021-22,2021-10-22,0022100025,PHX,LAL,0,1,1478.68561907343,1499.3378599529974,20.65224087956739,1480.6346032483518,0.4470256972534064,10.0,10.0,0.2449186624037091,1.2449186624037092,2
2021-22,2021-10-23,0022100033,PHX,POR,0,0,1499.3378599529974,1476.2901741472735,-23.047685805723788,1482.2583868003633,0.4742331350844624,29.0,-29.0,0.619996867969374,1.619996867969374,3
2021-22,2021-10-27,0022100062,PHX,SAC,1,0,1476.2901741472735,1458.569805135569,-17.72036901170481,1476.7525695183792,0.549540532754576,3.0,-3.0,0.074859690687499,1.0748596906874992,4
2021-22,2021-10-30,0022100088,PHX,CLE,1,1,1458.569805135569,1477.6668557596563,19.09705062408759,1508.3315806261885,0.4787688714174666,9.0,9.0,0.2212784678984439,1.221278467898444,5
2021-22,2021-11-02,0022100106,PHX,NOP,1,1,1477.6668557596563,1492.300478736492,14.633622976835628,1425.9593022324852,0.6222545742544012,12.0,12.0,0.2913126124515909,1.2913126124515908,6
2021-22,2021-11-04,0022100122,PHX,HOU,1,1,1492.300478736492,1505.8292797107397,13.528800974247831,1419.171084874417,0.6507739271447459,12.0,12.0,0.2913126124515909,1.2913126124515908,7
2021-22,2021-11-06,0022100137,PHX,ATL,1,1,1505.8292797107397,1519.507486318994,13.678206608254452,1480.911542534937,0.5853837499102192,4.0,4.0,0.0996679946249558,1.099667994624956,8
2021-22,2021-11-08,0022100153,PHX,SAC,0,1,1519.507486318994,1537.0801510954775,17.57266477648358,1499.0882978990471,0.4790288355823285,5.0,5.0,0.1243530017715962,1.124353001771596,9
2021-22,2021-11-10,0022100168,PHX,POR,1,1,1537.0801510954775,1551.7510528393395,14.670901743861895,1496.4312534016085,0.6071791090475721,10.0,10.0,0.2449186624037091,1.2449186624037092,10
2021-22,2021-11-12,0022100178,PHX,MEM,0,1,1551.7510528393395,1573.4957778473183,21.744725007978857,1493.2598641919965,0.533755116180491,25.0,25.0,0.5545997223493823,1.5545997223493822,11
2021-22,2021-11-14,0022100195,PHX,HOU,0,1,1573.4957778473183,1585.501497792986,12.005719945667696,1351.9087115494592,0.7453723278479213,26.0,26.0,0.5716699660851172,1.5716699660851172,12
2021-22,2021-11-15,0022100206,PHX,MIN,0,1,1585.501497792986,1596.46443377727,10.96293598428389,1435.260296724745,0.6600196261500946,3.0,3.0,0.074859690687499,1.0748596906874992,13
2021-22,2021-11-17,0022100222,PHX,DAL,1,1,1596.46443377727,1610.6383540081968,14.173920230926775,1562.9814399308975,0.5972981166286001,7.0,7.0,0.1732351578346601,1.17323515783466,14
2021-22,2021-11-19,0022100237,PHX,DAL,1,1,1610.6383540081968,1623.7190285170511,13.080674508854312,1548.8075196999707,0.6358514525365542,8.0,8.0,0.197375320224904,1.197375320224904,15
2021-22,2021-11-21,0022100251,PHX,DEN,1,1,1623.7190285170511,1638.6714926954078,14.952464178356744,1517.8233162219697,0.6923355331935654,29.0,29.0,0.619996867969374,1.619996867969374,16
2021-22,2021-11-22,0022100260,PHX,SAS,0,1,1638.6714926954078,1646.5842966742896,7.912803978881795,1403.2917897273085,0.7601456676754977,4.0,4.0,0.0996679946249558,1.099667994624956,17
2021-22,2021-11-24,0022100267,PHX,CLE,0,1,1646.5842966742896,1658.2789271417018,11.694630467412198,1501.5261111203797,0.6532930361139412,5.0,5.0,0.1243530017715962,1.124353001771596,18
2021-22,2021-11-26,0022100282,PHX,NYK,0,1,1658.2789271417018,1673.024502321956,14.74557518025402,1501.6356606236986,0.6682398571969761,21.0,21.0,0.4815497983643079,1.481549798364308,19
2021-22,2021-11-27,0022100294,PHX,BKN,0,1,1673.024502321956,1689.6890234083144,16.66452108635849,1626.553826528342,0.5165016342322073,6.0,6.0,0.1488850336233179,1.1488850336233178,20
2021-22,2021-11-30,0022100316,PHX,GSW,1,1,1689.6890234083144,1706.0612707338348,16.372247325520537,1693.8824142865983,0.5442184515588278,8.0,8.0,0.197375320224904,1.197375320224904,21
2021-22,2021-12-02,0022100331,PHX,DET,1,1,1706.0612707338348,1709.4545740297283,3.3933032958936917,1337.4048223568036,0.910815516849616,11.0,11.0,0.2682711820216014,1.2682711820216013,22
2021-22,2021-12-03,0022100340,PHX,GSW,0,0,1709.4545740297283,1687.144715211887,-22.309858817841494,1677.510166961078,0.4956027616614591,22.0,-22.0,0.5005202111902353,1.5005202111902354,23
2021-22,2021-12-06,0022100360,PHX,SAS,1,1,1687.144715211887,1694.0582287659995,6.9135135541126695,1491.524347652645,0.7904363381218972,4.0,4.0,0.0996679946249558,1.099667994624956,24
2021-22,2021-12-10,0022100390,PHX,BOS,1,1,1694.0582287659995,1703.8885688733606,9.830340107361012,1510.3741213155647,0.778827546707866,21.0,21.0,0.4815497983643079,1.481549798364308,25
2021-22,2021-12-13,0022100412,PHX,LAC,0,0,1703.8885688733606,1674.1896512094484,-29.69891766391228,1507.0600009263464,0.7173916928873438,16.0,-16.0,0.3799489622552249,1.379948962255225,26
2021-22,2021-12-14,0022100416,PHX,POR,0,1,1674.1896512094484,1681.1471527570868,6.957501547638465,1409.9643695080351,0.7891029661787046,4.0,4.0,0.0996679946249558,1.099667994624956,27
2021-22,2021-12-16,0022100432,PHX,WAS,1,1,1681.1471527570868,1688.5178824455063,7.370729688419475,1438.2685429699882,0.8319621732129835,20.0,20.0,0.4621171572600097,1.4621171572600098,28
2021-22,2021-12-19,0022100456,PHX,CHA,1,1,1688.5178824455063,1698.7748671872555,10.25698474174938,1490.4437331393367,0.7927665171540416,31.0,31.0,0.6498274636719203,1.6498274636719203,29
2021-22,2021-12-21,0022100469,PHX,LAL,0,1,1698.7748671872555,1709.9713887548733,11.196521567617458,1484.3021512412824,0.7375218744726338,18.0,18.0,0.4218990052500079,1.4218990052500078,30
2021-22,2021-12-23,0022100483,PHX,OKC,1,1,1709.9713887548733,1714.7484146587738,4.777025903900421,1404.2353213201625,0.8766881115686074,12.0,12.0,0.2913126124515909,1.2913126124515908,31
2021-22,2021-12-25,0022100490,PHX,GSW,1,0,1714.7484146587738,1692.5837265414173,-22.164688117356455,1675.7151824137366,0.6049586205483256,9.0,-9.0,0.2212784678984439,1.221278467898444,32
2021-22,2021-12-27,0022100505,PHX,MEM,1,0,1692.5837265414173,1669.8990001709792,-22.684726370438,1547.934586355884,0.7377184263457652,1.0,-1.0,0.0249947929684206,1.0249947929684209,33
2021-22,2021-12-29,0022100522,PHX,OKC,1,1,1669.8990001709792,1676.2222111512915,6.323210980312478,1401.1499359311872,0.8517660547158976,18.0,18.0,0.4218990052500079,1.4218990052500078,34
2021-22,2021-12-31,0022100529,PHX,BOS,0,0,1676.2222111512915,1646.9958560444147,-29.226355106877033,1479.5591781616813,0.7171984619649548,15.0,-15.0,0.3583573983507859,1.358357398350786,35
2021-22,2022-01-02,0022100549,PHX,CHA,0,1,1646.9958560444147,1666.012327001583,19.01647095716791,1523.1385811354955,0.6251588852221696,34.0,34.0,0.6910694698329306,1.6910694698329305,36
2021-22,2022-01-04,0022100565,PHX,NOP,0,1,1666.012327001583,1676.3488913008905,10.33656429930793,1451.3007777771186,0.7377879327003278,13.0,13.0,0.3140209253469976,1.3140209253469977,37
2021-22,2022-01-06,0022100581,PHX,LAC,1,1,1676.3488913008905,1684.5801953197308,8.231304018840227,1465.9556657854962,0.8041752289016316,17.0,17.0,0.4011342849479459,1.401134284947946,38
2021-22,2022-01-08,0022100596,PHX,MIA,1,0,1684.5801953197308,1652.181395200036,-32.39880011969481,1563.227399837028,0.7109575253558778,23.0,-23.0,0.5190218338982221,1.519021833898222,39
2021-22,2022-01-11,0022100613,PHX,TOR,0,1,1652.181395200036,1667.3448328807558,15.163437680719843,1589.073034568011,0.5403631594615559,4.0,4.0,0.0996679946249558,1.099667994624956,40
2021-22,2022-01-14,0022100634,PHX,IND,0,1,1667.3448328807558,1676.3350340831748,8.990201202419088,1402.9720220290142,0.7892442625618976,18.0,18.0,0.4218990052500079,1.4218990052500078,41
2021-22,2022-01-16,0022100617,PHX,DET,0,1,1676.3350340831748,1684.531564373449,8.196530290274477,1368.3627574891125,0.8279766510147137,27.0,27.0,0.5882592563981054,1.5882592563981053,42
2021-22,2022-01-17,0022100664,PHX,SAS,0,1,1684.531564373449,1692.8805640044022,8.348999630952866,1417.53016660637,0.7917501641826007,14.0,14.0,0.3363755443363322,1.3363755443363323,43
2021-22,2022-01-20,0022100682,PHX,DAL,0,1,1692.8805640044022,1708.9189541381982,16.038390133795904,1620.5532488100198,0.5535125908896747,8.0,8.0,0.197375320224904,1.197375320224904,44
2021-22,2022-01-22,0022100697,PHX,IND,1,1,1708.9189541381982,1714.2200164151436,5.3010622769453635,1431.3518879514588,0.8580613487173535,10.0,10.0,0.2449186624037091,1.2449186624037092,45
2021-22,2022-01-24,0022100713,PHX,UTA,1,1,1714.2200164151436,1722.1621716956363,7.942155280492918,1539.737166489298,0.7695691896039067,6.0,6.0,0.1488850336233179,1.1488850336233178,46
2021-22,2022-01-26,0022100731,PHX,UTA,0,1,1722.1621716956363,1732.586873665291,10.424701969654524,1531.7950112088051,0.7097901887689806,8.0,8.0,0.197375320224904,1.197375320224904,47
2021-22,2022-01-28,0022100743,PHX,MIN,1,1,1732.586873665291,1740.8170481152567,8.23017444996574,1548.0895399053338,0.7796328735224414,10.0,10.0,0.2449186624037091,1.2449186624037092,48
2021-22,2022-01-30,0022100758,PHX,SAS,1,1,1740.8170481152567,1745.0447464141082,4.227698298851495,1438.3128086501547,0.8746627825902219,5.0,5.0,0.1243530017715962,1.124353001771596,49
2021-22,2022-02-01,0022100772,PHX,BKN,1,1,1745.0447464141082,1751.127637300469,6.082890886360773,1495.6672229316823,0.837127488189581,10.0,10.0,0.2449186624037091,1.2449186624037092,50
2021-22,2022-02-03,0022100783,PHX,ATL,0,0,1751.127637300469,1723.239700286763,-27.88793701370583,1514.7725821107872,0.7611678457383253,9.0,-9.0,0.2212784678984439,1.221278467898444,51
2021-22,2022-02-05,0022100798,PHX,WAS,0,1,1723.239700286763,1730.4422081424348,7.2025078556716124,1420.9654341816893,0.8232544722909119,15.0,15.0,0.3583573983507859,1.358357398350786,52
2021-22,2022-02-07,0022100812,PHX,CHI,0,1,1730.4422081424348,1739.1072189658944,8.665010823459548,1521.5265861122248,0.731282420749656,3.0,3.0,0.074859690687499,1.0748596906874992,53
2021-22,2022-02-08,0022100815,PHX,PHI,0,1,1739.1072189658944,1750.9959780344795,11.888759068585143,1598.4462124907784,0.6475377676508913,5.0,5.0,0.1243530017715962,1.124353001771596,54
2021-22,2022-02-10,0022100836,PHX,MIL,1,1,1750.9959780344795,1763.0479506245338,12.051972590054133,1605.5238513407191,0.7386340503949509,24.0,24.0,0.5370495669980352,1.5370495669980353,55
2021-22,2022-02-12,0022100855,PHX,ORL,1,1,1763.0479506245338,1766.245382900168,3.197432275634177,1340.818436371428,0.9328944091305472,27.0,27.0,0.5882592563981054,1.5882592563981053,56
2021-22,2022-02-15,0022100873,PHX,LAC,1,1,1766.245382900168,1771.5816366311576,5.336253730989809,1502.0993901561744,0.8483891970177437,7.0,7.0,0.1732351578346601,1.17323515783466,57
2021-22,2022-02-16,0022100882,PHX,HOU,1,1,1771.5816366311576,1773.2175190821224,1.6358824509647094,1297.73766278447,0.9492683412499364,3.0,3.0,0.074859690687499,1.0748596906874992,58
2021-22,2022-02-24,0022100893,PHX,OKC,0,1,1773.2175190821224,1777.3795510718364,4.162031989713922,1346.416993995627,0.9051140334628742,20.0,20.0,0.4621171572600097,1.4621171572600098,59
2021-22,2022-02-25,0022100902,PHX,NOP,1,0,1777.3795510718364,1741.7291254622648,-35.65042560957168,1474.591827673196,0.8748415709752507,15.0,-15.0,0.3583573983507859,1.358357398350786,60
2021-22,2022-02-27,0022100913,PHX,UTA,1,0,1741.7291254622648,1716.828263995968,-24.900861466296984,1581.4051414229052,0.7547993754481468,4.0,-4.0,0.0996679946249558,1.099667994624956,61
2021-22,2022-03-02,0022100939,PHX,POR,1,1,1716.828263995968,1722.844934765562,6.016670769594107,1410.030746730066,0.8773471419670997,30.0,30.0,0.6351489523872873,1.6351489523872873,62
2021-22,2022-03-04,0022100953,PHX,NYK,1,1,1722.844934765562,1725.5090179495242,2.6640831839620267,1348.6695713644424,0.9133627083689292,1.0,1.0,0.0249947929684206,1.0249947929684209,63
2021-22,2022-03-06,0022100961,PHX,MIL,0,0,1725.5090179495242,1701.029755965841,-24.47926198368316,1578.7981321697755,0.6554447483987482,10.0,-10.0,0.2449186624037091,1.2449186624037092,64
2021-22,2022-03-08,0022100977,PHX,ORL,0,1,1701.029755965841,1705.645557391142,4.615801425300858,1355.1763160730525,0.8568556911724757,3.0,3.0,0.074859690687499,1.0748596906874992,65
2021-22,2022-03-09,0022100983,PHX,MIA,0,1,1705.645557391142,1727.4489061623876,21.803348771245684,1664.0801377143105,0.5094472739443188,21.0,21.0,0.4815497983643079,1.481549798364308,66
2021-22,2022-03-11,0022101003,PHX,TOR,1,0,1727.4489061623876,1700.5203240781082,-26.928582084279476,1523.418366168049,0.798343048308649,5.0,-5.0,0.1243530017715962,1.124353001771596,67
2021-22,2022-03-13,0022101019,PHX,LAL,1,1,1700.5203240781082,1706.4158119453505,5.895487867242303,1391.5391003813213,0.878693430754753,29.0,29.0,0.619996867969374,1.619996867969374,68
2021-22,2022-03-15,0022101032,PHX,NOP,0,1,1706.4158119453505,1717.373282975047,10.957471029696526,1493.9163906867657,0.7353169977197578,16.0,16.0,0.3799489622552249,1.379948962255225,69
2021-22,2022-03-16,0022101038,PHX,HOU,0,1,1717.373282975047,1721.230366224088,3.857083249040952,1284.156417709834,0.9082390296091606,17.0,17.0,0.4011342849479459,1.401134284947946,70
2021-22,2022-03-18,0022101056,PHX,CHI,1,1,1721.230366224088,1730.0809708940194,8.85060466993158,1499.499510588468,0.8142493711426936,27.0,27.0,0.5882592563981054,1.5882592563981053,71
2021-22,2022-03-20,0022101066,PHX,SAC,0,1,1730.0809708940194,1734.0494992082126,3.968528314193195,1353.9578193731463,0.8769287951852006,3.0,3.0,0.074859690687499,1.0748596906874992,72
2021-22,2022-03-23,0022101090,PHX,MIN,0,1,1734.0494992082126,1749.356593722705,15.307094514492237,1641.400004923178,0.5822111850588716,9.0,9.0,0.2212784678984439,1.221278467898444,73
2021-22,2022-03-24,0022101099,PHX,DEN,0,1,1749.356593722705,1761.2451076188947,11.888513896189709,1582.0707714840155,0.681678965455859,10.0,10.0,0.2449186624037091,1.2449186624037092,74
2021-22,2022-03-27,0022101118,PHX,PHI,1,1,1761.2451076188947,1772.2772749709063,11.032167352011609,1645.2255031776626,0.7046080817652103,10.0,10.0,0.2449186624037091,1.2449186624037092,75
2021-22,2022-03-30,0022101145,PHX,GSW,0,1,1772.2772749709063,1778.8271228826009,6.549847911694465,1494.8639199327324,0.8014598362502947,4.0,4.0,0.0996679946249558,1.099667994624956,76
2021-22,2022-04-01,0022101155,PHX,MEM,0,0,1778.8271228826009,1758.553635705308,-20.273487177292655,1698.8367487592402,0.5643868672546402,8.0,-8.0,0.197375320224904,1.197375320224904,77
2021-22,2022-04-03,0022101174,PHX,OKC,0,0,1758.553635705308,1717.4565494324982,-41.09708627280997,1288.016427493579,0.9246418023024008,21.0,-21.0,0.4815497983643079,1.481549798364308,78
2021-22,2022-04-05,0022101189,PHX,LAL,1,1,1717.4565494324982,1720.817044820455,3.3604953879569903,1346.947969231359,0.9116777905862788,11.0,11.0,0.2682711820216014,1.2682711820216013,79
2021-22,2022-04-06,0022101195,PHX,LAC,0,0,1720.817044820455,1696.3986725974596,-24.418372222995483,1503.956489772362,0.7401740750344508,4.0,-4.0,0.0996679946249558,1.099667994624956,80
2021-22,2022-04-08,0022101210,PHX,UTA,0,1,1696.3986725974596,1708.083968790547,11.685296193087412,1545.4235059364032,0.660967057883512,6.0,6.0,0.1488850336233179,1.1488850336233178,81
2021-22,2022-04-10,0022101229,PHX,SAC,1,0,1708.083968790547,1676.3993145578768,-31.684654232670315,1360.985992176909,0.9002075449548119,7.0,-7.0,0.1732351578346601,1.17323515783466,82
2021-22,2021-10-20,0022100013,POR,SAC,1,0,1500.0,1482.2583868003633,-17.741613199636763,1500.0,0.550199353253537,3.0,-3.0,0.074859690687499,1.0748596906874992,1
2021-22,2021-10-23,0022100033,POR,PHX,1,1,1482.2583868003633,1505.3060726060871,23.047685805723788,1499.3378599529974,0.5257668649155376,29.0,29.0,0.619996867969374,1.619996867969374,2
2021-22,2021-10-25,0022100049,POR,LAC,0,0,1505.3060726060871,1482.60200545312,-22.704067152967053,1496.1795017803347,0.4628338215471549,30.0,-30.0,0.6351489523872873,1.6351489523872873,3
2021-22,2021-10-27,0022100063,POR,MEM,1,1,1482.60200545312,1504.556315366679,21.954309913558884,1517.9592756283491,0.4994858470689403,20.0,20.0,0.4621171572600097,1.4621171572600098,4
2021-22,2021-10-29,0022100076,POR,LAC,1,1,1504.556315366679,1523.5217455079255,18.96543014124661,1496.4883008737602,0.5616643332612138,19.0,19.0,0.4422303560457261,1.442230356045726,5
2021-22,2021-10-31,0022100090,POR,CHA,0,0,1523.5217455079255,1506.3010946527727,-17.22065085515291,1527.2285553948395,0.4445257404262229,12.0,-12.0,0.2913126124515909,1.2913126124515908,6
2021-22,2021-11-01,0022100096,POR,PHI,0,0,1506.3010946527727,1491.2301241576574,-15.070970495115242,1539.18408665044,0.403532936200452,10.0,-10.0,0.2449186624037091,1.2449186624037092,7
2021-22,2021-11-03,0022100108,POR,CLE,0,0,1491.2301241576574,1477.557885479766,-13.672238677891476,1509.4522584404504,0.4240007260589975,3.0,-3.0,0.074859690687499,1.0748596906874992,8
2021-22,2021-11-05,0022100131,POR,IND,1,1,1477.557885479766,1492.0082586762585,14.450373196492292,1469.2687424549745,0.5619776979014282,4.0,4.0,0.0996679946249558,1.099667994624956,9
2021-22,2021-11-06,0022100138,POR,LAL,1,1,1492.0082586762585,1510.7583015933023,18.75004291704405,1499.234731052234,0.5398843991080963,15.0,15.0,0.3583573983507859,1.358357398350786,10
2021-22,2021-11-09,0022100157,POR,LAC,0,0,1510.7583015933023,1496.4312534016085,-14.32704819169406,1547.0305524865753,0.3988459299184207,8.0,-8.0,0.197375320224904,1.197375320224904,11
2021-22,2021-11-10,0022100168,POR,PHX,0,0,1496.4312534016085,1481.7603516577465,-14.670901743861895,1537.0801510954775,0.3928208909524279,10.0,-10.0,0.2449186624037091,1.2449186624037092,12
2021-22,2021-11-12,0022100177,POR,HOU,0,1,1481.7603516577465,1496.754742405439,14.994390747692496,1366.9031022971517,0.6129418855638875,12.0,12.0,0.2913126124515909,1.2913126124515908,13
2021-22,2021-11-14,0022100197,POR,DEN,0,0,1496.754742405439,1479.235842891212,-17.51889951422699,1561.3500435768942,0.3604718803394251,29.0,-29.0,0.619996867969374,1.619996867969374,14
2021-22,2021-11-15,0022100208,POR,TOR,1,1,1479.235842891212,1495.203022684176,15.96717979296415,1495.7165905898237,0.5266261346805576,5.0,5.0,0.1243530017715962,1.124353001771596,15
2021-22,2021-11-17,0022100223,POR,CHI,1,1,1495.203022684176,1515.5323521464873,20.32932946231138,1602.5939834731869,0.3973028805520656,5.0,5.0,0.1243530017715962,1.124353001771596,16
2021-22,2021-11-20,0022100246,POR,PHI,1,1,1515.5323521464873,1531.5076484293531,15.975296282865871,1518.3946745565486,0.5461183782811818,7.0,7.0,0.1732351578346601,1.17323515783466,17
2021-22,2021-11-23,0022100265,POR,DEN,1,1,1531.5076484293531,1549.222413150865,17.714764721511624,1502.870852043613,0.5905701506639213,19.0,19.0,0.4422303560457261,1.442230356045726,18
2021-22,2021-11-24,0022100279,POR,SAC,0,0,1549.222413150865,1527.3542643246735,-21.86814882619104,1396.7690587837617,0.6628712463846635,4.0,-4.0,0.0996679946249558,1.099667994624956,19
2021-22,2021-11-26,0022100290,POR,GSW,0,0,1527.3542643246735,1516.5367504786311,-10.817513846042198,1669.164586436662,0.2654557595120891,15.0,-15.0,0.3583573983507859,1.358357398350786,20
2021-22,2021-11-29,0022100312,POR,UTA,0,0,1516.5367504786311,1499.0692320675666,-17.46751841106471,1560.6808507839996,0.3880325032345328,22.0,-22.0,0.5005202111902353,1.5005202111902354,21
2021-22,2021-11-30,0022100317,POR,DET,1,1,1499.0692320675666,1509.9692622270602,10.900030159493545,1348.3048525162972,0.7444724714566483,18.0,18.0,0.4218990052500079,1.4218990052500078,22
2021-22,2021-12-02,0022100332,POR,SAS,1,0,1509.9692622270602,1477.3872275283356,-32.582034698724655,1431.0640759562814,0.65829175911136,31.0,-31.0,0.6498274636719203,1.6498274636719203,23
2021-22,2021-12-04,0022100347,POR,BOS,1,0,1477.3872275283356,1454.347963111052,-23.039264417283658,1527.2122954417653,0.4786779512338948,28.0,-28.0,0.6043677771171634,1.6043677771171634,24
2021-22,2021-12-06,0022100362,POR,LAC,1,0,1454.347963111052,1433.4869963848162,-20.86096672623581,1462.5457640085926,0.5384951334294056,12.0,-12.0,0.2913126124515909,1.2913126124515908,25
2021-22,2021-12-08,0022100376,POR,GSW,0,0,1433.4869963848162,1427.237852718259,-6.24914366655696,1677.2541013911568,0.1673240149545463,10.0,-10.0,0.2449186624037091,1.2449186624037092,26
2021-22,2021-12-12,0022100402,POR,MIN,1,0,1427.237852718259,1409.9643695080351,-17.273483210224136,1453.82727931289,0.5121014243452909,5.0,-5.0,0.1243530017715962,1.124353001771596,27
2021-22,2021-12-14,0022100416,POR,PHX,1,0,1409.9643695080351,1403.006867960397,-6.957501547638465,1674.1896512094484,0.2108970338212954,4.0,-4.0,0.0996679946249558,1.099667994624956,28
2021-22,2021-12-15,0022100426,POR,MEM,1,0,1403.006867960397,1390.9178451635687,-12.089022796828026,1566.0136667264344,0.3236897628178198,10.0,-10.0,0.2449186624037091,1.2449186624037092,29
2021-22,2021-12-17,0022100439,POR,CHA,1,1,1390.9178451635687,1413.7483813181782,22.830536154609455,1513.2742692939462,0.3768678546098807,9.0,9.0,0.2212784678984439,1.221278467898444,30
2021-22,2021-12-19,0022100450,POR,MEM,0,1,1413.7483813181782,1439.8694236822512,26.121042364073045,1593.0010454890655,0.2255978231357588,5.0,5.0,0.1243530017715962,1.124353001771596,31
2021-22,2021-12-21,0022100467,POR,NOP,0,0,1439.8694236822512,1421.7352231667562,-18.134200515494967,1438.0997797198795,0.4523229664582727,14.0,-14.0,0.3363755443363322,1.3363755443363323,32
2021-22,2021-12-27,0022100506,POR,DAL,1,0,1421.7352231667562,1402.1680652637265,-19.567157903029745,1470.5237353616576,0.4801671471437168,15.0,-15.0,0.3583573983507859,1.358357398350786,33
2021-22,2021-12-29,0022100523,POR,UTA,1,0,1402.1680652637265,1393.441195764808,-8.726869498918333,1663.01410306714,0.2141525126723849,15.0,-15.0,0.3583573983507859,1.358357398350786,34
2021-22,2021-12-31,0022100538,POR,LAL,0,0,1393.441195764808,1374.2814307574142,-19.159765007393805,1443.000454104645,0.3806566021043152,33.0,-33.0,0.6777821008468294,1.6777821008468294,35
2021-22,2022-01-03,0022100560,POR,ATL,1,1,1374.2814307574142,1393.405298081637,19.123867324222857,1456.0906054161703,0.4330408304719788,5.0,5.0,0.1243530017715962,1.124353001771596,36
2021-22,2022-01-05,0022100576,POR,MIA,1,0,1393.405298081637,1382.0507711598325,-11.354526921804462,1551.8728729152233,0.3294361225449718,6.0,-6.0,0.1488850336233179,1.1488850336233178,37
2021-22,2022-01-07,0022100590,POR,CLE,1,0,1382.0507711598325,1369.843110687927,-12.207660471905427,1556.3081542575137,0.3096769677566008,13.0,-13.0,0.3140209253469976,1.3140209253469977,38
2021-22,2022-01-09,0022100605,POR,SAC,1,1,1369.843110687927,1388.9636081439087,19.1204974559816,1383.4183747630643,0.5307936512340505,15.0,15.0,0.3583573983507859,1.358357398350786,39
2021-22,2022-01-10,0022100486,POR,BKN,1,1,1388.9636081439087,1412.723878651006,23.760270507097474,1562.4487133927692,0.3106281362153045,6.0,6.0,0.1488850336233179,1.1488850336233178,40
2021-22,2022-01-13,0022100631,POR,DEN,0,0,1412.723878651006,1396.311424030942,-16.41245462006394,1501.7172280114255,0.3287678676600024,32.0,-32.0,0.664036770267849,1.664036770267849,41
2021-22,2022-01-15,0022100642,POR,WAS,0,1,1396.311424030942,1418.469650259032,22.1582262280899,1474.1565892418828,0.3430821639000057,5.0,5.0,0.1243530017715962,1.124353001771596,42
2021-22,2022-01-17,0022100661,POR,ORL,0,1,1418.469650259032,1431.9095540637688,13.439903804736884,1283.4133145768235,0.6401397079016955,10.0,10.0,0.2449186624037091,1.2449186624037092,43
2021-22,2022-01-19,0022100672,POR,MIA,0,0,1431.9095540637688,1423.0538162847365,-8.855737779032427,1608.1930565065743,0.2285978286393816,12.0,-12.0,0.2913126124515909,1.2913126124515908,44
2021-22,2022-01-21,0022100688,POR,BOS,0,1,1423.0538162847365,1445.7810655510816,22.727249266345183,1526.1663797380377,0.3110875471071502,4.0,4.0,0.0996679946249558,1.099667994624956,45
2021-22,2022-01-23,0022100702,POR,TOR,0,1,1445.7810655510816,1471.176733733835,25.395668182753173,1552.336892878044,0.3068556475779673,9.0,9.0,0.2212784678984439,1.221278467898444,46
2021-22,2022-01-25,0022100721,POR,MIN,1,0,1471.176733733835,1457.253150500997,-13.923583232837608,1546.6361218128193,0.4420360389174527,2.0,-2.0,0.0499583749578799,1.04995837495788,47
2021-22,2022-01-26,0022100732,POR,DAL,1,0,1457.253150500997,1441.965198298614,-15.28795220238302,1600.9113393367484,0.3485345919208568,20.0,-20.0,0.4621171572600097,1.4621171572600098,48
2021-22,2022-01-28,0022100739,POR,HOU,0,1,1441.965198298614,1458.66434994255,16.69915164393583,1343.5855871692777,0.5902121276719792,15.0,15.0,0.3583573983507859,1.358357398350786,49
2021-22,2022-01-30,0022100753,POR,CHI,0,0,1458.66434994255,1443.9706322682694,-14.693717674280522,1518.7283939300569,0.3665066988231386,14.0,-14.0,0.3363755443363322,1.3363755443363323,50
2021-22,2022-01-31,0022100765,POR,OKC,0,0,1443.9706322682694,1417.3666194221655,-26.604012846103544,1314.3383199304722,0.6329160864380656,17.0,-17.0,0.4011342849479459,1.401134284947946,51
2021-22,2022-02-02,0022100781,POR,LAL,0,0,1417.3666194221655,1403.328284757108,-14.038334665057569,1441.1585666137055,0.4161900115870475,5.0,-5.0,0.1243530017715962,1.124353001771596,52
2021-22,2022-02-04,0022100795,POR,OKC,1,0,1403.328284757108,1384.0762133205285,-19.25207143657979,1370.0306909758058,0.597041381412484,3.0,-3.0,0.074859690687499,1.0748596906874992,53
2021-22,2022-02-05,0022100800,POR,MIL,1,0,1384.0762133205285,1368.8541450086784,-15.222068311849808,1555.4700262553,0.3132118876857314,29.0,-29.0,0.619996867969374,1.619996867969374,54
2021-22,2022-02-08,0022100823,POR,ORL,1,0,1368.8541450086784,1342.5969172579976,-26.25722775068074,1322.0894071673076,0.6155436650501072,18.0,-18.0,0.4218990052500079,1.4218990052500078,55
2021-22,2022-02-09,0022100829,POR,LAL,1,1,1342.5969172579976,1361.295179318868,18.698262060870505,1443.4267873072515,0.4063808462368615,2.0,2.0,0.0499583749578799,1.04995837495788,56
2021-22,2022-02-12,0022100845,POR,NYK,1,1,1361.295179318868,1381.458418757664,20.163239438795916,1431.3879246182053,0.44966852445229,9.0,9.0,0.2212784678984439,1.221278467898444,57
2021-22,2022-02-14,0022100862,POR,MIL,0,1,1381.458418757664,1414.2888233313406,32.83040457367653,1593.471878750665,0.1943601732127173,15.0,15.0,0.3583573983507859,1.358357398350786,58
2021-22,2022-02-16,0022100879,POR,MEM,0,1,1414.2888233313406,1442.7646976389397,28.475874307599067,1699.2486581313967,0.1368341945997733,4.0,4.0,0.0996679946249558,1.099667994624956,59
2021-22,2022-02-24,0022100894,POR,GSW,1,0,1442.7646976389397,1424.895986422484,-17.868711216455747,1589.4112082386448,0.3446389455634631,37.0,-37.0,0.7282542059818115,1.7282542059818111,60
2021-22,2022-02-27,0022100918,POR,DEN,1,0,1424.895986422484,1410.030746730066,-14.865239692418074,1608.931487146026,0.2977746637578871,32.0,-32.0,0.664036770267849,1.664036770267849,61
2021-22,2022-03-02,0022100939,POR,PHX,0,0,1410.030746730066,1404.0140759604717,-6.016670769594107,1716.828263995968,0.1226528580329002,30.0,-30.0,0.6351489523872873,1.6351489523872873,62
2021-22,2022-03-05,0022100958,POR,MIN,0,0,1404.0140759604717,1395.646312679782,-8.367763280689719,1600.522776863995,0.208717859191427,14.0,-14.0,0.3363755443363322,1.3363755443363323,63
2021-22,2022-03-07,0022100971,POR,MIN,0,0,1395.646312679782,1385.2608614592402,-10.385451220541627,1608.8905401446848,0.1932531959844026,43.0,-43.0,0.7913375537619973,1.791337553761997,64
2021-22,2022-03-09,0022100990,POR,UTA,0,0,1385.2608614592402,1374.2784550599056,-10.982406399334732,1579.9874773115992,0.2104171626704176,38.0,-38.0,0.7397830512740042,1.7397830512740042,65
2021-22,2022-03-12,0022101011,POR,WAS,1,1,1374.2784550599056,1390.62999197081,16.351536910904578,1371.8163209567142,0.5537043805403356,9.0,9.0,0.2212784678984439,1.221278467898444,66
2021-22,2022-03-14,0022101021,POR,ATL,0,0,1390.62999197081,1381.2345433947046,-9.395448576105643,1540.56435333811,0.2564375180890884,9.0,-9.0,0.2212784678984439,1.221278467898444,67
2021-22,2022-03-16,0022101037,POR,NYK,0,0,1381.2345433947046,1362.2075595265374,-19.02698386816716,1425.494145169722,0.3878746304302148,30.0,-30.0,0.6351489523872873,1.6351489523872873,68
2021-22,2022-03-18,0022101048,POR,BKN,0,0,1362.2075595265374,1352.123426822185,-10.084132704352337,1475.2585726599923,0.2989610525182983,5.0,-5.0,0.1243530017715962,1.124353001771596,69
2021-22,2022-03-20,0022101062,POR,IND,0,0,1352.123426822185,1330.3329193920868,-21.79050743009827,1358.8354652456237,0.4402583080132203,31.0,-31.0,0.6498274636719203,1.6498274636719203,70
2021-22,2022-03-21,0022101073,POR,DET,0,1,1330.3329193920868,1350.4876751963016,20.15475580421484,1373.7217421482596,0.3890654299682921,4.0,4.0,0.0996679946249558,1.099667994624956,71
2021-22,2022-03-23,0022101094,POR,SAS,1,0,1350.4876751963016,1327.3480360582955,-23.1396391380057,1422.946139062106,0.4463008404264272,37.0,-37.0,0.7282542059818115,1.7282542059818111,72
2021-22,2022-03-25,0022101105,POR,HOU,1,0,1327.3480360582955,1300.678191853717,-26.66984420457873,1279.9523779709734,0.6164027841271601,19.0,-19.0,0.4422303560457261,1.442230356045726,73
2021-22,2022-03-26,0022101114,POR,HOU,1,0,1300.678191853717,1277.9076150109731,-22.770576842743772,1306.6222221755522,0.5417176899069726,17.0,-17.0,0.4011342849479459,1.401134284947946,74
2021-22,2022-03-28,0022101130,POR,OKC,1,0,1277.9076150109731,1261.1033017123273,-16.804313298645926,1298.2148473543698,0.5211319965522692,3.0,-3.0,0.074859690687499,1.0748596906874992,75
2021-22,2022-03-30,0022101146,POR,NOP,1,0,1261.1033017123273,1253.022386205669,-8.080915506658382,1519.668247475933,0.216370641999899,10.0,-10.0,0.2449186624037091,1.2449186624037092,76
2021-22,2022-04-01,0022101158,POR,SAS,0,0,1253.022386205669,1244.855358563751,-8.167027641917832,1471.3190437296917,0.1887592045122389,19.0,-19.0,0.4422303560457261,1.442230356045726,77
2021-22,2022-04-03,0022101175,POR,SAS,0,0,1244.855358563751,1237.0869822253856,-7.768376338365483,1479.4860713716096,0.174780407807691,21.0,-21.0,0.4815497983643079,1.481549798364308,78
2021-22,2022-04-05,0022101185,POR,OKC,0,0,1237.0869822253856,1226.367650731564,-10.719331493821638,1329.113513766389,0.3249262973375125,4.0,-4.0,0.0996679946249558,1.099667994624956,79
2021-22,2022-04-07,0022101200,POR,NOP,0,0,1226.367650731564,1220.095442001346,-6.272208730217877,1530.0221921171983,0.1246130973951086,33.0,-33.0,0.6777821008468294,1.6777821008468294,80
2021-22,2022-04-08,0022101209,POR,DAL,0,0,1220.095442001346,1216.2578910579575,-3.8375509433882646,1636.5705495510526,0.0692092717882572,50.0,-50.0,0.8482836399575129,1.8482836399575129,81
2021-22,2022-04-10,0022101230,POR,UTA,1,0,1216.2578910579575,1208.1225728769955,-8.135318180962024,1533.7382097433158,0.1643670496884512,31.0,-31.0,0.6498274636719203,1.6498274636719203,82
2021-22,2021-10-20,0022100013,SAC,POR,0,1,1500.0,1517.7416131996367,17.741613199636763,1500.0,0.449800646746463,3.0,3.0,0.074859690687499,1.0748596906874992,1
2021-22,2021-10-22,0022100026,SAC,UTA,1,0,1517.7416131996367,1497.7007522423744,-20.04086095726223,1519.9920617247408,0.5469913014391719,9.0,-9.0,0.2212784678984439,1.221278467898444,2
2021-22,2021-10-24,0022100039,SAC,GSW,1,0,1497.7007522423744,1476.7525695183792,-20.94818272399508,1504.3242651162143,0.5407464859657908,12.0,-12.0,0.2913126124515909,1.2913126124515908,3
2021-22,2021-10-27,0022100062,SAC,PHX,0,1,1476.7525695183792,1494.472938530084,17.72036901170481,1476.2901741472735,0.4504594672454239,3.0,3.0,0.074859690687499,1.0748596906874992,4
2021-22,2021-10-29,0022100074,SAC,NOP,0,1,1494.472938530084,1510.790820836203,16.317882306118914,1455.7417350120984,0.5053694270792413,4.0,4.0,0.0996679946249558,1.099667994624956,5
2021-22,2021-10-31,0022100089,SAC,DAL,0,0,1510.790820836203,1494.9534989045512,-15.837321931651807,1503.9960761213165,0.4594983097570275,6.0,-6.0,0.1488850336233179,1.1488850336233178,6
2021-22,2021-11-02,0022100105,SAC,UTA,0,0,1494.9534989045512,1483.2992200694368,-11.654278835114416,1576.6267548655596,0.338133015751208,6.0,-6.0,0.1488850336233179,1.1488850336233178,7
2021-22,2021-11-03,0022100118,SAC,NOP,1,1,1483.2992200694368,1497.125600668439,13.826380599001974,1411.3256792556497,0.6492602633566433,13.0,13.0,0.3140209253469976,1.3140209253469977,8
2021-22,2021-11-05,0022100132,SAC,CHA,1,1,1497.125600668439,1519.7236490180203,22.598048349581653,1504.741542028379,0.5393274250522372,30.0,30.0,0.6351489523872873,1.6351489523872873,9
2021-22,2021-11-07,0022100143,SAC,IND,1,0,1519.7236490180203,1499.0882978990471,-20.63535111897314,1454.818369258482,0.6399393737234177,3.0,-3.0,0.074859690687499,1.0748596906874992,10
2021-22,2021-11-08,0022100153,SAC,PHX,1,0,1499.0882978990471,1481.5156331225637,-17.57266477648358,1519.507486318994,0.5209711644176714,5.0,-5.0,0.1243530017715962,1.124353001771596,11
2021-22,2021-11-10,0022100166,SAC,SAS,0,0,1481.5156331225637,1459.817511954623,-21.69812116794073,1445.4770899902956,0.5014945792578318,19.0,-19.0,0.4422303560457261,1.442230356045726,12
2021-22,2021-11-12,0022100180,SAC,OKC,0,0,1459.817511954623,1446.0823099236427,-13.735202030980204,1469.4953886724034,0.43605544621491,2.0,-2.0,0.0499583749578799,1.04995837495788,13
2021-22,2021-11-15,0022100200,SAC,DET,0,1,1446.0823099236427,1468.9952031298053,22.912893206162636,1417.3360474822005,0.4910011200273941,22.0,22.0,0.5005202111902353,1.5005202111902354,14
2021-22,2021-11-17,0022100220,SAC,MIN,0,0,1468.9952031298053,1449.8003241312276,-19.194878998577753,1424.2973607404615,0.5139526936781548,10.0,-10.0,0.2449186624037091,1.2449186624037092,15
2021-22,2021-11-19,0022100238,SAC,TOR,1,0,1449.8003241312276,1426.9522441376434,-22.848079993584214,1465.2727870857186,0.5280728305712215,19.0,-19.0,0.4422303560457261,1.442230356045726,16
2021-22,2021-11-20,0022100247,SAC,UTA,1,0,1426.9522441376434,1411.8829456193737,-15.069298518269854,1567.0010489270971,0.3532669681562057,18.0,-18.0,0.4218990052500079,1.4218990052500078,17
2021-22,2021-11-22,0022100262,SAC,PHI,1,0,1411.8829456193737,1396.7690587837617,-15.113886835612233,1502.4193782736827,0.420750469250621,8.0,-8.0,0.197375320224904,1.197375320224904,18
2021-22,2021-11-24,0022100279,SAC,POR,1,1,1396.7690587837617,1418.6372076099526,21.86814882619104,1549.222413150865,0.3371287536153364,4.0,4.0,0.0996679946249558,1.099667994624956,19
2021-22,2021-11-26,0022100291,SAC,LAL,0,1,1418.6372076099526,1439.1524464670797,20.515238857126928,1470.0543884133042,0.3781384030633812,4.0,4.0,0.0996679946249558,1.099667994624956,20
2021-22,2021-11-28,0022100303,SAC,MEM,0,0,1439.1524464670797,1417.719085371731,-21.433361095348523,1439.1324129365314,0.4498291868704031,27.0,-27.0,0.5882592563981054,1.5882592563981053,21
2021-22,2021-11-30,0022100318,SAC,LAL,1,0,1417.719085371731,1394.9104502157977,-22.80863515593334,1460.3242919797676,0.4890569756323703,25.0,-25.0,0.5545997223493823,1.5545997223493822,22
2021-22,2021-12-01,0022100327,SAC,LAC,0,1,1394.9104502157977,1419.6105902971258,24.700140081328243,1486.2144735188926,0.3258392542302591,9.0,9.0,0.2212784678984439,1.221278467898444,23
2021-22,2021-12-04,0022100348,SAC,LAC,1,1,1419.6105902971258,1437.7386864514228,18.128096154297083,1480.6738601628897,0.4625621394190438,5.0,5.0,0.1243530017715962,1.124353001771596,24
2021-22,2021-12-08,0022100377,SAC,ORL,1,1,1437.7386864514228,1449.74307843542,12.004391983997229,1333.6427667816165,0.6901243001825206,12.0,12.0,0.2913126124515909,1.2913126124515908,25
2021-22,2021-12-10,0022100382,SAC,CHA,0,0,1449.74307843542,1438.1807193593802,-11.562359076040014,1502.7317161498129,0.3760135874302027,1.0,-1.0,0.0249947929684206,1.0249947929684209,26
2021-22,2021-12-11,0022100393,SAC,CLE,0,0,1438.1807193593802,1427.811422707682,-10.369296651698374,1586.1120343790187,0.2586422829930875,14.0,-14.0,0.3363755443363322,1.3363755443363323,27
2021-22,2021-12-13,0022100406,SAC,TOR,0,0,1427.811422707682,1410.3863971088902,-17.425025598791716,1476.106438870943,0.3823738235123405,23.0,-23.0,0.5190218338982221,1.519021833898222,28
2021-22,2021-12-15,0022100427,SAC,WAS,1,1,1410.3863971088902,1431.2231439857997,20.83674687690941,1459.1052898468977,0.4802671807532639,14.0,14.0,0.3363755443363322,1.3363755443363323,29
2021-22,2021-12-17,0022100440,SAC,MEM,1,0,1431.2231439857997,1416.3247880199965,-14.898355965803397,1578.1026895232624,0.3443360233301279,19.0,-19.0,0.4422303560457261,1.442230356045726,30
2021-22,2021-12-19,0022100451,SAC,SAS,1,1,1416.3247880199965,1435.3004032256226,18.97561520562635,1478.5673772499647,0.4608749127313907,7.0,7.0,0.1732351578346601,1.17323515783466,31
2021-22,2021-12-20,0022100462,SAC,GSW,0,0,1435.3004032256226,1427.7550680321483,-7.545335193474307,1657.712405387392,0.185158319468187,15.0,-15.0,0.3583573983507859,1.358357398350786,32
2021-22,2021-12-22,0022100475,SAC,LAC,1,0,1427.7550680321483,1407.7291056395095,-20.02596239263863,1474.0598924608971,0.4837367888328896,16.0,-16.0,0.3799489622552249,1.379948962255225,33
2021-22,2021-12-26,0022100496,SAC,MEM,1,0,1407.7291056395095,1390.1710913451925,-17.55801429431744,1530.3765720615663,0.3764744935496529,25.0,-25.0,0.5545997223493823,1.5545997223493822,34
2021-22,2021-12-28,0022100515,SAC,OKC,1,1,1390.1710913451925,1407.0501595439728,16.8790681987805,1418.0290041299677,0.5102768421905592,6.0,6.0,0.1488850336233179,1.1488850336233178,35
2021-22,2021-12-29,0022100524,SAC,DAL,1,1,1407.0501595439728,1424.5375620879531,17.487402543980526,1490.090893264687,0.4313010933016092,1.0,1.0,0.0249947929684206,1.0249947929684209,36
2021-22,2021-12-31,0022100531,SAC,DAL,1,0,1424.5375620879531,1404.6163921491157,-19.921169938837643,1472.6034907207068,0.4812054765243115,16.0,-16.0,0.3799489622552249,1.379948962255225,37
2021-22,2022-01-02,0022100548,SAC,MIA,1,1,1404.6163921491157,1426.5435937475163,21.927201598400632,1583.6167733600932,0.3038707653758096,2.0,2.0,0.0499583749578799,1.04995837495788,38
2021-22,2022-01-04,0022100566,SAC,LAL,0,0,1426.5435937475163,1412.9803046236348,-13.563289123881567,1478.370537308656,0.3775838952299424,8.0,-8.0,0.197375320224904,1.197375320224904,39
2021-22,2022-01-05,0022100577,SAC,ATL,1,0,1412.9803046236348,1395.2009242140114,-17.779380409623474,1436.9667380919475,0.5158444894917356,6.0,-6.0,0.1488850336233179,1.1488850336233178,40
2021-22,2022-01-07,0022100588,SAC,DEN,0,0,1395.2009242140114,1383.4183747630643,-11.7825494509468,1494.7636053906238,0.3154837823754381,10.0,-10.0,0.2449186624037091,1.2449186624037092,41
2021-22,2022-01-09,0022100605,SAC,POR,0,0,1383.4183747630643,1364.297877307083,-19.1204974559816,1369.843110687927,0.4692063487659494,15.0,-15.0,0.3583573983507859,1.358357398350786,42
2021-22,2022-01-10,0022100611,SAC,CLE,1,0,1364.297877307083,1355.3787301017244,-8.919147205358621,1554.795582039657,0.2900550411424842,1.0,-1.0,0.0249947929684206,1.0249947929684209,43
2021-22,2022-01-12,0022100626,SAC,LAL,1,1,1355.3787301017244,1379.0899830947249,23.71125299300058,1495.7600744621768,0.3528297431406035,9.0,9.0,0.2212784678984439,1.221278467898444,44
2021-22,2022-01-14,0022100640,SAC,HOU,1,1,1379.0899830947249,1394.367397430486,15.277414335760929,1339.564180066339,0.6056360484557297,12.0,12.0,0.2913126124515909,1.2913126124515908,45
2021-22,2022-01-16,0022100651,SAC,HOU,1,0,1394.367397430486,1372.0752977380562,-22.29209969242962,1324.286765730578,0.6467748886972468,6.0,-6.0,0.1488850336233179,1.1488850336233178,46
2021-22,2022-01-19,0022100679,SAC,DET,1,0,1372.0752977380562,1353.9266235326306,-18.14867420542558,1353.730844743897,0.5761712285706446,2.0,-2.0,0.0499583749578799,1.04995837495788,47
2021-22,2022-01-22,0022100696,SAC,MIL,0,0,1353.9266235326306,1347.375525012462,-6.551098520168539,1570.7388399785375,0.1900711944898405,6.0,-6.0,0.1488850336233179,1.1488850336233178,48
2021-22,2022-01-25,0022100717,SAC,BOS,0,0,1347.375525012462,1334.730368476035,-12.645156536427072,1526.5837312895248,0.2256425364177444,53.0,-53.0,0.8680219810175624,1.8680219810175624,49
2021-22,2022-01-26,0022100725,SAC,ATL,0,0,1334.730368476035,1324.1184163969665,-10.611952079068727,1488.3062088939396,0.2524609809131173,17.0,-17.0,0.4011342849479459,1.401134284947946,50
2021-22,2022-01-29,0022100747,SAC,PHI,0,0,1324.1184163969665,1319.6676464648674,-4.4507699320988365,1602.5983013291082,0.1412998850955205,2.0,-2.0,0.0499583749578799,1.04995837495788,51
2021-22,2022-01-31,0022100763,SAC,NYK,0,0,1319.6676464648674,1307.0819103100007,-12.585736154866597,1442.8105575110042,0.2869294956375022,20.0,-20.0,0.4621171572600097,1.4621171572600098,52
2021-22,2022-02-02,0022100780,SAC,BKN,1,1,1307.0819103100007,1333.729936902939,26.64802659293836,1489.5843320453216,0.2996233252875281,11.0,11.0,0.2682711820216014,1.2682711820216013,53
2021-22,2022-02-03,0022100785,SAC,GSW,0,0,1333.729936902939,1329.7564747053952,-3.973462197543838,1675.5237741415865,0.1025690747855939,12.0,-12.0,0.2913126124515909,1.2913126124515908,54
2021-22,2022-02-05,0022100801,SAC,OKC,1,1,1329.7564747053952,1349.746294949177,19.98982024378175,1389.2827624123856,0.4647623482703391,10.0,10.0,0.2449186624037091,1.2449186624037092,55
2021-22,2022-02-08,0022100824,SAC,MIN,1,0,1349.746294949177,1339.5911816538885,-10.155113295288556,1593.1676486247898,0.2315161783231999,20.0,-20.0,0.4621171572600097,1.4621171572600098,56
2021-22,2022-02-09,0022100830,SAC,MIN,1,1,1339.5911816538885,1370.6794562571074,31.08827460321904,1603.3227619200784,0.2113703822230618,13.0,13.0,0.3140209253469976,1.3140209253469977,57
2021-22,2022-02-12,0022100847,SAC,WAS,0,1,1370.6794562571074,1394.802479680693,24.12302342358568,1414.8027820842008,0.3880609012570725,13.0,13.0,0.3140209253469976,1.3140209253469977,58
2021-22,2022-02-14,0022100859,SAC,BKN,0,0,1394.802479680693,1374.0166090190255,-20.785870661667413,1394.1192008673054,0.4507742432419549,24.0,-24.0,0.5370495669980352,1.5370495669980353,59
2021-22,2022-02-16,0022100878,SAC,CHI,0,0,1374.0166090190255,1366.6714403578148,-7.345168661210928,1570.5577440030302,0.2086870255623569,7.0,-7.0,0.1732351578346601,1.17323515783466,60
2021-22,2022-02-24,0022100895,SAC,DEN,1,0,1366.6714403578148,1356.0168519373522,-10.654588420462602,1592.7296897463143,0.2497736801541035,18.0,-18.0,0.4218990052500079,1.4218990052500078,61
2021-22,2022-02-26,0022100911,SAC,DEN,0,0,1356.0168519373522,1350.4696429581031,-5.547208979248815,1603.3842781667772,0.1644563279358086,5.0,-5.0,0.1243530017715962,1.124353001771596,62
2021-22,2022-02-28,0022100925,SAC,OKC,0,1,1350.4696429581031,1375.599117516581,25.1294745584775,1361.1669597822624,0.4346128946363806,21.0,21.0,0.4815497983643079,1.481549798364308,63
2021-22,2022-03-02,0022100937,SAC,NOP,0,0,1375.599117516581,1363.3099747134413,-12.289142803139711,1530.9658485679347,0.2505203534148533,30.0,-30.0,0.6351489523872873,1.6351489523872873,64
2021-22,2022-03-03,0022100944,SAC,SAS,0,1,1363.3099747134413,1385.6655157728176,22.35554105937632,1469.9811469642002,0.3067144405586766,3.0,3.0,0.074859690687499,1.0748596906874992,65
2021-22,2022-03-05,0022100954,SAC,DAL,0,0,1385.6655157728176,1381.0077112296494,-4.657804543168096,1649.996220946563,0.1514740879700449,1.0,-1.0,0.0249947929684206,1.0249947929684209,66
2021-22,2022-03-07,0022100974,SAC,NYK,1,0,1381.0077112296494,1358.3084522967686,-22.69925893288089,1382.332342631997,0.5483115572570141,16.0,-16.0,0.3799489622552249,1.379948962255225,67
2021-22,2022-03-09,0022100991,SAC,DEN,1,0,1358.3084522967686,1351.0069705475703,-7.301481749198375,1621.5483773591986,0.2118425411163259,6.0,-6.0,0.1488850336233179,1.1488850336233178,68
2021-22,2022-03-12,0022101010,SAC,UTA,0,0,1351.0069705475703,1344.1033326728582,-6.903637874712184,1569.6812883552846,0.1884265288705163,9.0,-9.0,0.2212784678984439,1.221278467898444,69
2021-22,2022-03-14,0022101026,SAC,CHI,1,1,1344.1033326728582,1370.4182060064943,26.314873333636314,1541.653386094748,0.2817670437079345,9.0,9.0,0.2212784678984439,1.221278467898444,70
2021-22,2022-03-16,0022101043,SAC,MIL,1,0,1370.4182060064943,1362.247293132217,-8.17091287427747,1622.249346818815,0.2230152824560927,9.0,-9.0,0.2212784678984439,1.221278467898444,71
2021-22,2022-03-18,0022101057,SAC,BOS,1,0,1362.247293132217,1353.9578193731463,-8.289473759070361,1672.0034908760597,0.1705656334480245,29.0,-29.0,0.619996867969374,1.619996867969374,72
2021-22,2022-03-20,0022101066,SAC,PHX,1,0,1353.9578193731463,1349.9892910589533,-3.968528314193195,1730.0809708940194,0.1230712048147994,3.0,-3.0,0.074859690687499,1.0748596906874992,73
2021-22,2022-03-23,0022101086,SAC,IND,0,1,1349.9892910589533,1368.234737077688,18.245446018734707,1380.6259726757216,0.4066491477517572,1.0,1.0,0.0249947929684206,1.0249947929684209,74
2021-22,2022-03-26,0022101108,SAC,ORL,0,1,1368.234737077688,1386.0059851714816,17.77124809379339,1360.169839350679,0.4613147428539917,4.0,4.0,0.0996679946249558,1.099667994624956,75
2021-22,2022-03-28,0022101125,SAC,MIA,0,0,1386.0059851714816,1374.635716022225,-11.370269149256307,1542.3100895324471,0.249508573994119,23.0,-23.0,0.5190218338982221,1.519021833898222,76
2021-22,2022-03-30,0022101142,SAC,HOU,0,1,1374.635716022225,1389.7532360189928,15.11751999676748,1317.9425292565656,0.5311784993041573,3.0,3.0,0.074859690687499,1.0748596906874992,77
2021-22,2022-04-01,0022101154,SAC,HOU,0,1,1389.7532360189928,1404.1164231908017,14.363187171808974,1302.8250092597982,0.5741791901897506,5.0,5.0,0.1243530017715962,1.124353001771596,78
2021-22,2022-04-03,0022101176,SAC,GSW,1,0,1404.1164231908017,1386.5329252764795,-17.583497914322127,1504.9354060995934,0.4063959648936192,19.0,-19.0,0.4422303560457261,1.442230356045726,79
2021-22,2022-04-05,0022101188,SAC,NOP,1,0,1386.5329252764795,1371.7673113330775,-14.765613943402006,1515.2565781737962,0.368300013819216,14.0,-14.0,0.3363755443363322,1.3363755443363323,80
2021-22,2022-04-09,0022101212,SAC,LAC,0,0,1371.7673113330775,1360.985992176909,-10.781319156168566,1528.3748619953576,0.2491816260135803,19.0,-19.0,0.4422303560457261,1.442230356045726,81
2021-22,2022-04-10,0022101229,SAC,PHX,0,1,1360.985992176909,1392.6706464095791,31.684654232670315,1708.083968790547,0.099792455045188,7.0,7.0,0.1732351578346601,1.17323515783466,82
2021-22,2021-10-20,0022100010,SAS,ORL,1,1,1500.0,1521.2081450165124,21.20814501651232,1500.0,0.550199353253537,26.0,26.0,0.5716699660851172,1.5716699660851172,1
2021-22,2021-10-22,0022100024,SAS,DEN,0,0,1521.2081450165124,1505.7102842508982,-15.497860765614211,1521.31438092657,0.4496493067061591,6.0,-6.0,0.1488850336233179,1.1488850336233178,2
2021-22,2021-10-23,0022100032,SAS,MIL,1,0,1505.7102842508982,1484.5877262269212,-21.122558023977117,1494.8855815080174,0.5655672846179722,10.0,-10.0,0.2449186624037091,1.2449186624037092,3
2021-22,2021-10-26,0022100053,SAS,LAL,1,0,1484.5877262269212,1466.1275868933874,-18.460139333533707,1477.998792533231,0.5595670518667039,4.0,-4.0,0.0996679946249558,1.099667994624956,4
2021-22,2021-10-28,0022100069,SAS,DAL,0,0,1466.1275868933874,1453.2876338830447,-12.83995301034272,1515.6828865985665,0.3806619744899612,5.0,-5.0,0.1243530017715962,1.124353001771596,5
2021-22,2021-10-30,0022100085,SAS,MIL,0,1,1453.2876338830447,1476.6026277555104,23.314993872465784,1515.4962488867109,0.3636451613260147,9.0,9.0,0.2212784678984439,1.221278467898444,6
2021-22,2021-11-01,0022100095,SAS,IND,0,0,1476.6026277555104,1455.9789312021944,-20.623696553315895,1425.490804527907,0.5231701706695864,13.0,-13.0,0.3140209253469976,1.3140209253469977,7
2021-22,2021-11-03,0022100116,SAS,DAL,1,0,1455.9789312021944,1441.0563534816715,-14.92257772052266,1501.2037527068312,0.4852895456280435,1.0,-1.0,0.0249947929684206,1.0249947929684209,8
2021-22,2021-11-05,0022100125,SAS,ORL,0,1,1441.0563534816715,1461.8233899715383,20.767036489866783,1424.7011813003908,0.4731936635792725,13.0,13.0,0.3140209253469976,1.3140209253469977,9
2021-22,2021-11-07,0022100144,SAS,OKC,0,0,1461.8233899715383,1445.4770899902956,-16.34629998124287,1437.5183880852687,0.4846135201159151,5.0,-5.0,0.1243530017715962,1.124353001771596,10
2021-22,2021-11-10,0022100166,SAS,SAC,1,1,1445.4770899902956,1467.1752111582364,21.69812116794073,1481.5156331225637,0.4985054207421682,19.0,19.0,0.4422303560457261,1.442230356045726,11
2021-22,2021-11-12,0022100181,SAS,DAL,1,0,1467.1752111582364,1448.4812688311106,-18.693942327125843,1525.6386369181762,0.4662846559450119,14.0,-14.0,0.3363755443363322,1.3363755443363323,12
2021-22,2021-11-14,0022100192,SAS,LAL,0,0,1448.4812688311106,1433.962377124053,-14.51889170705732,1480.8926125138455,0.4041865977419741,8.0,-8.0,0.197375320224904,1.197375320224904,13
2021-22,2021-11-16,0022100212,SAS,LAC,0,0,1433.962377124053,1422.9118719289336,-11.05050519511965,1566.8127217651036,0.2756337279081114,14.0,-14.0,0.3363755443363322,1.3363755443363323,14
2021-22,2021-11-18,0022100227,SAS,MIN,0,0,1422.9118719289336,1403.2917897273085,-19.620082201625095,1443.4922397390392,0.4206888311196988,25.0,-25.0,0.5545997223493823,1.5545997223493822,15
2021-22,2021-11-22,0022100260,SAS,PHX,1,0,1403.2917897273085,1395.3789857484269,-7.912803978881795,1638.6714926954078,0.2398543323245022,4.0,-4.0,0.0996679946249558,1.099667994624956,16
2021-22,2021-11-24,0022100277,SAS,ATL,1,0,1395.3789857484269,1379.7480103705152,-15.630975377911412,1525.4972295720322,0.366434261978709,18.0,-18.0,0.4218990052500079,1.4218990052500078,17
2021-22,2021-11-26,0022100287,SAS,BOS,1,1,1379.7480103705152,1403.5893554164145,23.8413450458994,1532.8547665864985,0.3362887240896958,8.0,8.0,0.197375320224904,1.197375320224904,18
2021-22,2021-11-29,0022100311,SAS,WAS,1,1,1403.5893554164145,1431.0640759562814,27.474720539866933,1548.9063753574292,0.3463695608379261,17.0,17.0,0.4011342849479459,1.401134284947946,19
2021-22,2021-12-02,0022100332,SAS,POR,0,1,1431.0640759562814,1463.646110655006,32.582034698724655,1509.9692622270602,0.34170824088864,31.0,31.0,0.6498274636719203,1.6498274636719203,20
2021-22,2021-12-04,0022100346,SAS,GSW,0,1,1463.646110655006,1491.524347652645,27.87823699763904,1699.8200257789197,0.1735028366324911,5.0,5.0,0.1243530017715962,1.124353001771596,21
2021-22,2021-12-06,0022100360,SAS,PHX,0,0,1491.524347652645,1484.6108340985325,-6.9135135541126695,1687.144715211887,0.2095636618781028,4.0,-4.0,0.0996679946249558,1.099667994624956,22
2021-22,2021-12-07,0022100364,SAS,NYK,1,0,1484.6108340985325,1462.0992496809756,-22.51158441755689,1462.752202941825,0.5811033982137512,12.0,-12.0,0.2913126124515909,1.2913126124515908,23
2021-22,2021-12-09,0022100381,SAS,DEN,1,1,1462.0992496809756,1481.4716331563986,19.372383475422996,1497.1475773413415,0.4999304509064871,12.0,12.0,0.2913126124515909,1.2913126124515908,24
2021-22,2021-12-11,0022100397,SAS,DEN,1,0,1481.4716331563986,1458.8362567530016,-22.635376403396908,1477.7751938659187,0.5554595187510802,15.0,-15.0,0.3583573983507859,1.358357398350786,25
2021-22,2021-12-12,0022100401,SAS,NOP,1,1,1458.8362567530016,1474.6998489508956,15.863592197893944,1415.6069467386335,0.6107162906916273,15.0,15.0,0.3583573983507859,1.358357398350786,26
2021-22,2021-12-15,0022100423,SAS,CHA,1,0,1474.6998489508956,1452.9167870176698,-21.783061933225728,1491.4912073607204,0.526180376449722,16.0,-16.0,0.3799489622552249,1.379948962255225,27
2021-22,2021-12-17,0022100437,SAS,UTA,0,1,1452.9167870176698,1478.5673772499647,25.650590232294952,1674.7480035831543,0.1856632655136146,2.0,2.0,0.0499583749578799,1.04995837495788,28
2021-22,2021-12-19,0022100451,SAS,SAC,0,0,1478.5673772499647,1459.5917620443383,-18.97561520562635,1416.3247880199965,0.5391250872686093,7.0,-7.0,0.1732351578346601,1.17323515783466,29
2021-22,2021-12-20,0022100463,SAS,LAC,0,1,1459.5917620443383,1487.7123571693337,28.120595124995337,1502.1804875858925,0.3901607397971597,24.0,24.0,0.5370495669980352,1.5370495669980353,30
2021-22,2021-12-23,0022100487,SAS,LAL,0,1,1487.7123571693337,1513.1888167910374,25.476459621703615,1473.105629673665,0.4706853797267224,28.0,28.0,0.6043677771171634,1.6043677771171634,31
2021-22,2021-12-26,0022100498,SAS,DET,1,1,1513.1888167910374,1522.102788508394,8.913971717356565,1278.079179529391,0.8256168710918774,35.0,35.0,0.703905603936621,1.703905603936621,32
2021-22,2021-12-27,0022100504,SAS,UTA,1,0,1522.102788508394,1509.3842417743422,-12.71854673405179,1650.295556333088,0.3690112982538219,6.0,-6.0,0.1488850336233179,1.1488850336233178,33
2021-22,2021-12-31,0022100535,SAS,MEM,0,0,1509.3842417743422,1495.5142434911927,-13.869998283149526,1580.5143204819126,0.351846205175838,13.0,-13.0,0.3140209253469976,1.3140209253469977,34
2021-22,2022-01-01,0022100540,SAS,DET,0,0,1495.5142434911927,1472.1049342102117,-23.409309280981084,1259.049877538294,0.7612822179381324,1.0,-1.0,0.0249947929684206,1.0249947929684209,35
2021-22,2022-01-04,0022100563,SAS,TOR,0,0,1472.1049342102117,1453.8642735442274,-18.24066066598428,1513.9997180198952,0.3911116240781295,25.0,-25.0,0.5545997223493823,1.5545997223493822,36
2021-22,2022-01-05,0022100570,SAS,BOS,0,1,1453.8642735442274,1473.8913511341193,20.027077589891945,1515.6605921474004,0.3641945538810733,2.0,2.0,0.0499583749578799,1.04995837495788,37
2021-22,2022-01-07,0022100582,SAS,PHI,0,0,1473.8913511341193,1460.425377634206,-13.465973499913211,1576.8882177481833,0.3112302978846807,19.0,-19.0,0.4422303560457261,1.442230356045726,38
2021-22,2022-01-09,0022100602,SAS,BKN,0,0,1460.425377634206,1450.180745785099,-10.244631849107144,1552.204081543662,0.3252393013363701,2.0,-2.0,0.0499583749578799,1.04995837495788,39
2021-22,2022-01-10,0022100610,SAS,NYK,0,0,1450.180745785099,1432.088186163718,-18.09255962138102,1454.2706143527805,0.4439813273332342,15.0,-15.0,0.3583573983507859,1.358357398350786,40
2021-22,2022-01-12,0022100623,SAS,HOU,1,0,1432.088186163718,1408.8534515891154,-23.234734574602548,1316.3294454917366,0.7042954385072319,4.0,-4.0,0.0996679946249558,1.099667994624956,41
2021-22,2022-01-14,0022100638,SAS,CLE,1,0,1408.8534515891154,1398.6846363949685,-10.168815194146996,1589.8285104716992,0.3014716071709513,5.0,-5.0,0.1243530017715962,1.124353001771596,42
2021-22,2022-01-15,0022100648,SAS,LAC,1,1,1398.6846363949685,1417.53016660637,18.845530211401837,1458.3446806403092,0.4645708184031516,7.0,7.0,0.1732351578346601,1.17323515783466,43
2021-22,2022-01-17,0022100664,SAS,PHX,1,0,1417.53016660637,1409.1811669754172,-8.348999630952866,1684.531564373449,0.2082498358173993,14.0,-14.0,0.3363755443363322,1.3363755443363323,44
2021-22,2022-01-19,0022100676,SAS,OKC,1,1,1409.1811669754172,1426.9830704122576,17.801903436840238,1370.452687702462,0.6045392945708364,22.0,22.0,0.5005202111902353,1.5005202111902354,45
2021-22,2022-01-21,0022100691,SAS,BKN,1,0,1426.9830704122576,1411.7759183793346,-15.207152032922863,1552.0765526039102,0.3731750335953859,15.0,-15.0,0.3583573983507859,1.358357398350786,46
2021-22,2022-01-23,0022100704,SAS,PHI,1,0,1411.7759183793346,1400.2093915431078,-11.5665268362269,1565.4291067595957,0.3355870111084642,6.0,-6.0,0.1488850336233179,1.1488850336233178,47
2021-22,2022-01-25,0022100719,SAS,HOU,0,1,1400.2093915431078,1424.95715602145,24.74776447834201,1368.3333516476198,0.4955043811714986,30.0,30.0,0.6351489523872873,1.6351489523872873,48
2021-22,2022-01-26,0022100728,SAS,MEM,1,0,1424.95715602145,1415.2784258002478,-9.678730221202244,1633.2320789839498,0.269442951810751,8.0,-8.0,0.197375320224904,1.197375320224904,49
2021-22,2022-01-28,0022100742,SAS,CHI,1,1,1415.2784258002478,1438.3128086501547,23.034382849907,1541.7627767799638,0.3713041031626421,9.0,9.0,0.2212784678984439,1.221278467898444,50
2021-22,2022-01-30,0022100758,SAS,PHX,0,0,1438.3128086501547,1434.0851103513032,-4.227698298851495,1740.8170481152567,0.1253372174097781,5.0,-5.0,0.1243530017715962,1.124353001771596,51
2021-22,2022-02-01,0022100771,SAS,GSW,1,0,1434.0851103513032,1426.1056178948918,-7.979492456411507,1667.5442816851748,0.2418758054071562,4.0,-4.0,0.0996679946249558,1.099667994624956,52
2021-22,2022-02-03,0022100521,SAS,MIA,1,0,1426.1056178948918,1410.936873449724,-15.168744445167938,1560.4023390963168,0.3608682053324503,17.0,-17.0,0.4011342849479459,1.401134284947946,53
2021-22,2022-02-04,0022100792,SAS,HOU,1,1,1410.936873449724,1428.078242595303,17.141369145579024,1351.6461603476112,0.6324591061576887,25.0,25.0,0.5545997223493823,1.5545997223493822,54
2021-22,2022-02-09,0022100825,SAS,CLE,0,0,1428.078242595303,1418.852997803261,-9.22524479204206,1599.06329985319,0.2340207479219028,13.0,-13.0,0.3140209253469976,1.3140209253469977,55
2021-22,2022-02-11,0022100841,SAS,ATL,0,1,1418.852997803261,1447.1822667237332,28.329268920472323,1527.0781840281409,0.30481553296485,15.0,15.0,0.3583573983507859,1.358357398350786,56
2021-22,2022-02-12,0022100848,SAS,NOP,0,1,1447.1822667237332,1469.9146195570795,22.732352833346365,1488.918033223972,0.3913296367637285,10.0,10.0,0.2449186624037091,1.2449186624037092,57
2021-22,2022-02-14,0022100861,SAS,CHI,0,0,1469.9146195570795,1457.3619353647755,-12.552684192303992,1558.0050598107262,0.3299158826136652,11.0,-11.0,0.2682711820216014,1.2682711820216013,58
2021-22,2022-02-16,0022100881,SAS,OKC,0,1,1457.3619353647755,1472.1956085193578,14.83367315458229,1361.2506671502094,0.5870503062260081,8.0,8.0,0.197375320224904,1.197375320224904,59
2021-22,2022-02-25,0022100899,SAS,WAS,0,1,1472.1956085193578,1487.3353498864187,15.13974136706098,1408.584798072717,0.5410814463679885,4.0,4.0,0.0996679946249558,1.099667994624956,60
2021-22,2022-02-26,0022100908,SAS,MIA,0,0,1487.3353498864187,1478.5548035889767,-8.78054629744209,1628.5210166901234,0.2661574929997156,4.0,-4.0,0.0996679946249558,1.099667994624956,61
2021-22,2022-02-28,0022100923,SAS,MEM,0,0,1478.5548035889767,1469.9811469642002,-8.573656624776541,1665.9733800164815,0.2174916309523373,13.0,-13.0,0.3140209253469976,1.3140209253469977,62
2021-22,2022-03-03,0022100944,SAS,SAC,1,0,1469.9811469642002,1447.625605904824,-22.35554105937632,1363.3099747134413,0.6932855594413234,3.0,-3.0,0.074859690687499,1.0748596906874992,63
2021-22,2022-03-05,0022100955,SAS,CHA,0,0,1447.625605904824,1432.708893044074,-14.916712860750016,1459.6136204602583,0.4327880923445157,6.0,-6.0,0.1488850336233179,1.1488850336233178,64
2021-22,2022-03-07,0022100973,SAS,LAL,1,1,1432.708893044074,1447.41617719303,14.70728414895592,1410.107047983848,0.5821444646527669,7.0,7.0,0.1732351578346601,1.17323515783466,65
2021-22,2022-03-09,0022100989,SAS,TOR,1,0,1447.41617719303,1428.3240300973307,-19.092147095699232,1504.32621907235,0.4685106467286509,15.0,-15.0,0.3583573983507859,1.358357398350786,66
2021-22,2022-03-11,0022101002,SAS,UTA,1,1,1428.3240300973307,1449.61262545298,21.28859535564927,1590.9698837109338,0.3241447831522119,2.0,2.0,0.0499583749578799,1.04995837495788,67
2021-22,2022-03-12,0022101007,SAS,IND,1,0,1449.61262545298,1422.8060767235536,-26.806548729426307,1333.6473103163205,0.7045430322637348,11.0,-11.0,0.2682711820216014,1.2682711820216013,68
2021-22,2022-03-14,0022101024,SAS,MIN,1,0,1422.8060767235536,1412.3212016947216,-10.48487502883203,1621.240540128673,0.2807378866179006,10.0,-10.0,0.2449186624037091,1.2449186624037092,69
2021-22,2022-03-16,0022101040,SAS,OKC,1,1,1412.3212016947216,1422.0959728268358,9.774771132114113,1308.5880820672546,0.6896775032468554,2.0,2.0,0.0499583749578799,1.04995837495788,70
2021-22,2022-03-18,0022101054,SAS,NOP,1,0,1422.0959728268358,1398.7991886810528,-23.29678414578292,1482.9589196570691,0.4628488235356327,33.0,-33.0,0.6777821008468294,1.6777821008468294,71
2021-22,2022-03-20,0022101070,SAS,GSW,0,1,1398.7991886810528,1422.946139062106,24.146950381053255,1570.3866104968854,0.2333997563785348,2.0,2.0,0.0499583749578799,1.04995837495788,72
2021-22,2022-03-23,0022101094,SAS,POR,0,1,1422.946139062106,1446.085778200112,23.1396391380057,1350.4876751963016,0.5536991595735727,37.0,37.0,0.7282542059818115,1.7282542059818111,73
2021-22,2022-03-26,0022101107,SAS,NOP,0,1,1446.085778200112,1468.0544334343929,21.96865523428105,1530.9127043657827,0.3340821853607579,4.0,4.0,0.0996679946249558,1.099667994624956,74
2021-22,2022-03-28,0022101128,SAS,HOU,0,1,1468.0544334343929,1479.5047031961233,11.450269761730343,1329.392799018296,0.6449065287021617,3.0,3.0,0.074859690687499,1.0748596906874992,75
2021-22,2022-03-30,0022101144,SAS,MEM,1,0,1479.5047031961233,1471.3190437296917,-8.185659466431582,1690.6510892928086,0.2662016601640686,1.0,-1.0,0.0249947929684206,1.0249947929684209,76
2021-22,2022-04-01,0022101158,SAS,POR,1,1,1471.3190437296917,1479.4860713716096,8.167027641917832,1253.022386205669,0.8112407954877611,19.0,19.0,0.4422303560457261,1.442230356045726,77
2021-22,2022-04-03,0022101175,SAS,POR,1,1,1479.4860713716096,1487.254447709975,7.768376338365483,1244.855358563751,0.825219592192309,21.0,21.0,0.4815497983643079,1.481549798364308,78
2021-22,2022-04-05,0022101186,SAS,DEN,0,1,1487.254447709975,1517.1051582124803,29.85071050250529,1591.184504905725,0.3100799194485297,19.0,19.0,0.4422303560457261,1.442230356045726,79
2021-22,2022-04-07,0022101199,SAS,MIN,0,0,1517.1051582124803,1505.4000064052875,-11.705151807192832,1597.633920288175,0.3396090256967804,6.0,-6.0,0.1488850336233179,1.1488850336233178,80
2021-22,2022-04-09,0022101215,SAS,GSW,1,0,1505.4000064052875,1487.74379976408,-17.65620664120746,1531.871689307757,0.5122707704855918,6.0,-6.0,0.1488850336233179,1.1488850336233178,81
2021-22,2022-04-10,0022101219,SAS,DAL,0,0,1487.74379976408,1478.2779654862818,-9.465834277798132,1640.408100494441,0.2534525497840248,10.0,-10.0,0.2449186624037091,1.2449186624037092,82
2021-22,2021-10-20,0022100006,TOR,WAS,1,0,1500.0,1477.5789791382072,-22.421020861792783,1500.0,0.550199353253537,15.0,-15.0,0.3583573983507859,1.358357398350786,1
2021-22,2021-10-22,0022100020,TOR,BOS,0,1,1477.5789791382072,1505.5834966599382,28.004517521731135,1485.1610587443392,0.4390244650418505,32.0,32.0,0.664036770267849,1.664036770267849,2
2021-22,2021-10-23,0022100029,TOR,DAL,1,0,1505.5834966599382,1484.461816165851,-21.121680494087297,1478.7918549834876,0.5879994389205659,8.0,-8.0,0.197375320224904,1.197375320224904,3
2021-22,2021-10-25,0022100046,TOR,CHI,1,0,1484.461816165851,1469.7685887381506,-14.693227427700243,1550.351154926474,0.4556634245691546,3.0,-3.0,0.074859690687499,1.0748596906874992,4
2021-22,2021-10-27,0022100058,TOR,IND,1,1,1469.7685887381506,1489.2423087643272,19.473720026176625,1474.478429090802,0.5434809374816175,18.0,18.0,0.4218990052500079,1.4218990052500078,5
2021-22,2021-10-29,0022100071,TOR,ORL,1,1,1489.2423087643272,1501.1499691122324,11.907660347905258,1444.5203930785003,0.6127570458701141,1.0,1.0,0.0249947929684206,1.0249947929684209,6
2021-22,2021-10-30,0022100081,TOR,IND,0,1,1501.1499691122324,1516.0811227785848,14.931153666352316,1440.421958194259,0.5369580545965,3.0,3.0,0.074859690687499,1.0748596906874992,7
2021-22,2021-11-01,0022100099,TOR,NYK,0,1,1516.0811227785848,1538.7467586375628,22.66563585897809,1565.1159257976988,0.3813686107154921,9.0,9.0,0.2212784678984439,1.221278467898444,8
2021-22,2021-11-03,0022100112,TOR,WAS,0,1,1538.7467586375628,1559.1196613722482,20.372902734685297,1542.8614762428954,0.4439460158571191,9.0,9.0,0.2212784678984439,1.221278467898444,9
2021-22,2021-11-05,0022100127,TOR,CLE,1,0,1559.1196613722482,1540.6460294605772,-18.4736319116709,1523.124497118342,0.6007715693907939,1.0,-1.0,0.0249947929684206,1.0249947929684209,10
2021-22,2021-11-07,0022100139,TOR,BKN,1,0,1540.6460294605772,1519.042024067025,-21.604005393552136,1542.1624686405803,0.5480380861729707,13.0,-13.0,0.3140209253469976,1.3140209253469977,11
2021-22,2021-11-10,0022100160,TOR,BOS,0,0,1519.042024067025,1498.9230713133015,-20.11895275372359,1493.7845749964993,0.4859830158946255,16.0,-16.0,0.3799489622552249,1.379948962255225,12
2021-22,2021-11-11,0022100171,TOR,PHI,0,1,1498.9230713133015,1520.4864621489037,21.563390835601915,1553.131457763914,0.3743676055617168,6.0,6.0,0.1488850336233179,1.1488850336233178,13
2021-22,2021-11-13,0022100189,TOR,DET,1,0,1520.4864621489037,1495.7165905898237,-24.769871559079945,1392.5661759231205,0.7186640622332041,6.0,-6.0,0.1488850336233179,1.1488850336233178,14
2021-22,2021-11-15,0022100208,TOR,POR,0,0,1495.7165905898237,1479.7494107968594,-15.96717979296415,1479.235842891212,0.4733738653194423,5.0,-5.0,0.1243530017715962,1.124353001771596,15
2021-22,2021-11-18,0022100229,TOR,UTA,0,0,1479.7494107968594,1465.2727870857186,-14.47662371114079,1552.5244252159564,0.3496898341197081,16.0,-16.0,0.3799489622552249,1.379948962255225,16
2021-22,2021-11-19,0022100238,TOR,SAC,0,1,1465.2727870857186,1488.1208670793028,22.848079993584214,1449.8003241312276,0.4719271694287785,19.0,19.0,0.4422303560457261,1.442230356045726,17
2021-22,2021-11-21,0022100252,TOR,GSW,0,0,1488.1208670793028,1478.0828124506197,-10.03805462868308,1647.3880593465806,0.2463282648310015,15.0,-15.0,0.3583573983507859,1.358357398350786,18
2021-22,2021-11-24,0022100272,TOR,MEM,0,1,1478.0828124506197,1500.0373079414128,21.954495490793043,1482.813499193266,0.443070880955328,13.0,13.0,0.3140209253469976,1.3140209253469977,19
2021-22,2021-11-26,0022100284,TOR,IND,0,0,1500.0373079414128,1480.3208590006766,-19.716448940736228,1486.5646656116908,0.4690592270501924,17.0,-17.0,0.4011342849479459,1.401134284947946,20
2021-22,2021-11-28,0022100302,TOR,BOS,1,0,1480.3208590006766,1460.5995659822906,-19.72129301838606,1509.0134215405992,0.509076135094937,12.0,-12.0,0.2913126124515909,1.2913126124515908,21
2021-22,2021-11-30,0022100315,TOR,MEM,1,0,1460.5995659822906,1441.232474849189,-19.36709113310163,1460.56577403188,0.5502474931182543,7.0,-7.0,0.1732351578346601,1.17323515783466,22
2021-22,2021-12-02,0022100329,TOR,MIL,1,1,1441.232474849189,1462.9928891046536,21.760414255464553,1591.1532278512868,0.3403944232311683,4.0,4.0,0.0996679946249558,1.099667994624956,23
2021-22,2021-12-05,0022100351,TOR,WAS,1,1,1462.9928891046536,1483.4164048088912,20.42351570423755,1516.9141391352755,0.4727970204554633,12.0,12.0,0.2913126124515909,1.2913126124515908,24
2021-22,2021-12-08,0022100371,TOR,OKC,1,0,1483.4164048088912,1461.4870399840388,-21.92936482485236,1360.2028511554709,0.7131536984477146,1.0,-1.0,0.0249947929684206,1.0249947929684209,25
2021-22,2021-12-10,0022100385,TOR,NYK,1,1,1461.4870399840388,1476.106438870943,14.619398886904376,1463.9934782443895,0.5466261313432903,3.0,3.0,0.074859690687499,1.0748596906874992,26
2021-22,2021-12-13,0022100406,TOR,SAC,1,1,1476.106438870943,1493.5314644697348,17.425025598791716,1427.811422707682,0.6176261764876595,23.0,23.0,0.5190218338982221,1.519021833898222,27
2021-22,2021-12-14,0022100413,TOR,BKN,0,0,1493.5314644697348,1484.5210926021432,-9.010371867591738,1617.4176421133436,0.2860548913967882,2.0,-2.0,0.0499583749578799,1.04995837495788,28
2021-22,2021-12-18,0022100443,TOR,GSW,1,1,1484.5210926021432,1515.949994233753,31.428901631609733,1689.1413070190015,0.2736042130888446,19.0,19.0,0.4422303560457261,1.442230356045726,29
2021-22,2021-12-26,0022100494,TOR,CLE,0,0,1515.949994233753,1499.3051320188067,-16.64486221494626,1622.6708488965648,0.3066536297556779,45.0,-45.0,0.809301070201781,1.8093010702017809,30
2021-22,2021-12-28,0022100510,TOR,PHI,1,0,1499.3051320188067,1481.7164823897392,-17.58864962906746,1519.3944289715312,0.5214450622225629,5.0,-5.0,0.1243530017715962,1.124353001771596,31
2021-22,2021-12-31,0022100534,TOR,LAC,1,1,1481.7164823897392,1497.9328296432402,16.21634725350109,1482.8678936686183,0.5485585018167024,8.0,8.0,0.197375320224904,1.197375320224904,32
2021-22,2022-01-02,0022100545,TOR,NYK,1,1,1497.9328296432402,1513.9997180198952,16.066888376655076,1458.340496390508,0.6057275157931614,15.0,15.0,0.3583573983507859,1.358357398350786,33
2021-22,2022-01-04,0022100563,TOR,SAS,1,1,1513.9997180198952,1532.2403786858797,18.24066066598428,1472.1049342102117,0.6088883759218705,25.0,25.0,0.5545997223493823,1.5545997223493822,34
2021-22,2022-01-05,0022100573,TOR,MIL,0,1,1532.2403786858797,1553.882979882878,21.64260119699836,1588.1554375661783,0.3720694248886215,6.0,6.0,0.1488850336233179,1.1488850336233178,35
2021-22,2022-01-07,0022100584,TOR,UTA,1,1,1553.882979882878,1579.1974771749174,25.31449729203947,1682.3989087028308,0.368578256331105,14.0,14.0,0.3363755443363322,1.3363755443363323,36
2021-22,2022-01-09,0022100599,TOR,NOP,1,1,1579.1974771749174,1589.073034568011,9.87555739309366,1466.4684546425076,0.7006503344232323,4.0,4.0,0.0996679946249558,1.099667994624956,37
2021-22,2022-01-11,0022100613,TOR,PHX,1,0,1589.073034568011,1573.9095968872912,-15.163437680719843,1652.181395200036,0.459636840538444,4.0,-4.0,0.0996679946249558,1.099667994624956,38
2021-22,2022-01-14,0022100633,TOR,DET,0,0,1573.9095968872912,1542.3666168940372,-31.542979993254036,1336.8197774958585,0.7619359086465518,16.0,-16.0,0.3799489622552249,1.379948962255225,39
2021-22,2022-01-15,0022100641,TOR,MIL,0,1,1542.3666168940372,1563.3815177232111,21.01490082917402,1575.6806772208315,0.4029358141647854,7.0,7.0,0.1732351578346601,1.17323515783466,40
2021-22,2022-01-17,0022100662,TOR,MIA,0,0,1563.3815177232111,1549.6875247549642,-13.693992968246942,1594.4990635383276,0.4059814235881995,5.0,-5.0,0.1243530017715962,1.124353001771596,41
2021-22,2022-01-19,0022100675,TOR,DAL,0,0,1549.6875247549642,1537.5369153836518,-12.150609371312292,1608.4026394387074,0.3683114488707197,4.0,-4.0,0.0996679946249558,1.099667994624956,42
2021-22,2022-01-21,0022100689,TOR,WAS,0,1,1537.5369153836518,1552.336892878044,14.799977494392014,1466.7076623533485,0.5513804297681206,4.0,4.0,0.0996679946249558,1.099667994624956,43
2021-22,2022-01-23,0022100702,TOR,POR,1,0,1552.336892878044,1526.9412246952909,-25.395668182753173,1445.7810655510816,0.6931443524220327,9.0,-9.0,0.2212784678984439,1.221278467898444,44
2021-22,2022-01-25,0022100715,TOR,CHA,1,1,1526.9412246952909,1545.4538075452735,18.512582849982593,1546.5571971050465,0.5221249377965373,12.0,12.0,0.2913126124515909,1.2913126124515908,45
2021-22,2022-01-26,0022100472,TOR,CHI,0,0,1545.4538075452735,1528.954675426578,-16.499132118695577,1525.2636446612682,0.478699830294337,6.0,-6.0,0.1488850336233179,1.1488850336233178,46
2021-22,2022-01-29,0022100748,TOR,MIA,0,1,1528.954675426578,1551.378553991888,22.42387856530987,1624.6720745253251,0.3202833741664127,4.0,4.0,0.0996679946249558,1.099667994624956,47
2021-22,2022-01-31,0022100767,TOR,ATL,0,1,1551.378553991888,1569.426779225592,18.04822523370417,1532.8208073444914,0.4763553443700037,6.0,6.0,0.1488850336233179,1.1488850336233178,48
2021-22,2022-02-01,0022100784,TOR,MIA,1,1,1569.426779225592,1584.5529669071543,15.126187681562245,1575.528526777879,0.5414922881118902,4.0,4.0,0.0996679946249558,1.099667994624956,49
2021-22,2022-02-03,0022100430,TOR,CHI,1,1,1584.5529669071543,1598.2397726258191,13.68680571866507,1541.015632704672,0.6111377550849613,7.0,7.0,0.1732351578346601,1.17323515783466,50
2021-22,2022-02-04,0022100790,TOR,ATL,1,1,1598.2397726258191,1612.413508277995,14.173735652175726,1542.660519124493,0.6274788375153058,11.0,11.0,0.2682711820216014,1.2682711820216013,51
2021-22,2022-02-07,0022100810,TOR,CHA,0,1,1612.413508277995,1627.2287413405102,14.81523306251513,1480.1391278582232,0.6364424394614983,15.0,15.0,0.3583573983507859,1.358357398350786,52
2021-22,2022-02-09,0022100827,TOR,OKC,0,1,1627.2287413405102,1636.3410103284334,9.11226898792328,1362.6994604202284,0.7893940462949094,19.0,19.0,0.4422303560457261,1.442230356045726,53
2021-22,2022-02-10,0022100834,TOR,HOU,0,1,1636.3410103284334,1643.219599564875,6.878589236441147,1311.9559516428558,0.8410196353722414,19.0,19.0,0.4422303560457261,1.442230356045726,54
2021-22,2022-02-12,0022100850,TOR,DEN,1,0,1643.219599564875,1622.290087201449,-20.929512363425545,1546.766413634433,0.6806380060661235,1.0,-1.0,0.0249947929684206,1.0249947929684209,55
2021-22,2022-02-14,0022100863,TOR,NOP,0,0,1622.290087201449,1589.5436876161873,-32.74639958526174,1466.1856803906255,0.6675518161500945,30.0,-30.0,0.6351489523872873,1.6351489523872873,56
2021-22,2022-02-16,0022100880,TOR,MIN,0,1,1589.5436876161873,1609.965212016126,20.421524399938615,1573.4291136312747,0.4728484230432831,12.0,12.0,0.2913126124515909,1.2913126124515908,57
2021-22,2022-02-25,0022100896,TOR,CHA,0,0,1609.965212016126,1575.2807293614978,-34.68448265462794,1432.0665833311327,0.6947859821840559,32.0,-32.0,0.664036770267849,1.664036770267849,58
2021-22,2022-02-26,0022100906,TOR,ATL,0,0,1575.2807293614978,1549.4636480684103,-25.817081293087227,1511.14490842034,0.5418318029437221,27.0,-27.0,0.5882592563981054,1.5882592563981053,59
2021-22,2022-02-28,0022100726,TOR,BKN,0,1,1549.4636480684103,1568.4008853109378,18.937237242527413,1420.3608323809788,0.6322076415882397,36.0,36.0,0.7162978701990245,1.7162978701990244,60
2021-22,2022-03-01,0022100928,TOR,BKN,1,1,1568.4008853109378,1575.724932613819,7.324047302881104,1401.4235951384514,0.7618183899363883,1.0,1.0,0.0249947929684206,1.0249947929684209,61
2021-22,2022-03-03,0022100942,TOR,DET,1,0,1575.724932613819,1549.4970953216034,-26.227837292215455,1331.9743109978026,0.832662764472849,2.0,-2.0,0.0499583749578799,1.04995837495788,62
2021-22,2022-03-04,0022100458,TOR,ORL,1,0,1549.4970953216034,1521.6104350633177,-27.886660258285996,1333.625966168507,0.8090934381930835,6.0,-6.0,0.1488850336233179,1.1488850336233178,63
2021-22,2022-03-06,0022100962,TOR,CLE,0,0,1521.6104350633177,1504.32621907235,-17.284215990967688,1499.701369774549,0.481169540828718,8.0,-8.0,0.197375320224904,1.197375320224904,64
2021-22,2022-03-09,0022100989,TOR,SAS,0,1,1504.32621907235,1523.418366168049,19.092147095699232,1447.41617719303,0.531489353271349,15.0,15.0,0.3583573983507859,1.358357398350786,65
2021-22,2022-03-11,0022101003,TOR,PHX,0,1,1523.418366168049,1550.3469482523285,26.928582084279476,1727.4489061623876,0.201656951691351,5.0,5.0,0.1243530017715962,1.124353001771596,66
2021-22,2022-03-12,0022101009,TOR,DEN,0,1,1550.3469482523285,1574.511543544105,24.164595291776525,1603.177918714962,0.3762265605098931,12.0,12.0,0.2913126124515909,1.2913126124515908,67
2021-22,2022-03-14,0022101028,TOR,LAL,0,1,1574.511543544105,1585.6212473436883,11.109703799583237,1385.643612514079,0.7080092449977308,11.0,11.0,0.2682711820216014,1.2682711820216013,68
2021-22,2022-03-16,0022101044,TOR,LAC,0,1,1585.6212473436883,1598.8208223492777,13.199575005589198,1486.9217471084507,0.5906574250279892,3.0,3.0,0.074859690687499,1.0748596906874992,69
2021-22,2022-03-18,0022101051,TOR,LAL,1,0,1598.8208223492777,1571.0833359489454,-27.737486400331992,1367.6546970412612,0.8223243754890499,5.0,-5.0,0.1243530017715962,1.124353001771596,70
2021-22,2022-03-20,0022101069,TOR,PHI,0,1,1571.0833359489454,1592.2275517682133,21.144215819267934,1626.199712910198,0.3731442057209234,5.0,5.0,0.1243530017715962,1.124353001771596,71
2021-22,2022-03-21,0022101076,TOR,CHI,0,0,1592.2275517682133,1568.3869382700038,-23.84061349820955,1490.6489059185365,0.5946585299131919,14.0,-14.0,0.3363755443363322,1.3363755443363323,72
2021-22,2022-03-24,0022101095,TOR,CLE,1,1,1568.3869382700038,1582.4640993678445,14.07716109784064,1501.2465623177502,0.6428986067041198,13.0,13.0,0.3140209253469976,1.3140209253469977,73
2021-22,2022-03-26,0022101109,TOR,IND,1,1,1582.4640993678445,1592.059492876686,9.595393508841422,1355.885005867162,0.8184335198812128,40.0,40.0,0.7615941559557649,1.7615941559557649,74
2021-22,2022-03-28,0022101127,TOR,BOS,1,1,1592.059492876686,1612.9209154363232,20.861422559637266,1732.2734880831358,0.3530497440618216,3.0,3.0,0.074859690687499,1.0748596906874992,75
2021-22,2022-03-30,0022101141,TOR,MIN,1,1,1612.9209154363232,1634.5755107204157,21.65459528409252,1630.6650921973792,0.5248127270490256,23.0,23.0,0.5190218338982221,1.519021833898222,76
2021-22,2022-04-01,0022101151,TOR,ORL,0,1,1634.5755107204157,1640.982900162143,6.407389441727401,1314.7727084116414,0.8374609993359281,13.0,13.0,0.3140209253469976,1.3140209253469977,77
2021-22,2022-04-03,0022101172,TOR,MIA,1,0,1640.982900162143,1620.4853206035214,-20.497579558621684,1599.9653306319665,0.6076851761657446,5.0,-5.0,0.1243530017715962,1.124353001771596,78
2021-22,2022-04-05,0022101182,TOR,ATL,1,1,1620.4853206035214,1635.4012532055417,14.915932602020346,1584.6011735358456,0.6006182826107846,10.0,10.0,0.2449186624037091,1.2449186624037092,79
2021-22,2022-04-07,0022101197,TOR,PHI,1,1,1635.4012532055417,1650.1020532946386,14.70080008909679,1625.5640439657925,0.5641700881623075,5.0,5.0,0.1243530017715962,1.124353001771596,80
2021-22,2022-04-08,0022101206,TOR,HOU,1,1,1650.1020532946386,1652.8228407555584,2.7207874609197495,1275.3558755592464,0.9136223706319502,2.0,2.0,0.0499583749578799,1.04995837495788,81
2021-22,2022-04-10,0022101226,TOR,NYK,0,0,1652.8228407555584,1626.7111099427452,-26.11173081281324,1481.8379900210873,0.6862814825662026,11.0,-11.0,0.2682711820216014,1.2682711820216013,82
2021-22,2021-10-20,0022100011,UTA,OKC,1,1,1500.0,1519.9920617247408,19.99206172474073,1500.0,0.550199353253537,21.0,21.0,0.4815497983643079,1.481549798364308,1
2021-22,2021-10-22,0022100026,UTA,SAC,0,1,1519.9920617247408,1540.0329226820031,20.04086095726223,1517.7416131996367,0.4530086985608281,9.0,9.0,0.2212784678984439,1.221278467898444,2
2021-22,2021-10-26,0022100054,UTA,DEN,1,1,1540.0329226820031,1555.955892345712,15.922969663709026,1512.5436346587735,0.5889719883945879,12.0,12.0,0.2913126124515909,1.2913126124515908,3
2021-22,2021-10-28,0022100068,UTA,HOU,0,1,1555.955892345712,1576.728391541569,20.772499195856913,1464.6635575892092,0.5803096656417468,31.0,31.0,0.6498274636719203,1.6498274636719203,4
2021-22,2021-10-30,0022100083,UTA,CHI,0,0,1576.728391541569,1559.0275555425485,-17.700835999020438,1546.7542681014224,0.4927676866792186,8.0,-8.0,0.197375320224904,1.197375320224904,5
2021-22,2021-10-31,0022100091,UTA,MIL,0,1,1559.0275555425485,1576.6267548655596,17.59919932301122,1492.1812550142452,0.5457025883763684,12.0,12.0,0.2913126124515909,1.2913126124515908,6
2021-22,2021-11-02,0022100105,UTA,SAC,1,1,1576.6267548655596,1588.281033700674,11.654278835114416,1494.9534989045512,0.661866984248792,6.0,6.0,0.1488850336233179,1.1488850336233178,7
2021-22,2021-11-04,0022100120,UTA,ATL,0,1,1588.281033700674,1606.2999830152105,18.01894931453634,1498.9304918494734,0.5775848765628253,18.0,18.0,0.4218990052500079,1.4218990052500078,8
2021-22,2021-11-06,0022100134,UTA,MIA,0,0,1606.2999830152105,1590.2659595574175,-16.034023457792777,1573.2151213031862,0.4972439223683584,3.0,-3.0,0.074859690687499,1.0748596906874992,9
2021-22,2021-11-07,0022100141,UTA,ORL,0,0,1590.2659595574175,1565.4526691305196,-24.81329042689809,1403.934144810524,0.7049820109577425,7.0,-7.0,0.1732351578346601,1.17323515783466,10
2021-22,2021-11-09,0022100156,UTA,ATL,1,1,1565.4526691305196,1577.162245626478,11.709576495958403,1455.1319993939298,0.6977345278221084,12.0,12.0,0.2913126124515909,1.2913126124515908,11
2021-22,2021-11-11,0022100172,UTA,IND,1,0,1577.162245626478,1550.4729144751532,-26.689331151324815,1463.7602165312005,0.7014622616377281,11.0,-11.0,0.2682711820216014,1.2682711820216013,12
2021-22,2021-11-13,0022100185,UTA,MIA,1,0,1550.4729144751532,1530.712978870728,-19.759935604425323,1534.163798599541,0.5733075989946838,6.0,-6.0,0.1488850336233179,1.1488850336233178,13
2021-22,2021-11-16,0022100211,UTA,PHI,1,1,1530.712978870728,1552.5244252159564,21.811446345228436,1514.4057960871758,0.5733048768500569,35.0,35.0,0.703905603936621,1.703905603936621,14
2021-22,2021-11-18,0022100229,UTA,TOR,1,1,1552.5244252159564,1567.0010489270971,14.47662371114079,1479.7494107968594,0.6503101658802919,16.0,16.0,0.3799489622552249,1.379948962255225,15
2021-22,2021-11-20,0022100247,UTA,SAC,0,1,1567.0010489270971,1582.070347445367,15.069298518269854,1426.9522441376434,0.6467330318437943,18.0,18.0,0.4218990052500079,1.4218990052500078,16
2021-22,2021-11-22,0022100261,UTA,MEM,1,0,1582.070347445367,1560.2173546949027,-21.85299275046428,1460.9605064428015,0.7106700411351117,1.0,-1.0,0.0249947929684206,1.0249947929684209,17
2021-22,2021-11-24,0022100276,UTA,OKC,0,1,1560.2173546949027,1572.3632865843492,12.145931889446446,1419.5071965789557,0.647602340994875,6.0,6.0,0.1488850336233179,1.1488850336233178,18
2021-22,2021-11-26,0022100289,UTA,NOP,1,0,1572.3632865843492,1548.4182971826542,-23.94498940169496,1388.8049615039376,0.7787027981657493,1.0,-1.0,0.0249947929684206,1.0249947929684209,19
2021-22,2021-11-27,0022100299,UTA,NOP,1,1,1548.4182971826542,1560.6808507839996,12.262553601345338,1412.7499509056329,0.7275932815411509,22.0,22.0,0.5005202111902353,1.5005202111902354,20
2021-22,2021-11-29,0022100312,UTA,POR,1,1,1560.6808507839996,1578.1483691950643,17.46751841106471,1516.5367504786311,0.6119674967654671,22.0,22.0,0.5005202111902353,1.5005202111902354,21
2021-22,2021-12-03,0022100339,UTA,BOS,1,1,1578.1483691950643,1592.1546399369377,14.006270741873353,1541.2185661836386,0.6020612847492134,7.0,7.0,0.1732351578346601,1.17323515783466,22
2021-22,2021-12-05,0022100349,UTA,CLE,0,1,1592.1546399369377,1608.3108648195712,16.156224882633545,1574.8253953661674,0.4745916436692472,1.0,1.0,0.0249947929684206,1.0249947929684209,23
2021-22,2021-12-08,0022100374,UTA,MIN,0,1,1608.3108648195712,1627.4111200799848,19.10025526041355,1490.1887007365324,0.6173911618283308,32.0,32.0,0.664036770267849,1.664036770267849,24
2021-22,2021-12-09,0022100379,UTA,PHI,0,1,1627.4111200799848,1646.720772180817,19.309652100832253,1542.707407764834,0.5710453846421804,22.0,22.0,0.5005202111902353,1.5005202111902354,25
2021-22,2021-12-11,0022100392,UTA,WAS,0,1,1646.720772180817,1662.110288232058,15.389516051241143,1488.6792228768893,0.6700218963120229,25.0,25.0,0.5545997223493823,1.5545997223493822,26
2021-22,2021-12-15,0022100425,UTA,LAC,1,1,1662.110288232058,1674.7480035831543,12.63771535109648,1536.7589185902586,0.7156645164172221,21.0,21.0,0.4815497983643079,1.481549798364308,27
2021-22,2021-12-17,0022100437,UTA,SAS,1,0,1674.7480035831543,1649.0974133508596,-25.650590232294952,1452.9167870176698,0.8143367344863853,2.0,-2.0,0.0499583749578799,1.04995837495788,28
2021-22,2021-12-18,0022100447,UTA,WAS,1,0,1649.0974133508596,1621.1396903718437,-27.95772297901587,1430.8978132815687,0.8111552261773799,6.0,-6.0,0.1488850336233179,1.1488850336233178,29
2021-22,2021-12-20,0022100461,UTA,CHA,1,1,1621.1396903718437,1631.0897987599603,9.950108388116597,1480.1867483975873,0.7335807634504473,10.0,10.0,0.2449186624037091,1.2449186624037092,30
2021-22,2021-12-23,0022100484,UTA,MIN,1,1,1631.0897987599603,1642.329293621128,11.239494861167682,1510.6561743186146,0.7098689929200747,12.0,12.0,0.2913126124515909,1.2913126124515908,31
2021-22,2021-12-25,0022100492,UTA,DAL,1,1,1642.329293621128,1650.295556333088,7.9662627119600335,1478.4899980736177,0.7585252169776647,4.0,4.0,0.0996679946249558,1.099667994624956,32
2021-22,2021-12-27,0022100504,UTA,SAS,0,1,1650.295556333088,1663.01410306714,12.71854673405179,1522.102788508394,0.6309887017461782,6.0,6.0,0.1488850336233179,1.1488850336233178,33
2021-22,2021-12-29,0022100523,UTA,POR,0,1,1663.01410306714,1671.7409725660584,8.726869498918333,1402.1680652637265,0.7858474873276151,15.0,15.0,0.3583573983507859,1.358357398350786,34
2021-22,2021-12-31,0022100537,UTA,MIN,1,1,1671.7409725660584,1680.4769133822172,8.735940816158724,1492.3964395755877,0.7744945535284103,12.0,12.0,0.2913126124515909,1.2913126124515908,35
2021-22,2022-01-01,0022100544,UTA,GSW,1,0,1680.4769133822172,1660.6830307870491,-19.79388259516788,1671.908584972707,0.5623732651545538,7.0,-7.0,0.1732351578346601,1.17323515783466,36
2021-22,2022-01-03,0022100557,UTA,NOP,0,1,1660.6830307870491,1671.3522690576308,10.669238270581346,1461.9700160477,0.7195857788717086,11.0,11.0,0.2682711820216014,1.2682711820216013,37
2021-22,2022-01-05,0022100575,UTA,DEN,0,1,1671.3522690576308,1682.3989087028308,11.0466396451999,1505.8102450358238,0.6794968071388497,6.0,6.0,0.1488850336233179,1.1488850336233178,38
2021-22,2022-01-07,0022100584,UTA,TOR,0,0,1682.3989087028308,1657.0844114107913,-25.31449729203947,1553.882979882878,0.6314217436688949,14.0,-14.0,0.3363755443363322,1.3363755443363323,39
2021-22,2022-01-08,0022100594,UTA,IND,0,0,1657.0844114107913,1626.8789509607257,-30.205460450065654,1402.509611876407,0.7797094769773267,12.0,-12.0,0.2913126124515909,1.2913126124515908,40
2021-22,2022-01-10,0022100608,UTA,DET,0,0,1626.8789509607257,1595.7858991707003,-31.093051790025104,1313.290874087164,0.8325323500784684,10.0,-10.0,0.2449186624037091,1.2449186624037092,41
2021-22,2022-01-12,0022100624,UTA,CLE,1,0,1595.7858991707003,1569.6721179440167,-26.113781226683756,1563.7147292450154,0.595341741187158,20.0,-20.0,0.4621171572600097,1.4621171572600098,42
2021-22,2022-01-16,0022100653,UTA,DEN,0,1,1569.6721179440167,1592.682975119661,23.0108571756443,1538.1111552362752,0.495050989126948,23.0,23.0,0.5190218338982221,1.519021833898222,43
2021-22,2022-01-17,0022100665,UTA,LAL,0,0,1592.682975119661,1570.366636633736,-22.316338485924913,1452.0673488643906,0.6474781442533126,6.0,-6.0,0.1488850336233179,1.1488850336233178,44
2021-22,2022-01-19,0022100677,UTA,HOU,1,0,1570.366636633736,1542.8413430064495,-27.52529362728668,1346.5788654230078,0.8160335643081316,5.0,-5.0,0.1243530017715962,1.124353001771596,45
2021-22,2022-01-21,0022100693,UTA,DET,1,1,1542.8413430064495,1551.5823422939802,8.740999287530665,1371.8795189493226,0.7659552774675951,10.0,10.0,0.2449186624037091,1.2449186624037092,46
2021-22,2022-01-23,0022100708,UTA,GSW,0,0,1551.5823422939802,1539.737166489298,-11.845175804682174,1604.542366033034,0.3760522349328802,2.0,-2.0,0.0499583749578799,1.04995837495788,47
2021-22,2022-01-24,0022100713,UTA,PHX,0,0,1539.737166489298,1531.7950112088051,-7.942155280492918,1714.2200164151436,0.2304308103960932,6.0,-6.0,0.1488850336233179,1.1488850336233178,48
2021-22,2022-01-26,0022100731,UTA,PHX,1,0,1531.7950112088051,1521.3703092391506,-10.424701969654524,1722.1621716956363,0.2902098112310194,8.0,-8.0,0.197375320224904,1.197375320224904,49
2021-22,2022-01-28,0022100740,UTA,MEM,0,0,1521.3703092391506,1510.5835689582575,-10.786740280893104,1642.910809205152,0.2888204829935339,10.0,-10.0,0.2449186624037091,1.2449186624037092,50
2021-22,2022-01-30,0022100757,UTA,MIN,0,0,1510.5835689582575,1492.6635368523011,-17.920032105956402,1539.859365455368,0.4085407250478324,20.0,-20.0,0.4621171572600097,1.4621171572600098,51
2021-22,2022-02-02,0022100779,UTA,DEN,1,1,1492.6635368523011,1511.4871551894994,18.823618337198248,1577.0407165127249,0.4294151074322488,4.0,4.0,0.0996679946249558,1.099667994624956,52
2021-22,2022-02-04,0022100793,UTA,BKN,1,1,1511.4871551894994,1528.8963341534566,17.40917896395726,1462.9363054523833,0.6179739141892256,23.0,23.0,0.5190218338982221,1.519021833898222,53
2021-22,2022-02-07,0022100814,UTA,NYK,1,1,1528.8963341534566,1540.4016621429291,11.505327989472647,1428.1580231722503,0.6859758498466275,9.0,9.0,0.2212784678984439,1.221278467898444,54
2021-22,2022-02-09,0022100828,UTA,GSW,1,1,1540.4016621429291,1571.2432555216692,30.841593378739972,1686.0907180875056,0.3458848646287682,26.0,26.0,0.5716699660851172,1.5716699660851172,55
2021-22,2022-02-11,0022100844,UTA,ORL,1,1,1571.2432555216692,1578.7714540682298,7.528198546560592,1348.3466349179885,0.8152622042941777,15.0,15.0,0.3583573983507859,1.358357398350786,56
2021-22,2022-02-14,0022100865,UTA,HOU,1,1,1578.7714540682298,1586.1111536901744,7.339699621944556,1305.0773624064143,0.8553243030938348,34.0,34.0,0.6910694698329306,1.6910694698329305,57
2021-22,2022-02-16,0022100884,UTA,LAL,0,0,1586.1111536901744,1563.0989445022628,-23.01220918791161,1418.379502447617,0.6822355953943358,5.0,-5.0,0.1243530017715962,1.124353001771596,58
2021-22,2022-02-25,0022100903,UTA,DAL,1,1,1563.0989445022628,1581.4051414229052,18.306196920642485,1627.8549620642284,0.4572820430416967,5.0,5.0,0.1243530017715962,1.124353001771596,59
2021-22,2022-02-27,0022100913,UTA,PHX,0,1,1581.4051414229052,1606.306002889202,24.900861466296984,1741.7291254622648,0.2452006245518532,4.0,4.0,0.0996679946249558,1.099667994624956,60
2021-22,2022-03-02,0022100935,UTA,HOU,0,1,1606.306002889202,1611.0332793312243,4.7272764420222755,1256.171355342665,0.8598519493855962,5.0,5.0,0.1243530017715962,1.124353001771596,61
2021-22,2022-03-04,0022100950,UTA,NOP,0,0,1611.0332793312243,1583.281191143141,-27.75208818808315,1543.2549913710743,0.5470322909684076,34.0,-34.0,0.6910694698329306,1.6910694698329305,62
2021-22,2022-03-06,0022100965,UTA,OKC,0,1,1583.281191143141,1593.0804725716434,9.799281428502344,1356.1169657634734,0.7514174181075892,13.0,13.0,0.3140209253469976,1.3140209253469977,63
2021-22,2022-03-07,0022100972,UTA,DAL,0,0,1593.0804725716434,1579.9874773115992,-13.09299526004432,1654.654025489731,0.3644915407583605,8.0,-8.0,0.197375320224904,1.197375320224904,64
2021-22,2022-03-09,0022100990,UTA,POR,1,1,1579.9874773115992,1590.9698837109338,10.982406399334732,1385.2608614592402,0.7895828373295823,38.0,38.0,0.7397830512740042,1.7397830512740042,65
2021-22,2022-03-11,0022101002,UTA,SAS,0,0,1590.9698837109338,1569.6812883552846,-21.28859535564927,1428.3240300973307,0.675855216847788,2.0,-2.0,0.0499583749578799,1.04995837495788,66
2021-22,2022-03-12,0022101010,UTA,SAC,1,1,1569.6812883552846,1576.5849262299969,6.903637874712184,1351.0069705475703,0.8115734711294836,9.0,9.0,0.2212784678984439,1.221278467898444,67
2021-22,2022-03-14,0022101027,UTA,MIL,1,0,1576.5849262299969,1559.0088694269396,-17.576056803057018,1604.673290015758,0.5099453321749754,6.0,-6.0,0.1488850336233179,1.1488850336233178,68
2021-22,2022-03-16,0022101041,UTA,CHI,1,1,1559.0088694269396,1574.8478715995832,15.839002172643616,1515.3385127611116,0.6113197162034546,15.0,15.0,0.3583573983507859,1.358357398350786,69
2021-22,2022-03-18,0022101055,UTA,LAC,1,1,1574.8478715995832,1590.0860796259217,15.238208026338372,1473.7221721028616,0.6864560187815036,29.0,29.0,0.619996867969374,1.619996867969374,70
2021-22,2022-03-20,0022101067,UTA,NYK,0,1,1590.0860796259217,1604.719021799484,14.63294217356253,1454.4442399203765,0.640915756257552,15.0,15.0,0.3583573983507859,1.358357398350786,71
2021-22,2022-03-21,0022101075,UTA,BKN,0,0,1604.719021799484,1582.4803463049209,-22.238675494563044,1485.342705364345,0.6190950912641697,8.0,-8.0,0.197375320224904,1.197375320224904,72
2021-22,2022-03-23,0022101087,UTA,BOS,0,0,1582.4803463049209,1568.4843201056262,-13.996026199294572,1702.358446676618,0.2907900627881299,28.0,-28.0,0.6043677771171634,1.6043677771171634,73
2021-22,2022-03-25,0022101100,UTA,CHA,0,0,1568.4843201056262,1550.4182560431416,-18.066064062484664,1516.6815988843748,0.5241622249329414,6.0,-6.0,0.1488850336233179,1.1488850336233178,74
2021-22,2022-03-27,0022101121,UTA,DAL,0,0,1550.4182560431416,1535.8841530061422,-14.534103036999367,1613.4680212827968,0.3625254168160557,14.0,-14.0,0.3363755443363322,1.3363755443363323,75
2021-22,2022-03-29,0022101135,UTA,LAC,0,0,1535.8841530061422,1515.32547059288,-20.55868241326216,1432.9902734198586,0.5964821489702594,6.0,-6.0,0.1488850336233179,1.1488850336233178,76
2021-22,2022-03-31,0022101150,UTA,LAL,1,1,1515.32547059288,1525.9746866752776,10.649216082397444,1377.6680578555276,0.7298567605995246,13.0,13.0,0.3140209253469976,1.3140209253469977,77
2021-22,2022-04-02,0022101165,UTA,GSW,0,0,1525.9746866752776,1509.353352596722,-16.621334078555414,1488.314072021038,0.5038288574308635,4.0,-4.0,0.0996679946249558,1.099667994624956,78
2021-22,2022-04-05,0022101187,UTA,MEM,1,1,1509.353352596722,1534.590898075464,25.237545478741897,1719.110235936533,0.2677670164220431,6.0,6.0,0.1488850336233179,1.1488850336233178,79
2021-22,2022-04-06,0022101194,UTA,OKC,1,1,1534.590898075464,1545.4235059364032,10.83260786093934,1339.8328452602104,0.7896129017184494,36.0,36.0,0.7162978701990245,1.7162978701990244,80
2021-22,2022-04-08,0022101210,UTA,PHX,1,0,1545.4235059364032,1533.7382097433158,-11.685296193087412,1696.3986725974596,0.339032942116488,6.0,-6.0,0.1488850336233179,1.1488850336233178,81
2021-22,2022-04-10,0022101230,UTA,POR,0,1,1533.7382097433158,1541.8735279242778,8.135318180962024,1216.2578910579575,0.8356329503115487,31.0,31.0,0.6498274636719203,1.6498274636719203,82
2021-22,2021-10-20,0022100006,WAS,TOR,0,1,1500.0,1522.4210208617928,22.421020861792783,1500.0,0.449800646746463,15.0,15.0,0.3583573983507859,1.358357398350786,1
2021-22,2021-10-22,0022100019,WAS,IND,1,1,1522.4210208617928,1534.686316786649,12.265295924856268,1486.1687003763311,0.6011265615201958,1.0,1.0,0.0249947929684206,1.0249947929684209,2
2021-22,2021-10-25,0022100044,WAS,BKN,0,0,1534.686316786649,1513.468299277981,-21.218017508668037,1479.3430616487558,0.5292428863176899,14.0,-14.0,0.3363755443363322,1.3363755443363323,3
2021-22,2021-10-27,0022100056,WAS,BOS,0,1,1513.468299277981,1533.1790844543298,19.71078517634875,1504.9120334858237,0.4620177217440357,9.0,9.0,0.2212784678984439,1.221278467898444,4
2021-22,2021-10-28,0022100066,WAS,ATL,1,1,1533.1790844543298,1550.4090267169752,17.22994226264545,1535.315399476215,0.547154096934242,11.0,11.0,0.2682711820216014,1.2682711820216013,5
2021-22,2021-10-30,0022100078,WAS,BOS,1,1,1550.4090267169752,1562.0065314892215,11.597504772246364,1485.201248309475,0.640340506060892,3.0,3.0,0.074859690687499,1.0748596906874992,6
2021-22,2021-11-01,0022100097,WAS,ATL,0,0,1562.0065314892215,1542.8614762428954,-19.145055246326056,1496.3955368141446,0.5439391275903134,7.0,-7.0,0.1732351578346601,1.17323515783466,7
2021-22,2021-11-03,0022100112,WAS,TOR,1,0,1542.8614762428954,1522.48857350821,-20.372902734685297,1538.7467586375628,0.5560539841428809,9.0,-9.0,0.2212784678984439,1.221278467898444,8
2021-22,2021-11-05,0022100126,WAS,MEM,1,1,1522.48857350821,1544.403360716468,21.914787208257973,1526.3552745844995,0.5446848800126542,28.0,28.0,0.6043677771171634,1.6043677771171634,9
2021-22,2021-11-07,0022100142,WAS,MIL,1,1,1544.403360716468,1556.9594462372966,12.55608552082855,1476.9870610681069,0.6432631759858997,7.0,7.0,0.1732351578346601,1.17323515783466,10
2021-22,2021-11-10,0022100158,WAS,CLE,0,1,1556.9594462372966,1575.0538952608272,18.094449023530615,1564.6585445721078,0.4388585728816665,3.0,3.0,0.074859690687499,1.0748596906874992,11
2021-22,2021-11-13,0022100187,WAS,ORL,0,1,1575.0538952608272,1587.4529539248124,12.39905866398526,1409.160964390038,0.6799365610767862,12.0,12.0,0.2913126124515909,1.2913126124515908,12
2021-22,2021-11-15,0022100201,WAS,NOP,1,1,1587.4529539248124,1593.8992103325788,6.446256407766509,1371.8106437136444,0.8088899008997645,5.0,5.0,0.1243530017715962,1.124353001771596,13
2021-22,2021-11-17,0022100213,WAS,CHA,0,0,1593.8992103325788,1572.9174220146283,-20.9817883179502,1515.736803727182,0.5617981038064559,10.0,-10.0,0.2449186624037091,1.2449186624037092,14
2021-22,2021-11-18,0022100225,WAS,MIA,0,0,1572.9174220146283,1554.9229148126472,-17.99450720198128,1578.7014484003462,0.441575175620909,15.0,-15.0,0.3583573983507859,1.358357398350786,15
2021-22,2021-11-20,0022100241,WAS,MIA,1,1,1554.9229148126472,1571.3600761875084,16.437161374861358,1596.6959556023276,0.4902540453334933,3.0,3.0,0.074859690687499,1.0748596906874992,16
2021-22,2021-11-22,0022100254,WAS,CHA,1,0,1571.3600761875084,1550.3262943682669,-21.03378181924162,1528.4593512915028,0.6102665106796612,6.0,-6.0,0.1488850336233179,1.1488850336233178,17
2021-22,2021-11-24,0022100275,WAS,NOP,0,0,1550.3262943682669,1516.9753259708482,-33.35096839741877,1355.453993106519,0.7151030137201977,25.0,-25.0,0.5545997223493823,1.5545997223493822,18
2021-22,2021-11-26,0022100286,WAS,OKC,0,1,1516.9753259708482,1529.3934759882775,12.418150017429216,1407.3612646895092,0.6057573864002821,2.0,2.0,0.0499583749578799,1.04995837495788,19
2021-22,2021-11-27,0022100298,WAS,DAL,0,1,1529.3934759882775,1548.9063753574292,19.51289936915172,1540.6232942832428,0.433859820664198,6.0,6.0,0.1488850336233179,1.1488850336233178,20
2021-22,2021-11-29,0022100311,WAS,SAS,0,0,1548.9063753574292,1521.4316548175625,-27.474720539866933,1403.5893554164145,0.653630439162074,17.0,-17.0,0.4011342849479459,1.401134284947946,21
2021-22,2021-12-01,0022100321,WAS,MIN,1,1,1521.4316548175625,1538.4731971082438,17.04154229068146,1538.6370185317603,0.5255861716085108,8.0,8.0,0.197375320224904,1.197375320224904,22
2021-22,2021-12-03,0022100334,WAS,CLE,1,0,1538.4731971082438,1516.9141391352755,-21.55905797296802,1553.2663373931994,0.5290472644667102,15.0,-15.0,0.3583573983507859,1.358357398350786,23
2021-22,2021-12-05,0022100351,WAS,TOR,0,0,1516.9141391352755,1496.490623431038,-20.42351570423755,1462.9928891046536,0.5272029795445368,12.0,-12.0,0.2913126124515909,1.2913126124515908,24
2021-22,2021-12-06,0022100355,WAS,IND,0,0,1496.490623431038,1478.3200238611296,-18.170599569908575,1442.5748090248735,0.5271951802001373,6.0,-6.0,0.1488850336233179,1.1488850336233178,25
2021-22,2021-12-08,0022100368,WAS,DET,0,1,1478.3200238611296,1488.6792228768893,10.359199015759826,1313.3792400150865,0.6787425960333514,3.0,3.0,0.074859690687499,1.0748596906874992,26
2021-22,2021-12-11,0022100392,WAS,UTA,1,0,1488.6792228768893,1473.2897068256482,-15.389516051241143,1646.720772180817,0.3299781036879771,25.0,-25.0,0.5545997223493823,1.5545997223493822,27
2021-22,2021-12-13,0022100411,WAS,DEN,0,0,1473.2897068256482,1459.1052898468977,-14.184416978750416,1500.4105702693157,0.4115415254392641,6.0,-6.0,0.1488850336233179,1.1488850336233178,28
2021-22,2021-12-15,0022100427,WAS,SAC,0,0,1459.1052898468977,1438.2685429699882,-20.83674687690941,1410.3863971088902,0.5197328192467361,14.0,-14.0,0.3363755443363322,1.3363755443363323,29
2021-22,2021-12-16,0022100432,WAS,PHX,0,0,1438.2685429699882,1430.8978132815687,-7.370729688419475,1681.1471527570868,0.1680378267870165,20.0,-20.0,0.4621171572600097,1.4621171572600098,30
2021-22,2021-12-18,0022100447,WAS,UTA,0,1,1430.8978132815687,1458.8555362605846,27.95772297901587,1649.0974133508596,0.1888447738226201,6.0,6.0,0.1488850336233179,1.1488850336233178,31
2021-22,2021-12-23,0022100480,WAS,NYK,0,1,1458.8555362605846,1477.5977548067071,18.74221854612245,1446.4665100824934,0.4675060544919979,7.0,7.0,0.1732351578346601,1.17323515783466,32
2021-22,2021-12-26,0022100495,WAS,PHI,1,0,1477.5977548067071,1454.3211833405103,-23.27657146619695,1496.1178575053343,0.5236987082017143,21.0,-21.0,0.4815497983643079,1.481549798364308,33
2021-22,2021-12-28,0022100509,WAS,MIA,0,0,1454.3211833405103,1443.6211805592886,-10.700002781221627,1563.21315641377,0.3040027883517603,7.0,-7.0,0.1732351578346601,1.17323515783466,34
2021-22,2021-12-30,0022100527,WAS,CLE,1,1,1443.6211805592886,1472.5401228860608,28.918942326772186,1615.9856825829936,0.3120111651100222,17.0,17.0,0.4011342849479459,1.401134284947946,35
2021-22,2022-01-01,0022100541,WAS,CHI,1,0,1472.5401228860608,1462.2792395614872,-10.260883324573465,1627.674192931106,0.3336889577379409,1.0,-1.0,0.0249947929684206,1.0249947929684209,36
2021-22,2022-01-03,0022100553,WAS,CHA,1,1,1462.2792395614872,1478.7196401751207,16.44040061363361,1504.1221101783276,0.4901535907098088,3.0,3.0,0.074859690687499,1.0748596906874992,37
2021-22,2022-01-05,0022100569,WAS,HOU,1,0,1478.7196401751207,1454.6695876860274,-24.05005248909344,1326.7084602590005,0.7458354083316246,3.0,-3.0,0.074859690687499,1.0748596906874992,38
2021-22,2022-01-07,0022100585,WAS,CHI,0,0,1454.6695876860274,1446.8324374003269,-7.837150285700648,1641.390579688754,0.2181758204333288,8.0,-8.0,0.197375320224904,1.197375320224904,39
2021-22,2022-01-09,0022100598,WAS,ORL,0,1,1446.8324374003269,1456.6596121870707,9.827174786743765,1274.4477078109906,0.6880138292105156,2.0,2.0,0.0499583749578799,1.04995837495788,40
2021-22,2022-01-11,0022100612,WAS,OKC,1,1,1456.6596121870707,1467.158368039633,10.498755852562276,1359.3090470460766,0.6817598310314591,4.0,4.0,0.0996679946249558,1.099667994624956,41
2021-22,2022-01-12,0022100620,WAS,ORL,1,1,1467.158368039633,1474.1565892418828,6.998221202249895,1264.6205330242467,0.7969561503127044,6.0,6.0,0.1488850336233179,1.1488850336233178,42
2021-22,2022-01-15,0022100642,WAS,POR,1,0,1474.1565892418828,1451.9983630137929,-22.1582262280899,1396.311424030942,0.6569178360999943,5.0,-5.0,0.1243530017715962,1.124353001771596,43
2021-22,2022-01-17,0022100656,WAS,PHI,1,1,1451.9983630137929,1481.1314244415144,29.1330614277215,1612.6486308464891,0.3266664763226439,19.0,19.0,0.4422303560457261,1.442230356045726,44
2021-22,2022-01-19,0022100669,WAS,BKN,1,0,1481.1314244415144,1466.7076623533485,-14.423762088165947,1537.6527905157443,0.4690678166404543,1.0,-1.0,0.0249947929684206,1.0249947929684209,45
2021-22,2022-01-21,0022100689,WAS,TOR,1,0,1466.7076623533485,1451.9076848589564,-14.799977494392014,1537.5369153836518,0.4486195702318794,4.0,-4.0,0.0996679946249558,1.099667994624956,46
2021-22,2022-01-23,0022100699,WAS,BOS,1,0,1451.9076848589564,1428.763084041124,-23.144600817832178,1503.4391304716926,0.4762272749914501,29.0,-29.0,0.619996867969374,1.619996867969374,47
2021-22,2022-01-25,0022100716,WAS,LAC,1,0,1428.763084041124,1412.6765872878489,-16.086496753275146,1447.6717390187482,0.5231407633687611,1.0,-1.0,0.0249947929684206,1.0249947929684209,48
2021-22,2022-01-29,0022100749,WAS,MEM,0,0,1412.6765872878489,1405.2400504086013,-7.43653687924751,1653.697549486045,0.1695380985105984,20.0,-20.0,0.4621171572600097,1.4621171572600098,49
2021-22,2022-02-01,0022100768,WAS,MIL,0,0,1405.2400504086013,1394.4925084380145,-10.747541970586708,1544.7224842847131,0.2680768894176905,14.0,-14.0,0.3363755443363322,1.3363755443363323,50
2021-22,2022-02-02,0022100774,WAS,PHI,0,1,1394.4925084380145,1420.9654341816893,26.472925743674693,1624.0567251047105,0.1790269318239373,3.0,3.0,0.074859690687499,1.0748596906874992,51
2021-22,2022-02-05,0022100798,WAS,PHX,1,0,1420.9654341816893,1413.7629263260176,-7.2025078556716124,1723.239700286763,0.1767455277090881,15.0,-15.0,0.3583573983507859,1.358357398350786,52
2021-22,2022-02-07,0022100811,WAS,MIA,1,0,1413.7629263260176,1400.3429286786943,-13.419997647323008,1594.355044542954,0.3019360236184037,21.0,-21.0,0.4815497983643079,1.481549798364308,53
2021-22,2022-02-10,0022100832,WAS,BKN,1,1,1400.3429286786943,1414.8027820842008,14.45985340550624,1414.640153541253,0.5297584760201561,1.0,1.0,0.0249947929684206,1.0249947929684209,54
2021-22,2022-02-12,0022100847,WAS,SAC,1,0,1414.8027820842008,1390.679758660615,-24.12302342358568,1370.6794562571074,0.6119390987429275,13.0,-13.0,0.3140209253469976,1.3140209253469977,55
2021-22,2022-02-14,0022100858,WAS,DET,1,1,1390.679758660615,1401.96917812966,11.289419469045123,1285.164518494886,0.6918688143670795,9.0,9.0,0.2212784678984439,1.221278467898444,56
2021-22,2022-02-16,0022100876,WAS,IND,0,0,1401.96917812966,1383.81567606687,-18.153502062790245,1340.379519816054,0.5381910614129942,5.0,-5.0,0.1243530017715962,1.124353001771596,57
2021-22,2022-02-17,0022100464,WAS,BKN,0,1,1383.81567606687,1408.584798072717,24.769122005847173,1432.2521015007476,0.3821816003038788,14.0,14.0,0.3363755443363322,1.3363755443363323,58
2021-22,2022-02-25,0022100899,WAS,SAS,1,0,1408.584798072717,1393.445056705656,-15.13974136706098,1472.1956085193578,0.4589185536320114,4.0,-4.0,0.0996679946249558,1.099667994624956,59
2021-22,2022-02-26,0022100907,WAS,CLE,0,0,1393.445056705656,1384.888248991835,-8.556807713820927,1550.9055916682416,0.2482641129848224,6.0,-6.0,0.1488850336233179,1.1488850336233178,60
2021-22,2022-03-01,0022100926,WAS,DET,1,1,1384.888248991835,1397.573686340722,12.685437348886822,1344.6597483466894,0.6066017590080992,3.0,3.0,0.074859690687499,1.0748596906874992,61
2021-22,2022-03-04,0022100948,WAS,ATL,1,0,1397.573686340722,1386.3554605502366,-11.218225790485436,1541.7196086744625,0.3478973701615592,3.0,-3.0,0.074859690687499,1.0748596906874992,62
2021-22,2022-03-06,0022100963,WAS,IND,1,1,1386.3554605502366,1401.7148777847924,15.359417234555922,1359.0299375384757,0.5887437549561214,10.0,10.0,0.2449186624037091,1.2449186624037092,63
2021-22,2022-03-09,0022100992,WAS,LAC,0,0,1401.7148777847924,1390.5483359650482,-11.166541819744277,1494.489836010015,0.3239819910302537,6.0,-6.0,0.1488850336233179,1.1488850336233178,64
2021-22,2022-03-11,0022101004,WAS,LAL,0,0,1390.5483359650482,1371.8163209567142,-18.732015008333896,1372.807085372987,0.4751830722276429,13.0,-13.0,0.3140209253469976,1.3140209253469977,65
2021-22,2022-03-12,0022101011,WAS,POR,0,0,1371.8163209567142,1355.4647840458097,-16.351536910904578,1374.2784550599056,0.4462956194596644,9.0,-9.0,0.2212784678984439,1.221278467898444,66
2021-22,2022-03-14,0022101025,WAS,GSW,0,0,1355.4647840458097,1348.2551281562444,-7.209655889565283,1584.0802012759814,0.179831084161943,14.0,-14.0,0.3363755443363322,1.3363755443363323,67
2021-22,2022-03-16,0022101035,WAS,DEN,1,0,1348.2551281562444,1338.6817345599177,-9.573393596326865,1598.6737437369966,0.2244274162224717,18.0,-18.0,0.4218990052500079,1.4218990052500078,68
2021-22,2022-03-18,0022101050,WAS,NYK,0,0,1338.6817345599177,1328.7586236774305,-9.92311088248722,1444.5211290378893,0.307733526166571,3.0,-3.0,0.074859690687499,1.0748596906874992,69
2021-22,2022-03-19,0022101061,WAS,LAL,1,1,1328.7586236774305,1348.3500416959714,19.591418018541127,1395.3921834415933,0.4546010292227822,8.0,8.0,0.197375320224904,1.197375320224904,70
2021-22,2022-03-21,0022101077,WAS,HOU,0,0,1348.3500416959714,1323.7549362976154,-24.595105398355965,1259.715600940795,0.5765788171908288,18.0,-18.0,0.4218990052500079,1.4218990052500078,71
2021-22,2022-03-24,0022101097,WAS,MIL,0,0,1323.7549362976154,1318.9127037255216,-4.842232572093694,1626.801930958619,0.1249951025388703,12.0,-12.0,0.2913126124515909,1.2913126124515908,72
2021-22,2022-03-25,0022101101,WAS,DET,0,1,1318.9127037255216,1339.614722427942,20.70201870242053,1385.378685906304,0.3579931445384232,3.0,3.0,0.074859690687499,1.0748596906874992,73
2021-22,2022-03-27,0022101117,WAS,GSW,1,1,1339.614722427942,1365.178650640089,25.56392821214687,1531.5666092641573,0.2883343041972511,8.0,8.0,0.197375320224904,1.197375320224904,74
2021-22,2022-03-29,0022101132,WAS,CHI,1,0,1365.178650640089,1350.1337659736232,-15.044884666465732,1484.0062511304775,0.3816500528075122,13.0,-13.0,0.3140209253469976,1.3140209253469977,75
2021-22,2022-03-30,0022101138,WAS,ORL,1,1,1350.1337659736232,1367.9991689592714,17.86540298564826,1332.6381113972895,0.5749776168834052,17.0,17.0,0.4011342849479459,1.401134284947946,76
2021-22,2022-04-01,0022101152,WAS,DAL,1,1,1367.9991689592714,1408.0847744141306,40.0856054548593,1647.0760123556056,0.1970208397016172,32.0,32.0,0.664036770267849,1.664036770267849,77
2021-22,2022-04-03,0022101166,WAS,BOS,0,0,1408.0847744141306,1400.5704571446463,-7.514317269484017,1687.6048810953564,0.1405748953844121,42.0,-42.0,0.7818063576087741,1.781806357608774,78
2021-22,2022-04-05,0022101184,WAS,MIN,0,1,1400.5704571446463,1435.6845422897006,35.11408514505403,1632.748005433229,0.1768265534236488,18.0,18.0,0.4218990052500079,1.4218990052500078,79
2021-22,2022-04-06,0022101192,WAS,ATL,0,0,1435.6845422897006,1424.506066958371,-11.178475331329258,1569.6852409338253,0.2743135531414955,15.0,-15.0,0.3583573983507859,1.358357398350786,80
2021-22,2022-04-08,0022101204,WAS,NYK,1,0,1424.506066958371,1401.986080546766,-22.519986411605363,1459.318003609482,0.5002706448883744,22.0,-22.0,0.5005202111902353,1.5005202111902354,81
2021-22,2022-04-10,0022101217,WAS,CHA,0,0,1401.986080546766,1391.2196385441475,-10.766442002618469,1548.6274921355734,0.2600686039147194,16.0,-16.0,0.3799489622552249,1.379948962255225,82
