season,gameDate,gameId,team,opponent,isHome,teamWin,ratingBefore,ratingAfter,ratingChange,opponentRatingBefore,pregameWinProbability,winnerMargin,signedMargin,marginDominance,dominanceMultiplier,teamGameNumber
2022-23,2022-10-19,0022200005,ATL,HOU,1,1,1500.0,1516.798956584878,16.798956584877903,1500.0,0.550199353253537,10.0,10.0,0.2449186624037091,1.2449186624037092,1
2022-23,2022-10-21,0022200020,ATL,ORL,1,1,1516.798956584878,1531.9344010034608,15.13544441858286,1485.1610587443392,0.5947407415528364,10.0,10.0,0.2449186624037091,1.2449186624037092,2
2022-23,2022-10-23,0022200038,ATL,CHA,1,0,1531.9344010034608,1507.1995875320858,-24.734813471375016,1504.8215044243466,0.5884473681334536,17.0,-17.0,0.4011342849479459,1.401134284947946,3
2022-23,2022-10-26,0022200057,ATL,DET,0,1,1507.1995875320858,1523.314150586967,16.114563054881007,1456.723814300289,0.5222567103187357,5.0,5.0,0.1243530017715962,1.124353001771596,4
2022-23,2022-10-28,0022200070,ATL,DET,0,1,1523.314150586967,1543.22395341921,19.90980283224333,1440.609251245408,0.5682246632395302,24.0,24.0,0.5370495669980352,1.5370495669980353,5
2022-23,2022-10-29,0022200085,ATL,MIL,0,0,1543.22395341921,1528.115637496443,-15.108315922767147,1563.870934031877,0.4205953824606234,8.0,-8.0,0.197375320224904,1.197375320224904,6
2022-23,2022-10-31,0022200099,ATL,TOR,0,0,1528.115637496443,1503.200987986139,-24.91464951030419,1487.627328888696,0.507897654093006,30.0,-30.0,0.6351489523872873,1.6351489523872873,7
2022-23,2022-11-02,0022200110,ATL,NYK,0,1,1503.200987986139,1525.0346298828722,21.833641896733365,1505.7748953733008,0.4461366259960767,13.0,13.0,0.3140209253469976,1.3140209253469977,8
2022-23,2022-11-05,0022200134,ATL,NOP,1,1,1525.0346298828722,1540.1720770659922,15.137447183119914,1538.772501274109,0.5305605213942626,3.0,3.0,0.074859690687499,1.0748596906874992,9
2022-23,2022-11-07,0022200149,ATL,MIL,1,1,1540.1720770659922,1565.0200914649372,24.84801439894503,1627.1833121403563,0.4257039846932464,19.0,19.0,0.4422303560457261,1.442230356045726,10
2022-23,2022-11-09,0022200162,ATL,UTA,1,0,1565.0200914649372,1547.2329990455569,-17.787092419380482,1588.8508866020445,0.5160682429434534,6.0,-6.0,0.1488850336233179,1.1488850336233178,11
2022-23,2022-11-10,0022200173,ATL,PHI,1,1,1547.2329990455569,1561.4074521703856,14.174453124829,1502.2414539493973,0.6131252754822802,9.0,9.0,0.2212784678984439,1.221278467898444,12
2022-23,2022-11-12,0022200188,ATL,PHI,0,0,1561.4074521703856,1539.9089002385306,-21.498551931854895,1488.0670008245684,0.5549534565204762,12.0,-12.0,0.2913126124515909,1.2913126124515908,13
2022-23,2022-11-14,0022200204,ATL,MIL,0,1,1539.9089002385306,1564.897101724861,24.988201486330368,1584.952634518009,0.3868034653062309,15.0,15.0,0.3583573983507859,1.358357398350786,14
2022-23,2022-11-16,0022200214,ATL,BOS,1,0,1564.897101724861,1542.8911977438363,-22.00590398102473,1619.481905050612,0.4718450171805512,25.0,-25.0,0.5545997223493823,1.5545997223493822,15
2022-23,2022-11-19,0022200235,ATL,TOR,1,1,1542.8911977438363,1556.0379329192194,13.146735175383077,1519.9448512524689,0.5826267818820129,2.0,2.0,0.0499583749578799,1.04995837495788,16
2022-23,2022-11-21,0022200248,ATL,CLE,0,0,1556.0379329192194,1537.8294774543124,-18.208455464907075,1541.8920785232756,0.4700244616557991,12.0,-12.0,0.2913126124515909,1.2913126124515908,17
2022-23,2022-11-23,0022200263,ATL,SAC,1,1,1537.8294774543124,1555.9892974201607,18.15981996584834,1569.80708690479,0.5043494599257268,9.0,9.0,0.2212784678984439,1.221278467898444,18
2022-23,2022-11-25,0022200278,ATL,HOU,0,0,1555.9892974201607,1531.6909484701932,-24.298348949967423,1369.6562586490782,0.7049834764097631,6.0,-6.0,0.1488850336233179,1.1488850336233178,19
2022-23,2022-11-27,0022200293,ATL,MIA,1,0,1531.6909484701932,1509.2660798717632,-22.424868598430024,1478.486046443608,0.6242784591612133,8.0,-8.0,0.197375320224904,1.197375320224904,20
2022-23,2022-11-28,0022200299,ATL,PHI,0,0,1509.2660798717632,1496.6115973930184,-12.65448247874472,1550.1936994172324,0.3924382747621906,3.0,-3.0,0.074859690687499,1.0748596906874992,21
2022-23,2022-11-30,0022200313,ATL,ORL,0,1,1496.6115973930184,1511.9643303176024,15.35273292458385,1365.6031094916043,0.6347546629538028,17.0,17.0,0.4011342849479459,1.401134284947946,22
2022-23,2022-12-02,0022200327,ATL,DEN,1,1,1511.9643303176024,1531.7521322863988,19.78780196879639,1582.432371249332,0.4491339617422649,8.0,8.0,0.197375320224904,1.197375320224904,23
2022-23,2022-12-05,0022200354,ATL,OKC,1,0,1531.7521322863988,1509.5151352048538,-22.236997081544988,1472.9644500660277,0.6317857346003256,7.0,-7.0,0.1732351578346601,1.17323515783466,24
2022-23,2022-12-07,0022200365,ATL,NYK,0,0,1509.5151352048538,1486.3834463358455,-23.131688869008197,1473.3706820905966,0.5016469944684563,24.0,-24.0,0.5370495669980352,1.5370495669980353,25
2022-23,2022-12-09,0022200380,ATL,BKN,0,0,1486.3834463358455,1474.532224670794,-11.851221665051492,1551.9104791097325,0.3592363550628865,4.0,-4.0,0.0996679946249558,1.099667994624956,26
2022-23,2022-12-11,0022200400,ATL,CHI,1,1,1474.532224670794,1489.311444899283,14.779220228489086,1496.0640836882312,0.5193725103165988,1.0,1.0,0.0249947929684206,1.0249947929684209,27
2022-23,2022-12-12,0022200404,ATL,MEM,0,0,1489.311444899283,1474.849487008801,-14.461957890482465,1593.2336115198575,0.3100896366349295,25.0,-25.0,0.5545997223493823,1.5545997223493822,28
2022-23,2022-12-14,0022200416,ATL,ORL,0,0,1474.849487008801,1453.3557041834597,-21.493782825341324,1394.4892253031703,0.5649102791796894,11.0,-11.0,0.2682711820216014,1.2682711820216013,29
2022-23,2022-12-16,0022200428,ATL,CHA,0,1,1453.3557041834597,1469.9421295735656,16.586425390106033,1335.779334100019,0.6166487246512106,19.0,19.0,0.4422303560457261,1.442230356045726,30
2022-23,2022-12-19,0022200454,ATL,ORL,1,1,1469.9421295735656,1483.795224074106,13.853094500540518,1470.439584252486,0.549490573169272,1.0,1.0,0.0249947929684206,1.0249947929684209,31
2022-23,2022-12-21,0022200468,ATL,CHI,1,0,1483.795224074106,1465.0565497222444,-18.738674351861537,1452.0409951482754,0.5949021344969431,2.0,-2.0,0.0499583749578799,1.04995837495788,32
2022-23,2022-12-23,0022200481,ATL,DET,1,1,1465.0565497222444,1478.7256185057722,13.66906878352778,1347.1102177929315,0.7069112906896604,25.0,25.0,0.5545997223493823,1.5545997223493822,33
2022-23,2022-12-27,0022200508,ATL,IND,0,0,1478.7256185057722,1460.8809075472116,-17.844710958560707,1487.10159729268,0.4378992593119306,15.0,-15.0,0.3583573983507859,1.358357398350786,34
2022-23,2022-12-28,0022200517,ATL,BKN,1,0,1460.8809075472116,1452.259779400081,-8.621128147130646,1659.637750520036,0.2803633152178773,1.0,-1.0,0.0249947929684206,1.0249947929684209,35
2022-23,2022-12-30,0022200530,ATL,LAL,1,0,1452.259779400081,1431.8291009392285,-20.430678460852832,1447.0349578276985,0.5576309034037533,9.0,-9.0,0.2212784678984439,1.221278467898444,36
2022-23,2023-01-02,0022200558,ATL,GSW,0,0,1431.8291009392285,1422.2606882294194,-9.56841270980895,1540.911275608285,0.3037711760142489,2.0,-2.0,0.0499583749578799,1.04995837495788,37
2022-23,2023-01-04,0022200575,ATL,SAC,0,1,1422.2606882294194,1444.8962034532494,22.635515223829973,1536.0825068378829,0.2980319378754791,3.0,3.0,0.074859690687499,1.0748596906874992,38
2022-23,2023-01-06,0022200590,ATL,LAL,0,0,1444.8962034532494,1429.3359770245556,-15.560226428693804,1497.995026026053,0.37586478085547,16.0,-16.0,0.3799489622552249,1.379948962255225,39
2022-23,2023-01-08,0022200604,ATL,LAC,0,1,1429.3359770245556,1448.9888690097555,19.652891985200068,1461.6813776247236,0.4042780159932808,4.0,4.0,0.0996679946249558,1.099667994624956,40
2022-23,2023-01-11,0022200620,ATL,MIL,1,0,1448.9888690097555,1433.5613502824338,-15.427518727321951,1539.2935448692697,0.4210756496255757,9.0,-9.0,0.2212784678984439,1.221278467898444,41
2022-23,2023-01-13,0022200633,ATL,IND,0,1,1433.5613502824338,1455.4965951868276,21.935244904393755,1542.771485203842,0.3036154122054694,2.0,2.0,0.0499583749578799,1.04995837495788,42
2022-23,2023-01-14,0022200644,ATL,TOR,0,1,1455.4965951868276,1476.7259061936843,21.229311006856847,1460.9526999066516,0.4420407005538119,11.0,11.0,0.2682711820216014,1.2682711820216013,43
2022-23,2023-01-16,0022200661,ATL,MIA,1,1,1476.7259061936843,1497.825187396708,21.09928120302364,1573.070499847605,0.412624127494111,8.0,8.0,0.197375320224904,1.197375320224904,44
2022-23,2023-01-18,0022200670,ATL,DAL,0,1,1497.825187396708,1517.2624901689471,19.437302772239327,1491.4549998245172,0.4588913923110758,8.0,8.0,0.197375320224904,1.197375320224904,45
2022-23,2023-01-20,0022200684,ATL,NYK,1,1,1517.2624901689471,1536.093637536963,18.831147368015557,1525.880354572147,0.5378941410932817,15.0,15.0,0.3583573983507859,1.358357398350786,46
2022-23,2023-01-21,0022200694,ATL,CHA,1,0,1536.093637536963,1510.032019874844,-26.061617662118877,1340.946827121609,0.7899844252842648,4.0,-4.0,0.0996679946249558,1.099667994624956,47
2022-23,2023-01-23,0022200708,ATL,CHI,0,0,1510.032019874844,1493.2943935317994,-16.737626343044372,1516.9920026938426,0.439906611464721,11.0,-11.0,0.2682711820216014,1.2682711820216013,48
2022-23,2023-01-25,0022200725,ATL,OKC,0,1,1493.2943935317994,1516.0701218750658,22.775728343266227,1585.4405433631537,0.324775276466274,5.0,5.0,0.1243530017715962,1.124353001771596,49
2022-23,2023-01-28,0022200745,ATL,LAC,1,0,1516.0701218750658,1496.4428741988877,-19.627247676178097,1510.8396530566645,0.5576389224590016,7.0,-7.0,0.1732351578346601,1.17323515783466,50
2022-23,2023-01-30,0022200763,ATL,POR,0,0,1496.4428741988877,1478.7788870465702,-17.663987152317453,1436.779503810316,0.5354339442649019,4.0,-4.0,0.0996679946249558,1.099667994624956,51
2022-23,2023-02-01,0022200777,ATL,PHX,0,1,1478.7788870465702,1508.0061665743797,29.227279527809543,1503.7579473864675,0.4145305750844872,32.0,32.0,0.664036770267849,1.664036770267849,52
2022-23,2023-02-03,0022200792,ATL,UTA,0,1,1508.0061665743797,1527.1649505906512,19.15878401627154,1503.8903272145055,0.4556708178994774,7.0,7.0,0.1732351578346601,1.17323515783466,53
2022-23,2023-02-04,0022200801,ATL,DEN,0,0,1527.1649505906512,1514.9474219343515,-12.217528656299608,1657.4990570382156,0.2785351045145865,20.0,-20.0,0.4621171572600097,1.4621171572600098,54
2022-23,2023-02-07,0022200818,ATL,NOP,0,0,1514.9474219343515,1495.4677712009648,-19.47965073338684,1457.9087415315887,0.5316737404125669,9.0,-9.0,0.2212784678984439,1.221278467898444,55
2022-23,2023-02-09,0022200832,ATL,PHX,1,1,1495.4677712009648,1514.1636383520588,18.695867151094117,1537.6129615651892,0.4897186939064585,9.0,9.0,0.2212784678984439,1.221278467898444,56
2022-23,2023-02-11,0022200850,ATL,SAS,1,1,1514.1636383520588,1520.638657350309,6.4750189982498965,1247.3592099620755,0.85034709212466,19.0,19.0,0.4422303560457261,1.442230356045726,57
2022-23,2023-02-13,0022200857,ATL,CHA,0,0,1520.638657350309,1495.7702004957953,-24.868456854513433,1320.253124862313,0.7215243802095692,6.0,-6.0,0.1488850336233179,1.1488850336233178,58
2022-23,2023-02-15,0022200876,ATL,NYK,1,0,1495.7702004957953,1475.056169661912,-20.714030833883243,1554.4014789847397,0.4660442026485235,21.0,-21.0,0.4815497983643079,1.481549798364308,59
2022-23,2023-02-24,0022200896,ATL,CLE,1,1,1475.056169661912,1501.1549596364114,26.098789974499333,1595.7608907032895,0.3791032914100988,17.0,17.0,0.4011342849479459,1.401134284947946,60
2022-23,2023-02-26,0022200911,ATL,BKN,1,1,1501.1549596364114,1515.6610515486036,14.506091912192195,1508.670589225144,0.5394708889364583,2.0,2.0,0.0499583749578799,1.04995837495788,61
2022-23,2023-02-28,0022200923,ATL,WAS,1,0,1515.6610515486036,1497.1072260160438,-18.553825532559777,1497.873978667199,0.5753875193605478,3.0,-3.0,0.074859690687499,1.0748596906874992,62
2022-23,2023-03-03,0022200947,ATL,POR,1,1,1497.1072260160438,1511.7790448740998,14.671818858055897,1419.9297449056012,0.6560510790174768,18.0,18.0,0.4218990052500079,1.4218990052500078,63
2022-23,2023-03-04,0022200958,ATL,MIA,0,0,1511.7790448740998,1495.1621720944936,-16.616872779606087,1502.8217315276186,0.4625915951033333,8.0,-8.0,0.197375320224904,1.197375320224904,64
2022-23,2023-03-06,0022200974,ATL,MIA,0,0,1495.1621720944936,1482.0740462687622,-13.088125825731366,1519.4386043072248,0.4155125300802649,2.0,-2.0,0.0499583749578799,1.04995837495788,65
2022-23,2023-03-08,0022200985,ATL,WAS,0,1,1482.0740462687622,1500.6665480979946,18.592501829232315,1510.4891579027433,0.4097384470129377,2.0,2.0,0.0499583749578799,1.04995837495788,66
2022-23,2023-03-10,0022200999,ATL,WAS,0,1,1500.6665480979946,1519.5911810021016,18.924632904107003,1491.896656073511,0.462323394767832,7.0,7.0,0.1732351578346601,1.17323515783466,67
2022-23,2023-03-11,0022201008,ATL,BOS,1,0,1519.5911810021016,1504.130891609899,-15.460289392202734,1609.2586412673732,0.4219700856815112,9.0,-9.0,0.2212784678984439,1.221278467898444,68
2022-23,2023-03-13,0022201021,ATL,MIN,1,0,1504.130891609899,1479.9284358888392,-24.202455721059827,1508.1059774245052,0.5445301433174985,21.0,-21.0,0.4815497983643079,1.481549798364308,69
2022-23,2023-03-17,0022201048,ATL,GSW,1,1,1479.9284358888392,1498.9711193550022,19.04268346616295,1535.885372403269,0.4698770679359433,8.0,8.0,0.197375320224904,1.197375320224904,70
2022-23,2023-03-19,0022201065,ATL,SAS,0,0,1498.9711193550022,1471.5991218413062,-27.371997513696087,1261.8199751511793,0.7619999357860708,8.0,-8.0,0.197375320224904,1.197375320224904,71
2022-23,2023-03-21,0022201078,ATL,DET,1,1,1471.5991218413062,1479.4689217249177,7.869799883611474,1237.020680870338,0.8251761883440626,22.0,22.0,0.5005202111902353,1.5005202111902354,72
2022-23,2023-03-22,0022201090,ATL,MIN,0,0,1479.4689217249177,1466.910476658954,-12.558445065963772,1508.8410108125663,0.4084067923114054,1.0,-1.0,0.0249947929684206,1.0249947929684209,73
2022-23,2023-03-25,0022201107,ATL,IND,1,1,1466.910476658954,1482.2349195353263,15.324442876372432,1423.2850397930226,0.6112582739800317,13.0,13.0,0.3140209253469976,1.3140209253469977,74
2022-23,2023-03-26,0022201115,ATL,MEM,1,0,1482.2349195353263,1469.6558433324565,-12.579076202869889,1601.320823905506,0.3812992122578478,4.0,-4.0,0.0996679946249558,1.099667994624956,75
2022-23,2023-03-28,0022201131,ATL,CLE,1,1,1469.6558433324565,1491.242968572839,21.58712524038224,1639.8758051477205,0.3146672682381902,2.0,2.0,0.0499583749578799,1.04995837495788,76
2022-23,2023-03-31,0022201153,ATL,BKN,0,0,1491.242968572839,1472.73385690879,-18.50911166404868,1497.8999774543745,0.4403363727728238,17.0,-17.0,0.4011342849479459,1.401134284947946,77
2022-23,2023-04-02,0022201167,ATL,DAL,1,1,1472.73385690879,1484.2013056604635,11.467448751673556,1410.8369043315038,0.6359395754733743,2.0,2.0,0.0499583749578799,1.04995837495788,78
2022-23,2023-04-04,0022201182,ATL,CHI,0,1,1484.2013056604635,1512.6067906708636,28.4054850104001,1569.0181394710492,0.334095110235914,18.0,18.0,0.4218990052500079,1.4218990052500078,79
2022-23,2023-04-05,0022201191,ATL,WAS,1,1,1512.6067906708636,1526.0856627736728,13.478872102809117,1413.445419874511,0.6840171242110787,18.0,18.0,0.4218990052500079,1.4218990052500078,80
2022-23,2023-04-07,0022201205,ATL,PHI,1,0,1526.0856627736728,1511.904505189411,-14.181157584261353,1616.8546512020296,0.4204242369290514,5.0,-5.0,0.1243530017715962,1.124353001771596,81
2022-23,2023-04-09,0022201216,ATL,BOS,0,0,1511.904505189411,1503.0786985516652,-8.825806637746119,1662.1749934161603,0.2560687501200349,6.0,-6.0,0.1488850336233179,1.1488850336233178,82
2022-23,2022-10-19,0022200006,BKN,NOP,1,0,1500.0,1475.2324425077782,-24.767557492221847,1500.0,0.550199353253537,22.0,-22.0,0.5005202111902353,1.5005202111902354,1
2022-23,2022-10-21,0022200021,BKN,TOR,1,1,1475.2324425077782,1491.930259166265,16.69781665848685,1514.5041775209882,0.4938527888992023,4.0,4.0,0.0996679946249558,1.099667994624956,2
2022-23,2022-10-24,0022200049,BKN,MEM,0,0,1491.930259166265,1475.8150604527032,-16.115198713561703,1504.835310272363,0.4314926803449743,10.0,-10.0,0.2449186624037091,1.2449186624037092,3
2022-23,2022-10-26,0022200060,BKN,MIL,0,0,1475.8150604527032,1461.7330892029304,-14.08197124977278,1533.189091400096,0.3701093648685442,11.0,-11.0,0.2682711820216014,1.2682711820216013,4
2022-23,2022-10-27,0022200066,BKN,DAL,1,0,1461.7330892029304,1445.384440910812,-16.34864829211819,1499.8162044181286,0.4955631570021862,4.0,-4.0,0.0996679946249558,1.099667994624956,5
2022-23,2022-10-29,0022200083,BKN,IND,1,0,1445.384440910812,1426.5015477953143,-18.882893115497943,1469.6898072899442,0.5153859558334069,9.0,-9.0,0.2212784678984439,1.221278467898444,6
2022-23,2022-10-31,0022200098,BKN,IND,1,1,1426.5015477953143,1445.4685321232982,18.96698432798398,1488.572700405442,0.4611201286367368,7.0,7.0,0.1732351578346601,1.17323515783466,7
2022-23,2022-11-01,0022200103,BKN,CHI,1,0,1445.4685321232982,1427.2056532869246,-18.26287883637358,1481.536268595372,0.4984634085350478,9.0,-9.0,0.2212784678984439,1.221278467898444,8
2022-23,2022-11-04,0022200123,BKN,WAS,0,1,1427.2056532869246,1461.4920683695505,34.286415082625815,1493.2257977364466,0.3585832164792777,42.0,42.0,0.7818063576087741,1.781806357608774,9
2022-23,2022-11-05,0022200133,BKN,CHA,0,1,1461.4920683695505,1479.0035130048925,17.511444635342144,1447.9282414441454,0.4691899518480134,4.0,4.0,0.0996679946249558,1.099667994624956,10
2022-23,2022-11-07,0022200155,BKN,DAL,0,0,1479.0035130048925,1467.5616736798372,-11.441839325055271,1541.510802044725,0.3632473946253431,2.0,-2.0,0.0499583749578799,1.04995837495788,11
2022-23,2022-11-09,0022200164,BKN,NYK,1,1,1467.5616736798372,1491.4509093427278,23.889235662890655,1503.5146611070036,0.4986285442871741,27.0,27.0,0.5882592563981054,1.5882592563981053,12
2022-23,2022-11-12,0022200184,BKN,LAC,0,1,1491.4509093427278,1515.3846204560557,23.933711113328,1517.755405590045,0.4126800712294989,15.0,15.0,0.3583573983507859,1.358357398350786,13
2022-23,2022-11-13,0022200198,BKN,LAL,0,0,1515.3846204560557,1490.8286207297876,-24.55599972626803,1393.1831909430127,0.6229225946251821,13.0,-13.0,0.3140209253469976,1.3140209253469977,14
2022-23,2022-11-15,0022200210,BKN,SAC,0,0,1490.8286207297876,1469.7666427533093,-21.061977976478342,1510.542223508992,0.421905299866824,32.0,-32.0,0.664036770267849,1.664036770267849,15
2022-23,2022-11-17,0022200221,BKN,POR,0,1,1469.7666427533093,1491.3488426899642,21.582199936654813,1569.860661984251,0.3148236332854432,2.0,2.0,0.0499583749578799,1.04995837495788,16
2022-23,2022-11-20,0022200243,BKN,MEM,1,1,1491.3488426899642,1511.6312796143811,20.282436924417013,1542.7330025078804,0.4764387613853298,12.0,12.0,0.2913126124515909,1.2913126124515908,17
2022-23,2022-11-22,0022200256,BKN,PHI,0,0,1511.6312796143811,1495.968696380085,-15.662583234296145,1527.3730944128465,0.4274914538600428,9.0,-9.0,0.2212784678984439,1.221278467898444,18
2022-23,2022-11-23,0022200266,BKN,TOR,0,1,1495.968696380085,1518.6432724841045,22.674576104019422,1506.7981160770858,0.4344260438837443,14.0,14.0,0.3363755443363322,1.3363755443363323,19
2022-23,2022-11-25,0022200276,BKN,IND,0,0,1518.6432724841045,1502.3180153437845,-16.32525714032008,1533.2662080528862,0.4290685191973405,11.0,-11.0,0.2682711820216014,1.2682711820216013,20
2022-23,2022-11-27,0022200290,BKN,POR,1,1,1502.3180153437845,1521.1703266918885,18.852311348104,1516.6105990157685,0.529765131565459,14.0,14.0,0.3363755443363322,1.3363755443363323,21
2022-23,2022-11-28,0022200302,BKN,ORL,1,1,1521.1703266918885,1530.3332225002036,9.16289580831507,1374.7660052999197,0.7396686774705296,7.0,7.0,0.1732351578346601,1.17323515783466,22
2022-23,2022-11-30,0022200315,BKN,WAS,1,1,1530.3332225002036,1544.533205582876,14.19998308267225,1503.5362698389376,0.5880068452718665,6.0,6.0,0.1488850336233179,1.1488850336233178,23
2022-23,2022-12-02,0022200329,BKN,TOR,1,1,1544.533205582876,1558.9624806120676,14.42927502919156,1504.6187904927383,0.6061702167450469,9.0,9.0,0.2212784678984439,1.221278467898444,24
2022-23,2022-12-04,0022200346,BKN,BOS,1,0,1558.9624806120676,1543.1723326145095,-15.790147997558064,1653.6023577660844,0.4150045148438168,11.0,-11.0,0.2682711820216014,1.2682711820216013,25
2022-23,2022-12-07,0022200364,BKN,CHA,1,1,1543.1723326145095,1551.9104791097325,8.738146495222775,1390.574919053444,0.7464745894355016,6.0,6.0,0.1488850336233179,1.1488850336233178,26
2022-23,2022-12-09,0022200380,BKN,ATL,1,1,1551.9104791097325,1563.7617007747838,11.851221665051492,1486.3834463358455,0.6407636449371135,4.0,4.0,0.0996679946249558,1.099667994624956,27
2022-23,2022-12-10,0022200388,BKN,IND,0,1,1563.7617007747838,1578.5879640618125,14.826263287028825,1500.759836401415,0.5402108940207913,3.0,3.0,0.074859690687499,1.0748596906874992,28
2022-23,2022-12-12,0022200403,BKN,WAS,0,1,1578.5879640618125,1590.6657608293408,12.07779676752828,1406.0286875114568,0.688229463801223,12.0,12.0,0.2913126124515909,1.2913126124515908,29
2022-23,2022-12-16,0022200433,BKN,TOR,0,1,1590.6657608293408,1601.9741136741898,11.308352844849043,1448.6560868995805,0.6493076276893398,3.0,3.0,0.074859690687499,1.0748596906874992,30
2022-23,2022-12-18,0022200447,BKN,DET,0,1,1601.9741136741898,1610.1324236109815,8.158309936791756,1378.8976413068783,0.7469961271077294,3.0,3.0,0.074859690687499,1.0748596906874992,31
2022-23,2022-12-21,0022200470,BKN,GSW,1,1,1610.1324236109815,1624.581967525262,14.449543914280536,1493.4189160937135,0.7054387839675713,30.0,30.0,0.6351489523872873,1.6351489523872873,32
2022-23,2022-12-23,0022200483,BKN,MIL,1,1,1624.581967525262,1642.7464506212664,18.164483096004204,1607.6580300941775,0.574173153204825,18.0,18.0,0.4218990052500079,1.4218990052500078,33
2022-23,2022-12-26,0022200498,BKN,CLE,0,1,1642.7464506212664,1659.637750520036,16.89129989876961,1587.0365322093628,0.5297687195914227,8.0,8.0,0.197375320224904,1.197375320224904,34
2022-23,2022-12-28,0022200517,BKN,ATL,0,1,1659.637750520036,1668.2588786671663,8.621128147130646,1460.8809075472116,0.7196366847821227,1.0,1.0,0.0249947929684206,1.0249947929684209,35
2022-23,2022-12-31,0022200539,BKN,CHA,0,1,1668.2588786671663,1675.488388928265,7.229510261098598,1360.24817914426,0.828008151710522,17.0,17.0,0.4011342849479459,1.401134284947946,36
2022-23,2023-01-02,0022200555,BKN,SAS,1,1,1675.488388928265,1682.1934361597596,6.70504723149457,1380.6004041145752,0.8697769319277692,36.0,36.0,0.7162978701990245,1.7162978701990244,37
2022-23,2023-01-04,0022200570,BKN,CHI,0,0,1682.1934361597596,1655.1579905172682,-27.035445642491464,1467.381137468322,0.7379001145964037,9.0,-9.0,0.2212784678984439,1.221278467898444,38
2022-23,2023-01-06,0022200586,BKN,NOP,0,1,1655.1579905172682,1670.543293727953,15.385303210684809,1582.7577057722615,0.5536163973354491,6.0,6.0,0.1488850336233179,1.1488850336233178,39
2022-23,2023-01-08,0022200599,BKN,MIA,0,1,1670.543293727953,1681.7017719501791,11.158478222226112,1537.759398411024,0.6371208160023665,1.0,1.0,0.0249947929684206,1.0249947929684209,40
2022-23,2023-01-12,0022200627,BKN,BOS,1,0,1681.7017719501791,1658.3265801160792,-23.375191834099905,1635.8065980637823,0.6143584055065224,11.0,-11.0,0.2682711820216014,1.2682711820216013,41
2022-23,2023-01-15,0022200651,BKN,OKC,1,0,1658.3265801160792,1631.7862430441592,-26.54033707192003,1537.249648377378,0.7106310870857891,10.0,-10.0,0.2449186624037091,1.2449186624037092,42
2022-23,2023-01-17,0022200666,BKN,SAS,0,0,1631.7862430441592,1602.3262730020544,-29.459970042104818,1333.2210045011964,0.8201263086156179,8.0,-8.0,0.197375320224904,1.197375320224904,43
2022-23,2023-01-19,0022200681,BKN,PHX,0,0,1602.3262730020544,1578.6636632950638,-23.66260970699069,1418.8781604373694,0.701517811271801,5.0,-5.0,0.1243530017715962,1.124353001771596,44
2022-23,2023-01-20,0022200689,BKN,UTA,0,1,1578.6636632950638,1595.1593814457924,16.495718150728692,1497.2137593129792,0.5664513398353073,11.0,11.0,0.2682711820216014,1.2682711820216013,45
2022-23,2023-01-22,0022200704,BKN,GSW,0,1,1595.1593814457924,1609.201037295647,14.04165584985459,1508.0978404403077,0.5743668113622019,4.0,4.0,0.0996679946249558,1.099667994624956,46
2022-23,2023-01-25,0022200721,BKN,PHI,0,0,1609.201037295647,1595.835409827118,-13.365627468528968,1640.9239609078231,0.4051412951866241,4.0,-4.0,0.0996679946249558,1.099667994624956,47
2022-23,2023-01-26,0022200731,BKN,DET,1,0,1595.835409827118,1565.1027697585869,-30.73264006853095,1321.8161926418254,0.8555557462344225,8.0,-8.0,0.197375320224904,1.197375320224904,48
2022-23,2023-01-28,0022200742,BKN,NYK,1,1,1565.1027697585869,1579.064565516741,13.961795758153944,1527.2562572555985,0.6033248843331619,7.0,7.0,0.1732351578346601,1.17323515783466,49
2022-23,2023-01-30,0022200757,BKN,LAL,1,1,1579.064565516741,1592.9116990539617,13.84713353722056,1490.5896225429508,0.6705732470713898,17.0,17.0,0.4011342849479459,1.401134284947946,50
2022-23,2023-02-01,0022200772,BKN,BOS,0,0,1592.9116990539617,1570.9697876960672,-21.941911357894128,1622.363014531034,0.4082966070393192,43.0,-43.0,0.7913375537619973,1.791337553761997,51
2022-23,2023-02-04,0022200793,BKN,WAS,1,1,1570.9697876960672,1582.7686348591026,11.79884716303544,1516.91997322543,0.625418573902711,2.0,2.0,0.0499583749578799,1.04995837495788,52
2022-23,2023-02-06,0022200810,BKN,LAC,1,0,1582.7686348591026,1560.681801688217,-22.086833170885413,1536.4997178722165,0.6148680033129135,8.0,-8.0,0.197375320224904,1.197375320224904,53
2022-23,2023-02-07,0022200817,BKN,PHX,1,0,1560.681801688217,1540.534857604654,-20.146944083562996,1517.466017481626,0.6106977797553086,4.0,-4.0,0.0996679946249558,1.099667994624956,54
2022-23,2023-02-09,0022200833,BKN,CHI,1,1,1540.534857604654,1555.8826676467738,15.347810042119724,1507.5405905342734,0.5966212310720596,11.0,11.0,0.2682711820216014,1.2682711820216013,55
2022-23,2023-02-11,0022200846,BKN,PHI,1,0,1555.8826676467738,1541.341711921549,-14.54095572522482,1625.0822402497397,0.4509412050461572,3.0,-3.0,0.074859690687499,1.0748596906874992,56
2022-23,2023-02-13,0022200862,BKN,NYK,0,0,1541.341711921549,1521.7573823967923,-19.584329524756605,1534.8171494599828,0.4591120619314112,18.0,-18.0,0.4218990052500079,1.4218990052500078,57
2022-23,2023-02-15,0022200878,BKN,MIA,1,1,1521.7573823967923,1541.2257209345996,19.46833853780728,1564.8725531177902,0.4883234539063614,11.0,11.0,0.2682711820216014,1.2682711820216013,58
2022-23,2023-02-24,0022200900,BKN,CHI,0,0,1541.2257209345996,1508.670589225144,-32.555131709455566,1433.8285215441674,0.6027057187294168,44.0,-44.0,0.8004990217606297,1.8004990217606296,59
2022-23,2023-02-26,0022200911,BKN,ATL,0,0,1508.670589225144,1494.164497312952,-14.506091912192195,1501.1549596364114,0.4605291110635416,2.0,-2.0,0.0499583749578799,1.04995837495788,60
2022-23,2023-02-28,0022200924,BKN,MIL,1,0,1494.164497312952,1483.829432545319,-10.335064767632913,1712.8702130196095,0.2577884340828632,14.0,-14.0,0.3363755443363322,1.3363755443363323,61
2022-23,2023-03-01,0022200937,BKN,NYK,0,0,1483.829432545319,1471.6299834921708,-12.199449053148133,1626.4349013364076,0.264564208274569,24.0,-24.0,0.5370495669980352,1.5370495669980353,62
2022-23,2023-03-03,0022200948,BKN,BOS,0,1,1471.6299834921708,1500.9010021172307,29.27101862505997,1660.314951766302,0.2162535189636939,10.0,10.0,0.2449186624037091,1.2449186624037092,63
2022-23,2023-03-05,0022200965,BKN,CHA,1,1,1500.9010021172307,1513.182948206348,12.28194608911703,1385.9520734506048,0.7033236632886076,16.0,16.0,0.3799489622552249,1.379948962255225,64
2022-23,2023-03-07,0022200981,BKN,HOU,0,1,1513.182948206348,1523.941821677064,10.758873470716056,1276.9912918041616,0.7609968109619363,22.0,22.0,0.5005202111902353,1.5005202111902354,65
2022-23,2023-03-09,0022200995,BKN,MIL,0,0,1523.941821677064,1517.1250994611512,-6.816722215912804,1727.5020291771002,0.2020931802607656,5.0,-5.0,0.1243530017715962,1.124353001771596,66
2022-23,2023-03-10,0022201001,BKN,MIN,0,1,1517.1250994611512,1534.404571273677,17.27947181252572,1525.385449237031,0.4380631026594854,1.0,1.0,0.0249947929684206,1.0249947929684209,67
2022-23,2023-03-12,0022201014,BKN,DEN,0,1,1534.404571273677,1555.3137237199624,20.909152446285297,1617.587340187366,0.3361910673482942,2.0,2.0,0.0499583749578799,1.04995837495788,68
2022-23,2023-03-14,0022201031,BKN,OKC,0,0,1555.3137237199624,1535.2095051586723,-20.104218561289887,1519.2983050881892,0.5014613007172819,14.0,-14.0,0.3363755443363322,1.3363755443363323,69
2022-23,2023-03-16,0022201043,BKN,SAC,1,0,1535.2095051586723,1520.4803138626128,-14.729191296059824,1614.452172912803,0.4366716168573289,5.0,-5.0,0.1243530017715962,1.124353001771596,70
2022-23,2023-03-19,0022201063,BKN,DEN,1,0,1520.4803138626128,1503.7452881754184,-16.735025687194263,1565.5281991725492,0.4855439606640728,6.0,-6.0,0.1488850336233179,1.1488850336233178,71
2022-23,2023-03-21,0022201079,BKN,CLE,1,0,1503.7452881754184,1490.0318795667793,-13.7134086086392,1610.7206679676126,0.3978758595595441,6.0,-6.0,0.1488850336233179,1.1488850336233178,72
2022-23,2023-03-23,0022201094,BKN,CLE,1,0,1490.0318795667793,1478.6693924001113,-11.362487166667965,1624.4340765762518,0.3607281786170421,2.0,-2.0,0.0499583749578799,1.04995837495788,73
2022-23,2023-03-25,0022201108,BKN,MIA,0,1,1478.6693924001113,1510.4944684093614,31.825076009250065,1554.9139208708032,0.3451617790442191,29.0,29.0,0.619996867969374,1.619996867969374,74
2022-23,2023-03-26,0022201118,BKN,ORL,0,0,1510.4944684093614,1490.9655175930134,-19.52895081634802,1478.6914626879511,0.4953992852432682,13.0,-13.0,0.3140209253469976,1.3140209253469977,75
2022-23,2023-03-29,0022201137,BKN,HOU,1,1,1490.9655175930134,1497.8999774543745,6.934459861360901,1273.2452174714576,0.8107322219124028,9.0,9.0,0.2212784678984439,1.221278467898444,76
2022-23,2023-03-31,0022201153,BKN,ATL,1,1,1497.8999774543745,1516.409089118423,18.50911166404868,1491.242968572839,0.5596636272271762,17.0,17.0,0.4011342849479459,1.401134284947946,77
2022-23,2023-04-02,0022201164,BKN,UTA,1,1,1516.409089118423,1526.2931027224256,9.884013604002655,1421.6081554742468,0.6785670303950778,1.0,1.0,0.0249947929684206,1.0249947929684209,78
2022-23,2023-04-04,0022201180,BKN,MIN,1,0,1526.2931027224256,1506.4899120775171,-19.803190644908497,1500.147047514679,0.5870988504412591,5.0,-5.0,0.1243530017715962,1.124353001771596,79
2022-23,2023-04-05,0022201189,BKN,DET,0,1,1506.4899120775171,1513.2302997491245,6.740387671607273,1190.319502102272,0.8345946439969594,15.0,15.0,0.3583573983507859,1.358357398350786,80
2022-23,2023-04-07,0022201207,BKN,ORL,1,1,1513.2302997491245,1530.170182206441,16.939882457316546,1479.965487953598,0.5969959805828345,17.0,17.0,0.4011342849479459,1.401134284947946,81
2022-23,2023-04-09,0022201217,BKN,PHI,1,0,1530.170182206441,1510.4225243851738,-19.747657821267214,1631.035808786291,0.4063311934263267,29.0,-29.0,0.619996867969374,1.619996867969374,82
2022-23,2022-10-18,0022200001,BOS,PHI,1,1,1500.0,1516.4799553415476,16.479955341547488,1500.0,0.550199353253537,9.0,9.0,0.2212784678984439,1.221278467898444,1
2022-23,2022-10-21,0022200022,BOS,MIA,0,1,1516.4799553415476,1534.0154807694769,17.535525427929237,1480.2361461963153,0.501789977600823,7.0,7.0,0.1732351578346601,1.17323515783466,2
2022-23,2022-10-22,0022200030,BOS,ORL,0,1,1534.0154807694769,1549.8141474229574,15.79866665348051,1470.0256143257564,0.5416232204524077,6.0,6.0,0.1488850336233179,1.1488850336233178,3
2022-23,2022-10-24,0022200047,BOS,CHI,0,0,1549.8141474229574,1526.1548076174663,-23.659339805491083,1476.6928719308642,0.5546418256649468,18.0,-18.0,0.4218990052500079,1.4218990052500078,4
2022-23,2022-10-28,0022200072,BOS,CLE,1,0,1526.1548076174663,1506.95985723985,-19.194950377616266,1544.5325025089094,0.5239031851227897,9.0,-9.0,0.2212784678984439,1.221278467898444,5
2022-23,2022-10-30,0022200089,BOS,WAS,1,1,1506.95985723985,1526.2153551765753,19.255497936725316,1508.0844865815136,0.548596680316741,18.0,18.0,0.4218990052500079,1.4218990052500078,6
2022-23,2022-11-02,0022200107,BOS,CLE,0,0,1526.2153551765753,1514.6490414482437,-11.566313728331776,1579.1087787357403,0.3761421946621253,1.0,-1.0,0.0249947929684206,1.0249947929684209,7
2022-23,2022-11-04,0022200124,BOS,CHI,1,1,1514.6490414482437,1529.647628070902,14.998586622658443,1518.0426781739488,0.5453601542777844,4.0,4.0,0.0996679946249558,1.099667994624956,8
2022-23,2022-11-05,0022200135,BOS,NYK,0,1,1529.647628070902,1550.4449462350335,20.79731816413183,1501.8437659182175,0.4896454058069854,15.0,15.0,0.3583573983507859,1.358357398350786,9
2022-23,2022-11-07,0022200152,BOS,MEM,0,1,1550.4449462350335,1568.5000094668726,18.05506323183885,1557.282687661993,0.4400799971609778,3.0,3.0,0.074859690687499,1.0748596906874992,10
2022-23,2022-11-09,0022200163,BOS,DET,1,1,1568.5000094668726,1579.5741760015674,11.074166534694731,1428.508102386531,0.7324981614634881,16.0,16.0,0.3799489622552249,1.379948962255225,11
2022-23,2022-11-11,0022200176,BOS,DEN,1,1,1579.5741760015674,1598.996538405666,19.42236240409855,1578.9393576218924,0.5511035546972691,19.0,19.0,0.4422303560457261,1.442230356045726,12
2022-23,2022-11-12,0022200186,BOS,DET,0,1,1598.996538405666,1609.434072140739,10.437533735073414,1404.1097398617526,0.715120015365697,9.0,9.0,0.2212784678984439,1.221278467898444,13
2022-23,2022-11-14,0022200201,BOS,OKC,1,1,1609.434072140739,1619.481905050612,10.04783290987248,1501.0089568495134,0.695428288083765,4.0,4.0,0.0996679946249558,1.099667994624956,14
2022-23,2022-11-16,0022200214,BOS,ATL,0,1,1619.481905050612,1641.4878090316363,22.00590398102473,1564.897101724861,0.5281549828194487,25.0,25.0,0.5545997223493823,1.5545997223493822,15
2022-23,2022-11-18,0022200231,BOS,NOP,0,1,1641.4878090316363,1656.5642499125445,15.076440880907878,1550.208091574572,0.5802919762291393,8.0,8.0,0.197375320224904,1.197375320224904,16
2022-23,2022-11-21,0022200250,BOS,CHI,0,0,1656.5642499125445,1626.7711889088848,-29.79306100365976,1437.0228181971208,0.7431309542173021,14.0,-14.0,0.3363755443363322,1.3363755443363323,17
2022-23,2022-11-23,0022200264,BOS,DAL,1,1,1626.7711889088848,1638.9322264081804,12.161037499295674,1521.5517105019997,0.6915057372194112,13.0,13.0,0.3140209253469976,1.3140209253469977,18
2022-23,2022-11-25,0022200275,BOS,SAC,1,1,1638.9322264081804,1653.0491981634227,14.116971755242192,1551.6472669389418,0.669058264027689,18.0,18.0,0.4218990052500079,1.4218990052500078,19
2022-23,2022-11-27,0022200294,BOS,WAS,1,1,1653.0491981634227,1662.058573033623,9.00937487020001,1493.3811257134764,0.7540999014007784,9.0,9.0,0.2212784678984439,1.221278467898444,20
2022-23,2022-11-28,0022200301,BOS,CHA,1,1,1662.058573033623,1670.1330408201102,8.074467786487439,1406.344331743432,0.8420400017498508,35.0,35.0,0.703905603936621,1.703905603936621,21
2022-23,2022-11-30,0022200314,BOS,MIA,1,1,1670.1330408201102,1679.4301901237911,9.297149303681026,1500.910915042038,0.7641552194402612,13.0,13.0,0.3140209253469976,1.3140209253469977,22
2022-23,2022-12-02,0022200328,BOS,MIA,1,0,1679.4301901237911,1653.6023577660844,-25.827832357706622,1491.6137657383572,0.7828978832383938,4.0,-4.0,0.0996679946249558,1.099667994624956,23
2022-23,2022-12-04,0022200346,BOS,BKN,0,1,1653.6023577660844,1669.3925057636425,15.790147997558064,1558.9624806120676,0.5849954851561832,11.0,11.0,0.2682711820216014,1.2682711820216013,24
2022-23,2022-12-05,0022200355,BOS,TOR,0,1,1669.3925057636425,1680.291557303682,10.899051540039515,1500.4225859000328,0.6837788748491678,6.0,6.0,0.1488850336233179,1.1488850336233178,25
2022-23,2022-12-07,0022200373,BOS,PHX,0,1,1680.291557303682,1699.2771118760688,18.9855545723869,1573.736923335529,0.6015437551960121,27.0,27.0,0.5882592563981054,1.5882592563981053,26
2022-23,2022-12-10,0022200392,BOS,GSW,0,0,1699.2771118760688,1670.046181619967,-29.2309302561019,1512.02115041496,0.7060872311376485,16.0,-16.0,0.3799489622552249,1.379948962255225,27
2022-23,2022-12-12,0022200408,BOS,LAC,0,0,1670.046181619967,1639.0844937538975,-30.961687866069596,1482.9768140586675,0.7058642715993985,20.0,-20.0,0.4621171572600097,1.4621171572600098,28
2022-23,2022-12-13,0022200413,BOS,LAL,0,1,1639.0844937538975,1650.1189361134948,11.034442359597248,1484.5665458777487,0.6655220056255686,4.0,4.0,0.0996679946249558,1.099667994624956,29
2022-23,2022-12-16,0022200430,BOS,ORL,1,0,1650.1189361134948,1620.4907791677178,-29.62815694577683,1415.9830081285115,0.824808407893685,8.0,-8.0,0.197375320224904,1.197375320224904,30
2022-23,2022-12-18,0022200445,BOS,ORL,1,0,1620.4907791677178,1595.6623599895204,-24.828419178197503,1445.6111650742885,0.7699739601149496,3.0,-3.0,0.074859690687499,1.0748596906874992,31
2022-23,2022-12-21,0022200469,BOS,IND,1,0,1595.6623599895204,1571.1026620169655,-24.559697972554613,1459.5377844640468,0.7281134997596224,5.0,-5.0,0.1243530017715962,1.124353001771596,32
2022-23,2022-12-23,0022200482,BOS,MIN,1,1,1571.1026620169655,1584.5142129401852,13.411550923219414,1495.6550876608812,0.6538005645341698,12.0,12.0,0.2913126124515909,1.2913126124515908,33
2022-23,2022-12-25,0022200495,BOS,MIL,1,1,1584.5142129401852,1604.821993283013,20.307780342827733,1589.493546998173,0.5430960119093227,21.0,21.0,0.4815497983643079,1.481549798364308,34
2022-23,2022-12-27,0022200507,BOS,HOU,1,1,1604.821993283013,1613.886989178186,9.064995895172956,1395.2702060936783,0.8034113301698846,24.0,24.0,0.5370495669980352,1.5370495669980353,35
2022-23,2022-12-29,0022200525,BOS,LAC,1,1,1613.886989178186,1626.0077956301905,12.12080645200434,1542.6216637797504,0.6483313213165719,6.0,6.0,0.1488850336233179,1.1488850336233178,36
2022-23,2023-01-01,0022200549,BOS,DEN,0,0,1626.0077956301905,1607.2931818722388,-18.714613757951607,1602.7624162122706,0.4830901925553468,12.0,-12.0,0.2913126124515909,1.2913126124515908,37
2022-23,2023-01-03,0022200562,BOS,OKC,0,0,1607.2931818722388,1572.99474257972,-34.29843929251899,1440.2112813053525,0.6814241904080292,33.0,-33.0,0.6777821008468294,1.6777821008468294,38
2022-23,2023-01-05,0022200577,BOS,DAL,0,1,1572.99474257972,1600.121403149215,27.126660569495066,1578.5942003603143,0.4418371807615969,29.0,29.0,0.619996867969374,1.619996867969374,39
2022-23,2023-01-07,0022200591,BOS,SAS,0,1,1600.121403149215,1608.9115637937844,8.790160644569477,1383.9585573409174,0.7394009227019395,5.0,5.0,0.1243530017715962,1.124353001771596,40
2022-23,2023-01-09,0022200606,BOS,CHI,1,1,1608.9115637937844,1621.4591354163183,12.547571622533864,1535.8445401980734,0.6506923264968959,8.0,8.0,0.197375320224904,1.197375320224904,41
2022-23,2023-01-11,0022200621,BOS,NOP,1,1,1621.4591354163183,1635.8065980637823,14.347462647464193,1569.2649065597177,0.6229128583106704,11.0,11.0,0.2682711820216014,1.2682711820216013,42
2022-23,2023-01-12,0022200627,BOS,BKN,0,1,1635.8065980637823,1659.1817898978825,23.375191834099905,1681.7017719501791,0.3856415944934775,11.0,11.0,0.2682711820216014,1.2682711820216013,43
2022-23,2023-01-14,0022200642,BOS,CHA,0,1,1659.1817898978825,1665.8378051278842,6.656015230001653,1337.1233180487077,0.8392207390258876,16.0,16.0,0.3799489622552249,1.379948962255225,44
2022-23,2023-01-16,0022200656,BOS,CHA,0,1,1665.8378051278842,1671.67607623763,5.838271109745952,1330.4673028187058,0.8492936295092314,12.0,12.0,0.2913126124515909,1.2913126124515908,45
2022-23,2023-01-19,0022200679,BOS,GSW,1,1,1671.67607623763,1678.9612163074237,7.285140069793586,1492.748877970449,0.7740746960460212,3.0,3.0,0.074859690687499,1.0748596906874992,46
2022-23,2023-01-21,0022200692,BOS,TOR,0,1,1678.9612163074237,1686.3087311304494,7.347514823025642,1437.2416568996246,0.7667363139254483,2.0,2.0,0.0499583749578799,1.04995837495788,47
2022-23,2023-01-23,0022200707,BOS,ORL,0,0,1686.3087311304494,1654.539123911874,-31.769607218575477,1431.8360907146616,0.7796084510391672,15.0,-15.0,0.3583573983507859,1.358357398350786,48
2022-23,2023-01-24,0022200714,BOS,MIA,0,0,1654.539123911874,1635.7771557991362,-18.761968112737765,1562.152978643343,0.5818423953467291,3.0,-3.0,0.074859690687499,1.0748596906874992,49
2022-23,2023-01-26,0022200730,BOS,NYK,1,0,1635.7771557991362,1612.4568408851344,-23.32031491400182,1503.9359423415967,0.7232049328871236,3.0,-3.0,0.074859690687499,1.0748596906874992,50
2022-23,2023-01-28,0022200749,BOS,LAL,1,1,1612.4568408851344,1622.363014531034,9.90617364589962,1500.4957961888504,0.6997222890811955,4.0,4.0,0.0996679946249558,1.099667994624956,51
2022-23,2023-02-01,0022200772,BOS,BKN,1,1,1622.363014531034,1644.3049258889282,21.941911357894128,1592.9116990539617,0.5917033929606808,43.0,43.0,0.7913375537619973,1.791337553761997,52
2022-23,2023-02-03,0022200788,BOS,PHX,1,0,1644.3049258889282,1614.6798562372862,-29.625069651641983,1474.530667858658,0.7647275432759854,12.0,-12.0,0.2913126124515909,1.2913126124515908,53
2022-23,2023-02-06,0022200808,BOS,DET,0,1,1614.6798562372862,1621.982974457204,7.303118219917641,1326.1108389259723,0.8114807586870211,12.0,12.0,0.2913126124515909,1.2913126124515908,54
2022-23,2023-02-08,0022200824,BOS,PHI,1,1,1621.982974457204,1638.122428229064,16.139453771859987,1628.111215658299,0.5414544230090752,7.0,7.0,0.1732351578346601,1.17323515783466,55
2022-23,2023-02-10,0022200838,BOS,CHA,1,1,1638.122428229064,1642.8079211250424,4.685492895978578,1332.120364681265,0.8768535477691244,11.0,11.0,0.2682711820216014,1.2682711820216013,56
2022-23,2023-02-12,0022200855,BOS,MEM,1,1,1642.8079211250424,1654.8983370686835,12.090415943641045,1549.8307223094832,0.6762729349643702,10.0,10.0,0.2449186624037091,1.2449186624037092,57
2022-23,2023-02-14,0022200869,BOS,MIL,0,0,1654.8983370686835,1640.052188287241,-14.84614878144239,1668.335976200128,0.4307407717614433,6.0,-6.0,0.1488850336233179,1.1488850336233178,58
2022-23,2023-02-15,0022200877,BOS,DET,1,1,1640.052188287241,1644.8780432784167,4.825854991175619,1317.3422381102314,0.8868683131184106,18.0,18.0,0.4218990052500079,1.4218990052500078,59
2022-23,2023-02-23,0022200887,BOS,IND,0,1,1644.8780432784167,1651.9490330933927,7.070989814976021,1384.222496003312,0.785662889480032,4.0,4.0,0.0996679946249558,1.099667994624956,60
2022-23,2023-02-25,0022200908,BOS,PHI,0,1,1651.9490330933927,1670.443677426935,18.4946443335423,1668.4318645156377,0.426447796123889,3.0,3.0,0.074859690687499,1.0748596906874992,61
2022-23,2023-02-27,0022200921,BOS,NYK,0,0,1670.443677426935,1648.2429416046762,-22.20073582225872,1604.2341655141488,0.5447936811822172,15.0,-15.0,0.3583573983507859,1.358357398350786,62
2022-23,2023-03-01,0022200935,BOS,CLE,1,1,1648.2429416046762,1660.314951766302,12.072010161625728,1587.746468614729,0.6340710644596899,4.0,4.0,0.0996679946249558,1.099667994624956,63
2022-23,2023-03-03,0022200948,BOS,BKN,1,0,1660.314951766302,1631.043933141242,-29.27101862505997,1471.6299834921708,0.7837464810363061,10.0,-10.0,0.2449186624037091,1.2449186624037092,64
2022-23,2023-03-05,0022200969,BOS,NYK,1,0,1631.043933141242,1614.5874656096232,-16.4564675316187,1650.4347965504444,0.5224482520486861,2.0,-2.0,0.0499583749578799,1.04995837495788,65
2022-23,2023-03-06,0022200971,BOS,CLE,0,0,1614.5874656096232,1598.185056495406,-16.402409114217278,1581.5381530030995,0.497192764676559,4.0,-4.0,0.0996679946249558,1.099667994624956,66
2022-23,2023-03-08,0022200986,BOS,POR,1,1,1598.185056495406,1609.2586412673732,11.073584771967283,1438.605268348717,0.7540056510760903,22.0,22.0,0.5005202111902353,1.5005202111902354,67
2022-23,2023-03-11,0022201008,BOS,ATL,0,1,1609.2586412673732,1624.7189306595758,15.460289392202734,1519.5911810021016,0.5780299143184888,9.0,9.0,0.2212784678984439,1.221278467898444,68
2022-23,2023-03-13,0022201024,BOS,HOU,0,0,1624.7189306595758,1597.0772186868433,-27.64171197273264,1247.5945802524416,0.8775494544038952,2.0,-2.0,0.0499583749578799,1.04995837495788,69
2022-23,2023-03-15,0022201039,BOS,MIN,0,1,1597.0772186868433,1611.480457460664,14.40323877382062,1532.308433145565,0.5427361973786685,2.0,2.0,0.0499583749578799,1.04995837495788,70
2022-23,2023-03-17,0022201053,BOS,POR,0,1,1611.480457460664,1621.7912348203488,10.310777359684865,1392.2242914717797,0.7428173688805074,14.0,14.0,0.3363755443363322,1.3363755443363323,71
2022-23,2023-03-18,0022201062,BOS,UTA,0,0,1621.7912348203488,1599.9299401514356,-21.86129466891324,1430.4532342684563,0.7109400235944019,1.0,-1.0,0.0249947929684206,1.0249947929684209,72
2022-23,2023-03-21,0022201081,BOS,SAC,0,1,1599.9299401514356,1626.065578805296,26.135638653860298,1616.3892227206998,0.4264809526187177,23.0,23.0,0.5190218338982221,1.519021833898222,73
2022-23,2023-03-24,0022201097,BOS,IND,1,1,1626.065578805296,1635.9614220611709,9.89584325587491,1433.1808830488976,0.7878158363723394,25.0,25.0,0.5545997223493823,1.5545997223493822,74
2022-23,2023-03-26,0022201116,BOS,SAS,1,1,1635.9614220611709,1640.6353026867723,4.6738806256013365,1261.5489726377452,0.913470643987892,44.0,44.0,0.8004990217606297,1.8004990217606296,75
2022-23,2023-03-28,0022201130,BOS,WAS,0,0,1640.6353026867723,1608.1824751542135,-32.45282753255877,1414.730167788387,0.7500611211082162,19.0,-19.0,0.4422303560457261,1.442230356045726,76
2022-23,2023-03-30,0022201146,BOS,MIL,0,1,1608.1824751542135,1644.153099303836,35.97062414962236,1701.4893867110463,0.3233116836413811,41.0,41.0,0.7718952374404182,1.7718952374404182,77
2022-23,2023-03-31,0022201152,BOS,UTA,1,1,1644.153099303836,1651.0167693879507,6.8636700841148715,1428.4718255583616,0.8089245711521301,8.0,8.0,0.197375320224904,1.197375320224904,78
2022-23,2023-04-04,0022201181,BOS,PHI,0,0,1651.0167693879507,1636.2327451452563,-14.784024242694466,1637.3394181183075,0.4693527094439192,2.0,-2.0,0.0499583749578799,1.04995837495788,79
2022-23,2023-04-05,0022201192,BOS,TOR,1,1,1636.2327451452563,1648.027713806677,11.794968661420716,1569.4175099338547,0.6424687960647185,4.0,4.0,0.0996679946249558,1.099667994624956,80
2022-23,2023-04-07,0022201206,BOS,TOR,1,1,1648.027713806677,1662.1749934161603,14.147279609483611,1557.622541272434,0.6730231165874616,19.0,19.0,0.4422303560457261,1.442230356045726,81
2022-23,2023-04-09,0022201216,BOS,ATL,1,1,1662.1749934161603,1671.0008000539067,8.825806637746119,1511.904505189411,0.7439312498799651,6.0,6.0,0.1488850336233179,1.1488850336233178,82
2022-23,2022-10-19,0022200011,CHA,SAS,0,1,1500.0,1526.2157764700755,26.215776470075433,1500.0,0.449800646746463,27.0,27.0,0.5882592563981054,1.5882592563981053,1
2022-23,2022-10-21,0022200017,CHA,NOP,1,0,1526.2157764700755,1504.8215044243466,-21.394272045728897,1524.7675574922218,0.5522616248364345,12.0,-12.0,0.2913126124515909,1.2913126124515908,2
2022-23,2022-10-23,0022200038,CHA,ATL,0,1,1504.8215044243466,1529.5563178957216,24.734813471375016,1531.9344010034608,0.4115526318665464,17.0,17.0,0.4011342849479459,1.401134284947946,3
2022-23,2022-10-26,0022200058,CHA,NYK,0,0,1529.5563178957216,1514.7480159903962,-14.8083019053253,1522.947790699198,0.4592320912091527,3.0,-3.0,0.074859690687499,1.0748596906874992,4
2022-23,2022-10-28,0022200071,CHA,ORL,0,0,1514.7480159903962,1489.519754744756,-25.22826124564019,1427.1272098756028,0.575153664906891,20.0,-20.0,0.4621171572600097,1.4621171572600098,5
2022-23,2022-10-29,0022200082,CHA,GSW,1,1,1489.519754744756,1506.287925790536,16.76817104578006,1508.114421275763,0.5235916421982091,7.0,7.0,0.1732351578346601,1.17323515783466,6
2022-23,2022-10-31,0022200096,CHA,SAC,1,0,1506.287925790536,1484.1911173605404,-22.096808429995736,1450.4678900296624,0.6278027691901633,7.0,-7.0,0.1732351578346601,1.17323515783466,7
2022-23,2022-11-02,0022200111,CHA,CHI,0,0,1484.1911173605404,1465.947586618337,-18.243530742203333,1499.7991474317455,0.4276799471421351,18.0,-18.0,0.4218990052500079,1.4218990052500078,8
2022-23,2022-11-04,0022200125,CHA,MEM,0,0,1465.947586618337,1447.9282414441454,-18.01934517419164,1527.840922524249,0.3640652446183086,31.0,-31.0,0.6498274636719203,1.6498274636719203,9
2022-23,2022-11-05,0022200133,CHA,BKN,1,0,1447.9282414441454,1430.4167968088034,-17.511444635342144,1461.4920683695505,0.5308100481519866,4.0,-4.0,0.0996679946249558,1.099667994624956,10
2022-23,2022-11-07,0022200144,CHA,WAS,1,0,1430.4167968088034,1411.5316556314438,-18.885141177359724,1447.5169626902684,0.525737164679284,8.0,-8.0,0.197375320224904,1.197375320224904,11
2022-23,2022-11-09,0022200159,CHA,POR,1,0,1411.5316556314438,1398.0200953038193,-13.51156032762436,1545.142801152315,0.3617789321147568,10.0,-10.0,0.2449186624037091,1.2449186624037092,12
2022-23,2022-11-10,0022200174,CHA,MIA,0,0,1398.0200953038193,1385.567301703075,-12.452793600744451,1456.084039343195,0.3691839834738468,5.0,-5.0,0.1243530017715962,1.124353001771596,13
2022-23,2022-11-12,0022200189,CHA,MIA,0,0,1385.567301703075,1371.4243198381937,-14.142981864881175,1468.536832943939,0.3364650582701907,17.0,-17.0,0.4011342849479459,1.401134284947946,14
2022-23,2022-11-14,0022200200,CHA,ORL,0,1,1371.4243198381937,1394.743944178437,23.319624340243372,1453.623942243751,0.3374552355078751,7.0,7.0,0.1732351578346601,1.17323515783466,15
2022-23,2022-11-16,0022200211,CHA,IND,1,0,1394.743944178437,1379.5983390727563,-15.14560510568057,1506.7482531438727,0.3909614903893861,12.0,-12.0,0.2913126124515909,1.2913126124515908,16
2022-23,2022-11-18,0022200225,CHA,CLE,0,0,1379.5983390727563,1369.368330617112,-10.230008455644493,1513.9481309118291,0.2739137038852061,10.0,-10.0,0.2449186624037091,1.2449186624037092,17
2022-23,2022-11-20,0022200241,CHA,WAS,0,0,1369.368330617112,1361.0258336410272,-8.342496976084815,1522.559359668121,0.2528792634644253,4.0,-4.0,0.0996679946249558,1.099667994624956,18
2022-23,2022-11-23,0022200260,CHA,PHI,1,1,1361.0258336410272,1385.1448818001568,24.11904815912955,1543.0356776471426,0.300218691651457,6.0,6.0,0.1488850336233179,1.1488850336233178,19
2022-23,2022-11-25,0022200272,CHA,MIN,1,1,1385.1448818001568,1406.344331743432,21.199449943275443,1545.5516133824062,0.3269749084378107,2.0,2.0,0.0499583749578799,1.04995837495788,20
2022-23,2022-11-28,0022200301,CHA,BOS,0,0,1406.344331743432,1398.2698639569446,-8.074467786487439,1662.058573033623,0.1579599982501491,35.0,-35.0,0.703905603936621,1.703905603936621,21
2022-23,2022-12-02,0022200326,CHA,WAS,1,1,1398.2698639569446,1416.104555234438,17.83469127749346,1489.3362867562653,0.4200070933744755,1.0,1.0,0.0249947929684206,1.0249947929684209,22
2022-23,2022-12-03,0022200339,CHA,MIL,1,0,1416.104555234438,1403.9586508709772,-12.145904363460993,1572.945502101389,0.3315079152084909,9.0,-9.0,0.2212784678984439,1.221278467898444,23
2022-23,2022-12-05,0022200352,CHA,LAC,1,0,1403.9586508709772,1390.574919053444,-13.383731817533237,1491.5432822896812,0.4248972193165955,2.0,-2.0,0.0499583749578799,1.04995837495788,24
2022-23,2022-12-07,0022200364,CHA,BKN,0,0,1390.574919053444,1381.8367725582211,-8.738146495222775,1543.1723326145095,0.2535254105644984,6.0,-6.0,0.1488850336233179,1.1488850336233178,25
2022-23,2022-12-09,0022200377,CHA,NYK,1,0,1381.8367725582211,1365.0786378078426,-16.75813475037848,1496.5023709596048,0.387319882248805,19.0,-19.0,0.4422303560457261,1.442230356045726,26
2022-23,2022-12-11,0022200399,CHA,PHI,0,0,1365.0786378078426,1354.2336741523657,-10.844963655476858,1517.0238224622528,0.2542366139797208,18.0,-18.0,0.4218990052500079,1.4218990052500078,27
2022-23,2022-12-14,0022200414,CHA,DET,1,0,1354.2336741523657,1335.779334100019,-18.454340052346694,1372.3246171154378,0.524314894847574,7.0,-7.0,0.1732351578346601,1.17323515783466,28
2022-23,2022-12-16,0022200428,CHA,ATL,1,0,1335.779334100019,1319.192908709913,-16.586425390106033,1453.3557041834597,0.3833512753487894,19.0,-19.0,0.4422303560457261,1.442230356045726,29
2022-23,2022-12-18,0022200450,CHA,DEN,0,0,1319.192908709913,1313.0645599171971,-6.128348792715658,1540.908858570288,0.1857636069150048,4.0,-4.0,0.0996679946249558,1.099667994624956,30
2022-23,2022-12-19,0022200460,CHA,SAC,0,1,1313.0645599171971,1341.9915020839585,28.92694216676124,1565.193930928032,0.1607242001249288,6.0,6.0,0.1488850336233179,1.1488850336233178,31
2022-23,2022-12-21,0022200476,CHA,LAC,0,0,1341.9915020839585,1331.7113118330806,-10.280190250877682,1515.6302400562656,0.231293614795071,21.0,-21.0,0.4815497983643079,1.481549798364308,32
2022-23,2022-12-23,0022200492,CHA,LAL,0,1,1331.7113118330806,1355.938450475478,24.227138642397357,1473.372995696165,0.2656226315331331,4.0,4.0,0.0996679946249558,1.099667994624956,33
2022-23,2022-12-26,0022200504,CHA,POR,0,0,1355.938450475478,1345.1630075507978,-10.775442924680172,1482.2556046874952,0.2832055446140026,11.0,-11.0,0.2682711820216014,1.2682711820216013,34
2022-23,2022-12-27,0022200513,CHA,GSW,0,0,1345.1630075507978,1336.8498755758578,-8.31313197493998,1504.3099838490225,0.2464567611133195,5.0,-5.0,0.1243530017715962,1.124353001771596,35
2022-23,2022-12-29,0022200523,CHA,OKC,1,1,1336.8498755758578,1360.24817914426,23.398303568402195,1480.4408816512723,0.3486224084411763,8.0,8.0,0.197375320224904,1.197375320224904,36
2022-23,2022-12-31,0022200539,CHA,BKN,1,0,1360.24817914426,1353.0186688831616,-7.229510261098598,1668.2588786671663,0.1719918482894779,17.0,-17.0,0.4011342849479459,1.401134284947946,37
2022-23,2023-01-02,0022200551,CHA,LAL,1,0,1353.0186688831616,1339.658793309652,-13.359875573509788,1467.4656362885512,0.3876185804067743,6.0,-6.0,0.1488850336233179,1.1488850336233178,38
2022-23,2023-01-04,0022200564,CHA,MEM,1,0,1339.658793309652,1330.005906141004,-9.6528871686479,1605.5158957715978,0.2093380152014368,24.0,-24.0,0.5370495669980352,1.5370495669980353,39
2022-23,2023-01-06,0022200583,CHA,MIL,0,1,1330.005906141004,1369.9017762152191,39.895870074215,1559.488811751943,0.1790957364787279,29.0,29.0,0.619996867969374,1.619996867969374,40
2022-23,2023-01-08,0022200598,CHA,IND,0,0,1369.9017762152191,1362.3903888217435,-7.511387393475492,1552.0615040119435,0.2226876962911147,5.0,-5.0,0.1243530017715962,1.124353001771596,41
2022-23,2023-01-10,0022200613,CHA,TOR,0,0,1362.3903888217435,1348.86999190059,-13.520396921153868,1435.6856291336153,0.3490091346015493,12.0,-12.0,0.2913126124515909,1.2913126124515908,42
2022-23,2023-01-12,0022200629,CHA,TOR,0,0,1348.86999190059,1337.1233180487077,-11.746673851882342,1449.2060260547692,0.314523194878228,10.0,-10.0,0.2449186624037091,1.2449186624037092,43
2022-23,2023-01-14,0022200642,CHA,BOS,1,0,1337.1233180487077,1330.4673028187058,-6.656015230001653,1659.1817898978825,0.1607792609741124,16.0,-16.0,0.3799489622552249,1.379948962255225,44
2022-23,2023-01-16,0022200656,CHA,BOS,1,0,1330.4673028187058,1324.62903170896,-5.838271109745952,1665.8378051278842,0.1507063704907686,12.0,-12.0,0.2913126124515909,1.2913126124515908,45
2022-23,2023-01-18,0022200671,CHA,HOU,0,1,1324.62903170896,1340.946827121609,16.317795412649,1278.3462339588243,0.5162315456996829,5.0,5.0,0.1243530017715962,1.124353001771596,46
2022-23,2023-01-21,0022200694,CHA,ATL,0,1,1340.946827121609,1367.0084447837278,26.061617662118877,1536.093637536963,0.2100155747157351,4.0,4.0,0.0996679946249558,1.099667994624956,47
2022-23,2023-01-23,0022200710,CHA,UTA,0,0,1367.0084447837278,1354.2895394794343,-12.718905304293516,1480.7180411622503,0.2981671051022172,18.0,-18.0,0.4218990052500079,1.4218990052500078,48
2022-23,2023-01-24,0022200718,CHA,PHX,0,0,1354.2895394794343,1340.3162070013998,-13.973332478034456,1481.3660192521731,0.2823190664017448,31.0,-31.0,0.6498274636719203,1.6498274636719203,49
2022-23,2023-01-26,0022200732,CHA,CHI,1,1,1340.3162070013998,1368.4174468326628,28.101239831263086,1513.9773013961103,0.3104112396982445,15.0,15.0,0.3583573983507859,1.358357398350786,50
2022-23,2023-01-29,0022200752,CHA,MIA,1,1,1368.4174468326628,1393.6131962568995,25.19574942423679,1591.470192683075,0.2530296865682782,5.0,5.0,0.1243530017715962,1.124353001771596,51
2022-23,2023-01-31,0022200767,CHA,MIL,0,0,1393.6131962568995,1386.103418691352,-7.509777565547327,1594.090071160868,0.2049703858959655,9.0,-9.0,0.2212784678984439,1.221278467898444,52
2022-23,2023-02-02,0022200781,CHA,CHI,0,0,1386.103418691352,1373.2717750862928,-12.831643605059394,1490.135294528591,0.3099545455673683,16.0,-16.0,0.3799489622552249,1.379948962255225,53
2022-23,2023-02-03,0022200785,CHA,DET,0,0,1373.2717750862928,1355.1997761301689,-18.07199895612402,1321.3491199411746,0.5243344177826947,6.0,-6.0,0.1488850336233179,1.1488850336233178,54
2022-23,2023-02-05,0022200802,CHA,ORL,1,0,1355.1997761301689,1342.7708086341677,-12.428967496001464,1489.6913436636755,0.360609551355003,6.0,-6.0,0.1488850336233179,1.1488850336233178,55
2022-23,2023-02-08,0022200823,CHA,WAS,0,0,1342.7708086341677,1332.120364681265,-10.650443952902435,1484.4036989567558,0.2656549649794645,14.0,-14.0,0.3363755443363322,1.3363755443363323,56
2022-23,2023-02-10,0022200838,CHA,BOS,0,0,1332.120364681265,1327.4348717852863,-4.685492895978578,1638.122428229064,0.1231464522308756,11.0,-11.0,0.2682711820216014,1.2682711820216013,57
2022-23,2023-02-11,0022200847,CHA,DEN,1,0,1327.4348717852863,1320.253124862313,-7.181746922973554,1626.8714490445805,0.1791349483411899,14.0,-14.0,0.3363755443363322,1.3363755443363323,58
2022-23,2023-02-13,0022200857,CHA,ATL,1,1,1320.253124862313,1345.1215817168263,24.868456854513433,1520.638657350309,0.2784756197904307,6.0,6.0,0.1488850336233179,1.1488850336233178,59
2022-23,2023-02-15,0022200873,CHA,SAS,1,1,1345.1215817168263,1356.5522765262504,11.430694809424043,1237.9176465277603,0.6939373054473703,10.0,10.0,0.2449186624037091,1.2449186624037092,60
2022-23,2023-02-24,0022200898,CHA,MIN,0,1,1356.5522765262504,1383.8384512040568,27.28617467780636,1521.4226931944895,0.2403892576004997,8.0,8.0,0.197375320224904,1.197375320224904,61
2022-23,2023-02-25,0022200904,CHA,MIA,1,1,1383.8384512040568,1406.0444934179377,22.20604221388055,1532.7773576202503,0.3416645786838766,5.0,5.0,0.1243530017715962,1.124353001771596,62
2022-23,2023-02-27,0022200919,CHA,DET,1,1,1406.0444934179377,1417.593089641194,11.54859622325646,1296.7608432491677,0.696474056259582,11.0,11.0,0.2682711820216014,1.2682711820216013,63
2022-23,2023-03-01,0022200933,CHA,PHX,1,0,1417.593089641194,1402.396958825768,-15.196130815425862,1538.345678103367,0.3790384342143018,14.0,-14.0,0.3363755443363322,1.3363755443363323,64
2022-23,2023-03-03,0022200946,CHA,ORL,1,0,1402.396958825768,1385.9520734506048,-16.44488537516319,1484.7922558245862,0.4322126479015405,11.0,-11.0,0.2682711820216014,1.2682711820216013,65
2022-23,2023-03-05,0022200965,CHA,BKN,0,0,1385.9520734506048,1373.6701273614876,-12.28194608911703,1500.9010021172307,0.2966763367113924,16.0,-16.0,0.3799489622552249,1.379948962255225,66
2022-23,2023-03-07,0022200979,CHA,NYK,0,1,1373.6701273614876,1404.245325759662,30.5751983981744,1666.8912640820631,0.1313137241640901,7.0,7.0,0.1732351578346601,1.17323515783466,67
2022-23,2023-03-09,0022200992,CHA,DET,0,1,1404.245325759662,1416.8224738327526,12.577148073090596,1251.5049046970926,0.6632404334805715,10.0,10.0,0.2449186624037091,1.2449186624037092,68
2022-23,2023-03-11,0022201005,CHA,UTA,1,0,1416.8224738327526,1397.3513031217883,-19.471170710964184,1422.5329477501773,0.5420514459717581,8.0,-8.0,0.197375320224904,1.197375320224904,69
2022-23,2023-03-12,0022201015,CHA,CLE,1,0,1397.3513031217883,1387.5896660636115,-9.761637058176976,1593.6555787912837,0.2832205942426061,6.0,-6.0,0.1488850336233179,1.1488850336233178,70
2022-23,2023-03-14,0022201027,CHA,CLE,1,0,1387.5896660636115,1376.7858596895385,-10.80380637407294,1603.4172158494605,0.2609711583443028,16.0,-16.0,0.3799489622552249,1.379948962255225,71
2022-23,2023-03-17,0022201047,CHA,PHI,1,0,1376.7858596895385,1368.406878984055,-8.378980705483428,1700.4730801705268,0.1595182067699565,39.0,-39.0,0.7508932836251672,1.7508932836251672,72
2022-23,2023-03-20,0022201071,CHA,IND,1,1,1368.406878984055,1386.852410293484,18.445531309428738,1427.8872849196975,0.4648280501065224,6.0,6.0,0.1488850336233179,1.1488850336233178,73
2022-23,2023-03-23,0022201095,CHA,NOP,0,0,1386.852410293484,1370.247069157463,-16.605341136020677,1434.1075744278803,0.3837884626962741,19.0,-19.0,0.4422303560457261,1.442230356045726,74
2022-23,2023-03-24,0022201101,CHA,DAL,0,1,1370.247069157463,1393.7301024361525,23.483033278688826,1445.645364563514,0.3462636462147339,8.0,8.0,0.197375320224904,1.197375320224904,75
2022-23,2023-03-26,0022201113,CHA,DAL,1,1,1393.7301024361525,1410.6376463965423,16.90754396039016,1422.162331284825,0.5094506567795944,6.0,6.0,0.1488850336233179,1.1488850336233178,76
2022-23,2023-03-28,0022201134,CHA,OKC,0,1,1410.6376463965423,1433.43246488814,22.79481849159771,1528.5815069434025,0.2930916568587123,3.0,3.0,0.074859690687499,1.0748596906874992,77
2022-23,2023-03-31,0022201148,CHA,CHI,1,0,1433.43246488814,1412.7847267810882,-20.647738107051847,1523.8519718777973,0.4209145202930193,30.0,-30.0,0.6351489523872873,1.6351489523872873,78
2022-23,2023-04-02,0022201163,CHA,TOR,1,0,1412.7847267810882,1396.4612877690176,-16.323439012070605,1538.646114307598,0.3721416105637876,20.0,-20.0,0.4621171572600097,1.4621171572600098,79
2022-23,2023-04-04,0022201176,CHA,TOR,1,0,1396.4612877690176,1382.0133311548316,-14.44795661418618,1554.9695533196686,0.3293843803247039,20.0,-20.0,0.4621171572600097,1.4621171572600098,80
2022-23,2023-04-07,0022201202,CHA,HOU,1,0,1382.0133311548316,1361.017710890413,-20.995620264418907,1308.6254884931543,0.6511119682665973,3.0,-3.0,0.074859690687499,1.0748596906874992,81
2022-23,2023-04-09,0022201218,CHA,CLE,0,1,1361.017710890413,1393.5361609162103,32.518450025797854,1633.7894751088509,0.1453339399658456,11.0,11.0,0.2682711820216014,1.2682711820216013,82
2022-23,2022-10-19,0022200007,CHI,MIA,0,1,1500.0,1519.7638538036847,19.76385380368467,1500.0,0.449800646746463,8.0,8.0,0.197375320224904,1.197375320224904,1
2022-23,2022-10-21,0022200019,CHI,WAS,0,0,1519.7638538036847,1505.577812937876,-14.186040865808812,1519.3653967516482,0.4503683575829977,2.0,-2.0,0.0499583749578799,1.04995837495788,2
2022-23,2022-10-22,0022200032,CHI,CLE,1,0,1505.577812937876,1476.6928719308642,-28.88494100701176,1485.4958224790118,0.5786118336468079,32.0,-32.0,0.664036770267849,1.664036770267849,3
2022-23,2022-10-24,0022200047,CHI,BOS,1,1,1476.6928719308642,1500.3522117363552,23.659339805491083,1549.8141474229574,0.4453581743350532,18.0,18.0,0.4218990052500079,1.4218990052500078,4
2022-23,2022-10-26,0022200061,CHI,IND,1,1,1500.3522117363552,1516.4162579245526,16.06404618819742,1460.7091442028443,0.6057972615135221,15.0,15.0,0.3583573983507859,1.358357398350786,5
2022-23,2022-10-28,0022200077,CHI,SAS,0,0,1516.4162579245526,1501.0192873295746,-15.396970594978107,1511.7414308488565,0.4564690558545742,5.0,-5.0,0.1243530017715962,1.124353001771596,6
2022-23,2022-10-29,0022200084,CHI,PHI,1,0,1501.0192873295746,1481.536268595372,-19.48301873420278,1481.6531239159046,0.5776068163499126,5.0,-5.0,0.1243530017715962,1.124353001771596,7
2022-23,2022-11-01,0022200103,CHI,BKN,0,1,1481.536268595372,1499.7991474317455,18.26287883637358,1445.4685321232982,0.5015365914649521,9.0,9.0,0.2212784678984439,1.221278467898444,8
2022-23,2022-11-02,0022200111,CHI,CHA,1,1,1499.7991474317455,1518.0426781739488,18.243530742203333,1484.1911173605404,0.5723200528578649,18.0,18.0,0.4218990052500079,1.4218990052500078,9
2022-23,2022-11-04,0022200124,CHI,BOS,0,0,1518.0426781739488,1503.0440915512904,-14.998586622658443,1514.6490414482437,0.4546398457222156,4.0,-4.0,0.0996679946249558,1.099667994624956,10
2022-23,2022-11-06,0022200141,CHI,TOR,0,0,1503.0440915512904,1487.9502889363057,-15.093802614984629,1529.8596074584193,0.4119672679553527,9.0,-9.0,0.2212784678984439,1.221278467898444,11
2022-23,2022-11-07,0022200151,CHI,TOR,1,1,1487.9502889363057,1509.2637190573082,21.31343012100254,1544.953410073404,0.4683772284587073,14.0,14.0,0.3363755443363322,1.3363755443363323,12
2022-23,2022-11-09,0022200166,CHI,NOP,1,0,1509.2637190573082,1490.9513009706895,-18.31241808661873,1505.8277176641725,0.5550892989559156,4.0,-4.0,0.0996679946249558,1.099667994624956,13
2022-23,2022-11-13,0022200196,CHI,DEN,1,0,1490.9513009706895,1470.3604371022143,-20.59086386847496,1559.516995217794,0.4518448080418791,23.0,-23.0,0.5190218338982221,1.519021833898222,14
2022-23,2022-11-16,0022200217,CHI,NOP,0,0,1470.3604371022143,1455.9536172825974,-14.406819819617024,1535.801271754955,0.359350580273494,14.0,-14.0,0.3363755443363322,1.3363755443363323,15
2022-23,2022-11-18,0022200227,CHI,ORL,1,0,1455.9536172825974,1437.0228181971208,-18.93079908547652,1409.1189888829122,0.6156388700815498,1.0,-1.0,0.0249947929684206,1.0249947929684209,16
2022-23,2022-11-21,0022200250,CHI,BOS,1,1,1437.0228181971208,1466.8158792007805,29.79306100365976,1656.5642499125445,0.2568690457826978,14.0,14.0,0.3363755443363322,1.3363755443363323,17
2022-23,2022-11-23,0022200267,CHI,MIL,0,1,1466.8158792007805,1490.1700733044815,23.354194103701097,1572.7432191797943,0.3076256873389151,5.0,5.0,0.1243530017715962,1.124353001771596,18
2022-23,2022-11-25,0022200281,CHI,OKC,0,0,1490.1700733044815,1473.717955688947,-16.45211761553446,1456.073729119356,0.4986995376771419,4.0,-4.0,0.0996679946249558,1.099667994624956,19
2022-23,2022-11-28,0022200306,CHI,UTA,0,1,1473.717955688947,1494.2101439899152,20.492188300968003,1496.3688572094864,0.417786844517778,7.0,7.0,0.1732351578346601,1.17323515783466,20
2022-23,2022-11-30,0022200321,CHI,PHX,0,0,1494.2101439899152,1480.898373324669,-13.311770665246389,1600.1043547530358,0.3076663079385897,19.0,-19.0,0.4422303560457261,1.442230356045726,21
2022-23,2022-12-02,0022200336,CHI,GSW,0,0,1480.898373324669,1466.8962219483203,-14.002151376348552,1523.749618370521,0.389801235525675,8.0,-8.0,0.197375320224904,1.197375320224904,22
2022-23,2022-12-04,0022200350,CHI,SAC,0,0,1466.8962219483203,1455.384151852678,-11.512070095642356,1567.4861571223155,0.3142081678677847,9.0,-9.0,0.2212784678984439,1.221278467898444,23
2022-23,2022-12-07,0022200367,CHI,WAS,1,1,1455.384151852678,1470.0725947984722,14.68844294579429,1452.1788619441857,0.5547612849942097,4.0,4.0,0.0996679946249558,1.099667994624956,24
2022-23,2022-12-10,0022200391,CHI,DAL,1,1,1470.0725947984722,1496.0640836882312,25.99148888975897,1529.2969949799826,0.4651946678897256,29.0,29.0,0.619996867969374,1.619996867969374,25
2022-23,2022-12-11,0022200400,CHI,ATL,0,0,1496.0640836882312,1481.2848634597422,-14.779220228489086,1474.532224670794,0.4806274896834012,1.0,-1.0,0.0249947929684206,1.0249947929684209,26
2022-23,2022-12-14,0022200418,CHI,NYK,1,0,1481.2848634597422,1464.2884932110435,-16.996370248698334,1534.9557298383982,0.4731562989374094,8.0,-8.0,0.197375320224904,1.197375320224904,27
2022-23,2022-12-16,0022200434,CHI,NYK,1,0,1464.2884932110435,1444.9307109091142,-19.357782301929554,1551.9521000870966,0.424786132539259,23.0,-23.0,0.5190218338982221,1.519021833898222,28
2022-23,2022-12-18,0022200449,CHI,MIN,0,0,1444.9307109091142,1426.4435535761754,-18.487157332938665,1479.6993553569614,0.4009230352721669,24.0,-24.0,0.5370495669980352,1.5370495669980353,29
2022-23,2022-12-20,0022200462,CHI,MIA,0,1,1426.4435535761754,1452.0409951482754,25.59744157210006,1526.705282082111,0.3146154217369751,10.0,10.0,0.2449186624037091,1.2449186624037092,30
2022-23,2022-12-21,0022200468,CHI,ATL,0,1,1452.0409951482754,1470.779669500137,18.738674351861537,1483.795224074106,0.4050978655030569,2.0,2.0,0.0499583749578799,1.04995837495788,31
2022-23,2022-12-23,0022200485,CHI,NYK,0,1,1470.779669500137,1492.0063008221682,21.226631322031228,1575.018710750491,0.3096995396904028,1.0,1.0,0.0249947929684206,1.0249947929684209,32
2022-23,2022-12-26,0022200501,CHI,HOU,1,0,1492.0063008221682,1462.8149774465285,-29.191323375639847,1366.0788827180386,0.7163388028089841,15.0,-15.0,0.3583573983507859,1.358357398350786,33
2022-23,2022-12-28,0022200519,CHI,MIL,1,1,1462.8149774465285,1483.5393721879584,20.72439474142994,1569.1857666553456,0.3987099336919729,6.0,6.0,0.1488850336233179,1.1488850336233178,34
2022-23,2022-12-30,0022200532,CHI,DET,1,1,1483.5393721879584,1494.5647987221914,11.02542653423292,1350.1443818956066,0.7249918113472527,14.0,14.0,0.3363755443363322,1.3363755443363323,35
2022-23,2022-12-31,0022200540,CHI,CLE,1,0,1494.5647987221914,1480.103630625678,-14.461168096513443,1550.2377596038025,0.4702842783761335,1.0,-1.0,0.0249947929684206,1.0249947929684209,36
2022-23,2023-01-02,0022200552,CHI,CLE,0,0,1480.103630625678,1467.381137468322,-12.722493157356048,1564.6989277003156,0.3343788862009943,11.0,-11.0,0.2682711820216014,1.2682711820216013,37
2022-23,2023-01-04,0022200570,CHI,BKN,1,1,1467.381137468322,1494.4165831108137,27.035445642491464,1682.1934361597596,0.2620998854035962,9.0,9.0,0.2212784678984439,1.221278467898444,38
2022-23,2023-01-06,0022200581,CHI,PHI,0,1,1494.4165831108137,1522.9389872003685,28.522404089554897,1616.1747746350245,0.2885631535128692,14.0,14.0,0.3363755443363322,1.3363755443363323,39
2022-23,2023-01-07,0022200592,CHI,UTA,1,1,1522.9389872003685,1535.8445401980734,12.905552997705223,1457.4399095359272,0.6407266020459604,8.0,8.0,0.197375320224904,1.197375320224904,40
2022-23,2023-01-09,0022200606,CHI,BOS,0,0,1535.8445401980734,1523.2969685755395,-12.547571622533864,1608.9115637937844,0.3493076735031041,8.0,-8.0,0.197375320224904,1.197375320224904,41
2022-23,2023-01-11,0022200619,CHI,WAS,0,0,1523.2969685755395,1505.732924150593,-17.56404442494686,1457.1582438478888,0.5446926259963781,3.0,-3.0,0.074859690687499,1.0748596906874992,42
2022-23,2023-01-13,0022200636,CHI,OKC,1,0,1505.732924150593,1484.249274425012,-21.483649725580605,1515.7659986517974,0.5358685741851046,14.0,-14.0,0.3363755443363322,1.3363755443363323,43
2022-23,2023-01-15,0022200650,CHI,GSW,1,1,1484.249274425012,1502.7110773731538,18.46180294814161,1491.7406209499045,0.5395056171053059,14.0,14.0,0.3363755443363322,1.3363755443363323,44
2022-23,2023-01-19,0022200678,CHI,DET,0,1,1502.7110773731538,1516.9920026938426,14.28092532068884,1348.4328719377424,0.6652147288482965,18.0,18.0,0.4218990052500079,1.4218990052500078,45
2022-23,2023-01-23,0022200708,CHI,ATL,1,1,1516.9920026938426,1533.729629036887,16.737626343044372,1510.032019874844,0.560093388535279,11.0,11.0,0.2682711820216014,1.2682711820216013,46
2022-23,2023-01-24,0022200713,CHI,IND,0,0,1533.729629036887,1513.9773013961103,-19.75232764077672,1447.5772545176578,0.5730868642989875,6.0,-6.0,0.1488850336233179,1.1488850336233178,47
2022-23,2023-01-26,0022200732,CHI,CHA,0,0,1513.9773013961103,1485.8760615648473,-28.101239831263086,1340.3162070013998,0.6895887603017554,15.0,-15.0,0.3583573983507859,1.358357398350786,48
2022-23,2023-01-28,0022200744,CHI,ORL,0,1,1485.8760615648473,1508.6206421258362,22.744580560988776,1468.736566742518,0.4743192845801844,19.0,19.0,0.4422303560457261,1.442230356045726,49
2022-23,2023-01-31,0022200766,CHI,LAC,1,0,1508.6206421258362,1490.135294528591,-18.4853475972453,1510.1433278134523,0.5480291796887843,5.0,-5.0,0.1243530017715962,1.124353001771596,50
2022-23,2023-02-02,0022200781,CHI,CHA,1,1,1490.135294528591,1502.9669381336505,12.831643605059394,1386.103418691352,0.6900454544326317,16.0,16.0,0.3799489622552249,1.379948962255225,51
2022-23,2023-02-04,0022200796,CHI,POR,1,1,1502.9669381336505,1519.1599838286415,16.193045694991376,1503.6632473763063,0.5492071861547466,8.0,8.0,0.197375320224904,1.197375320224904,52
2022-23,2023-02-06,0022200811,CHI,SAS,1,1,1519.1599838286415,1526.8908237294395,7.730839900798139,1275.8057385063169,0.8323445977976927,24.0,24.0,0.5370495669980352,1.5370495669980353,53
2022-23,2023-02-07,0022200819,CHI,MEM,0,0,1526.8908237294395,1507.5405905342734,-19.350233195166336,1509.3858192934863,0.4748439357383635,15.0,-15.0,0.3583573983507859,1.358357398350786,54
2022-23,2023-02-09,0022200833,CHI,BKN,0,0,1507.5405905342734,1492.1927804921536,-15.347810042119724,1540.534857604654,0.4033787689279404,11.0,-11.0,0.2682711820216014,1.2682711820216013,55
2022-23,2023-02-11,0022200852,CHI,CLE,0,0,1492.1927804921536,1481.8198831734408,-10.372897318712788,1613.77797537095,0.2887676387819217,8.0,-8.0,0.197375320224904,1.197375320224904,56
2022-23,2023-02-13,0022200863,CHI,ORL,1,0,1481.8198831734408,1462.3572634953894,-19.462619678051485,1495.1054905881576,0.5312088981514168,9.0,-9.0,0.2212784678984439,1.221278467898444,57
2022-23,2023-02-15,0022200874,CHI,IND,0,0,1462.3572634953894,1442.9234069534607,-19.433856541928694,1364.7886394613834,0.5890825423951906,4.0,-4.0,0.0996679946249558,1.099667994624956,58
2022-23,2023-02-16,0022200883,CHI,MIL,1,0,1442.9234069534607,1433.8285215441674,-9.094885409293193,1683.1821249815705,0.2347710725142512,12.0,-12.0,0.2913126124515909,1.2913126124515908,59
2022-23,2023-02-24,0022200900,CHI,BKN,1,1,1433.8285215441674,1466.383653253623,32.555131709455566,1541.2257209345996,0.3972942812705832,44.0,44.0,0.8004990217606297,1.8004990217606296,60
2022-23,2023-02-26,0022200912,CHI,WAS,1,1,1466.383653253623,1489.5552390300877,23.17158577646489,1521.0455644436638,0.4717344032838843,20.0,20.0,0.4621171572600097,1.4621171572600098,61
2022-23,2023-02-28,0022200925,CHI,TOR,0,0,1489.5552390300877,1474.9150885479598,-14.640150482127906,1507.2345728973733,0.424764011880175,6.0,-6.0,0.1488850336233179,1.1488850336233178,62
2022-23,2023-03-01,0022200934,CHI,DET,0,1,1474.9150885479598,1484.0811674361307,9.16607888817079,1285.2122470259112,0.7090018326190473,2.0,2.0,0.0499583749578799,1.04995837495788,63
2022-23,2023-03-03,0022200950,CHI,PHX,1,0,1484.0811674361307,1464.054948827517,-20.026218608613828,1553.5418089187929,0.4505691411953347,21.0,-21.0,0.4815497983643079,1.481549798364308,64
2022-23,2023-03-05,0022200963,CHI,IND,1,0,1464.054948827517,1443.429435130067,-20.62551369744982,1399.3796319229805,0.639634297578486,3.0,-3.0,0.074859690687499,1.0748596906874992,65
2022-23,2023-03-08,0022200989,CHI,DEN,0,1,1443.429435130067,1480.4348430417197,37.00540791165252,1687.0809829761515,0.1674167156467275,21.0,21.0,0.4815497983643079,1.481549798364308,66
2022-23,2023-03-11,0022201009,CHI,HOU,0,1,1480.4348430417197,1489.49561444277,9.0607714010503,1256.6553516534918,0.747760198271321,8.0,8.0,0.197375320224904,1.197375320224904,67
2022-23,2023-03-15,0022201037,CHI,SAC,1,0,1489.49561444277,1476.9047197548102,-12.590894687959636,1601.861278224843,0.3904663029369064,3.0,-3.0,0.074859690687499,1.0748596906874992,68
2022-23,2023-03-17,0022201050,CHI,MIN,1,1,1476.9047197548102,1495.175512344049,18.27079258923868,1517.9051943717443,0.4913654813539205,8.0,8.0,0.197375320224904,1.197375320224904,69
2022-23,2023-03-18,0022201060,CHI,MIA,1,1,1495.175512344049,1516.3012865579265,21.12577421387762,1548.9149193904848,0.473057946338254,14.0,14.0,0.3363755443363322,1.3363755443363323,70
2022-23,2023-03-20,0022201072,CHI,PHI,0,1,1516.3012865579265,1542.560256248831,26.258969690904127,1717.7787126892254,0.2040334046501674,4.0,4.0,0.0996679946249558,1.099667994624956,71
2022-23,2023-03-22,0022201087,CHI,PHI,1,0,1542.560256248831,1526.626949233237,-15.933307015593693,1691.5197429983211,0.3416379317567901,25.0,-25.0,0.5545997223493823,1.5545997223493822,72
2022-23,2023-03-24,0022201104,CHI,POR,0,1,1526.626949233237,1544.168110876034,17.541161642797107,1395.0192274605135,0.635554019201336,28.0,28.0,0.6043677771171634,1.6043677771171634,73
2022-23,2023-03-26,0022201114,CHI,LAL,0,1,1544.168110876034,1565.3403767627688,21.17226588673468,1555.934173530417,0.4331017619562142,10.0,10.0,0.2449186624037091,1.2449186624037092,74
2022-23,2023-03-27,0022201129,CHI,LAC,0,0,1565.3403767627688,1545.358474561208,-19.981902201560786,1519.3554065140356,0.5158033773511698,12.0,-12.0,0.2913126124515909,1.2913126124515908,75
2022-23,2023-03-29,0022201140,CHI,LAL,1,0,1545.358474561208,1523.8519718777973,-21.5065026834106,1534.7619076436822,0.5652445888091963,11.0,-11.0,0.2682711820216014,1.2682711820216013,76
2022-23,2023-03-31,0022201148,CHI,CHA,0,1,1523.8519718777973,1544.499709984849,20.647738107051847,1433.43246488814,0.5790854797069807,30.0,30.0,0.6351489523872873,1.6351489523872873,77
2022-23,2023-04-02,0022201165,CHI,MEM,1,1,1544.499709984849,1569.0181394710492,24.51842948620009,1615.5107215201267,0.4483607747943078,21.0,21.0,0.4815497983643079,1.481549798364308,78
2022-23,2023-04-04,0022201182,CHI,ATL,1,0,1569.0181394710492,1540.612654460649,-28.4054850104001,1484.2013056604635,0.665904889764086,18.0,-18.0,0.4218990052500079,1.4218990052500078,79
2022-23,2023-04-05,0022201193,CHI,MIL,0,0,1540.612654460649,1530.5200858264438,-10.092568634205296,1690.925299128778,0.2560225244393811,13.0,-13.0,0.3140209253469976,1.3140209253469977,80
2022-23,2023-04-07,0022201210,CHI,DAL,0,1,1530.5200858264438,1543.334095297062,12.814009470618304,1423.1890569495747,0.6026145061339048,3.0,3.0,0.074859690687499,1.0748596906874992,81
2022-23,2023-04-09,0022201223,CHI,DET,1,1,1543.334095297062,1548.192864726779,4.858769429716721,1211.4408127308384,0.8920647787462396,22.0,22.0,0.5005202111902353,1.5005202111902354,82
2022-23,2022-10-19,0022200008,CLE,TOR,0,0,1500.0,1485.4958224790118,-14.50417752098821,1500.0,0.449800646746463,3.0,-3.0,0.074859690687499,1.0748596906874992,1
2022-23,2022-10-22,0022200032,CLE,CHI,0,1,1485.4958224790118,1514.3807634860236,28.88494100701176,1505.577812937876,0.4213881663531921,32.0,32.0,0.664036770267849,1.664036770267849,2
2022-23,2022-10-23,0022200039,CLE,WAS,1,1,1514.3807634860236,1532.2043455630703,17.823582077047014,1533.551437617457,0.5227644821219899,10.0,10.0,0.2449186624037091,1.2449186624037092,3
2022-23,2022-10-26,0022200056,CLE,ORL,1,1,1532.2043455630703,1544.5325025089094,12.328156945838783,1439.4553668214417,0.6759852540319775,11.0,11.0,0.2682711820216014,1.2682711820216013,4
2022-23,2022-10-28,0022200072,CLE,BOS,0,1,1544.5325025089094,1563.7274528865255,19.194950377616266,1526.1548076174663,0.4760968148772103,9.0,9.0,0.2212784678984439,1.221278467898444,5
2022-23,2022-10-30,0022200090,CLE,NYK,1,1,1563.7274528865255,1579.1087787357403,15.381325849214546,1521.1562212225151,0.6098152991702992,13.0,13.0,0.3140209253469976,1.3140209253469977,6
2022-23,2022-11-02,0022200107,CLE,BOS,1,1,1579.1087787357403,1590.675092464072,11.566313728331776,1526.2153551765753,0.6238578053378747,1.0,1.0,0.0249947929684206,1.0249947929684209,7
2022-23,2022-11-04,0022200120,CLE,DET,0,1,1590.675092464072,1605.299003870026,14.623911405953862,1422.4448221001946,0.6828575187176,24.0,24.0,0.5370495669980352,1.5370495669980353,8
2022-23,2022-11-06,0022200140,CLE,LAL,0,1,1605.299003870026,1618.520935861856,13.221931991830072,1447.1142085330832,0.6702041815549606,14.0,14.0,0.3363755443363322,1.3363755443363323,9
2022-23,2022-11-07,0022200158,CLE,LAC,0,0,1618.520935861856,1598.3942364510478,-20.126699410808165,1484.3474439308006,0.6389681689878282,2.0,-2.0,0.0499583749578799,1.04995837495788,10
2022-23,2022-11-09,0022200171,CLE,SAC,0,0,1598.3942364510478,1575.622369482221,-22.77186696882667,1458.155965395994,0.6469821733736302,7.0,-7.0,0.1732351578346601,1.17323515783466,11
2022-23,2022-11-11,0022200182,CLE,GSW,0,0,1575.622369482221,1554.112707720897,-21.50966176132402,1442.4106153387136,0.6376900530774037,5.0,-5.0,0.1243530017715962,1.124353001771596,12
2022-23,2022-11-13,0022200193,CLE,MIN,1,0,1554.112707720897,1530.5909219538887,-23.52178576700829,1444.1145428546663,0.6973428490265362,5.0,-5.0,0.1243530017715962,1.124353001771596,13
2022-23,2022-11-16,0022200216,CLE,MIL,0,0,1530.5909219538887,1513.9481309118291,-16.642791042059486,1559.9644330316787,0.408404814576436,15.0,-15.0,0.3583573983507859,1.358357398350786,14
2022-23,2022-11-18,0022200225,CLE,CHA,1,1,1513.9481309118291,1524.1781393674737,10.230008455644493,1379.5983390727563,0.7260862961147939,10.0,10.0,0.2449186624037091,1.2449186624037092,15
2022-23,2022-11-20,0022200244,CLE,MIA,1,1,1524.1781393674737,1541.8920785232756,17.713939155801835,1470.951737892461,0.6243074874062015,26.0,26.0,0.5716699660851172,1.5716699660851172,16
2022-23,2022-11-21,0022200248,CLE,ATL,1,1,1541.8920785232756,1560.1005339881826,18.208455464907075,1556.0379329192194,0.5299755383442009,12.0,12.0,0.2913126124515909,1.2913126124515908,17
2022-23,2022-11-23,0022200261,CLE,POR,1,1,1560.1005339881826,1576.6139772343342,16.513443246151613,1515.2899188599426,0.6128781958685805,18.0,18.0,0.4218990052500079,1.4218990052500078,18
2022-23,2022-11-25,0022200280,CLE,MIL,0,0,1576.6139772343342,1556.6945078637475,-19.919469370586576,1549.3890250760933,0.4888126741600131,15.0,-15.0,0.3583573983507859,1.358357398350786,19
2022-23,2022-11-27,0022200295,CLE,DET,0,1,1556.6945078637475,1568.3363552003725,11.641847336624824,1394.0080000007974,0.6759064836791491,8.0,8.0,0.197375320224904,1.197375320224904,20
2022-23,2022-11-28,0022200303,CLE,TOR,0,0,1568.3363552003725,1547.142367633348,-21.19398756702467,1500.516503566814,0.5470915759839989,12.0,-12.0,0.2913126124515909,1.2913126124515908,21
2022-23,2022-11-30,0022200312,CLE,PHI,1,1,1547.142367633348,1569.872822940452,22.730455307103853,1562.8481818959772,0.5277380570858994,28.0,28.0,0.6043677771171634,1.6043677771171634,22
2022-23,2022-12-02,0022200330,CLE,ORL,1,1,1569.872822940452,1577.010398994559,7.137576054107131,1350.2503765670203,0.8124066799149909,11.0,11.0,0.2682711820216014,1.2682711820216013,23
2022-23,2022-12-04,0022200348,CLE,NYK,0,0,1577.010398994559,1553.031761825227,-23.978637169331904,1449.3920449212646,0.630218455622674,11.0,-11.0,0.2682711820216014,1.2682711820216013,24
2022-23,2022-12-06,0022200360,CLE,LAL,1,1,1553.031761825227,1569.2221632876992,16.190401462472312,1520.369362363945,0.59616138514635,14.0,14.0,0.3363755443363322,1.3363755443363323,25
2022-23,2022-12-09,0022200381,CLE,SAC,1,0,1569.2221632876992,1547.8999623680963,-21.322200919602963,1562.0455078427892,0.5604006782843756,11.0,-11.0,0.2682711820216014,1.2682711820216013,26
2022-23,2022-12-10,0022200390,CLE,OKC,1,1,1547.8999623680963,1560.6796993960547,12.779737027958417,1479.7519574449907,0.644229150985619,8.0,8.0,0.197375320224904,1.197375320224904,27
2022-23,2022-12-12,0022200406,CLE,SAS,0,0,1560.6796993960547,1538.413008671448,-22.266690724606867,1358.0403498798084,0.7241237021351674,1.0,-1.0,0.0249947929684206,1.0249947929684209,28
2022-23,2022-12-14,0022200421,CLE,DAL,0,1,1538.413008671448,1559.6047244360632,21.19171576461521,1517.3407431831547,0.4799671085497681,15.0,15.0,0.3583573983507859,1.358357398350786,29
2022-23,2022-12-16,0022200431,CLE,IND,1,1,1559.6047244360632,1571.56141582566,11.956691389597008,1484.7000177896048,0.6530928961653553,6.0,6.0,0.1488850336233179,1.1488850336233178,30
2022-23,2022-12-17,0022200440,CLE,DAL,1,1,1571.56141582566,1583.1155823586982,11.554166533038217,1518.3754892155175,0.6242528380859071,1.0,1.0,0.0249947929684206,1.0249947929684209,31
2022-23,2022-12-19,0022200452,CLE,UTA,1,1,1583.1155823586982,1598.9992472544145,15.883664895716146,1509.4694015750565,0.6514497127634136,23.0,23.0,0.5190218338982221,1.519021833898222,32
2022-23,2022-12-21,0022200466,CLE,MIL,1,1,1598.9992472544145,1616.503130945155,17.50388369074053,1625.1619137849182,0.51271520313133,8.0,8.0,0.197375320224904,1.197375320224904,33
2022-23,2022-12-23,0022200484,CLE,TOR,1,0,1616.503130945155,1587.0365322093628,-29.466598735792125,1437.1971534667998,0.7744557881494214,11.0,-11.0,0.2682711820216014,1.2682711820216013,34
2022-23,2022-12-26,0022200498,CLE,BKN,1,0,1587.0365322093628,1570.1452323105932,-16.89129989876961,1642.7464506212664,0.4702312804085773,8.0,-8.0,0.197375320224904,1.197375320224904,35
2022-23,2022-12-29,0022200524,CLE,IND,0,0,1570.1452323105932,1550.2377596038025,-19.90747270679086,1504.946308251241,0.5433506288713803,9.0,-9.0,0.2212784678984439,1.221278467898444,36
2022-23,2022-12-31,0022200540,CLE,CHI,0,1,1550.2377596038025,1564.6989277003156,14.461168096513443,1494.5647987221914,0.5297157216238664,1.0,1.0,0.0249947929684206,1.0249947929684209,37
2022-23,2023-01-02,0022200552,CLE,CHI,1,1,1564.6989277003156,1577.4214208576716,12.722493157356048,1480.103630625678,0.6656211137990057,11.0,11.0,0.2682711820216014,1.2682711820216013,38
2022-23,2023-01-04,0022200565,CLE,PHX,1,1,1577.4214208576716,1586.9699327838964,9.54851192622478,1467.8199949278262,0.6968606199394071,2.0,2.0,0.0499583749578799,1.04995837495788,39
2022-23,2023-01-06,0022200588,CLE,DEN,0,0,1586.9699327838964,1570.452491806206,-16.517440977690594,1608.751193306157,0.4190050213832219,13.0,-13.0,0.3140209253469976,1.3140209253469977,40
2022-23,2023-01-08,0022200603,CLE,PHX,0,1,1570.452491806206,1585.2194377773494,14.766945971143535,1441.753646638997,0.6316667612950804,14.0,14.0,0.3363755443363322,1.3363755443363323,41
2022-23,2023-01-10,0022200614,CLE,UTA,0,0,1585.2194377773494,1564.5117907259066,-20.707647051442883,1436.993490552981,0.6574116823845069,2.0,-2.0,0.0499583749578799,1.04995837495788,42
2022-23,2023-01-12,0022200631,CLE,POR,0,1,1564.5117907259066,1576.6646108082498,12.15282008234309,1423.9537413772955,0.6474024894665075,6.0,6.0,0.1488850336233179,1.1488850336233178,43
2022-23,2023-01-14,0022200645,CLE,MIN,0,0,1576.6646108082498,1555.6841744848089,-20.980436323440816,1482.68861609096,0.5840673894269577,8.0,-8.0,0.197375320224904,1.197375320224904,44
2022-23,2023-01-16,0022200658,CLE,NOP,1,1,1555.6841744848089,1572.986340242284,17.302165757475294,1565.1185220569005,0.5367256705197647,10.0,10.0,0.2449186624037091,1.2449186624037092,45
2022-23,2023-01-18,0022200672,CLE,MEM,0,0,1572.986340242284,1563.1392008124053,-9.847139429878672,1668.743296546793,0.3202338033790075,1.0,-1.0,0.0249947929684206,1.0249947929684209,46
2022-23,2023-01-20,0022200685,CLE,GSW,1,0,1563.1392008124053,1540.505098272753,-22.634102539652236,1485.4637379006554,0.6566976351634161,6.0,-6.0,0.1488850336233179,1.1488850336233178,47
2022-23,2023-01-21,0022200695,CLE,MIL,1,1,1540.505098272753,1558.4620633436036,17.956965070850618,1550.119882446098,0.5364673924888761,12.0,12.0,0.2913126124515909,1.2913126124515908,48
2022-23,2023-01-24,0022200715,CLE,NYK,0,0,1558.4620633436036,1541.0442915375445,-17.417771806059143,1486.5181705355376,0.5529670579165538,2.0,-2.0,0.0499583749578799,1.04995837495788,49
2022-23,2023-01-26,0022200733,CLE,HOU,0,1,1541.0442915375445,1549.8733242987405,8.829032761195801,1272.699335590332,0.7930225065541037,18.0,18.0,0.4218990052500079,1.4218990052500078,50
2022-23,2023-01-27,0022200739,CLE,OKC,0,0,1549.8733242987405,1533.1513536219527,-16.721970676787638,1562.664815019887,0.4316530460438633,12.0,-12.0,0.2913126124515909,1.2913126124515908,51
2022-23,2023-01-29,0022200754,CLE,LAC,1,1,1533.1513536219527,1553.4749265413427,20.323572919390028,1530.4669007328423,0.5540206101529116,23.0,23.0,0.5190218338982221,1.519021833898222,52
2022-23,2023-01-31,0022200764,CLE,MIA,1,0,1553.4749265413427,1536.3232081974136,-17.151718343929186,1566.2744432588383,0.5319056521990836,3.0,-3.0,0.074859690687499,1.0748596906874992,53
2022-23,2023-02-02,0022200779,CLE,MEM,1,1,1536.3232081974136,1555.380506927823,19.0572987304094,1548.8165092806776,0.5323445127291899,15.0,15.0,0.3583573983507859,1.358357398350786,54
2022-23,2023-02-05,0022200803,CLE,IND,0,1,1555.380506927823,1571.739919260569,16.359412332746036,1433.93825751868,0.6218955299762262,19.0,19.0,0.4422303560457261,1.442230356045726,55
2022-23,2023-02-06,0022200809,CLE,WAS,0,1,1571.739919260569,1592.457346366208,20.71742710563906,1505.1211260623948,0.5453778950964225,23.0,23.0,0.5190218338982221,1.519021833898222,56
2022-23,2023-02-08,0022200822,CLE,DET,1,1,1592.457346366208,1599.422261820151,6.964915453943187,1318.8077207060549,0.8552926256834075,28.0,28.0,0.6043677771171634,1.6043677771171634,57
2022-23,2023-02-10,0022200842,CLE,NOP,0,1,1599.422261820151,1613.77797537095,14.355713550799,1477.3883922649754,0.6226960039698488,11.0,11.0,0.2682711820216014,1.2682711820216013,58
2022-23,2023-02-11,0022200852,CLE,CHI,1,1,1613.77797537095,1624.150872689663,10.372897318712788,1492.1927804921536,0.7112323612180783,8.0,8.0,0.197375320224904,1.197375320224904,59
2022-23,2023-02-13,0022200858,CLE,SAS,1,1,1624.150872689663,1627.1174171257285,2.966544436065618,1240.884190963826,0.9174153560164018,8.0,8.0,0.197375320224904,1.197375320224904,60
2022-23,2023-02-15,0022200875,CLE,PHI,0,0,1627.1174171257285,1612.411922838768,-14.705494286960732,1643.449632319603,0.4266598733145359,6.0,-6.0,0.1488850336233179,1.1488850336233178,61
2022-23,2023-02-23,0022200886,CLE,DEN,1,0,1612.411922838768,1595.7608907032895,-16.651032135478292,1659.1548494914705,0.4831070022432905,6.0,-6.0,0.1488850336233179,1.1488850336233178,62
2022-23,2023-02-24,0022200896,CLE,ATL,0,0,1595.7608907032895,1569.6621007287902,-26.098789974499333,1475.056169661912,0.6208967085899012,17.0,-17.0,0.4011342849479459,1.401134284947946,63
2022-23,2023-02-26,0022200914,CLE,TOR,1,1,1569.6621007287902,1587.746468614729,18.084367885939113,1525.3189407833124,0.6122395661092492,25.0,25.0,0.5545997223493823,1.5545997223493822,64
2022-23,2023-03-01,0022200935,CLE,BOS,0,0,1587.746468614729,1575.6744584531036,-12.072010161625728,1648.2429416046762,0.3659289355403101,4.0,-4.0,0.0996679946249558,1.099667994624956,65
2022-23,2023-03-04,0022200957,CLE,DET,1,1,1575.6744584531036,1581.5381530030995,5.863694549995947,1276.0461681377403,0.8728365765187358,24.0,24.0,0.5370495669980352,1.5370495669980353,66
2022-23,2023-03-06,0022200971,CLE,BOS,1,1,1581.5381530030995,1597.9405621173169,16.402409114217278,1614.5874656096232,0.502807235323441,4.0,4.0,0.0996679946249558,1.099667994624956,67
2022-23,2023-03-08,0022200987,CLE,MIA,0,1,1597.9405621173169,1612.9953172325208,15.05475511520404,1532.526730132956,0.5436575648653393,4.0,4.0,0.0996679946249558,1.099667994624956,68
2022-23,2023-03-10,0022201000,CLE,MIA,0,0,1612.9953172325208,1593.6555787912837,-19.33973844123744,1517.471975017752,0.5862296176593826,4.0,-4.0,0.0996679946249558,1.099667994624956,69
2022-23,2023-03-12,0022201015,CLE,CHA,0,1,1593.6555787912837,1603.4172158494605,9.761637058176976,1397.3513031217883,0.716779405757394,6.0,6.0,0.1488850336233179,1.1488850336233178,70
2022-23,2023-03-14,0022201027,CLE,CHA,0,1,1603.4172158494605,1614.2210222235335,10.80380637407294,1387.5896660636115,0.7390288416556972,16.0,16.0,0.3799489622552249,1.379948962255225,71
2022-23,2023-03-15,0022201035,CLE,PHI,1,0,1614.2210222235335,1597.7285157154067,-16.49250650812677,1683.9805736624,0.4501432158085618,9.0,-9.0,0.2212784678984439,1.221278467898444,72
2022-23,2023-03-17,0022201049,CLE,WAS,1,1,1597.7285157154067,1610.7206679676126,12.992152252205978,1473.0285077567023,0.7149009105229122,23.0,23.0,0.5190218338982221,1.519021833898222,73
2022-23,2023-03-21,0022201079,CLE,BKN,0,1,1610.7206679676126,1624.4340765762518,13.7134086086392,1503.7452881754184,0.6021241404404558,6.0,6.0,0.1488850336233179,1.1488850336233178,74
2022-23,2023-03-23,0022201094,CLE,BKN,0,1,1624.4340765762518,1635.7965637429195,11.362487166667965,1490.0318795667793,0.6392718213829578,2.0,2.0,0.0499583749578799,1.04995837495788,75
2022-23,2023-03-26,0022201117,CLE,HOU,1,1,1635.7965637429195,1639.8758051477205,4.079241404800821,1283.321702521568,0.9029538317960636,17.0,17.0,0.4011342849479459,1.401134284947946,76
2022-23,2023-03-28,0022201131,CLE,ATL,0,0,1639.8758051477205,1618.2886799073383,-21.58712524038224,1469.6558433324565,0.6853327317618099,2.0,-2.0,0.0499583749578799,1.04995837495788,77
2022-23,2023-03-31,0022201154,CLE,NYK,1,0,1618.2886799073383,1594.5484843777583,-23.740195529579875,1588.513442893984,0.5921537956450625,14.0,-14.0,0.3363755443363322,1.3363755443363323,78
2022-23,2023-04-02,0022201173,CLE,IND,1,1,1594.5484843777583,1602.3114252624446,7.762940884686339,1397.1326037819874,0.7921432909869114,10.0,10.0,0.2449186624037091,1.2449186624037092,79
2022-23,2023-04-04,0022201178,CLE,ORL,0,1,1602.3114252624446,1616.1766613471868,13.865236084742202,1511.4435378000044,0.5797144788998801,4.0,4.0,0.0996679946249558,1.099667994624956,80
2022-23,2023-04-06,0022201197,CLE,ORL,0,1,1616.1766613471868,1633.7894751088509,17.612813761664047,1497.578301715262,0.6180384779639194,24.0,24.0,0.5370495669980352,1.5370495669980353,81
2022-23,2023-04-09,0022201218,CLE,CHA,1,0,1633.7894751088509,1601.271025083053,-32.518450025797854,1361.017710890413,0.8546660600341544,11.0,-11.0,0.2682711820216014,1.2682711820216013,82
2022-23,2022-10-19,0022200013,DAL,PHX,0,0,1500.0,1485.8318413166123,-14.168158683387594,1500.0,0.449800646746463,2.0,-2.0,0.0499583749578799,1.04995837495788,1
2022-23,2022-10-22,0022200034,DAL,MEM,1,1,1485.8318413166123,1513.2864848592262,27.454643542613827,1532.2899538149768,0.4835164261315041,41.0,41.0,0.7718952374404182,1.7718952374404182,2
2022-23,2022-10-25,0022200053,DAL,NOP,0,0,1513.2864848592262,1499.8162044181286,-13.470280441097636,1528.9193862610691,0.4276449035940117,2.0,-2.0,0.0499583749578799,1.04995837495788,3
2022-23,2022-10-27,0022200066,DAL,BKN,0,1,1499.8162044181286,1516.1648527102468,16.34864829211819,1461.7330892029304,0.5044368429978138,4.0,4.0,0.0996679946249558,1.099667994624956,4
2022-23,2022-10-29,0022200086,DAL,OKC,1,0,1516.1648527102468,1495.879982468692,-20.284870241554824,1488.9870411625805,0.5885378620110501,6.0,-6.0,0.1488850336233179,1.1488850336233178,5
2022-23,2022-10-30,0022200093,DAL,ORL,1,1,1495.879982468692,1510.1278977791735,14.247915310481568,1452.355471121243,0.6111202130938751,9.0,9.0,0.2212784678984439,1.221278467898444,6
2022-23,2022-11-02,0022200115,DAL,UTA,1,1,1510.1278977791735,1526.9071712492905,16.77927347011685,1559.2801465692426,0.4796445335922703,3.0,3.0,0.074859690687499,1.0748596906874992,7
2022-23,2022-11-04,0022200127,DAL,TOR,1,1,1526.9071712492905,1541.510802044725,14.60363079543486,1544.463238253854,0.5250827647900456,1.0,1.0,0.0249947929684206,1.0249947929684209,8
2022-23,2022-11-07,0022200155,DAL,BKN,1,1,1541.510802044725,1552.9526413697804,11.441839325055271,1479.0035130048925,0.6367526053746568,2.0,2.0,0.0499583749578799,1.04995837495788,9
2022-23,2022-11-09,0022200161,DAL,ORL,0,0,1552.9526413697804,1529.7080348641662,-23.24460650561433,1402.406510415724,0.6604133976719813,7.0,-7.0,0.1732351578346601,1.17323515783466,10
2022-23,2022-11-10,0022200172,DAL,WAS,0,0,1529.7080348641662,1510.287363185978,-19.420671678188327,1466.402103867628,0.540645620192576,8.0,-8.0,0.197375320224904,1.197375320224904,11
2022-23,2022-11-12,0022200190,DAL,POR,1,1,1510.287363185978,1528.7217328969873,18.43436971100948,1577.7050280878498,0.4534821453771424,5.0,5.0,0.1243530017715962,1.124353001771596,12
2022-23,2022-11-15,0022200207,DAL,LAC,1,1,1528.7217328969873,1542.0657272228295,13.343994325842212,1510.2398969675928,0.5763643383679371,2.0,2.0,0.0499583749578799,1.04995837495788,13
2022-23,2022-11-16,0022200218,DAL,HOU,1,0,1542.0657272228295,1513.9417022259768,-28.124024996852867,1369.4949089846248,0.7676115845293452,9.0,-9.0,0.2212784678984439,1.221278467898444,14
2022-23,2022-11-18,0022200230,DAL,DEN,1,1,1513.9417022259768,1538.6790420655047,24.737339839527973,1558.6433823587709,0.4860417876675446,28.0,28.0,0.6043677771171634,1.6043677771171634,15
2022-23,2022-11-20,0022200246,DAL,DEN,1,0,1538.6790420655047,1521.5517105019997,-17.127331563505024,1533.9060425192429,0.5569892218315137,1.0,-1.0,0.0249947929684206,1.0249947929684209,16
2022-23,2022-11-23,0022200264,DAL,BOS,0,0,1521.5517105019997,1509.390673002704,-12.161037499295674,1626.7711889088848,0.3084942627805888,13.0,-13.0,0.3140209253469976,1.3140209253469977,17
2022-23,2022-11-26,0022200286,DAL,TOR,0,0,1509.390673002704,1492.9977094089563,-16.392963593747602,1484.1235399730665,0.4859969412903211,5.0,-5.0,0.1243530017715962,1.124353001771596,18
2022-23,2022-11-27,0022200298,DAL,MIL,0,0,1492.9977094089563,1480.3547082357177,-12.643001173238549,1569.3084944466798,0.3450755773713759,9.0,-9.0,0.2212784678984439,1.221278467898444,19
2022-23,2022-11-29,0022200310,DAL,GSW,1,1,1480.3547082357177,1497.6684519197397,17.31374368402175,1541.0633620545427,0.4630696504226961,3.0,3.0,0.074859690687499,1.0748596906874992,20
2022-23,2022-12-01,0022200325,DAL,DET,0,0,1497.6684519197397,1475.5460969809417,-22.122354938798104,1361.321034015124,0.641849976030799,6.0,-6.0,0.1488850336233179,1.1488850336233178,21
2022-23,2022-12-03,0022200337,DAL,NYK,0,1,1475.5460969809417,1499.8855730174814,24.339476036539978,1473.7315209578046,0.4523870417448052,21.0,21.0,0.4815497983643079,1.481549798364308,22
2022-23,2022-12-05,0022200358,DAL,PHX,1,1,1499.8855730174814,1525.4868285120513,25.60125549456988,1599.3381788300985,0.4082948125623331,19.0,19.0,0.4422303560457261,1.442230356045726,23
2022-23,2022-12-06,0022200362,DAL,DEN,0,1,1525.4868285120513,1543.2772464445247,17.79041793247352,1545.5269842332723,0.4214468842665418,1.0,1.0,0.0249947929684206,1.0249947929684209,24
2022-23,2022-12-09,0022200386,DAL,MIL,1,0,1543.2772464445247,1529.2969949799826,-13.980251464542022,1609.8802551135814,0.4546446336588932,1.0,-1.0,0.0249947929684206,1.0249947929684209,25
2022-23,2022-12-10,0022200391,DAL,CHI,0,0,1529.2969949799826,1503.3055060902236,-25.99148888975897,1470.0725947984722,0.5348053321102744,29.0,-29.0,0.619996867969374,1.619996867969374,26
2022-23,2022-12-12,0022200405,DAL,OKC,1,1,1503.3055060902236,1517.3407431831547,14.035237092931167,1466.9722204170323,0.6012383081883655,7.0,7.0,0.1732351578346601,1.17323515783466,27
2022-23,2022-12-14,0022200421,DAL,CLE,1,0,1517.3407431831547,1496.1490274185394,-21.19171576461521,1538.413008671448,0.5200328914502319,15.0,-15.0,0.3583573983507859,1.358357398350786,28
2022-23,2022-12-16,0022200436,DAL,POR,1,1,1496.1490274185394,1518.3754892155175,22.226461796978416,1535.8179178600806,0.4932813309655125,20.0,20.0,0.4621171572600097,1.4621171572600098,29
2022-23,2022-12-17,0022200440,DAL,CLE,0,0,1518.3754892155175,1506.8213226824796,-11.554166533038217,1571.56141582566,0.3757471619140928,1.0,-1.0,0.0249947929684206,1.0249947929684209,30
2022-23,2022-12-19,0022200456,DAL,MIN,0,0,1506.8213226824796,1489.561890895398,-17.259431787081596,1498.1865126899002,0.4621301055860898,10.0,-10.0,0.2449186624037091,1.2449186624037092,31
2022-23,2022-12-21,0022200473,DAL,MIN,0,1,1489.561890895398,1509.3527477114983,19.79085681610054,1515.4459444769818,0.4132668066311051,5.0,5.0,0.1243530017715962,1.124353001771596,32
2022-23,2022-12-23,0022200487,DAL,HOU,0,1,1509.3527477114983,1521.9570907898758,12.604343078377257,1378.683225796416,0.6343021651572895,6.0,6.0,0.1488850336233179,1.1488850336233178,33
2022-23,2022-12-25,0022200494,DAL,LAL,1,1,1521.9570907898758,1534.7674136473684,12.810322857492594,1449.1458570537677,0.6503575776201042,9.0,9.0,0.2212784678984439,1.221278467898444,34
2022-23,2022-12-27,0022200512,DAL,NYK,1,1,1534.7674136473684,1550.0208980369434,15.253484389575105,1536.4614614674351,0.5477848337209392,5.0,5.0,0.1243530017715962,1.124353001771596,35
2022-23,2022-12-29,0022200528,DAL,HOU,1,1,1550.0208980369434,1559.8621841608383,9.841286123894768,1386.2052101985057,0.7585003245870513,15.0,15.0,0.3583573983507859,1.358357398350786,36
2022-23,2022-12-31,0022200542,DAL,SAS,0,1,1559.8621841608383,1569.5633398095686,9.701155648730216,1390.3015597633057,0.6845136607756048,1.0,1.0,0.0249947929684206,1.0249947929684209,37
2022-23,2023-01-02,0022200556,DAL,HOU,0,1,1569.5633398095686,1578.5942003603143,9.030860550745937,1359.7781154386828,0.7322649696754078,5.0,5.0,0.1243530017715962,1.124353001771596,38
2022-23,2023-01-05,0022200577,DAL,BOS,1,0,1578.5942003603143,1551.4675397908195,-27.126660569495066,1572.99474257972,0.558162819238403,29.0,-29.0,0.619996867969374,1.619996867969374,39
2022-23,2023-01-07,0022200593,DAL,NOP,1,1,1551.4675397908195,1569.1160367432617,17.648496952442226,1567.3724025615768,0.5274524758009432,10.0,10.0,0.2449186624037091,1.2449186624037092,40
2022-23,2023-01-08,0022200602,DAL,OKC,0,0,1569.1160367432617,1546.9086926451405,-22.207344098121165,1475.4281375579994,0.5836644510764398,11.0,-11.0,0.2682711820216014,1.2682711820216013,41
2022-23,2023-01-10,0022200617,DAL,LAC,0,0,1546.9086926451405,1523.6948483665178,-23.213844278622677,1442.0284856395235,0.5992312022867591,12.0,-12.0,0.2913126124515909,1.2913126124515908,42
2022-23,2023-01-12,0022200630,DAL,LAL,0,1,1523.6948483665178,1541.586813282564,17.891964916046103,1518.1894330540854,0.4576555529032441,4.0,4.0,0.0996679946249558,1.099667994624956,43
2022-23,2023-01-14,0022200647,DAL,POR,0,0,1541.586813282564,1514.9741676536632,-26.61264562890073,1411.8009212949523,0.6331214624892151,17.0,-17.0,0.4011342849479459,1.401134284947946,44
2022-23,2023-01-15,0022200654,DAL,POR,0,0,1514.9741676536632,1491.4549998245172,-23.51916782914595,1438.413566923853,0.5595268557721841,17.0,-17.0,0.4011342849479459,1.401134284947946,45
2022-23,2023-01-18,0022200670,DAL,ATL,1,0,1491.4549998245172,1472.017697052278,-19.437302772239327,1497.825187396708,0.5411086076889242,8.0,-8.0,0.197375320224904,1.197375320224904,46
2022-23,2023-01-20,0022200686,DAL,MIA,1,1,1472.017697052278,1500.012060771862,27.994363719584143,1577.6337663636514,0.399751946495102,25.0,25.0,0.5545997223493823,1.5545997223493822,47
2022-23,2023-01-22,0022200701,DAL,LAC,1,0,1500.012060771862,1475.034387552753,-24.977673219109057,1447.7383593600389,0.6230203110437146,14.0,-14.0,0.3363755443363322,1.3363755443363323,48
2022-23,2023-01-24,0022200717,DAL,WAS,1,0,1475.034387552753,1458.5962797483576,-16.438107804395464,1485.9705842276803,0.5345753271841877,1.0,-1.0,0.0249947929684206,1.0249947929684209,49
2022-23,2023-01-26,0022200734,DAL,PHX,0,1,1458.5962797483576,1478.4498086367291,19.85352888837149,1495.3393517302077,0.3981962742266111,4.0,4.0,0.0996679946249558,1.099667994624956,50
2022-23,2023-01-28,0022200750,DAL,UTA,0,0,1478.4498086367291,1462.0534120761038,-16.396396560625462,1473.785641727052,0.456453830966042,8.0,-8.0,0.197375320224904,1.197375320224904,51
2022-23,2023-01-30,0022200761,DAL,DET,1,1,1462.0534120761038,1471.6216139032904,9.568201827186702,1330.9173217683613,0.7223916653345547,6.0,6.0,0.1488850336233179,1.1488850336233178,52
2022-23,2023-02-02,0022200782,DAL,NOP,1,1,1471.6216139032904,1484.3522759316024,12.730662028312084,1419.6748868931436,0.6225781402503511,5.0,5.0,0.1243530017715962,1.124353001771596,53
2022-23,2023-02-04,0022200800,DAL,GSW,0,0,1484.3522759316024,1470.6477910311055,-13.704484900496857,1521.515417066211,0.3976169503307069,6.0,-6.0,0.1488850336233179,1.1488850336233178,54
2022-23,2023-02-06,0022200813,DAL,UTA,0,1,1470.6477910311055,1493.124289100382,22.476498069276424,1484.731543198234,0.4298290172880115,13.0,13.0,0.3140209253469976,1.3140209253469977,55
2022-23,2023-02-08,0022200829,DAL,LAC,0,1,1493.124289100382,1515.206243709568,22.08195460918603,1558.5865510431015,0.3593221844677051,6.0,6.0,0.1488850336233179,1.1488850336233178,56
2022-23,2023-02-10,0022200844,DAL,SAC,0,1,1515.206243709568,1535.8389142353617,20.63267052579364,1532.281457752148,0.4256139469586365,8.0,8.0,0.197375320224904,1.197375320224904,57
2022-23,2023-02-11,0022200854,DAL,SAC,0,0,1535.8389142353617,1519.49818519833,-16.340729037031764,1511.6487872263544,0.4844483601171624,5.0,-5.0,0.1243530017715962,1.124353001771596,58
2022-23,2023-02-13,0022200865,DAL,MIN,1,0,1519.49818519833,1502.0088714305768,-17.489313767753124,1524.9821510271192,0.5423750938309803,3.0,-3.0,0.074859690687499,1.0748596906874992,59
2022-23,2023-02-15,0022200881,DAL,DEN,0,0,1502.0088714305768,1492.5216158829226,-9.487255547654325,1649.667593943816,0.2589432794411428,9.0,-9.0,0.2212784678984439,1.221278467898444,60
2022-23,2023-02-23,0022200891,DAL,SAS,1,1,1492.5216158829226,1499.6043940929826,7.082778210060041,1226.4869517183365,0.8497823257448344,26.0,26.0,0.5716699660851172,1.5716699660851172,61
2022-23,2023-02-26,0022200913,DAL,LAL,1,0,1499.6043940929826,1482.192511106534,-17.41188298644845,1506.7683274970086,0.5399738259577398,3.0,-3.0,0.074859690687499,1.0748596906874992,62
2022-23,2023-02-28,0022200929,DAL,IND,1,0,1482.192511106534,1461.543190710188,-20.649320396345992,1405.3929884525674,0.655559969132883,2.0,-2.0,0.0499583749578799,1.04995837495788,63
2022-23,2023-03-02,0022200943,DAL,PHI,1,1,1461.543190710188,1486.272484497523,24.729293787334793,1645.8863578999576,0.2974044568929233,7.0,7.0,0.1732351578346601,1.17323515783466,64
2022-23,2023-03-05,0022200962,DAL,PHX,1,0,1486.272484497523,1472.2416913881798,-14.030793109343298,1573.568027527407,0.4253039153006215,4.0,-4.0,0.0996679946249558,1.099667994624956,65
2022-23,2023-03-07,0022200983,DAL,UTA,1,1,1472.2416913881798,1484.3170016428776,12.075310254697753,1411.8201090944824,0.6339710314470547,4.0,4.0,0.0996679946249558,1.099667994624956,66
2022-23,2023-03-08,0022200988,DAL,NOP,0,0,1484.3170016428776,1465.2859719040343,-19.031029738843216,1420.97338487022,0.5406994955148112,7.0,-7.0,0.1732351578346601,1.17323515783466,67
2022-23,2023-03-11,0022201010,DAL,MEM,0,0,1465.2859719040343,1454.4556410277837,-10.830330876250674,1554.654902831271,0.328290930510785,4.0,-4.0,0.0996679946249558,1.099667994624956,68
2022-23,2023-03-13,0022201023,DAL,MEM,1,0,1454.4556410277837,1438.2150910818964,-16.24054994588729,1565.485233707522,0.392298323829447,16.0,-16.0,0.3799489622552249,1.379948962255225,69
2022-23,2023-03-15,0022201040,DAL,SAS,0,1,1438.2150910818964,1450.3134642194475,12.09837313755135,1280.3561928865436,0.6697893926853544,9.0,9.0,0.2212784678984439,1.221278467898444,70
2022-23,2023-03-17,0022201054,DAL,LAL,0,1,1450.3134642194475,1470.608207471677,20.294743252228912,1530.5356034502656,0.3400049967260604,1.0,1.0,0.0249947929684206,1.0249947929684209,71
2022-23,2023-03-20,0022201075,DAL,MEM,0,0,1470.608207471677,1460.621874833592,-9.986332638084503,1580.5649287064991,0.3027075046558443,4.0,-4.0,0.0996679946249558,1.099667994624956,72
2022-23,2023-03-22,0022201086,DAL,GSW,1,0,1460.621874833592,1445.645364563514,-14.976510270078055,1512.6852042153157,0.4754636192340752,2.0,-2.0,0.0499583749578799,1.04995837495788,73
2022-23,2023-03-24,0022201101,DAL,CHA,1,0,1445.645364563514,1422.162331284825,-23.483033278688826,1370.247069157463,0.6537363537852661,8.0,-8.0,0.197375320224904,1.197375320224904,74
2022-23,2023-03-26,0022201113,DAL,CHA,0,0,1422.162331284825,1405.254787324435,-16.90754396039016,1393.7301024361525,0.4905493432204055,6.0,-6.0,0.1488850336233179,1.1488850336233178,75
2022-23,2023-03-27,0022201123,DAL,IND,0,1,1405.254787324435,1430.5032536671213,25.248466342686186,1407.9605969166505,0.4459490140464983,23.0,23.0,0.5190218338982221,1.519021833898222,76
2022-23,2023-03-29,0022201139,DAL,PHI,0,0,1430.5032536671213,1423.303512499166,-7.199741167955409,1635.8594586895474,0.2004311999850661,8.0,-8.0,0.197375320224904,1.197375320224904,77
2022-23,2023-04-01,0022201161,DAL,MIA,0,0,1423.303512499166,1410.8369043315038,-12.466608167662056,1492.6473758896163,0.3541946410433924,7.0,-7.0,0.1732351578346601,1.17323515783466,78
2022-23,2023-04-02,0022201167,DAL,ATL,0,0,1410.8369043315038,1399.3694555798302,-11.467448751673556,1472.73385690879,0.3640604245266257,2.0,-2.0,0.0499583749578799,1.04995837495788,79
2022-23,2023-04-05,0022201195,DAL,SAC,1,1,1399.3694555798302,1423.1890569495747,23.81960136974443,1600.1872107392944,0.2779759743797897,4.0,4.0,0.0996679946249558,1.099667994624956,80
2022-23,2023-04-07,0022201210,DAL,CHI,1,0,1423.1890569495747,1410.3750474789565,-12.814009470618304,1530.5200858264438,0.3973854938660952,3.0,-3.0,0.074859690687499,1.0748596906874992,81
2022-23,2023-04-09,0022201224,DAL,SAS,1,0,1410.3750474789565,1378.021392030903,-32.35365544805356,1274.4170062256171,0.7279236801843882,21.0,-21.0,0.4815497983643079,1.481549798364308,82
2022-23,2022-10-19,0022200012,DEN,UTA,0,0,1500.0,1480.0079382752592,-19.99206172474073,1500.0,0.449800646746463,21.0,-21.0,0.4815497983643079,1.481549798364308,1
2022-23,2022-10-21,0022200026,DEN,GSW,0,1,1480.0079382752592,1500.3667423891495,20.35880411389033,1518.0330775241591,0.396429054996909,5.0,5.0,0.1243530017715962,1.124353001771596,2
2022-23,2022-10-22,0022200035,DEN,OKC,1,1,1500.3667423891495,1514.764587940537,14.397845551387482,1484.1683420166084,0.5731516843108467,5.0,5.0,0.1243530017715962,1.124353001771596,3
2022-23,2022-10-24,0022200051,DEN,POR,0,0,1514.764587940537,1495.934789870288,-18.82979807024923,1547.4954341965724,0.4037437590214064,25.0,-25.0,0.5545997223493823,1.5545997223493822,4
2022-23,2022-10-26,0022200064,DEN,LAL,1,1,1495.934789870288,1510.5900107626553,14.655220892367476,1449.698003473139,0.614824203211616,11.0,11.0,0.2682711820216014,1.2682711820216013,5
2022-23,2022-10-28,0022200078,DEN,UTA,1,1,1510.5900107626553,1531.4404985118438,20.85048774918839,1548.1288350703887,0.4963464031521662,16.0,16.0,0.3799489622552249,1.379948962255225,6
2022-23,2022-10-30,0022200095,DEN,LAL,0,0,1531.4404985118438,1508.431899754022,-23.00859875782183,1422.578213434636,0.6047234241377972,11.0,-11.0,0.2682711820216014,1.2682711820216013,7
2022-23,2022-11-03,0022200119,DEN,OKC,0,1,1508.431899754022,1530.4868090691764,22.054909315154525,1521.9090539637373,0.4306849969948355,12.0,12.0,0.2913126124515909,1.2913126124515908,8
2022-23,2022-11-05,0022200138,DEN,SAS,1,1,1530.4868090691764,1548.8681531208088,18.38134405163237,1490.789460400072,0.6058718784139572,25.0,25.0,0.5545997223493823,1.5545997223493822,9
2022-23,2022-11-07,0022200154,DEN,SAS,0,1,1548.8681531208088,1564.0546607916997,15.186507670890643,1472.4081163484395,0.5593841789665148,6.0,6.0,0.1488850336233179,1.1488850336233178,10
2022-23,2022-11-09,0022200160,DEN,IND,0,1,1564.0546607916997,1578.9393576218924,14.884696830192969,1502.3198238386242,0.5383987646898528,3.0,3.0,0.074859690687499,1.0748596906874992,11
2022-23,2022-11-11,0022200176,DEN,BOS,0,0,1578.9393576218924,1559.516995217794,-19.42236240409855,1579.5741760015674,0.4488964453027309,19.0,-19.0,0.4422303560457261,1.442230356045726,12
2022-23,2022-11-13,0022200196,DEN,CHI,0,1,1559.516995217794,1580.107859086269,20.59086386847496,1490.9513009706895,0.5481551919581209,23.0,23.0,0.5190218338982221,1.519021833898222,13
2022-23,2022-11-16,0022200219,DEN,NYK,1,0,1580.107859086269,1558.6433823587709,-21.46447672749818,1495.4884147104335,0.6656520509440981,3.0,-3.0,0.074859690687499,1.0748596906874992,14
2022-23,2022-11-18,0022200230,DEN,DAL,0,0,1558.6433823587709,1533.9060425192429,-24.737339839527973,1513.9417022259768,0.5139582123324553,28.0,-28.0,0.6043677771171634,1.6043677771171634,15
2022-23,2022-11-20,0022200246,DEN,DAL,0,1,1533.9060425192429,1551.033374082748,17.127331563505024,1538.6790420655047,0.4430107781684863,1.0,1.0,0.0249947929684206,1.0249947929684209,16
2022-23,2022-11-22,0022200258,DEN,DET,1,0,1551.033374082748,1525.9417302312545,-25.091643851493632,1348.8865297679222,0.7965917014726165,2.0,-2.0,0.0499583749578799,1.04995837495788,17
2022-23,2022-11-23,0022200268,DEN,OKC,0,1,1525.9417302312545,1541.8895021117844,15.947771880530116,1472.0215009998865,0.5272015148444816,5.0,5.0,0.1243530017715962,1.124353001771596,18
2022-23,2022-11-25,0022200285,DEN,LAC,0,1,1541.8895021117844,1561.1300949872746,19.240592875490243,1517.4385981745245,0.4848232939079411,10.0,10.0,0.2449186624037091,1.2449186624037092,19
2022-23,2022-11-28,0022200305,DEN,HOU,1,1,1561.1300949872746,1571.971693628732,10.841598641457544,1416.1238773052291,0.738115951193361,16.0,16.0,0.3799489622552249,1.379948962255225,20
2022-23,2022-11-30,0022200320,DEN,HOU,1,1,1571.971693628732,1582.432371249332,10.460677620599926,1405.2822786637716,0.7615175690343193,20.0,20.0,0.4621171572600097,1.4621171572600098,21
2022-23,2022-12-02,0022200327,DEN,ATL,0,0,1582.432371249332,1562.6445692805355,-19.78780196879639,1511.9643303176024,0.5508660382577351,8.0,-8.0,0.197375320224904,1.197375320224904,22
2022-23,2022-12-04,0022200344,DEN,NOP,0,0,1562.6445692805355,1545.5269842332723,-17.11758504726297,1583.6761198725942,0.420055994788162,15.0,-15.0,0.3583573983507859,1.358357398350786,23
2022-23,2022-12-06,0022200362,DEN,DAL,1,0,1545.5269842332723,1527.736566300799,-17.79041793247352,1525.4868285120513,0.5785531157334581,1.0,-1.0,0.0249947929684206,1.0249947929684209,24
2022-23,2022-12-08,0022200376,DEN,POR,0,1,1527.736566300799,1543.4362777713063,15.699711470507228,1500.07710742618,0.489437683709582,1.0,1.0,0.0249947929684206,1.0249947929684209,25
2022-23,2022-12-10,0022200393,DEN,UTA,1,1,1543.4362777713063,1556.1280917918668,12.691814020560493,1490.6375694367089,0.6237298546938393,5.0,5.0,0.1243530017715962,1.124353001771596,26
2022-23,2022-12-14,0022200422,DEN,WAS,1,1,1556.1280917918668,1565.7164339861056,9.588342194238692,1393.9508907439283,0.7567684042853258,13.0,13.0,0.3140209253469976,1.3140209253469977,27
2022-23,2022-12-16,0022200437,DEN,LAL,0,0,1565.7164339861056,1540.908858570288,-24.807575415817663,1473.5321035181514,0.5815597151935985,18.0,-18.0,0.4218990052500079,1.4218990052500078,28
2022-23,2022-12-18,0022200450,DEN,CHA,1,1,1540.908858570288,1547.0372073630035,6.128348792715658,1319.192908709913,0.8142363930849952,4.0,4.0,0.0996679946249558,1.099667994624956,29
2022-23,2022-12-20,0022200465,DEN,MEM,1,1,1547.0372073630035,1568.510205923335,21.472998560331213,1606.8185765254111,0.4643970987712369,14.0,14.0,0.3363755443363322,1.3363755443363323,30
2022-23,2022-12-23,0022200489,DEN,POR,1,1,1568.510205923335,1582.3118212706472,13.801615347312248,1496.0572200348074,0.6498884941357228,13.0,13.0,0.3140209253469976,1.3140209253469977,31
2022-23,2022-12-25,0022200497,DEN,PHX,1,1,1582.3118212706472,1593.9216815340635,11.609860263416332,1517.3929960517237,0.6399573400446819,3.0,3.0,0.074859690687499,1.0748596906874992,32
2022-23,2022-12-27,0022200514,DEN,SAC,0,1,1593.9216815340635,1609.6019070240245,15.68022548996093,1520.8988980659808,0.5545017727193303,7.0,7.0,0.1732351578346601,1.17323515783466,33
2022-23,2022-12-28,0022200522,DEN,SAC,0,0,1609.6019070240245,1591.1967732452051,-18.40513377881908,1505.2186725760198,0.5985439765183969,1.0,-1.0,0.0249947929684206,1.0249947929684209,34
2022-23,2022-12-30,0022200535,DEN,MIA,1,1,1591.1967732452051,1602.7624162122706,11.5656429670653,1513.1980062819084,0.6571170872243326,5.0,5.0,0.1243530017715962,1.124353001771596,35
2022-23,2023-01-01,0022200549,DEN,BOS,1,1,1602.7624162122706,1621.4770299702222,18.714613757951607,1626.0077956301905,0.5169098074446532,12.0,12.0,0.2913126124515909,1.2913126124515908,36
2022-23,2023-01-02,0022200557,DEN,MIN,0,0,1621.4770299702222,1592.9798617041763,-28.497168266045815,1419.900428304329,0.722899910149718,13.0,-13.0,0.3140209253469976,1.3140209253469977,37
2022-23,2023-01-05,0022200579,DEN,LAC,1,1,1592.9798617041763,1608.751193306157,15.771331601980355,1495.9541899324222,0.6813539203491605,31.0,31.0,0.6498274636719203,1.6498274636719203,38
2022-23,2023-01-06,0022200588,DEN,CLE,1,1,1608.751193306157,1625.2686342838474,16.517440977690594,1586.9699327838964,0.5809949786167781,13.0,13.0,0.3140209253469976,1.3140209253469977,39
2022-23,2023-01-09,0022200609,DEN,LAL,1,1,1625.2686342838474,1637.960188063689,12.691553779841586,1530.880986833927,0.6780479028142801,13.0,13.0,0.3140209253469976,1.3140209253469977,40
2022-23,2023-01-11,0022200624,DEN,PHX,1,1,1637.960188063689,1648.6020960856308,10.641908021941765,1452.0466689518644,0.7810302757913944,29.0,29.0,0.619996867969374,1.619996867969374,41
2022-23,2023-01-13,0022200639,DEN,LAC,0,1,1648.6020960856308,1660.169236243628,11.567140157997123,1465.2423299181462,0.7014113121160592,12.0,12.0,0.2913126124515909,1.2913126124515908,42
2022-23,2023-01-15,0022200653,DEN,ORL,1,1,1660.169236243628,1666.0162067395486,5.846970495920701,1433.307789798713,0.818674922671973,3.0,3.0,0.074859690687499,1.0748596906874992,43
2022-23,2023-01-17,0022200667,DEN,POR,1,1,1666.0162067395486,1673.4027884258526,7.386581686303892,1461.932734752999,0.7983920981042486,9.0,9.0,0.2212784678984439,1.221278467898444,44
2022-23,2023-01-18,0022200676,DEN,MIN,1,1,1673.4027884258526,1680.5414602825351,7.138671856682581,1484.8563442325426,0.7836112993019849,4.0,4.0,0.0996679946249558,1.099667994624956,45
2022-23,2023-01-20,0022200688,DEN,IND,1,1,1680.5414602825351,1689.575750948845,9.034290666309865,1472.8089521923378,0.8017520120579741,23.0,23.0,0.5190218338982221,1.519021833898222,46
2022-23,2023-01-22,0022200702,DEN,OKC,1,0,1689.575750948845,1666.9824886580227,-22.593262290822295,1562.8472810723313,0.7172748567843191,2.0,-2.0,0.0499583749578799,1.04995837495788,47
2022-23,2023-01-24,0022200716,DEN,NOP,0,1,1666.9824886580227,1676.2739168380715,9.291428180048936,1486.57641736891,0.69783819899089,1.0,1.0,0.0249947929684206,1.0249947929684209,48
2022-23,2023-01-25,0022200723,DEN,MIL,0,0,1676.2739168380715,1653.4359933711453,-22.83792346692655,1544.4986713504757,0.6357773562772528,8.0,-8.0,0.197375320224904,1.197375320224904,49
2022-23,2023-01-28,0022200741,DEN,PHI,0,0,1653.4359933711453,1637.647125758762,-15.78886761238332,1654.2895883763522,0.4485849094829232,7.0,-7.0,0.1732351578346601,1.17323515783466,50
2022-23,2023-01-31,0022200768,DEN,NOP,1,1,1637.647125758762,1644.80794363543,7.160817876667775,1426.8357047698114,0.8045540509422067,9.0,9.0,0.2212784678984439,1.221278467898444,51
2022-23,2023-02-02,0022200783,DEN,GSW,1,1,1644.80794363543,1657.4990570382156,12.69111340278572,1534.2065304689968,0.6980752537634841,17.0,17.0,0.4011342849479459,1.401134284947946,52
2022-23,2023-02-04,0022200801,DEN,ATL,1,1,1657.4990570382156,1669.7165856945153,12.217528656299608,1527.1649505906512,0.7214648954854135,20.0,20.0,0.4621171572600097,1.4621171572600098,53
2022-23,2023-02-05,0022200806,DEN,MIN,0,0,1669.7165856945153,1636.6030877104758,-33.11349798403948,1507.7204657262407,0.6750353015382153,30.0,-30.0,0.6351489523872873,1.6351489523872873,54
2022-23,2023-02-07,0022200820,DEN,MIN,1,1,1636.6030877104758,1652.848442439858,16.245354729382242,1540.8339637102802,0.6797814436527908,34.0,34.0,0.6910694698329306,1.6910694698329305,55
2022-23,2023-02-09,0022200831,DEN,ORL,0,0,1652.848442439858,1626.8714490445805,-25.97699339527752,1484.712233330121,0.682740246815634,11.0,-11.0,0.2682711820216014,1.2682711820216013,56
2022-23,2023-02-11,0022200847,DEN,CHA,0,1,1626.8714490445805,1634.053195967554,7.181746922973554,1327.4348717852863,0.8208650516588101,14.0,14.0,0.3363755443363322,1.3363755443363323,57
2022-23,2023-02-13,0022200861,DEN,MIA,0,1,1634.053195967554,1649.667593943816,15.614397976261822,1580.486951094052,0.5266935701629004,4.0,4.0,0.0996679946249558,1.099667994624956,58
2022-23,2023-02-15,0022200881,DEN,DAL,1,1,1649.667593943816,1659.1548494914705,9.487255547654325,1502.0088714305768,0.7410567205588572,9.0,9.0,0.2212784678984439,1.221278467898444,59
2022-23,2023-02-23,0022200886,DEN,CLE,0,1,1659.1548494914705,1675.8058816269486,16.651032135478292,1612.411922838768,0.5168929977567094,6.0,6.0,0.1488850336233179,1.1488850336233178,60
2022-23,2023-02-25,0022200907,DEN,MEM,0,0,1675.8058816269486,1648.4308171785,-27.375064448448494,1539.5348277929763,0.6417489181105197,18.0,-18.0,0.4218990052500079,1.4218990052500078,61
2022-23,2023-02-26,0022200918,DEN,LAC,1,1,1648.4308171785,1659.86067427283,11.429857094330018,1541.2085353437476,0.6939597356970812,10.0,10.0,0.2449186624037091,1.2449186624037092,62
2022-23,2023-02-28,0022200926,DEN,HOU,0,1,1659.86067427283,1664.2776474023751,4.416973129545012,1241.9584206321915,0.9006226872602925,21.0,21.0,0.4815497983643079,1.481549798364308,63
2022-23,2023-03-03,0022200952,DEN,MEM,1,1,1664.2776474023751,1678.5539905475564,14.27634314518121,1587.7949487253595,0.6551480396335421,16.0,16.0,0.3799489622552249,1.379948962255225,64
2022-23,2023-03-06,0022200975,DEN,TOR,1,1,1678.5539905475564,1687.0809829761515,8.526992428595015,1525.2873264963046,0.7472029865128541,5.0,5.0,0.1243530017715962,1.124353001771596,65
2022-23,2023-03-08,0022200989,DEN,CHI,1,0,1687.0809829761515,1650.075575064499,-37.00540791165252,1443.429435130067,0.8325832843532724,21.0,-21.0,0.4815497983643079,1.481549798364308,66
2022-23,2023-03-10,0022201002,DEN,SAS,0,0,1650.075575064499,1617.587340187366,-32.4882348771329,1224.655901297844,0.9044291662598216,8.0,-8.0,0.197375320224904,1.197375320224904,67
2022-23,2023-03-12,0022201014,DEN,BKN,1,0,1617.587340187366,1596.6781877410806,-20.909152446285297,1534.404571273677,0.6638089326517058,2.0,-2.0,0.0499583749578799,1.04995837495788,68
2022-23,2023-03-14,0022201029,DEN,TOR,0,0,1596.6781877410806,1571.8840490886164,-24.79413865246428,1485.114539016881,0.6084343409318597,15.0,-15.0,0.3583573983507859,1.358357398350786,69
2022-23,2023-03-16,0022201042,DEN,DET,0,1,1571.8840490886164,1578.897580928947,7.013531840330565,1251.519362531297,0.8379007946284877,19.0,19.0,0.4422303560457261,1.442230356045726,70
2022-23,2023-03-18,0022201055,DEN,NYK,0,0,1578.897580928947,1565.5281991725492,-13.369381756397823,1623.1427259224845,0.3878943893464514,6.0,-6.0,0.1488850336233179,1.1488850336233178,71
2022-23,2023-03-19,0022201063,DEN,BKN,0,1,1565.5281991725492,1582.2632248597436,16.735025687194263,1520.4803138626128,0.5144560393359272,6.0,6.0,0.1488850336233179,1.1488850336233178,72
2022-23,2023-03-22,0022201083,DEN,WAS,0,1,1582.2632248597436,1595.7978882442426,13.534663384499089,1430.1732003336851,0.6624036947832495,14.0,14.0,0.3363755443363322,1.3363755443363323,73
2022-23,2023-03-25,0022201109,DEN,MIL,1,1,1595.7978882442426,1624.3451162350382,28.547227990795555,1720.6046682941644,0.3735611660578609,23.0,23.0,0.5190218338982221,1.519021833898222,74
2022-23,2023-03-27,0022201126,DEN,PHI,1,1,1624.3451162350382,1640.872695853089,16.527579618050925,1652.3870383075982,0.5100121405522671,5.0,5.0,0.1243530017715962,1.124353001771596,75
2022-23,2023-03-30,0022201147,DEN,NOP,1,0,1640.872695853089,1608.4363539265275,-32.43634192656151,1485.3204533838066,0.749680100006001,19.0,-19.0,0.4422303560457261,1.442230356045726,76
2022-23,2023-03-31,0022201160,DEN,PHX,0,0,1608.4363539265275,1590.8962417105035,-17.54011221602406,1574.5896082004708,0.4983403397830988,7.0,-7.0,0.1732351578346601,1.17323515783466,77
2022-23,2023-04-02,0022201175,DEN,GSW,1,1,1590.8962417105035,1603.4300914104142,12.53384969991055,1553.9497977169208,0.60208423499286,2.0,2.0,0.0499583749578799,1.04995837495788,78
2022-23,2023-04-04,0022201183,DEN,HOU,0,0,1603.4300914104142,1565.7779464745338,-37.65214493588038,1270.973343557274,0.8471341963991559,21.0,-21.0,0.4815497983643079,1.481549798364308,79
2022-23,2023-04-06,0022201201,DEN,PHX,0,0,1565.7779464745338,1553.0659518281986,-12.711994646335173,1611.902900598052,0.3853282599375406,4.0,-4.0,0.0996679946249558,1.099667994624956,80
2022-23,2023-04-08,0022201213,DEN,UTA,0,0,1553.0659518281986,1530.448290918588,-22.617660909610507,1382.638226045331,0.6855905909833058,4.0,-4.0,0.0996679946249558,1.099667994624956,81
2022-23,2023-04-09,0022201227,DEN,SAC,1,1,1530.448290918588,1549.6169544748302,19.16866355624206,1550.2387409134706,0.521874330473436,14.0,14.0,0.3363755443363322,1.3363755443363323,82
2022-23,2022-10-19,0022200003,DET,ORL,1,1,1500.0,1514.8389412556608,14.838941255660735,1500.0,0.550199353253537,4.0,4.0,0.0996679946249558,1.099667994624956,1
2022-23,2022-10-21,0022200023,DET,NYK,0,0,1514.8389412556608,1492.158553886309,-22.6803873693518,1485.4958224790118,0.491859812815453,24.0,-24.0,0.5370495669980352,1.5370495669980353,2
2022-23,2022-10-22,0022200029,DET,IND,0,0,1492.158553886309,1474.1251546166895,-18.033399269619437,1462.5789619566524,0.492200038556072,9.0,-9.0,0.2212784678984439,1.221278467898444,3
2022-23,2022-10-25,0022200052,DET,WAS,0,0,1474.1251546166895,1456.723814300289,-17.401340316400642,1515.72785554041,0.3915121029706514,21.0,-21.0,0.4815497983643079,1.481549798364308,4
2022-23,2022-10-26,0022200057,DET,ATL,1,0,1456.723814300289,1440.609251245408,-16.114563054881007,1507.1995875320858,0.4777432896812644,5.0,-5.0,0.1243530017715962,1.124353001771596,5
2022-23,2022-10-28,0022200070,DET,ATL,1,0,1440.609251245408,1420.6994484131646,-19.90980283224333,1523.314150586967,0.4317753367604697,24.0,-24.0,0.5370495669980352,1.5370495669980353,6
2022-23,2022-10-30,0022200091,DET,GSW,1,1,1420.6994484131646,1442.7945719710858,22.095123557921227,1491.346250229983,0.4488793799626623,14.0,14.0,0.3363755443363322,1.3363755443363323,7
2022-23,2022-10-31,0022200100,DET,MIL,0,0,1442.7945719710858,1434.2326439485462,-8.561928022539558,1578.9792499546438,0.2718180144643997,2.0,-2.0,0.0499583749578799,1.04995837495788,8
2022-23,2022-11-02,0022200113,DET,MIL,0,0,1434.2326439485462,1422.4448221001946,-11.787821848351618,1587.5411779771837,0.2527514892072952,25.0,-25.0,0.5545997223493823,1.5545997223493822,9
2022-23,2022-11-04,0022200120,DET,CLE,1,0,1422.4448221001946,1407.8209106942409,-14.623911405953862,1590.675092464072,0.3171424812823999,24.0,-24.0,0.5370495669980352,1.5370495669980353,10
2022-23,2022-11-07,0022200146,DET,OKC,1,1,1407.8209106942409,1428.508102386531,20.687191692290032,1487.9845921366914,0.4353678751118295,9.0,9.0,0.2212784678984439,1.221278467898444,11
2022-23,2022-11-09,0022200163,DET,BOS,0,0,1428.508102386531,1417.4339358518362,-11.074166534694731,1568.5000094668726,0.2675018385365119,16.0,-16.0,0.3799489622552249,1.379948962255225,12
2022-23,2022-11-11,0022200178,DET,NYK,0,0,1417.4339358518362,1404.1097398617526,-13.324195990083648,1479.6254254441128,0.3636679741847821,9.0,-9.0,0.2212784678984439,1.221278467898444,13
2022-23,2022-11-12,0022200186,DET,BOS,1,0,1404.1097398617526,1393.6722061266792,-10.437533735073414,1598.996538405666,0.284879984634303,9.0,-9.0,0.2212784678984439,1.221278467898444,14
2022-23,2022-11-14,0022200199,DET,TOR,1,0,1393.6722061266792,1380.0782905912188,-13.59391553546032,1490.4203627486306,0.4120612039847703,4.0,-4.0,0.0996679946249558,1.099667994624956,15
2022-23,2022-11-17,0022200223,DET,LAC,0,0,1380.0782905912188,1370.1467667878585,-9.931523803360442,1496.8959026417506,0.2944367053084975,5.0,-5.0,0.1243530017715962,1.124353001771596,16
2022-23,2022-11-18,0022200234,DET,LAL,0,0,1370.1467667878585,1356.654699866698,-13.492066921160172,1417.7391906692808,0.3833294297698263,7.0,-7.0,0.1732351578346601,1.17323515783466,17
2022-23,2022-11-20,0022200242,DET,SAC,0,0,1356.654699866698,1348.8865297679222,-7.768170098775931,1545.3376336225897,0.2162555039500014,8.0,-8.0,0.197375320224904,1.197375320224904,18
2022-23,2022-11-22,0022200258,DET,DEN,0,1,1348.8865297679222,1373.978173619416,25.091643851493632,1551.033374082748,0.2034082985273835,2.0,2.0,0.0499583749578799,1.04995837495788,19
2022-23,2022-11-23,0022200270,DET,UTA,0,1,1373.978173619416,1402.4001117365165,28.42193811710054,1554.5666832737663,0.2242572335964036,9.0,9.0,0.2212784678984439,1.221278467898444,20
2022-23,2022-11-25,0022200283,DET,PHX,0,0,1402.4001117365165,1394.0080000007974,-8.39211173571894,1564.337599806919,0.2434856836589402,6.0,-6.0,0.1488850336233179,1.1488850336233178,21
2022-23,2022-11-27,0022200295,DET,CLE,1,0,1394.0080000007974,1382.366152664173,-11.641847336624824,1556.6945078637475,0.324093516320851,8.0,-8.0,0.197375320224904,1.197375320224904,22
2022-23,2022-11-29,0022200309,DET,NYK,1,0,1382.366152664173,1361.321034015124,-21.04511864904852,1467.026812942065,0.429015322392557,30.0,-30.0,0.6351489523872873,1.6351489523872873,23
2022-23,2022-12-01,0022200325,DET,DAL,1,1,1361.321034015124,1383.443388953922,22.122354938798104,1497.6684519197397,0.358150023969201,6.0,6.0,0.1488850336233179,1.1488850336233178,24
2022-23,2022-12-04,0022200347,DET,MEM,1,0,1383.443388953922,1371.1953038796394,-12.248085074282631,1543.0819648585189,0.3279487365767289,10.0,-10.0,0.2449186624037091,1.2449186624037092,25
2022-23,2022-12-06,0022200361,DET,MIA,0,1,1371.1953038796394,1402.92560296113,31.730299081490585,1503.1946036977888,0.2766129370701321,20.0,20.0,0.4621171572600097,1.4621171572600098,26
2022-23,2022-12-07,0022200371,DET,NOP,0,0,1402.92560296113,1395.7762609883096,-7.149341972820429,1600.7937049198572,0.2074284128695064,6.0,-6.0,0.1488850336233179,1.1488850336233178,27
2022-23,2022-12-09,0022200383,DET,MEM,0,0,1395.7762609883096,1387.5691835021105,-8.207077486199166,1585.026534033659,0.2157024880939956,11.0,-11.0,0.2682711820216014,1.2682711820216013,28
2022-23,2022-12-11,0022200396,DET,LAL,1,0,1387.5691835021105,1372.3246171154378,-15.244566386672645,1469.321979491076,0.4331205125381184,7.0,-7.0,0.1732351578346601,1.17323515783466,29
2022-23,2022-12-14,0022200414,DET,CHA,0,1,1372.3246171154378,1390.7789571677845,18.454340052346694,1354.2336741523657,0.475685105152426,7.0,7.0,0.1732351578346601,1.17323515783466,30
2022-23,2022-12-16,0022200429,DET,SAC,1,0,1390.7789571677845,1378.8976413068783,-11.881315860906282,1553.3126150671258,0.3242862888688402,9.0,-9.0,0.2212784678984439,1.221278467898444,31
2022-23,2022-12-18,0022200447,DET,BKN,1,0,1378.8976413068783,1370.7393313700866,-8.158309936791756,1601.9741136741898,0.2530038728922705,3.0,-3.0,0.074859690687499,1.0748596906874992,32
2022-23,2022-12-20,0022200461,DET,UTA,1,0,1370.7393313700866,1355.408677110896,-15.330654259190656,1493.5857366793405,0.3762057093811483,15.0,-15.0,0.3583573983507859,1.358357398350786,33
2022-23,2022-12-21,0022200467,DET,PHI,0,0,1355.408677110896,1347.1102177929315,-8.298459317964143,1573.2190852192928,0.189188198240679,20.0,-20.0,0.4621171572600097,1.4621171572600098,34
2022-23,2022-12-23,0022200481,DET,ATL,0,0,1347.1102177929315,1333.441149009404,-13.66906878352778,1465.0565497222444,0.2930887093103396,25.0,-25.0,0.5545997223493823,1.5545997223493822,35
2022-23,2022-12-26,0022200499,DET,LAC,1,0,1333.441149009404,1321.9213102893189,-11.519838720085197,1513.3463361730253,0.3027701247542023,11.0,-11.0,0.2682711820216014,1.2682711820216013,36
2022-23,2022-12-28,0022200515,DET,ORL,1,1,1321.9213102893189,1350.1443818956066,28.22307160628775,1459.463400161657,0.3565706763841584,20.0,20.0,0.4621171572600097,1.4621171572600098,37
2022-23,2022-12-30,0022200532,DET,CHI,0,0,1350.1443818956066,1339.1189553613735,-11.02542653423292,1483.5393721879584,0.2750081886527473,14.0,-14.0,0.3363755443363322,1.3363755443363323,38
2022-23,2022-12-31,0022200544,DET,MIN,0,1,1339.1189553613735,1366.0245242225176,26.90556886114396,1446.805997165473,0.3054723645355187,12.0,12.0,0.2913126124515909,1.2913126124515908,39
2022-23,2023-01-02,0022200559,DET,POR,0,0,1366.0245242225176,1351.5010069721272,-14.523517250390386,1479.177228108336,0.2988383812658283,29.0,-29.0,0.619996867969374,1.619996867969374,40
2022-23,2023-01-04,0022200573,DET,GSW,0,1,1351.5010069721272,1377.0919321693382,25.59092519721097,1550.4796883180938,0.2063793560242092,3.0,3.0,0.074859690687499,1.0748596906874992,41
2022-23,2023-01-06,0022200585,DET,SAS,0,0,1377.0919321693382,1359.048308407028,-18.04362376230997,1365.9149335786074,0.4657695740061394,12.0,-12.0,0.2913126124515909,1.2913126124515908,42
2022-23,2023-01-08,0022200596,DET,PHI,1,0,1359.048308407028,1349.4782241041548,-9.570084302873312,1587.6523705454697,0.2470376321115162,12.0,-12.0,0.2913126124515909,1.2913126124515908,43
2022-23,2023-01-10,0022200612,DET,PHI,0,0,1349.4782241041548,1341.353228391567,-8.124995712587792,1597.2224548483427,0.164158493165592,31.0,-31.0,0.6498274636719203,1.6498274636719203,44
2022-23,2023-01-11,0022200618,DET,MIN,1,1,1341.353228391567,1369.3803701444388,28.027141752871795,1496.848104946363,0.3332273227017866,17.0,17.0,0.4011342849479459,1.401134284947946,45
2022-23,2023-01-13,0022200632,DET,NOP,1,0,1369.3803701444388,1359.1792919997915,-10.201078144647273,1554.9174439122532,0.2959703784133338,6.0,-6.0,0.1488850336233179,1.1488850336233178,46
2022-23,2023-01-15,0022200648,DET,NYK,1,0,1359.1792919997915,1348.4328719377424,-10.746420062048992,1564.6703376676264,0.2726090545123587,13.0,-13.0,0.3140209253469976,1.3140209253469977,47
2022-23,2023-01-19,0022200678,DET,CHI,1,0,1348.4328719377424,1334.1519466170537,-14.28092532068884,1502.7110773731538,0.3347852711517035,18.0,-18.0,0.4218990052500079,1.4218990052500078,48
2022-23,2023-01-23,0022200706,DET,MIL,1,0,1334.1519466170537,1321.8161926418254,-12.335753975228329,1532.1629173752474,0.2812304042343954,20.0,-20.0,0.4621171572600097,1.4621171572600098,49
2022-23,2023-01-26,0022200731,DET,BKN,0,1,1321.8161926418254,1352.5488327103565,30.73264006853095,1595.835409827118,0.1444442537655774,8.0,8.0,0.197375320224904,1.197375320224904,50
2022-23,2023-01-28,0022200743,DET,HOU,1,0,1352.5488327103565,1330.9173217683613,-21.631510941995256,1263.870302829136,0.6708320825316081,3.0,-3.0,0.074859690687499,1.0748596906874992,51
2022-23,2023-01-30,0022200761,DET,DAL,0,0,1330.9173217683613,1321.3491199411746,-9.568201827186702,1462.0534120761038,0.2776083346654453,6.0,-6.0,0.1488850336233179,1.1488850336233178,52
2022-23,2023-02-03,0022200785,DET,CHA,1,1,1321.3491199411746,1339.4211188972986,18.07199895612402,1373.2717750862928,0.4756655822173053,6.0,6.0,0.1488850336233179,1.1488850336233178,53
2022-23,2023-02-04,0022200794,DET,PHX,1,0,1339.4211188972986,1326.1108389259723,-13.310279971326096,1504.1557375103,0.3215162380492041,16.0,-16.0,0.3799489622552249,1.379948962255225,54
2022-23,2023-02-06,0022200808,DET,BOS,1,0,1326.1108389259723,1318.8077207060549,-7.303118219917641,1614.6798562372862,0.1885192413129789,12.0,-12.0,0.2913126124515909,1.2913126124515908,55
2022-23,2023-02-08,0022200822,DET,CLE,0,0,1318.8077207060549,1311.8428052521117,-6.964915453943187,1592.457346366208,0.1447073743165925,28.0,-28.0,0.6043677771171634,1.6043677771171634,56
2022-23,2023-02-10,0022200835,DET,SAS,1,1,1311.8428052521117,1325.1643194176272,13.321514165515593,1260.6807241275912,0.6215162244171074,7.0,7.0,0.1732351578346601,1.17323515783466,57
2022-23,2023-02-12,0022200856,DET,TOR,0,0,1325.1643194176272,1317.3422381102314,-7.822081307395896,1476.9800586499464,0.2543779201304648,1.0,-1.0,0.0249947929684206,1.0249947929684209,58
2022-23,2023-02-15,0022200877,DET,BOS,0,0,1317.3422381102314,1312.5163831190555,-4.825854991175619,1640.052188287241,0.1131316868815893,18.0,-18.0,0.4218990052500079,1.4218990052500078,59
2022-23,2023-02-23,0022200888,DET,ORL,0,0,1312.5163831190555,1305.5489503539325,-6.967432765123208,1496.1756248478123,0.2211971106442739,2.0,-2.0,0.0499583749578799,1.04995837495788,60
2022-23,2023-02-25,0022200903,DET,TOR,1,0,1305.5489503539325,1296.7608432491677,-8.788107104764752,1516.5308336785477,0.2663866775463126,4.0,-4.0,0.0996679946249558,1.099667994624956,61
2022-23,2023-02-27,0022200919,DET,CHA,0,0,1296.7608432491677,1285.2122470259112,-11.54859622325646,1406.0444934179377,0.3035259437404179,11.0,-11.0,0.2682711820216014,1.2682711820216013,62
2022-23,2023-03-01,0022200934,DET,CHI,1,0,1285.2122470259112,1276.0461681377403,-9.16607888817079,1474.9150885479598,0.2909981673809528,2.0,-2.0,0.0499583749578799,1.04995837495788,63
2022-23,2023-03-04,0022200957,DET,CLE,0,0,1276.0461681377403,1270.1824735877444,-5.863694549995947,1575.6744584531036,0.1271634234812642,24.0,-24.0,0.5370495669980352,1.5370495669980353,64
2022-23,2023-03-06,0022200977,DET,POR,1,0,1270.1824735877444,1258.7637085251135,-11.418765062630968,1427.1865032860858,0.3312999046451968,6.0,-6.0,0.1488850336233179,1.1488850336233178,65
2022-23,2023-03-07,0022200769,DET,WAS,1,0,1258.7637085251135,1251.5049046970926,-7.258803828020936,1503.2303540747223,0.2304473523632823,2.0,-2.0,0.0499583749578799,1.04995837495788,66
2022-23,2023-03-09,0022200992,DET,CHA,1,0,1251.5049046970926,1238.927756624002,-12.577148073090596,1404.245325759662,0.3367595665194285,10.0,-10.0,0.2449186624037091,1.2449186624037092,67
2022-23,2023-03-11,0022201006,DET,IND,1,0,1238.927756624002,1228.5935148299798,-10.334241794022208,1421.2558617254258,0.2998339401994064,6.0,-6.0,0.1488850336233179,1.1488850336233178,68
2022-23,2023-03-13,0022201020,DET,IND,1,1,1228.5935148299798,1260.3741367970154,31.780621967035636,1431.590103519448,0.2754656763941738,20.0,20.0,0.4621171572600097,1.4621171572600098,69
2022-23,2023-03-14,0022201028,DET,WAS,0,0,1260.3741367970154,1251.519362531297,-8.854774265718376,1464.173733490984,0.2018710612381686,20.0,-20.0,0.4621171572600097,1.4621171572600098,70
2022-23,2023-03-16,0022201042,DET,DEN,1,0,1251.519362531297,1244.5058306909664,-7.013531840330565,1571.8840490886164,0.1620992053715123,19.0,-19.0,0.4422303560457261,1.442230356045726,71
2022-23,2023-03-19,0022201066,DET,MIA,1,0,1244.5058306909664,1237.020680870338,-7.485149820628358,1527.7891451766072,0.1932181190016053,12.0,-12.0,0.2913126124515909,1.2913126124515908,72
2022-23,2023-03-21,0022201078,DET,ATL,0,0,1237.020680870338,1229.1508809867266,-7.869799883611474,1471.5991218413062,0.1748238116559374,22.0,-22.0,0.5005202111902353,1.5005202111902354,73
2022-23,2023-03-24,0022201099,DET,TOR,0,0,1229.1508809867266,1223.0782625891025,-6.072618397624117,1514.4147497134632,0.1366276135149948,21.0,-21.0,0.4815497983643079,1.481549798364308,74
2022-23,2023-03-27,0022201122,DET,MIL,1,0,1223.0782625891025,1220.294278248081,-2.7839843410218132,1692.0574403033688,0.0759855188421918,9.0,-9.0,0.2212784678984439,1.221278467898444,75
2022-23,2023-03-29,0022201142,DET,OKC,0,0,1220.294278248081,1216.0977701926497,-4.196508055431022,1505.7866884518048,0.136472499965188,1.0,-1.0,0.0249947929684206,1.0249947929684209,76
2022-23,2023-03-31,0022201155,DET,HOU,0,0,1216.0977701926497,1203.008414738425,-13.089355454224595,1266.3107576100967,0.3797698078615634,6.0,-6.0,0.1488850336233179,1.1488850336233178,77
2022-23,2023-04-02,0022201169,DET,ORL,0,0,1203.008414738425,1197.0994033054549,-5.909011432970101,1505.5345263670342,0.125323415230932,26.0,-26.0,0.5716699660851172,1.5716699660851172,78
2022-23,2023-04-04,0022201177,DET,MIA,1,0,1197.0994033054549,1190.319502102272,-6.77990120318293,1505.1139840572785,0.1719886665526918,13.0,-13.0,0.3140209253469976,1.3140209253469977,79
2022-23,2023-04-05,0022201189,DET,BKN,1,0,1190.319502102272,1183.5791144306647,-6.740387671607273,1506.4899120775171,0.1654053560030406,15.0,-15.0,0.3583573983507859,1.358357398350786,80
2022-23,2023-04-07,0022201203,DET,IND,0,1,1183.5791144306647,1211.4408127308384,27.8616983001737,1380.4136598377477,0.2084082458059627,7.0,7.0,0.1732351578346601,1.17323515783466,81
2022-23,2023-04-09,0022201223,DET,CHI,0,0,1211.4408127308384,1206.5820433011218,-4.858769429716721,1543.334095297062,0.1079352212537604,22.0,-22.0,0.5005202111902353,1.5005202111902354,82
2022-23,2022-10-18,0022200002,GSW,LAL,1,1,1500.0,1518.0330775241591,18.033077524159168,1500.0,0.550199353253537,14.0,14.0,0.3363755443363322,1.3363755443363323,1
2022-23,2022-10-21,0022200026,GSW,DEN,1,0,1518.0330775241591,1497.6742734102688,-20.35880411389033,1480.0079382752592,0.6035709450030909,5.0,-5.0,0.1243530017715962,1.124353001771596,2
2022-23,2022-10-23,0022200042,GSW,SAC,1,1,1497.6742734102688,1511.2952373896949,13.620963979426117,1464.9958130959178,0.5961836434534904,5.0,5.0,0.1243530017715962,1.124353001771596,3
2022-23,2022-10-25,0022200055,GSW,PHX,0,0,1511.2952373896949,1490.4028820226415,-20.8923553670532,1525.3395301190023,0.429884686407681,29.0,-29.0,0.619996867969374,1.619996867969374,4
2022-23,2022-10-27,0022200068,GSW,MIA,1,1,1490.4028820226415,1508.114421275763,17.711539253121487,1490.048768711207,0.550703774664158,13.0,13.0,0.3140209253469976,1.3140209253469977,5
2022-23,2022-10-29,0022200082,GSW,CHA,0,0,1508.114421275763,1491.346250229983,-16.76817104578006,1489.519754744756,0.4764083578017909,7.0,-7.0,0.1732351578346601,1.17323515783466,6
2022-23,2022-10-30,0022200091,GSW,DET,0,0,1491.346250229983,1469.251126672062,-22.095123557921227,1420.6994484131646,0.5511206200373377,14.0,-14.0,0.3363755443363322,1.3363755443363323,7
2022-23,2022-11-01,0022200104,GSW,MIA,0,0,1469.251126672062,1452.6967770711162,-16.554349600945713,1454.889849861707,0.4703333766295315,7.0,-7.0,0.1732351578346601,1.17323515783466,8
2022-23,2022-11-03,0022200118,GSW,ORL,0,0,1452.6967770711162,1437.6658012601786,-15.030975810937742,1425.4704132511597,0.4888147046876701,1.0,-1.0,0.0249947929684206,1.0249947929684209,9
2022-23,2022-11-04,0022200128,GSW,NOP,0,0,1437.6658012601786,1425.623598949213,-12.042202310965717,1526.7302989631432,0.3286774918660372,9.0,-9.0,0.2212784678984439,1.221278467898444,10
2022-23,2022-11-07,0022200156,GSW,SAC,1,1,1425.623598949213,1442.4106153387136,16.78701638950063,1474.9429817854948,0.4794044117279668,3.0,3.0,0.074859690687499,1.0748596906874992,11
2022-23,2022-11-11,0022200182,GSW,CLE,1,1,1442.4106153387136,1463.9202771000375,21.50966176132402,1575.622369482221,0.3623099469225962,5.0,5.0,0.1243530017715962,1.124353001771596,12
2022-23,2022-11-13,0022200197,GSW,SAC,0,0,1463.9202771000375,1449.6933003576733,-14.226976742364348,1496.3152467666278,0.4042092967568941,7.0,-7.0,0.1732351578346601,1.17323515783466,13
2022-23,2022-11-14,0022200205,GSW,SAS,1,1,1449.6933003576733,1474.733428102437,25.040127744763872,1472.8454006935765,0.5170438920753034,37.0,37.0,0.7282542059818115,1.7282542059818111,14
2022-23,2022-11-16,0022200220,GSW,PHX,0,0,1474.733428102437,1460.8124450654236,-13.920983037013553,1535.2678935453223,0.3658781926754748,11.0,-11.0,0.2682711820216014,1.2682711820216013,15
2022-23,2022-11-18,0022200233,GSW,NYK,1,1,1460.8124450654236,1480.621070086168,19.808625020744227,1516.9528914379318,0.4696139429570601,10.0,10.0,0.2449186624037091,1.2449186624037092,16
2022-23,2022-11-20,0022200245,GSW,HOU,0,1,1480.621070086168,1495.13921181847,14.518141732302237,1384.1744003813803,0.5875182784016028,7.0,7.0,0.1732351578346601,1.17323515783466,17
2022-23,2022-11-21,0022200253,GSW,NOP,0,0,1495.13921181847,1473.768332023876,-21.370879794594135,1535.131650693664,0.3937225658858195,45.0,-45.0,0.809301070201781,1.8093010702017809,18
2022-23,2022-11-23,0022200271,GSW,LAC,1,1,1473.768332023876,1496.6912240914835,22.92289206760758,1540.361490242132,0.4546586929874653,17.0,17.0,0.4011342849479459,1.401134284947946,19
2022-23,2022-11-25,0022200284,GSW,UTA,1,1,1496.6912240914835,1515.4116164570337,18.72039236554995,1526.1447451566655,0.5079813468149615,11.0,11.0,0.2682711820216014,1.2682711820216013,20
2022-23,2022-11-27,0022200291,GSW,MIN,0,1,1515.4116164570337,1541.0633620545427,25.651745597509255,1524.352163439131,0.4370994757927009,23.0,23.0,0.5190218338982221,1.519021833898222,21
2022-23,2022-11-29,0022200310,GSW,DAL,0,0,1541.0633620545427,1523.749618370521,-17.31374368402175,1480.3547082357177,0.5369303495773039,3.0,-3.0,0.074859690687499,1.0748596906874992,22
2022-23,2022-12-02,0022200336,GSW,CHI,1,1,1523.749618370521,1537.7517697468695,14.002151376348552,1480.898373324669,0.610198764474325,8.0,8.0,0.197375320224904,1.197375320224904,23
2022-23,2022-12-03,0022200342,GSW,HOU,1,1,1537.7517697468695,1550.4312523576064,12.679482610736914,1419.77519828465,0.706947355125219,19.0,19.0,0.4422303560457261,1.442230356045726,24
2022-23,2022-12-05,0022200359,GSW,IND,1,0,1550.4312523576064,1527.1841592052351,-23.247093152371008,1480.051552643259,0.6471680950743856,8.0,-8.0,0.197375320224904,1.197375320224904,25
2022-23,2022-12-07,0022200372,GSW,UTA,0,0,1527.1841592052351,1512.02115041496,-15.163008790275413,1496.973179715165,0.493108481925806,1.0,-1.0,0.0249947929684206,1.0249947929684209,26
2022-23,2022-12-10,0022200392,GSW,BOS,1,1,1512.02115041496,1541.2520806710618,29.2309302561019,1699.2771118760688,0.2939127688623515,16.0,16.0,0.3799489622552249,1.379948962255225,27
2022-23,2022-12-13,0022200410,GSW,MIL,0,0,1541.2520806710618,1525.7099139759362,-15.54216669512551,1598.8924482967768,0.3697520135909724,17.0,-17.0,0.4011342849479459,1.401134284947946,28
2022-23,2022-12-14,0022200415,GSW,IND,0,0,1525.7099139759362,1507.265679514226,-18.444234461710337,1466.2557833278945,0.535134323624517,6.0,-6.0,0.1488850336233179,1.1488850336233178,29
2022-23,2022-12-16,0022200432,GSW,PHI,0,0,1507.265679514226,1492.1442296608393,-15.12144985338667,1549.7250276363527,0.3903379581256264,12.0,-12.0,0.2913126124515909,1.2913126124515908,30
2022-23,2022-12-18,0022200448,GSW,TOR,0,1,1492.1442296608393,1511.6653193078898,19.52108964705063,1437.3477340547315,0.5284586560566783,16.0,16.0,0.3799489622552249,1.379948962255225,31
2022-23,2022-12-20,0022200463,GSW,NYK,0,0,1511.6653193078898,1493.4189160937135,-18.24640321417611,1584.5154243249872,0.3495915424783313,38.0,-38.0,0.7397830512740042,1.7397830512740042,32
2022-23,2022-12-21,0022200470,GSW,BKN,0,0,1493.4189160937135,1478.969372179433,-14.449543914280536,1610.1324236109815,0.2945612160324287,30.0,-30.0,0.6351489523872873,1.6351489523872873,33
2022-23,2022-12-25,0022200496,GSW,MEM,1,1,1478.969372179433,1504.3099838490225,25.34061166958952,1607.9716914308594,0.3679268831034539,14.0,14.0,0.3363755443363322,1.3363755443363323,34
2022-23,2022-12-27,0022200513,GSW,CHA,1,1,1504.3099838490225,1512.6231158239625,8.31313197493998,1345.1630075507978,0.7535432388866805,5.0,5.0,0.1243530017715962,1.124353001771596,35
2022-23,2022-12-28,0022200521,GSW,UTA,1,1,1512.6231158239625,1527.0574561044457,14.434340280483138,1497.192726724755,0.5720697367659578,5.0,5.0,0.1243530017715962,1.124353001771596,36
2022-23,2022-12-30,0022200536,GSW,POR,1,1,1527.0574561044457,1540.911275608285,13.853819503839356,1493.0310476121754,0.5980503096946781,6.0,6.0,0.1488850336233179,1.1488850336233178,37
2022-23,2023-01-02,0022200558,GSW,ATL,1,1,1540.911275608285,1550.4796883180938,9.56841270980895,1431.8291009392285,0.696228823985751,2.0,2.0,0.0499583749578799,1.04995837495788,38
2022-23,2023-01-04,0022200573,GSW,DET,1,0,1550.4796883180938,1524.888763120883,-25.59092519721097,1351.5010069721272,0.7936206439757908,3.0,-3.0,0.074859690687499,1.0748596906874992,39
2022-23,2023-01-07,0022200594,GSW,ORL,1,0,1524.888763120883,1497.1519597589877,-27.736803361895408,1419.3957488513254,0.6918415380927471,14.0,-14.0,0.3363755443363322,1.3363755443363323,40
2022-23,2023-01-10,0022200615,GSW,PHX,1,0,1497.1519597589877,1472.0919914749766,-25.05996828401081,1426.9867006678537,0.6468861746403867,12.0,-12.0,0.2913126124515909,1.2913126124515908,41
2022-23,2023-01-13,0022200635,GSW,SAS,0,1,1472.0919914749766,1491.7406209499045,19.648629474927965,1364.469311111726,0.6030164788424359,31.0,31.0,0.6498274636719203,1.6498274636719203,42
2022-23,2023-01-15,0022200650,GSW,CHI,0,0,1491.7406209499045,1473.2788180017628,-18.46180294814161,1484.249274425012,0.4604943828946941,14.0,-14.0,0.3363755443363322,1.3363755443363323,43
2022-23,2023-01-16,0022200660,GSW,WAS,0,1,1473.2788180017628,1492.748877970449,19.470059968686293,1460.134876258442,0.468588028025253,9.0,9.0,0.2212784678984439,1.221278467898444,44
2022-23,2023-01-19,0022200679,GSW,BOS,0,0,1492.748877970449,1485.4637379006554,-7.285140069793586,1671.67607623763,0.2259253039539788,3.0,-3.0,0.074859690687499,1.0748596906874992,45
2022-23,2023-01-20,0022200685,GSW,CLE,0,1,1485.4637379006554,1508.0978404403077,22.634102539652236,1563.1392008124053,0.3433023648365839,6.0,6.0,0.1488850336233179,1.1488850336233178,46
2022-23,2023-01-22,0022200704,GSW,BKN,1,0,1508.0978404403077,1494.056184590453,-14.04165584985459,1595.1593814457924,0.4256331886377981,4.0,-4.0,0.0996679946249558,1.099667994624956,47
2022-23,2023-01-25,0022200726,GSW,MEM,1,1,1494.056184590453,1513.23152722514,19.175342634686736,1605.8610981991596,0.3912348307631411,2.0,2.0,0.0499583749578799,1.04995837495788,48
2022-23,2023-01-27,0022200740,GSW,TOR,1,1,1513.23152722514,1528.9303486052113,15.698821380071386,1481.581156984545,0.5947580462263958,12.0,12.0,0.2913126124515909,1.2913126124515908,49
2022-23,2023-01-30,0022200759,GSW,OKC,0,1,1528.9303486052113,1551.221653762202,22.291305156990735,1579.386785696675,0.3794397690663459,8.0,8.0,0.197375320224904,1.197375320224904,50
2022-23,2023-02-01,0022200774,GSW,MIN,0,0,1551.221653762202,1534.2065304689968,-17.01512329320537,1513.1350169154396,0.5044419106335035,5.0,-5.0,0.1243530017715962,1.124353001771596,51
2022-23,2023-02-02,0022200783,GSW,DEN,0,0,1534.2065304689968,1521.515417066211,-12.69111340278572,1644.80794363543,0.3019247462365159,17.0,-17.0,0.4011342849479459,1.401134284947946,52
2022-23,2023-02-04,0022200800,GSW,DAL,1,1,1521.515417066211,1535.219901966708,13.704484900496857,1484.3522759316024,0.6023830496692931,6.0,6.0,0.1488850336233179,1.1488850336233178,53
2022-23,2023-02-06,0022200814,GSW,OKC,1,1,1535.219901966708,1556.8839170333729,21.664015066664856,1538.6346655518253,0.5453300003469405,27.0,27.0,0.5882592563981054,1.5882592563981053,54
2022-23,2023-02-08,0022200830,GSW,POR,0,0,1556.8839170333729,1538.4667591494242,-18.41715788394865,1472.1065709033394,0.5711492096290482,3.0,-3.0,0.074859690687499,1.0748596906874992,55
2022-23,2023-02-11,0022200853,GSW,LAL,1,0,1538.4667591494242,1515.9247918869646,-22.54196726245968,1462.8473244495322,0.65402445567501,6.0,-6.0,0.1488850336233179,1.1488850336233178,56
2022-23,2023-02-13,0022200866,GSW,WAS,1,1,1515.9247918869646,1531.9698016098184,16.045009722853855,1507.5700334000276,0.5620706730801577,9.0,9.0,0.2212784678984439,1.221278467898444,57
2022-23,2023-02-14,0022200871,GSW,LAC,0,0,1531.9698016098184,1514.6039302098873,-17.365871399931084,1521.3440428678628,0.4649800806102673,10.0,-10.0,0.2449186624037091,1.2449186624037092,58
2022-23,2023-02-23,0022200893,GSW,LAL,0,0,1514.6039302098873,1495.341843802944,-19.262086406943208,1487.5062410900655,0.4886296211215614,13.0,-13.0,0.3140209253469976,1.3140209253469977,59
2022-23,2023-02-24,0022200901,GSW,HOU,1,1,1495.341843802944,1502.362340644839,7.020496841894695,1257.6812872945002,0.8277209211061721,15.0,15.0,0.3583573983507859,1.358357398350786,60
2022-23,2023-02-26,0022200916,GSW,MIN,1,1,1502.362340644839,1517.1401179285854,14.777777283746492,1494.136518516683,0.5618879699269487,5.0,5.0,0.1243530017715962,1.124353001771596,61
2022-23,2023-02-28,0022200931,GSW,POR,1,1,1517.1401179285854,1532.8069708896726,15.666852961087326,1457.6509167629763,0.6327246660219566,18.0,18.0,0.4218990052500079,1.4218990052500078,62
2022-23,2023-03-02,0022200945,GSW,LAC,1,1,1532.8069708896726,1551.928718511363,19.121747621690556,1507.9385272149066,0.5853148778835056,24.0,24.0,0.5370495669980352,1.5370495669980353,63
2022-23,2023-03-03,0022200953,GSW,NOP,1,1,1551.928718511363,1563.07513858015,11.146420068787036,1443.2217669843633,0.6957718117592074,9.0,9.0,0.2212784678984439,1.221278467898444,64
2022-23,2023-03-05,0022200964,GSW,LAL,0,0,1563.07513858015,1543.9299223128637,-19.14521626728658,1505.1268437212927,0.5329773086156065,8.0,-8.0,0.197375320224904,1.197375320224904,65
2022-23,2023-03-07,0022200982,GSW,OKC,0,0,1543.9299223128637,1524.570706065807,-19.359216247056587,1489.1836410474784,0.5283866253252247,9.0,-9.0,0.2212784678984439,1.221278467898444,66
2022-23,2023-03-09,0022200996,GSW,MEM,0,0,1524.570706065807,1505.2583733040992,-19.312332761707783,1535.3425700695636,0.4345074503070905,21.0,-21.0,0.4815497983643079,1.481549798364308,67
2022-23,2023-03-11,0022201012,GSW,MIL,1,1,1505.2583733040992,1532.8635648936004,27.60519158950114,1734.318751393013,0.2465493520353388,9.0,9.0,0.2212784678984439,1.221278467898444,68
2022-23,2023-03-13,0022201025,GSW,PHX,1,1,1532.8635648936004,1552.7673488954238,19.903784001823336,1583.9412450448826,0.4768788598745087,11.0,11.0,0.2682711820216014,1.2682711820216013,69
2022-23,2023-03-15,0022201041,GSW,LAC,0,0,1552.7673488954238,1535.885372403269,-16.881976492154656,1538.6582691736958,0.4699717291924724,8.0,-8.0,0.197375320224904,1.197375320224904,70
2022-23,2023-03-17,0022201048,GSW,ATL,0,0,1535.885372403269,1516.842688937106,-19.04268346616295,1479.9284358888392,0.5301229320640567,8.0,-8.0,0.197375320224904,1.197375320224904,71
2022-23,2023-03-18,0022201061,GSW,MEM,0,0,1516.842688937106,1501.5184507496829,-15.324238187423212,1565.240690519076,0.3822338277182781,14.0,-14.0,0.3363755443363322,1.3363755443363323,72
2022-23,2023-03-20,0022201074,GSW,HOU,0,1,1501.5184507496829,1512.6852042153157,11.166753465632548,1305.258018548123,0.7167281674583756,13.0,13.0,0.3140209253469976,1.3140209253469977,73
2022-23,2023-03-22,0022201086,GSW,DAL,0,1,1512.6852042153157,1527.6617144853935,14.976510270078055,1460.621874833592,0.5245363807659248,2.0,2.0,0.0499583749578799,1.04995837495788,74
2022-23,2023-03-24,0022201103,GSW,PHI,1,1,1527.6617144853935,1552.7021194360266,25.04040495063309,1707.453050013915,0.3029084941684582,8.0,8.0,0.197375320224904,1.197375320224904,75
2022-23,2023-03-26,0022201121,GSW,MIN,1,0,1552.7021194360266,1533.5392348421442,-19.162884593882342,1521.39945587853,0.5942755369191621,3.0,-3.0,0.074859690687499,1.0748596906874992,76
2022-23,2023-03-28,0022201135,GSW,NOP,1,1,1533.5392348421442,1548.8939060709488,15.354671228804571,1500.6751246126112,0.5964409019546986,11.0,11.0,0.2682711820216014,1.2682711820216013,77
2022-23,2023-03-31,0022201158,GSW,SAS,1,1,1548.8939060709488,1553.9497977169208,5.0558916459719105,1244.3708805782444,0.8759312374364707,15.0,15.0,0.3583573983507859,1.358357398350786,78
2022-23,2023-04-02,0022201175,GSW,DEN,0,0,1553.9497977169208,1541.41594801701,-12.53384969991055,1590.8962417105035,0.39791576500714,2.0,-2.0,0.0499583749578799,1.04995837495788,79
2022-23,2023-04-04,0022201187,GSW,OKC,1,1,1541.41594801701,1554.9821495807737,13.566201563763352,1473.8609658011756,0.6434463502739987,11.0,11.0,0.2682711820216014,1.2682711820216013,80
2022-23,2023-04-07,0022201211,GSW,SAC,0,1,1554.9821495807737,1581.1110180368528,26.12886845607923,1576.36760936955,0.4195597797523519,22.0,22.0,0.5005202111902353,1.5005202111902354,81
2022-23,2023-04-09,0022201230,GSW,POR,0,1,1581.1110180368528,1593.1112275105204,12.000209473667615,1318.2071506229242,0.787834283945382,56.0,56.0,0.8853516482022624,1.8853516482022623,82
2022-23,2022-10-19,0022200005,HOU,ATL,0,0,1500.0,1483.201043415122,-16.798956584877903,1500.0,0.449800646746463,10.0,-10.0,0.2449186624037091,1.2449186624037092,1
2022-23,2022-10-21,0022200024,HOU,MEM,1,0,1483.201043415122,1465.4152671211334,-17.785776293988746,1514.5041775209882,0.5053200169127343,7.0,-7.0,0.1732351578346601,1.17323515783466,2
2022-23,2022-10-22,0022200033,HOU,MIL,0,0,1465.4152671211334,1448.8142771543842,-16.600989966749136,1516.5881014333468,0.3784692146434921,20.0,-20.0,0.4621171572600097,1.4621171572600098,3
2022-23,2022-10-24,0022200048,HOU,UTA,1,1,1448.8142771543842,1469.5771056507294,20.76282849634531,1555.9934614182612,0.3975948306778747,6.0,6.0,0.1488850336233179,1.1488850336233178,4
2022-23,2022-10-26,0022200063,HOU,UTA,0,0,1469.5771056507294,1456.6789035022566,-12.898202148472752,1535.230632921916,0.3590687601068998,8.0,-8.0,0.197375320224904,1.197375320224904,5
2022-23,2022-10-28,0022200080,HOU,POR,0,0,1456.6789035022566,1442.974346804749,-13.704556697507629,1535.487001919446,0.3418339691411007,14.0,-14.0,0.3363755443363322,1.3363755443363323,6
2022-23,2022-10-30,0022200094,HOU,PHX,0,0,1442.974346804749,1431.16770932866,-11.806637476089026,1563.747782257242,0.2897283020022012,15.0,-15.0,0.3583573983507859,1.358357398350786,7
2022-23,2022-10-31,0022200102,HOU,LAC,0,0,1431.16770932866,1417.8095480501836,-13.358161278476514,1449.329599150078,0.4240854239900189,2.0,-2.0,0.0499583749578799,1.04995837495788,8
2022-23,2022-11-02,0022200112,HOU,LAC,1,0,1417.8095480501836,1400.359433381151,-17.450114669032782,1462.6877604285544,0.4857879389551003,8.0,-8.0,0.197375320224904,1.197375320224904,9
2022-23,2022-11-05,0022200137,HOU,MIN,0,0,1400.359433381151,1387.2524629942875,-13.106970386863384,1481.8742689172905,0.3383371374852305,12.0,-12.0,0.2913126124515909,1.2913126124515908,10
2022-23,2022-11-07,0022200145,HOU,ORL,0,1,1387.2524629942875,1408.4133911972704,21.160928202982863,1423.567438618707,0.3987869620830381,7.0,7.0,0.1732351578346601,1.17323515783466,11
2022-23,2022-11-09,0022200165,HOU,TOR,0,0,1408.4133911972704,1397.9829926467437,-10.430398550526563,1523.6399799524015,0.2963429363350328,7.0,-7.0,0.1732351578346601,1.17323515783466,12
2022-23,2022-11-12,0022200191,HOU,NOP,0,0,1397.9829926467437,1385.9131114755005,-12.069881171243283,1505.089469142881,0.3061818610449691,13.0,-13.0,0.3140209253469976,1.3140209253469977,13
2022-23,2022-11-14,0022200203,HOU,LAC,1,0,1385.9131114755005,1369.4949089846248,-16.418202490875682,1493.821694476717,0.3965896068127939,16.0,-16.0,0.3799489622552249,1.379948962255225,14
2022-23,2022-11-16,0022200218,HOU,DAL,0,1,1369.4949089846248,1397.6189339814775,28.124024996852867,1542.0657272228295,0.2323884154706548,9.0,9.0,0.2212784678984439,1.221278467898444,15
2022-23,2022-11-18,0022200228,HOU,IND,1,0,1397.6189339814775,1384.1744003813803,-13.444533600097245,1521.8938582495532,0.3742778996973687,8.0,-8.0,0.197375320224904,1.197375320224904,16
2022-23,2022-11-20,0022200245,HOU,GSW,1,0,1384.1744003813803,1369.6562586490782,-14.518141732302237,1480.621070086168,0.4124817215983972,7.0,-7.0,0.1732351578346601,1.17323515783466,17
2022-23,2022-11-25,0022200278,HOU,ATL,1,1,1369.6562586490782,1393.9546075990456,24.298348949967423,1555.9892974201607,0.2950165235902369,6.0,6.0,0.1488850336233179,1.1488850336233178,18
2022-23,2022-11-26,0022200287,HOU,OKC,1,1,1393.9546075990456,1416.1238773052291,22.16926970618343,1472.5258467348906,0.437622611163793,13.0,13.0,0.3140209253469976,1.3140209253469977,19
2022-23,2022-11-28,0022200305,HOU,DEN,0,0,1416.1238773052291,1405.2822786637716,-10.841598641457544,1561.1300949872746,0.2618840488066389,16.0,-16.0,0.3799489622552249,1.379948962255225,20
2022-23,2022-11-30,0022200320,HOU,DEN,0,0,1405.2822786637716,1394.8216010431718,-10.460677620599926,1571.971693628732,0.2384824309656806,20.0,-20.0,0.4621171572600097,1.4621171572600098,21
2022-23,2022-12-02,0022200334,HOU,PHX,0,1,1394.8216010431718,1419.77519828465,24.953597241478366,1613.416125418282,0.1884967802547926,1.0,1.0,0.0249947929684206,1.0249947929684209,22
2022-23,2022-12-03,0022200342,HOU,GSW,0,0,1419.77519828465,1407.0957156739132,-12.679482610736914,1537.7517697468695,0.293052644874781,19.0,-19.0,0.4422303560457261,1.442230356045726,23
2022-23,2022-12-05,0022200356,HOU,PHI,1,1,1407.0957156739132,1429.617548838016,22.52183316410294,1523.2461406263933,0.385293533072269,9.0,9.0,0.2212784678984439,1.221278467898444,24
2022-23,2022-12-08,0022200375,HOU,SAS,0,0,1429.617548838016,1406.9584410855362,-22.65910775247996,1310.713929494202,0.6184532124348725,9.0,-9.0,0.2212784678984439,1.221278467898444,25
2022-23,2022-12-11,0022200401,HOU,MIL,1,1,1406.9584410855362,1431.9264993668828,24.968058281346625,1623.8605065781237,0.2597799729561357,5.0,5.0,0.1243530017715962,1.124353001771596,26
2022-23,2022-12-13,0022200411,HOU,PHX,1,1,1431.9264993668828,1455.5189477719996,23.59244840511681,1529.0545730091176,0.4115314739407519,14.0,14.0,0.3363755443363322,1.3363755443363323,27
2022-23,2022-12-15,0022200424,HOU,MIA,1,0,1455.5189477719996,1439.749595934195,-15.769351837804502,1498.1387512512067,0.4890359791275996,3.0,-3.0,0.074859690687499,1.0748596906874992,28
2022-23,2022-12-17,0022200441,HOU,POR,1,0,1439.749595934195,1422.5363811891775,-17.21321474501749,1513.5914560631022,0.4443337881944726,12.0,-12.0,0.2913126124515909,1.2913126124515908,29
2022-23,2022-12-19,0022200455,HOU,SAS,1,0,1422.5363811891775,1394.5796152813257,-27.956765907851796,1352.9333281754382,0.6461465694588718,19.0,-19.0,0.4422303560457261,1.442230356045726,30
2022-23,2022-12-21,0022200472,HOU,ORL,1,0,1394.5796152813257,1378.683225796416,-15.896389484909902,1456.5864897519457,0.4612120743064071,6.0,-6.0,0.1488850336233179,1.1488850336233178,31
2022-23,2022-12-23,0022200487,HOU,DAL,1,0,1378.683225796416,1366.0788827180386,-12.604343078377257,1509.3527477114983,0.3656978348427104,6.0,-6.0,0.1488850336233179,1.1488850336233178,32
2022-23,2022-12-26,0022200501,HOU,CHI,0,1,1366.0788827180386,1395.2702060936783,29.191323375639847,1492.0063008221682,0.2836611971910159,15.0,15.0,0.3583573983507859,1.358357398350786,33
2022-23,2022-12-27,0022200507,HOU,BOS,0,0,1395.2702060936783,1386.2052101985057,-9.064995895172956,1604.821993283013,0.1965886698301153,24.0,-24.0,0.5370495669980352,1.5370495669980353,34
2022-23,2022-12-29,0022200528,HOU,DAL,0,0,1386.2052101985057,1376.3639240746106,-9.841286123894768,1550.0208980369434,0.2414996754129487,15.0,-15.0,0.3583573983507859,1.358357398350786,35
2022-23,2022-12-31,0022200541,HOU,NYK,1,0,1376.3639240746106,1359.7781154386828,-16.5858086359279,1497.792402182948,0.3781231108048256,20.0,-20.0,0.4621171572600097,1.4621171572600098,36
2022-23,2023-01-02,0022200556,HOU,DAL,1,0,1359.7781154386828,1350.7472548879368,-9.030860550745937,1569.5633398095686,0.2677350303245921,5.0,-5.0,0.1243530017715962,1.124353001771596,37
2022-23,2023-01-04,0022200572,HOU,NOP,0,0,1350.7472548879368,1343.7891592981057,-6.958095589831402,1575.79961018243,0.1828761253498988,11.0,-11.0,0.2682711820216014,1.2682711820216013,38
2022-23,2023-01-05,0022200578,HOU,UTA,1,0,1343.7891592981057,1326.442531478773,-17.34662781933259,1440.093281716595,0.4126805928045419,17.0,-17.0,0.4011342849479459,1.401134284947946,39
2022-23,2023-01-08,0022200601,HOU,MIN,1,0,1326.442531478773,1314.6137598663497,-11.82877161242341,1485.0193333339396,0.3292972390701355,8.0,-8.0,0.197375320224904,1.197375320224904,40
2022-23,2023-01-11,0022200625,HOU,SAC,0,0,1314.6137598663497,1305.5743801628169,-9.03937970353266,1513.9104432260542,0.2060796942900788,20.0,-20.0,0.4621171572600097,1.4621171572600098,41
2022-23,2023-01-13,0022200640,HOU,SAC,0,0,1305.5743801628169,1296.7330957736333,-8.841284389183507,1522.9498229295868,0.1895725796181616,25.0,-25.0,0.5545997223493823,1.5545997223493822,42
2022-23,2023-01-15,0022200649,HOU,LAC,0,0,1296.7330957736333,1285.6738522808046,-11.059243492828829,1453.6751897601491,0.2488215044596923,21.0,-21.0,0.4815497983643079,1.481549798364308,43
2022-23,2023-01-16,0022200664,HOU,LAL,0,0,1285.6738522808046,1278.3462339588243,-7.327618321979963,1487.1965021347846,0.2039911295483527,8.0,-8.0,0.197375320224904,1.197375320224904,44
2022-23,2023-01-18,0022200671,HOU,CHA,1,0,1278.3462339588243,1262.0284385461755,-16.317795412649,1324.62903170896,0.483768454300317,5.0,-5.0,0.1243530017715962,1.124353001771596,45
2022-23,2023-01-21,0022200696,HOU,MIN,0,0,1262.0284385461755,1255.440310147796,-6.588128398379558,1490.662711603955,0.1798150755280871,9.0,-9.0,0.2212784678984439,1.221278467898444,46
2022-23,2023-01-23,0022200709,HOU,MIN,1,1,1255.440310147796,1281.30593716136,25.86562701356411,1497.2508400023344,0.2331700402273212,5.0,5.0,0.1243530017715962,1.124353001771596,47
2022-23,2023-01-25,0022200722,HOU,WAS,1,0,1281.30593716136,1272.699335590332,-8.606601571028216,1502.4086920320758,0.2551571602354762,5.0,-5.0,0.1243530017715962,1.124353001771596,48
2022-23,2023-01-26,0022200733,HOU,CLE,1,0,1272.699335590332,1263.870302829136,-8.829032761195801,1541.0442915375445,0.2069774934458963,18.0,-18.0,0.4218990052500079,1.4218990052500078,49
2022-23,2023-01-28,0022200743,HOU,DET,0,1,1263.870302829136,1285.5018137711313,21.631510941995256,1352.5488327103565,0.3291679174683919,3.0,3.0,0.074859690687499,1.0748596906874992,50
2022-23,2023-02-01,0022200773,HOU,OKC,1,1,1285.5018137711313,1312.9397817704512,27.43796799931983,1557.095480539684,0.2039247561383687,6.0,6.0,0.1488850336233179,1.1488850336233178,51
2022-23,2023-02-03,0022200789,HOU,TOR,1,0,1312.9397817704512,1301.037067893037,-11.902713877414374,1459.0465666927616,0.3453410198894014,6.0,-6.0,0.1488850336233179,1.1488850336233178,52
2022-23,2023-02-04,0022200799,HOU,OKC,0,0,1301.037067893037,1292.059914881576,-8.97715301146095,1529.6575125403642,0.1798268157663358,32.0,-32.0,0.664036770267849,1.664036770267849,53
2022-23,2023-02-06,0022200812,HOU,SAC,1,0,1292.059914881576,1280.900879757615,-11.159035123960829,1513.852154202644,0.2544035788229339,20.0,-20.0,0.4621171572600097,1.4621171572600098,54
2022-23,2023-02-08,0022200827,HOU,SAC,1,0,1280.900879757615,1273.6306113320718,-7.270268425543183,1525.0111893266048,0.2308113222690006,2.0,-2.0,0.0499583749578799,1.04995837495788,55
2022-23,2023-02-10,0022200840,HOU,MIA,0,0,1273.6306113320718,1269.364141388877,-4.266469943194809,1560.6367450136163,0.1354488598453871,2.0,-2.0,0.0499583749578799,1.04995837495788,56
2022-23,2023-02-13,0022200860,HOU,PHI,0,0,1269.364141388877,1265.5377050442385,-3.8264363446385374,1639.6231959749646,0.0884379375457924,19.0,-19.0,0.4422303560457261,1.442230356045726,57
2022-23,2023-02-15,0022200880,HOU,OKC,0,0,1265.5377050442385,1257.6812872945002,-7.856417749738256,1529.794234630614,0.1515289769013864,37.0,-37.0,0.7282542059818115,1.7282542059818111,58
2022-23,2023-02-24,0022200901,HOU,GSW,0,0,1257.6812872945002,1250.6607904526054,-7.020496841894695,1495.341843802944,0.1722790788938278,15.0,-15.0,0.3583573983507859,1.358357398350786,59
2022-23,2023-02-26,0022200917,HOU,POR,0,0,1250.6607904526054,1241.9584206321915,-8.702369820413574,1448.9485469425629,0.2070315437499715,17.0,-17.0,0.4011342849479459,1.401134284947946,60
2022-23,2023-02-28,0022200926,HOU,DEN,1,0,1241.9584206321915,1237.5414475026466,-4.416973129545012,1659.86067427283,0.0993773127397074,21.0,-21.0,0.4815497983643079,1.481549798364308,61
2022-23,2023-03-01,0022200938,HOU,MEM,1,0,1237.5414475026466,1231.7634970735205,-5.777950429126308,1582.0169982962332,0.1441199283044283,14.0,-14.0,0.3363755443363322,1.3363755443363323,62
2022-23,2023-03-04,0022200959,HOU,SAS,0,1,1231.7634970735205,1255.1505322259152,23.38703515239481,1269.8836960284857,0.3962981303705147,12.0,12.0,0.2913126124515909,1.2913126124515908,63
2022-23,2023-03-05,0022200967,HOU,SAS,1,1,1255.1505322259152,1276.9912918041616,21.84075957824641,1246.4966608760906,0.5624944518757871,32.0,32.0,0.664036770267849,1.664036770267849,64
2022-23,2023-03-07,0022200981,HOU,BKN,1,0,1276.9912918041616,1266.2324183334456,-10.758873470716056,1513.182948206348,0.2390031890380637,22.0,-22.0,0.5005202111902353,1.5005202111902354,65
2022-23,2023-03-09,0022200993,HOU,IND,0,0,1266.2324183334456,1256.6553516534918,-9.577066679953775,1411.678795045472,0.2613945667508529,9.0,-9.0,0.2212784678984439,1.221278467898444,66
2022-23,2023-03-11,0022201009,HOU,CHI,1,0,1256.6553516534918,1247.5945802524416,-9.0607714010503,1480.4348430417197,0.252239801728679,8.0,-8.0,0.197375320224904,1.197375320224904,67
2022-23,2023-03-13,0022201024,HOU,BOS,1,1,1247.5945802524416,1275.236292225174,27.64171197273264,1624.7189306595758,0.1224505455961048,2.0,2.0,0.0499583749578799,1.04995837495788,68
2022-23,2023-03-15,0022201038,HOU,LAL,1,1,1275.236292225174,1301.8102112663128,26.573919041138577,1557.1095224914045,0.1944866035012787,4.0,4.0,0.0996679946249558,1.099667994624956,69
2022-23,2023-03-17,0022201051,HOU,NOP,1,1,1301.8102112663128,1321.402834960244,19.59262369393123,1423.3390377766432,0.3779872878383645,2.0,2.0,0.0499583749578799,1.04995837495788,70
2022-23,2023-03-19,0022201067,HOU,NOP,1,0,1321.402834960244,1305.258018548123,-16.144816412121035,1403.746414082712,0.4322857093584026,10.0,-10.0,0.2449186624037091,1.2449186624037092,71
2022-23,2023-03-20,0022201074,HOU,GSW,1,0,1305.258018548123,1294.0912650824905,-11.166753465632548,1501.5184507496829,0.2832718325416243,13.0,-13.0,0.3140209253469976,1.3140209253469977,72
2022-23,2023-03-22,0022201088,HOU,MEM,0,0,1294.0912650824905,1289.7332211518617,-4.358043930628544,1590.5512613445835,0.1292015326076939,5.0,-5.0,0.1243530017715962,1.124353001771596,73
2022-23,2023-03-24,0022201100,HOU,MEM,0,0,1289.7332211518617,1283.321702521568,-6.411518630293494,1594.9093052752123,0.1236607941914645,37.0,-37.0,0.7282542059818115,1.7282542059818111,74
2022-23,2023-03-26,0022201117,HOU,CLE,0,0,1283.321702521568,1279.2424611167671,-4.079241404800821,1635.7965637429195,0.0970461682039365,17.0,-17.0,0.4011342849479459,1.401134284947946,75
2022-23,2023-03-27,0022201124,HOU,NYK,0,0,1279.2424611167671,1273.2452174714576,-5.997243645309631,1569.5694004784225,0.1332258772787544,22.0,-22.0,0.5005202111902353,1.5005202111902354,76
2022-23,2023-03-29,0022201137,HOU,BKN,0,0,1273.2452174714576,1266.3107576100967,-6.934459861360901,1490.9655175930134,0.1892677780875972,9.0,-9.0,0.2212784678984439,1.221278467898444,77
2022-23,2023-03-31,0022201155,HOU,DET,1,1,1266.3107576100967,1279.4001130643214,13.089355454224595,1216.0977701926497,0.6202301921384366,6.0,6.0,0.1488850336233179,1.1488850336233178,78
2022-23,2023-04-02,0022201171,HOU,LAL,1,0,1279.4001130643214,1270.973343557274,-8.426769507047279,1577.012038466907,0.1806846565475251,25.0,-25.0,0.5545997223493823,1.5545997223493822,79
2022-23,2023-04-04,0022201183,HOU,DEN,1,1,1270.973343557274,1308.6254884931543,37.65214493588038,1603.4300914104142,0.1528658036008441,21.0,21.0,0.4815497983643079,1.481549798364308,80
2022-23,2023-04-07,0022201202,HOU,CHA,0,1,1308.6254884931543,1329.6211087575734,20.995620264418907,1382.0133311548316,0.3488880317334026,3.0,3.0,0.074859690687499,1.0748596906874992,81
2022-23,2023-04-09,0022201222,HOU,WAS,0,1,1329.6211087575734,1352.431381656566,22.81027289899246,1422.579200583452,0.3237511450866628,5.0,5.0,0.1243530017715962,1.124353001771596,82
2022-23,2022-10-19,0022200004,IND,WAS,1,0,1500.0,1480.6346032483518,-19.365396751648237,1500.0,0.550199353253537,7.0,-7.0,0.1732351578346601,1.17323515783466,1
2022-23,2022-10-21,0022200018,IND,SAS,1,0,1480.6346032483518,1462.5789619566524,-18.05564129169945,1473.7842235299245,0.5599379295155801,3.0,-3.0,0.074859690687499,1.0748596906874992,2
2022-23,2022-10-22,0022200029,IND,DET,1,1,1462.5789619566524,1480.6123612262718,18.033399269619437,1492.158553886309,0.507799961443928,9.0,9.0,0.2212784678984439,1.221278467898444,3
2022-23,2022-10-24,0022200044,IND,PHI,0,0,1480.6123612262718,1460.7091442028443,-19.903217023427192,1448.080792514117,0.4964477015905355,14.0,-14.0,0.3363755443363322,1.3363755443363323,4
2022-23,2022-10-26,0022200061,IND,CHI,0,0,1460.7091442028443,1444.6450980146471,-16.06404618819742,1500.3522117363552,0.3942027384864779,15.0,-15.0,0.3583573983507859,1.358357398350786,5
2022-23,2022-10-28,0022200074,IND,WAS,0,1,1444.6450980146471,1469.6898072899442,25.044709275297,1533.1291958568106,0.3294151114274333,10.0,10.0,0.2449186624037091,1.2449186624037092,6
2022-23,2022-10-29,0022200083,IND,BKN,0,1,1469.6898072899442,1488.572700405442,18.882893115497943,1445.384440910812,0.4846140441665931,9.0,9.0,0.2212784678984439,1.221278467898444,7
2022-23,2022-10-31,0022200098,IND,BKN,0,0,1488.572700405442,1469.605716077458,-18.96698432798398,1426.5015477953143,0.5388798713632632,7.0,-7.0,0.1732351578346601,1.17323515783466,8
2022-23,2022-11-04,0022200121,IND,MIA,1,1,1469.605716077458,1484.5124874118078,14.906771334349727,1485.999866580206,0.5267504030037469,2.0,2.0,0.0499583749578799,1.04995837495788,9
2022-23,2022-11-07,0022200147,IND,NOP,1,1,1484.5124874118078,1502.3198238386242,17.80733642681645,1523.635054090989,0.4940674280598634,7.0,7.0,0.1732351578346601,1.17323515783466,10
2022-23,2022-11-09,0022200160,IND,DEN,1,0,1502.3198238386242,1487.4351270084312,-14.884696830192969,1564.0546607916997,0.4616012353101472,3.0,-3.0,0.074859690687499,1.0748596906874992,11
2022-23,2022-11-12,0022200187,IND,TOR,1,1,1487.4351270084312,1506.7482531438727,19.313126135441607,1509.733488884072,0.518270987590472,14.0,14.0,0.3363755443363322,1.3363755443363323,12
2022-23,2022-11-16,0022200211,IND,CHA,0,1,1506.7482531438727,1521.8938582495532,15.14560510568057,1394.743944178437,0.6090385096106139,12.0,12.0,0.2913126124515909,1.2913126124515908,13
2022-23,2022-11-18,0022200228,IND,HOU,0,1,1521.8938582495532,1535.3383918496504,13.444533600097245,1397.6189339814775,0.6257221003026312,8.0,8.0,0.197375320224904,1.197375320224904,14
2022-23,2022-11-19,0022200236,IND,ORL,1,1,1535.3383918496504,1544.7465890844248,9.408197234774416,1428.0497879683887,0.6940408120666984,1.0,1.0,0.0249947929684206,1.0249947929684209,15
2022-23,2022-11-21,0022200249,IND,ORL,1,1,1544.7465890844248,1557.3451045889003,12.598515504475431,1418.6415907336143,0.7165464722957741,21.0,21.0,0.4815497983643079,1.481549798364308,16
2022-23,2022-11-23,0022200262,IND,MIN,1,0,1557.3451045889003,1533.2662080528862,-24.078896536014067,1521.472716846392,0.6006020447885421,14.0,-14.0,0.3363755443363322,1.3363755443363323,17
2022-23,2022-11-25,0022200276,IND,BKN,1,1,1533.2662080528862,1549.5914651932062,16.32525714032008,1518.6432724841045,0.5709314808026594,11.0,11.0,0.2682711820216014,1.2682711820216013,18
2022-23,2022-11-27,0022200292,IND,LAC,0,0,1549.5914651932062,1528.6006967510314,-20.990768442174947,1498.1980052990343,0.5235745927641253,14.0,-14.0,0.3363755443363322,1.3363755443363323,19
2022-23,2022-11-28,0022200308,IND,LAL,0,1,1528.6006967510314,1542.9855218693256,14.384825118294298,1471.1959292507668,0.5321984327147866,1.0,1.0,0.0249947929684206,1.0249947929684209,20
2022-23,2022-11-30,0022200323,IND,SAC,0,0,1542.9855218693256,1521.0671312904078,-21.91839057891767,1521.2111475549311,0.4809759826969073,23.0,-23.0,0.5190218338982221,1.519021833898222,21
2022-23,2022-12-02,0022200335,IND,UTA,0,0,1521.0671312904078,1499.8297914957286,-21.237339794679286,1497.07154112104,0.4841686748385656,20.0,-20.0,0.4621171572600097,1.4621171572600098,22
2022-23,2022-12-04,0022200351,IND,POR,0,0,1499.8297914957286,1480.051552643259,-19.778238852469745,1480.2988685737105,0.4777529071352159,16.0,-16.0,0.3799489622552249,1.379948962255225,23
2022-23,2022-12-05,0022200359,IND,GSW,0,1,1480.051552643259,1503.29864579563,23.247093152371008,1550.4312523576064,0.3528319049256144,8.0,8.0,0.197375320224904,1.197375320224904,24
2022-23,2022-12-07,0022200370,IND,MIN,0,0,1503.29864579563,1486.516191323306,-16.7824544723239,1477.3896055269297,0.4869200422197138,6.0,-6.0,0.1488850336233179,1.1488850336233178,25
2022-23,2022-12-09,0022200378,IND,WAS,1,1,1486.516191323306,1500.759836401415,14.243645078109058,1437.4904189983913,0.6186191245992142,10.0,10.0,0.2449186624037091,1.2449186624037092,26
2022-23,2022-12-10,0022200388,IND,BKN,1,0,1500.759836401415,1485.9335731143865,-14.826263287028825,1563.7617007747838,0.4597891059792088,3.0,-3.0,0.074859690687499,1.0748596906874992,27
2022-23,2022-12-12,0022200402,IND,MIA,1,0,1485.9335731143865,1466.2557833278945,-19.677789786491775,1462.4481958593135,0.5833811313554343,5.0,-5.0,0.1243530017715962,1.124353001771596,28
2022-23,2022-12-14,0022200415,IND,GSW,1,1,1466.2557833278945,1484.7000177896048,18.444234461710337,1525.7099139759362,0.4648656763754831,6.0,6.0,0.1488850336233179,1.1488850336233178,29
2022-23,2022-12-16,0022200431,IND,CLE,0,0,1484.7000177896048,1472.7433264000078,-11.956691389597008,1559.6047244360632,0.3469071038346447,6.0,-6.0,0.1488850336233179,1.1488850336233178,30
2022-23,2022-12-18,0022200446,IND,NYK,1,0,1472.7433264000078,1459.5377844640468,-13.205541935961095,1571.309882389026,0.4095276202209735,3.0,-3.0,0.074859690687499,1.0748596906874992,31
2022-23,2022-12-21,0022200469,IND,BOS,0,1,1459.5377844640468,1484.0974824366017,24.559697972554613,1595.6623599895204,0.2718865002403776,5.0,5.0,0.1243530017715962,1.124353001771596,32
2022-23,2022-12-23,0022200486,IND,MIA,0,1,1484.0974824366017,1502.616071758843,18.51858932224146,1501.1078405100106,0.4257052189327568,3.0,3.0,0.074859690687499,1.0748596906874992,33
2022-23,2022-12-26,0022200502,IND,NOP,0,0,1502.616071758843,1487.10159729268,-15.514474466162934,1572.3365883954434,0.3536988443807261,20.0,-20.0,0.4621171572600097,1.4621171572600098,34
2022-23,2022-12-27,0022200508,IND,ATL,1,1,1487.10159729268,1504.946308251241,17.844710958560707,1478.7256185057722,0.5621007406880694,15.0,15.0,0.3583573983507859,1.358357398350786,35
2022-23,2022-12-29,0022200524,IND,CLE,1,1,1504.946308251241,1524.8537809580316,19.90747270679086,1570.1452323105932,0.4566493711286197,9.0,9.0,0.2212784678984439,1.221278467898444,36
2022-23,2022-12-31,0022200538,IND,LAC,1,1,1524.8537809580316,1538.9328418395658,14.079060881534112,1530.500857327746,0.5421420356435612,1.0,1.0,0.0249947929684206,1.0249947929684209,37
2022-23,2023-01-02,0022200553,IND,TOR,1,1,1538.9328418395658,1550.904516608355,11.971674768789224,1453.475610069726,0.666724527484538,8.0,8.0,0.197375320224904,1.197375320224904,38
2022-23,2023-01-04,0022200567,IND,PHI,0,0,1550.904516608355,1538.7867985854402,-12.117718022914756,1604.0570566121096,0.375792243021786,3.0,-3.0,0.074859690687499,1.0748596906874992,39
2022-23,2023-01-06,0022200580,IND,POR,1,1,1538.7867985854402,1552.0615040119435,13.274705426503576,1475.5804893008797,0.6376828114845238,9.0,9.0,0.2212784678984439,1.221278467898444,40
2022-23,2023-01-08,0022200598,IND,CHA,1,1,1552.0615040119435,1559.572891405419,7.511387393475492,1369.9017762152191,0.7773123037088853,5.0,5.0,0.1243530017715962,1.124353001771596,41
2022-23,2023-01-11,0022200622,IND,NYK,0,0,1559.572891405419,1542.771485203842,-16.80140620157711,1533.281519451656,0.4874699008130041,6.0,-6.0,0.1488850336233179,1.1488850336233178,42
2022-23,2023-01-13,0022200633,IND,ATL,1,0,1542.771485203842,1520.8362402994485,-21.935244904393755,1433.5613502824338,0.6963845877945306,2.0,-2.0,0.0499583749578799,1.04995837495788,43
2022-23,2023-01-14,0022200643,IND,MEM,1,0,1520.8362402994485,1504.8100794988045,-16.02616080064378,1644.058188151065,0.3756985257384941,18.0,-18.0,0.4218990052500079,1.4218990052500078,44
2022-23,2023-01-16,0022200657,IND,MIL,0,0,1504.8100794988045,1487.973393033105,-16.83668646569971,1520.8273241884187,0.42710345882946,13.0,-13.0,0.3140209253469976,1.3140209253469977,45
2022-23,2023-01-18,0022200674,IND,OKC,0,0,1487.973393033105,1472.8089521923378,-15.164440840766948,1563.789985449298,0.3457187810490948,20.0,-20.0,0.4621171572600097,1.4621171572600098,46
2022-23,2023-01-20,0022200688,IND,DEN,0,0,1472.8089521923378,1463.7746615260278,-9.034290666309865,1680.5414602825351,0.1982479879420259,23.0,-23.0,0.5190218338982221,1.519021833898222,47
2022-23,2023-01-21,0022200697,IND,PHX,0,0,1463.7746615260278,1447.5772545176578,-16.19740700836987,1442.54077014436,0.4801993378369097,5.0,-5.0,0.1243530017715962,1.124353001771596,48
2022-23,2023-01-24,0022200713,IND,CHI,1,1,1447.5772545176578,1467.3295821584345,19.75232764077672,1533.729629036887,0.4269131357010124,6.0,6.0,0.1488850336233179,1.1488850336233178,49
2022-23,2023-01-25,0022200720,IND,ORL,0,0,1467.3295821584345,1451.6434674221591,-15.686114736275174,1463.605697933237,0.4551112390768638,6.0,-6.0,0.1488850336233179,1.1488850336233178,50
2022-23,2023-01-27,0022200736,IND,MIL,1,0,1451.6434674221591,1437.2304021039274,-14.413065318232038,1567.3365948174023,0.3859171889030098,10.0,-10.0,0.2449186624037091,1.2449186624037092,51
2022-23,2023-01-29,0022200753,IND,MEM,0,0,1437.2304021039274,1426.2985301757087,-10.9318719282188,1564.41740668803,0.2821901741119154,12.0,-12.0,0.2913126124515909,1.2913126124515908,52
2022-23,2023-02-02,0022200778,IND,LAL,1,0,1426.2985301757087,1412.5187718203551,-13.77975835535366,1497.4755009599344,0.4481244994245938,1.0,-1.0,0.0249947929684206,1.0249947929684209,53
2022-23,2023-02-03,0022200786,IND,SAC,1,1,1412.5187718203551,1433.93825751868,21.419485698324955,1566.050283815921,0.3357432018367384,3.0,3.0,0.074859690687499,1.0748596906874992,54
2022-23,2023-02-05,0022200803,IND,CLE,1,0,1433.93825751868,1417.578845185934,-16.359412332746036,1555.380506927823,0.3781044700237738,19.0,-19.0,0.4422303560457261,1.442230356045726,55
2022-23,2023-02-08,0022200825,IND,MIA,0,0,1417.578845185934,1408.3182223772817,-9.260622808652466,1551.3761222049638,0.2745467183959986,5.0,-5.0,0.1243530017715962,1.124353001771596,56
2022-23,2023-02-10,0022200836,IND,PHX,1,0,1408.3182223772817,1392.8302685816748,-15.487953795606929,1518.9170944140951,0.3928895777545546,13.0,-13.0,0.3140209253469976,1.3140209253469977,57
2022-23,2023-02-11,0022200849,IND,WAS,0,0,1392.8302685816748,1380.3143780913051,-12.515890490369497,1495.054142909658,0.3121849628624941,14.0,-14.0,0.3363755443363322,1.3363755443363323,58
2022-23,2023-02-13,0022200859,IND,UTA,1,0,1380.3143780913051,1364.7886394613834,-15.525738629921916,1449.8529106607318,0.4504581449418348,6.0,-6.0,0.1488850336233179,1.1488850336233178,59
2022-23,2023-02-15,0022200874,IND,CHI,1,1,1364.7886394613834,1384.222496003312,19.433856541928694,1462.3572634953894,0.4109174576048093,4.0,4.0,0.0996679946249558,1.099667994624956,60
2022-23,2023-02-23,0022200887,IND,BOS,1,0,1384.222496003312,1377.151506188336,-7.070989814976021,1644.8780432784167,0.2143371105199679,4.0,-4.0,0.0996679946249558,1.099667994624956,61
2022-23,2023-02-25,0022200905,IND,ORL,0,1,1377.151506188336,1405.3929884525674,28.241482264231365,1503.1430576129355,0.2835861865042586,13.0,13.0,0.3140209253469976,1.3140209253469977,62
2022-23,2023-02-28,0022200929,IND,DAL,0,1,1405.3929884525674,1426.0423088489133,20.649320396345992,1482.192511106534,0.344440030867117,2.0,2.0,0.0499583749578799,1.04995837495788,63
2022-23,2023-03-02,0022200944,IND,SAS,0,0,1426.0423088489133,1399.3796319229805,-26.662676925932967,1243.2210191025524,0.7007617220431028,11.0,-11.0,0.2682711820216014,1.2682711820216013,64
2022-23,2023-03-05,0022200963,IND,CHI,0,1,1399.3796319229805,1420.00514562043,20.62551369744982,1464.054948827517,0.360365702421514,3.0,3.0,0.074859690687499,1.0748596906874992,65
2022-23,2023-03-06,0022200972,IND,PHI,1,0,1420.00514562043,1411.678795045472,-8.326350574958072,1643.6464846263937,0.2523898308597463,4.0,-4.0,0.0996679946249558,1.099667994624956,66
2022-23,2023-03-09,0022200993,IND,HOU,1,1,1411.678795045472,1421.2558617254258,9.577066679953775,1266.2324183334456,0.7386054332491471,9.0,9.0,0.2212784678984439,1.221278467898444,67
2022-23,2023-03-11,0022201006,IND,DET,0,1,1421.2558617254258,1431.590103519448,10.334241794022208,1238.927756624002,0.7001660598005937,6.0,6.0,0.1488850336233179,1.1488850336233178,68
2022-23,2023-03-13,0022201020,IND,DET,0,0,1431.590103519448,1399.8094815524123,-31.780621967035636,1228.5935148299798,0.7245343236058261,20.0,-20.0,0.4621171572600097,1.4621171572600098,69
2022-23,2023-03-16,0022201045,IND,MIL,0,1,1399.8094815524123,1436.813936732913,37.00445518050004,1734.9665251708827,0.1061395217587289,16.0,16.0,0.3799489622552249,1.379948962255225,70
2022-23,2023-03-18,0022201057,IND,PHI,1,0,1436.813936732913,1427.8872849196975,-8.92665181321507,1708.8520608760102,0.2035097248965445,20.0,-20.0,0.4621171572600097,1.4621171572600098,71
2022-23,2023-03-20,0022201071,IND,CHA,0,0,1427.8872849196975,1409.4417536102687,-18.445531309428738,1368.406878984055,0.5351719498934775,6.0,-6.0,0.1488850336233179,1.1488850336233178,72
2022-23,2023-03-22,0022201085,IND,TOR,0,1,1409.4417536102687,1433.1808830488976,23.739129438628954,1538.153879152092,0.280415253977778,4.0,4.0,0.0996679946249558,1.099667994624956,73
2022-23,2023-03-24,0022201097,IND,BOS,0,0,1433.1808830488976,1423.2850397930226,-9.89584325587491,1626.065578805296,0.2121841636276605,25.0,-25.0,0.5545997223493823,1.5545997223493822,74
2022-23,2023-03-25,0022201107,IND,ATL,0,0,1423.2850397930226,1407.9605969166505,-15.324442876372432,1466.910476658954,0.3887417260199682,13.0,-13.0,0.3140209253469976,1.3140209253469977,75
2022-23,2023-03-27,0022201123,IND,DAL,1,0,1407.9605969166505,1382.712130573964,-25.248466342686186,1405.254787324435,0.5540509859535017,23.0,-23.0,0.5190218338982221,1.519021833898222,76
2022-23,2023-03-29,0022201136,IND,MIL,1,0,1382.712130573964,1376.0641685073083,-6.647962066655782,1694.8414246443906,0.1686417097936811,13.0,-13.0,0.3140209253469976,1.3140209253469977,77
2022-23,2023-03-31,0022201149,IND,OKC,1,1,1376.0641685073083,1397.1326037819874,21.068435274679143,1509.9831965072358,0.3613698141118014,4.0,4.0,0.0996679946249558,1.099667994624956,78
2022-23,2023-04-02,0022201173,IND,CLE,0,0,1397.1326037819874,1389.3696628973012,-7.762940884686339,1594.5484843777583,0.2078567090130886,10.0,-10.0,0.2449186624037091,1.2449186624037092,79
2022-23,2023-04-05,0022201190,IND,NYK,1,0,1389.3696628973012,1380.4136598377477,-8.956003059553558,1620.4051578501578,0.2444433789389273,9.0,-9.0,0.2212784678984439,1.221278467898444,80
2022-23,2023-04-07,0022201203,IND,DET,1,0,1380.4136598377477,1352.551961537574,-27.8616983001737,1183.5791144306647,0.7915917541940373,7.0,-7.0,0.1732351578346601,1.17323515783466,81
2022-23,2023-04-09,0022201220,IND,NYK,0,1,1352.551961537574,1380.9565011107338,28.4045395731598,1608.3449517701815,0.1578997127413439,5.0,5.0,0.1243530017715962,1.124353001771596,82
2022-23,2022-10-20,0022200016,LAC,LAL,0,1,1500.0,1518.0741894611715,18.074189461171827,1481.9669224758409,0.4756020276989766,6.0,6.0,0.1488850336233179,1.1488850336233178,1
2022-23,2022-10-22,0022200036,LAC,SAC,0,1,1518.0741894611715,1533.7129796136055,15.63879015243394,1480.6346032483518,0.5035107890805257,2.0,2.0,0.0499583749578799,1.04995837495788,2
2022-23,2022-10-23,0022200043,LAC,PHX,1,0,1533.7129796136055,1508.6063002745973,-25.10667933900835,1500.232850779994,0.5972941496691517,17.0,-17.0,0.4011342849479459,1.401134284947946,3
2022-23,2022-10-25,0022200054,LAC,OKC,0,0,1508.6063002745973,1487.2400035846065,-21.366296689990943,1450.683047298869,0.5329414270447913,14.0,-14.0,0.3363755443363322,1.3363755443363323,4
2022-23,2022-10-27,0022200067,LAC,OKC,0,0,1487.2400035846065,1470.302306410886,-16.937697173720455,1472.04934398886,0.4715229187157744,8.0,-8.0,0.197375320224904,1.197375320224904,5
2022-23,2022-10-30,0022200088,LAC,NOP,1,0,1470.302306410886,1449.329599150078,-20.972707260807898,1524.8737699309804,0.4718641538737033,21.0,-21.0,0.4815497983643079,1.481549798364308,6
2022-23,2022-10-31,0022200102,LAC,HOU,1,1,1449.329599150078,1462.6877604285544,13.358161278476514,1431.16770932866,0.5759145760099811,2.0,2.0,0.0499583749578799,1.04995837495788,7
2022-23,2022-11-02,0022200112,LAC,HOU,0,1,1462.6877604285544,1480.137875097587,17.450114669032782,1417.8095480501836,0.5142120610448997,8.0,8.0,0.197375320224904,1.197375320224904,8
2022-23,2022-11-04,0022200126,LAC,SAS,0,1,1480.137875097587,1501.0682665977022,20.930391500115128,1511.719851900187,0.4053368482767323,7.0,7.0,0.1732351578346601,1.17323515783466,9
2022-23,2022-11-06,0022200143,LAC,UTA,1,0,1501.0682665977022,1484.3474439308006,-16.72082266690159,1560.0896549871454,0.465485421445547,8.0,-8.0,0.197375320224904,1.197375320224904,10
2022-23,2022-11-07,0022200158,LAC,CLE,1,1,1484.3474439308006,1504.4741433416089,20.126699410808165,1618.520935861856,0.3610318310121719,2.0,2.0,0.0499583749578799,1.04995837495788,11
2022-23,2022-11-09,0022200170,LAC,LAL,1,1,1504.4741433416089,1517.755405590045,13.281262248436212,1421.8518675932555,0.6630885147452025,13.0,13.0,0.3140209253469976,1.3140209253469977,12
2022-23,2022-11-12,0022200184,LAC,BKN,1,0,1517.755405590045,1493.821694476717,-23.933711113328,1491.4509093427278,0.5873199287705011,15.0,-15.0,0.3583573983507859,1.358357398350786,13
2022-23,2022-11-14,0022200203,LAC,HOU,0,1,1493.821694476717,1510.2398969675928,16.418202490875682,1385.9131114755005,0.6034103931872061,16.0,16.0,0.3799489622552249,1.379948962255225,14
2022-23,2022-11-15,0022200207,LAC,DAL,0,0,1510.2398969675928,1496.8959026417506,-13.343994325842212,1528.7217328969873,0.4236356616320629,2.0,-2.0,0.0499583749578799,1.04995837495788,15
2022-23,2022-11-17,0022200223,LAC,DET,1,1,1496.8959026417506,1506.827426445111,9.931523803360442,1380.0782905912188,0.7055632946915025,5.0,5.0,0.1243530017715962,1.124353001771596,16
2022-23,2022-11-19,0022200239,LAC,SAS,1,1,1506.827426445111,1521.9518568442154,15.124430399104384,1423.4818372042828,0.6640180677271594,22.0,22.0,0.5005202111902353,1.5005202111902354,17
2022-23,2022-11-21,0022200255,LAC,UTA,1,1,1521.9518568442154,1540.361490242132,18.409633397916668,1572.976316671683,0.4769552868413934,7.0,7.0,0.1732351578346601,1.17323515783466,18
2022-23,2022-11-23,0022200271,LAC,GSW,0,0,1540.361490242132,1517.4385981745245,-22.92289206760758,1473.768332023876,0.5453413070125347,17.0,-17.0,0.4011342849479459,1.401134284947946,19
2022-23,2022-11-25,0022200285,LAC,DEN,1,0,1517.4385981745245,1498.1980052990343,-19.240592875490243,1541.8895021117844,0.5151767060920589,10.0,-10.0,0.2449186624037091,1.2449186624037092,20
2022-23,2022-11-27,0022200292,LAC,IND,1,1,1498.1980052990343,1519.1887737412092,20.990768442174947,1549.5914651932062,0.4764254072358747,14.0,14.0,0.3363755443363322,1.3363755443363323,21
2022-23,2022-11-29,0022200311,LAC,POR,0,1,1519.1887737412092,1537.0947734906697,17.905999749460456,1497.7582876676645,0.4804818229436159,6.0,6.0,0.1488850336233179,1.1488850336233178,22
2022-23,2022-11-30,0022200322,LAC,UTA,0,0,1537.0947734906697,1515.899901278148,-21.194872212521716,1475.8766689085182,0.5376594290009682,13.0,-13.0,0.3140209253469976,1.3140209253469977,23
2022-23,2022-12-03,0022200338,LAC,SAC,1,0,1515.899901278148,1491.5432822896812,-24.356618988466824,1543.1295381338489,0.5111805873914939,27.0,-27.0,0.5882592563981054,1.5882592563981053,24
2022-23,2022-12-05,0022200352,LAC,CHA,0,1,1491.5432822896812,1504.9270141072143,13.383731817533237,1403.9586508709772,0.5751027806834045,2.0,2.0,0.0499583749578799,1.04995837495788,25
2022-23,2022-12-07,0022200363,LAC,ORL,0,0,1504.9270141072143,1481.4099315259843,-23.517082581230127,1325.0436008028644,0.6972034151841174,5.0,-5.0,0.1243530017715962,1.124353001771596,26
2022-23,2022-12-08,0022200374,LAC,MIA,0,0,1481.4099315259843,1465.7587276498425,-15.65120387614204,1471.4643046162985,0.4640062285148612,5.0,-5.0,0.1243530017715962,1.124353001771596,27
2022-23,2022-12-10,0022200389,LAC,WAS,0,1,1465.7587276498425,1482.9768140586675,17.218086408825442,1423.2467739202823,0.5108088861854602,7.0,7.0,0.1732351578346601,1.17323515783466,28
2022-23,2022-12-12,0022200408,LAC,BOS,1,1,1482.9768140586675,1513.9385019247372,30.961687866069596,1670.046181619967,0.2941357284006015,20.0,20.0,0.4621171572600097,1.4621171572600098,29
2022-23,2022-12-14,0022200423,LAC,MIN,1,1,1513.9385019247372,1529.1737751997368,15.235273274999711,1478.8066905994551,0.5995789782982385,11.0,11.0,0.2682711820216014,1.2682711820216013,30
2022-23,2022-12-15,0022200427,LAC,PHX,1,0,1529.1737751997368,1505.0095851859433,-24.164190013793604,1505.4621246040008,0.5836976746903865,16.0,-16.0,0.3799489622552249,1.379948962255225,31
2022-23,2022-12-17,0022200438,LAC,WAS,1,1,1505.0095851859433,1515.6302400562656,10.62065487032226,1384.3625485496898,0.7101219432616895,9.0,9.0,0.2212784678984439,1.221278467898444,32
2022-23,2022-12-21,0022200476,LAC,CHA,1,1,1515.6302400562656,1525.910430307143,10.280190250877682,1341.9915020839585,0.768706385204929,21.0,21.0,0.4815497983643079,1.481549798364308,33
2022-23,2022-12-23,0022200480,LAC,PHI,0,0,1525.910430307143,1513.3463361730253,-12.564094134117974,1581.517544537257,0.3724836747391983,5.0,-5.0,0.1243530017715962,1.124353001771596,34
2022-23,2022-12-26,0022200499,LAC,DET,0,1,1513.3463361730253,1524.8661748931104,11.519838720085197,1333.441149009404,0.6972298752457977,11.0,11.0,0.2682711820216014,1.2682711820216013,35
2022-23,2022-12-27,0022200509,LAC,TOR,0,1,1524.8661748931104,1542.6216637797504,17.75548888663995,1466.663752202592,0.5333414194500049,11.0,11.0,0.2682711820216014,1.2682711820216013,36
2022-23,2022-12-29,0022200525,LAC,BOS,0,0,1542.6216637797504,1530.500857327746,-12.12080645200434,1613.886989178186,0.3516686786834281,6.0,-6.0,0.1488850336233179,1.1488850336233178,37
2022-23,2022-12-31,0022200538,LAC,IND,0,0,1530.500857327746,1516.4217964462118,-14.079060881534112,1524.8537809580316,0.4578579643564388,1.0,-1.0,0.0249947929684206,1.0249947929684209,38
2022-23,2023-01-02,0022200560,LAC,MIA,1,0,1516.4217964462118,1495.9541899324222,-20.46760651378957,1517.943469698622,0.5480306232556158,10.0,-10.0,0.2449186624037091,1.2449186624037092,39
2022-23,2023-01-05,0022200579,LAC,DEN,0,0,1495.9541899324222,1480.1828583304418,-15.771331601980355,1592.9798617041763,0.3186460796508394,31.0,-31.0,0.6498274636719203,1.6498274636719203,40
2022-23,2023-01-06,0022200587,LAC,MIN,0,0,1480.1828583304418,1461.6813776247236,-18.50148070571816,1466.5178526282214,0.4693350095327291,13.0,-13.0,0.3140209253469976,1.3140209253469977,41
2022-23,2023-01-08,0022200604,LAC,ATL,1,0,1461.6813776247236,1442.0284856395235,-19.652891985200068,1429.3359770245556,0.5957219840067192,4.0,-4.0,0.0996679946249558,1.099667994624956,42
2022-23,2023-01-10,0022200617,LAC,DAL,1,1,1442.0284856395235,1465.2423299181462,23.213844278622677,1546.9086926451405,0.4007687977132409,12.0,12.0,0.2913126124515909,1.2913126124515908,43
2022-23,2023-01-13,0022200639,LAC,DEN,1,0,1465.2423299181462,1453.6751897601491,-11.567140157997123,1648.6020960856308,0.2985886878839407,12.0,-12.0,0.2913126124515909,1.2913126124515908,44
2022-23,2023-01-15,0022200649,LAC,HOU,1,1,1453.6751897601491,1464.734433252978,11.059243492828829,1296.7330957736333,0.7511784955403077,21.0,21.0,0.4815497983643079,1.481549798364308,45
2022-23,2023-01-17,0022200668,LAC,PHI,1,0,1464.734433252978,1451.3130054935416,-13.421427759436344,1600.1639445719036,0.359365586544212,10.0,-10.0,0.2449186624037091,1.2449186624037092,46
2022-23,2023-01-18,0022200675,LAC,UTA,0,0,1451.3130054935416,1432.5605302371205,-18.7524752564211,1478.461284056558,0.4115033073245818,23.0,-23.0,0.5190218338982221,1.519021833898222,47
2022-23,2023-01-20,0022200687,LAC,SAS,0,1,1432.5605302371205,1447.7383593600389,15.177829122918428,1362.680974543301,0.5500277611804788,5.0,5.0,0.1243530017715962,1.124353001771596,48
2022-23,2023-01-22,0022200701,LAC,DAL,0,1,1447.7383593600389,1472.7160325791478,24.977673219109057,1500.012060771862,0.3769796889562854,14.0,14.0,0.3363755443363322,1.3363755443363323,49
2022-23,2023-01-24,0022200719,LAC,LAL,0,1,1472.7160325791478,1498.864371744051,26.148339164902826,1517.6092523228226,0.3870089913006808,18.0,18.0,0.4218990052500079,1.4218990052500078,50
2022-23,2023-01-26,0022200735,LAC,SAS,1,1,1498.864371744051,1510.8396530566645,11.975281312613838,1323.4095654919554,0.7705598732775981,38.0,38.0,0.7397830512740042,1.7397830512740042,51
2022-23,2023-01-28,0022200745,LAC,ATL,0,1,1510.8396530566645,1530.4669007328423,19.627247676178097,1516.0701218750658,0.4423610775409984,7.0,7.0,0.1732351578346601,1.17323515783466,52
2022-23,2023-01-29,0022200754,LAC,CLE,0,0,1530.4669007328423,1510.1433278134523,-20.323572919390028,1533.1513536219527,0.4459793898470884,23.0,-23.0,0.5190218338982221,1.519021833898222,53
2022-23,2023-01-31,0022200766,LAC,CHI,0,1,1510.1433278134523,1528.6286754106975,18.4853475972453,1508.6206421258362,0.4519708203112157,5.0,5.0,0.1243530017715962,1.124353001771596,54
2022-23,2023-02-02,0022200784,LAC,MIL,0,0,1528.6286754106975,1517.883662351229,-10.745013059468652,1601.5998487264153,0.3494330941379946,1.0,-1.0,0.0249947929684206,1.0249947929684209,55
2022-23,2023-02-04,0022200795,LAC,NYK,0,1,1517.883662351229,1536.4997178722165,18.61605552098716,1510.8215914257405,0.4598805225307175,6.0,6.0,0.1488850336233179,1.1488850336233178,56
2022-23,2023-02-06,0022200810,LAC,BKN,0,1,1536.4997178722165,1558.5865510431015,22.086833170885413,1582.7686348591026,0.3851319966870865,8.0,8.0,0.197375320224904,1.197375320224904,57
2022-23,2023-02-08,0022200829,LAC,DAL,1,0,1558.5865510431015,1536.5045964339156,-22.08195460918603,1493.124289100382,0.6406778155322949,6.0,-6.0,0.1488850336233179,1.1488850336233178,58
2022-23,2023-02-10,0022200845,LAC,MIL,1,0,1536.5045964339156,1521.3440428678628,-15.160553566052773,1653.1754226340752,0.384584275476163,13.0,-13.0,0.3140209253469976,1.3140209253469977,59
2022-23,2023-02-14,0022200871,LAC,GSW,1,1,1521.3440428678628,1538.709914267794,17.365871399931084,1531.9698016098184,0.5350199193897327,10.0,10.0,0.2449186624037091,1.2449186624037092,60
2022-23,2023-02-16,0022200885,LAC,PHX,0,1,1538.709914267794,1559.516168199547,20.806253931753393,1551.1720612079237,0.4321182138594905,9.0,9.0,0.2212784678984439,1.221278467898444,61
2022-23,2023-02-24,0022200902,LAC,SAC,1,0,1559.516168199547,1541.2085353437476,-18.30763285579973,1527.4223142985995,0.5953731986865413,1.0,-1.0,0.0249947929684206,1.0249947929684209,62
2022-23,2023-02-26,0022200918,LAC,DEN,0,0,1541.2085353437476,1529.7786782494177,-11.429857094330018,1648.4308171785,0.3060402643029187,10.0,-10.0,0.2449186624037091,1.2449186624037092,63
2022-23,2023-02-28,0022200932,LAC,MIN,1,0,1529.7786782494177,1507.9385272149066,-21.840151034511077,1479.3587412329366,0.6205107557698146,7.0,-7.0,0.1732351578346601,1.17323515783466,64
2022-23,2023-03-02,0022200945,LAC,GSW,0,0,1507.9385272149066,1488.816779593216,-19.121747621690556,1532.8069708896726,0.4146851221164944,24.0,-24.0,0.5370495669980352,1.5370495669980353,65
2022-23,2023-03-03,0022200954,LAC,SAC,0,0,1488.816779593216,1478.747318306896,-10.069461286320042,1578.8377118511155,0.3274638191789746,1.0,-1.0,0.0249947929684206,1.0249947929684209,66
2022-23,2023-03-05,0022200970,LAC,MEM,1,1,1478.747318306896,1498.9164243948444,20.16910608794838,1573.5186055801782,0.4148208771206149,6.0,6.0,0.1488850336233179,1.1488850336233178,67
2022-23,2023-03-08,0022200991,LAC,TOR,1,1,1498.9164243948444,1515.9908928423697,17.07446844752528,1516.7603340677094,0.5246695512782584,8.0,8.0,0.197375320224904,1.197375320224904,68
2022-23,2023-03-11,0022201004,LAC,NYK,1,1,1515.9908928423697,1538.6582691736958,22.667376331326004,1618.3602864617428,0.4042447532082054,11.0,11.0,0.2682711820216014,1.2682711820216013,69
2022-23,2023-03-15,0022201041,LAC,GSW,1,1,1538.6582691736958,1555.5402456658503,16.881976492154656,1552.7673488954238,0.5300282708075276,8.0,8.0,0.197375320224904,1.197375320224904,70
2022-23,2023-03-18,0022201056,LAC,ORL,1,0,1555.5402456658503,1531.3337174666551,-24.206528199195432,1428.4961263356688,0.7176431886028146,5.0,-5.0,0.1243530017715962,1.124353001771596,71
2022-23,2023-03-19,0022201069,LAC,POR,0,1,1531.3337174666551,1545.2314116853552,13.897694218700003,1381.9135141120948,0.6589583312027324,15.0,15.0,0.3583573983507859,1.358357398350786,72
2022-23,2023-03-21,0022201082,LAC,OKC,1,0,1545.2314116853552,1527.8902397492552,-17.341171936099983,1535.5543389976665,0.563943415617405,1.0,-1.0,0.0249947929684206,1.0249947929684209,73
2022-23,2023-03-23,0022201096,LAC,OKC,1,1,1527.8902397492552,1549.750736297208,21.860496547952835,1552.8955109337664,0.5143796045991997,22.0,22.0,0.5005202111902353,1.5005202111902354,74
2022-23,2023-03-25,0022201112,LAC,NOP,1,0,1549.750736297208,1519.3554065140356,-30.395329783172414,1450.712915563901,0.6838633845164506,21.0,-21.0,0.4815497983643079,1.481549798364308,75
2022-23,2023-03-27,0022201129,LAC,CHI,1,1,1519.3554065140356,1539.3373087155965,19.981902201560786,1565.3403767627688,0.4841966226488302,12.0,12.0,0.2913126124515909,1.2913126124515908,76
2022-23,2023-03-29,0022201141,LAC,MEM,0,1,1539.3373087155965,1563.721978903312,24.38467018771551,1623.8773946447748,0.3344496272097481,9.0,9.0,0.2212784678984439,1.221278467898444,77
2022-23,2023-03-31,0022201156,LAC,MEM,0,0,1563.721978903312,1547.7039818402443,-16.01799706306739,1599.4927244570592,0.3995383166793436,14.0,-14.0,0.3363755443363322,1.3363755443363323,78
2022-23,2023-04-01,0022201162,LAC,NOP,0,0,1547.7039818402443,1530.0045380477973,-17.69944379244727,1517.756795310368,0.4927289295034288,8.0,-8.0,0.197375320224904,1.197375320224904,79
2022-23,2023-04-05,0022201196,LAC,LAL,1,1,1530.0045380477973,1549.129424473078,19.124886425280625,1595.2142952435645,0.4566338982266835,7.0,7.0,0.1732351578346601,1.17323515783466,80
2022-23,2023-04-08,0022201215,LAC,POR,1,1,1549.129424473078,1556.1244184156717,6.994993942593477,1325.2021445655178,0.8161540938102427,11.0,11.0,0.2682711820216014,1.2682711820216013,81
2022-23,2023-04-09,0022201229,LAC,PHX,0,1,1556.1244184156717,1576.9284057467946,20.803987331123057,1603.7892899957103,0.3832308507398453,5.0,5.0,0.1243530017715962,1.124353001771596,82
2022-23,2022-10-18,0022200002,LAL,GSW,0,0,1500.0,1481.9669224758409,-18.033077524159168,1500.0,0.449800646746463,14.0,-14.0,0.3363755443363322,1.3363755443363323,1
2022-23,2022-10-20,0022200016,LAL,LAC,1,0,1481.9669224758409,1463.8927330146691,-18.074189461171827,1500.0,0.5243979723010234,6.0,-6.0,0.1488850336233179,1.1488850336233178,2
2022-23,2022-10-23,0022200037,LAL,POR,1,0,1463.8927330146691,1449.698003473139,-14.194729541530483,1533.300704655042,0.4506441994934614,2.0,-2.0,0.0499583749578799,1.04995837495788,3
2022-23,2022-10-26,0022200064,LAL,DEN,0,0,1449.698003473139,1435.0427825807712,-14.655220892367476,1495.934789870288,0.385175796788384,11.0,-11.0,0.2682711820216014,1.2682711820216013,4
2022-23,2022-10-28,0022200076,LAL,MIN,0,0,1435.0427825807712,1422.578213434636,-12.464569146135286,1515.1097354168603,0.3402054888591219,9.0,-9.0,0.2212784678984439,1.221278467898444,5
2022-23,2022-10-30,0022200095,LAL,DEN,1,1,1422.578213434636,1445.5868121924575,23.00859875782183,1531.4404985118438,0.3952765758622027,11.0,11.0,0.2682711820216014,1.2682711820216013,6
2022-23,2022-11-02,0022200117,LAL,NOP,1,1,1445.5868121924575,1464.7029904211029,19.116178228645044,1545.8464771917884,0.4071729115199523,3.0,3.0,0.074859690687499,1.0748596906874992,7
2022-23,2022-11-04,0022200131,LAL,UTA,1,0,1464.7029904211029,1447.1142085330832,-17.58878188801953,1542.5008730991258,0.4387185414200424,14.0,-14.0,0.3363755443363322,1.3363755443363323,8
2022-23,2022-11-06,0022200140,LAL,CLE,1,0,1447.1142085330832,1433.892276541253,-13.221931991830072,1605.299003870026,0.3297958184450393,14.0,-14.0,0.3363755443363322,1.3363755443363323,9
2022-23,2022-11-07,0022200157,LAL,UTA,0,0,1433.892276541253,1421.8518675932555,-12.0404089479973,1576.810477654047,0.2642140856548969,23.0,-23.0,0.5190218338982221,1.519021833898222,10
2022-23,2022-11-09,0022200170,LAL,LAC,0,0,1421.8518675932555,1408.5706053448196,-13.281262248436212,1504.4741433416089,0.3369114852547975,13.0,-13.0,0.3140209253469976,1.3140209253469977,11
2022-23,2022-11-11,0022200183,LAL,SAC,1,0,1408.5706053448196,1393.1831909430127,-15.38741440180683,1480.927832364821,0.4464448559974268,6.0,-6.0,0.1488850336233179,1.1488850336233178,12
2022-23,2022-11-13,0022200198,LAL,BKN,1,1,1393.1831909430127,1417.7391906692808,24.55599972626803,1515.3846204560557,0.3770774053748179,13.0,13.0,0.3140209253469976,1.3140209253469977,13
2022-23,2022-11-18,0022200234,LAL,DET,1,1,1417.7391906692808,1431.231257590441,13.492066921160172,1370.1467667878585,0.6166705702301737,7.0,7.0,0.1732351578346601,1.17323515783466,14
2022-23,2022-11-20,0022200247,LAL,SAS,1,1,1431.231257590441,1451.894094463299,20.66283687285812,1408.3574068051785,0.5825252977894205,31.0,31.0,0.6498274636719203,1.6498274636719203,15
2022-23,2022-11-22,0022200259,LAL,PHX,0,0,1451.894094463299,1440.1649494947785,-11.729144968520528,1552.6084548383983,0.3140538500690399,10.0,-10.0,0.2449186624037091,1.2449186624037092,16
2022-23,2022-11-25,0022200282,LAL,SAS,0,1,1440.1649494947785,1457.4873354098002,17.322385915021687,1374.0039351006665,0.5447244469328156,11.0,11.0,0.2682711820216014,1.2682711820216013,17
2022-23,2022-11-26,0022200288,LAL,SAS,0,1,1457.4873354098002,1471.1959292507668,13.708593840966593,1356.6815491856448,0.5935857090146798,5.0,5.0,0.1243530017715962,1.124353001771596,18
2022-23,2022-11-28,0022200308,LAL,IND,1,0,1471.1959292507668,1456.8111041324726,-14.384825118294298,1528.6006967510314,0.4678015672852133,1.0,-1.0,0.0249947929684206,1.0249947929684209,19
2022-23,2022-11-30,0022200324,LAL,POR,1,1,1456.8111041324726,1477.70022467752,20.88912054504752,1479.852287918204,0.5172033266049392,19.0,19.0,0.4422303560457261,1.442230356045726,20
2022-23,2022-12-02,0022200331,LAL,MIL,0,1,1477.70022467752,1501.0466288293587,23.34640415183866,1596.2919062532274,0.2923196132543927,4.0,4.0,0.0996679946249558,1.099667994624956,21
2022-23,2022-12-04,0022200349,LAL,WAS,0,1,1501.0466288293587,1520.369362363945,19.322733534586252,1471.5015954787718,0.492150316943359,11.0,11.0,0.2682711820216014,1.2682711820216013,22
2022-23,2022-12-06,0022200360,LAL,CLE,0,0,1520.369362363945,1504.1789609014727,-16.190401462472312,1553.031761825227,0.40383861485365,14.0,-14.0,0.3363755443363322,1.3363755443363323,23
2022-23,2022-12-07,0022200366,LAL,TOR,0,0,1504.1789609014727,1485.6214944910384,-18.55746641043416,1489.5235343599934,0.4707552229564287,13.0,-13.0,0.3140209253469976,1.3140209253469977,24
2022-23,2022-12-09,0022200382,LAL,PHI,0,0,1485.6214944910384,1469.321979491076,-16.29951499996247,1500.7243074622904,0.4283919514747452,11.0,-11.0,0.2682711820216014,1.2682711820216013,25
2022-23,2022-12-11,0022200396,LAL,DET,0,1,1469.321979491076,1484.5665458777487,15.244566386672645,1387.5691835021105,0.5668794874618817,7.0,7.0,0.1732351578346601,1.17323515783466,26
2022-23,2022-12-13,0022200413,LAL,BOS,1,0,1484.5665458777487,1473.5321035181514,-11.034442359597248,1639.0844937538975,0.3344779943744314,4.0,-4.0,0.0996679946249558,1.099667994624956,27
2022-23,2022-12-16,0022200437,LAL,DEN,1,1,1473.5321035181514,1498.339678933969,24.807575415817663,1565.7164339861056,0.4184402848064014,18.0,18.0,0.4218990052500079,1.4218990052500078,28
2022-23,2022-12-18,0022200451,LAL,WAS,1,1,1498.339678933969,1507.3237225046507,8.984043570681807,1373.7418936793674,0.7147809606883317,2.0,2.0,0.0499583749578799,1.04995837495788,29
2022-23,2022-12-19,0022200459,LAL,PHX,0,0,1507.3237225046507,1488.7450007342352,-18.578721770415463,1547.089860129911,0.3940335687797806,26.0,-26.0,0.5716699660851172,1.5716699660851172,30
2022-23,2022-12-21,0022200475,LAL,SAC,0,0,1488.7450007342352,1473.372995696165,-15.37200503807025,1536.2669887612708,0.3834252804963907,14.0,-14.0,0.3363755443363322,1.3363755443363323,31
2022-23,2022-12-23,0022200492,LAL,CHA,1,0,1473.372995696165,1449.1458570537677,-24.227138642397357,1331.7113118330806,0.7343773684668669,4.0,-4.0,0.0996679946249558,1.099667994624956,32
2022-23,2022-12-25,0022200494,LAL,DAL,0,0,1449.1458570537677,1436.335534196275,-12.810322857492594,1521.9570907898758,0.3496424223798958,9.0,-9.0,0.2212784678984439,1.221278467898444,33
2022-23,2022-12-27,0022200505,LAL,ORL,0,1,1436.335534196275,1463.155415122451,26.81988092617574,1486.2832810878328,0.3801295145917867,19.0,19.0,0.4422303560457261,1.442230356045726,34
2022-23,2022-12-28,0022200518,LAL,MIA,0,0,1463.155415122451,1447.0349578276985,-16.12045729475215,1497.0775489871562,0.4020939912953848,14.0,-14.0,0.3363755443363322,1.3363755443363323,35
2022-23,2022-12-30,0022200530,LAL,ATL,0,1,1447.0349578276985,1467.4656362885512,20.430678460852832,1452.259779400081,0.4423690965962467,9.0,9.0,0.2212784678984439,1.221278467898444,36
2022-23,2023-01-02,0022200551,LAL,CHA,0,1,1467.4656362885512,1480.825511862061,13.359875573509788,1353.0186688831616,0.6123814195932257,6.0,6.0,0.1488850336233179,1.1488850336233178,37
2022-23,2023-01-04,0022200574,LAL,MIA,1,1,1480.825511862061,1497.995026026053,17.16951416399198,1538.4110762124117,0.4675424673952853,3.0,3.0,0.074859690687499,1.0748596906874992,38
2022-23,2023-01-06,0022200590,LAL,ATL,1,1,1497.995026026053,1513.5552524547468,15.560226428693804,1444.8962034532494,0.62413521914453,16.0,16.0,0.3799489622552249,1.379948962255225,39
2022-23,2023-01-07,0022200595,LAL,SAC,0,1,1513.5552524547468,1530.880986833927,17.325734379180275,1513.4469916140529,0.4499548809930898,2.0,2.0,0.0499583749578799,1.04995837495788,40
2022-23,2023-01-09,0022200609,LAL,DEN,0,0,1530.880986833927,1518.1894330540854,-12.691553779841586,1625.2686342838474,0.3219520971857199,13.0,-13.0,0.3140209253469976,1.3140209253469977,41
2022-23,2023-01-12,0022200630,LAL,DAL,1,0,1518.1894330540854,1500.2974681380392,-17.891964916046103,1523.6948483665178,0.5423444470967559,4.0,-4.0,0.0996679946249558,1.099667994624956,42
2022-23,2023-01-15,0022200655,LAL,PHI,1,0,1500.2974681380392,1487.1965021347846,-13.100966003254593,1587.062978568649,0.4260498392488979,1.0,-1.0,0.0249947929684206,1.0249947929684209,43
2022-23,2023-01-16,0022200664,LAL,HOU,1,1,1487.1965021347846,1494.5241204567646,7.327618321979963,1285.6738522808046,0.7960088704516473,8.0,8.0,0.197375320224904,1.197375320224904,44
2022-23,2023-01-18,0022200677,LAL,SAC,1,0,1494.5241204567646,1478.3315869188743,-16.192533537890384,1543.390784454372,0.48005485561849,5.0,-5.0,0.1243530017715962,1.124353001771596,45
2022-23,2023-01-20,0022200690,LAL,MEM,1,1,1478.3315869188743,1500.5138425312127,22.18225561233834,1678.590435976672,0.2786221691234887,1.0,1.0,0.0249947929684206,1.0249947929684209,46
2022-23,2023-01-22,0022200705,LAL,POR,0,1,1500.5138425312127,1517.6092523228226,17.09540979160977,1442.2696515922323,0.5334012610291554,9.0,9.0,0.2212784678984439,1.221278467898444,47
2022-23,2023-01-24,0022200719,LAL,LAC,1,0,1517.6092523228226,1491.4609131579198,-26.148339164902826,1472.7160325791478,0.6129910086993192,18.0,-18.0,0.4218990052500079,1.4218990052500078,48
2022-23,2023-01-25,0022200729,LAL,SAS,1,1,1491.4609131579198,1500.4957961888504,9.03488303093068,1332.444448522886,0.7534036866989677,9.0,9.0,0.2212784678984439,1.221278467898444,49
2022-23,2023-01-28,0022200749,LAL,BOS,0,0,1500.4957961888504,1490.5896225429508,-9.90617364589962,1612.4568408851344,0.3002777109188045,4.0,-4.0,0.0996679946249558,1.099667994624956,50
2022-23,2023-01-30,0022200757,LAL,BKN,0,0,1490.5896225429508,1476.7424890057302,-13.84713353722056,1579.064565516741,0.3294267529286102,17.0,-17.0,0.4011342849479459,1.401134284947946,51
2022-23,2023-01-31,0022200765,LAL,NYK,0,1,1476.7424890057302,1497.4755009599344,20.73301195420409,1513.2944614974444,0.398459917008494,6.0,6.0,0.1488850336233179,1.1488850336233178,52
2022-23,2023-02-02,0022200778,LAL,IND,0,1,1497.4755009599344,1511.255259315288,13.77975835535366,1426.2985301757087,0.5518755005754061,1.0,1.0,0.0249947929684206,1.0249947929684209,53
2022-23,2023-02-04,0022200798,LAL,NOP,0,0,1511.255259315288,1491.0693865634828,-20.185872751805185,1406.9442248648315,0.59844410429818,5.0,-5.0,0.1243530017715962,1.124353001771596,54
2022-23,2023-02-07,0022200821,LAL,OKC,1,0,1491.0693865634828,1474.5243570044445,-16.545029559038525,1516.9706504851604,0.513091141178189,3.0,-3.0,0.074859690687499,1.0748596906874992,55
2022-23,2023-02-09,0022200834,LAL,MIL,1,0,1474.5243570044445,1462.8473244495322,-11.67703255491212,1641.498390079163,0.3187106206554668,9.0,-9.0,0.2212784678984439,1.221278467898444,56
2022-23,2023-02-11,0022200853,LAL,GSW,0,1,1462.8473244495322,1485.3892917119915,22.54196726245968,1538.4667591494242,0.34597554432499,6.0,6.0,0.1488850336233179,1.1488850336233178,57
2022-23,2023-02-13,0022200867,LAL,POR,0,0,1485.3892917119915,1467.2576116367245,-18.13168007526747,1472.6258677165208,0.4680426180418079,12.0,-12.0,0.2913126124515909,1.2913126124515908,58
2022-23,2023-02-15,0022200882,LAL,NOP,1,1,1467.2576116367245,1487.5062410900655,20.24862945334124,1484.6519851985286,0.5253148693266723,18.0,18.0,0.4218990052500079,1.4218990052500078,59
2022-23,2023-02-23,0022200893,LAL,GSW,1,1,1487.5062410900655,1506.7683274970086,19.262086406943208,1514.6039302098873,0.5113703788784386,13.0,13.0,0.3140209253469976,1.3140209253469977,60
2022-23,2023-02-26,0022200913,LAL,DAL,0,1,1506.7683274970086,1524.1802104834571,17.41188298644845,1499.6043940929826,0.4600261740422602,3.0,3.0,0.074859690687499,1.0748596906874992,61
2022-23,2023-02-28,0022200927,LAL,MEM,0,0,1524.1802104834571,1509.0731044286488,-15.107106054808405,1566.9098922414248,0.3899676940898963,12.0,-12.0,0.2913126124515909,1.2913126124515908,62
2022-23,2023-03-01,0022200940,LAL,OKC,0,1,1509.0731044286488,1526.1565698342836,17.083465405634836,1471.0527459062582,0.5043465358247512,6.0,6.0,0.1488850336233179,1.1488850336233178,63
2022-23,2023-03-03,0022200955,LAL,MIN,1,0,1526.1565698342836,1505.1268437212927,-21.02972611299092,1501.1988922674475,0.5854395514861314,8.0,-8.0,0.197375320224904,1.197375320224904,64
2022-23,2023-03-05,0022200964,LAL,GSW,1,1,1505.1268437212927,1524.2720599885793,19.14521626728658,1563.07513858015,0.4670226913843934,8.0,8.0,0.197375320224904,1.197375320224904,65
2022-23,2023-03-07,0022200984,LAL,MEM,1,1,1524.2720599885793,1542.2789894112454,18.006929422666285,1553.3494994922298,0.508522424219588,9.0,9.0,0.2212784678984439,1.221278467898444,66
2022-23,2023-03-10,0022201003,LAL,TOR,1,1,1542.2789894112454,1556.8503160145483,14.57132660330303,1499.685865620184,0.6098452843184556,10.0,10.0,0.2449186624037091,1.2449186624037092,67
2022-23,2023-03-12,0022201019,LAL,NYK,1,0,1556.8503160145483,1540.5377215140716,-16.312594500477015,1595.6929101304167,0.4944702880084717,4.0,-4.0,0.0996679946249558,1.099667994624956,68
2022-23,2023-03-14,0022201030,LAL,NOP,0,1,1540.5377215140716,1557.1095224914045,16.57180097733277,1439.910838753976,0.5933372420382395,15.0,15.0,0.3583573983507859,1.358357398350786,69
2022-23,2023-03-15,0022201038,LAL,HOU,0,0,1557.1095224914045,1530.5356034502656,-26.573919041138577,1275.236292225174,0.8055133964987213,4.0,-4.0,0.0996679946249558,1.099667994624956,70
2022-23,2023-03-17,0022201054,LAL,DAL,1,0,1530.5356034502656,1510.240860198037,-20.294743252228912,1450.3134642194475,0.6599950032739396,1.0,-1.0,0.0249947929684206,1.0249947929684209,71
2022-23,2023-03-19,0022201070,LAL,ORL,1,1,1510.240860198037,1522.9896607059436,12.748800507906957,1452.7026545348642,0.6301109297333205,6.0,6.0,0.1488850336233179,1.1488850336233178,72
2022-23,2023-03-22,0022201092,LAL,PHX,1,1,1522.9896607059436,1541.2514774909464,18.261816785002697,1544.061253443974,0.5200338580614469,11.0,11.0,0.2682711820216014,1.2682711820216013,73
2022-23,2023-03-24,0022201106,LAL,OKC,1,1,1541.2514774909464,1555.934173530417,14.68269603947054,1531.0350143858136,0.5647068131231732,5.0,5.0,0.1243530017715962,1.124353001771596,74
2022-23,2023-03-26,0022201114,LAL,CHI,1,0,1555.934173530417,1534.7619076436822,-21.17226588673468,1544.168110876034,0.5668982380437858,10.0,-10.0,0.2449186624037091,1.2449186624037092,75
2022-23,2023-03-29,0022201140,LAL,CHI,0,1,1534.7619076436822,1556.2684103270929,21.5065026834106,1545.358474561208,0.4347554111908037,11.0,11.0,0.2682711820216014,1.2682711820216013,76
2022-23,2023-03-31,0022201157,LAL,MIN,0,1,1556.2684103270929,1577.012038466907,20.743628139814017,1545.95431495786,0.4645337893708093,12.0,12.0,0.2913126124515909,1.2913126124515908,77
2022-23,2023-04-02,0022201171,LAL,HOU,0,1,1577.012038466907,1585.4388079739542,8.426769507047279,1279.4001130643214,0.8193153434524749,25.0,25.0,0.5545997223493823,1.5545997223493822,78
2022-23,2023-04-04,0022201186,LAL,UTA,0,1,1585.4388079739542,1595.2142952435645,9.77548726960994,1411.7241418702442,0.6896547678218802,2.0,2.0,0.0499583749578799,1.04995837495788,79
2022-23,2023-04-05,0022201196,LAL,LAC,0,0,1595.2142952435645,1576.0894088182836,-19.124886425280625,1530.0045380477973,0.5433661017733165,7.0,-7.0,0.1732351578346601,1.17323515783466,80
2022-23,2023-04-07,0022201212,LAL,PHX,1,1,1576.0894088182836,1596.9150140669603,20.8256052486768,1624.614895244387,0.4805450873711509,14.0,14.0,0.3363755443363322,1.3363755443363323,81
2022-23,2023-04-09,0022201228,LAL,UTA,1,1,1596.9150140669603,1605.033187836926,8.118173769965837,1405.2558869549416,0.7866341235469422,11.0,11.0,0.2682711820216014,1.2682711820216013,82
2022-23,2022-10-19,0022200009,MEM,NYK,1,1,1500.0,1514.5041775209882,14.50417752098821,1500.0,0.550199353253537,3.0,3.0,0.074859690687499,1.0748596906874992,1
2022-23,2022-10-21,0022200024,MEM,HOU,0,1,1514.5041775209882,1532.2899538149768,17.785776293988746,1483.201043415122,0.4946799830872657,7.0,7.0,0.1732351578346601,1.17323515783466,2
2022-23,2022-10-22,0022200034,MEM,DAL,0,0,1532.2899538149768,1504.835310272363,-27.454643542613827,1485.8318413166123,0.5164835738684959,41.0,-41.0,0.7718952374404182,1.7718952374404182,3
2022-23,2022-10-24,0022200049,MEM,BKN,1,1,1504.835310272363,1520.950508985925,16.115198713561703,1491.930259166265,0.5685073196550257,10.0,10.0,0.2449186624037091,1.2449186624037092,4
2022-23,2022-10-27,0022200069,MEM,SAC,0,1,1520.950508985925,1539.3048476691324,18.35433868320764,1451.3748491164918,0.5495947604194085,15.0,15.0,0.3583573983507859,1.358357398350786,5
2022-23,2022-10-29,0022200087,MEM,UTA,0,0,1539.3048476691324,1524.94508338309,-14.359764286042417,1527.2783473212005,0.4669865767303408,1.0,-1.0,0.0249947929684206,1.0249947929684209,6
2022-23,2022-10-31,0022200101,MEM,UTA,0,0,1524.94508338309,1507.30304842109,-17.64203496199982,1541.6381116072428,0.4261518709399167,16.0,-16.0,0.3799489622552249,1.379948962255225,7
2022-23,2022-11-02,0022200116,MEM,POR,0,1,1507.30304842109,1527.840922524249,20.53787410315877,1549.1915586169534,0.3911202243779875,5.0,5.0,0.1243530017715962,1.124353001771596,8
2022-23,2022-11-04,0022200125,MEM,CHA,1,1,1527.840922524249,1545.8602676984406,18.01934517419164,1465.947586618337,0.6359347553816914,31.0,31.0,0.6498274636719203,1.6498274636719203,9
2022-23,2022-11-06,0022200142,MEM,WAS,1,1,1545.8602676984406,1557.282687661993,11.422419963552224,1458.9393826538208,0.6685940533861614,6.0,6.0,0.1488850336233179,1.1488850336233178,10
2022-23,2022-11-07,0022200152,MEM,BOS,1,0,1557.282687661993,1539.227624430154,-18.05506323183885,1550.4449462350335,0.5599200028390222,3.0,-3.0,0.074859690687499,1.0748596906874992,11
2022-23,2022-11-09,0022200169,MEM,SAS,0,1,1539.227624430154,1552.8591076443329,13.631483214178663,1457.2216086775488,0.5672373451717232,2.0,2.0,0.0499583749578799,1.04995837495788,12
2022-23,2022-11-11,0022200181,MEM,MIN,1,1,1552.8591076443329,1565.003226218379,12.144118574046344,1456.258661428713,0.6808222419569911,11.0,11.0,0.2682711820216014,1.2682711820216013,13
2022-23,2022-11-13,0022200194,MEM,WAS,0,0,1565.003226218379,1545.179293043979,-19.823933174399972,1508.5768933663112,0.5307959406794658,10.0,-10.0,0.2449186624037091,1.2449186624037092,14
2022-23,2022-11-15,0022200206,MEM,NOP,0,0,1545.179293043979,1526.537371603148,-18.64192144083087,1517.159350314124,0.4899562413541029,11.0,-11.0,0.2682711820216014,1.2682711820216013,15
2022-23,2022-11-18,0022200229,MEM,OKC,1,1,1526.537371603148,1542.7330025078804,16.195630904732344,1509.4960321114434,0.574338381929833,11.0,11.0,0.2682711820216014,1.2682711820216013,16
2022-23,2022-11-20,0022200243,MEM,BKN,0,0,1542.7330025078804,1522.4505655834637,-20.282436924417013,1491.3488426899642,0.5235612386146702,12.0,-12.0,0.2913126124515909,1.2913126124515908,17
2022-23,2022-11-22,0022200257,MEM,SAC,1,0,1522.4505655834637,1505.749282400039,-16.701283183424483,1553.1058037213656,0.5062522890259706,4.0,-4.0,0.0996679946249558,1.099667994624956,18
2022-23,2022-11-25,0022200279,MEM,NOP,1,1,1505.749282400039,1529.851371737503,24.10208933746434,1570.1931653199122,0.4577279961817901,21.0,21.0,0.4815497983643079,1.481549798364308,19
2022-23,2022-11-27,0022200296,MEM,NYK,0,1,1529.851371737503,1545.7819266661932,15.930554928689922,1482.9573678707548,0.5171101639598938,4.0,4.0,0.0996679946249558,1.099667994624956,20
2022-23,2022-11-30,0022200317,MEM,MIN,0,0,1545.7819266661932,1526.210378896039,-19.571547770154137,1479.5358988459604,0.5448458095405428,8.0,-8.0,0.197375320224904,1.197375320224904,21
2022-23,2022-12-02,0022200332,MEM,PHI,1,1,1526.210378896039,1543.0819648585189,16.87158596247993,1540.1177265888732,0.5303175293076047,8.0,8.0,0.197375320224904,1.197375320224904,22
2022-23,2022-12-04,0022200347,MEM,DET,0,1,1543.0819648585189,1555.3300499328016,12.248085074282631,1383.443388953922,0.6720512634232712,10.0,10.0,0.2449186624037091,1.2449186624037092,23
2022-23,2022-12-05,0022200357,MEM,MIA,1,1,1555.3300499328016,1569.5770443310766,14.246994398275117,1517.441598096064,0.6033826610133936,8.0,8.0,0.197375320224904,1.197375320224904,24
2022-23,2022-12-07,0022200368,MEM,OKC,1,1,1569.5770443310766,1585.026534033659,15.449489702582111,1495.2014471475727,0.6524025107663388,21.0,21.0,0.4815497983643079,1.481549798364308,25
2022-23,2022-12-09,0022200383,MEM,DET,1,1,1585.026534033659,1593.2336115198575,8.207077486199166,1395.7762609883096,0.7842975119060044,11.0,11.0,0.2682711820216014,1.2682711820216013,26
2022-23,2022-12-12,0022200404,MEM,ATL,1,1,1593.2336115198575,1607.69556941034,14.461957890482465,1489.311444899283,0.6899103633650705,25.0,25.0,0.5545997223493823,1.5545997223493822,27
2022-23,2022-12-15,0022200425,MEM,MIL,1,1,1607.69556941034,1632.1168225031122,24.421253092772066,1614.4346149919024,0.5405813207472759,41.0,41.0,0.7718952374404182,1.7718952374404182,28
2022-23,2022-12-17,0022200443,MEM,OKC,0,0,1632.1168225031122,1606.8185765254111,-25.298245977701185,1420.796279686194,0.7339941258211702,6.0,-6.0,0.1488850336233179,1.1488850336233178,29
2022-23,2022-12-20,0022200465,MEM,DEN,0,0,1606.8185765254111,1585.34557796508,-21.472998560331213,1547.0372073630035,0.5356029012287631,14.0,-14.0,0.3363755443363322,1.3363755443363323,30
2022-23,2022-12-23,0022200490,MEM,PHX,0,1,1585.34557796508,1607.9716914308594,22.62611346577945,1540.0191095175032,0.5148566081995298,25.0,25.0,0.5545997223493823,1.5545997223493822,31
2022-23,2022-12-25,0022200496,MEM,GSW,0,0,1607.9716914308594,1582.63107976127,-25.34061166958952,1478.969372179433,0.6320731168965461,14.0,-14.0,0.3363755443363322,1.3363755443363323,32
2022-23,2022-12-27,0022200510,MEM,PHX,1,0,1582.63107976127,1555.072607847542,-27.55847191372791,1505.7831357883074,0.6556229051890803,17.0,-17.0,0.4011342849479459,1.401134284947946,33
2022-23,2022-12-29,0022200526,MEM,TOR,0,1,1555.072607847542,1570.8012362230818,15.728628375539651,1448.908263315952,0.6010051267794398,13.0,13.0,0.3140209253469976,1.3140209253469977,34
2022-23,2022-12-31,0022200543,MEM,NOP,1,1,1570.8012362230818,1591.6205979107435,20.819361687661846,1613.373424597775,0.4891044700278162,15.0,15.0,0.3583573983507859,1.358357398350786,35
2022-23,2023-01-01,0022200547,MEM,SAC,1,1,1591.6205979107435,1605.5158957715978,13.895297860854283,1535.6938472159577,0.6279462993449704,10.0,10.0,0.2449186624037091,1.2449186624037092,36
2022-23,2023-01-04,0022200564,MEM,CHA,0,1,1605.5158957715978,1615.1687829402456,9.6528871686479,1339.658793309652,0.7906619847985632,24.0,24.0,0.5370495669980352,1.5370495669980353,37
2022-23,2023-01-05,0022200576,MEM,ORL,0,1,1615.1687829402456,1625.818236581202,10.649453640956429,1430.0452024922818,0.7035334017363876,8.0,8.0,0.197375320224904,1.197375320224904,38
2022-23,2023-01-08,0022200600,MEM,UTA,1,1,1625.818236581202,1633.359102566443,7.540865985241087,1444.534356538222,0.7764383613402772,5.0,5.0,0.1243530017715962,1.124353001771596,39
2022-23,2023-01-09,0022200608,MEM,SAS,1,1,1633.359102566443,1638.9654450055934,5.606342439150437,1375.168396696348,0.8439268973157781,8.0,8.0,0.197375320224904,1.197375320224904,40
2022-23,2023-01-11,0022200623,MEM,SAS,1,1,1638.9654450055934,1644.058188151065,5.092743145471484,1369.5620542571976,0.8522409989851886,6.0,6.0,0.1488850336233179,1.1488850336233178,41
2022-23,2023-01-14,0022200643,MEM,IND,0,1,1644.058188151065,1660.0843489517088,16.02616080064378,1520.8362402994485,0.6243014742615058,18.0,18.0,0.4218990052500079,1.4218990052500078,42
2022-23,2023-01-16,0022200663,MEM,PHX,1,1,1660.0843489517088,1668.743296546793,8.658947595084216,1427.5371080324535,0.823483000688463,30.0,30.0,0.6351489523872873,1.6351489523872873,43
2022-23,2023-01-18,0022200672,MEM,CLE,1,1,1668.743296546793,1678.590435976672,9.847139429878672,1572.986340242284,0.6797661966209925,1.0,1.0,0.0249947929684206,1.0249947929684209,44
2022-23,2023-01-20,0022200690,MEM,LAL,0,0,1678.590435976672,1656.4081803643337,-22.18225561233834,1478.3315869188743,0.7213778308765113,1.0,-1.0,0.0249947929684206,1.0249947929684209,45
2022-23,2023-01-22,0022200703,MEM,PHX,0,0,1656.4081803643337,1633.7803382648904,-22.627842099443033,1458.73817715273,0.7183726720071408,2.0,-2.0,0.0499583749578799,1.04995837495788,46
2022-23,2023-01-23,0022200712,MEM,SAC,0,0,1633.7803382648904,1605.8610981991596,-27.91924006573062,1560.6283761079756,0.5546854594852514,33.0,-33.0,0.6777821008468294,1.6777821008468294,47
2022-23,2023-01-25,0022200726,MEM,GSW,0,0,1605.8610981991596,1586.6857555644729,-19.175342634686736,1494.056184590453,0.6087651692368589,2.0,-2.0,0.0499583749578799,1.04995837495788,48
2022-23,2023-01-27,0022200737,MEM,MIN,0,0,1586.6857555644729,1564.41740668803,-22.26834887644272,1491.850998962573,0.5852678089698813,11.0,-11.0,0.2682711820216014,1.2682711820216013,49
2022-23,2023-01-29,0022200753,MEM,IND,1,1,1564.41740668803,1575.3492786162487,10.9318719282188,1437.2304021039274,0.7178098258880846,12.0,12.0,0.2913126124515909,1.2913126124515908,50
2022-23,2023-02-01,0022200771,MEM,POR,1,0,1575.3492786162487,1548.8165092806776,-26.532769335571157,1454.4434909626336,0.710428457077971,10.0,-10.0,0.2449186624037091,1.2449186624037092,51
2022-23,2023-02-02,0022200779,MEM,CLE,0,0,1548.8165092806776,1529.759210550268,-19.0572987304094,1536.3232081974136,0.4676554872708101,15.0,-15.0,0.3583573983507859,1.358357398350786,52
2022-23,2023-02-05,0022200805,MEM,TOR,1,0,1529.759210550268,1509.3858192934863,-20.373391256781776,1470.949280570176,0.6318155269720397,3.0,-3.0,0.074859690687499,1.0748596906874992,53
2022-23,2023-02-07,0022200819,MEM,CHI,1,1,1509.3858192934863,1528.7360524886526,19.350233195166336,1526.8908237294395,0.5251560642616365,15.0,15.0,0.3583573983507859,1.358357398350786,54
2022-23,2023-02-10,0022200841,MEM,MIN,1,1,1528.7360524886526,1549.8307223094832,21.094669820830724,1546.07682084795,0.5253918150637459,21.0,21.0,0.4815497983643079,1.481549798364308,55
2022-23,2023-02-12,0022200855,MEM,BOS,0,0,1549.8307223094832,1537.740306365842,-12.090415943641045,1642.8079211250424,0.3237270650356297,10.0,-10.0,0.2449186624037091,1.2449186624037092,56
2022-23,2023-02-15,0022200879,MEM,UTA,1,1,1537.740306365842,1549.81156570205,12.071259336207884,1465.3786492906538,0.6497688633492502,6.0,6.0,0.1488850336233179,1.1488850336233178,57
2022-23,2023-02-23,0022200889,MEM,PHI,0,0,1549.81156570205,1539.5348277929763,-10.276737909073702,1658.1551266065635,0.3046711573346649,5.0,-5.0,0.1243530017715962,1.124353001771596,58
2022-23,2023-02-25,0022200907,MEM,DEN,1,1,1539.5348277929763,1566.9098922414248,27.375064448448494,1675.8058816269486,0.3582510818894803,18.0,18.0,0.4218990052500079,1.4218990052500078,59
2022-23,2023-02-28,0022200927,MEM,LAL,1,1,1566.9098922414248,1582.0169982962332,15.107106054808405,1524.1802104834571,0.6100323059101037,12.0,12.0,0.2913126124515909,1.2913126124515908,60
2022-23,2023-03-01,0022200938,MEM,HOU,0,1,1582.0169982962332,1587.7949487253595,5.777950429126308,1237.5414475026466,0.8558800716955717,14.0,14.0,0.3363755443363322,1.3363755443363323,61
2022-23,2023-03-03,0022200952,MEM,DEN,0,0,1587.7949487253595,1573.5186055801782,-14.27634314518121,1664.2776474023751,0.3448519603664579,16.0,-16.0,0.3799489622552249,1.379948962255225,62
2022-23,2023-03-05,0022200970,MEM,LAC,0,0,1573.5186055801782,1553.3494994922298,-20.16910608794838,1478.747318306896,0.5851791228793851,6.0,-6.0,0.1488850336233179,1.1488850336233178,63
2022-23,2023-03-07,0022200984,MEM,LAL,0,0,1553.3494994922298,1535.3425700695636,-18.006929422666285,1524.2720599885793,0.4914775757804119,9.0,-9.0,0.2212784678984439,1.221278467898444,64
2022-23,2023-03-09,0022200996,MEM,GSW,1,1,1535.3425700695636,1554.654902831271,19.312332761707783,1524.570706065807,0.5654925496929095,21.0,21.0,0.4815497983643079,1.481549798364308,65
2022-23,2023-03-11,0022201010,MEM,DAL,1,1,1554.654902831271,1565.485233707522,10.830330876250674,1465.2859719040343,0.6717090694892149,4.0,4.0,0.0996679946249558,1.099667994624956,66
2022-23,2023-03-13,0022201023,MEM,DAL,0,1,1565.485233707522,1581.7257836534093,16.24054994588729,1454.4556410277837,0.6077016761705529,16.0,16.0,0.3799489622552249,1.379948962255225,67
2022-23,2023-03-15,0022201036,MEM,MIA,0,0,1581.7257836534093,1558.802845921263,-22.922937732146305,1525.9919816583383,0.5298029688543395,19.0,-19.0,0.4422303560457261,1.442230356045726,68
2022-23,2023-03-17,0022201052,MEM,SAS,0,1,1558.802845921263,1565.240690519076,6.437844597812987,1268.2578197489922,0.8132147137034964,6.0,6.0,0.1488850336233179,1.1488850336233178,69
2022-23,2023-03-18,0022201061,MEM,GSW,1,1,1565.240690519076,1580.5649287064991,15.324238187423212,1516.842688937106,0.6177661722817219,14.0,14.0,0.3363755443363322,1.3363755443363323,70
2022-23,2023-03-20,0022201075,MEM,DAL,1,1,1580.5649287064991,1590.5512613445835,9.986332638084503,1470.608207471677,0.6972924953441557,4.0,4.0,0.0996679946249558,1.099667994624956,71
2022-23,2023-03-22,0022201088,MEM,HOU,1,1,1590.5512613445835,1594.9093052752123,4.358043930628544,1294.0912650824905,0.870798467392306,5.0,5.0,0.1243530017715962,1.124353001771596,72
2022-23,2023-03-24,0022201100,MEM,HOU,1,1,1594.9093052752123,1601.320823905506,6.411518630293494,1289.7332211518617,0.8763392058085354,37.0,37.0,0.7282542059818115,1.7282542059818111,73
2022-23,2023-03-26,0022201115,MEM,ATL,0,1,1601.320823905506,1613.8999001083755,12.579076202869889,1482.2349195353263,0.6187007877421522,4.0,4.0,0.0996679946249558,1.099667994624956,74
2022-23,2023-03-28,0022201133,MEM,ORL,1,1,1613.8999001083755,1623.8773946447748,9.977494536398972,1498.2204135042994,0.704200415092714,5.0,5.0,0.1243530017715962,1.124353001771596,75
2022-23,2023-03-29,0022201141,MEM,LAC,1,0,1623.8773946447748,1599.4927244570592,-24.38467018771551,1539.3373087155965,0.6655503727902519,9.0,-9.0,0.2212784678984439,1.221278467898444,76
2022-23,2023-03-31,0022201156,MEM,LAC,1,1,1599.4927244570592,1615.5107215201267,16.01799706306739,1563.721978903312,0.6004616833206564,14.0,14.0,0.3363755443363322,1.3363755443363323,77
2022-23,2023-04-02,0022201165,MEM,CHI,0,0,1615.5107215201267,1590.9922920339266,-24.51842948620009,1544.499709984849,0.5516392252056922,21.0,-21.0,0.4815497983643079,1.481549798364308,78
2022-23,2023-04-04,0022201184,MEM,POR,1,1,1590.9922920339266,1597.2971652859144,6.304873251987776,1349.0791158884474,0.8311837969179924,10.0,10.0,0.2449186624037091,1.2449186624037092,79
2022-23,2023-04-05,0022201194,MEM,NOP,0,0,1597.2971652859144,1577.3015516428409,-19.99561364307345,1514.6771749632326,0.5681047403994055,7.0,-7.0,0.1732351578346601,1.17323515783466,80
2022-23,2023-04-07,0022201208,MEM,MIL,0,1,1577.3015516428409,1609.8273958004183,32.525844157577474,1701.017867762983,0.2862546271173439,23.0,23.0,0.5190218338982221,1.519021833898222,81
2022-23,2023-04-09,0022201226,MEM,OKC,0,0,1609.8273958004183,1584.003473393775,-25.823922406643376,1479.6051927927151,0.633704660202016,15.0,-15.0,0.3583573983507859,1.358357398350786,82
2022-23,2022-10-19,0022200007,MIA,CHI,1,0,1500.0,1480.2361461963153,-19.76385380368467,1500.0,0.550199353253537,8.0,-8.0,0.197375320224904,1.197375320224904,1
2022-23,2022-10-21,0022200022,MIA,BOS,1,0,1480.2361461963153,1462.700620768386,-17.535525427929237,1516.4799553415476,0.4982100223991769,7.0,-7.0,0.1732351578346601,1.17323515783466,2
2022-23,2022-10-22,0022200031,MIA,TOR,1,1,1462.700620768386,1478.8284230423574,16.127802273971344,1497.8063608625014,0.4998478277769222,3.0,3.0,0.074859690687499,1.0748596906874992,3
2022-23,2022-10-24,0022200045,MIA,TOR,1,0,1478.8284230423574,1459.2105383638311,-19.617884678526135,1481.67855858853,0.5461357673226273,8.0,-8.0,0.197375320224904,1.197375320224904,4
2022-23,2022-10-26,0022200065,MIA,POR,0,1,1459.2105383638311,1490.048768711207,30.838230347375703,1566.3252322668216,0.3061718123048719,21.0,21.0,0.4815497983643079,1.481549798364308,5
2022-23,2022-10-27,0022200068,MIA,GSW,0,0,1490.048768711207,1472.3372294580854,-17.711539253121487,1490.4028820226415,0.449296225335842,13.0,-13.0,0.3140209253469976,1.3140209253469977,6
2022-23,2022-10-29,0022200081,MIA,SAC,0,0,1472.3372294580854,1454.889849861707,-17.447379596378312,1433.020510433284,0.5062119384087634,6.0,-6.0,0.1488850336233179,1.1488850336233178,7
2022-23,2022-11-01,0022200104,MIA,GSW,1,1,1454.889849861707,1471.4441994626527,16.554349600945713,1469.251126672062,0.5296666233704684,7.0,7.0,0.1732351578346601,1.17323515783466,8
2022-23,2022-11-02,0022200109,MIA,SAC,1,1,1471.4441994626527,1485.999866580206,14.55566711755335,1472.564698459658,0.5486025682030092,3.0,3.0,0.074859690687499,1.0748596906874992,9
2022-23,2022-11-04,0022200121,MIA,IND,0,0,1485.999866580206,1471.0930952458564,-14.906771334349727,1469.605716077458,0.4732495969962531,2.0,-2.0,0.0499583749578799,1.04995837495788,10
2022-23,2022-11-07,0022200150,MIA,POR,1,0,1471.0930952458564,1456.084039343195,-15.009055902661396,1530.1337452496537,0.4654578339448608,3.0,-3.0,0.074859690687499,1.0748596906874992,11
2022-23,2022-11-10,0022200174,MIA,CHA,1,1,1456.084039343195,1468.536832943939,12.452793600744451,1398.0200953038193,0.6308160165261532,5.0,5.0,0.1243530017715962,1.124353001771596,12
2022-23,2022-11-12,0022200189,MIA,CHA,1,1,1468.536832943939,1482.6798148088203,14.142981864881175,1385.567301703075,0.6635349417298093,17.0,17.0,0.4011342849479459,1.401134284947946,13
2022-23,2022-11-14,0022200202,MIA,PHX,1,1,1482.6798148088203,1499.5757521600513,16.895937351230653,1552.163830896553,0.4505358314293015,1.0,1.0,0.0249947929684206,1.0249947929684209,14
2022-23,2022-11-16,0022200215,MIA,TOR,0,0,1499.5757521600513,1483.6451791916734,-15.9305729683778,1504.014278284091,0.4434859228985819,8.0,-8.0,0.197375320224904,1.197375320224904,15
2022-23,2022-11-18,0022200224,MIA,WAS,0,0,1483.6451791916734,1470.951737892461,-12.69344129921232,1509.8659183689088,0.4127969360199275,1.0,-1.0,0.0249947929684206,1.0249947929684209,16
2022-23,2022-11-20,0022200244,MIA,CLE,0,0,1470.951737892461,1453.2377987366592,-17.713939155801835,1524.1781393674737,0.3756925125937985,26.0,-26.0,0.5716699660851172,1.5716699660851172,17
2022-23,2022-11-21,0022200252,MIA,MIN,0,0,1453.2377987366592,1440.9653155128788,-12.272483223780403,1509.2002336226117,0.3720057109287171,4.0,-4.0,0.0996679946249558,1.099667994624956,18
2022-23,2022-11-23,0022200265,MIA,WAS,1,1,1440.9653155128788,1461.742447801494,20.777132288615167,1530.9018566442055,0.4215923239865292,8.0,8.0,0.197375320224904,1.197375320224904,19
2022-23,2022-11-25,0022200277,MIA,WAS,1,1,1461.742447801494,1478.486046443608,16.743598642114225,1510.1247243555906,0.480750874209305,3.0,3.0,0.074859690687499,1.0748596906874992,20
2022-23,2022-11-27,0022200293,MIA,ATL,0,1,1478.486046443608,1500.910915042038,22.424868598430024,1531.6909484701932,0.3757215408387867,8.0,8.0,0.197375320224904,1.197375320224904,21
2022-23,2022-11-30,0022200314,MIA,BOS,0,0,1500.910915042038,1491.6137657383572,-9.297149303681026,1670.1330408201102,0.2358447805597388,13.0,-13.0,0.3140209253469976,1.3140209253469977,22
2022-23,2022-12-02,0022200328,MIA,BOS,0,1,1491.6137657383572,1517.441598096064,25.827832357706622,1679.4301901237911,0.2171021167616061,4.0,4.0,0.0996679946249558,1.099667994624956,23
2022-23,2022-12-05,0022200357,MIA,MEM,0,0,1517.441598096064,1503.1946036977888,-14.246994398275117,1555.3300499328016,0.3966173389866064,8.0,-8.0,0.197375320224904,1.197375320224904,24
2022-23,2022-12-06,0022200361,MIA,DET,1,0,1503.1946036977888,1471.4643046162985,-31.730299081490585,1371.1953038796394,0.7233870629298679,20.0,-20.0,0.4621171572600097,1.4621171572600098,25
2022-23,2022-12-08,0022200374,MIA,LAC,1,1,1471.4643046162985,1487.1155084924403,15.65120387614204,1481.4099315259843,0.5359937714851388,5.0,5.0,0.1243530017715962,1.124353001771596,26
2022-23,2022-12-10,0022200387,MIA,SAS,1,0,1487.1155084924403,1462.4481958593135,-24.667312633126564,1333.373037246682,0.7477200013609381,4.0,-4.0,0.0996679946249558,1.099667994624956,27
2022-23,2022-12-12,0022200402,MIA,IND,0,1,1462.4481958593135,1482.1259856458057,19.677789786491775,1485.9335731143865,0.4166188686445656,5.0,5.0,0.1243530017715962,1.124353001771596,28
2022-23,2022-12-14,0022200419,MIA,OKC,0,1,1482.1259856458057,1498.1387512512067,16.012765605401235,1452.9369833241012,0.4916380818098749,2.0,2.0,0.0499583749578799,1.04995837495788,29
2022-23,2022-12-15,0022200424,MIA,HOU,0,1,1498.1387512512067,1513.908103089011,15.769351837804502,1455.5189477719996,0.5109640208724003,3.0,3.0,0.074859690687499,1.0748596906874992,30
2022-23,2022-12-17,0022200439,MIA,SAS,0,1,1513.908103089011,1526.705282082111,12.797178993099322,1365.7305071685375,0.6573489931625915,10.0,10.0,0.2449186624037091,1.2449186624037092,31
2022-23,2022-12-20,0022200462,MIA,CHI,1,0,1526.705282082111,1501.1078405100106,-25.59744157210006,1426.4435535761754,0.6853845782630249,10.0,-10.0,0.2449186624037091,1.2449186624037092,32
2022-23,2022-12-23,0022200486,MIA,IND,1,0,1501.1078405100106,1482.5892511877692,-18.51858932224146,1484.0974824366017,0.5742947810672432,3.0,-3.0,0.074859690687499,1.0748596906874992,33
2022-23,2022-12-26,0022200500,MIA,MIN,1,1,1482.5892511877692,1497.0775489871562,14.488297799387116,1482.2435367376618,0.5506918119976464,3.0,3.0,0.074859690687499,1.0748596906874992,34
2022-23,2022-12-28,0022200518,MIA,LAL,1,1,1497.0775489871562,1513.1980062819084,16.12045729475215,1463.155415122451,0.5979060087046152,14.0,14.0,0.3363755443363322,1.3363755443363323,35
2022-23,2022-12-30,0022200535,MIA,DEN,0,0,1513.1980062819084,1501.6323633148431,-11.5656429670653,1591.1967732452051,0.3428829127756674,5.0,-5.0,0.1243530017715962,1.124353001771596,36
2022-23,2022-12-31,0022200546,MIA,UTA,0,1,1501.6323633148431,1517.943469698622,16.311106383778924,1470.6883455831533,0.4941632374564146,3.0,3.0,0.074859690687499,1.0748596906874992,37
2022-23,2023-01-02,0022200560,MIA,LAC,0,1,1517.943469698622,1538.4110762124117,20.46760651378957,1516.4217964462118,0.4519693767443842,10.0,10.0,0.2449186624037091,1.2449186624037092,38
2022-23,2023-01-04,0022200574,MIA,LAL,0,0,1538.4110762124117,1521.2415620484196,-17.16951416399198,1480.825511862061,0.5324575326047147,3.0,-3.0,0.074859690687499,1.0748596906874992,39
2022-23,2023-01-06,0022200589,MIA,PHX,0,1,1521.2415620484196,1537.759398411024,16.517836362604367,1458.2714830016014,0.5401654467734253,8.0,8.0,0.197375320224904,1.197375320224904,40
2022-23,2023-01-08,0022200599,MIA,BKN,1,0,1537.759398411024,1526.6009201887978,-11.158478222226112,1670.543293727953,0.3628791839976334,1.0,-1.0,0.0249947929684206,1.0249947929684209,41
2022-23,2023-01-10,0022200611,MIA,OKC,1,1,1526.6009201887978,1539.1767604394322,12.57584025063436,1497.6354816561206,0.5910275077523633,1.0,1.0,0.0249947929684206,1.0249947929684209,42
2022-23,2023-01-12,0022200628,MIA,MIL,1,1,1539.1767604394322,1555.4460144765185,16.269254037086245,1554.7210635965916,0.5279697689223444,6.0,6.0,0.1488850336233179,1.1488850336233178,43
2022-23,2023-01-14,0022200641,MIA,MIL,1,1,1555.4460144765185,1573.070499847605,17.6244853710866,1538.4518095595054,0.574272047900399,16.0,16.0,0.3799489622552249,1.379948962255225,44
2022-23,2023-01-16,0022200661,MIA,ATL,0,0,1573.070499847605,1551.9712186445815,-21.09928120302364,1476.7259061936843,0.5873758725058891,8.0,-8.0,0.197375320224904,1.197375320224904,45
2022-23,2023-01-18,0022200673,MIA,NOP,0,1,1551.9712186445815,1577.6337663636514,25.66254771906995,1547.8163562994253,0.4557265356205168,26.0,26.0,0.5716699660851172,1.5716699660851172,46
2022-23,2023-01-20,0022200686,MIA,DAL,0,0,1577.6337663636514,1549.639402644067,-27.994363719584143,1472.017697052278,0.600248053504898,25.0,-25.0,0.5545997223493823,1.5545997223493822,47
2022-23,2023-01-22,0022200699,MIA,NOP,1,1,1549.639402644067,1562.152978643343,12.513575999275746,1499.0899933681858,0.6206862416523111,4.0,4.0,0.0996679946249558,1.099667994624956,48
2022-23,2023-01-24,0022200714,MIA,BOS,1,1,1562.152978643343,1580.9149467560808,18.761968112737765,1654.539123911874,0.4181576046532709,3.0,3.0,0.074859690687499,1.0748596906874992,49
2022-23,2023-01-27,0022200738,MIA,ORL,1,1,1580.9149467560808,1591.470192683075,10.555245926994411,1479.2918126695122,0.6870720046591847,5.0,5.0,0.1243530017715962,1.124353001771596,50
2022-23,2023-01-29,0022200752,MIA,CHA,0,0,1591.470192683075,1566.2744432588383,-25.19574942423679,1368.4174468326628,0.7469703134317218,5.0,-5.0,0.1243530017715962,1.124353001771596,51
2022-23,2023-01-31,0022200764,MIA,CLE,0,1,1566.2744432588383,1583.4261616027677,17.151718343929186,1553.4749265413427,0.4680943478009164,3.0,3.0,0.074859690687499,1.0748596906874992,52
2022-23,2023-02-02,0022200780,MIA,NYK,0,0,1583.4261616027677,1565.1660197202673,-18.260141882500157,1492.5614495432403,0.5797100252738647,2.0,-2.0,0.0499583749578799,1.04995837495788,53
2022-23,2023-02-04,0022200797,MIA,MIL,0,0,1565.1660197202673,1551.3761222049638,-13.789897515303474,1612.344861785884,0.3838923708764741,8.0,-8.0,0.197375320224904,1.197375320224904,54
2022-23,2023-02-08,0022200825,MIA,IND,1,1,1551.3761222049638,1560.6367450136163,9.260622808652466,1417.578845185934,0.7254532816040014,5.0,5.0,0.1243530017715962,1.124353001771596,55
2022-23,2023-02-10,0022200840,MIA,HOU,1,1,1560.6367450136163,1564.903214956811,4.266469943194809,1273.6306113320718,0.8645511401546129,2.0,2.0,0.0499583749578799,1.04995837495788,56
2022-23,2023-02-11,0022200848,MIA,ORL,0,1,1564.903214956811,1580.486951094052,15.583736137241008,1510.6892267253986,0.5276229973224518,4.0,4.0,0.0996679946249558,1.099667994624956,57
2022-23,2023-02-13,0022200861,MIA,DEN,1,0,1580.486951094052,1564.8725531177902,-15.614397976261822,1634.053195967554,0.4733064298370996,4.0,-4.0,0.0996679946249558,1.099667994624956,58
2022-23,2023-02-15,0022200878,MIA,BKN,0,0,1564.8725531177902,1545.4042145799829,-19.46833853780728,1521.7573823967923,0.5116765460936386,11.0,-11.0,0.2682711820216014,1.2682711820216013,59
2022-23,2023-02-24,0022200897,MIA,MIL,0,0,1545.4042145799829,1532.7773576202503,-12.626856959732542,1692.2770103908638,0.2598123739082696,29.0,-29.0,0.619996867969374,1.619996867969374,60
2022-23,2023-02-25,0022200904,MIA,CHA,0,0,1532.7773576202503,1510.5713154063696,-22.20604221388055,1383.8384512040568,0.6583354213161234,5.0,-5.0,0.1243530017715962,1.124353001771596,61
2022-23,2023-02-27,0022200920,MIA,PHI,0,1,1510.5713154063696,1533.6218329556814,23.05051754931164,1649.9372201820952,0.2682085277829441,2.0,2.0,0.0499583749578799,1.04995837495788,62
2022-23,2023-03-01,0022200936,MIA,PHI,1,0,1533.6218329556814,1514.6221776885072,-18.999655267174155,1626.8867026327837,0.4169274121714649,23.0,-23.0,0.5190218338982221,1.519021833898222,63
2022-23,2023-03-03,0022200949,MIA,NYK,1,0,1514.6221776885072,1502.8217315276186,-11.800446160888765,1638.6343503895555,0.3746321899463284,2.0,-2.0,0.0499583749578799,1.04995837495788,64
2022-23,2023-03-04,0022200958,MIA,ATL,1,1,1502.8217315276186,1519.4386043072248,16.616872779606087,1511.7790448740998,0.5374084048966666,8.0,8.0,0.197375320224904,1.197375320224904,65
2022-23,2023-03-06,0022200974,MIA,ATL,1,1,1519.4386043072248,1532.526730132956,13.088125825731366,1495.1621720944936,0.5844874699197351,2.0,2.0,0.0499583749578799,1.04995837495788,66
2022-23,2023-03-08,0022200987,MIA,CLE,1,0,1532.526730132956,1517.471975017752,-15.05475511520404,1597.9405621173169,0.4563424351346606,4.0,-4.0,0.0996679946249558,1.099667994624956,67
2022-23,2023-03-10,0022201000,MIA,CLE,1,1,1517.471975017752,1536.8117134589895,19.33973844123744,1612.9953172325208,0.4137703823406174,4.0,4.0,0.0996679946249558,1.099667994624956,68
2022-23,2023-03-11,0022201007,MIA,ORL,0,0,1536.8117134589895,1514.4410974656537,-22.37061599333617,1447.546873987999,0.5774645059511697,12.0,-12.0,0.2913126124515909,1.2913126124515908,69
2022-23,2023-03-13,0022201022,MIA,UTA,1,1,1514.4410974656537,1525.9919816583383,11.550884192685167,1442.0041184611414,0.6498675282253525,4.0,4.0,0.0996679946249558,1.099667994624956,70
2022-23,2023-03-15,0022201036,MIA,MEM,1,1,1525.9919816583383,1548.9149193904848,22.922937732146305,1581.7257836534093,0.4701970311456604,19.0,19.0,0.4422303560457261,1.442230356045726,71
2022-23,2023-03-18,0022201060,MIA,CHI,0,0,1548.9149193904848,1527.7891451766072,-21.12577421387762,1495.175512344049,0.526942053661746,14.0,-14.0,0.3363755443363322,1.3363755443363323,72
2022-23,2023-03-19,0022201066,MIA,DET,0,1,1527.7891451766072,1535.2742949972355,7.485149820628358,1244.5058306909664,0.8067818809983947,12.0,12.0,0.2913126124515909,1.2913126124515908,73
2022-23,2023-03-22,0022201084,MIA,NYK,1,1,1535.2742949972355,1554.9139208708032,19.63962587356757,1610.752449644412,0.4420093947799646,7.0,7.0,0.1732351578346601,1.17323515783466,74
2022-23,2023-03-25,0022201108,MIA,BKN,1,0,1554.9139208708032,1523.088844861553,-31.825076009250065,1478.6693924001113,0.6548382209557809,29.0,-29.0,0.619996867969374,1.619996867969374,75
2022-23,2023-03-28,0022201132,MIA,TOR,0,0,1523.088844861553,1505.5941746598685,-17.494670201684823,1532.5437503133649,0.43637110530865,14.0,-14.0,0.3363755443363322,1.3363755443363323,76
2022-23,2023-03-29,0022201138,MIA,NYK,0,0,1505.5941746598685,1492.6473758896163,-12.946798770251815,1575.5666441237322,0.3533673689924421,9.0,-9.0,0.2212784678984439,1.221278467898444,77
2022-23,2023-04-01,0022201161,MIA,DAL,1,1,1492.6473758896163,1505.1139840572785,12.466608167662056,1423.303512499166,0.6458053589566076,7.0,7.0,0.1732351578346601,1.17323515783466,78
2022-23,2023-04-04,0022201177,MIA,DET,0,1,1505.1139840572785,1511.8938852604613,6.77990120318293,1197.0994033054549,0.8280113334473082,13.0,13.0,0.3140209253469976,1.3140209253469977,79
2022-23,2023-04-06,0022201198,MIA,PHI,0,1,1511.8938852604613,1547.1626764194336,35.26879115897236,1652.123442361002,0.2672338669889079,28.0,28.0,0.6043677771171634,1.6043677771171634,80
2022-23,2023-04-07,0022201204,MIA,WAS,0,0,1547.1626764194336,1524.5500236076832,-22.61265281175044,1399.9665477717017,0.6560753005440809,6.0,-6.0,0.1488850336233179,1.1488850336233178,81
2022-23,2023-04-09,0022201219,MIA,ORL,1,1,1524.5500236076832,1538.9210917764085,14.371068168725037,1463.0256054962815,0.6354429397707898,13.0,13.0,0.3140209253469976,1.3140209253469977,82
2022-23,2022-10-20,0022200015,MIL,PHI,0,1,1500.0,1516.5881014333468,16.588101433346782,1483.5200446584524,0.4733727282597519,2.0,2.0,0.0499583749578799,1.04995837495788,1
2022-23,2022-10-22,0022200033,MIL,HOU,1,1,1516.5881014333468,1533.189091400096,16.600989966749136,1465.4152671211334,0.6215307853565079,20.0,20.0,0.4621171572600097,1.4621171572600098,2
2022-23,2022-10-26,0022200060,MIL,BKN,1,1,1533.189091400096,1547.2710626498688,14.08197124977278,1475.8150604527032,0.6298906351314558,11.0,11.0,0.2682711820216014,1.2682711820216013,3
2022-23,2022-10-28,0022200075,MIL,NYK,1,1,1547.2710626498688,1563.870934031877,16.59987138200793,1537.7560926045232,0.5637139328633688,11.0,11.0,0.2682711820216014,1.2682711820216013,4
2022-23,2022-10-29,0022200085,MIL,ATL,1,1,1563.870934031877,1578.9792499546438,15.108315922767147,1543.22395341921,0.5794046175393766,8.0,8.0,0.197375320224904,1.197375320224904,5
2022-23,2022-10-31,0022200100,MIL,DET,1,1,1578.9792499546438,1587.5411779771837,8.561928022539558,1442.7945719710858,0.7281819855356003,2.0,2.0,0.0499583749578799,1.04995837495788,6
2022-23,2022-11-02,0022200113,MIL,DET,1,1,1587.5411779771837,1599.328999825535,11.787821848351618,1434.2326439485462,0.7472485107927048,25.0,25.0,0.5545997223493823,1.5545997223493822,7
2022-23,2022-11-04,0022200129,MIL,MIN,0,1,1599.328999825535,1615.313759628465,15.984759802930094,1497.8590287202203,0.5945077308235167,13.0,13.0,0.3140209253469976,1.3140209253469977,8
2022-23,2022-11-05,0022200136,MIL,OKC,1,1,1615.313759628465,1627.1833121403563,11.86955251189142,1499.8541446485829,0.7039367024687149,14.0,14.0,0.3363755443363322,1.3363755443363323,9
2022-23,2022-11-07,0022200149,MIL,ATL,0,0,1627.1833121403563,1602.3352977414115,-24.84801439894503,1540.1720770659922,0.5742960153067536,19.0,-19.0,0.4422303560457261,1.442230356045726,10
2022-23,2022-11-09,0022200168,MIL,OKC,0,1,1602.3352977414115,1614.2079097482151,11.872612006803786,1467.297400444401,0.6401152570643844,4.0,4.0,0.0996679946249558,1.099667994624956,11
2022-23,2022-11-11,0022200180,MIL,SAS,0,0,1614.2079097482151,1584.952634518009,-29.25527523020632,1443.5901254633702,0.6858263754361481,18.0,-18.0,0.4218990052500079,1.4218990052500078,12
2022-23,2022-11-14,0022200204,MIL,ATL,1,0,1584.952634518009,1559.9644330316787,-24.988201486330368,1539.9089002385306,0.6131965346937691,15.0,-15.0,0.3583573983507859,1.358357398350786,13
2022-23,2022-11-16,0022200216,MIL,CLE,1,1,1559.9644330316787,1576.6072240737385,16.642791042059486,1530.5909219538887,0.5915951854235639,15.0,15.0,0.3583573983507859,1.358357398350786,14
2022-23,2022-11-18,0022200226,MIL,PHI,0,0,1576.6072240737385,1558.0027510861564,-18.604472987581936,1529.1471974056062,0.5179237362847777,8.0,-8.0,0.197375320224904,1.197375320224904,15
2022-23,2022-11-21,0022200251,MIL,POR,1,1,1558.0027510861564,1572.7432191797943,14.740468093637878,1530.0303869535803,0.5896450109207985,8.0,8.0,0.197375320224904,1.197375320224904,16
2022-23,2022-11-23,0022200267,MIL,CHI,1,0,1572.7432191797943,1549.3890250760933,-23.354194103701097,1466.8158792007805,0.6923743126610848,5.0,-5.0,0.1243530017715962,1.124353001771596,17
2022-23,2022-11-25,0022200280,MIL,CLE,1,1,1549.3890250760933,1569.3084944466798,19.919469370586576,1576.6139772343342,0.5111873258399868,15.0,15.0,0.3583573983507859,1.358357398350786,18
2022-23,2022-11-27,0022200298,MIL,DAL,1,1,1569.3084944466798,1581.9514956199184,12.643001173238549,1492.9977094089563,0.654924422628624,9.0,9.0,0.2212784678984439,1.221278467898444,19
2022-23,2022-11-30,0022200316,MIL,NYK,0,1,1581.9514956199184,1596.2919062532274,14.3404106333089,1488.0719315911135,0.5839325312913002,6.0,6.0,0.1488850336233179,1.1488850336233178,20
2022-23,2022-12-02,0022200331,MIL,LAL,1,0,1596.2919062532274,1572.945502101389,-23.34640415183866,1477.70022467752,0.7076803867456073,4.0,-4.0,0.0996679946249558,1.099667994624956,21
2022-23,2022-12-03,0022200339,MIL,CHA,0,1,1572.945502101389,1585.0914064648496,12.145904363460993,1416.104555234438,0.668492084791509,9.0,9.0,0.2212784678984439,1.221278467898444,22
2022-23,2022-12-05,0022200353,MIL,ORL,0,1,1585.0914064648496,1592.9275357384124,7.836129273562799,1332.8797300764272,0.7773640626310223,7.0,7.0,0.1732351578346601,1.17323515783466,23
2022-23,2022-12-07,0022200369,MIL,SAC,1,1,1592.9275357384124,1609.8802551135814,16.952719375168986,1578.9982272179582,0.5699530845068232,13.0,13.0,0.3140209253469976,1.3140209253469977,24
2022-23,2022-12-09,0022200386,MIL,DAL,0,1,1609.8802551135814,1623.8605065781237,13.980251464542022,1543.2772464445247,0.5453553663411068,1.0,1.0,0.0249947929684206,1.0249947929684209,25
2022-23,2022-12-11,0022200401,MIL,HOU,0,0,1623.8605065781237,1598.8924482967768,-24.968058281346625,1406.9584410855362,0.7402200270438642,5.0,-5.0,0.1243530017715962,1.124353001771596,26
2022-23,2022-12-13,0022200410,MIL,GSW,1,1,1598.8924482967768,1614.4346149919024,15.54216669512551,1541.2520806710618,0.6302479864090276,17.0,17.0,0.4011342849479459,1.401134284947946,27
2022-23,2022-12-15,0022200425,MIL,MEM,0,0,1614.4346149919024,1590.0133618991304,-24.421253092772066,1607.69556941034,0.459418679252724,41.0,-41.0,0.7718952374404182,1.7718952374404182,28
2022-23,2022-12-17,0022200442,MIL,UTA,1,1,1590.0133618991304,1607.0796392067357,17.066277307605354,1526.5356788826618,0.6380436589556213,26.0,26.0,0.5716699660851172,1.5716699660851172,29
2022-23,2022-12-19,0022200457,MIL,NOP,0,1,1607.0796392067357,1625.1619137849182,18.082274578182577,1567.586373668072,0.5064659684235581,9.0,9.0,0.2212784678984439,1.221278467898444,30
2022-23,2022-12-21,0022200466,MIL,CLE,0,0,1625.1619137849182,1607.6580300941775,-17.50388369074053,1598.9992472544145,0.48728479686867,8.0,-8.0,0.197375320224904,1.197375320224904,31
2022-23,2022-12-23,0022200483,MIL,BKN,0,0,1607.6580300941775,1589.493546998173,-18.164483096004204,1624.581967525262,0.425826846795175,18.0,-18.0,0.4218990052500079,1.4218990052500078,32
2022-23,2022-12-25,0022200495,MIL,BOS,0,0,1589.493546998173,1569.1857666553456,-20.307780342827733,1584.5142129401852,0.4569039880906773,21.0,-21.0,0.4815497983643079,1.481549798364308,33
2022-23,2022-12-28,0022200519,MIL,CHI,0,0,1569.1857666553456,1548.4613719139156,-20.72439474142994,1462.8149774465285,0.6012900663080271,6.0,-6.0,0.1488850336233179,1.1488850336233178,34
2022-23,2022-12-30,0022200533,MIL,MIN,1,1,1548.4613719139156,1560.4768106058764,12.015438691960746,1458.8214358574337,0.6720529890659931,9.0,9.0,0.2212784678984439,1.221278467898444,35
2022-23,2023-01-01,0022200548,MIL,WAS,1,0,1560.4768106058764,1530.6444603593004,-29.83235024657596,1484.3850033658698,0.6546394875272696,23.0,-23.0,0.5190218338982221,1.519021833898222,36
2022-23,2023-01-03,0022200561,MIL,WAS,1,1,1530.6444603593004,1546.574175273979,15.929714914678726,1514.2173536124458,0.5734737431514502,10.0,10.0,0.2449186624037091,1.2449186624037092,37
2022-23,2023-01-04,0022200569,MIL,TOR,0,1,1546.574175273979,1559.488811751943,12.914636477964118,1441.503935300937,0.5994938815470359,3.0,3.0,0.074859690687499,1.0748596906874992,38
2022-23,2023-01-06,0022200583,MIL,CHA,1,0,1559.488811751943,1519.5929416777285,-39.895870074215,1330.005906141004,0.8209042635212721,29.0,-29.0,0.619996867969374,1.619996867969374,39
2022-23,2023-01-09,0022200607,MIL,NYK,0,1,1519.5929416777285,1539.2935448692697,19.70060319154148,1552.9821226431973,0.4028317853559546,4.0,4.0,0.0996679946249558,1.099667994624956,40
2022-23,2023-01-11,0022200620,MIL,ATL,0,1,1539.2935448692697,1554.7210635965916,15.427518727321951,1448.9888690097555,0.5789243503744244,9.0,9.0,0.2212784678984439,1.221278467898444,41
2022-23,2023-01-12,0022200628,MIL,MIA,0,0,1554.7210635965916,1538.4518095595054,-16.269254037086245,1539.1767604394322,0.4720302310776556,6.0,-6.0,0.1488850336233179,1.1488850336233178,42
2022-23,2023-01-14,0022200641,MIL,MIA,0,0,1538.4518095595054,1520.8273241884187,-17.6244853710866,1555.4460144765185,0.425727952099601,16.0,-16.0,0.3799489622552249,1.379948962255225,43
2022-23,2023-01-16,0022200657,MIL,IND,1,1,1520.8273241884187,1537.6640106541186,16.83668646569971,1504.8100794988045,0.57289654117054,13.0,13.0,0.3140209253469976,1.3140209253469977,44
2022-23,2023-01-17,0022200665,MIL,TOR,1,1,1537.6640106541186,1550.119882446098,12.45587179197952,1462.6425679196989,0.6532451275834458,8.0,8.0,0.197375320224904,1.197375320224904,45
2022-23,2023-01-21,0022200695,MIL,CLE,0,0,1550.119882446098,1532.1629173752474,-17.956965070850618,1540.505098272753,0.4635326075111239,12.0,-12.0,0.2913126124515909,1.2913126124515908,46
2022-23,2023-01-23,0022200706,MIL,DET,0,1,1532.1629173752474,1544.4986713504757,12.335753975228329,1334.1519466170537,0.7187695957656046,20.0,20.0,0.4621171572600097,1.4621171572600098,47
2022-23,2023-01-25,0022200723,MIL,DEN,1,1,1544.4986713504757,1567.3365948174023,22.83792346692655,1676.2739168380715,0.3642226437227471,8.0,8.0,0.197375320224904,1.197375320224904,48
2022-23,2023-01-27,0022200736,MIL,IND,0,1,1567.3365948174023,1581.7496601356345,14.413065318232038,1451.6434674221591,0.6140828110969901,10.0,10.0,0.2449186624037091,1.2449186624037092,49
2022-23,2023-01-29,0022200755,MIL,NOP,1,1,1581.7496601356345,1594.090071160868,12.340411025233696,1439.176115795045,0.7354000336801745,25.0,25.0,0.5545997223493823,1.5545997223493822,50
2022-23,2023-01-31,0022200767,MIL,CHA,1,1,1594.090071160868,1601.5998487264153,7.509777565547327,1393.6131962568995,0.7950296141040345,9.0,9.0,0.2212784678984439,1.221278467898444,51
2022-23,2023-02-02,0022200784,MIL,LAC,1,1,1601.5998487264153,1612.344861785884,10.745013059468652,1528.6286754106975,0.6505669058620054,1.0,1.0,0.0249947929684206,1.0249947929684209,52
2022-23,2023-02-04,0022200797,MIL,MIA,1,1,1612.344861785884,1626.1347593011874,13.789897515303474,1565.1660197202673,0.6161076291235259,8.0,8.0,0.197375320224904,1.197375320224904,53
2022-23,2023-02-06,0022200815,MIL,POR,0,1,1626.1347593011874,1641.498390079163,15.36363077797574,1487.470201681315,0.6449103821828808,19.0,19.0,0.4422303560457261,1.442230356045726,54
2022-23,2023-02-09,0022200834,MIL,LAL,0,1,1641.498390079163,1653.1754226340752,11.67703255491212,1474.5243570044445,0.6812893793445332,9.0,9.0,0.2212784678984439,1.221278467898444,55
2022-23,2023-02-10,0022200845,MIL,LAC,0,1,1653.1754226340752,1668.335976200128,15.160553566052773,1536.5045964339156,0.615415724523837,13.0,13.0,0.3140209253469976,1.3140209253469977,56
2022-23,2023-02-14,0022200869,MIL,BOS,1,1,1668.335976200128,1683.1821249815705,14.84614878144239,1654.8983370686835,0.5692592282385567,6.0,6.0,0.1488850336233179,1.1488850336233178,57
2022-23,2023-02-16,0022200883,MIL,CHI,0,1,1683.1821249815705,1692.2770103908638,9.094885409293193,1442.9234069534607,0.7652289274857487,12.0,12.0,0.2913126124515909,1.2913126124515908,58
2022-23,2023-02-24,0022200897,MIL,MIA,1,1,1692.2770103908638,1704.9038673505963,12.626856959732542,1545.4042145799829,0.7401876260917304,29.0,29.0,0.619996867969374,1.619996867969374,59
2022-23,2023-02-26,0022200910,MIL,PHX,1,1,1704.9038673505963,1712.8702130196095,7.966345669013114,1546.31202377238,0.7529492845118014,3.0,3.0,0.074859690687499,1.0748596906874992,60
2022-23,2023-02-28,0022200924,MIL,BKN,0,1,1712.8702130196095,1723.2052777872425,10.335064767632913,1494.164497312952,0.7422115659171368,14.0,14.0,0.3363755443363322,1.3363755443363323,61
2022-23,2023-03-01,0022200939,MIL,ORL,1,1,1723.2052777872425,1731.2330616198212,8.0277838325787,1492.820039657165,0.8216666510562818,22.0,22.0,0.5005202111902353,1.5005202111902354,62
2022-23,2023-03-04,0022200960,MIL,PHI,1,0,1731.2330616198212,1708.7436411060503,-22.489420513770916,1621.1570641126227,0.6974374022525144,3.0,-3.0,0.074859690687499,1.0748596906874992,63
2022-23,2023-03-05,0022200973,MIL,WAS,0,1,1708.7436411060503,1718.5284881142834,9.78484700823314,1513.0152010829554,0.7161060006914125,6.0,6.0,0.1488850336233179,1.1488850336233178,64
2022-23,2023-03-07,0022200978,MIL,ORL,0,1,1718.5284881142834,1727.5020291771002,8.973541062816908,1479.3085639612088,0.7641529353758227,11.0,11.0,0.2682711820216014,1.2682711820216013,65
2022-23,2023-03-09,0022200995,MIL,BKN,1,1,1727.5020291771002,1734.318751393013,6.816722215912804,1523.941821677064,0.7979068197392344,5.0,5.0,0.1243530017715962,1.124353001771596,66
2022-23,2023-03-11,0022201012,MIL,GSW,0,0,1734.318751393013,1706.7135598035118,-27.60519158950114,1505.2583733040992,0.7534506479646612,9.0,-9.0,0.2212784678984439,1.221278467898444,67
2022-23,2023-03-13,0022201026,MIL,SAC,0,1,1706.7135598035118,1722.1887905841088,15.475230780596986,1617.3365090054403,0.5776221070141764,9.0,9.0,0.2212784678984439,1.221278467898444,68
2022-23,2023-03-14,0022201033,MIL,PHX,0,1,1722.1887905841088,1734.9665251708827,12.777734586773944,1564.0374610430592,0.670161599818057,12.0,12.0,0.2913126124515909,1.2913126124515908,69
2022-23,2023-03-16,0022201045,MIL,IND,1,0,1734.9665251708827,1697.9620699903826,-37.00445518050004,1399.8094815524123,0.893860478241271,16.0,-16.0,0.3799489622552249,1.379948962255225,70
2022-23,2023-03-19,0022201068,MIL,TOR,1,1,1697.9620699903826,1706.9538823372257,8.991812346843032,1547.145691498935,0.7445294097891835,7.0,7.0,0.1732351578346601,1.17323515783466,71
2022-23,2023-03-22,0022201089,MIL,SAS,1,1,1706.9538823372257,1710.2325253898298,3.2786430526041817,1274.9756287318278,0.9363233482654152,36.0,36.0,0.7162978701990245,1.7162978701990244,72
2022-23,2023-03-24,0022201102,MIL,UTA,0,1,1710.2325253898298,1720.6046682941644,10.372142904334556,1450.772232660653,0.7845019690981344,28.0,28.0,0.6043677771171634,1.6043677771171634,73
2022-23,2023-03-25,0022201109,MIL,DEN,0,0,1720.6046682941644,1692.0574403033688,-28.547227990795555,1595.7978882442426,0.6264388339421391,23.0,-23.0,0.5190218338982221,1.519021833898222,74
2022-23,2023-03-27,0022201122,MIL,DET,0,1,1692.0574403033688,1694.8414246443906,2.7839843410218132,1223.0782625891025,0.9240144811578082,9.0,9.0,0.2212784678984439,1.221278467898444,75
2022-23,2023-03-29,0022201136,MIL,IND,0,1,1694.8414246443906,1701.4893867110463,6.647962066655782,1382.712130573964,0.8313582902063188,13.0,13.0,0.3140209253469976,1.3140209253469977,76
2022-23,2023-03-30,0022201146,MIL,BOS,1,0,1701.4893867110463,1665.518762561424,-35.97062414962236,1608.1824751542135,0.6766883163586189,41.0,-41.0,0.7718952374404182,1.7718952374404182,77
2022-23,2023-04-02,0022201174,MIL,PHI,1,1,1665.518762561424,1682.6308505080708,17.11208794664679,1654.4515060649544,0.5659103134873862,13.0,13.0,0.3140209253469976,1.3140209253469977,78
2022-23,2023-04-04,0022201179,MIL,WAS,0,1,1682.6308505080708,1690.925299128778,8.294448620707348,1421.7398684952182,0.7858910243544068,12.0,12.0,0.2913126124515909,1.2913126124515908,79
2022-23,2023-04-05,0022201193,MIL,CHI,1,1,1690.925299128778,1701.017867762983,10.092568634205296,1540.612654460649,0.7439774755606189,13.0,13.0,0.3140209253469976,1.3140209253469977,80
2022-23,2023-04-07,0022201208,MIL,MEM,1,0,1701.017867762983,1668.4920236054058,-32.525844157577474,1577.3015516428409,0.713745372882656,23.0,-23.0,0.5190218338982221,1.519021833898222,81
2022-23,2023-04-09,0022201221,MIL,TOR,0,0,1668.4920236054058,1642.5467066883211,-25.945316917084806,1543.4752616629503,0.6267216548521923,16.0,-16.0,0.3799489622552249,1.379948962255225,82
2022-23,2022-10-19,0022200010,MIN,OKC,1,1,1500.0,1515.8316579833916,15.83165798339156,1500.0,0.550199353253537,7.0,7.0,0.1732351578346601,1.17323515783466,1
2022-23,2022-10-21,0022200025,MIN,UTA,1,0,1515.8316579833916,1497.0727015667526,-18.75895641663903,1519.9920617247408,0.5442655521843244,6.0,-6.0,0.1488850336233179,1.1488850336233178,2
2022-23,2022-10-23,0022200041,MIN,OKC,0,1,1497.0727015667526,1516.1601507331045,19.087449166352,1469.770496465221,0.4889237949758195,10.0,10.0,0.2449186624037091,1.2449186624037092,3
2022-23,2022-10-24,0022200050,MIN,SAS,1,0,1516.1601507331045,1495.7167625608483,-20.44338817225627,1510.6910155326125,0.5579777997569745,9.0,-9.0,0.2212784678984439,1.221278467898444,4
2022-23,2022-10-26,0022200062,MIN,SAS,1,1,1495.7167625608483,1515.1097354168603,19.392972856012054,1531.1344037048684,0.4993989663692153,12.0,12.0,0.2913126124515909,1.2913126124515908,5
2022-23,2022-10-28,0022200076,MIN,LAL,1,1,1515.1097354168603,1527.5743045629956,12.464569146135286,1435.0427825807712,0.6597945111408781,9.0,9.0,0.2212784678984439,1.221278467898444,6
2022-23,2022-10-30,0022200092,MIN,SAS,0,0,1527.5743045629956,1511.071594251789,-16.50271031120655,1527.1384014438345,0.4504217163948461,9.0,-9.0,0.2212784678984439,1.221278467898444,7
2022-23,2022-11-01,0022200106,MIN,PHX,0,0,1511.071594251789,1497.8590287202203,-13.212565531568504,1575.554419733331,0.360621154494068,9.0,-9.0,0.2212784678984439,1.221278467898444,8
2022-23,2022-11-04,0022200129,MIN,MIL,1,0,1497.8590287202203,1481.8742689172905,-15.984759802930094,1599.328999825535,0.4054922691764833,13.0,-13.0,0.3140209253469976,1.3140209253469977,9
2022-23,2022-11-05,0022200137,MIN,HOU,1,1,1481.8742689172905,1494.981239304154,13.106970386863384,1400.359433381151,0.6616628625147695,12.0,12.0,0.2913126124515909,1.2913126124515908,10
2022-23,2022-11-07,0022200153,MIN,NYK,1,0,1494.981239304154,1472.5130259512362,-22.468213352917715,1481.046447754086,0.5699608207528979,13.0,-13.0,0.3140209253469976,1.3140209253469977,11
2022-23,2022-11-09,0022200167,MIN,PHX,1,0,1472.5130259512362,1456.258661428713,-16.254364522523264,1563.882291696442,0.4195824818299659,12.0,-12.0,0.2913126124515909,1.2913126124515908,12
2022-23,2022-11-11,0022200181,MIN,MEM,0,0,1456.258661428713,1444.1145428546663,-12.144118574046344,1552.8591076443329,0.3191777580430088,11.0,-11.0,0.2682711820216014,1.2682711820216013,13
2022-23,2022-11-13,0022200193,MIN,CLE,0,1,1444.1145428546663,1467.636328621675,23.52178576700829,1554.112707720897,0.3026571509734638,5.0,5.0,0.1243530017715962,1.124353001771596,14
2022-23,2022-11-16,0022200212,MIN,ORL,0,1,1467.636328621675,1488.82165764227,21.185329020595244,1430.3043179035074,0.503355982800145,18.0,18.0,0.4218990052500079,1.4218990052500078,15
2022-23,2022-11-19,0022200237,MIN,PHI,0,1,1488.82165764227,1509.2002336226117,20.3785759803416,1547.751670393188,0.3680236854199048,3.0,3.0,0.074859690687499,1.0748596906874992,16
2022-23,2022-11-21,0022200252,MIN,MIA,1,1,1509.2002336226117,1521.472716846392,12.272483223780403,1453.2377987366592,0.6279942890712829,4.0,4.0,0.0996679946249558,1.099667994624956,17
2022-23,2022-11-23,0022200262,MIN,IND,0,1,1521.472716846392,1545.5516133824062,24.078896536014067,1557.3451045889003,0.3993979552114579,14.0,14.0,0.3363755443363322,1.3363755443363323,18
2022-23,2022-11-25,0022200272,MIN,CHA,0,0,1545.5516133824062,1524.352163439131,-21.199449943275443,1385.1448818001568,0.6730250915621894,2.0,-2.0,0.0499583749578799,1.04995837495788,19
2022-23,2022-11-27,0022200291,MIN,GSW,1,0,1524.352163439131,1498.7004178416216,-25.651745597509255,1515.4116164570337,0.5629005242072991,23.0,-23.0,0.5190218338982221,1.519021833898222,20
2022-23,2022-11-28,0022200300,MIN,WAS,0,0,1498.7004178416216,1479.5358988459604,-19.164518995661194,1484.3717508432765,0.4702866128096894,15.0,-15.0,0.3583573983507859,1.358357398350786,21
2022-23,2022-11-30,0022200317,MIN,MEM,1,1,1479.5358988459604,1499.1074466161149,19.571547770154137,1545.7819266661932,0.4551541904594571,8.0,8.0,0.197375320224904,1.197375320224904,22
2022-23,2022-12-03,0022200341,MIN,OKC,1,0,1499.1074466161149,1477.3896055269297,-21.71784108918525,1451.2466089768425,0.6170357506522964,7.0,-7.0,0.1732351578346601,1.17323515783466,23
2022-23,2022-12-07,0022200370,MIN,IND,1,1,1477.3896055269297,1494.1720599992534,16.7824544723239,1503.29864579563,0.5130799577802861,6.0,6.0,0.1488850336233179,1.1488850336233178,24
2022-23,2022-12-09,0022200385,MIN,UTA,0,1,1494.1720599992534,1515.6706790679852,21.49861906873194,1512.1361885054407,0.4243634887433246,10.0,10.0,0.2449186624037091,1.2449186624037092,25
2022-23,2022-12-10,0022200394,MIN,POR,0,0,1515.6706790679852,1498.6212547650805,-17.04942430290503,1484.377395955673,0.4946658079771796,6.0,-6.0,0.1488850336233179,1.1488850336233178,26
2022-23,2022-12-12,0022200407,MIN,POR,0,0,1498.6212547650805,1478.8066905994551,-19.81456416562508,1501.4268202585777,0.445807135822708,21.0,-21.0,0.4815497983643079,1.481549798364308,27
2022-23,2022-12-14,0022200423,MIN,LAC,0,0,1478.8066905994551,1463.5714173244555,-15.235273274999711,1513.9385019247372,0.4004210217017615,11.0,-11.0,0.2682711820216014,1.2682711820216013,28
2022-23,2022-12-16,0022200435,MIN,OKC,0,1,1463.5714173244555,1479.6993553569614,16.127938032505956,1436.9242177187,0.4879816693319567,2.0,2.0,0.0499583749578799,1.04995837495788,29
2022-23,2022-12-18,0022200449,MIN,CHI,1,1,1479.6993553569614,1498.1865126899002,18.487157332938665,1444.9307109091142,0.5990769647278331,24.0,24.0,0.5370495669980352,1.5370495669980353,30
2022-23,2022-12-19,0022200456,MIN,DAL,1,1,1498.1865126899002,1515.4459444769818,17.259431787081596,1506.8213226824796,0.5378698944139102,10.0,10.0,0.2449186624037091,1.2449186624037092,31
2022-23,2022-12-21,0022200473,MIN,DAL,1,0,1515.4459444769818,1495.6550876608812,-19.79085681610054,1489.561890895398,0.5867331933688948,5.0,-5.0,0.1243530017715962,1.124353001771596,32
2022-23,2022-12-23,0022200482,MIN,BOS,0,0,1495.6550876608812,1482.2435367376618,-13.411550923219414,1571.1026620169655,0.3461994354658302,12.0,-12.0,0.2913126124515909,1.2913126124515908,33
2022-23,2022-12-26,0022200500,MIN,MIA,0,0,1482.2435367376618,1467.7552389382747,-14.488297799387116,1482.5892511877692,0.4493081880023536,3.0,-3.0,0.074859690687499,1.0748596906874992,34
2022-23,2022-12-28,0022200520,MIN,NOP,0,0,1467.7552389382747,1458.8214358574337,-8.933803080840908,1587.8510628616064,0.2905316574005319,1.0,-1.0,0.0249947929684206,1.0249947929684209,35
2022-23,2022-12-30,0022200533,MIN,MIL,0,0,1458.8214358574337,1446.805997165473,-12.015438691960746,1548.4613719139156,0.3279470109340069,9.0,-9.0,0.2212784678984439,1.221278467898444,36
2022-23,2022-12-31,0022200544,MIN,DET,1,0,1446.805997165473,1419.900428304329,-26.90556886114396,1339.1189553613735,0.6945276354644813,12.0,-12.0,0.2913126124515909,1.2913126124515908,37
2022-23,2023-01-02,0022200557,MIN,DEN,1,1,1419.900428304329,1448.3975965703746,28.497168266045815,1621.4770299702222,0.277100089850282,13.0,13.0,0.3140209253469976,1.3140209253469977,38
2022-23,2023-01-04,0022200571,MIN,POR,1,1,1448.3975965703746,1466.5178526282214,18.120256057846714,1493.7007453587264,0.4851769219255889,7.0,7.0,0.1732351578346601,1.17323515783466,39
2022-23,2023-01-06,0022200587,MIN,LAC,1,1,1466.5178526282214,1485.0193333339396,18.50148070571816,1480.1828583304418,0.5306649904672709,13.0,13.0,0.3140209253469976,1.3140209253469977,40
2022-23,2023-01-08,0022200601,MIN,HOU,0,1,1485.0193333339396,1496.848104946363,11.82877161242341,1326.442531478773,0.6707027609298645,8.0,8.0,0.197375320224904,1.197375320224904,41
2022-23,2023-01-11,0022200618,MIN,DET,0,0,1496.848104946363,1468.8209631934913,-28.027141752871795,1341.353228391567,0.6667726772982134,17.0,-17.0,0.4011342849479459,1.401134284947946,42
2022-23,2023-01-13,0022200637,MIN,PHX,1,1,1468.8209631934913,1482.68861609096,13.867652897468798,1441.4047609299223,0.5888701361103345,5.0,5.0,0.1243530017715962,1.124353001771596,43
2022-23,2023-01-14,0022200645,MIN,CLE,1,1,1482.68861609096,1503.669052414401,20.980436323440816,1576.6646108082498,0.4159326105730423,8.0,8.0,0.197375320224904,1.197375320224904,44
2022-23,2023-01-16,0022200662,MIN,UTA,1,0,1503.669052414401,1484.8563442325426,-18.812708181858397,1459.6485758746996,0.611798495983124,1.0,-1.0,0.0249947929684206,1.0249947929684209,45
2022-23,2023-01-18,0022200676,MIN,DEN,0,0,1484.8563442325426,1477.71767237586,-7.138671856682581,1673.4027884258526,0.216388700698015,4.0,-4.0,0.0996679946249558,1.099667994624956,46
2022-23,2023-01-19,0022200680,MIN,TOR,1,1,1477.71767237586,1490.662711603955,12.945039228094885,1450.1866961277194,0.5890300816730255,2.0,2.0,0.0499583749578799,1.04995837495788,47
2022-23,2023-01-21,0022200696,MIN,HOU,1,1,1490.662711603955,1497.2508400023344,6.588128398379558,1262.0284385461755,0.8201849244719128,9.0,9.0,0.2212784678984439,1.221278467898444,48
2022-23,2023-01-23,0022200709,MIN,HOU,0,0,1497.2508400023344,1471.3852129887705,-25.86562701356411,1255.440310147796,0.7668299597726788,5.0,-5.0,0.1243530017715962,1.124353001771596,49
2022-23,2023-01-25,0022200724,MIN,NOP,0,1,1471.3852129887705,1491.850998962573,20.465785973802703,1477.2849891888611,0.4414108790705777,9.0,9.0,0.2212784678984439,1.221278467898444,50
2022-23,2023-01-27,0022200737,MIN,MEM,1,1,1491.850998962573,1514.1193478390155,22.26834887644272,1586.6857555644729,0.4147321910301187,11.0,11.0,0.2682711820216014,1.2682711820216013,51
2022-23,2023-01-28,0022200746,MIN,SAC,1,1,1514.1193478390155,1532.1368093237363,18.01746148472085,1557.3916379343543,0.4880974666671785,7.0,7.0,0.1732351578346601,1.17323515783466,52
2022-23,2023-01-30,0022200758,MIN,SAC,1,0,1532.1368093237363,1513.1350169154396,-19.001792408296986,1539.3741764496335,0.5398688200288556,7.0,-7.0,0.1732351578346601,1.17323515783466,53
2022-23,2023-02-01,0022200774,MIN,GSW,1,1,1513.1350169154396,1530.1501402086449,17.01512329320537,1551.221653762202,0.4955580893664965,5.0,5.0,0.1243530017715962,1.124353001771596,54
2022-23,2023-02-03,0022200790,MIN,ORL,1,0,1530.1501402086449,1507.7204657262407,-22.429674482404188,1467.2616691812714,0.6372599824403695,7.0,-7.0,0.1732351578346601,1.17323515783466,55
2022-23,2023-02-05,0022200806,MIN,DEN,1,1,1507.7204657262407,1540.8339637102802,33.11349798403948,1669.7165856945153,0.3249646984617846,30.0,30.0,0.6351489523872873,1.6351489523872873,56
2022-23,2023-02-07,0022200820,MIN,DEN,0,0,1540.8339637102802,1524.588608980898,-16.245354729382242,1636.6030877104758,0.3202185563472092,34.0,-34.0,0.6910694698329306,1.6910694698329305,57
2022-23,2023-02-08,0022200828,MIN,UTA,0,1,1524.588608980898,1546.07682084795,21.488211867051856,1462.2550451289576,0.5392552059514953,25.0,25.0,0.5545997223493823,1.5545997223493822,58
2022-23,2023-02-10,0022200841,MIN,MEM,0,0,1546.07682084795,1524.9821510271192,-21.094669820830724,1528.7360524886526,0.4746081849362541,21.0,-21.0,0.4815497983643079,1.481549798364308,59
2022-23,2023-02-13,0022200865,MIN,DAL,0,1,1524.9821510271192,1542.4714647948724,17.489313767753124,1519.49818519833,0.4576249061690197,3.0,3.0,0.074859690687499,1.0748596906874992,60
2022-23,2023-02-16,0022200884,MIN,WAS,1,0,1542.4714647948724,1521.4226931944895,-21.048771600382864,1517.134213492964,0.5859697524757527,8.0,-8.0,0.197375320224904,1.197375320224904,61
2022-23,2023-02-24,0022200898,MIN,CHA,1,0,1521.4226931944895,1494.136518516683,-27.28617467780636,1356.5522765262504,0.7596107423995002,8.0,-8.0,0.197375320224904,1.197375320224904,62
2022-23,2023-02-26,0022200916,MIN,GSW,0,0,1494.136518516683,1479.3587412329366,-14.777777283746492,1502.362340644839,0.4381120300730513,5.0,-5.0,0.1243530017715962,1.124353001771596,63
2022-23,2023-02-28,0022200932,MIN,LAC,0,1,1479.3587412329366,1501.1988922674475,21.840151034511077,1529.7786782494177,0.3794892442301854,7.0,7.0,0.1732351578346601,1.17323515783466,64
2022-23,2023-03-03,0022200955,MIN,LAL,0,1,1501.1988922674475,1522.2286183804383,21.02972611299092,1526.1565698342836,0.4145604485138686,8.0,8.0,0.197375320224904,1.197375320224904,65
2022-23,2023-03-04,0022200961,MIN,SAC,0,1,1522.2286183804383,1543.417726629236,21.189108248797215,1588.9071731374358,0.3577119532935695,4.0,4.0,0.0996679946249558,1.099667994624956,66
2022-23,2023-03-07,0022200980,MIN,PHI,1,0,1543.417726629236,1525.385449237031,-18.032277392204733,1651.9728352013517,0.395699324170323,23.0,-23.0,0.5190218338982221,1.519021833898222,67
2022-23,2023-03-10,0022201001,MIN,BKN,1,0,1525.385449237031,1508.1059774245052,-17.27947181252572,1517.1250994611512,0.5619368973405146,1.0,-1.0,0.0249947929684206,1.0249947929684209,68
2022-23,2023-03-13,0022201021,MIN,ATL,0,1,1508.1059774245052,1532.308433145565,24.202455721059827,1504.130891609899,0.4554698566825015,21.0,21.0,0.4815497983643079,1.481549798364308,69
2022-23,2023-03-15,0022201039,MIN,BOS,1,0,1532.308433145565,1517.9051943717443,-14.40323877382062,1597.0772186868433,0.4572638026213315,2.0,-2.0,0.0499583749578799,1.04995837495788,70
2022-23,2023-03-17,0022201050,MIN,CHI,0,0,1517.9051943717443,1499.6344017825056,-18.27079258923868,1476.9047197548102,0.5086345186460794,8.0,-8.0,0.197375320224904,1.197375320224904,71
2022-23,2023-03-18,0022201058,MIN,TOR,0,0,1499.6344017825056,1483.081352778096,-16.55304900440965,1530.5926424945255,0.4062025949995954,15.0,-15.0,0.3583573983507859,1.358357398350786,72
2022-23,2023-03-20,0022201073,MIN,NYK,0,1,1483.081352778096,1508.8410108125663,25.75965803447036,1636.512107678882,0.252618632251063,6.0,6.0,0.1488850336233179,1.1488850336233178,73
2022-23,2023-03-22,0022201090,MIN,ATL,1,1,1508.8410108125663,1521.39945587853,12.558445065963772,1479.4689217249177,0.5915932076885946,1.0,1.0,0.0249947929684206,1.0249947929684209,74
2022-23,2023-03-26,0022201121,MIN,GSW,0,1,1521.39945587853,1540.5623404724124,19.162884593882342,1552.7021194360266,0.4057244630808378,3.0,3.0,0.074859690687499,1.0748596906874992,75
2022-23,2023-03-27,0022201128,MIN,SAC,0,1,1540.5623404724124,1561.95490440663,21.39256393421765,1611.9220843616492,0.351544768094191,4.0,4.0,0.0996679946249558,1.099667994624956,76
2022-23,2023-03-29,0022201144,MIN,PHX,0,0,1561.95490440663,1545.95431495786,-16.000589448769823,1558.589018751701,0.4546002376966139,7.0,-7.0,0.1732351578346601,1.17323515783466,77
2022-23,2023-03-31,0022201157,MIN,LAL,1,0,1545.95431495786,1525.210686818046,-20.743628139814017,1556.2684103270929,0.5354662106291906,12.0,-12.0,0.2913126124515909,1.2913126124515908,78
2022-23,2023-04-02,0022201166,MIN,POR,1,0,1525.210686818046,1500.147047514679,-25.06363930336747,1324.01547658508,0.7957026329535181,2.0,-2.0,0.0499583749578799,1.04995837495788,79
2022-23,2023-04-04,0022201180,MIN,BKN,0,1,1500.147047514679,1519.9502381595871,19.803190644908497,1526.2931027224256,0.4129011495587409,5.0,5.0,0.1243530017715962,1.124353001771596,80
2022-23,2023-04-08,0022201214,MIN,SAS,0,1,1519.9502381595871,1530.4888293847675,10.538591225180417,1284.9555974507975,0.7597412954027658,20.0,20.0,0.4621171572600097,1.4621171572600098,81
2022-23,2023-04-09,0022201225,MIN,NOP,1,1,1530.4888293847675,1546.878544931932,16.389715547164624,1555.688997745836,0.5140993525064331,5.0,5.0,0.1243530017715962,1.124353001771596,82
2022-23,2022-10-19,0022200006,NOP,BKN,0,1,1500.0,1524.7675574922218,24.767557492221847,1500.0,0.449800646746463,22.0,22.0,0.5005202111902353,1.5005202111902354,1
2022-23,2022-10-21,0022200017,NOP,CHA,0,1,1524.7675574922218,1546.1618295379508,21.394272045728897,1526.2157764700755,0.4477383751635655,12.0,12.0,0.2913126124515909,1.2913126124515908,2
2022-23,2022-10-23,0022200040,NOP,UTA,1,0,1546.1618295379508,1528.9193862610691,-17.24244327688141,1538.7510181413795,0.5607327112022586,1.0,-1.0,0.0249947929684206,1.0249947929684209,3
2022-23,2022-10-25,0022200053,NOP,DAL,1,1,1528.9193862610691,1542.389666702167,13.470280441097636,1513.2864848592262,0.5723550964059883,2.0,2.0,0.0499583749578799,1.04995837495788,4
2022-23,2022-10-28,0022200079,NOP,PHX,0,0,1542.389666702167,1524.8737699309804,-17.5158967711865,1546.2318854860555,0.4443332784461055,13.0,-13.0,0.3140209253469976,1.3140209253469977,5
2022-23,2022-10-30,0022200088,NOP,LAC,0,1,1524.8737699309804,1545.8464771917884,20.972707260807898,1470.302306410886,0.5281358461262966,21.0,21.0,0.4815497983643079,1.481549798364308,6
2022-23,2022-11-02,0022200117,NOP,LAL,0,0,1545.8464771917884,1526.7302989631432,-19.116178228645044,1445.5868121924575,0.5928270884800477,3.0,-3.0,0.074859690687499,1.0748596906874992,7
2022-23,2022-11-04,0022200128,NOP,GSW,1,1,1526.7302989631432,1538.772501274109,12.042202310965717,1437.6658012601786,0.6713225081339628,9.0,9.0,0.2212784678984439,1.221278467898444,8
2022-23,2022-11-05,0022200134,NOP,ATL,0,0,1538.772501274109,1523.635054090989,-15.137447183119914,1525.0346298828722,0.4694394786057374,3.0,-3.0,0.074859690687499,1.0748596906874992,9
2022-23,2022-11-07,0022200147,NOP,IND,0,0,1523.635054090989,1505.8277176641725,-17.80733642681645,1484.5124874118078,0.5059325719401366,7.0,-7.0,0.1732351578346601,1.17323515783466,10
2022-23,2022-11-09,0022200166,NOP,CHI,0,1,1505.8277176641725,1524.1401357507912,18.31241808661873,1509.2637190573082,0.4449107010440843,4.0,4.0,0.0996679946249558,1.099667994624956,11
2022-23,2022-11-10,0022200175,NOP,POR,1,0,1524.1401357507912,1505.089469142881,-19.050666607910163,1558.6543614799396,0.5006990849160967,11.0,-11.0,0.2682711820216014,1.2682711820216013,12
2022-23,2022-11-12,0022200191,NOP,HOU,1,1,1505.089469142881,1517.159350314124,12.069881171243283,1397.9829926467437,0.6938181389550309,13.0,13.0,0.3140209253469976,1.3140209253469977,13
2022-23,2022-11-15,0022200206,NOP,MEM,1,1,1517.159350314124,1535.801271754955,18.64192144083087,1545.179293043979,0.5100437586458971,11.0,11.0,0.2682711820216014,1.2682711820216013,14
2022-23,2022-11-16,0022200217,NOP,CHI,1,1,1535.801271754955,1550.208091574572,14.406819819617024,1470.3604371022143,0.640649419726506,14.0,14.0,0.3363755443363322,1.3363755443363323,15
2022-23,2022-11-18,0022200231,NOP,BOS,1,0,1550.208091574572,1535.131650693664,-15.076440880907878,1641.4878090316363,0.4197080237708607,8.0,-8.0,0.197375320224904,1.197375320224904,16
2022-23,2022-11-21,0022200253,NOP,GSW,1,1,1535.131650693664,1556.5025304882583,21.370879794594135,1495.13921181847,0.6062774341141804,45.0,45.0,0.809301070201781,1.8093010702017809,17
2022-23,2022-11-23,0022200269,NOP,SAS,0,1,1556.5025304882583,1570.1931653199122,13.690634831653751,1387.6945699323203,0.6835772506968438,19.0,19.0,0.4422303560457261,1.442230356045726,18
2022-23,2022-11-25,0022200279,NOP,MEM,0,0,1570.1931653199122,1546.0910759824478,-24.10208933746434,1505.749282400039,0.5422720038182098,21.0,-21.0,0.4815497983643079,1.481549798364308,19
2022-23,2022-11-28,0022200304,NOP,OKC,1,1,1546.0910759824478,1556.65653031098,10.565454328532136,1450.356577028707,0.6797380548742954,4.0,4.0,0.0996679946249558,1.099667994624956,20
2022-23,2022-11-30,0022200318,NOP,TOR,1,1,1556.65653031098,1573.74823095208,17.09170064110025,1521.7104911338386,0.599322207414324,18.0,18.0,0.4218990052500079,1.4218990052500078,21
2022-23,2022-12-02,0022200333,NOP,SAS,0,1,1573.74823095208,1583.6761198725942,9.927888920514125,1331.5174690680108,0.7672622109854997,18.0,18.0,0.4218990052500079,1.4218990052500078,22
2022-23,2022-12-04,0022200344,NOP,DEN,1,1,1583.6761198725942,1600.7937049198572,17.11758504726297,1562.6445692805355,0.579944005211838,15.0,15.0,0.3583573983507859,1.358357398350786,23
2022-23,2022-12-07,0022200371,NOP,DET,1,1,1600.7937049198572,1607.9430468926776,7.149341972820429,1402.92560296113,0.7925715871304936,6.0,6.0,0.1488850336233179,1.1488850336233178,24
2022-23,2022-12-09,0022200384,NOP,PHX,1,1,1607.9430468926776,1622.2392303294844,14.296183436806889,1554.7513687631415,0.6242606040027121,11.0,11.0,0.2682711820216014,1.2682711820216013,25
2022-23,2022-12-11,0022200395,NOP,PHX,1,1,1622.2392303294844,1633.6398426467017,11.400612317217425,1540.455185326335,0.6620096980440023,5.0,5.0,0.1243530017715962,1.124353001771596,26
2022-23,2022-12-13,0022200412,NOP,UTA,0,0,1633.6398426467017,1603.992812410139,-29.64703023656268,1477.9457554161484,0.6670274210895965,21.0,-21.0,0.4815497983643079,1.481549798364308,27
2022-23,2022-12-15,0022200426,NOP,UTA,0,0,1603.992812410139,1585.0499191801882,-18.942893229950823,1507.592785652711,0.5874532088256288,3.0,-3.0,0.074859690687499,1.0748596906874992,28
2022-23,2022-12-17,0022200444,NOP,PHX,0,0,1585.0499191801882,1567.586373668072,-17.46354551211623,1529.6263146177944,0.5293581213443793,4.0,-4.0,0.0996679946249558,1.099667994624956,29
2022-23,2022-12-19,0022200457,NOP,MIL,1,0,1567.586373668072,1549.5040990898897,-18.082274578182577,1607.0796392067357,0.4935340315764419,9.0,-9.0,0.2212784678984439,1.221278467898444,30
2022-23,2022-12-22,0022200477,NOP,SAS,1,1,1549.5040990898897,1558.1681997859405,8.664100696050944,1380.89009408329,0.7635237465276862,9.0,9.0,0.2212784678984439,1.221278467898444,31
2022-23,2022-12-23,0022200488,NOP,OKC,0,1,1558.1681997859405,1572.3365883954434,14.16838860950296,1480.8419764372074,0.5606127716867985,3.0,3.0,0.074859690687499,1.0748596906874992,32
2022-23,2022-12-26,0022200502,NOP,IND,1,1,1572.3365883954434,1587.8510628616064,15.514474466162934,1502.616071758843,0.6463011556192739,20.0,20.0,0.4621171572600097,1.4621171572600098,33
2022-23,2022-12-28,0022200520,NOP,MIN,1,1,1587.8510628616064,1596.7848659424474,8.933803080840908,1467.7552389382747,0.7094683425994681,1.0,1.0,0.0249947929684206,1.0249947929684209,34
2022-23,2022-12-30,0022200534,NOP,PHI,1,1,1596.7848659424474,1613.373424597775,16.588558655327724,1587.0598657622363,0.5640112595665894,11.0,11.0,0.2682711820216014,1.2682711820216013,35
2022-23,2022-12-31,0022200543,NOP,MEM,0,0,1613.373424597775,1592.554062910113,-20.819361687661846,1570.8012362230818,0.5108955299721838,15.0,-15.0,0.3583573983507859,1.358357398350786,36
2022-23,2023-01-02,0022200554,NOP,PHI,0,0,1592.554062910113,1575.79961018243,-16.754452727683194,1587.3026038844264,0.4572927241978368,9.0,-9.0,0.2212784678984439,1.221278467898444,37
2022-23,2023-01-04,0022200572,NOP,HOU,1,1,1575.79961018243,1582.7577057722615,6.958095589831402,1350.7472548879368,0.8171238746501012,11.0,11.0,0.2682711820216014,1.2682711820216013,38
2022-23,2023-01-06,0022200586,NOP,BKN,1,0,1582.7577057722615,1567.3724025615768,-15.385303210684809,1655.1579905172682,0.4463836026645508,6.0,-6.0,0.1488850336233179,1.1488850336233178,39
2022-23,2023-01-07,0022200593,NOP,DAL,0,0,1567.3724025615768,1549.7239056091346,-17.648496952442226,1551.4675397908195,0.4725475241990567,10.0,-10.0,0.2449186624037091,1.2449186624037092,40
2022-23,2023-01-09,0022200605,NOP,WAS,0,1,1549.7239056091346,1569.2649065597177,19.54100095058298,1476.6992447984717,0.5545044423297655,20.0,20.0,0.4621171572600097,1.4621171572600098,41
2022-23,2023-01-11,0022200621,NOP,BOS,0,0,1569.2649065597177,1554.9174439122532,-14.347462647464193,1621.4591354163183,0.3770871416893295,11.0,-11.0,0.2682711820216014,1.2682711820216013,42
2022-23,2023-01-13,0022200632,NOP,DET,0,1,1554.9174439122532,1565.1185220569005,10.201078144647273,1369.3803701444388,0.7040296215866662,6.0,6.0,0.1488850336233179,1.1488850336233178,43
2022-23,2023-01-16,0022200658,NOP,CLE,0,0,1565.1185220569005,1547.8163562994253,-17.302165757475294,1555.6841744848089,0.4632743294802353,10.0,-10.0,0.2449186624037091,1.2449186624037092,44
2022-23,2023-01-18,0022200673,NOP,MIA,1,0,1547.8163562994253,1522.1538085803554,-25.66254771906995,1551.9712186445815,0.5442734643794832,26.0,-26.0,0.5716699660851172,1.5716699660851172,45
2022-23,2023-01-20,0022200683,NOP,ORL,0,0,1522.1538085803554,1499.0899933681858,-23.063815212169573,1427.4608193027923,0.5850697089946529,13.0,-13.0,0.3140209253469976,1.3140209253469977,46
2022-23,2023-01-22,0022200699,NOP,MIA,0,0,1499.0899933681858,1486.57641736891,-12.513575999275746,1549.639402644067,0.3793137583476889,4.0,-4.0,0.0996679946249558,1.099667994624956,47
2022-23,2023-01-24,0022200716,NOP,DEN,1,0,1486.57641736891,1477.2849891888611,-9.291428180048936,1666.9824886580227,0.3021618010091101,1.0,-1.0,0.0249947929684206,1.0249947929684209,48
2022-23,2023-01-25,0022200724,NOP,MIN,1,0,1477.2849891888611,1456.8192032150585,-20.465785973802703,1471.3852129887705,0.5585891209294223,9.0,-9.0,0.2212784678984439,1.221278467898444,49
2022-23,2023-01-28,0022200747,NOP,WAS,1,0,1456.8192032150585,1439.176115795045,-17.64308742001344,1511.015293603104,0.4724026812040309,10.0,-10.0,0.2449186624037091,1.2449186624037092,50
2022-23,2023-01-29,0022200755,NOP,MIL,0,0,1439.176115795045,1426.8357047698114,-12.340411025233696,1581.7496601356345,0.2645999663198255,25.0,-25.0,0.5545997223493823,1.5545997223493822,51
2022-23,2023-01-31,0022200768,NOP,DEN,0,0,1426.8357047698114,1419.6748868931436,-7.160817876667775,1637.647125758762,0.1954459490577933,9.0,-9.0,0.2212784678984439,1.221278467898444,52
2022-23,2023-02-02,0022200782,NOP,DAL,0,0,1419.6748868931436,1406.9442248648315,-12.730662028312084,1471.6216139032904,0.3774218597496489,5.0,-5.0,0.1243530017715962,1.124353001771596,53
2022-23,2023-02-04,0022200798,NOP,LAL,1,1,1406.9442248648315,1427.1300976166367,20.185872751805185,1511.255259315288,0.40155589570182,5.0,5.0,0.1243530017715962,1.124353001771596,54
2022-23,2023-02-05,0022200807,NOP,SAC,1,1,1427.1300976166367,1457.9087415315887,30.778643914952013,1544.630798117596,0.3834542508336965,32.0,32.0,0.664036770267849,1.664036770267849,55
2022-23,2023-02-07,0022200818,NOP,ATL,1,1,1457.9087415315887,1477.3883922649754,19.47965073338684,1514.9474219343515,0.468326259587433,9.0,9.0,0.2212784678984439,1.221278467898444,56
2022-23,2023-02-10,0022200842,NOP,CLE,1,0,1477.3883922649754,1463.0326787141764,-14.355713550799,1599.422261820151,0.3773039960301511,11.0,-11.0,0.2682711820216014,1.2682711820216013,57
2022-23,2023-02-13,0022200864,NOP,OKC,0,1,1463.0326787141764,1484.6519851985286,21.61930648435216,1551.4135411149662,0.3295463996631327,3.0,3.0,0.074859690687499,1.0748596906874992,58
2022-23,2023-02-15,0022200882,NOP,LAL,0,0,1484.6519851985286,1464.4033557451874,-20.24862945334124,1467.2576116367245,0.4746851306733277,18.0,-18.0,0.4218990052500079,1.4218990052500078,59
2022-23,2023-02-23,0022200890,NOP,TOR,0,0,1464.4033557451874,1451.0671474423789,-13.33620830280873,1503.194625375739,0.3953742962039923,5.0,-5.0,0.1243530017715962,1.124353001771596,60
2022-23,2023-02-25,0022200906,NOP,NYK,0,0,1451.0671474423789,1439.0859123965358,-11.981235045842729,1592.252930468306,0.2661573623265634,22.0,-22.0,0.5005202111902353,1.5005202111902354,61
2022-23,2023-02-27,0022200922,NOP,ORL,1,0,1439.0859123965358,1421.1674480880752,-17.918464308460614,1474.9015753487042,0.4988261688099314,8.0,-8.0,0.197375320224904,1.197375320224904,62
2022-23,2023-03-01,0022200941,NOP,POR,0,1,1421.1674480880752,1443.2217669843633,22.05431889628816,1441.9840638018893,0.4203574333071267,11.0,11.0,0.2682711820216014,1.2682711820216013,63
2022-23,2023-03-03,0022200953,NOP,GSW,0,0,1443.2217669843633,1432.0753469155763,-11.146420068787036,1551.928718511363,0.3042281882407925,9.0,-9.0,0.2212784678984439,1.221278467898444,64
2022-23,2023-03-06,0022200976,NOP,SAC,0,0,1432.0753469155763,1420.97338487022,-11.101962045356531,1567.7180648886383,0.2724359597563863,15.0,-15.0,0.3583573983507859,1.358357398350786,65
2022-23,2023-03-08,0022200988,NOP,DAL,1,1,1420.97338487022,1440.0044146090631,19.031029738843216,1484.3170016428776,0.4593005044851888,7.0,7.0,0.1732351578346601,1.17323515783466,66
2022-23,2023-03-11,0022201011,NOP,OKC,1,0,1440.0044146090631,1420.9178393310203,-19.086575278042904,1491.6397300371027,0.476078134347124,14.0,-14.0,0.3363755443363322,1.3363755443363323,67
2022-23,2023-03-12,0022201017,NOP,POR,1,1,1420.9178393310203,1439.910838753976,18.992999422955613,1422.3545121863258,0.5481518170196602,17.0,17.0,0.4011342849479459,1.401134284947946,68
2022-23,2023-03-14,0022201030,NOP,LAL,1,0,1439.910838753976,1423.3390377766432,-16.57180097733277,1540.5377215140716,0.4066627579617605,15.0,-15.0,0.3583573983507859,1.358357398350786,69
2022-23,2023-03-17,0022201051,NOP,HOU,0,0,1423.3390377766432,1403.746414082712,-19.59262369393123,1301.8102112663128,0.6220127121616355,2.0,-2.0,0.0499583749578799,1.04995837495788,70
2022-23,2023-03-19,0022201067,NOP,HOU,0,1,1403.746414082712,1419.891230494833,16.144816412121035,1321.402834960244,0.5677142906415974,10.0,10.0,0.2449186624037091,1.2449186624037092,71
2022-23,2023-03-21,0022201080,NOP,SAS,1,1,1419.891230494833,1434.1075744278803,14.216343933047424,1289.1919726648753,0.7218870986709852,35.0,35.0,0.703905603936621,1.703905603936621,72
2022-23,2023-03-23,0022201095,NOP,CHA,1,1,1434.1075744278803,1450.712915563901,16.605341136020677,1386.852410293484,0.6162115373037259,19.0,19.0,0.4422303560457261,1.442230356045726,73
2022-23,2023-03-25,0022201112,NOP,LAC,0,1,1450.712915563901,1481.1082453470735,30.395329783172414,1549.750736297208,0.3161366154835494,21.0,21.0,0.4815497983643079,1.481549798364308,74
2022-23,2023-03-27,0022201127,NOP,POR,0,1,1481.1082453470735,1500.6751246126112,19.566879265537704,1365.248877220657,0.6143095712586579,34.0,34.0,0.6910694698329306,1.6910694698329305,75
2022-23,2023-03-28,0022201135,NOP,GSW,0,0,1500.6751246126112,1485.3204533838066,-15.354671228804571,1533.5392348421442,0.4035590980453014,11.0,-11.0,0.2682711820216014,1.2682711820216013,76
2022-23,2023-03-30,0022201147,NOP,DEN,0,1,1485.3204533838066,1517.756795310368,32.43634192656151,1640.872695853089,0.2503198999939989,19.0,19.0,0.4422303560457261,1.442230356045726,77
2022-23,2023-04-01,0022201162,NOP,LAC,1,1,1517.756795310368,1535.4562391028153,17.69944379244727,1547.7039818402443,0.5072710704965712,8.0,8.0,0.197375320224904,1.197375320224904,78
2022-23,2023-04-04,0022201185,NOP,SAC,1,0,1535.4562391028153,1514.6771749632326,-20.779064139582704,1579.4081465997117,0.4871200196090155,18.0,-18.0,0.4218990052500079,1.4218990052500078,79
2022-23,2023-04-05,0022201194,NOP,MEM,1,1,1514.6771749632326,1534.672788606306,19.99561364307345,1597.2971652859144,0.4318952596005944,7.0,7.0,0.1732351578346601,1.17323515783466,80
2022-23,2023-04-07,0022201209,NOP,NYK,1,1,1534.672788606306,1555.688997745836,21.016209139529803,1629.361160909711,0.414936743042766,8.0,8.0,0.197375320224904,1.197375320224904,81
2022-23,2023-04-09,0022201225,NOP,MIN,0,0,1555.688997745836,1539.299282198671,-16.389715547164624,1530.4888293847675,0.4859006474935669,5.0,-5.0,0.1243530017715962,1.124353001771596,82
2022-23,2022-10-19,0022200009,NYK,MEM,0,0,1500.0,1485.4958224790118,-14.50417752098821,1500.0,0.449800646746463,3.0,-3.0,0.074859690687499,1.0748596906874992,1
2022-23,2022-10-21,0022200023,NYK,DET,1,1,1485.4958224790118,1508.1762098483637,22.6803873693518,1514.8389412556608,0.508140187184547,24.0,24.0,0.5370495669980352,1.5370495669980353,2
2022-23,2022-10-24,0022200046,NYK,ORL,1,1,1508.1762098483637,1522.947790699198,14.771580850834308,1454.226947672276,0.6252829624983958,13.0,13.0,0.3140209253469976,1.3140209253469977,3
2022-23,2022-10-26,0022200058,NYK,CHA,1,1,1522.947790699198,1537.7560926045232,14.8083019053253,1529.5563178957216,0.5407679087908472,3.0,3.0,0.074859690687499,1.0748596906874992,4
2022-23,2022-10-28,0022200075,NYK,MIL,0,0,1537.7560926045232,1521.1562212225151,-16.59987138200793,1547.2710626498688,0.4362860671366312,11.0,-11.0,0.2682711820216014,1.2682711820216013,5
2022-23,2022-10-30,0022200090,NYK,CLE,0,0,1521.1562212225151,1505.7748953733008,-15.381325849214546,1563.7274528865255,0.3901847008297008,13.0,-13.0,0.3140209253469976,1.3140209253469977,6
2022-23,2022-11-02,0022200110,NYK,ATL,1,0,1505.7748953733008,1483.9412534765677,-21.833641896733365,1503.200987986139,0.5538633740039233,13.0,-13.0,0.3140209253469976,1.3140209253469977,7
2022-23,2022-11-04,0022200122,NYK,PHI,0,1,1483.9412534765677,1501.8437659182175,17.90251244165021,1496.739333558449,0.4316437404048395,2.0,2.0,0.0499583749578799,1.04995837495788,8
2022-23,2022-11-05,0022200135,NYK,BOS,1,0,1501.8437659182175,1481.046447754086,-20.79731816413183,1529.647628070902,0.5103545941930145,15.0,-15.0,0.3583573983507859,1.358357398350786,9
2022-23,2022-11-07,0022200153,NYK,MIN,0,1,1481.046447754086,1503.5146611070036,22.468213352917715,1494.981239304154,0.4300391792471021,13.0,13.0,0.3140209253469976,1.3140209253469977,10
2022-23,2022-11-09,0022200164,NYK,BKN,0,0,1503.5146611070036,1479.6254254441128,-23.889235662890655,1467.5616736798372,0.5013714557128259,27.0,-27.0,0.5882592563981054,1.5882592563981053,11
2022-23,2022-11-11,0022200178,NYK,DET,1,1,1479.6254254441128,1492.9496214341964,13.324195990083648,1417.4339358518362,0.6363320258152179,9.0,9.0,0.2212784678984439,1.221278467898444,12
2022-23,2022-11-13,0022200192,NYK,OKC,1,0,1492.9496214341964,1471.7023426411365,-21.247278793059913,1479.7616780564535,0.5689067469418797,10.0,-10.0,0.2449186624037091,1.2449186624037092,13
2022-23,2022-11-15,0022200208,NYK,UTA,0,1,1471.7023426411365,1495.4884147104335,23.786072069297305,1564.302216551747,0.3242027707046321,7.0,7.0,0.1732351578346601,1.17323515783466,14
2022-23,2022-11-16,0022200219,NYK,DEN,0,1,1495.4884147104335,1516.9528914379318,21.46447672749818,1580.107859086269,0.3343479490559019,3.0,3.0,0.074859690687499,1.0748596906874992,15
2022-23,2022-11-18,0022200233,NYK,GSW,0,0,1516.9528914379318,1497.1442664171875,-19.808625020744227,1460.8124450654236,0.53038605704294,10.0,-10.0,0.2449186624037091,1.2449186624037092,16
2022-23,2022-11-20,0022200240,NYK,PHX,0,0,1497.1442664171875,1479.5125910659074,-17.631675351280116,1534.9767794871182,0.3966944022794286,21.0,-21.0,0.4815497983643079,1.481549798364308,17
2022-23,2022-11-21,0022200254,NYK,OKC,0,1,1479.5125910659074,1500.7914912727322,21.27890020682486,1493.300401206711,0.4302465735461728,10.0,10.0,0.2449186624037091,1.2449186624037092,18
2022-23,2022-11-25,0022200274,NYK,POR,1,0,1500.7914912727322,1482.9573678707548,-17.834123401977422,1498.776475613791,0.5530682611101363,3.0,-3.0,0.074859690687499,1.0748596906874992,19
2022-23,2022-11-27,0022200296,NYK,MEM,1,0,1482.9573678707548,1467.026812942065,-15.930554928689922,1529.851371737503,0.4828898360401062,4.0,-4.0,0.0996679946249558,1.099667994624956,20
2022-23,2022-11-29,0022200309,NYK,DET,0,1,1467.026812942065,1488.0719315911135,21.04511864904852,1382.366152664173,0.570984677607443,30.0,30.0,0.6351489523872873,1.6351489523872873,21
2022-23,2022-11-30,0022200316,NYK,MIL,1,0,1488.0719315911135,1473.7315209578046,-14.3404106333089,1581.9514956199184,0.4160674687086999,6.0,-6.0,0.1488850336233179,1.1488850336233178,22
2022-23,2022-12-03,0022200337,NYK,DAL,1,0,1473.7315209578046,1449.3920449212646,-24.339476036539978,1475.5460969809417,0.5476129582551947,21.0,-21.0,0.4815497983643079,1.481549798364308,23
2022-23,2022-12-04,0022200348,NYK,CLE,1,1,1449.3920449212646,1473.3706820905966,23.978637169331904,1577.010398994559,0.3697815443773259,11.0,11.0,0.2682711820216014,1.2682711820216013,24
2022-23,2022-12-07,0022200365,NYK,ATL,1,1,1473.3706820905966,1496.5023709596048,23.131688869008197,1509.5151352048538,0.4983530055315436,24.0,24.0,0.5370495669980352,1.5370495669980353,25
2022-23,2022-12-09,0022200377,NYK,CHA,0,1,1496.5023709596048,1513.2605057099834,16.75813475037848,1381.8367725582211,0.612680117751195,19.0,19.0,0.4422303560457261,1.442230356045726,26
2022-23,2022-12-11,0022200397,NYK,SAC,1,1,1513.2605057099834,1534.9557298383982,21.69522412841474,1583.367708762392,0.4496479289910441,13.0,13.0,0.3140209253469976,1.3140209253469977,27
2022-23,2022-12-14,0022200418,NYK,CHI,0,1,1534.9557298383982,1551.9521000870966,16.996370248698334,1481.2848634597422,0.5268437010625906,8.0,8.0,0.197375320224904,1.197375320224904,28
2022-23,2022-12-16,0022200434,NYK,CHI,0,1,1551.9521000870966,1571.309882389026,19.357782301929554,1464.2884932110435,0.575213867460741,23.0,23.0,0.5190218338982221,1.519021833898222,29
2022-23,2022-12-18,0022200446,NYK,IND,0,1,1571.309882389026,1584.5154243249872,13.205541935961095,1472.7433264000078,0.5904723797790264,3.0,3.0,0.074859690687499,1.0748596906874992,30
2022-23,2022-12-20,0022200463,NYK,GSW,1,1,1584.5154243249872,1602.7618275391633,18.24640321417611,1511.6653193078898,0.6504084575216686,38.0,38.0,0.7397830512740042,1.7397830512740042,31
2022-23,2022-12-21,0022200471,NYK,TOR,1,0,1602.7618275391633,1575.018710750491,-27.743116788672182,1409.4540366781275,0.7882226793554127,7.0,-7.0,0.1732351578346601,1.17323515783466,32
2022-23,2022-12-23,0022200485,NYK,CHI,1,0,1575.018710750491,1553.7920794284598,-21.226631322031228,1470.779669500137,0.6903004603095971,1.0,-1.0,0.0249947929684206,1.0249947929684209,33
2022-23,2022-12-25,0022200493,NYK,PHI,1,0,1553.7920794284598,1536.4614614674351,-17.330617961024604,1594.081638671375,0.4923883004270643,7.0,-7.0,0.1732351578346601,1.17323515783466,34
2022-23,2022-12-27,0022200512,NYK,DAL,0,0,1536.4614614674351,1521.20797707786,-15.253484389575105,1534.7674136473684,0.4522151662790608,5.0,-5.0,0.1243530017715962,1.124353001771596,35
2022-23,2022-12-29,0022200527,NYK,SAS,0,0,1521.20797707786,1497.792402182948,-23.415574894912194,1366.8859848683933,0.6652708606212223,7.0,-7.0,0.1732351578346601,1.17323515783466,36
2022-23,2022-12-31,0022200541,NYK,HOU,0,1,1497.792402182948,1514.3782108188757,16.5858086359279,1376.3639240746106,0.6218768891951744,20.0,20.0,0.4621171572600097,1.4621171572600098,37
2022-23,2023-01-02,0022200550,NYK,PHX,1,1,1514.3782108188757,1532.0797342532649,17.701523434389237,1485.5215183622154,0.5908761879315205,19.0,19.0,0.4422303560457261,1.442230356045726,38
2022-23,2023-01-04,0022200568,NYK,SAS,1,1,1532.0797342532649,1540.0601575577382,7.980423304473222,1373.8953568830807,0.752512711701971,3.0,3.0,0.074859690687499,1.0748596906874992,39
2022-23,2023-01-06,0022200582,NYK,TOR,0,1,1540.0601575577382,1552.9821226431973,12.921965085459131,1428.5892988229728,0.6083070784812588,4.0,4.0,0.0996679946249558,1.099667994624956,40
2022-23,2023-01-09,0022200607,NYK,MIL,1,0,1552.9821226431973,1533.281519451656,-19.70060319154148,1519.5929416777285,0.5971682146440453,4.0,-4.0,0.0996679946249558,1.099667994624956,41
2022-23,2023-01-11,0022200622,NYK,IND,1,1,1533.281519451656,1550.082925653233,16.80140620157711,1559.572891405419,0.5125300991869959,6.0,6.0,0.1488850336233179,1.1488850336233178,42
2022-23,2023-01-13,0022200634,NYK,WAS,0,1,1550.082925653233,1564.6703376676264,14.587412014393564,1474.7222882728356,0.5578237526933866,4.0,4.0,0.0996679946249558,1.099667994624956,43
2022-23,2023-01-15,0022200648,NYK,DET,0,1,1564.6703376676264,1575.4167577296755,10.746420062048992,1359.1792919997915,0.7273909454876413,13.0,13.0,0.3140209253469976,1.3140209253469977,44
2022-23,2023-01-16,0022200659,NYK,TOR,1,0,1575.4167577296755,1552.4975787097717,-22.919179019903943,1439.7233888997948,0.727621829796296,2.0,-2.0,0.0499583749578799,1.04995837495788,45
2022-23,2023-01-18,0022200669,NYK,WAS,1,0,1552.4975787097717,1525.880354572147,-26.617224137624103,1440.664816289756,0.6995671092780207,11.0,-11.0,0.2682711820216014,1.2682711820216013,46
2022-23,2023-01-20,0022200684,NYK,ATL,0,0,1525.880354572147,1507.0492072041318,-18.831147368015557,1517.2624901689471,0.4621058589067183,15.0,-15.0,0.3583573983507859,1.358357398350786,47
2022-23,2023-01-22,0022200700,NYK,TOR,0,0,1507.0492072041318,1486.5181705355376,-20.531036668594176,1429.8941420765989,0.5603700605078122,9.0,-9.0,0.2212784678984439,1.221278467898444,48
2022-23,2023-01-24,0022200715,NYK,CLE,1,1,1486.5181705355376,1503.9359423415967,17.417771806059143,1558.4620633436036,0.4470329420834462,2.0,2.0,0.0499583749578799,1.04995837495788,49
2022-23,2023-01-26,0022200730,NYK,BOS,0,1,1503.9359423415967,1527.2562572555985,23.32031491400182,1635.7771557991362,0.2767950671128764,3.0,3.0,0.074859690687499,1.0748596906874992,50
2022-23,2023-01-28,0022200742,NYK,BKN,0,0,1527.2562572555985,1513.2944614974444,-13.961795758153944,1565.1027697585869,0.3966751156668381,7.0,-7.0,0.1732351578346601,1.17323515783466,51
2022-23,2023-01-31,0022200765,NYK,LAL,1,0,1513.2944614974444,1492.5614495432403,-20.73301195420409,1476.7424890057302,0.601540082991506,6.0,-6.0,0.1488850336233179,1.1488850336233178,52
2022-23,2023-02-02,0022200780,NYK,MIA,1,1,1492.5614495432403,1510.8215914257405,18.260141882500157,1583.4261616027677,0.4202899747261353,2.0,2.0,0.0499583749578799,1.04995837495788,53
2022-23,2023-02-04,0022200795,NYK,LAC,1,0,1510.8215914257405,1492.205535904753,-18.61605552098716,1517.883662351229,0.5401194774692825,6.0,-6.0,0.1488850336233179,1.1488850336233178,54
2022-23,2023-02-05,0022200804,NYK,PHI,1,1,1492.205535904753,1517.868839737615,25.663303832861704,1653.7745194911606,0.3255042981171986,11.0,11.0,0.2682711820216014,1.2682711820216013,55
2022-23,2023-02-07,0022200816,NYK,ORL,0,1,1517.868839737615,1535.2769175671708,17.408077829555843,1502.120311159677,0.4723232249901964,4.0,4.0,0.0996679946249558,1.099667994624956,56
2022-23,2023-02-10,0022200837,NYK,PHI,0,0,1535.2769175671708,1522.16643920387,-13.11047836330062,1611.971761886439,0.344576106150073,11.0,-11.0,0.2682711820216014,1.2682711820216013,57
2022-23,2023-02-11,0022200851,NYK,UTA,1,1,1522.16643920387,1534.8171494599828,12.65071025611276,1462.5036209168445,0.6329568846932303,6.0,6.0,0.1488850336233179,1.1488850336233178,58
2022-23,2023-02-13,0022200862,NYK,BKN,1,1,1534.8171494599828,1554.4014789847397,19.584329524756605,1541.341711921549,0.5408879380685888,18.0,18.0,0.4218990052500079,1.4218990052500078,59
2022-23,2023-02-15,0022200876,NYK,ATL,0,1,1554.4014789847397,1575.1155098186227,20.714030833883243,1495.7702004957953,0.5339557973514765,21.0,21.0,0.4815497983643079,1.481549798364308,60
2022-23,2023-02-24,0022200895,NYK,WAS,0,1,1575.1155098186227,1592.252930468306,17.13742064968317,1538.182985093347,0.5027810979590736,6.0,6.0,0.1488850336233179,1.1488850336233178,61
2022-23,2023-02-25,0022200906,NYK,NOP,1,1,1592.252930468306,1604.2341655141488,11.981235045842729,1451.0671474423789,0.7338426376734366,22.0,22.0,0.5005202111902353,1.5005202111902354,62
2022-23,2023-02-27,0022200921,NYK,BOS,1,1,1604.2341655141488,1626.4349013364076,22.20073582225872,1670.443677426935,0.4552063188177828,15.0,15.0,0.3583573983507859,1.358357398350786,63
2022-23,2023-03-01,0022200937,NYK,BKN,1,1,1626.4349013364076,1638.6343503895555,12.199449053148133,1483.829432545319,0.7354357917254309,24.0,24.0,0.5370495669980352,1.5370495669980353,64
2022-23,2023-03-03,0022200949,NYK,MIA,0,1,1638.6343503895555,1650.4347965504444,11.800446160888765,1514.6221776885072,0.6253678100536716,2.0,2.0,0.0499583749578799,1.04995837495788,65
2022-23,2023-03-05,0022200969,NYK,BOS,0,1,1650.4347965504444,1666.8912640820631,16.4564675316187,1631.043933141242,0.4775517479513139,2.0,2.0,0.0499583749578799,1.04995837495788,66
2022-23,2023-03-07,0022200979,NYK,CHA,1,0,1666.8912640820631,1636.3160656838886,-30.5751983981744,1373.6701273614876,0.8686862758359098,7.0,-7.0,0.1732351578346601,1.17323515783466,67
2022-23,2023-03-09,0022200997,NYK,SAC,0,0,1636.3160656838886,1618.3602864617428,-17.955779222145694,1578.820026933995,0.5323292356835003,5.0,-5.0,0.1243530017715962,1.124353001771596,68
2022-23,2023-03-11,0022201004,NYK,LAC,0,0,1618.3602864617428,1595.6929101304167,-22.667376331326004,1515.9908928423697,0.5957552467917946,11.0,-11.0,0.2682711820216014,1.2682711820216013,69
2022-23,2023-03-12,0022201019,NYK,LAL,0,1,1595.6929101304167,1612.0055046308937,16.312594500477015,1556.8503160145483,0.5055297119915283,4.0,4.0,0.0996679946249558,1.099667994624956,70
2022-23,2023-03-14,0022201034,NYK,POR,0,1,1612.0055046308937,1623.1427259224845,11.137221291590455,1403.3615127633702,0.7309750433719158,16.0,16.0,0.3799489622552249,1.379948962255225,71
2022-23,2023-03-18,0022201055,NYK,DEN,1,1,1623.1427259224845,1636.512107678882,13.369381756397823,1578.897580928947,0.6121056106535486,6.0,6.0,0.1488850336233179,1.1488850336233178,72
2022-23,2023-03-20,0022201073,NYK,MIN,1,0,1636.512107678882,1610.752449644412,-25.75965803447036,1483.081352778096,0.7473813677489369,6.0,-6.0,0.1488850336233179,1.1488850336233178,73
2022-23,2023-03-22,0022201084,NYK,MIA,0,0,1610.752449644412,1591.1128237708442,-19.63962587356757,1535.2742949972355,0.5579906052200354,7.0,-7.0,0.1732351578346601,1.17323515783466,74
2022-23,2023-03-23,0022201093,NYK,ORL,0,0,1591.1128237708442,1569.5694004784225,-21.54342329242168,1457.1480393955296,0.6386909703766406,5.0,-5.0,0.1243530017715962,1.124353001771596,75
2022-23,2023-03-27,0022201124,NYK,HOU,1,1,1569.5694004784225,1575.5666441237322,5.997243645309631,1279.2424611167671,0.8667741227212455,22.0,22.0,0.5005202111902353,1.5005202111902354,76
2022-23,2023-03-29,0022201138,NYK,MIA,1,1,1575.5666441237322,1588.513442893984,12.946798770251815,1505.5941746598685,0.6466326310075579,9.0,9.0,0.2212784678984439,1.221278467898444,77
2022-23,2023-03-31,0022201154,NYK,CLE,0,1,1588.513442893984,1612.253638423564,23.740195529579875,1618.2886799073383,0.4078462043549374,14.0,14.0,0.3363755443363322,1.3363755443363323,78
2022-23,2023-04-02,0022201168,NYK,WAS,1,1,1612.253638423564,1620.4051578501578,8.151519426593811,1429.891387921812,0.7775140384753033,9.0,9.0,0.2212784678984439,1.221278467898444,79
2022-23,2023-04-05,0022201190,NYK,IND,0,1,1620.4051578501578,1629.361160909711,8.956003059553558,1389.3696628973012,0.7555566210610727,9.0,9.0,0.2212784678984439,1.221278467898444,80
2022-23,2023-04-07,0022201209,NYK,NOP,0,0,1629.361160909711,1608.3449517701815,-21.016209139529803,1534.672788606306,0.585063256957234,8.0,-8.0,0.197375320224904,1.197375320224904,81
2022-23,2023-04-09,0022201220,NYK,IND,1,0,1608.3449517701815,1579.9404121970215,-28.4045395731598,1352.551961537574,0.842100287258656,5.0,-5.0,0.1243530017715962,1.124353001771596,82
2022-23,2022-10-19,0022200010,OKC,MIN,0,0,1500.0,1484.1683420166084,-15.83165798339156,1500.0,0.449800646746463,7.0,-7.0,0.1732351578346601,1.17323515783466,1
2022-23,2022-10-22,0022200035,OKC,DEN,0,0,1484.1683420166084,1469.770496465221,-14.397845551387482,1500.3667423891495,0.4268483156891532,5.0,-5.0,0.1243530017715962,1.124353001771596,2
2022-23,2022-10-23,0022200041,OKC,MIN,1,0,1469.770496465221,1450.683047298869,-19.087449166352,1497.0727015667526,0.5110762050241805,10.0,-10.0,0.2449186624037091,1.2449186624037092,3
2022-23,2022-10-25,0022200054,OKC,LAC,1,1,1450.683047298869,1472.04934398886,21.366296689990943,1508.6063002745973,0.4670585729552087,14.0,14.0,0.3363755443363322,1.3363755443363323,4
2022-23,2022-10-27,0022200067,OKC,LAC,1,1,1472.04934398886,1488.9870411625805,16.937697173720455,1487.2400035846065,0.5284770812842255,8.0,8.0,0.197375320224904,1.197375320224904,5
2022-23,2022-10-29,0022200086,OKC,DAL,0,1,1488.9870411625805,1509.2719114041354,20.284870241554824,1516.1648527102468,0.4114621379889499,6.0,6.0,0.1488850336233179,1.1488850336233178,6
2022-23,2022-11-01,0022200105,OKC,ORL,1,1,1509.2719114041354,1521.9090539637373,12.63714255960179,1438.1075558107614,0.6481987909681167,8.0,8.0,0.197375320224904,1.197375320224904,7
2022-23,2022-11-03,0022200119,OKC,DEN,1,0,1521.9090539637373,1499.8541446485829,-22.054909315154525,1508.431899754022,0.5693150030051645,12.0,-12.0,0.2913126124515909,1.2913126124515908,8
2022-23,2022-11-05,0022200136,OKC,MIL,0,0,1499.8541446485829,1487.9845921366914,-11.86955251189142,1615.313759628465,0.2960632975312851,14.0,-14.0,0.3363755443363322,1.3363755443363323,9
2022-23,2022-11-07,0022200146,OKC,DET,0,0,1487.9845921366914,1467.297400444401,-20.687191692290032,1407.8209106942409,0.5646321248881705,9.0,-9.0,0.2212784678984439,1.221278467898444,10
2022-23,2022-11-09,0022200168,OKC,MIL,1,0,1467.297400444401,1455.4247884375975,-11.872612006803786,1602.3352977414115,0.3598847429356156,4.0,-4.0,0.0996679946249558,1.099667994624956,11
2022-23,2022-11-11,0022200179,OKC,TOR,1,1,1455.4247884375975,1479.7616780564535,24.336889618856137,1534.0703785029282,0.4375172797041368,19.0,19.0,0.4422303560457261,1.442230356045726,12
2022-23,2022-11-13,0022200192,OKC,NYK,0,1,1479.7616780564535,1501.0089568495134,21.247278793059913,1492.9496214341964,0.4310932530581203,10.0,10.0,0.2449186624037091,1.2449186624037092,13
2022-23,2022-11-14,0022200201,OKC,BOS,0,0,1501.0089568495134,1490.9611239396409,-10.04783290987248,1609.434072140739,0.304571711916235,4.0,-4.0,0.0996679946249558,1.099667994624956,14
2022-23,2022-11-16,0022200213,OKC,WAS,0,1,1490.9611239396409,1509.4960321114434,18.534908171802407,1528.4008265407113,0.3972356965793401,1.0,1.0,0.0249947929684206,1.0249947929684209,15
2022-23,2022-11-18,0022200229,OKC,MEM,0,0,1509.4960321114434,1493.300401206711,-16.195630904732344,1526.537371603148,0.425661618070167,11.0,-11.0,0.2682711820216014,1.2682711820216013,16
2022-23,2022-11-21,0022200254,OKC,NYK,1,0,1493.300401206711,1472.0215009998865,-21.27890020682486,1479.5125910659074,0.5697534264538272,10.0,-10.0,0.2449186624037091,1.2449186624037092,17
2022-23,2022-11-23,0022200268,OKC,DEN,1,0,1472.0215009998865,1456.073729119356,-15.947771880530116,1525.9417302312545,0.4727984851555183,5.0,-5.0,0.1243530017715962,1.124353001771596,18
2022-23,2022-11-25,0022200281,OKC,CHI,1,1,1456.073729119356,1472.5258467348906,16.45211761553446,1490.1700733044815,0.5013004623228581,4.0,4.0,0.0996679946249558,1.099667994624956,19
2022-23,2022-11-26,0022200287,OKC,HOU,0,0,1472.5258467348906,1450.356577028707,-22.16926970618343,1393.9546075990456,0.562377388836207,13.0,-13.0,0.3140209253469976,1.3140209253469977,20
2022-23,2022-11-28,0022200304,OKC,NOP,0,0,1450.356577028707,1439.791122700175,-10.565454328532136,1546.0910759824478,0.3202619451257046,4.0,-4.0,0.0996679946249558,1.099667994624956,21
2022-23,2022-11-30,0022200319,OKC,SAS,1,1,1439.791122700175,1451.2466089768425,11.455486276667369,1342.9729553446782,0.6810945272499388,8.0,8.0,0.197375320224904,1.197375320224904,22
2022-23,2022-12-03,0022200341,OKC,MIN,0,1,1451.2466089768425,1472.9644500660277,21.71784108918525,1499.1074466161149,0.3829642493477035,7.0,7.0,0.1732351578346601,1.17323515783466,23
2022-23,2022-12-05,0022200354,OKC,ATL,0,1,1472.9644500660277,1495.2014471475727,22.236997081544988,1531.7521322863988,0.3682142653996744,7.0,7.0,0.1732351578346601,1.17323515783466,24
2022-23,2022-12-07,0022200368,OKC,MEM,0,0,1495.2014471475727,1479.7519574449907,-15.449489702582111,1569.5770443310766,0.3475974892336612,21.0,-21.0,0.4815497983643079,1.481549798364308,25
2022-23,2022-12-10,0022200390,OKC,CLE,0,0,1479.7519574449907,1466.9722204170323,-12.779737027958417,1547.8999623680963,0.355770849014381,8.0,-8.0,0.197375320224904,1.197375320224904,26
2022-23,2022-12-12,0022200405,OKC,DAL,0,0,1466.9722204170323,1452.9369833241012,-14.035237092931167,1503.3055060902236,0.3987616918116344,7.0,-7.0,0.1732351578346601,1.17323515783466,27
2022-23,2022-12-14,0022200419,OKC,MIA,1,0,1452.9369833241012,1436.9242177187,-16.012765605401235,1482.1259856458057,0.5083619181901251,2.0,-2.0,0.0499583749578799,1.04995837495788,28
2022-23,2022-12-16,0022200435,OKC,MIN,1,0,1436.9242177187,1420.796279686194,-16.127938032505956,1463.5714173244555,0.5120183306680433,2.0,-2.0,0.0499583749578799,1.04995837495788,29
2022-23,2022-12-17,0022200443,OKC,MEM,1,1,1420.796279686194,1446.0945256638952,25.298245977701185,1632.1168225031122,0.2660058741788297,6.0,6.0,0.1488850336233179,1.1488850336233178,30
2022-23,2022-12-19,0022200458,OKC,POR,1,1,1446.0945256638952,1464.0820279007105,17.987502236815203,1530.8046708081197,0.428945544705148,2.0,2.0,0.0499583749578799,1.04995837495788,31
2022-23,2022-12-21,0022200474,OKC,POR,1,1,1464.0820279007105,1480.8419764372074,16.75994853649711,1512.8171685713046,0.480243834561106,3.0,3.0,0.074859690687499,1.0748596906874992,32
2022-23,2022-12-23,0022200488,OKC,NOP,1,0,1480.8419764372074,1466.6735878277043,-14.16838860950296,1558.1681997859405,0.4393872283132015,3.0,-3.0,0.074859690687499,1.0748596906874992,33
2022-23,2022-12-27,0022200511,OKC,SAS,1,1,1466.6735878277043,1480.4408816512723,13.76729382356782,1380.653278691961,0.6674443717331838,16.0,16.0,0.3799489622552249,1.379948962255225,34
2022-23,2022-12-29,0022200523,OKC,CHA,0,0,1480.4408816512723,1457.04257808287,-23.398303568402195,1336.8498755758578,0.6513775915588236,8.0,-8.0,0.197375320224904,1.197375320224904,35
2022-23,2022-12-31,0022200545,OKC,PHI,1,0,1457.04257808287,1440.2112813053525,-16.831296777517757,1570.4713071069086,0.389010828655357,19.0,-19.0,0.4422303560457261,1.442230356045726,36
2022-23,2023-01-03,0022200562,OKC,BOS,1,1,1440.2112813053525,1474.5097205978714,34.29843929251899,1607.2931818722388,0.3185758095919709,33.0,33.0,0.6777821008468294,1.6777821008468294,37
2022-23,2023-01-04,0022200566,OKC,ORL,0,0,1474.5097205978714,1453.839743658704,-20.66997693916727,1409.3752255531144,0.5432586035798144,11.0,-11.0,0.2682711820216014,1.2682711820216013,38
2022-23,2023-01-06,0022200584,OKC,WAS,1,1,1453.839743658704,1475.4281375579994,21.588393899295415,1498.287638697767,0.4864067365225822,17.0,17.0,0.4011342849479459,1.401134284947946,39
2022-23,2023-01-08,0022200602,OKC,DAL,1,1,1475.4281375579994,1497.6354816561206,22.207344098121165,1569.1160367432617,0.4163355489235602,11.0,11.0,0.2682711820216014,1.2682711820216013,40
2022-23,2023-01-10,0022200611,OKC,MIA,0,0,1497.6354816561206,1485.0596414054862,-12.57584025063436,1526.6009201887978,0.4089724922476366,1.0,-1.0,0.0249947929684206,1.0249947929684209,41
2022-23,2023-01-12,0022200626,OKC,PHI,0,1,1485.0596414054862,1515.7659986517974,30.70635724631129,1605.3474505609306,0.2903039120948457,19.0,19.0,0.4422303560457261,1.442230356045726,42
2022-23,2023-01-13,0022200636,OKC,CHI,0,1,1515.7659986517974,1537.249648377378,21.483649725580605,1505.732924150593,0.4641314258148954,14.0,14.0,0.3363755443363322,1.3363755443363323,43
2022-23,2023-01-15,0022200651,OKC,BKN,0,1,1537.249648377378,1563.789985449298,26.54033707192003,1658.3265801160792,0.2893689129142108,10.0,10.0,0.2449186624037091,1.2449186624037092,44
2022-23,2023-01-18,0022200674,OKC,IND,1,1,1563.789985449298,1578.954426290065,15.164440840766948,1487.973393033105,0.6542812189509052,20.0,20.0,0.4621171572600097,1.4621171572600098,45
2022-23,2023-01-20,0022200691,OKC,SAC,0,0,1578.954426290065,1562.8472810723313,-16.10714521773359,1559.5833179922624,0.4775233754391557,5.0,-5.0,0.1243530017715962,1.124353001771596,46
2022-23,2023-01-22,0022200702,OKC,DEN,0,1,1562.8472810723313,1585.4405433631537,22.593262290822295,1689.575750948845,0.2827251432156809,2.0,2.0,0.0499583749578799,1.04995837495788,47
2022-23,2023-01-25,0022200725,OKC,ATL,1,0,1585.4405433631537,1562.664815019887,-22.775728343266227,1493.2943935317994,0.675224723533726,5.0,-5.0,0.1243530017715962,1.124353001771596,48
2022-23,2023-01-27,0022200739,OKC,CLE,1,1,1562.664815019887,1579.386785696675,16.721970676787638,1549.8733242987405,0.5683469539561367,12.0,12.0,0.2913126124515909,1.2913126124515908,49
2022-23,2023-01-30,0022200759,OKC,GSW,1,0,1579.386785696675,1557.095480539684,-22.291305156990735,1528.9303486052113,0.6205602309336541,8.0,-8.0,0.197375320224904,1.197375320224904,50
2022-23,2023-02-01,0022200773,OKC,HOU,0,0,1557.095480539684,1529.6575125403642,-27.43796799931983,1285.5018137711313,0.7960752438616313,6.0,-6.0,0.1488850336233179,1.1488850336233178,51
2022-23,2023-02-04,0022200799,OKC,HOU,1,1,1529.6575125403642,1538.6346655518253,8.97715301146095,1301.037067893037,0.8201731842336641,32.0,32.0,0.664036770267849,1.664036770267849,52
2022-23,2023-02-06,0022200814,OKC,GSW,0,0,1538.6346655518253,1516.9706504851604,-21.664015066664856,1535.219901966708,0.4546699996530595,27.0,-27.0,0.5882592563981054,1.5882592563981053,53
2022-23,2023-02-07,0022200821,OKC,LAL,0,1,1516.9706504851604,1533.515680044199,16.545029559038525,1491.0693865634828,0.486908858821811,3.0,3.0,0.074859690687499,1.0748596906874992,54
2022-23,2023-02-10,0022200843,OKC,POR,0,1,1533.515680044199,1551.4135411149662,17.897861070767302,1490.523728787288,0.5114993142782674,9.0,9.0,0.2212784678984439,1.221278467898444,55
2022-23,2023-02-13,0022200864,OKC,NOP,1,0,1551.4135411149662,1529.794234630614,-21.61930648435216,1463.0326787141764,0.6704536003368673,3.0,-3.0,0.074859690687499,1.0748596906874992,56
2022-23,2023-02-15,0022200880,OKC,HOU,1,1,1529.794234630614,1537.6506523803523,7.856417749738256,1265.5377050442385,0.8484710230986136,37.0,37.0,0.7282542059818115,1.7282542059818111,57
2022-23,2023-02-23,0022200892,OKC,UTA,0,0,1537.6506523803523,1520.1067270991846,-17.543925281167702,1453.307389954446,0.5705370538309398,1.0,-1.0,0.0249947929684206,1.0249947929684209,58
2022-23,2023-02-24,0022200899,OKC,PHX,0,0,1520.1067270991846,1504.160510602975,-15.94621649620984,1530.3658072761702,0.4352328841008125,9.0,-9.0,0.2212784678984439,1.221278467898444,59
2022-23,2023-02-26,0022200915,OKC,SAC,1,0,1504.160510602975,1486.1876778733588,-17.97283272961587,1545.7299471543993,0.4905469473734692,9.0,-9.0,0.2212784678984439,1.221278467898444,60
2022-23,2023-02-28,0022200928,OKC,SAC,1,0,1486.1876778733588,1471.0527459062582,-15.134931967100664,1563.7027798840152,0.4391194222851172,6.0,-6.0,0.1488850336233179,1.1488850336233178,61
2022-23,2023-03-01,0022200940,OKC,LAL,1,0,1471.0527459062582,1453.9692805006234,-17.083465405634836,1509.0731044286488,0.4956534641752487,6.0,-6.0,0.1488850336233179,1.1488850336233178,62
2022-23,2023-03-03,0022200951,OKC,UTA,1,1,1453.9692805006234,1474.9315540690473,20.96227356842372,1447.0344696413374,0.5600576861327938,27.0,27.0,0.5882592563981054,1.5882592563981053,63
2022-23,2023-03-05,0022200968,OKC,UTA,1,1,1474.9315540690473,1489.1836410474784,14.25208697843128,1426.0721960729136,0.6183930884043161,10.0,10.0,0.2449186624037091,1.2449186624037092,64
2022-23,2023-03-07,0022200982,OKC,GSW,1,1,1489.1836410474784,1508.542857294535,19.359216247056587,1543.9299223128637,0.4716133746747752,9.0,9.0,0.2212784678984439,1.221278467898444,65
2022-23,2023-03-08,0022200990,OKC,PHX,0,0,1508.542857294535,1491.6397300371027,-16.903127257432377,1587.59882063675,0.3415130294859665,31.0,-31.0,0.6498274636719203,1.6498274636719203,66
2022-23,2023-03-11,0022201011,OKC,NOP,0,1,1491.6397300371027,1510.7263053151455,19.086575278042904,1440.0044146090631,0.5239218656528759,14.0,14.0,0.3363755443363322,1.3363755443363323,67
2022-23,2023-03-12,0022201018,OKC,SAS,0,1,1510.7263053151455,1519.2983050881892,8.571999773043737,1257.1441361749771,0.7787264501152418,12.0,12.0,0.2913126124515909,1.2913126124515908,68
2022-23,2023-03-14,0022201031,OKC,BKN,1,1,1519.2983050881892,1539.402523649479,20.104218561289887,1555.3137237199624,0.498538699282718,14.0,14.0,0.3363755443363322,1.3363755443363323,69
2022-23,2023-03-16,0022201044,OKC,TOR,0,0,1539.402523649479,1518.7185588242987,-20.683964825180375,1509.9086776693453,0.4920766707227449,17.0,-17.0,0.4011342849479459,1.401134284947946,70
2022-23,2023-03-19,0022201064,OKC,PHX,1,1,1518.7185588242987,1535.5543389976665,16.835780173367667,1560.8970336173418,0.4896708141105945,4.0,4.0,0.0996679946249558,1.099667994624956,71
2022-23,2023-03-21,0022201082,OKC,LAC,0,1,1535.5543389976665,1552.8955109337664,17.341171936099983,1545.2314116853552,0.436056584382595,1.0,1.0,0.0249947929684206,1.0249947929684209,72
2022-23,2023-03-23,0022201096,OKC,LAC,0,0,1552.8955109337664,1531.0350143858136,-21.860496547952835,1527.8902397492552,0.4856203954008002,22.0,-22.0,0.5005202111902353,1.5005202111902354,73
2022-23,2023-03-24,0022201106,OKC,LAL,0,0,1531.0350143858136,1516.352318346343,-14.68269603947054,1541.2514774909464,0.4352931868768268,5.0,-5.0,0.1243530017715962,1.124353001771596,74
2022-23,2023-03-26,0022201120,OKC,POR,0,1,1516.352318346343,1528.5815069434025,12.229188597059418,1377.4780658177165,0.6451867611014311,6.0,6.0,0.1488850336233179,1.1488850336233178,75
2022-23,2023-03-28,0022201134,OKC,CHA,1,0,1528.5815069434025,1505.7866884518048,-22.79481849159771,1410.6376463965423,0.7069083431412877,3.0,-3.0,0.074859690687499,1.0748596906874992,76
2022-23,2023-03-29,0022201142,OKC,DET,1,1,1505.7866884518048,1509.9831965072358,4.196508055431022,1220.294278248081,0.8635275000348119,1.0,1.0,0.0249947929684206,1.0249947929684209,77
2022-23,2023-03-31,0022201149,OKC,IND,0,0,1509.9831965072358,1488.9147612325569,-21.068435274679143,1376.0641685073083,0.6386301858881986,4.0,-4.0,0.0996679946249558,1.099667994624956,78
2022-23,2023-04-02,0022201172,OKC,PHX,1,0,1488.9147612325569,1473.8609658011756,-15.05379543138113,1592.1297204164948,0.4030730650925959,10.0,-10.0,0.2449186624037091,1.2449186624037092,79
2022-23,2023-04-04,0022201187,OKC,GSW,0,0,1473.8609658011756,1460.2947642374122,-13.566201563763352,1541.41594801701,0.3565536497260013,11.0,-11.0,0.2682711820216014,1.2682711820216013,80
2022-23,2023-04-06,0022201200,OKC,UTA,0,1,1460.2947642374122,1479.6051927927151,19.310428555303226,1401.9486546006342,0.5335472764213796,16.0,16.0,0.3799489622552249,1.379948962255225,81
2022-23,2023-04-09,0022201226,OKC,MEM,1,1,1479.6051927927151,1505.4291151993586,25.823922406643376,1609.8273958004183,0.366295339797984,15.0,15.0,0.3583573983507859,1.358357398350786,82
2022-23,2022-10-19,0022200003,ORL,DET,0,0,1500.0,1485.1610587443392,-14.838941255660735,1500.0,0.449800646746463,4.0,-4.0,0.0996679946249558,1.099667994624956,1
2022-23,2022-10-21,0022200020,ORL,ATL,0,0,1485.1610587443392,1470.0256143257564,-15.13544441858286,1516.798956584878,0.4052592584471636,10.0,-10.0,0.2449186624037091,1.2449186624037092,2
2022-23,2022-10-22,0022200030,ORL,BOS,1,0,1470.0256143257564,1454.226947672276,-15.79866665348051,1534.0154807694769,0.4583767795475922,6.0,-6.0,0.1488850336233179,1.1488850336233178,3
2022-23,2022-10-24,0022200046,ORL,NYK,0,0,1454.226947672276,1439.4553668214417,-14.771580850834308,1508.1762098483637,0.3747170375016042,13.0,-13.0,0.3140209253469976,1.3140209253469977,4
2022-23,2022-10-26,0022200056,ORL,CLE,0,0,1439.4553668214417,1427.1272098756028,-12.328156945838783,1532.2043455630703,0.3240147459680225,11.0,-11.0,0.2682711820216014,1.2682711820216013,5
2022-23,2022-10-28,0022200071,ORL,CHA,1,1,1427.1272098756028,1452.355471121243,25.22826124564019,1514.7480159903962,0.424846335093109,20.0,20.0,0.4621171572600097,1.4621171572600098,6
2022-23,2022-10-30,0022200093,ORL,DAL,0,0,1452.355471121243,1438.1075558107614,-14.247915310481568,1495.879982468692,0.3888797869061249,9.0,-9.0,0.2212784678984439,1.221278467898444,7
2022-23,2022-11-01,0022200105,ORL,OKC,0,0,1438.1075558107614,1425.4704132511597,-12.63714255960179,1509.2719114041354,0.3518012090318833,8.0,-8.0,0.197375320224904,1.197375320224904,8
2022-23,2022-11-03,0022200118,ORL,GSW,1,1,1425.4704132511597,1440.5013890620971,15.030975810937742,1452.6967770711162,0.5111852953123299,1.0,1.0,0.0249947929684206,1.0249947929684209,9
2022-23,2022-11-05,0022200132,ORL,SAC,1,0,1440.5013890620971,1423.567438618707,-16.93395044339004,1458.009031342105,0.5251522777067081,3.0,-3.0,0.074859690687499,1.0748596906874992,10
2022-23,2022-11-07,0022200145,ORL,HOU,1,0,1423.567438618707,1402.406510415724,-21.160928202982863,1387.2524629942875,0.6012130379169619,7.0,-7.0,0.1732351578346601,1.17323515783466,11
2022-23,2022-11-09,0022200161,ORL,DAL,1,1,1402.406510415724,1425.6511169213384,23.24460650561433,1552.9526413697804,0.3395866023280187,7.0,7.0,0.1732351578346601,1.17323515783466,12
2022-23,2022-11-11,0022200177,ORL,PHX,1,1,1425.6511169213384,1453.623942243751,27.972825322412373,1580.1366562189653,0.3345195240999187,17.0,17.0,0.4011342849479459,1.401134284947946,13
2022-23,2022-11-14,0022200200,ORL,CHA,1,0,1453.623942243751,1430.3043179035074,-23.319624340243372,1371.4243198381937,0.6625447644921248,7.0,-7.0,0.1732351578346601,1.17323515783466,14
2022-23,2022-11-16,0022200212,ORL,MIN,1,0,1430.3043179035074,1409.1189888829122,-21.185329020595244,1467.636328621675,0.4966440171998549,18.0,-18.0,0.4218990052500079,1.4218990052500078,15
2022-23,2022-11-18,0022200227,ORL,CHI,0,1,1409.1189888829122,1428.0497879683887,18.93079908547652,1455.9536172825974,0.3843611299184502,1.0,1.0,0.0249947929684206,1.0249947929684209,16
2022-23,2022-11-19,0022200236,ORL,IND,0,0,1428.0497879683887,1418.6415907336143,-9.408197234774416,1535.3383918496504,0.3059591879333015,1.0,-1.0,0.0249947929684206,1.0249947929684209,17
2022-23,2022-11-21,0022200249,ORL,IND,0,0,1418.6415907336143,1406.0430752291388,-12.598515504475431,1544.7465890844248,0.2834535277042259,21.0,-21.0,0.4815497983643079,1.481549798364308,18
2022-23,2022-11-25,0022200273,ORL,PHI,1,0,1406.0430752291388,1392.0420210883997,-14.0010541407394,1518.916629488013,0.3897706899484551,8.0,-8.0,0.197375320224904,1.197375320224904,19
2022-23,2022-11-27,0022200297,ORL,PHI,1,0,1392.0420210883997,1374.7660052999197,-17.276015788479906,1532.9176836287525,0.3521802659681705,30.0,-30.0,0.6351489523872873,1.6351489523872873,20
2022-23,2022-11-28,0022200302,ORL,BKN,0,0,1374.7660052999197,1365.6031094916043,-9.16289580831507,1521.1703266918885,0.2603313225294704,7.0,-7.0,0.1732351578346601,1.17323515783466,21
2022-23,2022-11-30,0022200313,ORL,ATL,1,0,1365.6031094916043,1350.2503765670203,-15.35273292458385,1496.6115973930184,0.3652453370461972,17.0,-17.0,0.4011342849479459,1.401134284947946,22
2022-23,2022-12-02,0022200330,ORL,CLE,0,0,1350.2503765670203,1343.1128005129133,-7.137576054107131,1569.872822940452,0.187593320085009,11.0,-11.0,0.2682711820216014,1.2682711820216013,23
2022-23,2022-12-03,0022200340,ORL,TOR,0,0,1343.1128005129133,1332.8797300764272,-10.233070436486042,1490.1895154635467,0.2595866940191931,13.0,-13.0,0.3140209253469976,1.3140209253469977,24
2022-23,2022-12-05,0022200353,ORL,MIL,1,0,1332.8797300764272,1325.0436008028644,-7.836129273562799,1585.0914064648496,0.2226359373689776,7.0,-7.0,0.1732351578346601,1.17323515783466,25
2022-23,2022-12-07,0022200363,ORL,LAC,1,1,1325.0436008028644,1348.5606833840943,23.517082581230127,1504.9270141072143,0.3027965848158825,5.0,5.0,0.1243530017715962,1.124353001771596,26
2022-23,2022-12-09,0022200379,ORL,TOR,1,1,1348.5606833840943,1370.726731053292,22.16604766919752,1508.0810007704276,0.3280987904972991,4.0,4.0,0.0996679946249558,1.099667994624956,27
2022-23,2022-12-11,0022200398,ORL,TOR,1,1,1370.726731053292,1394.4892253031703,23.762494249878326,1485.91495310123,0.3866062067195174,12.0,12.0,0.2913126124515909,1.2913126124515908,28
2022-23,2022-12-14,0022200416,ORL,ATL,1,1,1394.4892253031703,1415.9830081285115,21.493782825341324,1474.849487008801,0.4350897208203106,11.0,11.0,0.2682711820216014,1.2682711820216013,29
2022-23,2022-12-16,0022200430,ORL,BOS,0,1,1415.9830081285115,1445.6111650742885,29.62815694577683,1650.1189361134948,0.1751915921063149,8.0,8.0,0.197375320224904,1.197375320224904,30
2022-23,2022-12-18,0022200445,ORL,BOS,0,1,1445.6111650742885,1470.439584252486,24.828419178197503,1620.4907791677178,0.2300260398850504,3.0,3.0,0.074859690687499,1.0748596906874992,31
2022-23,2022-12-19,0022200454,ORL,ATL,0,0,1470.439584252486,1456.5864897519457,-13.853094500540518,1469.9421295735656,0.450509426830728,1.0,-1.0,0.0249947929684206,1.0249947929684209,32
2022-23,2022-12-21,0022200472,ORL,HOU,0,1,1456.5864897519457,1472.4828792368553,15.896389484909902,1394.5796152813257,0.5387879256935928,6.0,6.0,0.1488850336233179,1.1488850336233178,33
2022-23,2022-12-23,0022200479,ORL,SAS,1,1,1472.4828792368553,1486.2832810878328,13.800401850977584,1372.225993387239,0.6853785671357241,20.0,20.0,0.4621171572600097,1.4621171572600098,34
2022-23,2022-12-27,0022200505,ORL,LAL,1,0,1486.2832810878328,1459.463400161657,-26.81988092617574,1436.335534196275,0.6198704854082133,19.0,-19.0,0.4422303560457261,1.442230356045726,35
2022-23,2022-12-28,0022200515,ORL,DET,0,0,1459.463400161657,1431.2403285553694,-28.22307160628775,1321.9213102893189,0.6434293236158415,20.0,-20.0,0.4621171572600097,1.4621171572600098,36
2022-23,2022-12-30,0022200529,ORL,WAS,1,0,1431.2403285553694,1409.3752255531144,-21.86510300225497,1462.5199003636149,0.505353921921419,19.0,-19.0,0.4422303560457261,1.442230356045726,37
2022-23,2023-01-04,0022200566,ORL,OKC,1,1,1409.3752255531144,1430.0452024922818,20.66997693916727,1474.5097205978714,0.4567413964201856,11.0,11.0,0.2682711820216014,1.2682711820216013,38
2022-23,2023-01-05,0022200576,ORL,MEM,1,0,1430.0452024922818,1419.3957488513254,-10.649453640956429,1615.1687829402456,0.2964665982636124,8.0,-8.0,0.197375320224904,1.197375320224904,39
2022-23,2023-01-07,0022200594,ORL,GSW,0,1,1419.3957488513254,1447.1325522132208,27.736803361895408,1524.888763120883,0.3081584619072529,14.0,14.0,0.3363755443363322,1.3363755443363323,40
2022-23,2023-01-09,0022200610,ORL,SAC,0,0,1447.1325522132208,1429.343366222039,-17.789185991181473,1496.1212572348727,0.3814312184982177,25.0,-25.0,0.5545997223493823,1.5545997223493822,41
2022-23,2023-01-10,0022200616,ORL,POR,0,1,1429.343366222039,1447.6771133230184,18.333747100979103,1442.2874884782746,0.4314375088574734,3.0,3.0,0.074859690687499,1.0748596906874992,42
2022-23,2023-01-13,0022200638,ORL,UTA,0,0,1447.6771133230184,1433.307789798713,-14.369323524305434,1457.7011376044238,0.4355655099096863,4.0,-4.0,0.0996679946249558,1.099667994624956,43
2022-23,2023-01-15,0022200653,ORL,DEN,0,0,1433.307789798713,1427.4608193027923,-5.846970495920701,1660.169236243628,0.181325077328027,3.0,-3.0,0.074859690687499,1.0748596906874992,44
2022-23,2023-01-20,0022200683,ORL,NOP,1,1,1427.4608193027923,1450.524634514962,23.063815212169573,1522.1538085803554,0.414930291005347,13.0,13.0,0.3140209253469976,1.3140209253469977,45
2022-23,2023-01-21,0022200693,ORL,WAS,0,0,1450.524634514962,1431.8360907146616,-18.68854380030037,1467.28204042738,0.4260612474977148,20.0,-20.0,0.4621171572600097,1.4621171572600098,46
2022-23,2023-01-23,0022200707,ORL,BOS,1,1,1431.8360907146616,1463.605697933237,31.769607218575477,1686.3087311304494,0.2203915489608328,15.0,15.0,0.3583573983507859,1.358357398350786,47
2022-23,2023-01-25,0022200720,ORL,IND,1,1,1463.605697933237,1479.2918126695122,15.686114736275174,1467.3295821584345,0.5448887609231362,6.0,6.0,0.1488850336233179,1.1488850336233178,48
2022-23,2023-01-27,0022200738,ORL,MIA,0,0,1479.2918126695122,1468.736566742518,-10.555245926994411,1580.9149467560808,0.3129279953408153,5.0,-5.0,0.1243530017715962,1.124353001771596,49
2022-23,2023-01-28,0022200744,ORL,CHI,1,0,1468.736566742518,1445.991986181529,-22.744580560988776,1485.8760615648473,0.5256807154198155,19.0,-19.0,0.4422303560457261,1.442230356045726,50
2022-23,2023-01-30,0022200756,ORL,PHI,0,1,1445.991986181529,1476.4784838033454,30.486497621816294,1670.0784559887354,0.1837084477215972,10.0,10.0,0.2449186624037091,1.2449186624037092,51
2022-23,2023-02-01,0022200770,ORL,PHI,0,0,1476.4784838033454,1467.2616691812714,-9.216814622074049,1639.591958366919,0.2422409011765294,11.0,-11.0,0.2682711820216014,1.2682711820216013,52
2022-23,2023-02-03,0022200790,ORL,MIN,0,1,1467.2616691812714,1489.6913436636755,22.429674482404188,1530.1501402086449,0.3627400175596305,7.0,7.0,0.1732351578346601,1.17323515783466,53
2022-23,2023-02-05,0022200802,ORL,CHA,0,1,1489.6913436636755,1502.120311159677,12.428967496001464,1355.1997761301689,0.6393904486449971,6.0,6.0,0.1488850336233179,1.1488850336233178,54
2022-23,2023-02-07,0022200816,ORL,NYK,1,0,1502.120311159677,1484.712233330121,-17.408077829555843,1517.868839737615,0.5276767750098036,4.0,-4.0,0.0996679946249558,1.099667994624956,55
2022-23,2023-02-09,0022200831,ORL,DEN,1,1,1484.712233330121,1510.6892267253986,25.97699339527752,1652.848442439858,0.3172597531843659,11.0,11.0,0.2682711820216014,1.2682711820216013,56
2022-23,2023-02-11,0022200848,ORL,MIA,1,0,1510.6892267253986,1495.1054905881576,-15.583736137241008,1564.903214956811,0.4723770026775482,4.0,-4.0,0.0996679946249558,1.099667994624956,57
2022-23,2023-02-13,0022200863,ORL,CHI,0,1,1495.1054905881576,1514.568110266209,19.462619678051485,1481.8198831734408,0.4687911018485832,9.0,9.0,0.2212784678984439,1.221278467898444,58
2022-23,2023-02-14,0022200868,ORL,TOR,0,0,1514.568110266209,1496.1756248478123,-18.39248541839674,1484.8021399573422,0.4924681955495317,10.0,-10.0,0.2449186624037091,1.2449186624037092,59
2022-23,2023-02-23,0022200888,ORL,DET,1,1,1496.1756248478123,1503.1430576129355,6.967432765123208,1312.5163831190555,0.7788028893557261,2.0,2.0,0.0499583749578799,1.04995837495788,60
2022-23,2023-02-25,0022200905,ORL,IND,1,0,1503.1430576129355,1474.9015753487042,-28.241482264231365,1377.151506188336,0.7164138134957414,13.0,-13.0,0.3140209253469976,1.3140209253469977,61
2022-23,2023-02-27,0022200922,ORL,NOP,0,1,1474.9015753487042,1492.820039657165,17.918464308460614,1439.0859123965358,0.5011738311900685,8.0,8.0,0.197375320224904,1.197375320224904,62
2022-23,2023-03-01,0022200939,ORL,MIL,0,0,1492.820039657165,1484.7922558245862,-8.0277838325787,1723.2052777872425,0.1783333489437182,22.0,-22.0,0.5005202111902353,1.5005202111902354,63
2022-23,2023-03-03,0022200946,ORL,CHA,0,1,1484.7922558245862,1501.2371411997494,16.44488537516319,1402.396958825768,0.5677873520984595,11.0,11.0,0.2682711820216014,1.2682711820216013,64
2022-23,2023-03-05,0022200966,ORL,POR,1,0,1501.2371411997494,1479.3085639612088,-21.92857723854068,1405.2579260475452,0.6800446429900935,3.0,-3.0,0.074859690687499,1.0748596906874992,65
2022-23,2023-03-07,0022200978,ORL,MIL,1,0,1479.3085639612088,1470.335022898392,-8.973541062816908,1718.5284881142834,0.2358470646241772,11.0,-11.0,0.2682711820216014,1.2682711820216013,66
2022-23,2023-03-09,0022200994,ORL,UTA,1,0,1470.335022898392,1447.546873987999,-22.78814891039269,1399.7447988397846,0.6474447672380483,7.0,-7.0,0.1732351578346601,1.17323515783466,67
2022-23,2023-03-11,0022201007,ORL,MIA,1,1,1447.546873987999,1469.9174899813354,22.37061599333617,1536.8117134589895,0.4225354940488303,12.0,12.0,0.2913126124515909,1.2913126124515908,68
2022-23,2023-03-14,0022201032,ORL,SAS,0,0,1469.9174899813354,1438.1334334967253,-31.78405648461015,1248.5721364019334,0.7451081585789014,18.0,-18.0,0.4218990052500079,1.4218990052500078,69
2022-23,2023-03-16,0022201046,ORL,PHX,0,0,1438.1334334967253,1428.4961263356688,-9.637307161056448,1551.2597264562853,0.298870238430601,3.0,-3.0,0.074859690687499,1.0748596906874992,70
2022-23,2023-03-18,0022201056,ORL,LAC,0,1,1428.4961263356688,1452.7026545348642,24.206528199195432,1555.5402456658503,0.2823568113971854,5.0,5.0,0.1243530017715962,1.124353001771596,71
2022-23,2023-03-19,0022201070,ORL,LAL,0,0,1452.7026545348642,1439.9538540269573,-12.748800507906957,1510.240860198037,0.3698890702666795,6.0,-6.0,0.1488850336233179,1.1488850336233178,72
2022-23,2023-03-21,0022201077,ORL,WAS,1,1,1439.9538540269573,1457.1480393955296,17.194185368572445,1447.3673857022577,0.5396169006101,10.0,10.0,0.2449186624037091,1.2449186624037092,73
2022-23,2023-03-23,0022201093,ORL,NYK,1,1,1457.1480393955296,1478.6914626879511,21.54342329242168,1591.1128237708442,0.3613090296233594,5.0,5.0,0.1243530017715962,1.124353001771596,74
2022-23,2023-03-26,0022201118,ORL,BKN,1,1,1478.6914626879511,1498.2204135042994,19.52895081634802,1510.4944684093614,0.5046007147567317,13.0,13.0,0.3140209253469976,1.3140209253469977,75
2022-23,2023-03-28,0022201133,ORL,MEM,0,0,1498.2204135042994,1488.2429189679003,-9.977494536398972,1613.8999001083755,0.295799584907286,5.0,-5.0,0.1243530017715962,1.124353001771596,76
2022-23,2023-03-31,0022201151,ORL,WAS,0,1,1488.2429189679003,1505.5345263670342,17.291607399133863,1447.1829953209458,0.5087200469100754,7.0,7.0,0.1732351578346601,1.17323515783466,77
2022-23,2023-04-02,0022201169,ORL,DET,1,1,1505.5345263670342,1511.4435378000044,5.909011432970101,1203.008414738425,0.874676584769068,26.0,26.0,0.5716699660851172,1.5716699660851172,78
2022-23,2023-04-04,0022201178,ORL,CLE,1,0,1511.4435378000044,1497.578301715262,-13.865236084742202,1602.3114252624446,0.4202855211001198,4.0,-4.0,0.0996679946249558,1.099667994624956,79
2022-23,2023-04-06,0022201197,ORL,CLE,1,0,1497.578301715262,1479.965487953598,-17.612813761664047,1616.1766613471868,0.3819615220360806,24.0,-24.0,0.5370495669980352,1.5370495669980353,80
2022-23,2023-04-07,0022201207,ORL,BKN,0,0,1479.965487953598,1463.0256054962815,-16.939882457316546,1513.2302997491245,0.4030040194171654,17.0,-17.0,0.4011342849479459,1.401134284947946,81
2022-23,2023-04-09,0022201219,ORL,MIA,0,0,1463.0256054962815,1448.6545373275565,-14.371068168725037,1524.5500236076832,0.3645570602292102,13.0,-13.0,0.3140209253469976,1.3140209253469977,82
2022-23,2022-10-18,0022200001,PHI,BOS,0,0,1500.0,1483.5200446584524,-16.479955341547488,1500.0,0.449800646746463,9.0,-9.0,0.2212784678984439,1.221278467898444,1
2022-23,2022-10-20,0022200015,PHI,MIL,1,0,1483.5200446584524,1466.9319432251057,-16.588101433346782,1500.0,0.526627271740248,2.0,-2.0,0.0499583749578799,1.04995837495788,2
2022-23,2022-10-22,0022200028,PHI,SAS,1,0,1466.9319432251057,1448.080792514117,-18.851150710988357,1491.839864821624,0.514519584912989,9.0,-9.0,0.2212784678984439,1.221278467898444,3
2022-23,2022-10-24,0022200044,PHI,IND,1,1,1448.080792514117,1467.9840095375446,19.903217023427192,1480.6123612262718,0.5035522984094645,14.0,14.0,0.3363755443363322,1.3363755443363323,4
2022-23,2022-10-26,0022200059,PHI,TOR,0,0,1467.9840095375446,1452.9352559625609,-15.04875357498371,1501.296443267056,0.4029380668111905,10.0,-10.0,0.2449186624037091,1.2449186624037092,5
2022-23,2022-10-28,0022200073,PHI,TOR,0,1,1452.9352559625609,1481.6531239159046,28.717867953343873,1516.3451968420395,0.3620464036588035,22.0,22.0,0.5005202111902353,1.5005202111902354,6
2022-23,2022-10-29,0022200084,PHI,CHI,0,1,1481.6531239159046,1501.136142650107,19.48301873420278,1501.0192873295746,0.4223931836500874,5.0,5.0,0.1243530017715962,1.124353001771596,7
2022-23,2022-10-31,0022200097,PHI,WAS,0,1,1501.136142650107,1519.882490659351,18.746348009243935,1488.8289886447883,0.4673887303819958,7.0,7.0,0.1732351578346601,1.17323515783466,8
2022-23,2022-11-02,0022200108,PHI,WAS,1,0,1519.882490659351,1496.739333558449,-23.14315710090229,1470.0826406355443,0.6196698574190944,10.0,-10.0,0.2449186624037091,1.2449186624037092,9
2022-23,2022-11-04,0022200122,PHI,NYK,1,0,1496.739333558449,1478.8368211167988,-17.90251244165021,1483.9412534765677,0.5683562595951605,2.0,-2.0,0.0499583749578799,1.04995837495788,10
2022-23,2022-11-07,0022200148,PHI,PHX,1,1,1478.8368211167988,1502.2414539493973,23.40463283259849,1587.2869245290406,0.3958438721727194,12.0,12.0,0.2913126124515909,1.2913126124515908,11
2022-23,2022-11-10,0022200173,PHI,ATL,0,0,1502.2414539493973,1488.0670008245684,-14.174453124829,1547.2329990455569,0.3868747245177197,9.0,-9.0,0.2212784678984439,1.221278467898444,12
2022-23,2022-11-12,0022200188,PHI,ATL,1,1,1488.0670008245684,1509.5655527564234,21.498551931854895,1561.4074521703856,0.4450465434795237,12.0,12.0,0.2913126124515909,1.2913126124515908,13
2022-23,2022-11-13,0022200195,PHI,UTA,1,1,1509.5655527564234,1529.1471974056062,19.58164464918297,1583.88386120093,0.4436567264905602,7.0,7.0,0.1732351578346601,1.17323515783466,14
2022-23,2022-11-18,0022200226,PHI,MIL,1,1,1529.1471974056062,1547.751670393188,18.604472987581936,1576.6072240737385,0.4820762637152222,8.0,8.0,0.197375320224904,1.197375320224904,15
2022-23,2022-11-19,0022200237,PHI,MIN,1,0,1547.751670393188,1527.3730944128465,-20.3785759803416,1488.82165764227,0.6319763145800952,3.0,-3.0,0.074859690687499,1.0748596906874992,16
2022-23,2022-11-22,0022200256,PHI,BKN,1,1,1527.3730944128465,1543.0356776471426,15.662583234296145,1511.6312796143811,0.5725085461399572,9.0,9.0,0.2212784678984439,1.221278467898444,17
2022-23,2022-11-23,0022200260,PHI,CHA,0,0,1543.0356776471426,1518.916629488013,-24.11904815912955,1361.0258336410272,0.6997813083485429,6.0,-6.0,0.1488850336233179,1.1488850336233178,18
2022-23,2022-11-25,0022200273,PHI,ORL,0,1,1518.916629488013,1532.9176836287525,14.0010541407394,1406.0430752291388,0.6102293100515448,8.0,8.0,0.197375320224904,1.197375320224904,19
2022-23,2022-11-27,0022200297,PHI,ORL,0,1,1532.9176836287525,1550.1936994172324,17.276015788479906,1392.0420210883997,0.6478197340318295,30.0,30.0,0.6351489523872873,1.6351489523872873,20
2022-23,2022-11-28,0022200299,PHI,ATL,1,1,1550.1936994172324,1562.8481818959772,12.65448247874472,1509.2660798717632,0.6075617252378094,3.0,3.0,0.074859690687499,1.0748596906874992,21
2022-23,2022-11-30,0022200312,PHI,CLE,0,0,1562.8481818959772,1540.1177265888732,-22.730455307103853,1547.142367633348,0.4722619429141006,28.0,-28.0,0.6043677771171634,1.6043677771171634,22
2022-23,2022-12-02,0022200332,PHI,MEM,0,0,1540.1177265888732,1523.2461406263933,-16.87158596247993,1526.210378896039,0.4696824706923953,8.0,-8.0,0.197375320224904,1.197375320224904,23
2022-23,2022-12-05,0022200356,PHI,HOU,0,0,1523.2461406263933,1500.7243074622904,-22.52183316410294,1407.0957156739132,0.6147064669277309,9.0,-9.0,0.2212784678984439,1.221278467898444,24
2022-23,2022-12-09,0022200382,PHI,LAL,1,1,1500.7243074622904,1517.0238224622528,16.29951499996247,1485.6214944910384,0.5716080485252548,11.0,11.0,0.2682711820216014,1.2682711820216013,25
2022-23,2022-12-11,0022200399,PHI,CHA,1,1,1517.0238224622528,1527.8687861177298,10.844963655476858,1365.0786378078426,0.7457633860202791,18.0,18.0,0.4218990052500079,1.4218990052500078,26
2022-23,2022-12-13,0022200409,PHI,SAC,1,1,1527.8687861177298,1549.7250276363527,21.856241518622895,1561.672484633977,0.5017216094233006,20.0,20.0,0.4621171572600097,1.4621171572600098,27
2022-23,2022-12-16,0022200432,PHI,GSW,1,1,1549.7250276363527,1564.8464774897393,15.12144985338667,1507.265679514226,0.6096620418743736,12.0,12.0,0.2913126124515909,1.2913126124515908,28
2022-23,2022-12-19,0022200453,PHI,TOR,1,1,1564.8464774897393,1573.2190852192928,8.372607729553412,1417.826644407681,0.7403503669023646,3.0,3.0,0.074859690687499,1.0748596906874992,29
2022-23,2022-12-21,0022200467,PHI,DET,1,1,1573.2190852192928,1581.517544537257,8.298459317964143,1355.408677110896,0.810811801759321,20.0,20.0,0.4621171572600097,1.4621171572600098,30
2022-23,2022-12-23,0022200480,PHI,LAC,1,1,1581.517544537257,1594.081638671375,12.564094134117974,1525.910430307143,0.6275163252608017,5.0,5.0,0.1243530017715962,1.124353001771596,31
2022-23,2022-12-25,0022200493,PHI,NYK,0,1,1594.081638671375,1611.4122566323997,17.330617961024604,1553.7920794284598,0.5076116995729356,7.0,7.0,0.1732351578346601,1.17323515783466,32
2022-23,2022-12-27,0022200506,PHI,WAS,0,0,1611.4122566323997,1587.0598657622363,-24.35239087016333,1410.6433952829454,0.721967532491791,5.0,-5.0,0.1243530017715962,1.124353001771596,33
2022-23,2022-12-30,0022200534,PHI,NOP,0,0,1587.0598657622363,1570.4713071069086,-16.588558655327724,1596.7848659424474,0.4359887404334106,11.0,-11.0,0.2682711820216014,1.2682711820216013,34
2022-23,2022-12-31,0022200545,PHI,OKC,0,1,1570.4713071069086,1587.3026038844264,16.831296777517757,1457.04257808287,0.6109891713446429,19.0,19.0,0.4422303560457261,1.442230356045726,35
2022-23,2023-01-02,0022200554,PHI,NOP,1,1,1587.3026038844264,1604.0570566121096,16.754452727683194,1592.554062910113,0.5427072758021632,9.0,9.0,0.2212784678984439,1.221278467898444,36
2022-23,2023-01-04,0022200567,PHI,IND,1,1,1604.0570566121096,1616.1747746350245,12.117718022914756,1550.904516608355,0.624207756978214,3.0,3.0,0.074859690687499,1.0748596906874992,37
2022-23,2023-01-06,0022200581,PHI,CHI,1,0,1616.1747746350245,1587.6523705454697,-28.522404089554897,1494.4165831108137,0.7114368464871308,14.0,-14.0,0.3363755443363322,1.3363755443363323,38
2022-23,2023-01-08,0022200596,PHI,DET,0,1,1587.6523705454697,1597.2224548483427,9.570084302873312,1359.048308407028,0.7529623678884838,12.0,12.0,0.2913126124515909,1.2913126124515908,39
2022-23,2023-01-10,0022200612,PHI,DET,1,1,1597.2224548483427,1605.3474505609306,8.124995712587792,1349.4782241041548,0.8358415068344079,31.0,31.0,0.6498274636719203,1.6498274636719203,40
2022-23,2023-01-12,0022200626,PHI,OKC,1,0,1605.3474505609306,1574.6410933146194,-30.70635724631129,1485.0596414054862,0.7096960879051543,19.0,-19.0,0.4422303560457261,1.442230356045726,41
2022-23,2023-01-14,0022200646,PHI,UTA,0,1,1574.6410933146194,1587.062978568649,12.4218852540295,1472.0704611287292,0.5960341997427685,1.0,1.0,0.0249947929684206,1.0249947929684209,42
2022-23,2023-01-15,0022200655,PHI,LAL,0,1,1587.062978568649,1600.1639445719036,13.100966003254593,1500.2974681380392,0.5739501607511021,1.0,1.0,0.0249947929684206,1.0249947929684209,43
2022-23,2023-01-17,0022200668,PHI,LAC,0,1,1600.1639445719036,1613.5853723313398,13.421427759436344,1464.734433252978,0.640634413455788,10.0,10.0,0.2449186624037091,1.2449186624037092,44
2022-23,2023-01-19,0022200682,PHI,POR,0,1,1613.5853723313398,1625.8618738058026,12.276501474462773,1454.546153066695,0.6712903997878035,10.0,10.0,0.2449186624037091,1.2449186624037092,45
2022-23,2023-01-21,0022200698,PHI,SAC,0,1,1625.8618738058026,1640.9239609078231,15.06208710202053,1575.690463209996,0.5218195482392414,2.0,2.0,0.0499583749578799,1.04995837495788,46
2022-23,2023-01-25,0022200721,PHI,BKN,1,1,1640.9239609078231,1654.2895883763522,13.365627468528968,1609.201037295647,0.5948587048133759,4.0,4.0,0.0996679946249558,1.099667994624956,47
2022-23,2023-01-28,0022200741,PHI,DEN,1,1,1654.2895883763522,1670.0784559887354,15.78886761238332,1653.4359933711453,0.5514150905170768,7.0,7.0,0.1732351578346601,1.17323515783466,48
2022-23,2023-01-30,0022200756,PHI,ORL,1,0,1670.0784559887354,1639.591958366919,-30.486497621816294,1445.991986181529,0.8162915522784028,10.0,-10.0,0.2449186624037091,1.2449186624037092,49
2022-23,2023-02-01,0022200770,PHI,ORL,1,1,1639.591958366919,1648.808772988993,9.216814622074049,1476.4784838033454,0.7577590988234706,11.0,11.0,0.2682711820216014,1.2682711820216013,50
2022-23,2023-02-03,0022200791,PHI,SAS,0,1,1648.808772988993,1653.7745194911606,4.965746502167571,1280.7714850084844,0.8718165672591609,12.0,12.0,0.2913126124515909,1.2913126124515908,51
2022-23,2023-02-05,0022200804,PHI,NYK,0,0,1653.7745194911606,1628.111215658299,-25.663303832861704,1492.205535904753,0.6744957018828014,11.0,-11.0,0.2682711820216014,1.2682711820216013,52
2022-23,2023-02-08,0022200824,PHI,BOS,0,0,1628.111215658299,1611.971761886439,-16.139453771859987,1621.982974457204,0.4585455769909248,7.0,-7.0,0.1732351578346601,1.17323515783466,53
2022-23,2023-02-10,0022200837,PHI,NYK,1,1,1611.971761886439,1625.0822402497397,13.11047836330062,1535.2769175671708,0.6554238938499269,11.0,11.0,0.2682711820216014,1.2682711820216013,54
2022-23,2023-02-11,0022200846,PHI,BKN,0,1,1625.0822402497397,1639.6231959749646,14.54095572522482,1555.8826676467738,0.5490587949538428,3.0,3.0,0.074859690687499,1.0748596906874992,55
2022-23,2023-02-13,0022200860,PHI,HOU,1,1,1639.6231959749646,1643.449632319603,3.8264363446385374,1269.364141388877,0.9115620624542076,19.0,19.0,0.4422303560457261,1.442230356045726,56
2022-23,2023-02-15,0022200875,PHI,CLE,1,1,1643.449632319603,1658.1551266065635,14.705494286960732,1627.1174171257285,0.5733401266854641,6.0,6.0,0.1488850336233179,1.1488850336233178,57
2022-23,2023-02-23,0022200889,PHI,MEM,1,1,1658.1551266065635,1668.4318645156377,10.276737909073702,1549.81156570205,0.6953288426653351,5.0,5.0,0.1243530017715962,1.124353001771596,58
2022-23,2023-02-25,0022200908,PHI,BOS,1,0,1668.4318645156377,1649.9372201820952,-18.4946443335423,1651.9490330933927,0.5735522038761109,3.0,-3.0,0.074859690687499,1.0748596906874992,59
2022-23,2023-02-27,0022200920,PHI,MIA,1,0,1649.9372201820952,1626.8867026327837,-23.05051754931164,1510.5713154063696,0.7317914722170559,2.0,-2.0,0.0499583749578799,1.04995837495788,60
2022-23,2023-03-01,0022200936,PHI,MIA,0,1,1626.8867026327837,1645.8863578999576,18.999655267174155,1533.6218329556814,0.5830725878285351,23.0,23.0,0.5190218338982221,1.519021833898222,61
2022-23,2023-03-02,0022200943,PHI,DAL,0,0,1645.8863578999576,1621.1570641126227,-24.729293787334793,1461.543190710188,0.7025955431070767,7.0,-7.0,0.1732351578346601,1.17323515783466,62
2022-23,2023-03-04,0022200960,PHI,MIL,0,1,1621.1570641126227,1643.6464846263937,22.489420513770916,1731.2330616198212,0.3025625977474856,3.0,3.0,0.074859690687499,1.0748596906874992,63
2022-23,2023-03-06,0022200972,PHI,IND,0,1,1643.6464846263937,1651.9728352013517,8.326350574958072,1420.00514562043,0.7476101691402537,4.0,4.0,0.0996679946249558,1.099667994624956,64
2022-23,2023-03-07,0022200980,PHI,MIN,0,1,1651.9728352013517,1670.0051125935563,18.032277392204733,1543.417726629236,0.604300675829677,23.0,23.0,0.5190218338982221,1.519021833898222,65
2022-23,2023-03-10,0022200998,PHI,POR,1,1,1670.0051125935563,1675.18228398398,5.177171390423568,1427.5316835767494,0.831635847455371,1.0,1.0,0.0249947929684206,1.0249947929684209,66
2022-23,2023-03-12,0022201016,PHI,WAS,1,1,1675.18228398398,1683.9805736624,8.79828967841996,1472.972023169404,0.7966508461116455,19.0,19.0,0.4422303560457261,1.442230356045726,67
2022-23,2023-03-15,0022201035,PHI,CLE,0,1,1683.9805736624,1700.4730801705268,16.49250650812677,1614.2210222235335,0.5498567841914381,9.0,9.0,0.2212784678984439,1.221278467898444,68
2022-23,2023-03-17,0022201047,PHI,CHA,0,1,1700.4730801705268,1708.8520608760102,8.378980705483428,1376.7858596895385,0.8404817932300435,39.0,39.0,0.7508932836251672,1.7508932836251672,69
2022-23,2023-03-18,0022201057,PHI,IND,0,1,1708.8520608760102,1717.7787126892254,8.92665181321507,1436.813936732913,0.7964902751034555,20.0,20.0,0.4621171572600097,1.4621171572600098,70
2022-23,2023-03-20,0022201072,PHI,CHI,1,0,1717.7787126892254,1691.5197429983211,-26.258969690904127,1516.3012865579265,0.7959665953498326,4.0,-4.0,0.0996679946249558,1.099667994624956,71
2022-23,2023-03-22,0022201087,PHI,CHI,0,1,1691.5197429983211,1707.453050013915,15.933307015593693,1542.560256248831,0.6583620682432099,25.0,25.0,0.5545997223493823,1.5545997223493822,72
2022-23,2023-03-24,0022201103,PHI,GSW,0,0,1707.453050013915,1682.4126450632818,-25.04040495063309,1527.6617144853935,0.6970915058315418,8.0,-8.0,0.197375320224904,1.197375320224904,73
2022-23,2023-03-25,0022201110,PHI,PHX,0,0,1682.4126450632818,1652.3870383075982,-30.02560675568367,1512.8441032081814,0.684523503163301,20.0,-20.0,0.4621171572600097,1.4621171572600098,74
2022-23,2023-03-27,0022201126,PHI,DEN,0,0,1652.3870383075982,1635.8594586895474,-16.527579618050925,1624.3451162350382,0.4899878594477329,5.0,-5.0,0.1243530017715962,1.124353001771596,75
2022-23,2023-03-29,0022201139,PHI,DAL,1,1,1635.8594586895474,1643.0591998575028,7.199741167955409,1430.5032536671213,0.7995688000149339,8.0,8.0,0.197375320224904,1.197375320224904,76
2022-23,2023-03-31,0022201150,PHI,TOR,1,1,1643.0591998575028,1654.4515060649544,11.392306207451602,1550.0384205150497,0.6763278548954781,7.0,7.0,0.1732351578346601,1.17323515783466,77
2022-23,2023-04-02,0022201174,PHI,MIL,0,0,1654.4515060649544,1637.3394181183075,-17.11208794664679,1665.518762561424,0.4340896865126138,13.0,-13.0,0.3140209253469976,1.3140209253469977,78
2022-23,2023-04-04,0022201181,PHI,BOS,1,1,1637.3394181183075,1652.123442361002,14.784024242694466,1651.0167693879507,0.5306472905560807,2.0,2.0,0.0499583749578799,1.04995837495788,79
2022-23,2023-04-06,0022201198,PHI,MIA,1,0,1652.123442361002,1616.8546512020296,-35.26879115897236,1511.8938852604613,0.7327661330110921,28.0,-28.0,0.6043677771171634,1.6043677771171634,80
2022-23,2023-04-07,0022201205,PHI,ATL,0,1,1616.8546512020296,1631.035808786291,14.181157584261353,1526.0856627736728,0.5795757630709486,5.0,5.0,0.1243530017715962,1.124353001771596,81
2022-23,2023-04-09,0022201217,PHI,BKN,0,1,1631.035808786291,1650.7834666075582,19.747657821267214,1530.170182206441,0.5936688065736733,29.0,29.0,0.619996867969374,1.619996867969374,82
2022-23,2022-10-19,0022200013,PHX,DAL,1,1,1500.0,1514.1681586833877,14.168158683387594,1500.0,0.550199353253537,2.0,2.0,0.0499583749578799,1.04995837495788,1
2022-23,2022-10-21,0022200027,PHX,POR,0,0,1514.1681586833877,1500.232850779994,-13.935307903393806,1519.3653967516482,0.4424082654372793,2.0,-2.0,0.0499583749578799,1.04995837495788,2
2022-23,2022-10-23,0022200043,PHX,LAC,0,1,1500.232850779994,1525.3395301190023,25.10667933900835,1533.7129796136055,0.4027058503308482,17.0,17.0,0.4011342849479459,1.401134284947946,3
2022-23,2022-10-25,0022200055,PHX,GSW,1,1,1525.3395301190023,1546.2318854860555,20.8923553670532,1511.2952373896949,0.5701153135923189,29.0,29.0,0.619996867969374,1.619996867969374,4
2022-23,2022-10-28,0022200079,PHX,NOP,1,1,1546.2318854860555,1563.747782257242,17.5158967711865,1542.389666702167,0.5556667215538945,13.0,13.0,0.3140209253469976,1.3140209253469977,5
2022-23,2022-10-30,0022200094,PHX,HOU,1,1,1563.747782257242,1575.554419733331,11.806637476089026,1442.974346804749,0.7102716979977988,15.0,15.0,0.3583573983507859,1.358357398350786,6
2022-23,2022-11-01,0022200106,PHX,MIN,1,1,1575.554419733331,1588.7669852648996,13.212565531568504,1511.071594251789,0.6393788455059319,9.0,9.0,0.2212784678984439,1.221278467898444,7
2022-23,2022-11-04,0022200130,PHX,POR,1,0,1588.7669852648996,1568.8106637656804,-19.956321499219285,1528.6536845137946,0.6335591319678062,2.0,-2.0,0.0499583749578799,1.04995837495788,8
2022-23,2022-11-05,0022200139,PHX,POR,1,1,1568.8106637656804,1587.2869245290406,18.476260763360123,1548.6100060130138,0.5787783792012852,20.0,20.0,0.4621171572600097,1.4621171572600098,9
2022-23,2022-11-07,0022200148,PHX,PHI,0,0,1587.2869245290406,1563.882291696442,-23.40463283259849,1478.8368211167988,0.6041561278272807,12.0,-12.0,0.2913126124515909,1.2913126124515908,10
2022-23,2022-11-09,0022200167,PHX,MIN,0,1,1563.882291696442,1580.1366562189653,16.254364522523264,1472.5130259512362,0.5804175181700341,12.0,12.0,0.2913126124515909,1.2913126124515908,11
2022-23,2022-11-11,0022200177,PHX,ORL,0,0,1580.1366562189653,1552.163830896553,-27.972825322412373,1425.6511169213384,0.6654804759000812,17.0,-17.0,0.4011342849479459,1.401134284947946,12
2022-23,2022-11-14,0022200202,PHX,MIA,0,0,1552.163830896553,1535.2678935453223,-16.895937351230653,1482.6798148088203,0.5494641685706985,1.0,-1.0,0.0249947929684206,1.0249947929684209,13
2022-23,2022-11-16,0022200220,PHX,GSW,1,1,1535.2678935453223,1549.1888765823358,13.920983037013553,1474.733428102437,0.6341218073245252,11.0,11.0,0.2682711820216014,1.2682711820216013,14
2022-23,2022-11-18,0022200232,PHX,UTA,0,0,1549.1888765823358,1534.9767794871182,-14.21209709521748,1540.5161444824498,0.4621843672674912,1.0,-1.0,0.0249947929684206,1.0249947929684209,15
2022-23,2022-11-20,0022200240,PHX,NYK,1,1,1534.9767794871182,1552.6084548383983,17.631675351280116,1497.1442664171875,0.6033055977205714,21.0,21.0,0.4815497983643079,1.481549798364308,16
2022-23,2022-11-22,0022200259,PHX,LAL,1,1,1552.6084548383983,1564.337599806919,11.729144968520528,1451.894094463299,0.68594614993096,10.0,10.0,0.2449186624037091,1.2449186624037092,17
2022-23,2022-11-25,0022200283,PHX,DET,1,1,1564.337599806919,1572.729711542638,8.39211173571894,1402.4001117365165,0.7565143163410598,6.0,6.0,0.1488850336233179,1.1488850336233178,18
2022-23,2022-11-26,0022200289,PHX,UTA,1,1,1572.729711542638,1583.7852071242671,11.055495581629428,1507.4243527911158,0.6404698619781171,1.0,1.0,0.0249947929684206,1.0249947929684209,19
2022-23,2022-11-28,0022200307,PHX,SAC,0,1,1583.7852071242671,1600.1043547530358,16.319147628768516,1537.5302951836995,0.5161914569814785,5.0,5.0,0.1243530017715962,1.124353001771596,20
2022-23,2022-11-30,0022200321,PHX,CHI,1,1,1600.1043547530358,1613.416125418282,13.311770665246389,1494.2101439899152,0.6923336920614103,19.0,19.0,0.4422303560457261,1.442230356045726,21
2022-23,2022-12-02,0022200334,PHX,HOU,1,0,1613.416125418282,1588.4625281768035,-24.953597241478366,1394.8216010431718,0.8115032197452073,1.0,-1.0,0.0249947929684206,1.0249947929684209,22
2022-23,2022-12-04,0022200345,PHX,SAS,0,1,1588.4625281768035,1599.3381788300985,10.87565065329469,1321.5895801474967,0.7916282215890713,38.0,38.0,0.7397830512740042,1.7397830512740042,23
2022-23,2022-12-05,0022200358,PHX,DAL,0,0,1599.3381788300985,1573.736923335529,-25.60125549456988,1499.8855730174814,0.5917051874376669,19.0,-19.0,0.4422303560457261,1.442230356045726,24
2022-23,2022-12-07,0022200373,PHX,BOS,1,0,1573.736923335529,1554.7513687631415,-18.9855545723869,1680.291557303682,0.3984562448039879,27.0,-27.0,0.5882592563981054,1.5882592563981053,25
2022-23,2022-12-09,0022200384,PHX,NOP,0,0,1554.7513687631415,1540.455185326335,-14.296183436806889,1607.9430468926776,0.3757393959972879,11.0,-11.0,0.2682711820216014,1.2682711820216013,26
2022-23,2022-12-11,0022200395,PHX,NOP,0,0,1540.455185326335,1529.0545730091176,-11.400612317217425,1622.2392303294844,0.3379903019559976,5.0,-5.0,0.1243530017715962,1.124353001771596,27
2022-23,2022-12-13,0022200411,PHX,HOU,0,0,1529.0545730091176,1505.4621246040008,-23.59244840511681,1431.9264993668828,0.5884685260592482,14.0,-14.0,0.3363755443363322,1.3363755443363323,28
2022-23,2022-12-15,0022200427,PHX,LAC,0,1,1505.4621246040008,1529.6263146177944,24.164190013793604,1529.1737751997368,0.4163023253096135,16.0,16.0,0.3799489622552249,1.379948962255225,29
2022-23,2022-12-17,0022200444,PHX,NOP,1,1,1529.6263146177944,1547.089860129911,17.46354551211623,1585.0499191801882,0.4706418786556207,4.0,4.0,0.0996679946249558,1.099667994624956,30
2022-23,2022-12-19,0022200459,PHX,LAL,1,1,1547.089860129911,1565.6685819003262,18.578721770415463,1507.3237225046507,0.6059664312202194,26.0,26.0,0.5716699660851172,1.5716699660851172,31
2022-23,2022-12-20,0022200464,PHX,WAS,1,0,1565.6685819003262,1540.0191095175032,-25.64947238282309,1364.7578501086855,0.7954362975635526,3.0,-3.0,0.074859690687499,1.0748596906874992,32
2022-23,2022-12-23,0022200490,PHX,MEM,1,0,1540.0191095175032,1517.3929960517237,-22.62611346577945,1585.34557796508,0.4851433918004701,25.0,-25.0,0.5545997223493823,1.5545997223493822,33
2022-23,2022-12-25,0022200497,PHX,DEN,0,0,1517.3929960517237,1505.7831357883074,-11.609860263416332,1582.3118212706472,0.3600426599553181,3.0,-3.0,0.074859690687499,1.0748596906874992,34
2022-23,2022-12-27,0022200510,PHX,MEM,0,1,1505.7831357883074,1533.3416077020354,27.55847191372791,1582.63107976127,0.3443770948109197,17.0,17.0,0.4011342849479459,1.401134284947946,35
2022-23,2022-12-28,0022200516,PHX,WAS,0,0,1533.3416077020354,1505.8174934915294,-27.524114210506017,1434.9957861531088,0.5901650826857286,25.0,-25.0,0.5545997223493823,1.5545997223493822,36
2022-23,2022-12-30,0022200531,PHX,TOR,0,0,1505.8174934915294,1485.5215183622154,-20.295975129314023,1433.179634940412,0.5539543372730003,9.0,-9.0,0.2212784678984439,1.221278467898444,37
2022-23,2023-01-02,0022200550,PHX,NYK,0,0,1485.5215183622154,1467.8199949278262,-17.701523434389237,1514.3782108188757,0.4091238120684795,19.0,-19.0,0.4422303560457261,1.442230356045726,38
2022-23,2023-01-04,0022200565,PHX,CLE,0,0,1467.8199949278262,1458.2714830016014,-9.54851192622478,1577.4214208576716,0.3031393800605929,2.0,-2.0,0.0499583749578799,1.04995837495788,39
2022-23,2023-01-06,0022200589,PHX,MIA,1,0,1458.2714830016014,1441.753646638997,-16.517836362604367,1521.2415620484196,0.4598345532265747,8.0,-8.0,0.197375320224904,1.197375320224904,40
2022-23,2023-01-08,0022200603,PHX,CLE,1,0,1441.753646638997,1426.9867006678537,-14.766945971143535,1570.452491806206,0.3683332387049196,14.0,-14.0,0.3363755443363322,1.3363755443363323,41
2022-23,2023-01-10,0022200615,PHX,GSW,0,1,1426.9867006678537,1452.0466689518644,25.05996828401081,1497.1519597589877,0.3531138253596133,12.0,12.0,0.2913126124515909,1.2913126124515908,42
2022-23,2023-01-11,0022200624,PHX,DEN,0,0,1452.0466689518644,1441.4047609299223,-10.641908021941765,1637.960188063689,0.2189697242086056,29.0,-29.0,0.619996867969374,1.619996867969374,43
2022-23,2023-01-13,0022200637,PHX,MIN,0,0,1441.4047609299223,1427.5371080324535,-13.867652897468798,1468.8209631934913,0.4111298638896655,5.0,-5.0,0.1243530017715962,1.124353001771596,44
2022-23,2023-01-16,0022200663,PHX,MEM,0,0,1427.5371080324535,1418.8781604373694,-8.658947595084216,1660.0843489517088,0.1765169993115369,30.0,-30.0,0.6351489523872873,1.6351489523872873,45
2022-23,2023-01-19,0022200681,PHX,BKN,1,1,1418.8781604373694,1442.54077014436,23.66260970699069,1602.3262730020544,0.298482188728199,5.0,5.0,0.1243530017715962,1.124353001771596,46
2022-23,2023-01-21,0022200697,PHX,IND,1,1,1442.54077014436,1458.73817715273,16.19740700836987,1463.7746615260278,0.5198006621630903,5.0,5.0,0.1243530017715962,1.124353001771596,47
2022-23,2023-01-22,0022200703,PHX,MEM,1,1,1458.73817715273,1481.3660192521731,22.627842099443033,1656.4081803643337,0.2816273279928591,2.0,2.0,0.0499583749578799,1.04995837495788,48
2022-23,2023-01-24,0022200718,PHX,CHA,1,1,1481.3660192521731,1495.3393517302077,13.973332478034456,1354.2895394794343,0.7176809335982551,31.0,31.0,0.6498274636719203,1.6498274636719203,49
2022-23,2023-01-26,0022200734,PHX,DAL,1,0,1495.3393517302077,1475.485822841836,-19.85352888837149,1458.5962797483576,0.6018037257733889,4.0,-4.0,0.0996679946249558,1.099667994624956,50
2022-23,2023-01-28,0022200748,PHX,SAS,0,1,1475.485822841836,1487.5257277742887,12.039904932452504,1311.4342841793416,0.6776253930998282,10.0,10.0,0.2449186624037091,1.2449186624037092,51
2022-23,2023-01-30,0022200762,PHX,TOR,1,1,1487.5257277742887,1503.7579473864675,16.23221961217876,1488.9870752317686,0.5481166365020828,8.0,8.0,0.197375320224904,1.197375320224904,52
2022-23,2023-02-01,0022200777,PHX,ATL,1,0,1503.7579473864675,1474.530667858658,-29.227279527809543,1478.7788870465702,0.5854694249155128,32.0,-32.0,0.664036770267849,1.664036770267849,53
2022-23,2023-02-03,0022200788,PHX,BOS,0,1,1474.530667858658,1504.1557375103,29.625069651641983,1644.3049258889282,0.2352724567240146,12.0,12.0,0.2913126124515909,1.2913126124515908,54
2022-23,2023-02-04,0022200794,PHX,DET,0,1,1504.1557375103,1517.466017481626,13.310279971326096,1339.4211188972986,0.6784837619507958,16.0,16.0,0.3799489622552249,1.379948962255225,55
2022-23,2023-02-07,0022200817,PHX,BKN,0,1,1517.466017481626,1537.6129615651892,20.146944083562996,1560.681801688217,0.3893022202446914,4.0,4.0,0.0996679946249558,1.099667994624956,56
2022-23,2023-02-09,0022200832,PHX,ATL,0,0,1537.6129615651892,1518.9170944140951,-18.695867151094117,1495.4677712009648,0.5102813060935415,9.0,-9.0,0.2212784678984439,1.221278467898444,57
2022-23,2023-02-10,0022200836,PHX,IND,0,1,1518.9170944140951,1534.405048209702,15.487953795606929,1408.3182223772817,0.6071104222454454,13.0,13.0,0.3140209253469976,1.3140209253469977,58
2022-23,2023-02-14,0022200870,PHX,SAC,1,1,1534.405048209702,1551.1720612079237,16.767012998221713,1527.989516263386,0.5593210338634519,11.0,11.0,0.2682711820216014,1.2682711820216013,59
2022-23,2023-02-16,0022200885,PHX,LAC,1,0,1551.1720612079237,1530.3658072761702,-20.806253931753393,1538.709914267794,0.5678817861405094,9.0,-9.0,0.2212784678984439,1.221278467898444,60
2022-23,2023-02-24,0022200899,PHX,OKC,1,1,1530.3658072761702,1546.31202377238,15.94621649620984,1520.1067270991846,0.5647671158991875,9.0,9.0,0.2212784678984439,1.221278467898444,61
2022-23,2023-02-26,0022200910,PHX,MIL,0,0,1546.31202377238,1538.345678103367,-7.966345669013114,1704.9038673505963,0.2470507154881985,3.0,-3.0,0.074859690687499,1.0748596906874992,62
2022-23,2023-03-01,0022200933,PHX,CHA,0,1,1538.345678103367,1553.5418089187929,15.196130815425862,1417.593089641194,0.6209615657856982,14.0,14.0,0.3363755443363322,1.3363755443363323,63
2022-23,2023-03-03,0022200950,PHX,CHI,0,1,1553.5418089187929,1573.568027527407,20.026218608613828,1484.0811674361307,0.5494308588046652,21.0,21.0,0.4815497983643079,1.481549798364308,64
2022-23,2023-03-05,0022200962,PHX,DAL,0,1,1573.568027527407,1587.59882063675,14.030793109343298,1486.272484497523,0.5746960846993785,4.0,4.0,0.0996679946249558,1.099667994624956,65
2022-23,2023-03-08,0022200990,PHX,OKC,1,1,1587.59882063675,1604.5019478941822,16.903127257432377,1508.542857294535,0.6584869705140335,31.0,31.0,0.6498274636719203,1.6498274636719203,66
2022-23,2023-03-11,0022201013,PHX,SAC,1,0,1604.5019478941822,1583.9412450448826,-20.56070284929947,1596.7758061561408,0.5611797633857137,9.0,-9.0,0.2212784678984439,1.221278467898444,67
2022-23,2023-03-13,0022201025,PHX,GSW,0,0,1583.9412450448826,1564.0374610430592,-19.903784001823336,1532.8635648936004,0.5231211401254913,11.0,-11.0,0.2682711820216014,1.2682711820216013,68
2022-23,2023-03-14,0022201033,PHX,MIL,1,0,1564.0374610430592,1551.2597264562853,-12.777734586773944,1722.1887905841088,0.329838400181943,12.0,-12.0,0.2913126124515909,1.2913126124515908,69
2022-23,2023-03-16,0022201046,PHX,ORL,1,1,1551.2597264562853,1560.8970336173418,9.637307161056448,1438.1334334967253,0.701129761569399,3.0,3.0,0.074859690687499,1.0748596906874992,70
2022-23,2023-03-19,0022201064,PHX,OKC,0,0,1560.8970336173418,1544.061253443974,-16.835780173367667,1518.7185588242987,0.5103291858894055,4.0,-4.0,0.0996679946249558,1.099667994624956,71
2022-23,2023-03-22,0022201092,PHX,LAL,0,0,1544.061253443974,1525.7994366589712,-18.261816785002697,1522.9896607059436,0.4799661419385531,11.0,-11.0,0.2682711820216014,1.2682711820216013,72
2022-23,2023-03-24,0022201105,PHX,SAC,0,0,1525.7994366589712,1512.8441032081814,-12.95533345078972,1590.2535840668395,0.360659219432169,8.0,-8.0,0.197375320224904,1.197375320224904,73
2022-23,2023-03-25,0022201110,PHX,PHI,1,1,1512.8441032081814,1542.869709963865,30.02560675568367,1682.4126450632818,0.3154764968366989,20.0,20.0,0.4621171572600097,1.4621171572600098,74
2022-23,2023-03-27,0022201125,PHX,UTA,0,1,1542.869709963865,1558.589018751701,15.719308787835798,1431.686922912298,0.6079118913727632,14.0,14.0,0.3363755443363322,1.3363755443363323,75
2022-23,2023-03-29,0022201144,PHX,MIN,1,1,1558.589018751701,1574.5896082004708,16.000589448769823,1561.95490440663,0.545399762303386,7.0,7.0,0.1732351578346601,1.17323515783466,76
2022-23,2023-03-31,0022201160,PHX,DEN,1,1,1574.5896082004708,1592.1297204164948,17.54011221602406,1608.4363539265275,0.5016596602169012,7.0,7.0,0.1732351578346601,1.17323515783466,77
2022-23,2023-04-02,0022201172,PHX,OKC,0,1,1592.1297204164948,1607.183515847876,15.05379543138113,1488.9147612325569,0.5969269349074041,10.0,10.0,0.2449186624037091,1.2449186624037092,78
2022-23,2023-04-04,0022201188,PHX,SAS,1,1,1607.183515847876,1611.902900598052,4.719384750176037,1272.1028841300315,0.8938187395526308,21.0,21.0,0.4815497983643079,1.481549798364308,79
2022-23,2023-04-06,0022201201,PHX,DEN,1,1,1611.902900598052,1624.614895244387,12.711994646335173,1565.7779464745338,0.6146717400624594,4.0,4.0,0.0996679946249558,1.099667994624956,80
2022-23,2023-04-07,0022201212,PHX,LAL,0,0,1624.614895244387,1603.7892899957103,-20.8256052486768,1576.0894088182836,0.519454912628849,14.0,-14.0,0.3363755443363322,1.3363755443363323,81
2022-23,2023-04-09,0022201229,PHX,LAC,1,0,1603.7892899957103,1582.9853026645872,-20.803987331123057,1556.1244184156717,0.6167691492601547,5.0,-5.0,0.1243530017715962,1.124353001771596,82
2022-23,2022-10-19,0022200014,POR,SAC,0,1,1500.0,1519.3653967516482,19.365396751648237,1500.0,0.449800646746463,7.0,7.0,0.1732351578346601,1.17323515783466,1
2022-23,2022-10-21,0022200027,POR,PHX,1,1,1519.3653967516482,1533.300704655042,13.935307903393806,1514.1681586833877,0.5575917345627207,2.0,2.0,0.0499583749578799,1.04995837495788,2
2022-23,2022-10-23,0022200037,POR,LAL,0,1,1533.300704655042,1547.4954341965724,14.194729541530483,1463.8927330146691,0.5493558005065386,2.0,2.0,0.0499583749578799,1.04995837495788,3
2022-23,2022-10-24,0022200051,POR,DEN,1,1,1547.4954341965724,1566.3252322668216,18.82979807024923,1514.764587940537,0.5962562409785935,25.0,25.0,0.5545997223493823,1.5545997223493822,4
2022-23,2022-10-26,0022200065,POR,MIA,1,0,1566.3252322668216,1535.487001919446,-30.838230347375703,1459.2105383638311,0.6938281876951281,21.0,-21.0,0.4815497983643079,1.481549798364308,5
2022-23,2022-10-28,0022200080,POR,HOU,1,1,1535.487001919446,1549.1915586169534,13.704556697507629,1456.6789035022566,0.6581660308588992,14.0,14.0,0.3363755443363322,1.3363755443363323,6
2022-23,2022-11-02,0022200116,POR,MEM,1,0,1549.1915586169534,1528.6536845137946,-20.53787410315877,1507.30304842109,0.6088797756220125,5.0,-5.0,0.1243530017715962,1.124353001771596,7
2022-23,2022-11-04,0022200130,POR,PHX,0,1,1528.6536845137946,1548.6100060130138,19.956321499219285,1588.7669852648996,0.3664408680321938,2.0,2.0,0.0499583749578799,1.04995837495788,8
2022-23,2022-11-05,0022200139,POR,PHX,0,0,1548.6100060130138,1530.1337452496537,-18.476260763360123,1568.8106637656804,0.4212216207987148,20.0,-20.0,0.4621171572600097,1.4621171572600098,9
2022-23,2022-11-07,0022200150,POR,MIA,0,1,1530.1337452496537,1545.142801152315,15.009055902661396,1471.0930952458564,0.5345421660551392,3.0,3.0,0.074859690687499,1.0748596906874992,10
2022-23,2022-11-09,0022200159,POR,CHA,0,1,1545.142801152315,1558.6543614799396,13.51156032762436,1411.5316556314438,0.6382210678852431,10.0,10.0,0.2449186624037091,1.2449186624037092,11
2022-23,2022-11-10,0022200175,POR,NOP,0,1,1558.6543614799396,1577.7050280878498,19.050666607910163,1524.1401357507912,0.4993009150839033,11.0,11.0,0.2682711820216014,1.2682711820216013,12
2022-23,2022-11-12,0022200190,POR,DAL,0,0,1577.7050280878498,1559.2706583768404,-18.43436971100948,1510.287363185978,0.5465178546228575,5.0,-5.0,0.1243530017715962,1.124353001771596,13
2022-23,2022-11-15,0022200209,POR,SAS,1,1,1559.2706583768404,1569.860661984251,10.59000360741058,1447.805272948813,0.6991224496728162,7.0,7.0,0.1732351578346601,1.17323515783466,14
2022-23,2022-11-17,0022200221,POR,BKN,1,0,1569.860661984251,1548.278462047596,-21.582199936654813,1469.7666427533093,0.6851763667145567,2.0,-2.0,0.0499583749578799,1.04995837495788,15
2022-23,2022-11-19,0022200238,POR,UTA,1,0,1548.278462047596,1530.0303869535803,-18.24807509401548,1554.7282415776674,0.5409948377796756,5.0,-5.0,0.1243530017715962,1.124353001771596,16
2022-23,2022-11-21,0022200251,POR,MIL,0,0,1530.0303869535803,1515.2899188599426,-14.740468093637878,1558.0027510861564,0.4103549890792015,8.0,-8.0,0.197375320224904,1.197375320224904,17
2022-23,2022-11-23,0022200261,POR,CLE,0,0,1515.2899188599426,1498.776475613791,-16.513443246151613,1560.1005339881826,0.3871218041314195,18.0,-18.0,0.4218990052500079,1.4218990052500078,18
2022-23,2022-11-25,0022200274,POR,NYK,0,1,1498.776475613791,1516.6105990157685,17.834123401977422,1500.7914912727322,0.4469317388898637,3.0,3.0,0.074859690687499,1.0748596906874992,19
2022-23,2022-11-27,0022200290,POR,BKN,0,0,1516.6105990157685,1497.7582876676645,-18.852311348104,1502.3180153437845,0.470234868434541,14.0,-14.0,0.3363755443363322,1.3363755443363323,20
2022-23,2022-11-29,0022200311,POR,LAC,1,0,1497.7582876676645,1479.852287918204,-17.905999749460456,1519.1887737412092,0.519518177056384,6.0,-6.0,0.1488850336233179,1.1488850336233178,21
2022-23,2022-11-30,0022200324,POR,LAL,0,0,1479.852287918204,1458.9631673731565,-20.88912054504752,1456.8111041324726,0.4827966733950608,19.0,-19.0,0.4422303560457261,1.442230356045726,22
2022-23,2022-12-03,0022200343,POR,UTA,0,1,1458.9631673731565,1480.2988685737105,21.33570120055387,1518.308880915719,0.3674672999512876,5.0,5.0,0.1243530017715962,1.124353001771596,23
2022-23,2022-12-04,0022200351,POR,IND,1,1,1480.2988685737105,1500.07710742618,19.778238852469745,1499.8297914957286,0.5222470928647841,16.0,16.0,0.3799489622552249,1.379948962255225,24
2022-23,2022-12-08,0022200376,POR,DEN,1,0,1500.07710742618,1484.377395955673,-15.699711470507228,1527.736566300799,0.5105623162904179,1.0,-1.0,0.0249947929684206,1.0249947929684209,25
2022-23,2022-12-10,0022200394,POR,MIN,1,1,1484.377395955673,1501.4268202585777,17.04942430290503,1515.6706790679852,0.5053341920228204,6.0,6.0,0.1488850336233179,1.1488850336233178,26
2022-23,2022-12-12,0022200407,POR,MIN,1,1,1501.4268202585777,1521.2413844242028,19.81456416562508,1498.6212547650805,0.554192864177292,21.0,21.0,0.4815497983643079,1.481549798364308,27
2022-23,2022-12-14,0022200420,POR,SAS,0,1,1521.2413844242028,1535.8179178600806,14.57653343587771,1380.3070406044153,0.647896798249322,16.0,16.0,0.3799489622552249,1.379948962255225,28
2022-23,2022-12-16,0022200436,POR,DAL,0,0,1535.8179178600806,1513.5914560631022,-22.226461796978416,1496.1490274185394,0.5067186690344875,20.0,-20.0,0.4621171572600097,1.4621171572600098,29
2022-23,2022-12-17,0022200441,POR,HOU,0,1,1513.5914560631022,1530.8046708081197,17.21321474501749,1439.749595934195,0.5556662118055273,12.0,12.0,0.2913126124515909,1.2913126124515908,30
2022-23,2022-12-19,0022200458,POR,OKC,0,0,1530.8046708081197,1512.8171685713046,-17.987502236815203,1446.0945256638952,0.571054455294852,2.0,-2.0,0.0499583749578799,1.04995837495788,31
2022-23,2022-12-21,0022200474,POR,OKC,0,0,1512.8171685713046,1496.0572200348074,-16.75994853649711,1464.0820279007105,0.519756165438894,3.0,-3.0,0.074859690687499,1.0748596906874992,32
2022-23,2022-12-23,0022200489,POR,DEN,0,0,1496.0572200348074,1482.2556046874952,-13.801615347312248,1568.510205923335,0.3501115058642772,13.0,-13.0,0.3140209253469976,1.3140209253469977,33
2022-23,2022-12-26,0022200504,POR,CHA,1,1,1482.2556046874952,1493.0310476121754,10.775442924680172,1355.938450475478,0.7167944553859974,11.0,11.0,0.2682711820216014,1.2682711820216013,34
2022-23,2022-12-30,0022200536,POR,GSW,0,0,1493.0310476121754,1479.177228108336,-13.853819503839356,1527.0574561044457,0.4019496903053219,6.0,-6.0,0.1488850336233179,1.1488850336233178,35
2022-23,2023-01-02,0022200559,POR,DET,1,1,1479.177228108336,1493.7007453587264,14.523517250390386,1366.0245242225176,0.7011616187341717,29.0,29.0,0.619996867969374,1.619996867969374,36
2022-23,2023-01-04,0022200571,POR,MIN,0,0,1493.7007453587264,1475.5804893008797,-18.120256057846714,1448.3975965703746,0.5148230780744111,7.0,-7.0,0.1732351578346601,1.17323515783466,37
2022-23,2023-01-06,0022200580,POR,IND,0,0,1475.5804893008797,1462.3057838743762,-13.274705426503576,1538.7867985854402,0.3623171885154762,9.0,-9.0,0.2212784678984439,1.221278467898444,38
2022-23,2023-01-08,0022200597,POR,TOR,0,0,1462.3057838743762,1442.2874884782746,-20.01829539610159,1415.6673337375137,0.516742814070827,12.0,-12.0,0.2913126124515909,1.2913126124515908,39
2022-23,2023-01-10,0022200616,POR,ORL,1,0,1442.2874884782746,1423.9537413772955,-18.333747100979103,1429.343366222039,0.5685624911425265,3.0,-3.0,0.074859690687499,1.0748596906874992,40
2022-23,2023-01-12,0022200631,POR,CLE,1,0,1423.9537413772955,1411.8009212949523,-12.15282008234309,1564.5117907259066,0.3525975105334925,6.0,-6.0,0.1488850336233179,1.1488850336233178,41
2022-23,2023-01-14,0022200647,POR,DAL,1,1,1411.8009212949523,1438.413566923853,26.61264562890073,1541.586813282564,0.3668785375107849,17.0,17.0,0.4011342849479459,1.401134284947946,42
2022-23,2023-01-15,0022200654,POR,DAL,1,1,1438.413566923853,1461.932734752999,23.51916782914595,1514.9741676536632,0.4404731442278159,17.0,17.0,0.4011342849479459,1.401134284947946,43
2022-23,2023-01-17,0022200667,POR,DEN,0,0,1461.932734752999,1454.546153066695,-7.386581686303892,1666.0162067395486,0.2016079018957514,9.0,-9.0,0.2212784678984439,1.221278467898444,44
2022-23,2023-01-19,0022200682,POR,PHI,1,0,1454.546153066695,1442.2696515922323,-12.276501474462773,1613.5853723313398,0.3287096002121966,10.0,-10.0,0.2449186624037091,1.2449186624037092,45
2022-23,2023-01-22,0022200705,POR,LAL,1,0,1442.2696515922323,1425.1742418006224,-17.09540979160977,1500.5138425312127,0.4665987389708446,9.0,-9.0,0.2212784678984439,1.221278467898444,46
2022-23,2023-01-23,0022200711,POR,SAS,1,1,1425.1742418006224,1440.2329386981191,15.058696897496638,1347.503145420383,0.6566919683847028,20.0,20.0,0.4621171572600097,1.4621171572600098,47
2022-23,2023-01-25,0022200727,POR,UTA,1,1,1440.2329386981191,1459.884243437611,19.651304739491827,1493.436946466544,0.4738262738775033,10.0,10.0,0.2449186624037091,1.2449186624037092,48
2022-23,2023-01-28,0022200751,POR,TOR,1,0,1459.884243437611,1436.779503810316,-23.104739627294897,1465.8823356044736,0.5416404292659888,18.0,-18.0,0.4218990052500079,1.4218990052500078,49
2022-23,2023-01-30,0022200763,POR,ATL,1,1,1436.779503810316,1454.4434909626336,17.663987152317453,1496.4428741988877,0.4645660557350981,4.0,4.0,0.0996679946249558,1.099667994624956,50
2022-23,2023-02-01,0022200771,POR,MEM,0,1,1454.4434909626336,1480.9762602982048,26.532769335571157,1575.3492786162487,0.289571542922029,10.0,10.0,0.2449186624037091,1.2449186624037092,51
2022-23,2023-02-03,0022200787,POR,WAS,0,1,1480.9762602982048,1503.6632473763063,22.68698707810163,1539.6069603035317,0.3684245116549222,8.0,8.0,0.197375320224904,1.197375320224904,52
2022-23,2023-02-04,0022200796,POR,CHI,0,0,1503.6632473763063,1487.470201681315,-16.193045694991376,1502.9669381336505,0.4507928138452534,8.0,-8.0,0.197375320224904,1.197375320224904,53
2022-23,2023-02-06,0022200815,POR,MIL,1,0,1487.470201681315,1472.1065709033394,-15.36363077797574,1626.1347593011874,0.3550896178171192,19.0,-19.0,0.4422303560457261,1.442230356045726,54
2022-23,2023-02-08,0022200830,POR,GSW,1,1,1472.1065709033394,1490.523728787288,18.41715788394865,1556.8839170333729,0.4288507903709517,3.0,3.0,0.074859690687499,1.0748596906874992,55
2022-23,2023-02-10,0022200843,POR,OKC,1,0,1490.523728787288,1472.6258677165208,-17.897861070767302,1533.515680044199,0.4885006857217325,9.0,-9.0,0.2212784678984439,1.221278467898444,56
2022-23,2023-02-13,0022200867,POR,LAL,1,1,1472.6258677165208,1490.7575477917885,18.13168007526747,1485.3892917119915,0.5319573819581921,12.0,12.0,0.2913126124515909,1.2913126124515908,57
2022-23,2023-02-14,0022200872,POR,WAS,1,0,1490.7575477917885,1465.148357975998,-25.609189815790483,1491.5250236771735,0.5491057590286265,25.0,-25.0,0.5545997223493823,1.5545997223493822,58
2022-23,2023-02-23,0022200894,POR,SAC,0,0,1465.148357975998,1448.9485469425629,-16.199811033435097,1511.2225032651645,0.3853975360645498,17.0,-17.0,0.4011342849479459,1.401134284947946,59
2022-23,2023-02-26,0022200917,POR,HOU,1,1,1448.9485469425629,1457.6509167629763,8.702369820413574,1250.6607904526054,0.7929684562500284,17.0,17.0,0.4011342849479459,1.401134284947946,60
2022-23,2023-02-28,0022200931,POR,GSW,0,0,1457.6509167629763,1441.9840638018893,-15.666852961087326,1517.1401179285854,0.3672753339780433,18.0,-18.0,0.4218990052500079,1.4218990052500078,61
2022-23,2023-03-01,0022200941,POR,NOP,1,0,1441.9840638018893,1419.9297449056012,-22.05431889628816,1421.1674480880752,0.5796425666928733,11.0,-11.0,0.2682711820216014,1.2682711820216013,62
2022-23,2023-03-03,0022200947,POR,ATL,0,0,1419.9297449056012,1405.2579260475452,-14.671818858055897,1497.1072260160438,0.3439489209825231,18.0,-18.0,0.4218990052500079,1.4218990052500078,63
2022-23,2023-03-05,0022200966,POR,ORL,0,1,1405.2579260475452,1427.1865032860858,21.92857723854068,1501.2371411997494,0.3199553570099065,3.0,3.0,0.074859690687499,1.0748596906874992,64
2022-23,2023-03-06,0022200977,POR,DET,0,1,1427.1865032860858,1438.605268348717,11.418765062630968,1270.1824735877444,0.6687000953548032,6.0,6.0,0.1488850336233179,1.1488850336233178,65
2022-23,2023-03-08,0022200986,POR,BOS,0,0,1438.605268348717,1427.5316835767494,-11.073584771967283,1598.185056495406,0.2459943489239097,22.0,-22.0,0.5005202111902353,1.5005202111902354,66
2022-23,2023-03-10,0022200998,POR,PHI,0,0,1427.5316835767494,1422.3545121863258,-5.177171390423568,1670.0051125935563,0.168364152544629,1.0,-1.0,0.0249947929684206,1.0249947929684209,67
2022-23,2023-03-12,0022201017,POR,NOP,0,0,1422.3545121863258,1403.3615127633702,-18.992999422955613,1420.9178393310203,0.4518481829803398,17.0,-17.0,0.4011342849479459,1.401134284947946,68
2022-23,2023-03-14,0022201034,POR,NYK,1,0,1403.3615127633702,1392.2242914717797,-11.137221291590455,1612.0055046308937,0.2690249566280843,16.0,-16.0,0.3799489622552249,1.379948962255225,69
2022-23,2023-03-17,0022201053,POR,BOS,1,0,1392.2242914717797,1381.9135141120948,-10.310777359684865,1611.480457460664,0.2571826311194926,14.0,-14.0,0.3363755443363322,1.3363755443363323,70
2022-23,2023-03-19,0022201069,POR,LAC,1,0,1381.9135141120948,1368.0158198933948,-13.897694218700003,1531.3337174666551,0.3410416687972676,15.0,-15.0,0.3583573983507859,1.358357398350786,71
2022-23,2023-03-22,0022201091,POR,UTA,0,1,1368.0158198933948,1395.0192274605135,27.00340756711868,1477.7756402277714,0.3029468024309516,12.0,12.0,0.2913126124515909,1.2913126124515908,72
2022-23,2023-03-24,0022201104,POR,CHI,1,0,1395.0192274605135,1377.4780658177165,-17.541161642797107,1526.626949233237,0.3644459807986639,28.0,-28.0,0.6043677771171634,1.6043677771171634,73
2022-23,2023-03-26,0022201120,POR,OKC,1,0,1377.4780658177165,1365.248877220657,-12.229188597059418,1516.352318346343,0.3548132388985688,6.0,-6.0,0.1488850336233179,1.1488850336233178,74
2022-23,2023-03-27,0022201127,POR,NOP,1,0,1365.248877220657,1345.6819979551194,-19.566879265537704,1481.1082453470735,0.385690428741342,34.0,-34.0,0.6910694698329306,1.6910694698329305,75
2022-23,2023-03-29,0022201145,POR,SAC,1,0,1345.6819979551194,1333.5238929120494,-12.158105043070066,1590.5295204274316,0.2300587605449074,40.0,-40.0,0.7615941559557649,1.7615941559557649,76
2022-23,2023-03-31,0022201159,POR,SAC,1,0,1333.5238929120494,1324.01547658508,-9.508416326969318,1602.6876254705016,0.2062049381517326,24.0,-24.0,0.5370495669980352,1.5370495669980353,77
2022-23,2023-04-02,0022201166,POR,MIN,0,1,1324.01547658508,1349.0791158884474,25.06363930336747,1525.210686818046,0.2042973670464819,2.0,2.0,0.0499583749578799,1.04995837495788,78
2022-23,2023-04-04,0022201184,POR,MEM,0,0,1349.0791158884474,1342.7742426364596,-6.304873251987776,1590.9922920339266,0.1688162030820076,10.0,-10.0,0.2449186624037091,1.2449186624037092,79
2022-23,2023-04-06,0022201199,POR,SAS,0,0,1342.7742426364596,1325.2021445655178,-17.572098070941728,1267.3834993798555,0.5578664986487885,2.0,-2.0,0.0499583749578799,1.04995837495788,80
2022-23,2023-04-08,0022201215,POR,LAC,0,0,1325.2021445655178,1318.2071506229242,-6.994993942593477,1549.129424473078,0.1838459061897572,11.0,-11.0,0.2682711820216014,1.2682711820216013,81
2022-23,2023-04-09,0022201230,POR,GSW,1,0,1318.2071506229242,1306.2069411492566,-12.000209473667615,1581.1110180368528,0.2121657160546179,56.0,-56.0,0.8853516482022624,1.8853516482022623,82
2022-23,2022-10-19,0022200014,SAC,POR,1,0,1500.0,1480.6346032483518,-19.365396751648237,1500.0,0.550199353253537,7.0,-7.0,0.1732351578346601,1.17323515783466,1
2022-23,2022-10-22,0022200036,SAC,LAC,1,0,1480.6346032483518,1464.9958130959178,-15.63879015243394,1518.0741894611715,0.4964892109194743,2.0,-2.0,0.0499583749578799,1.04995837495788,2
2022-23,2022-10-23,0022200042,SAC,GSW,0,0,1464.9958130959178,1451.3748491164918,-13.620963979426117,1497.6742734102688,0.4038163565465096,5.0,-5.0,0.1243530017715962,1.124353001771596,3
2022-23,2022-10-27,0022200069,SAC,MEM,1,0,1451.3748491164918,1433.020510433284,-18.35433868320764,1520.950508985925,0.4504052395805915,15.0,-15.0,0.3583573983507859,1.358357398350786,4
2022-23,2022-10-29,0022200081,SAC,MIA,1,1,1433.020510433284,1450.4678900296624,17.447379596378312,1472.3372294580854,0.4937880615912365,6.0,6.0,0.1488850336233179,1.1488850336233178,5
2022-23,2022-10-31,0022200096,SAC,CHA,0,1,1450.4678900296624,1472.564698459658,22.096808429995736,1506.287925790536,0.3721972308098367,7.0,7.0,0.1732351578346601,1.17323515783466,6
2022-23,2022-11-02,0022200109,SAC,MIA,0,0,1472.564698459658,1458.009031342105,-14.55566711755335,1471.4441994626527,0.4513974317969907,3.0,-3.0,0.074859690687499,1.0748596906874992,7
2022-23,2022-11-05,0022200132,SAC,ORL,0,1,1458.009031342105,1474.9429817854948,16.93395044339004,1440.5013890620971,0.4748477222932918,3.0,3.0,0.074859690687499,1.0748596906874992,8
2022-23,2022-11-07,0022200156,SAC,GSW,0,0,1474.9429817854948,1458.155965395994,-16.78701638950063,1425.623598949213,0.5205955882720332,3.0,-3.0,0.074859690687499,1.0748596906874992,9
2022-23,2022-11-09,0022200171,SAC,CLE,1,1,1458.155965395994,1480.927832364821,22.77186696882667,1598.3942364510478,0.3530178266263698,7.0,7.0,0.1732351578346601,1.17323515783466,10
2022-23,2022-11-11,0022200183,SAC,LAL,0,1,1480.927832364821,1496.3152467666278,15.38741440180683,1408.5706053448196,0.5535551440025732,6.0,6.0,0.1488850336233179,1.1488850336233178,11
2022-23,2022-11-13,0022200197,SAC,GSW,1,1,1496.3152467666278,1510.542223508992,14.226976742364348,1463.9202771000375,0.5957907032431059,7.0,7.0,0.1732351578346601,1.17323515783466,12
2022-23,2022-11-15,0022200210,SAC,BKN,1,1,1510.542223508992,1531.6042014854704,21.061977976478342,1490.8286207297876,0.578094700133176,32.0,32.0,0.664036770267849,1.664036770267849,13
2022-23,2022-11-17,0022200222,SAC,SAS,1,1,1531.6042014854704,1545.3376336225897,13.733432137119337,1437.215269341402,0.6780495171970241,18.0,18.0,0.4218990052500079,1.4218990052500078,14
2022-23,2022-11-20,0022200242,SAC,DET,1,1,1545.3376336225897,1553.1058037213656,7.768170098775931,1356.654699866698,0.7837444960499985,8.0,8.0,0.197375320224904,1.197375320224904,15
2022-23,2022-11-22,0022200257,SAC,MEM,0,1,1553.1058037213656,1569.80708690479,16.701283183424483,1522.4505655834637,0.4937477109740293,4.0,4.0,0.0996679946249558,1.099667994624956,16
2022-23,2022-11-23,0022200263,SAC,ATL,0,0,1569.80708690479,1551.6472669389418,-18.15981996584834,1537.8294774543124,0.4956505400742732,9.0,-9.0,0.2212784678984439,1.221278467898444,17
2022-23,2022-11-25,0022200275,SAC,BOS,0,0,1551.6472669389418,1537.5302951836995,-14.116971755242192,1638.9322264081804,0.330941735972311,18.0,-18.0,0.4218990052500079,1.4218990052500078,18
2022-23,2022-11-28,0022200307,SAC,PHX,1,0,1537.5302951836995,1521.2111475549311,-16.319147628768516,1583.7852071242671,0.4838085430185215,5.0,-5.0,0.1243530017715962,1.124353001771596,19
2022-23,2022-11-30,0022200323,SAC,IND,1,1,1521.2111475549311,1543.1295381338489,21.91839057891767,1542.9855218693256,0.5190240173030927,23.0,23.0,0.5190218338982221,1.519021833898222,20
2022-23,2022-12-03,0022200338,SAC,LAC,0,1,1543.1295381338489,1567.4861571223155,24.356618988466824,1515.899901278148,0.4888194126085061,27.0,27.0,0.5882592563981054,1.5882592563981053,21
2022-23,2022-12-04,0022200350,SAC,CHI,1,1,1567.4861571223155,1578.9982272179582,11.512070095642356,1466.8962219483203,0.6857918321322153,9.0,9.0,0.2212784678984439,1.221278467898444,22
2022-23,2022-12-07,0022200369,SAC,MIL,0,0,1578.9982272179582,1562.0455078427892,-16.952719375168986,1592.9275357384124,0.4300469154931767,13.0,-13.0,0.3140209253469976,1.3140209253469977,23
2022-23,2022-12-09,0022200381,SAC,CLE,0,1,1562.0455078427892,1583.367708762392,21.322200919602963,1569.2221632876992,0.4395993217156244,11.0,11.0,0.2682711820216014,1.2682711820216013,24
2022-23,2022-12-11,0022200397,SAC,NYK,0,0,1583.367708762392,1561.672484633977,-21.69522412841474,1513.2605057099834,0.5503520710089558,13.0,-13.0,0.3140209253469976,1.3140209253469977,25
2022-23,2022-12-13,0022200409,SAC,PHI,0,0,1561.672484633977,1539.8162431153544,-21.856241518622895,1527.8687861177298,0.4982783905766994,20.0,-20.0,0.4621171572600097,1.4621171572600098,26
2022-23,2022-12-14,0022200417,SAC,TOR,0,1,1539.8162431153544,1553.3126150671258,13.496371951771398,1462.152458851352,0.5610913653949586,1.0,1.0,0.0249947929684206,1.0249947929684209,27
2022-23,2022-12-16,0022200429,SAC,DET,0,1,1553.3126150671258,1565.193930928032,11.881315860906282,1390.7789571677845,0.6757137111311597,9.0,9.0,0.2212784678984439,1.221278467898444,28
2022-23,2022-12-19,0022200460,SAC,CHA,1,0,1565.193930928032,1536.2669887612708,-28.92694216676124,1313.0645599171971,0.8392757998750712,6.0,-6.0,0.1488850336233179,1.1488850336233178,29
2022-23,2022-12-21,0022200475,SAC,LAL,1,1,1536.2669887612708,1551.638993799341,15.37200503807025,1488.7450007342352,0.6165747195036093,14.0,14.0,0.3363755443363322,1.3363755443363323,30
2022-23,2022-12-23,0022200491,SAC,WAS,1,0,1551.638993799341,1520.8988980659808,-30.740095733360327,1379.9032995495852,0.7667529251948012,14.0,-14.0,0.3363755443363322,1.3363755443363323,31
2022-23,2022-12-27,0022200514,SAC,DEN,1,0,1520.8988980659808,1505.2186725760198,-15.68022548996093,1593.9216815340635,0.4454982272806697,7.0,-7.0,0.1732351578346601,1.17323515783466,32
2022-23,2022-12-28,0022200522,SAC,DEN,1,1,1505.2186725760198,1523.623806354839,18.40513377881908,1609.6019070240245,0.4014560234816032,1.0,1.0,0.0249947929684206,1.0249947929684209,33
2022-23,2022-12-30,0022200537,SAC,UTA,1,1,1523.623806354839,1535.6938472159577,12.070040861118509,1482.7583864442718,0.6074763519476605,1.0,1.0,0.0249947929684206,1.0249947929684209,34
2022-23,2023-01-01,0022200547,SAC,MEM,0,0,1535.6938472159577,1521.7985493551032,-13.895297860854283,1591.6205979107435,0.3720537006550296,10.0,-10.0,0.2449186624037091,1.2449186624037092,35
2022-23,2023-01-03,0022200563,SAC,UTA,0,1,1521.7985493551032,1536.0825068378829,14.283957482779742,1454.3772391993743,0.5465230551527736,2.0,2.0,0.0499583749578799,1.04995837495788,36
2022-23,2023-01-04,0022200575,SAC,ATL,1,0,1536.0825068378829,1513.4469916140529,-22.635515223829973,1422.2606882294194,0.7019680621245209,3.0,-3.0,0.074859690687499,1.0748596906874992,37
2022-23,2023-01-07,0022200595,SAC,LAL,1,0,1513.4469916140529,1496.1212572348727,-17.325734379180275,1513.5552524547468,0.5500451190069102,2.0,-2.0,0.0499583749578799,1.04995837495788,38
2022-23,2023-01-09,0022200610,SAC,ORL,1,1,1496.1212572348727,1513.9104432260542,17.789185991181473,1447.1325522132208,0.6185687815017823,25.0,25.0,0.5545997223493823,1.5545997223493822,39
2022-23,2023-01-11,0022200625,SAC,HOU,1,1,1513.9104432260542,1522.9498229295868,9.03937970353266,1314.6137598663497,0.7939203057099211,20.0,20.0,0.4621171572600097,1.4621171572600098,40
2022-23,2023-01-13,0022200640,SAC,HOU,1,1,1522.9498229295868,1531.7911073187704,8.841284389183507,1305.5743801628169,0.8104274203818383,25.0,25.0,0.5545997223493823,1.5545997223493822,41
2022-23,2023-01-15,0022200652,SAC,SAS,0,1,1531.7911073187704,1543.390784454372,11.599677135601643,1344.820681636798,0.7057460067327699,13.0,13.0,0.3140209253469976,1.3140209253469977,42
2022-23,2023-01-18,0022200677,SAC,LAL,0,1,1543.390784454372,1559.5833179922624,16.192533537890384,1494.5241204567646,0.51994514438151,5.0,5.0,0.1243530017715962,1.124353001771596,43
2022-23,2023-01-20,0022200691,SAC,OKC,1,1,1559.5833179922624,1575.690463209996,16.10714521773359,1578.954426290065,0.5224766245608443,5.0,5.0,0.1243530017715962,1.124353001771596,44
2022-23,2023-01-21,0022200698,SAC,PHI,1,0,1575.690463209996,1560.6283761079756,-15.06208710202053,1625.8618738058026,0.4781804517607586,2.0,-2.0,0.0499583749578799,1.04995837495788,45
2022-23,2023-01-23,0022200712,SAC,MEM,1,1,1560.6283761079756,1588.5476161737065,27.91924006573062,1633.7803382648904,0.4453145405147486,33.0,33.0,0.6777821008468294,1.6777821008468294,46
2022-23,2023-01-25,0022200728,SAC,TOR,1,0,1588.5476161737065,1557.3916379343543,-31.155978239351963,1450.425178745193,0.7303842285168468,18.0,-18.0,0.4218990052500079,1.4218990052500078,47
2022-23,2023-01-28,0022200746,SAC,MIN,0,0,1557.3916379343543,1539.3741764496335,-18.01746148472085,1514.1193478390155,0.5119025333328214,7.0,-7.0,0.1732351578346601,1.17323515783466,48
2022-23,2023-01-30,0022200758,SAC,MIN,0,1,1539.3741764496335,1558.3759688579305,19.001792408296986,1532.1368093237363,0.4601311799711444,7.0,7.0,0.1732351578346601,1.17323515783466,49
2022-23,2023-02-01,0022200775,SAC,SAS,0,1,1558.3759688579305,1566.050283815921,7.674314957990346,1288.4457999664749,0.7945162954616207,10.0,10.0,0.2449186624037091,1.2449186624037092,50
2022-23,2023-02-03,0022200786,SAC,IND,0,0,1566.050283815921,1544.630798117596,-21.419485698324955,1412.5187718203551,0.6642567981632616,3.0,-3.0,0.074859690687499,1.0748596906874992,51
2022-23,2023-02-05,0022200807,SAC,NOP,0,0,1544.630798117596,1513.852154202644,-30.778643914952013,1427.1300976166367,0.6165457491663036,32.0,-32.0,0.664036770267849,1.664036770267849,52
2022-23,2023-02-06,0022200812,SAC,HOU,0,1,1513.852154202644,1525.0111893266048,11.159035123960829,1292.059914881576,0.745596421177066,20.0,20.0,0.4621171572600097,1.4621171572600098,53
2022-23,2023-02-08,0022200827,SAC,HOU,0,1,1525.0111893266048,1532.281457752148,7.270268425543183,1280.900879757615,0.7691886777309994,2.0,2.0,0.0499583749578799,1.04995837495788,54
2022-23,2023-02-10,0022200844,SAC,DAL,1,0,1532.281457752148,1511.6487872263544,-20.63267052579364,1515.206243709568,0.5743860530413635,8.0,-8.0,0.197375320224904,1.197375320224904,55
2022-23,2023-02-11,0022200854,SAC,DAL,1,1,1511.6487872263544,1527.989516263386,16.340729037031764,1535.8389142353617,0.5155516398828376,5.0,5.0,0.1243530017715962,1.124353001771596,56
2022-23,2023-02-14,0022200870,SAC,PHX,0,0,1527.989516263386,1511.2225032651645,-16.767012998221713,1534.405048209702,0.4406789661365481,11.0,-11.0,0.2682711820216014,1.2682711820216013,57
2022-23,2023-02-23,0022200894,SAC,POR,1,1,1511.2225032651645,1527.4223142985995,16.199811033435097,1465.148357975998,0.6146024639354501,17.0,17.0,0.4011342849479459,1.401134284947946,58
2022-23,2023-02-24,0022200902,SAC,LAC,0,1,1527.4223142985995,1545.7299471543993,18.30763285579973,1559.516168199547,0.4046268013134587,1.0,1.0,0.0249947929684206,1.0249947929684209,59
2022-23,2023-02-26,0022200915,SAC,OKC,0,1,1545.7299471543993,1563.7027798840152,17.97283272961587,1504.160510602975,0.5094530526265308,9.0,9.0,0.2212784678984439,1.221278467898444,60
2022-23,2023-02-28,0022200928,SAC,OKC,0,1,1563.7027798840152,1578.8377118511155,15.134931967100664,1486.1876778733588,0.5608805777148828,6.0,6.0,0.1488850336233179,1.1488850336233178,61
2022-23,2023-03-03,0022200954,SAC,LAC,1,1,1578.8377118511155,1588.9071731374358,10.069461286320042,1488.816779593216,0.6725361808210254,1.0,1.0,0.0249947929684206,1.0249947929684209,62
2022-23,2023-03-04,0022200961,SAC,MIN,1,0,1588.9071731374358,1567.7180648886383,-21.189108248797215,1522.2286183804383,0.6422880467064305,4.0,-4.0,0.0996679946249558,1.099667994624956,63
2022-23,2023-03-06,0022200976,SAC,NOP,1,1,1567.7180648886383,1578.820026933995,11.101962045356531,1432.0753469155763,0.7275640402436137,15.0,15.0,0.3583573983507859,1.358357398350786,64
2022-23,2023-03-09,0022200997,SAC,NYK,1,1,1578.820026933995,1596.7758061561408,17.955779222145694,1636.3160656838886,0.4676707643164997,5.0,5.0,0.1243530017715962,1.124353001771596,65
2022-23,2023-03-11,0022201013,SAC,PHX,0,1,1596.7758061561408,1617.3365090054403,20.56070284929947,1604.5019478941822,0.4388202366142862,9.0,9.0,0.2212784678984439,1.221278467898444,66
2022-23,2023-03-13,0022201026,SAC,MIL,1,0,1617.3365090054403,1601.861278224843,-15.475230780596986,1706.7135598035118,0.4223778929858236,9.0,-9.0,0.2212784678984439,1.221278467898444,67
2022-23,2023-03-15,0022201037,SAC,CHI,0,1,1601.861278224843,1614.452172912803,12.590894687959636,1489.49561444277,0.6095336970630936,3.0,3.0,0.074859690687499,1.0748596906874992,68
2022-23,2023-03-16,0022201043,SAC,BKN,0,1,1614.452172912803,1629.1813642088628,14.729191296059824,1535.2095051586723,0.5633283831426711,5.0,5.0,0.1243530017715962,1.124353001771596,69
2022-23,2023-03-18,0022201059,SAC,WAS,0,1,1629.1813642088628,1641.8503340111015,12.668969802238951,1460.0363555044964,0.6839967663298672,14.0,14.0,0.3363755443363322,1.3363755443363323,70
2022-23,2023-03-20,0022201076,SAC,UTA,0,0,1641.8503340111015,1616.3892227206998,-25.461111290402037,1452.3145289373697,0.7088034097117144,8.0,-8.0,0.197375320224904,1.197375320224904,71
2022-23,2023-03-21,0022201081,SAC,BOS,1,0,1616.3892227206998,1590.2535840668395,-26.135638653860298,1599.9299401514356,0.5735190473812822,23.0,-23.0,0.5190218338982221,1.519021833898222,72
2022-23,2023-03-24,0022201105,SAC,PHX,1,1,1590.2535840668395,1603.2089175176293,12.95533345078972,1525.7994366589712,0.639340780567831,8.0,8.0,0.197375320224904,1.197375320224904,73
2022-23,2023-03-25,0022201111,SAC,UTA,1,1,1603.2089175176293,1611.9220843616492,8.713166844020057,1440.400089756318,0.7574370459330035,8.0,8.0,0.197375320224904,1.197375320224904,74
2022-23,2023-03-27,0022201128,SAC,MIN,1,0,1611.9220843616492,1590.5295204274316,-21.39256393421765,1540.5623404724124,0.648455231905809,4.0,-4.0,0.0996679946249558,1.099667994624956,75
2022-23,2023-03-29,0022201145,SAC,POR,0,1,1590.5295204274316,1602.6876254705016,12.158105043070066,1345.6819979551194,0.7699412394550926,40.0,40.0,0.7615941559557649,1.7615941559557649,76
2022-23,2023-03-31,0022201159,SAC,POR,0,1,1602.6876254705016,1612.196041797471,9.508416326969318,1333.5238929120494,0.7937950618482674,24.0,24.0,0.5370495669980352,1.5370495669980353,77
2022-23,2023-04-02,0022201170,SAC,SAS,1,0,1612.196041797471,1579.4081465997117,-32.7878951977594,1239.3149889322724,0.9127713102688864,8.0,-8.0,0.197375320224904,1.197375320224904,78
2022-23,2023-04-04,0022201185,SAC,NOP,0,1,1579.4081465997117,1600.1872107392944,20.779064139582704,1535.4562391028153,0.5128799803909845,18.0,18.0,0.4218990052500079,1.4218990052500078,79
2022-23,2023-04-05,0022201195,SAC,DAL,0,0,1600.1872107392944,1576.36760936955,-23.81960136974443,1399.3694555798302,0.7220240256202102,4.0,-4.0,0.0996679946249558,1.099667994624956,80
2022-23,2023-04-07,0022201211,SAC,GSW,1,0,1576.36760936955,1550.2387409134706,-26.12886845607923,1554.9821495807737,0.5804402202476481,22.0,-22.0,0.5005202111902353,1.5005202111902354,81
2022-23,2023-04-09,0022201227,SAC,DEN,0,0,1550.2387409134706,1531.0700773572285,-19.16866355624206,1530.448290918588,0.478125669526564,14.0,-14.0,0.3363755443363322,1.3363755443363323,82
2022-23,2022-10-19,0022200011,SAS,CHA,1,0,1500.0,1473.7842235299245,-26.215776470075433,1500.0,0.550199353253537,27.0,-27.0,0.5882592563981054,1.5882592563981053,1
2022-23,2022-10-21,0022200018,SAS,IND,0,1,1473.7842235299245,1491.839864821624,18.05564129169945,1480.6346032483518,0.4400620704844199,3.0,3.0,0.074859690687499,1.0748596906874992,2
2022-23,2022-10-22,0022200028,SAS,PHI,0,1,1491.839864821624,1510.6910155326125,18.851150710988357,1466.9319432251057,0.485480415087011,9.0,9.0,0.2212784678984439,1.221278467898444,3
2022-23,2022-10-24,0022200050,SAS,MIN,0,1,1510.6910155326125,1531.1344037048684,20.44338817225627,1516.1601507331045,0.4420222002430255,9.0,9.0,0.2212784678984439,1.221278467898444,4
2022-23,2022-10-26,0022200062,SAS,MIN,0,0,1531.1344037048684,1511.7414308488565,-19.392972856012054,1495.7167625608483,0.5006010336307847,12.0,-12.0,0.2913126124515909,1.2913126124515908,5
2022-23,2022-10-28,0022200077,SAS,CHI,1,1,1511.7414308488565,1527.1384014438345,15.396970594978107,1516.4162579245526,0.5435309441454258,5.0,5.0,0.1243530017715962,1.124353001771596,6
2022-23,2022-10-30,0022200092,SAS,MIN,1,1,1527.1384014438345,1543.641111755041,16.50271031120655,1527.5743045629956,0.5495782836051539,9.0,9.0,0.2212784678984439,1.221278467898444,7
2022-23,2022-11-02,0022200114,SAS,TOR,1,0,1543.641111755041,1511.719851900187,-31.921259854854014,1512.541978399,0.5939930154019272,43.0,-43.0,0.7913375537619973,1.791337553761997,8
2022-23,2022-11-04,0022200126,SAS,LAC,1,0,1511.719851900187,1490.789460400072,-20.930391500115128,1480.137875097587,0.5946631517232677,7.0,-7.0,0.1732351578346601,1.17323515783466,9
2022-23,2022-11-05,0022200138,SAS,DEN,0,0,1490.789460400072,1472.4081163484395,-18.38134405163237,1530.4868090691764,0.3941281215860428,25.0,-25.0,0.5545997223493823,1.5545997223493822,10
2022-23,2022-11-07,0022200154,SAS,DEN,1,0,1472.4081163484395,1457.2216086775488,-15.186507670890643,1548.8681531208088,0.4406158210334852,6.0,-6.0,0.1488850336233179,1.1488850336233178,11
2022-23,2022-11-09,0022200169,SAS,MEM,1,0,1457.2216086775488,1443.5901254633702,-13.631483214178663,1539.227624430154,0.4327626548282768,2.0,-2.0,0.0499583749578799,1.04995837495788,12
2022-23,2022-11-11,0022200180,SAS,MIL,1,1,1443.5901254633702,1472.8454006935765,29.25527523020632,1614.2079097482151,0.3141736245638519,18.0,18.0,0.4218990052500079,1.4218990052500078,13
2022-23,2022-11-14,0022200205,SAS,GSW,0,0,1472.8454006935765,1447.805272948813,-25.040127744763872,1449.6933003576733,0.4829561079246965,37.0,-37.0,0.7282542059818115,1.7282542059818111,14
2022-23,2022-11-15,0022200209,SAS,POR,0,0,1447.805272948813,1437.215269341402,-10.59000360741058,1559.2706583768404,0.3008775503271838,7.0,-7.0,0.1732351578346601,1.17323515783466,15
2022-23,2022-11-17,0022200222,SAS,SAC,0,0,1437.215269341402,1423.4818372042828,-13.733432137119337,1531.6042014854704,0.3219504828029759,18.0,-18.0,0.4218990052500079,1.4218990052500078,16
2022-23,2022-11-19,0022200239,SAS,LAC,0,0,1423.4818372042828,1408.3574068051785,-15.124430399104384,1506.827426445111,0.3359819322728405,22.0,-22.0,0.5005202111902353,1.5005202111902354,17
2022-23,2022-11-20,0022200247,SAS,LAL,0,0,1408.3574068051785,1387.6945699323203,-20.66283687285812,1431.231257590441,0.4174747022105795,31.0,-31.0,0.6498274636719203,1.6498274636719203,18
2022-23,2022-11-23,0022200269,SAS,NOP,1,0,1387.6945699323203,1374.0039351006665,-13.690634831653751,1556.5025304882583,0.3164227493031561,19.0,-19.0,0.4422303560457261,1.442230356045726,19
2022-23,2022-11-25,0022200282,SAS,LAL,1,0,1374.0039351006665,1356.6815491856448,-17.322385915021687,1440.1649494947785,0.4552755530671843,11.0,-11.0,0.2682711820216014,1.2682711820216013,20
2022-23,2022-11-26,0022200288,SAS,LAL,1,0,1356.6815491856448,1342.9729553446782,-13.708593840966593,1457.4873354098002,0.4064142909853202,5.0,-5.0,0.1243530017715962,1.124353001771596,21
2022-23,2022-11-30,0022200319,SAS,OKC,0,0,1342.9729553446782,1331.5174690680108,-11.455486276667369,1439.791122700175,0.3189054727500612,8.0,-8.0,0.197375320224904,1.197375320224904,22
2022-23,2022-12-02,0022200333,SAS,NOP,1,0,1331.5174690680108,1321.5895801474967,-9.927888920514125,1573.74823095208,0.2327377890145003,18.0,-18.0,0.4218990052500079,1.4218990052500078,23
2022-23,2022-12-04,0022200345,SAS,PHX,1,0,1321.5895801474967,1310.713929494202,-10.87565065329469,1588.4625281768035,0.2083717784109287,38.0,-38.0,0.7397830512740042,1.7397830512740042,24
2022-23,2022-12-08,0022200375,SAS,HOU,1,1,1310.713929494202,1333.373037246682,22.65910775247996,1429.617548838016,0.3815467875651275,9.0,9.0,0.2212784678984439,1.221278467898444,25
2022-23,2022-12-10,0022200387,SAS,MIA,0,1,1333.373037246682,1358.0403498798084,24.667312633126564,1487.1155084924403,0.2522799986390619,4.0,4.0,0.0996679946249558,1.099667994624956,26
2022-23,2022-12-12,0022200406,SAS,CLE,1,1,1358.0403498798084,1380.3070406044153,22.266690724606867,1560.6796993960547,0.2758762978648326,1.0,1.0,0.0249947929684206,1.0249947929684209,27
2022-23,2022-12-14,0022200420,SAS,POR,1,0,1380.3070406044153,1365.7305071685375,-14.57653343587771,1521.2413844242028,0.352103201750678,16.0,-16.0,0.3799489622552249,1.379948962255225,28
2022-23,2022-12-17,0022200439,SAS,MIA,1,0,1365.7305071685375,1352.9333281754382,-12.797178993099322,1513.908103089011,0.3426510068374084,10.0,-10.0,0.2449186624037091,1.2449186624037092,29
2022-23,2022-12-19,0022200455,SAS,HOU,0,1,1352.9333281754382,1380.89009408329,27.956765907851796,1422.5363811891775,0.3538534305411281,19.0,19.0,0.4422303560457261,1.442230356045726,30
2022-23,2022-12-22,0022200477,SAS,NOP,0,0,1380.89009408329,1372.225993387239,-8.664100696050944,1549.5040990898897,0.2364762534723138,9.0,-9.0,0.2212784678984439,1.221278467898444,31
2022-23,2022-12-23,0022200479,SAS,ORL,0,0,1372.225993387239,1358.4255915362614,-13.800401850977584,1472.4828792368553,0.3146214328642759,20.0,-20.0,0.4621171572600097,1.4621171572600098,32
2022-23,2022-12-26,0022200503,SAS,UTA,1,1,1358.4255915362614,1380.653278691961,22.227687155699677,1519.4204138804546,0.3262303633355424,4.0,4.0,0.0996679946249558,1.099667994624956,33
2022-23,2022-12-27,0022200511,SAS,OKC,0,0,1380.653278691961,1366.8859848683933,-13.76729382356782,1466.6735878277043,0.3325556282668162,16.0,-16.0,0.3799489622552249,1.379948962255225,34
2022-23,2022-12-29,0022200527,SAS,NYK,1,1,1366.8859848683933,1390.3015597633057,23.415574894912194,1521.20797707786,0.3347291393787776,7.0,7.0,0.1732351578346601,1.17323515783466,35
2022-23,2022-12-31,0022200542,SAS,DAL,1,0,1390.3015597633057,1380.6004041145752,-9.701155648730216,1559.8621841608383,0.3154863392243952,1.0,-1.0,0.0249947929684206,1.0249947929684209,36
2022-23,2023-01-02,0022200555,SAS,BKN,0,0,1380.6004041145752,1373.8953568830807,-6.70504723149457,1675.488388928265,0.1302230680722308,36.0,-36.0,0.7162978701990245,1.7162978701990244,37
2022-23,2023-01-04,0022200568,SAS,NYK,0,0,1373.8953568830807,1365.9149335786074,-7.980423304473222,1532.0797342532649,0.247487288298029,3.0,-3.0,0.074859690687499,1.0748596906874992,38
2022-23,2023-01-06,0022200585,SAS,DET,1,1,1365.9149335786074,1383.9585573409174,18.04362376230997,1377.0919321693382,0.5342304259938606,12.0,12.0,0.2913126124515909,1.2913126124515908,39
2022-23,2023-01-07,0022200591,SAS,BOS,1,0,1383.9585573409174,1375.168396696348,-8.790160644569477,1600.121403149215,0.2605990772980605,5.0,-5.0,0.1243530017715962,1.124353001771596,40
2022-23,2023-01-09,0022200608,SAS,MEM,0,0,1375.168396696348,1369.5620542571976,-5.606342439150437,1633.359102566443,0.1560731026842219,8.0,-8.0,0.197375320224904,1.197375320224904,41
2022-23,2023-01-11,0022200623,SAS,MEM,0,0,1369.5620542571976,1364.469311111726,-5.092743145471484,1638.9654450055934,0.1477590010148114,6.0,-6.0,0.1488850336233179,1.1488850336233178,42
2022-23,2023-01-13,0022200635,SAS,GSW,1,0,1364.469311111726,1344.820681636798,-19.648629474927965,1472.0919914749766,0.3969835211575641,31.0,-31.0,0.6498274636719203,1.6498274636719203,43
2022-23,2023-01-15,0022200652,SAS,SAC,1,0,1344.820681636798,1333.2210045011964,-11.599677135601643,1531.7911073187704,0.29425399326723,13.0,-13.0,0.3140209253469976,1.3140209253469977,44
2022-23,2023-01-17,0022200666,SAS,BKN,1,1,1333.2210045011964,1362.680974543301,29.459970042104818,1631.7862430441592,0.1798736913843821,8.0,8.0,0.197375320224904,1.197375320224904,45
2022-23,2023-01-20,0022200687,SAS,LAC,1,0,1362.680974543301,1347.503145420383,-15.177829122918428,1432.5605302371205,0.4499722388195212,5.0,-5.0,0.1243530017715962,1.124353001771596,46
2022-23,2023-01-23,0022200711,SAS,POR,0,0,1347.503145420383,1332.444448522886,-15.058696897496638,1425.1742418006224,0.3433080316152972,20.0,-20.0,0.4621171572600097,1.4621171572600098,47
2022-23,2023-01-25,0022200729,SAS,LAL,0,0,1332.444448522886,1323.4095654919554,-9.03488303093068,1491.4609131579198,0.2465963133010322,9.0,-9.0,0.2212784678984439,1.221278467898444,48
2022-23,2023-01-26,0022200735,SAS,LAC,0,0,1323.4095654919554,1311.4342841793416,-11.975281312613838,1498.864371744051,0.2294401267224018,38.0,-38.0,0.7397830512740042,1.7397830512740042,49
2022-23,2023-01-28,0022200748,SAS,PHX,1,0,1311.4342841793416,1299.394379246889,-12.039904932452504,1475.485822841836,0.3223746069001718,10.0,-10.0,0.2449186624037091,1.2449186624037092,50
2022-23,2023-01-30,0022200760,SAS,WAS,1,0,1299.394379246889,1288.4457999664749,-10.948579280414252,1528.6583810231175,0.2463316744961241,21.0,-21.0,0.4815497983643079,1.481549798364308,51
2022-23,2023-02-01,0022200775,SAS,SAC,1,0,1288.4457999664749,1280.7714850084844,-7.674314957990346,1558.3759688579305,0.2054837045383793,10.0,-10.0,0.2449186624037091,1.2449186624037092,52
2022-23,2023-02-03,0022200791,SAS,PHI,1,0,1280.7714850084844,1275.8057385063169,-4.965746502167571,1648.808772988993,0.1281834327408391,12.0,-12.0,0.2913126124515909,1.2913126124515908,53
2022-23,2023-02-06,0022200811,SAS,CHI,0,0,1275.8057385063169,1268.074898605519,-7.730839900798139,1519.1599838286415,0.1676554022023073,24.0,-24.0,0.5370495669980352,1.5370495669980353,54
2022-23,2023-02-08,0022200826,SAS,TOR,0,0,1268.074898605519,1260.6807241275912,-7.394174477927396,1491.3226718269575,0.1844335476222609,14.0,-14.0,0.3363755443363322,1.3363755443363323,55
2022-23,2023-02-10,0022200835,SAS,DET,0,0,1260.6807241275912,1247.3592099620755,-13.321514165515593,1311.8428052521117,0.3784837755828926,7.0,-7.0,0.1732351578346601,1.17323515783466,56
2022-23,2023-02-11,0022200850,SAS,ATL,0,0,1247.3592099620755,1240.884190963826,-6.4750189982498965,1514.1636383520588,0.14965290787534,19.0,-19.0,0.4422303560457261,1.442230356045726,57
2022-23,2023-02-13,0022200858,SAS,CLE,0,0,1240.884190963826,1237.9176465277603,-2.966544436065618,1624.150872689663,0.0825846439835982,8.0,-8.0,0.197375320224904,1.197375320224904,58
2022-23,2023-02-15,0022200873,SAS,CHA,0,0,1237.9176465277603,1226.4869517183365,-11.430694809424043,1345.1215817168263,0.3060626945526297,10.0,-10.0,0.2449186624037091,1.2449186624037092,59
2022-23,2023-02-23,0022200891,SAS,DAL,0,0,1226.4869517183365,1219.4041735082762,-7.082778210060041,1492.5216158829226,0.1502176742551656,26.0,-26.0,0.5716699660851172,1.5716699660851172,60
2022-23,2023-02-25,0022200909,SAS,UTA,0,0,1219.4041735082762,1212.7284775888536,-6.675695919422762,1470.8513152356136,0.1612546575276425,16.0,-16.0,0.3799489622552249,1.379948962255225,61
2022-23,2023-02-28,0022200930,SAS,UTA,0,1,1212.7284775888536,1243.2210191025524,30.492541513698917,1477.5270111550362,0.1511282775849131,8.0,8.0,0.197375320224904,1.197375320224904,62
2022-23,2023-03-02,0022200944,SAS,IND,1,1,1243.2210191025524,1269.8836960284857,26.662676925932967,1426.0423088489133,0.2992382779568971,11.0,11.0,0.2682711820216014,1.2682711820216013,63
2022-23,2023-03-04,0022200959,SAS,HOU,1,0,1269.8836960284857,1246.4966608760906,-23.38703515239481,1231.7634970735205,0.6037018696294852,12.0,-12.0,0.2913126124515909,1.2913126124515908,64
2022-23,2023-03-05,0022200967,SAS,HOU,0,0,1246.4966608760906,1224.655901297844,-21.84075957824641,1255.1505322259152,0.4375055481242129,32.0,-32.0,0.664036770267849,1.664036770267849,65
2022-23,2023-03-10,0022201002,SAS,DEN,1,1,1224.655901297844,1257.1441361749771,32.4882348771329,1650.075575064499,0.0955708337401783,8.0,8.0,0.197375320224904,1.197375320224904,66
2022-23,2023-03-12,0022201018,SAS,OKC,1,0,1257.1441361749771,1248.5721364019334,-8.571999773043737,1510.7263053151455,0.2212735498847582,12.0,-12.0,0.2913126124515909,1.2913126124515908,67
2022-23,2023-03-14,0022201032,SAS,ORL,1,1,1248.5721364019334,1280.3561928865436,31.78405648461015,1469.9174899813354,0.2548918414210986,18.0,18.0,0.4218990052500079,1.4218990052500078,68
2022-23,2023-03-15,0022201040,SAS,DAL,1,0,1280.3561928865436,1268.2578197489922,-12.09837313755135,1438.2150910818964,0.3302106073146456,9.0,-9.0,0.2212784678984439,1.221278467898444,69
2022-23,2023-03-17,0022201052,SAS,MEM,1,0,1268.2578197489922,1261.8199751511793,-6.437844597812987,1558.802845921263,0.1867852862965036,6.0,-6.0,0.1488850336233179,1.1488850336233178,70
2022-23,2023-03-19,0022201065,SAS,ATL,1,1,1261.8199751511793,1289.1919726648753,27.371997513696087,1498.9711193550022,0.2380000642139292,8.0,8.0,0.197375320224904,1.197375320224904,71
2022-23,2023-03-21,0022201080,SAS,NOP,0,0,1289.1919726648753,1274.9756287318278,-14.216343933047424,1419.891230494833,0.2781129013290148,35.0,-35.0,0.703905603936621,1.703905603936621,72
2022-23,2023-03-22,0022201089,SAS,MIL,0,0,1274.9756287318278,1271.6969856792236,-3.2786430526041817,1706.9538823372257,0.0636766517345847,36.0,-36.0,0.7162978701990245,1.7162978701990244,73
2022-23,2023-03-24,0022201098,SAS,WAS,0,0,1271.6969856792236,1261.5489726377452,-10.14801304147842,1416.638536949186,0.2619560113645952,12.0,-12.0,0.2913126124515909,1.2913126124515908,74
2022-23,2023-03-26,0022201116,SAS,BOS,0,0,1261.5489726377452,1256.8750920121438,-4.6738806256013365,1635.9614220611709,0.0865293560121081,44.0,-44.0,0.8004990217606297,1.8004990217606296,75
2022-23,2023-03-29,0022201143,SAS,UTA,1,0,1256.8750920121438,1244.3708805782444,-12.504211433899426,1415.9676141244622,0.3286418974940869,11.0,-11.0,0.2682711820216014,1.2682711820216013,76
2022-23,2023-03-31,0022201158,SAS,GSW,0,0,1244.3708805782444,1239.3149889322724,-5.0558916459719105,1548.8939060709488,0.1240687625635292,15.0,-15.0,0.3583573983507859,1.358357398350786,77
2022-23,2023-04-02,0022201170,SAS,SAC,0,1,1239.3149889322724,1272.1028841300315,32.7878951977594,1612.196041797471,0.0872286897311135,8.0,8.0,0.197375320224904,1.197375320224904,78
2022-23,2023-04-04,0022201188,SAS,PHX,0,0,1272.1028841300315,1267.3834993798555,-4.719384750176037,1607.183515847876,0.1061812604473692,21.0,-21.0,0.4815497983643079,1.481549798364308,79
2022-23,2023-04-06,0022201199,SAS,POR,1,1,1267.3834993798555,1284.9555974507975,17.572098070941728,1342.7742426364596,0.4421335013512115,2.0,2.0,0.0499583749578799,1.04995837495788,80
2022-23,2023-04-08,0022201214,SAS,MIN,1,0,1284.9555974507975,1274.4170062256171,-10.538591225180417,1519.9502381595871,0.2402587045972342,20.0,-20.0,0.4621171572600097,1.4621171572600098,81
2022-23,2023-04-09,0022201224,SAS,DAL,0,1,1274.4170062256171,1306.7706616736707,32.35365544805356,1410.3750474789565,0.2720763198156117,21.0,21.0,0.4815497983643079,1.481549798364308,82
2022-23,2022-10-19,0022200008,TOR,CLE,1,1,1500.0,1514.5041775209882,14.50417752098821,1500.0,0.550199353253537,3.0,3.0,0.074859690687499,1.0748596906874992,1
2022-23,2022-10-21,0022200021,TOR,BKN,0,0,1514.5041775209882,1497.8063608625014,-16.69781665848685,1475.2324425077782,0.5061472111007976,4.0,-4.0,0.0996679946249558,1.099667994624956,2
2022-23,2022-10-22,0022200031,TOR,MIA,0,0,1497.8063608625014,1481.67855858853,-16.127802273971344,1462.700620768386,0.5001521722230777,3.0,-3.0,0.074859690687499,1.0748596906874992,3
2022-23,2022-10-24,0022200045,TOR,MIA,0,1,1481.67855858853,1501.296443267056,19.617884678526135,1478.8284230423574,0.4538642326773727,8.0,8.0,0.197375320224904,1.197375320224904,4
2022-23,2022-10-26,0022200059,TOR,PHI,1,1,1501.296443267056,1516.3451968420395,15.04875357498371,1467.9840095375446,0.5970619331888095,10.0,10.0,0.2449186624037091,1.2449186624037092,5
2022-23,2022-10-28,0022200073,TOR,PHI,1,0,1516.3451968420395,1487.627328888696,-28.717867953343873,1452.9352559625609,0.6379535963411965,22.0,-22.0,0.5005202111902353,1.5005202111902354,6
2022-23,2022-10-31,0022200099,TOR,ATL,1,1,1487.627328888696,1512.541978399,24.91464951030419,1528.115637496443,0.4921023459069939,30.0,30.0,0.6351489523872873,1.6351489523872873,7
2022-23,2022-11-02,0022200114,TOR,SAS,0,1,1512.541978399,1544.463238253854,31.921259854854014,1543.641111755041,0.4060069845980728,43.0,43.0,0.7913375537619973,1.791337553761997,8
2022-23,2022-11-04,0022200127,TOR,DAL,0,0,1544.463238253854,1529.8596074584193,-14.60363079543486,1526.9071712492905,0.4749172352099544,1.0,-1.0,0.0249947929684206,1.0249947929684209,9
2022-23,2022-11-06,0022200141,TOR,CHI,1,1,1529.8596074584193,1544.953410073404,15.093802614984629,1503.0440915512904,0.5880327320446472,9.0,9.0,0.2212784678984439,1.221278467898444,10
2022-23,2022-11-07,0022200151,TOR,CHI,0,0,1544.953410073404,1523.6399799524015,-21.31343012100254,1487.9502889363057,0.5316227715412927,14.0,-14.0,0.3363755443363322,1.3363755443363323,11
2022-23,2022-11-09,0022200165,TOR,HOU,1,1,1523.6399799524015,1534.0703785029282,10.430398550526563,1408.4133911972704,0.7036570636649672,7.0,7.0,0.1732351578346601,1.17323515783466,12
2022-23,2022-11-11,0022200179,TOR,OKC,0,0,1534.0703785029282,1509.733488884072,-24.336889618856137,1455.4247884375975,0.5624827202958631,19.0,-19.0,0.4422303560457261,1.442230356045726,13
2022-23,2022-11-12,0022200187,TOR,IND,0,0,1509.733488884072,1490.4203627486306,-19.313126135441607,1487.4351270084312,0.481729012409528,14.0,-14.0,0.3363755443363322,1.3363755443363323,14
2022-23,2022-11-14,0022200199,TOR,DET,0,1,1490.4203627486306,1504.014278284091,13.59391553546032,1393.6722061266792,0.5879387960152297,4.0,4.0,0.0996679946249558,1.099667994624956,15
2022-23,2022-11-16,0022200215,TOR,MIA,1,1,1504.014278284091,1519.9448512524689,15.9305729683778,1499.5757521600513,0.5565140771014181,8.0,8.0,0.197375320224904,1.197375320224904,16
2022-23,2022-11-19,0022200235,TOR,ATL,0,0,1519.9448512524689,1506.7981160770858,-13.146735175383077,1542.8911977438363,0.4173732181179871,2.0,-2.0,0.0499583749578799,1.04995837495788,17
2022-23,2022-11-23,0022200266,TOR,BKN,1,0,1506.7981160770858,1484.1235399730665,-22.674576104019422,1495.968696380085,0.5655739561162557,14.0,-14.0,0.3363755443363322,1.3363755443363323,18
2022-23,2022-11-26,0022200286,TOR,DAL,1,1,1484.1235399730665,1500.516503566814,16.392963593747602,1509.390673002704,0.5140030587096789,5.0,5.0,0.1243530017715962,1.124353001771596,19
2022-23,2022-11-28,0022200303,TOR,CLE,1,1,1500.516503566814,1521.7104911338386,21.19398756702467,1568.3363552003725,0.452908424016001,12.0,12.0,0.2913126124515909,1.2913126124515908,20
2022-23,2022-11-30,0022200318,TOR,NOP,0,0,1521.7104911338386,1504.6187904927383,-17.09170064110025,1556.65653031098,0.400677792585676,18.0,-18.0,0.4218990052500079,1.4218990052500078,21
2022-23,2022-12-02,0022200329,TOR,BKN,0,0,1504.6187904927383,1490.1895154635467,-14.42927502919156,1544.533205582876,0.3938297832549531,9.0,-9.0,0.2212784678984439,1.221278467898444,22
2022-23,2022-12-03,0022200340,TOR,ORL,1,1,1490.1895154635467,1500.4225859000328,10.233070436486042,1343.1128005129133,0.7404133059808069,13.0,13.0,0.3140209253469976,1.3140209253469977,23
2022-23,2022-12-05,0022200355,TOR,BOS,1,0,1500.4225859000328,1489.5235343599934,-10.899051540039515,1669.3925057636425,0.3162211251508322,6.0,-6.0,0.1488850336233179,1.1488850336233178,24
2022-23,2022-12-07,0022200366,TOR,LAL,1,1,1489.5235343599934,1508.0810007704276,18.55746641043416,1504.1789609014727,0.5292447770435713,13.0,13.0,0.3140209253469976,1.3140209253469977,25
2022-23,2022-12-09,0022200379,TOR,ORL,0,0,1508.0810007704276,1485.91495310123,-22.16604766919752,1348.5606833840943,0.6719012095027008,4.0,-4.0,0.0996679946249558,1.099667994624956,26
2022-23,2022-12-11,0022200398,TOR,ORL,0,0,1485.91495310123,1462.152458851352,-23.762494249878326,1370.726731053292,0.6133937932804825,12.0,-12.0,0.2913126124515909,1.2913126124515908,27
2022-23,2022-12-14,0022200417,TOR,SAC,1,0,1462.152458851352,1448.6560868995805,-13.496371951771398,1539.8162431153544,0.4389086346050413,1.0,-1.0,0.0249947929684206,1.0249947929684209,28
2022-23,2022-12-16,0022200433,TOR,BKN,1,0,1448.6560868995805,1437.3477340547315,-11.308352844849043,1590.6657608293408,0.3506923723106602,3.0,-3.0,0.074859690687499,1.0748596906874992,29
2022-23,2022-12-18,0022200448,TOR,GSW,1,0,1437.3477340547315,1417.826644407681,-19.52108964705063,1492.1442296608393,0.4715413439433217,16.0,-16.0,0.3799489622552249,1.379948962255225,30
2022-23,2022-12-19,0022200453,TOR,PHI,0,0,1417.826644407681,1409.4540366781275,-8.372607729553412,1564.8464774897393,0.2596496330976354,3.0,-3.0,0.074859690687499,1.0748596906874992,31
2022-23,2022-12-21,0022200471,TOR,NYK,0,1,1409.4540366781275,1437.1971534667998,27.743116788672182,1602.7618275391633,0.2117773206445873,7.0,7.0,0.1732351578346601,1.17323515783466,32
2022-23,2022-12-23,0022200484,TOR,CLE,0,1,1437.1971534667998,1466.663752202592,29.466598735792125,1616.503130945155,0.2255442118505786,11.0,11.0,0.2682711820216014,1.2682711820216013,33
2022-23,2022-12-27,0022200509,TOR,LAC,1,0,1466.663752202592,1448.908263315952,-17.75548888663995,1524.8661748931104,0.4666585805499951,11.0,-11.0,0.2682711820216014,1.2682711820216013,34
2022-23,2022-12-29,0022200526,TOR,MEM,1,0,1448.908263315952,1433.179634940412,-15.728628375539651,1555.072607847542,0.3989948732205601,13.0,-13.0,0.3140209253469976,1.3140209253469977,35
2022-23,2022-12-30,0022200531,TOR,PHX,1,1,1433.179634940412,1453.475610069726,20.295975129314023,1505.8174934915294,0.4460456627269997,9.0,9.0,0.2212784678984439,1.221278467898444,36
2022-23,2023-01-02,0022200553,TOR,IND,0,0,1453.475610069726,1441.503935300937,-11.971674768789224,1538.9328418395658,0.3332754725154619,8.0,-8.0,0.197375320224904,1.197375320224904,37
2022-23,2023-01-04,0022200569,TOR,MIL,1,0,1441.503935300937,1428.5892988229728,-12.914636477964118,1546.574175273979,0.4005061184529641,3.0,-3.0,0.074859690687499,1.0748596906874992,38
2022-23,2023-01-06,0022200582,TOR,NYK,1,0,1428.5892988229728,1415.6673337375137,-12.921965085459131,1540.0601575577382,0.3916929215187412,4.0,-4.0,0.0996679946249558,1.099667994624956,39
2022-23,2023-01-08,0022200597,TOR,POR,1,1,1415.6673337375137,1435.6856291336153,20.01829539610159,1462.3057838743762,0.483257185929173,12.0,12.0,0.2913126124515909,1.2913126124515908,40
2022-23,2023-01-10,0022200613,TOR,CHA,1,1,1435.6856291336153,1449.2060260547692,13.520396921153868,1362.3903888217435,0.6509908653984506,12.0,12.0,0.2913126124515909,1.2913126124515908,41
2022-23,2023-01-12,0022200629,TOR,CHA,1,1,1449.2060260547692,1460.9526999066516,11.746673851882342,1348.86999190059,0.685476805121772,10.0,10.0,0.2449186624037091,1.2449186624037092,42
2022-23,2023-01-14,0022200644,TOR,ATL,1,0,1460.9526999066516,1439.7233888997948,-21.229311006856847,1455.4965951868276,0.557959299446188,11.0,-11.0,0.2682711820216014,1.2682711820216013,43
2022-23,2023-01-16,0022200659,TOR,NYK,0,1,1439.7233888997948,1462.6425679196989,22.919179019903943,1575.4167577296755,0.272378170203704,2.0,2.0,0.0499583749578799,1.04995837495788,44
2022-23,2023-01-17,0022200665,TOR,MIL,0,0,1462.6425679196989,1450.1866961277194,-12.45587179197952,1537.6640106541186,0.3467548724165542,8.0,-8.0,0.197375320224904,1.197375320224904,45
2022-23,2023-01-19,0022200680,TOR,MIN,0,0,1450.1866961277194,1437.2416568996246,-12.945039228094885,1477.71767237586,0.4109699183269745,2.0,-2.0,0.0499583749578799,1.04995837495788,46
2022-23,2023-01-21,0022200692,TOR,BOS,1,0,1437.2416568996246,1429.8941420765989,-7.347514823025642,1678.9612163074237,0.2332636860745517,2.0,-2.0,0.0499583749578799,1.04995837495788,47
2022-23,2023-01-22,0022200700,TOR,NYK,1,1,1429.8941420765989,1450.425178745193,20.531036668594176,1507.0492072041318,0.4396299394921877,9.0,9.0,0.2212784678984439,1.221278467898444,48
2022-23,2023-01-25,0022200728,TOR,SAC,0,1,1450.425178745193,1481.581156984545,31.155978239351963,1588.5476161737065,0.2696157714831532,18.0,18.0,0.4218990052500079,1.4218990052500078,49
2022-23,2023-01-27,0022200740,TOR,GSW,0,0,1481.581156984545,1465.8823356044736,-15.698821380071386,1513.23152722514,0.4052419537736041,12.0,-12.0,0.2913126124515909,1.2913126124515908,50
2022-23,2023-01-28,0022200751,TOR,POR,0,1,1465.8823356044736,1488.9870752317686,23.104739627294897,1459.884243437611,0.4583595707340112,18.0,18.0,0.4218990052500079,1.4218990052500078,51
2022-23,2023-01-30,0022200762,TOR,PHX,0,0,1488.9870752317686,1472.7548556195898,-16.23221961217876,1487.5257277742887,0.4518833634979172,8.0,-8.0,0.197375320224904,1.197375320224904,52
2022-23,2023-02-01,0022200776,TOR,UTA,0,0,1472.7548556195898,1459.0465666927616,-13.70828892682808,1490.1820382876774,0.425118709154805,3.0,-3.0,0.074859690687499,1.0748596906874992,53
2022-23,2023-02-03,0022200789,TOR,HOU,0,1,1459.0465666927616,1470.949280570176,11.902713877414374,1312.9397817704512,0.6546589801105986,6.0,6.0,0.1488850336233179,1.1488850336233178,54
2022-23,2023-02-05,0022200805,TOR,MEM,0,1,1470.949280570176,1491.3226718269575,20.373391256781776,1529.759210550268,0.3681844730279603,3.0,3.0,0.074859690687499,1.0748596906874992,55
2022-23,2023-02-08,0022200826,TOR,SAS,1,1,1491.3226718269575,1498.7168463048852,7.394174477927396,1268.074898605519,0.8155664523777391,14.0,14.0,0.3363755443363322,1.3363755443363323,56
2022-23,2023-02-10,0022200839,TOR,UTA,1,0,1498.7168463048852,1476.9800586499464,-21.7367876549388,1440.7668332619055,0.6306632668134484,6.0,-6.0,0.1488850336233179,1.1488850336233178,57
2022-23,2023-02-12,0022200856,TOR,DET,1,1,1476.9800586499464,1484.8021399573422,7.822081307395896,1325.1643194176272,0.7456220798695352,1.0,1.0,0.0249947929684206,1.0249947929684209,58
2022-23,2023-02-14,0022200868,TOR,ORL,1,1,1484.8021399573422,1503.194625375739,18.39248541839674,1514.568110266209,0.5075318044504683,10.0,10.0,0.2449186624037091,1.2449186624037092,59
2022-23,2023-02-23,0022200890,TOR,NOP,1,1,1503.194625375739,1516.5308336785477,13.33620830280873,1464.4033557451874,0.6046257037960077,5.0,5.0,0.1243530017715962,1.124353001771596,60
2022-23,2023-02-25,0022200903,TOR,DET,0,1,1516.5308336785477,1525.3189407833124,8.788107104764752,1305.5489503539325,0.7336133224536874,4.0,4.0,0.0996679946249558,1.099667994624956,61
2022-23,2023-02-26,0022200914,TOR,CLE,0,0,1525.3189407833124,1507.2345728973733,-18.084367885939113,1569.6621007287902,0.3877604338907507,25.0,-25.0,0.5545997223493823,1.5545997223493822,62
2022-23,2023-02-28,0022200925,TOR,CHI,1,1,1507.2345728973733,1521.8747233795011,14.640150482127906,1489.5552390300877,0.575235988119825,6.0,6.0,0.1488850336233179,1.1488850336233178,63
2022-23,2023-03-02,0022200942,TOR,WAS,0,0,1521.8747233795011,1504.464962885248,-17.40976049425308,1516.4278041997588,0.4575719751697014,11.0,-11.0,0.2682711820216014,1.2682711820216013,64
2022-23,2023-03-04,0022200956,TOR,WAS,0,1,1504.464962885248,1525.2873264963046,20.82236361105641,1533.837564694012,0.4084060792073298,7.0,7.0,0.1732351578346601,1.17323515783466,65
2022-23,2023-03-06,0022200975,TOR,DEN,0,0,1525.2873264963046,1516.7603340677094,-8.526992428595015,1678.5539905475564,0.2527970134871459,5.0,-5.0,0.1243530017715962,1.124353001771596,66
2022-23,2023-03-08,0022200991,TOR,LAC,0,0,1516.7603340677094,1499.685865620184,-17.07446844752528,1498.9164243948444,0.4753304487217415,8.0,-8.0,0.197375320224904,1.197375320224904,67
2022-23,2023-03-10,0022201003,TOR,LAL,0,0,1499.685865620184,1485.114539016881,-14.57132660330303,1542.2789894112454,0.3901547156815443,10.0,-10.0,0.2449186624037091,1.2449186624037092,68
2022-23,2023-03-14,0022201029,TOR,DEN,1,1,1485.114539016881,1509.9086776693453,24.79413865246428,1596.6781877410806,0.3915656590681403,15.0,15.0,0.3583573983507859,1.358357398350786,69
2022-23,2023-03-16,0022201044,TOR,OKC,1,1,1509.9086776693453,1530.5926424945255,20.683964825180375,1539.402523649479,0.507923329277255,17.0,17.0,0.4011342849479459,1.401134284947946,70
2022-23,2023-03-18,0022201058,TOR,MIN,1,1,1530.5926424945255,1547.145691498935,16.55304900440965,1499.6344017825056,0.5937974050004046,15.0,15.0,0.3583573983507859,1.358357398350786,71
2022-23,2023-03-19,0022201068,TOR,MIL,0,0,1547.145691498935,1538.153879152092,-8.991812346843032,1697.9620699903826,0.2554705902108165,7.0,-7.0,0.1732351578346601,1.17323515783466,72
2022-23,2023-03-22,0022201085,TOR,IND,1,0,1538.153879152092,1514.4147497134632,-23.739129438628954,1409.4417536102687,0.719584746022222,4.0,-4.0,0.0996679946249558,1.099667994624956,73
2022-23,2023-03-24,0022201099,TOR,DET,1,1,1514.4147497134632,1520.487368111087,6.072618397624117,1229.1508809867266,0.8633723864850051,21.0,21.0,0.4815497983643079,1.481549798364308,74
2022-23,2023-03-26,0022201119,TOR,WAS,1,1,1520.487368111087,1532.5437503133649,12.056382202277584,1426.7865499906643,0.6771842057804557,10.0,10.0,0.2449186624037091,1.2449186624037092,75
2022-23,2023-03-28,0022201132,TOR,MIA,1,1,1532.5437503133649,1550.0384205150497,17.494670201684823,1523.088844861553,0.56362889469135,14.0,14.0,0.3363755443363322,1.3363755443363323,76
2022-23,2023-03-31,0022201150,TOR,PHI,0,0,1550.0384205150497,1538.646114307598,-11.392306207451602,1643.0591998575028,0.3236721451045219,7.0,-7.0,0.1732351578346601,1.17323515783466,77
2022-23,2023-04-02,0022201163,TOR,CHA,0,1,1538.646114307598,1554.9695533196686,16.323439012070605,1412.7847267810882,0.6278583894362124,20.0,20.0,0.4621171572600097,1.4621171572600098,78
2022-23,2023-04-04,0022201176,TOR,CHA,0,1,1554.9695533196686,1569.4175099338547,14.44795661418618,1396.4612877690176,0.6706156196752961,20.0,20.0,0.4621171572600097,1.4621171572600098,79
2022-23,2023-04-05,0022201192,TOR,BOS,0,0,1569.4175099338547,1557.622541272434,-11.794968661420716,1636.2327451452563,0.3575312039352815,4.0,-4.0,0.0996679946249558,1.099667994624956,80
2022-23,2023-04-07,0022201206,TOR,BOS,0,0,1557.622541272434,1543.4752616629503,-14.147279609483611,1648.027713806677,0.3269768834125384,19.0,-19.0,0.4422303560457261,1.442230356045726,81
2022-23,2023-04-09,0022201221,TOR,MIL,1,1,1543.4752616629503,1569.4205785800352,25.945316917084806,1668.4920236054058,0.3732783451478076,16.0,16.0,0.3799489622552249,1.379948962255225,82
2022-23,2022-10-19,0022200012,UTA,DEN,1,1,1500.0,1519.9920617247408,19.99206172474073,1500.0,0.550199353253537,21.0,21.0,0.4815497983643079,1.481549798364308,1
2022-23,2022-10-21,0022200025,UTA,MIN,0,1,1519.9920617247408,1538.7510181413795,18.75895641663903,1515.8316579833916,0.4557344478156756,6.0,6.0,0.1488850336233179,1.1488850336233178,2
2022-23,2022-10-23,0022200040,UTA,NOP,0,1,1538.7510181413795,1555.9934614182612,17.24244327688141,1546.1618295379508,0.4392672887977413,1.0,1.0,0.0249947929684206,1.0249947929684209,3
2022-23,2022-10-24,0022200048,UTA,HOU,0,0,1555.9934614182612,1535.230632921916,-20.76282849634531,1448.8142771543842,0.6024051693221253,6.0,-6.0,0.1488850336233179,1.1488850336233178,4
2022-23,2022-10-26,0022200063,UTA,HOU,1,1,1535.230632921916,1548.1288350703887,12.898202148472752,1469.5771056507294,0.6409312398931002,8.0,8.0,0.197375320224904,1.197375320224904,5
2022-23,2022-10-28,0022200078,UTA,DEN,0,0,1548.1288350703887,1527.2783473212005,-20.85048774918839,1510.5900107626553,0.5036535968478337,16.0,-16.0,0.3799489622552249,1.379948962255225,6
2022-23,2022-10-29,0022200087,UTA,MEM,1,1,1527.2783473212005,1541.6381116072428,14.359764286042417,1539.3048476691324,0.5330134232696592,1.0,1.0,0.0249947929684206,1.0249947929684209,7
2022-23,2022-10-31,0022200101,UTA,MEM,1,1,1541.6381116072428,1559.2801465692426,17.64203496199982,1524.94508338309,0.5738481290600833,16.0,16.0,0.3799489622552249,1.379948962255225,8
2022-23,2022-11-02,0022200115,UTA,DAL,0,0,1559.2801465692426,1542.5008730991258,-16.77927347011685,1510.1278977791735,0.5203554664077297,3.0,-3.0,0.074859690687499,1.0748596906874992,9
2022-23,2022-11-04,0022200131,UTA,LAL,0,1,1542.5008730991258,1560.0896549871454,17.58878188801953,1464.7029904211029,0.5612814585799576,14.0,14.0,0.3363755443363322,1.3363755443363323,10
2022-23,2022-11-06,0022200143,UTA,LAC,0,1,1560.0896549871454,1576.810477654047,16.72082266690159,1501.0682665977022,0.534514578554453,8.0,8.0,0.197375320224904,1.197375320224904,11
2022-23,2022-11-07,0022200157,UTA,LAL,1,1,1576.810477654047,1588.8508866020445,12.0404089479973,1433.892276541253,0.7357859143451031,23.0,23.0,0.5190218338982221,1.519021833898222,12
2022-23,2022-11-09,0022200162,UTA,ATL,0,1,1588.8508866020445,1606.6379790214248,17.787092419380482,1565.0200914649372,0.4839317570565465,6.0,6.0,0.1488850336233179,1.1488850336233178,13
2022-23,2022-11-12,0022200185,UTA,WAS,0,0,1606.6379790214248,1583.88386120093,-22.75411782049499,1485.8227755458165,0.6210463984693544,9.0,-9.0,0.2212784678984439,1.221278467898444,14
2022-23,2022-11-13,0022200195,UTA,PHI,0,0,1583.88386120093,1564.302216551747,-19.58164464918297,1509.5655527564234,0.5563432735094398,7.0,-7.0,0.1732351578346601,1.17323515783466,15
2022-23,2022-11-15,0022200208,UTA,NYK,1,0,1564.302216551747,1540.5161444824498,-23.786072069297305,1471.7023426411365,0.6757972292953679,7.0,-7.0,0.1732351578346601,1.17323515783466,16
2022-23,2022-11-18,0022200232,UTA,PHX,1,1,1540.5161444824498,1554.7282415776674,14.21209709521748,1549.1888765823358,0.5378156327325088,1.0,1.0,0.0249947929684206,1.0249947929684209,17
2022-23,2022-11-19,0022200238,UTA,POR,0,1,1554.7282415776674,1572.976316671683,18.24807509401548,1548.278462047596,0.4590051622203244,5.0,5.0,0.1243530017715962,1.124353001771596,18
2022-23,2022-11-21,0022200255,UTA,LAC,0,0,1572.976316671683,1554.5666832737663,-18.409633397916668,1521.9518568442154,0.5230447131586066,7.0,-7.0,0.1732351578346601,1.17323515783466,19
2022-23,2022-11-23,0022200270,UTA,DET,1,0,1554.5666832737663,1526.1447451566655,-28.42193811710054,1373.978173619416,0.7757427664035964,9.0,-9.0,0.2212784678984439,1.221278467898444,20
2022-23,2022-11-25,0022200284,UTA,GSW,0,0,1526.1447451566655,1507.4243527911158,-18.72039236554995,1496.6912240914835,0.4920186531850384,11.0,-11.0,0.2682711820216014,1.2682711820216013,21
2022-23,2022-11-26,0022200289,UTA,PHX,0,0,1507.4243527911158,1496.3688572094864,-11.055495581629428,1572.729711542638,0.3595301380218829,1.0,-1.0,0.0249947929684206,1.0249947929684209,22
2022-23,2022-11-28,0022200306,UTA,CHI,1,0,1496.3688572094864,1475.8766689085182,-20.492188300968003,1473.717955688947,0.582213155482222,7.0,-7.0,0.1732351578346601,1.17323515783466,23
2022-23,2022-11-30,0022200322,UTA,LAC,1,1,1475.8766689085182,1497.07154112104,21.194872212521716,1537.0947734906697,0.4623405709990317,13.0,13.0,0.3140209253469976,1.3140209253469977,24
2022-23,2022-12-02,0022200335,UTA,IND,1,1,1497.07154112104,1518.308880915719,21.237339794679286,1521.0671312904078,0.5158313251614344,20.0,20.0,0.4621171572600097,1.4621171572600098,25
2022-23,2022-12-03,0022200343,UTA,POR,1,0,1518.308880915719,1496.973179715165,-21.33570120055387,1458.9631673731565,0.6325327000487124,5.0,-5.0,0.1243530017715962,1.124353001771596,26
2022-23,2022-12-07,0022200372,UTA,GSW,1,1,1496.973179715165,1512.1361885054407,15.163008790275413,1527.1841592052351,0.506891518074194,1.0,1.0,0.0249947929684206,1.0249947929684209,27
2022-23,2022-12-09,0022200385,UTA,MIN,1,0,1512.1361885054407,1490.6375694367089,-21.49861906873194,1494.1720599992534,0.5756365112566754,10.0,-10.0,0.2449186624037091,1.2449186624037092,28
2022-23,2022-12-10,0022200393,UTA,DEN,0,0,1490.6375694367089,1477.9457554161484,-12.691814020560493,1543.4362777713063,0.3762701453061606,5.0,-5.0,0.1243530017715962,1.124353001771596,29
2022-23,2022-12-13,0022200412,UTA,NOP,1,1,1477.9457554161484,1507.592785652711,29.64703023656268,1633.6398426467017,0.3329725789104035,21.0,21.0,0.4815497983643079,1.481549798364308,30
2022-23,2022-12-15,0022200426,UTA,NOP,1,1,1507.592785652711,1526.5356788826618,18.942893229950823,1603.992812410139,0.4125467911743712,3.0,3.0,0.074859690687499,1.0748596906874992,31
2022-23,2022-12-17,0022200442,UTA,MIL,0,0,1526.5356788826618,1509.4694015750565,-17.066277307605354,1590.0133618991304,0.3619563410443787,26.0,-26.0,0.5716699660851172,1.5716699660851172,32
2022-23,2022-12-19,0022200452,UTA,CLE,0,0,1509.4694015750565,1493.5857366793405,-15.883664895716146,1583.1155823586982,0.3485502872365864,23.0,-23.0,0.5190218338982221,1.519021833898222,33
2022-23,2022-12-20,0022200461,UTA,DET,0,1,1493.5857366793405,1508.916390938531,15.330654259190656,1370.7393313700866,0.6237942906188516,15.0,15.0,0.3583573983507859,1.358357398350786,34
2022-23,2022-12-22,0022200478,UTA,WAS,1,1,1508.916390938531,1519.4204138804546,10.504022941923427,1390.4073224915087,0.7075819986014508,8.0,8.0,0.197375320224904,1.197375320224904,35
2022-23,2022-12-26,0022200503,UTA,SAS,0,0,1519.4204138804546,1497.192726724755,-22.227687155699677,1358.4255915362614,0.6737696366644575,4.0,-4.0,0.0996679946249558,1.099667994624956,36
2022-23,2022-12-28,0022200521,UTA,GSW,0,0,1497.192726724755,1482.7583864442718,-14.434340280483138,1512.6231158239625,0.4279302632340421,5.0,-5.0,0.1243530017715962,1.124353001771596,37
2022-23,2022-12-30,0022200537,UTA,SAC,0,0,1482.7583864442718,1470.6883455831533,-12.070040861118509,1523.623806354839,0.3925236480523395,1.0,-1.0,0.0249947929684206,1.0249947929684209,38
2022-23,2022-12-31,0022200546,UTA,MIA,1,0,1470.6883455831533,1454.3772391993743,-16.311106383778924,1501.6323633148431,0.5058367625435853,3.0,-3.0,0.074859690687499,1.0748596906874992,39
2022-23,2023-01-03,0022200563,UTA,SAC,1,0,1454.3772391993743,1440.093281716595,-14.283957482779742,1521.7985493551032,0.4534769448472264,2.0,-2.0,0.0499583749578799,1.04995837495788,40
2022-23,2023-01-05,0022200578,UTA,HOU,0,1,1440.093281716595,1457.4399095359272,17.34662781933259,1343.7891592981057,0.5873194071954582,17.0,17.0,0.4011342849479459,1.401134284947946,41
2022-23,2023-01-07,0022200592,UTA,CHI,0,0,1457.4399095359272,1444.534356538222,-12.905552997705223,1522.9389872003685,0.3592733979540395,8.0,-8.0,0.197375320224904,1.197375320224904,42
2022-23,2023-01-08,0022200600,UTA,MEM,0,0,1444.534356538222,1436.993490552981,-7.540865985241087,1625.818236581202,0.2235616386597227,5.0,-5.0,0.1243530017715962,1.124353001771596,43
2022-23,2023-01-10,0022200614,UTA,CLE,1,1,1436.993490552981,1457.7011376044238,20.707647051442883,1585.2194377773494,0.3425883176154931,2.0,2.0,0.0499583749578799,1.04995837495788,44
2022-23,2023-01-13,0022200638,UTA,ORL,1,1,1457.7011376044238,1472.0704611287292,14.369323524305434,1447.6771133230184,0.5644344900903137,4.0,4.0,0.0996679946249558,1.099667994624956,45
2022-23,2023-01-14,0022200646,UTA,PHI,1,0,1472.0704611287292,1459.6485758746996,-12.4218852540295,1574.6410933146194,0.4039658002572314,1.0,-1.0,0.0249947929684206,1.0249947929684209,46
2022-23,2023-01-16,0022200662,UTA,MIN,0,1,1459.6485758746996,1478.461284056558,18.812708181858397,1503.669052414401,0.388201504016876,1.0,1.0,0.0249947929684206,1.0249947929684209,47
2022-23,2023-01-18,0022200675,UTA,LAC,1,1,1478.461284056558,1497.2137593129792,18.7524752564211,1451.3130054935416,0.5884966926754182,23.0,23.0,0.5190218338982221,1.519021833898222,48
2022-23,2023-01-20,0022200689,UTA,BKN,1,0,1497.2137593129792,1480.7180411622503,-16.495718150728692,1578.6636632950638,0.4335486601646927,11.0,-11.0,0.2682711820216014,1.2682711820216013,49
2022-23,2023-01-23,0022200710,UTA,CHA,1,1,1480.7180411622503,1493.436946466544,12.718905304293516,1367.0084447837278,0.7018328948977828,18.0,18.0,0.4218990052500079,1.4218990052500078,50
2022-23,2023-01-25,0022200727,UTA,POR,0,0,1493.436946466544,1473.785641727052,-19.651304739491827,1440.2329386981191,0.5261737261224967,10.0,-10.0,0.2449186624037091,1.2449186624037092,51
2022-23,2023-01-28,0022200750,UTA,DAL,1,1,1473.785641727052,1490.1820382876774,16.396396560625462,1478.4498086367291,0.543546169033958,8.0,8.0,0.197375320224904,1.197375320224904,52
2022-23,2023-02-01,0022200776,UTA,TOR,1,1,1490.1820382876774,1503.8903272145055,13.70828892682808,1472.7548556195898,0.574881290845195,3.0,3.0,0.074859690687499,1.0748596906874992,53
2022-23,2023-02-03,0022200792,UTA,ATL,1,0,1503.8903272145055,1484.731543198234,-19.15878401627154,1508.0061665743797,0.5443291821005226,7.0,-7.0,0.1732351578346601,1.17323515783466,54
2022-23,2023-02-06,0022200813,UTA,DAL,1,0,1484.731543198234,1462.2550451289576,-22.476498069276424,1470.6477910311055,0.5701709827119885,13.0,-13.0,0.3140209253469976,1.3140209253469977,55
2022-23,2023-02-08,0022200828,UTA,MIN,1,0,1462.2550451289576,1440.7668332619055,-21.488211867051856,1524.588608980898,0.4607447940485046,25.0,-25.0,0.5545997223493823,1.5545997223493822,56
2022-23,2023-02-10,0022200839,UTA,TOR,0,1,1440.7668332619055,1462.5036209168445,21.7367876549388,1498.7168463048852,0.3693367331865516,6.0,6.0,0.1488850336233179,1.1488850336233178,57
2022-23,2023-02-11,0022200851,UTA,NYK,0,0,1462.5036209168445,1449.8529106607318,-12.65071025611276,1522.16643920387,0.3670431153067697,6.0,-6.0,0.1488850336233179,1.1488850336233178,58
2022-23,2023-02-13,0022200859,UTA,IND,0,1,1449.8529106607318,1465.3786492906538,15.525738629921916,1380.3143780913051,0.5495418550581652,6.0,6.0,0.1488850336233179,1.1488850336233178,59
2022-23,2023-02-15,0022200879,UTA,MEM,0,0,1465.3786492906538,1453.307389954446,-12.071259336207884,1537.740306365842,0.3502311366507498,6.0,-6.0,0.1488850336233179,1.1488850336233178,60
2022-23,2023-02-23,0022200892,UTA,OKC,1,1,1453.307389954446,1470.8513152356136,17.543925281167702,1537.6506523803523,0.4294629461690601,1.0,1.0,0.0249947929684206,1.0249947929684209,61
2022-23,2023-02-25,0022200909,UTA,SAS,1,1,1470.8513152356136,1477.5270111550362,6.675695919422762,1219.4041735082762,0.8387453424723574,16.0,16.0,0.3799489622552249,1.379948962255225,62
2022-23,2023-02-28,0022200930,UTA,SAS,1,0,1477.5270111550362,1447.0344696413374,-30.492541513698917,1212.7284775888536,0.8488717224150869,8.0,-8.0,0.197375320224904,1.197375320224904,63
2022-23,2023-03-03,0022200951,UTA,OKC,0,0,1447.0344696413374,1426.0721960729136,-20.96227356842372,1453.9692805006234,0.4399423138672061,27.0,-27.0,0.5882592563981054,1.5882592563981053,64
2022-23,2023-03-05,0022200968,UTA,OKC,0,0,1426.0721960729136,1411.8201090944824,-14.25208697843128,1474.9315540690473,0.3816069115956839,10.0,-10.0,0.2449186624037091,1.2449186624037092,65
2022-23,2023-03-07,0022200983,UTA,DAL,0,0,1411.8201090944824,1399.7447988397846,-12.075310254697753,1472.2416913881798,0.3660289685529453,4.0,-4.0,0.0996679946249558,1.099667994624956,66
2022-23,2023-03-09,0022200994,UTA,ORL,0,1,1399.7447988397846,1422.5329477501773,22.78814891039269,1470.335022898392,0.3525552327619516,7.0,7.0,0.1732351578346601,1.17323515783466,67
2022-23,2023-03-11,0022201005,UTA,CHA,0,1,1422.5329477501773,1442.0041184611414,19.471170710964184,1416.8224738327526,0.4579485540282418,8.0,8.0,0.197375320224904,1.197375320224904,68
2022-23,2023-03-13,0022201022,UTA,MIA,0,0,1442.0041184611414,1430.4532342684563,-11.550884192685167,1514.4410974656537,0.3501324717746474,4.0,-4.0,0.0996679946249558,1.099667994624956,69
2022-23,2023-03-18,0022201062,UTA,BOS,1,1,1430.4532342684563,1452.3145289373697,21.86129466891324,1621.7912348203488,0.2890599764055981,1.0,1.0,0.0249947929684206,1.0249947929684209,70
2022-23,2023-03-20,0022201076,UTA,SAC,1,1,1452.3145289373697,1477.7756402277714,25.461111290402037,1641.8503340111015,0.2911965902882856,8.0,8.0,0.197375320224904,1.197375320224904,71
2022-23,2023-03-22,0022201091,UTA,POR,1,0,1477.7756402277714,1450.772232660653,-27.00340756711868,1368.0158198933948,0.6970531975690484,12.0,-12.0,0.2913126124515909,1.2913126124515908,72
2022-23,2023-03-24,0022201102,UTA,MIL,1,0,1450.772232660653,1440.400089756318,-10.372142904334556,1710.2325253898298,0.2154980309018655,28.0,-28.0,0.6043677771171634,1.6043677771171634,73
2022-23,2023-03-25,0022201111,UTA,SAC,0,0,1440.400089756318,1431.686922912298,-8.713166844020057,1603.2089175176293,0.2425629540669964,8.0,-8.0,0.197375320224904,1.197375320224904,74
2022-23,2023-03-27,0022201125,UTA,PHX,1,0,1431.686922912298,1415.9676141244622,-15.719308787835798,1542.869709963865,0.3920881086272368,14.0,-14.0,0.3363755443363322,1.3363755443363323,75
2022-23,2023-03-29,0022201143,UTA,SAS,0,1,1415.9676141244622,1428.4718255583616,12.504211433899426,1256.8750920121438,0.6713581025059131,11.0,11.0,0.2682711820216014,1.2682711820216013,76
2022-23,2023-03-31,0022201152,UTA,BOS,0,0,1428.4718255583616,1421.6081554742468,-6.8636700841148715,1644.153099303836,0.1910754288478698,8.0,-8.0,0.197375320224904,1.197375320224904,77
2022-23,2023-04-02,0022201164,UTA,BKN,0,0,1421.6081554742468,1411.7241418702442,-9.884013604002655,1516.409089118423,0.3214329696049222,1.0,-1.0,0.0249947929684206,1.0249947929684209,78
2022-23,2023-04-04,0022201186,UTA,LAL,1,0,1411.7241418702442,1401.9486546006342,-9.77548726960994,1585.4388079739542,0.3103452321781198,2.0,-2.0,0.0499583749578799,1.04995837495788,79
2022-23,2023-04-06,0022201200,UTA,OKC,1,0,1401.9486546006342,1382.638226045331,-19.310428555303226,1460.2947642374122,0.4664527235786205,16.0,-16.0,0.3799489622552249,1.379948962255225,80
2022-23,2023-04-08,0022201213,UTA,DEN,1,1,1382.638226045331,1405.2558869549416,22.617660909610507,1553.0659518281986,0.3144094090166943,4.0,4.0,0.0996679946249558,1.099667994624956,81
2022-23,2023-04-09,0022201228,UTA,LAL,0,0,1405.2558869549416,1397.1377131849758,-8.118173769965837,1596.9150140669603,0.2133658764530578,11.0,-11.0,0.2682711820216014,1.2682711820216013,82
2022-23,2022-10-19,0022200004,WAS,IND,0,1,1500.0,1519.3653967516482,19.365396751648237,1500.0,0.449800646746463,7.0,7.0,0.1732351578346601,1.17323515783466,1
2022-23,2022-10-21,0022200019,WAS,CHI,1,1,1519.3653967516482,1533.551437617457,14.186040865808812,1519.7638538036847,0.5496316424170022,2.0,2.0,0.0499583749578799,1.04995837495788,2
2022-23,2022-10-23,0022200039,WAS,CLE,0,0,1533.551437617457,1515.72785554041,-17.823582077047014,1514.3807634860236,0.4772355178780101,10.0,-10.0,0.2449186624037091,1.2449186624037092,3
2022-23,2022-10-25,0022200052,WAS,DET,1,1,1515.72785554041,1533.1291958568106,17.401340316400642,1474.1251546166895,0.6084878970293486,21.0,21.0,0.4815497983643079,1.481549798364308,4
2022-23,2022-10-28,0022200074,WAS,IND,1,0,1533.1291958568106,1508.0844865815136,-25.044709275297,1444.6450980146471,0.6705848885725667,10.0,-10.0,0.2449186624037091,1.2449186624037092,5
2022-23,2022-10-30,0022200089,WAS,BOS,0,0,1508.0844865815136,1488.8289886447883,-19.255497936725316,1506.95985723985,0.451403319683259,18.0,-18.0,0.4218990052500079,1.4218990052500078,6
2022-23,2022-10-31,0022200097,WAS,PHI,1,0,1488.8289886447883,1470.0826406355443,-18.746348009243935,1501.136142650107,0.5326112696180042,7.0,-7.0,0.1732351578346601,1.17323515783466,7
2022-23,2022-11-02,0022200108,WAS,PHI,0,1,1470.0826406355443,1493.2257977364466,23.14315710090229,1519.882490659351,0.3803301425809056,10.0,10.0,0.2449186624037091,1.2449186624037092,8
2022-23,2022-11-04,0022200123,WAS,BKN,1,0,1493.2257977364466,1458.9393826538208,-34.286415082625815,1427.2056532869246,0.6414167835207223,42.0,-42.0,0.7818063576087741,1.781806357608774,9
2022-23,2022-11-06,0022200142,WAS,MEM,0,0,1458.9393826538208,1447.5169626902684,-11.422419963552224,1545.8602676984406,0.3314059466138386,6.0,-6.0,0.1488850336233179,1.1488850336233178,10
2022-23,2022-11-07,0022200144,WAS,CHA,0,1,1447.5169626902684,1466.402103867628,18.885141177359724,1430.4167968088034,0.474262835320716,8.0,8.0,0.197375320224904,1.197375320224904,11
2022-23,2022-11-10,0022200172,WAS,DAL,1,1,1466.402103867628,1485.8227755458165,19.420671678188327,1529.7080348641662,0.459354379807424,8.0,8.0,0.197375320224904,1.197375320224904,12
2022-23,2022-11-12,0022200185,WAS,UTA,1,1,1485.8227755458165,1508.5768933663112,22.75411782049499,1606.6379790214248,0.3789536015306456,9.0,9.0,0.2212784678984439,1.221278467898444,13
2022-23,2022-11-13,0022200194,WAS,MEM,1,1,1508.5768933663112,1528.4008265407113,19.823933174399972,1565.003226218379,0.4692040593205341,10.0,10.0,0.2449186624037091,1.2449186624037092,14
2022-23,2022-11-16,0022200213,WAS,OKC,1,0,1528.4008265407113,1509.8659183689088,-18.534908171802407,1490.9611239396409,0.6027643034206599,1.0,-1.0,0.0249947929684206,1.0249947929684209,15
2022-23,2022-11-18,0022200224,WAS,MIA,1,1,1509.8659183689088,1522.559359668121,12.69344129921232,1483.6451791916734,0.5872030639800725,1.0,1.0,0.0249947929684206,1.0249947929684209,16
2022-23,2022-11-20,0022200241,WAS,CHA,1,1,1522.559359668121,1530.9018566442055,8.342496976084815,1369.368330617112,0.7471207365355746,4.0,4.0,0.0996679946249558,1.099667994624956,17
2022-23,2022-11-23,0022200265,WAS,MIA,0,0,1530.9018566442055,1510.1247243555906,-20.777132288615167,1440.9653155128788,0.5784076760134709,8.0,-8.0,0.197375320224904,1.197375320224904,18
2022-23,2022-11-25,0022200277,WAS,MIA,0,0,1510.1247243555906,1493.3811257134764,-16.743598642114225,1461.742447801494,0.519249125790695,3.0,-3.0,0.074859690687499,1.0748596906874992,19
2022-23,2022-11-27,0022200294,WAS,BOS,0,0,1493.3811257134764,1484.3717508432765,-9.00937487020001,1653.0491981634227,0.2459000985992215,9.0,-9.0,0.2212784678984439,1.221278467898444,20
2022-23,2022-11-28,0022200300,WAS,MIN,1,1,1484.3717508432765,1503.5362698389376,19.164518995661194,1498.7004178416216,0.5297133871903106,15.0,15.0,0.3583573983507859,1.358357398350786,21
2022-23,2022-11-30,0022200315,WAS,BKN,0,0,1503.5362698389376,1489.3362867562653,-14.19998308267225,1530.3332225002036,0.4119931547281334,6.0,-6.0,0.1488850336233179,1.1488850336233178,22
2022-23,2022-12-02,0022200326,WAS,CHA,0,0,1489.3362867562653,1471.5015954787718,-17.83469127749346,1398.2698639569446,0.5799929066255245,1.0,-1.0,0.0249947929684206,1.0249947929684209,23
2022-23,2022-12-04,0022200349,WAS,LAL,1,0,1471.5015954787718,1452.1788619441857,-19.322733534586252,1501.0466288293587,0.507849683056641,11.0,-11.0,0.2682711820216014,1.2682711820216013,24
2022-23,2022-12-07,0022200367,WAS,CHI,0,0,1452.1788619441857,1437.4904189983913,-14.68844294579429,1455.384151852678,0.4452387150057902,4.0,-4.0,0.0996679946249558,1.099667994624956,25
2022-23,2022-12-09,0022200378,WAS,IND,0,0,1437.4904189983913,1423.2467739202823,-14.243645078109058,1486.516191323306,0.3813808754007858,10.0,-10.0,0.2449186624037091,1.2449186624037092,26
2022-23,2022-12-10,0022200389,WAS,LAC,1,0,1423.2467739202823,1406.0286875114568,-17.218086408825442,1465.7587276498425,0.4891911138145398,7.0,-7.0,0.1732351578346601,1.17323515783466,27
2022-23,2022-12-12,0022200403,WAS,BKN,1,0,1406.0286875114568,1393.9508907439283,-12.07779676752828,1578.5879640618125,0.311770536198777,12.0,-12.0,0.2913126124515909,1.2913126124515908,28
2022-23,2022-12-14,0022200422,WAS,DEN,0,0,1393.9508907439283,1384.3625485496898,-9.588342194238692,1556.1280917918668,0.2432315957146742,13.0,-13.0,0.3140209253469976,1.3140209253469977,29
2022-23,2022-12-17,0022200438,WAS,LAC,0,0,1384.3625485496898,1373.7418936793674,-10.62065487032226,1505.0095851859433,0.2898780567383104,9.0,-9.0,0.2212784678984439,1.221278467898444,30
2022-23,2022-12-18,0022200451,WAS,LAL,0,0,1373.7418936793674,1364.7578501086855,-8.984043570681807,1498.339678933969,0.2852190393116682,2.0,-2.0,0.0499583749578799,1.04995837495788,31
2022-23,2022-12-20,0022200464,WAS,PHX,0,1,1364.7578501086855,1390.4073224915087,25.64947238282309,1565.6685819003262,0.2045637024364474,3.0,3.0,0.074859690687499,1.0748596906874992,32
2022-23,2022-12-22,0022200478,WAS,UTA,0,0,1390.4073224915087,1379.9032995495852,-10.504022941923427,1508.916390938531,0.2924180013985492,8.0,-8.0,0.197375320224904,1.197375320224904,33
2022-23,2022-12-23,0022200491,WAS,SAC,0,1,1379.9032995495852,1410.6433952829454,30.740095733360327,1551.638993799341,0.2332470748051988,14.0,14.0,0.3363755443363322,1.3363755443363323,34
2022-23,2022-12-27,0022200506,WAS,PHI,1,1,1410.6433952829454,1434.9957861531088,24.35239087016333,1611.4122566323997,0.278032467508209,5.0,5.0,0.1243530017715962,1.124353001771596,35
2022-23,2022-12-28,0022200516,WAS,PHX,1,1,1434.9957861531088,1462.5199003636149,27.524114210506017,1533.3416077020354,0.4098349173142713,25.0,25.0,0.5545997223493823,1.5545997223493822,36
2022-23,2022-12-30,0022200529,WAS,ORL,0,1,1462.5199003636149,1484.3850033658698,21.86510300225497,1431.2403285553694,0.4946460780785809,19.0,19.0,0.4422303560457261,1.442230356045726,37
2022-23,2023-01-01,0022200548,WAS,MIL,0,1,1484.3850033658698,1514.2173536124458,29.83235024657596,1560.4768106058764,0.3453605124727303,23.0,23.0,0.5190218338982221,1.519021833898222,38
2022-23,2023-01-03,0022200561,WAS,MIL,0,0,1514.2173536124458,1498.287638697767,-15.929714914678726,1530.6444603593004,0.4265262568485498,10.0,-10.0,0.2449186624037091,1.2449186624037092,39
2022-23,2023-01-06,0022200584,WAS,OKC,0,0,1498.287638697767,1476.6992447984717,-21.588393899295415,1453.839743658704,0.5135932634774178,17.0,-17.0,0.4011342849479459,1.401134284947946,40
2022-23,2023-01-09,0022200605,WAS,NOP,1,0,1476.6992447984717,1457.1582438478888,-19.54100095058298,1549.7239056091346,0.4454955576702345,20.0,-20.0,0.4621171572600097,1.4621171572600098,41
2022-23,2023-01-11,0022200619,WAS,CHI,1,1,1457.1582438478888,1474.7222882728356,17.56404442494686,1523.2969685755395,0.4553073740036218,3.0,3.0,0.074859690687499,1.0748596906874992,42
2022-23,2023-01-13,0022200634,WAS,NYK,1,0,1474.7222882728356,1460.134876258442,-14.587412014393564,1550.082925653233,0.4421762473066134,4.0,-4.0,0.0996679946249558,1.099667994624956,43
2022-23,2023-01-16,0022200660,WAS,GSW,1,0,1460.134876258442,1440.664816289756,-19.470059968686293,1473.2788180017628,0.531411971974747,9.0,-9.0,0.2212784678984439,1.221278467898444,44
2022-23,2023-01-18,0022200669,WAS,NYK,0,1,1440.664816289756,1467.28204042738,26.617224137624103,1552.4975787097717,0.3004328907219793,11.0,11.0,0.2682711820216014,1.2682711820216013,45
2022-23,2023-01-21,0022200693,WAS,ORL,1,1,1467.28204042738,1485.9705842276803,18.68854380030037,1450.524634514962,0.5739387525022852,20.0,20.0,0.4621171572600097,1.4621171572600098,46
2022-23,2023-01-24,0022200717,WAS,DAL,0,1,1485.9705842276803,1502.4086920320758,16.438107804395464,1475.034387552753,0.4654246728158123,1.0,1.0,0.0249947929684206,1.0249947929684209,47
2022-23,2023-01-25,0022200722,WAS,HOU,0,1,1502.4086920320758,1511.015293603104,8.606601571028216,1281.30593716136,0.7448428397645237,5.0,5.0,0.1243530017715962,1.124353001771596,48
2022-23,2023-01-28,0022200747,WAS,NOP,0,1,1511.015293603104,1528.6583810231175,17.64308742001344,1456.8192032150585,0.527597318795969,10.0,10.0,0.2449186624037091,1.2449186624037092,49
2022-23,2023-01-30,0022200760,WAS,SAS,0,1,1528.6583810231175,1539.6069603035317,10.948579280414252,1299.394379246889,0.7536683255038759,21.0,21.0,0.4815497983643079,1.481549798364308,50
2022-23,2023-02-03,0022200787,WAS,POR,1,0,1539.6069603035317,1516.91997322543,-22.68698707810163,1480.9762602982048,0.6315754883450778,8.0,-8.0,0.197375320224904,1.197375320224904,51
2022-23,2023-02-04,0022200793,WAS,BKN,0,0,1516.91997322543,1505.1211260623948,-11.79884716303544,1570.9697876960672,0.3745814260972889,2.0,-2.0,0.0499583749578799,1.04995837495788,52
2022-23,2023-02-06,0022200809,WAS,CLE,1,0,1505.1211260623948,1484.4036989567558,-20.71742710563906,1571.739919260569,0.4546221049035774,23.0,-23.0,0.5190218338982221,1.519021833898222,53
2022-23,2023-02-08,0022200823,WAS,CHA,1,1,1484.4036989567558,1495.054142909658,10.650443952902435,1342.7708086341677,0.7343450350205355,14.0,14.0,0.3363755443363322,1.3363755443363323,54
2022-23,2023-02-11,0022200849,WAS,IND,1,1,1495.054142909658,1507.5700334000276,12.515890490369497,1392.8302685816748,0.6878150371375059,14.0,14.0,0.3363755443363322,1.3363755443363323,55
2022-23,2023-02-13,0022200866,WAS,GSW,0,0,1507.5700334000276,1491.5250236771735,-16.045009722853855,1515.9247918869646,0.4379293269198423,9.0,-9.0,0.2212784678984439,1.221278467898444,56
2022-23,2023-02-14,0022200872,WAS,POR,0,1,1491.5250236771735,1517.134213492964,25.609189815790483,1490.7575477917885,0.4508942409713735,25.0,25.0,0.5545997223493823,1.5545997223493822,57
2022-23,2023-02-16,0022200884,WAS,MIN,0,1,1517.134213492964,1538.182985093347,21.048771600382864,1542.4714647948724,0.4140302475242473,8.0,8.0,0.197375320224904,1.197375320224904,58
2022-23,2023-02-24,0022200895,WAS,NYK,1,0,1538.182985093347,1521.0455644436638,-17.13742064968317,1575.1155098186227,0.4972189020409264,6.0,-6.0,0.1488850336233179,1.1488850336233178,59
2022-23,2023-02-26,0022200912,WAS,CHI,0,0,1521.0455644436638,1497.873978667199,-23.17158577646489,1466.383653253623,0.5282655967161156,20.0,-20.0,0.4621171572600097,1.4621171572600098,60
2022-23,2023-02-28,0022200923,WAS,ATL,0,1,1497.873978667199,1516.4278041997588,18.553825532559777,1515.6610515486036,0.4246124806394522,3.0,3.0,0.074859690687499,1.0748596906874992,61
2022-23,2023-03-02,0022200942,WAS,TOR,1,1,1516.4278041997588,1533.837564694012,17.40976049425308,1521.8747233795011,0.5424280248302986,11.0,11.0,0.2682711820216014,1.2682711820216013,62
2022-23,2023-03-04,0022200956,WAS,TOR,1,0,1533.837564694012,1513.0152010829554,-20.82236361105641,1504.464962885248,0.5915939207926701,7.0,-7.0,0.1732351578346601,1.17323515783466,63
2022-23,2023-03-05,0022200973,WAS,MIL,1,0,1513.0152010829554,1503.2303540747223,-9.78484700823314,1708.7436411060503,0.2838939993085875,6.0,-6.0,0.1488850336233179,1.1488850336233178,64
2022-23,2023-03-07,0022200769,WAS,DET,0,1,1503.2303540747223,1510.4891579027433,7.258803828020936,1258.7637085251135,0.7695526476367177,2.0,2.0,0.0499583749578799,1.04995837495788,65
2022-23,2023-03-08,0022200985,WAS,ATL,1,0,1510.4891579027433,1491.896656073511,-18.592501829232315,1482.0740462687622,0.5902615529870623,2.0,-2.0,0.0499583749578799,1.04995837495788,66
2022-23,2023-03-10,0022200999,WAS,ATL,1,0,1491.896656073511,1472.972023169404,-18.924632904107003,1500.6665480979946,0.537676605232168,7.0,-7.0,0.1732351578346601,1.17323515783466,67
2022-23,2023-03-12,0022201016,WAS,PHI,0,0,1472.972023169404,1464.173733490984,-8.79828967841996,1675.18228398398,0.2033491538883545,19.0,-19.0,0.4422303560457261,1.442230356045726,68
2022-23,2023-03-14,0022201028,WAS,DET,1,1,1464.173733490984,1473.0285077567023,8.854774265718376,1260.3741367970154,0.7981289387618313,20.0,20.0,0.4621171572600097,1.4621171572600098,69
2022-23,2023-03-17,0022201049,WAS,CLE,0,0,1473.0285077567023,1460.0363555044964,-12.992152252205978,1597.7285157154067,0.2850990894770878,23.0,-23.0,0.5190218338982221,1.519021833898222,70
2022-23,2023-03-18,0022201059,WAS,SAC,1,0,1460.0363555044964,1447.3673857022577,-12.668969802238951,1629.1813642088628,0.3160032336701329,14.0,-14.0,0.3363755443363322,1.3363755443363323,71
2022-23,2023-03-21,0022201077,WAS,ORL,0,0,1447.3673857022577,1430.1732003336851,-17.194185368572445,1439.9538540269573,0.4603830993898999,10.0,-10.0,0.2449186624037091,1.2449186624037092,72
2022-23,2023-03-22,0022201083,WAS,DEN,1,0,1430.1732003336851,1416.638536949186,-13.534663384499089,1582.2632248597436,0.3375963052167505,14.0,-14.0,0.3363755443363322,1.3363755443363323,73
2022-23,2023-03-24,0022201098,WAS,SAS,1,1,1416.638536949186,1426.7865499906643,10.14801304147842,1271.6969856792236,0.7380439886354048,12.0,12.0,0.2913126124515909,1.2913126124515908,74
2022-23,2023-03-26,0022201119,WAS,TOR,0,0,1426.7865499906643,1414.730167788387,-12.056382202277584,1520.487368111087,0.3228157942195443,10.0,-10.0,0.2449186624037091,1.2449186624037092,75
2022-23,2023-03-28,0022201130,WAS,BOS,1,1,1414.730167788387,1447.1829953209458,32.45282753255877,1640.6353026867723,0.2499388788917838,19.0,19.0,0.4422303560457261,1.442230356045726,76
2022-23,2023-03-31,0022201151,WAS,ORL,1,0,1447.1829953209458,1429.891387921812,-17.291607399133863,1488.2429189679003,0.4912799530899246,7.0,-7.0,0.1732351578346601,1.17323515783466,77
2022-23,2023-04-02,0022201168,WAS,NYK,0,0,1429.891387921812,1421.7398684952182,-8.151519426593811,1612.253638423564,0.2224859615246966,9.0,-9.0,0.2212784678984439,1.221278467898444,78
2022-23,2023-04-04,0022201179,WAS,MIL,1,0,1421.7398684952182,1413.445419874511,-8.294448620707348,1682.6308505080708,0.2141089756455931,12.0,-12.0,0.2913126124515909,1.2913126124515908,79
2022-23,2023-04-05,0022201191,WAS,ATL,0,0,1413.445419874511,1399.9665477717017,-13.478872102809117,1512.6067906708636,0.3159828757889212,18.0,-18.0,0.4218990052500079,1.4218990052500078,80
2022-23,2023-04-07,0022201204,WAS,MIA,1,1,1399.9665477717017,1422.579200583452,22.61265281175044,1547.1626764194336,0.3439246994559191,6.0,6.0,0.1488850336233179,1.1488850336233178,81
2022-23,2023-04-09,0022201222,WAS,HOU,1,0,1422.579200583452,1399.7689276844596,-22.81027289899246,1329.6211087575734,0.6762488549133372,5.0,-5.0,0.1243530017715962,1.124353001771596,82
