season,gameDate,gameId,team,opponent,isHome,teamWin,ratingBefore,ratingAfter,ratingChange,opponentRatingBefore,pregameWinProbability,winnerMargin,signedMargin,marginDominance,dominanceMultiplier,teamGameNumber
2023-24,2023-10-25,0022300063,ATL,CHA,0,0,1500.0,1484.496923065167,-15.503076934833008,1500.0,0.449800646746463,6.0,-6.0,0.1488850336233179,1.1488850336233178,1
2023-24,2023-10-27,0022300079,ATL,NYK,1,0,1484.496923065167,1465.4035294111718,-19.093393653995346,1481.848901416912,0.553968792792063,6.0,-6.0,0.1488850336233179,1.1488850336233178,2
2023-24,2023-10-29,0022300097,ATL,MIL,0,1,1465.4035294111718,1491.3724311597462,25.968901748574424,1513.8312996236689,0.3821933646295912,17.0,17.0,0.4011342849479459,1.401134284947946,3
2023-24,2023-10-30,0022300104,ATL,MIN,1,1,1491.3724311597462,1510.177917986088,18.805486826341863,1504.850439815907,0.530933079750897,14.0,14.0,0.3363755443363322,1.3363755443363323,4
2023-24,2023-11-01,0022300117,ATL,WAS,1,1,1510.177917986088,1524.7562901073325,14.578372121244524,1473.219469813552,0.602100790157199,9.0,9.0,0.2212784678984439,1.221278467898444,5
2023-24,2023-11-04,0022300135,ATL,NOP,0,1,1524.7562901073325,1549.221039671368,24.46474956403568,1541.2183144738833,0.4264770921679226,18.0,18.0,0.4218990052500079,1.4218990052500078,6
2023-24,2023-11-06,0022300155,ATL,OKC,0,0,1549.221039671368,1530.001145081066,-19.219894590302086,1497.1245357748287,0.5245840075380288,9.0,-9.0,0.2212784678984439,1.221278467898444,7
2023-24,2023-11-09,0022300172,ATL,ORL,0,1,1530.001145081066,1546.3769127067046,16.375767625638673,1517.6498351982048,0.4674520060011271,1.0,1.0,0.0249947929684206,1.0249947929684209,8
2023-24,2023-11-11,0022300175,ATL,MIA,1,0,1546.3769127067046,1524.0174719193546,-22.35944078735004,1494.519712902236,0.6224570360876279,8.0,-8.0,0.197375320224904,1.197375320224904,9
2023-24,2023-11-14,0022300018,ATL,DET,0,1,1524.0174719193546,1536.7872859250506,12.769814005696032,1396.9335307298124,0.6295012517361291,6.0,6.0,0.1488850336233179,1.1488850336233178,10
2023-24,2023-11-15,0022300193,ATL,NYK,1,0,1536.7872859250506,1518.3986588921618,-18.388627032888717,1513.010286824015,0.5837890806425665,2.0,-2.0,0.0499583749578799,1.04995837495788,11
2023-24,2023-11-17,0022300029,ATL,PHI,1,0,1518.3986588921618,1500.4418727143443,-17.95678617781748,1566.7452695127542,0.4808021257427969,10.0,-10.0,0.2449186624037091,1.2449186624037092,12
2023-24,2023-11-21,0022300039,ATL,IND,1,0,1500.4418727143443,1483.236802505937,-17.205070208407236,1528.4413450481893,0.5100732059918882,5.0,-5.0,0.1243530017715962,1.124353001771596,13
2023-24,2023-11-22,0022300227,ATL,BKN,1,1,1483.236802505937,1497.7028021954875,14.465999689550673,1489.8622583554095,0.5407437083674551,2.0,2.0,0.0499583749578799,1.04995837495788,14
2023-24,2023-11-25,0022300241,ATL,WAS,0,1,1497.7028021954875,1514.1764615875584,16.473659392070584,1349.2288807460177,0.6577331036139447,28.0,28.0,0.6043677771171634,1.6043677771171634,15
2023-24,2023-11-26,0022300246,ATL,BOS,0,0,1514.1764615875584,1502.3261448805165,-11.85031670704192,1612.2817689954577,0.3172982852861282,10.0,-10.0,0.2449186624037091,1.2449186624037092,16
2023-24,2023-11-28,0022300055,ATL,CLE,0,0,1502.3261448805165,1482.8938999097247,-19.43224497079187,1518.8286208598197,0.4264201373354295,23.0,-23.0,0.5190218338982221,1.519021833898222,17
2023-24,2023-11-30,0022300272,ATL,SAS,0,1,1482.8938999097247,1493.128472697053,10.23457278732823,1320.8623441263285,0.6750800466180766,2.0,2.0,0.0499583749578799,1.04995837495788,18
2023-24,2023-12-02,0022300286,ATL,MIL,0,0,1493.128472697053,1480.1201213967367,-13.008351300316292,1571.8918023511144,0.3418919519399422,11.0,-11.0,0.2682711820216014,1.2682711820216013,19
2023-24,2023-12-06,0022301209,ATL,BKN,1,0,1480.1201213967367,1465.6365278087128,-14.48359358802392,1535.2845686842893,0.4710135663577025,1.0,-1.0,0.0249947929684206,1.0249947929684209,20
2023-24,2023-12-08,0022301218,ATL,PHI,0,0,1465.6365278087128,1454.379643100907,-11.25688470780566,1581.2664362381424,0.2958590367574856,11.0,-11.0,0.2682711820216014,1.2682711820216013,21
2023-24,2023-12-11,0022300296,ATL,DEN,1,0,1454.379643100907,1438.866634343642,-15.51300875726496,1530.746976351944,0.440747354403528,7.0,-7.0,0.1732351578346601,1.17323515783466,22
2023-24,2023-12-13,0022300313,ATL,TOR,0,0,1438.866634343642,1422.704955300898,-16.16167904274401,1432.2966243063806,0.4591770295670375,7.0,-7.0,0.1732351578346601,1.17323515783466,23
2023-24,2023-12-15,0022300330,ATL,TOR,0,1,1422.704955300898,1448.775079268849,26.07012396795091,1448.458303349125,0.4134492588609261,21.0,21.0,0.4815497983643079,1.481549798364308,24
2023-24,2023-12-16,0022300336,ATL,CLE,0,0,1448.775079268849,1436.3729305767702,-12.402148692078775,1524.9446657996134,0.3452592929048977,8.0,-8.0,0.197375320224904,1.197375320224904,25
2023-24,2023-12-18,0022300352,ATL,DET,1,1,1436.3729305767702,1443.6751752259415,7.30224464917141,1243.1560343149083,0.7881353243807805,6.0,6.0,0.1488850336233179,1.1488850336233178,26
2023-24,2023-12-20,0022300371,ATL,HOU,0,1,1443.6751752259415,1467.34411465286,23.668939426918648,1533.6433697978543,0.3275306810443017,7.0,7.0,0.1732351578346601,1.17323515783466,27
2023-24,2023-12-22,0022300384,ATL,MIA,0,0,1467.34411465286,1454.3861025428405,-12.95801211001947,1537.0839496568185,0.353673423673729,9.0,-9.0,0.2212784678984439,1.221278467898444,28
2023-24,2023-12-23,0022300393,ATL,MEM,1,0,1454.3861025428405,1433.7592821781652,-20.626820364675257,1420.06424307584,0.5984590787592569,6.0,-6.0,0.1488850336233179,1.1488850336233178,29
2023-24,2023-12-26,0022300408,ATL,CHI,0,0,1433.7592821781652,1420.9610771815303,-12.798204996634702,1484.2271433182336,0.3794242844987029,5.0,-5.0,0.1243530017715962,1.124353001771596,30
2023-24,2023-12-29,0022300431,ATL,SAC,1,0,1420.9610771815303,1407.0342045205216,-13.92687266100897,1529.5281183103991,0.395682899204186,7.0,-7.0,0.1732351578346601,1.17323515783466,31
2023-24,2023-12-31,0022300445,ATL,WAS,0,1,1407.0342045205216,1421.3427731156066,14.308568595085102,1325.708250164467,0.5662761043932152,4.0,4.0,0.0996679946249558,1.099667994624956,32
2023-24,2024-01-03,0022300467,ATL,OKC,1,1,1421.3427731156066,1447.0172919143763,25.67451879876979,1693.0839226348282,0.2037869680042327,3.0,3.0,0.074859690687499,1.0748596906874992,33
2023-24,2024-01-05,0022300480,ATL,IND,0,0,1447.0172919143763,1433.11259777851,-13.904694135866436,1581.2210920979433,0.2740808776913652,34.0,-34.0,0.6910694698329306,1.6910694698329305,34
2023-24,2024-01-07,0022300499,ATL,ORL,0,0,1433.11259777851,1421.820942770294,-11.291655008216091,1528.4079614800028,0.3208124967619773,7.0,-7.0,0.1732351578346601,1.17323515783466,35
2023-24,2024-01-10,0022300521,ATL,PHI,1,1,1421.820942770294,1444.9272842548771,23.10634148458314,1569.3326492004917,0.3435149145709616,7.0,7.0,0.1732351578346601,1.17323515783466,36
2023-24,2024-01-12,0022300533,ATL,IND,1,0,1444.9272842548771,1430.937118494461,-13.990165760416115,1604.5498534195822,0.3279690448890513,18.0,-18.0,0.4218990052500079,1.4218990052500078,37
2023-24,2024-01-13,0022300543,ATL,WAS,1,0,1430.937118494461,1394.9741931128935,-35.96292538156742,1277.6843350440054,0.7471878932520082,28.0,-28.0,0.6043677771171634,1.6043677771171634,38
2023-24,2024-01-15,0022300559,ATL,SAS,1,1,1394.9741931128935,1406.4899451703743,11.515752057480922,1289.6291949949918,0.691659854166801,10.0,10.0,0.2449186624037091,1.2449186624037092,39
2023-24,2024-01-17,0022300570,ATL,ORL,1,1,1406.4899451703743,1425.7461331804143,19.256188010039786,1520.16912978546,0.3886682091623469,2.0,2.0,0.0499583749578799,1.04995837495788,40
2023-24,2024-01-19,0022300587,ATL,MIA,0,1,1425.7461331804143,1447.3718133058558,21.625680125441377,1540.656816415748,0.2967222769066415,1.0,1.0,0.0249947929684206,1.0249947929684209,41
2023-24,2024-01-20,0022300595,ATL,CLE,1,0,1447.3718133058558,1432.9942365845693,-14.37757672128654,1610.5446516473812,0.3234805592801082,21.0,-21.0,0.4815497983643079,1.481549798364308,42
2023-24,2024-01-22,0022300613,ATL,SAC,0,0,1432.9942365845693,1417.9589479467434,-15.035288637825886,1491.227067339169,0.3689576016856974,15.0,-15.0,0.3583573983507859,1.358357398350786,43
2023-24,2024-01-24,0022300626,ATL,GSW,0,0,1417.9589479467434,1399.1949656712168,-18.76398227552653,1441.291412833962,0.4168328231678766,22.0,-22.0,0.5005202111902353,1.5005202111902354,44
2023-24,2024-01-26,0022300634,ATL,DAL,1,0,1399.1949656712168,1384.5477994768048,-14.64716619441202,1480.1560405214618,0.4342398449399518,5.0,-5.0,0.1243530017715962,1.124353001771596,45
2023-24,2024-01-28,0022300653,ATL,TOR,1,1,1384.5477994768048,1398.4820278764028,13.934228399597895,1386.8958632269398,0.5468520589831849,1.0,1.0,0.0249947929684206,1.0249947929684209,46
2023-24,2024-01-30,0022300669,ATL,LAL,1,1,1398.4820278764028,1421.9168887672456,23.434860890842923,1479.6695523127878,0.4339196223473906,16.0,16.0,0.3799489622552249,1.379948962255225,47
2023-24,2024-02-02,0022300690,ATL,PHX,1,1,1421.9168887672456,1447.082081139526,25.16519237228053,1593.36374537699,0.3131462088362649,9.0,9.0,0.2212784678984439,1.221278467898444,48
2023-24,2024-02-03,0022300699,ATL,GSW,1,1,1447.082081139526,1464.5043265505828,17.42224541105676,1478.601751675105,0.5050084291935838,7.0,7.0,0.1732351578346601,1.17323515783466,49
2023-24,2024-02-05,0022300716,ATL,LAC,1,0,1464.5043265505828,1456.7503675383407,-7.7539590122421105,1709.5280565213047,0.2298791393813307,5.0,-5.0,0.1243530017715962,1.124353001771596,50
2023-24,2024-02-07,0022300729,ATL,BOS,0,0,1456.7503675383407,1450.5588136194522,-6.1915539188885464,1694.3067477677516,0.1723646104471676,8.0,-8.0,0.197375320224904,1.197375320224904,51
2023-24,2024-02-09,0022300742,ATL,PHI,0,1,1450.5588136194522,1470.0732351255597,19.514421506107468,1461.8198662276573,0.4338156579350823,6.0,6.0,0.1488850336233179,1.1488850336233178,52
2023-24,2024-02-10,0022300754,ATL,HOU,1,1,1470.0732351255597,1484.214289136714,14.141054011154496,1424.4137874849266,0.61403686429549,9.0,9.0,0.2212784678984439,1.221278467898444,53
2023-24,2024-02-12,0022300763,ATL,CHI,1,0,1484.214289136714,1463.988801257103,-20.225487879611148,1490.27721406017,0.5415477731040261,10.0,-10.0,0.2449186624037091,1.2449186624037092,54
2023-24,2024-02-14,0022300777,ATL,CHA,0,0,1463.988801257103,1431.2250227054756,-32.763778551627304,1265.80849663862,0.7189665924144215,23.0,-23.0,0.5190218338982221,1.519021833898222,55
2023-24,2024-02-23,0022300804,ATL,TOR,1,0,1431.2250227054756,1411.2200353909382,-20.004987314537463,1369.9546198122305,0.6351041397344277,2.0,-2.0,0.0499583749578799,1.04995837495788,56
2023-24,2024-02-25,0022300821,ATL,ORL,1,1,1411.2200353909382,1439.0158555130658,27.795820122127587,1562.4296939696685,0.3387305218652367,17.0,17.0,0.4011342849479459,1.401134284947946,57
2023-24,2024-02-27,0022300835,ATL,UTA,1,1,1439.0158555130658,1461.7867277740222,22.770872260956388,1458.6491802375515,0.5221000146496496,27.0,27.0,0.5882592563981054,1.5882592563981053,58
2023-24,2024-02-29,0022300851,ATL,BKN,0,0,1461.7867277740222,1434.931440163756,-26.85528761026618,1382.3374058219515,0.5636209895011994,27.0,-27.0,0.5882592563981054,1.5882592563981053,59
2023-24,2024-03-02,0022300866,ATL,BKN,0,0,1434.931440163756,1416.0779477318538,-18.853492431902225,1409.192693432218,0.4866751409923472,12.0,-12.0,0.2913126124515909,1.2913126124515908,60
2023-24,2024-03-05,0022300889,ATL,NYK,0,1,1416.0779477318538,1445.9426587472074,29.864711015353688,1546.3529426835212,0.2786034886742878,16.0,16.0,0.3799489622552249,1.379948962255225,61
2023-24,2024-03-06,0022300895,ATL,CLE,1,1,1445.9426587472074,1472.8378396842004,26.895180936992993,1633.856474337931,0.2931274920210003,11.0,11.0,0.2682711820216014,1.2682711820216013,62
2023-24,2024-03-08,0022300913,ATL,MEM,0,1,1472.8378396842004,1486.738810857409,13.900971173208331,1363.735999887113,0.6050530000918097,7.0,7.0,0.1732351578346601,1.17323515783466,63
2023-24,2024-03-10,0022300925,ATL,NOP,1,0,1486.738810857409,1472.5381434530352,-14.200667404373403,1621.5130683294574,0.3602344308335726,13.0,-13.0,0.3140209253469976,1.3140209253469977,64
2023-24,2024-03-13,0022300953,ATL,POR,0,0,1472.5381434530352,1451.0292006046518,-21.5089428483834,1328.4838715357564,0.6519829304091935,4.0,-4.0,0.0996679946249558,1.099667994624956,65
2023-24,2024-03-15,0022300966,ATL,UTA,0,0,1451.0292006046518,1434.459351579114,-16.56984902553778,1397.9129294961335,0.5260478072508508,2.0,-2.0,0.0499583749578799,1.04995837495788,66
2023-24,2024-03-17,0022300982,ATL,LAC,0,1,1434.459351579114,1466.1643396769048,31.70498809779071,1594.286398088114,0.245730442865948,17.0,17.0,0.4011342849479459,1.401134284947946,67
2023-24,2024-03-18,0022300990,ATL,LAL,0,0,1466.1643396769048,1449.145643117908,-17.0186965589969,1543.4195160074978,0.3438480070136026,31.0,-31.0,0.6498274636719203,1.6498274636719203,68
2023-24,2024-03-21,0022301010,ATL,PHX,0,0,1449.145643117908,1438.2251684440837,-10.92047467382416,1580.7879138365176,0.2770243726253283,13.0,-13.0,0.3140209253469976,1.3140209253469977,69
2023-24,2024-03-23,0022301021,ATL,CHA,1,1,1438.2251684440837,1451.1716049630577,12.94643651897372,1276.349820558959,0.7564484203991761,41.0,41.0,0.7718952374404182,1.7718952374404182,70
2023-24,2024-03-25,0022301034,ATL,BOS,1,1,1451.1716049630577,1478.04788050131,26.876275538252667,1791.9693838036023,0.1467510782881961,2.0,2.0,0.0499583749578799,1.04995837495788,71
2023-24,2024-03-27,0022301051,ATL,POR,1,1,1478.04788050131,1487.0438458444114,8.995965343101304,1297.589083991899,0.7756128412349624,14.0,14.0,0.3363755443363322,1.3363755443363323,72
2023-24,2024-03-28,0022301060,ATL,BOS,1,1,1487.0438458444114,1511.7065019637162,24.662656119304746,1765.0931082653497,0.1979583282278331,1.0,1.0,0.0249947929684206,1.0249947929684209,73
2023-24,2024-03-30,0022301076,ATL,MIL,1,0,1511.7065019637162,1495.6014656107138,-16.105036353002244,1588.90546875715,0.4395676819094755,9.0,-9.0,0.2212784678984439,1.221278467898444,74
2023-24,2024-04-01,0022301091,ATL,CHI,0,1,1495.6014656107138,1517.4304555923063,21.82898998159272,1504.953489254215,0.4365167718721544,12.0,12.0,0.2913126124515909,1.2913126124515908,75
2023-24,2024-04-03,0022301104,ATL,DET,1,1,1517.4304555923063,1523.465199573669,6.034743981362365,1274.503881712791,0.8320007692539586,8.0,8.0,0.197375320224904,1.197375320224904,76
2023-24,2024-04-04,0022301124,ATL,DAL,0,0,1523.465199573669,1512.5728971640715,-10.89230240959746,1659.764299992015,0.2716876618442552,14.0,-14.0,0.3363755443363322,1.3363755443363323,77
2023-24,2024-04-06,0022301130,ATL,DEN,0,0,1512.5728971640715,1499.4439611071775,-13.128936056893906,1656.5832312818748,0.2629937088625877,32.0,-32.0,0.664036770267849,1.664036770267849,78
2023-24,2024-04-09,0022301147,ATL,MIA,1,0,1499.4439611071775,1482.5581843381035,-16.885776769073765,1541.4507424967258,0.4899177978327947,6.0,-6.0,0.1488850336233179,1.1488850336233178,79
2023-24,2024-04-10,0022301159,ATL,CHA,1,0,1482.5581843381035,1457.7732204129668,-24.78496392513689,1270.12354835244,0.8060191815985968,1.0,-1.0,0.0249947929684206,1.0249947929684209,80
2023-24,2024-04-12,0022301178,ATL,MIN,0,0,1457.7732204129668,1450.9431666657329,-6.830053747234002,1651.0446548477992,0.211812258114836,3.0,-3.0,0.074859690687499,1.0748596906874992,81
2023-24,2024-04-14,0022301188,ATL,IND,0,0,1450.9431666657329,1436.170166996975,-14.7729996687579,1583.1556267424162,0.2763674740462746,42.0,-42.0,0.7818063576087741,1.781806357608774,82
2023-24,2023-10-25,0022300067,BKN,CLE,1,0,1500.0,1483.081455834616,-16.91854416538404,1500.0,0.550199353253537,1.0,-1.0,0.0249947929684206,1.0249947929684209,1
2023-24,2023-10-27,0022300084,BKN,DAL,0,0,1483.081455834616,1469.6286915088624,-13.452764325753565,1519.3653967516482,0.3988297952854249,5.0,-5.0,0.1243530017715962,1.124353001771596,2
2023-24,2023-10-30,0022300101,BKN,CHA,0,1,1469.6286915088624,1492.1999479824544,22.571256473592033,1492.587155795895,0.4173562555406339,12.0,12.0,0.2913126124515909,1.2913126124515908,3
2023-24,2023-11-01,0022300119,BKN,MIA,0,1,1492.1999479824544,1508.9635832030435,16.7636352205892,1462.858308260552,0.4918576848488871,4.0,4.0,0.0996679946249558,1.099667994624956,4
2023-24,2023-11-03,0022300004,BKN,CHI,0,1,1508.9635832030435,1525.1089635888573,16.14538038581378,1482.7013995931843,0.4874279218779676,2.0,2.0,0.0499583749578799,1.04995837495788,5
2023-24,2023-11-04,0022300136,BKN,BOS,1,0,1525.1089635888573,1507.3718375735314,-17.737126015325902,1577.5505437805791,0.4749206126467938,10.0,-10.0,0.2449186624037091,1.2449186624037092,6
2023-24,2023-11-06,0022300149,BKN,MIL,1,0,1507.3718375735314,1488.7199721526017,-18.65186542092956,1496.680471920728,0.5653786873886064,4.0,-4.0,0.0996679946249558,1.099667994624956,7
2023-24,2023-11-08,0022300160,BKN,LAC,1,1,1488.7199721526017,1505.362816343335,16.642844190733353,1504.8339989154797,0.5271523621502096,7.0,7.0,0.1732351578346601,1.17323515783466,8
2023-24,2023-11-10,0022300010,BKN,BOS,0,0,1505.362816343335,1490.4868229294525,-14.875993413882648,1562.033894613242,0.3710532187085761,14.0,-14.0,0.3363755443363322,1.3363755443363323,9
2023-24,2023-11-12,0022300178,BKN,WAS,1,1,1490.4868229294525,1503.807473317997,13.32065038854462,1433.6489365135158,0.6291708438296916,8.0,8.0,0.197375320224904,1.197375320224904,10
2023-24,2023-11-14,0022300020,BKN,ORL,1,1,1503.807473317997,1524.56734061336,20.75986729536315,1520.2250832017269,0.5267167387537558,20.0,20.0,0.4621171572600097,1.4621171572600098,11
2023-24,2023-11-16,0022300200,BKN,MIA,0,0,1524.56734061336,1509.796159997219,-14.771180616141027,1545.8735176312912,0.4196709277903256,7.0,-7.0,0.1732351578346601,1.17323515783466,12
2023-24,2023-11-19,0022300208,BKN,PHI,1,0,1509.796159997219,1489.8622583554095,-19.93390164180941,1584.7020556905718,0.4428220180608238,22.0,-22.0,0.5005202111902353,1.5005202111902354,13
2023-24,2023-11-22,0022300227,BKN,ATL,0,0,1489.8622583554095,1475.396258665859,-14.465999689550673,1483.236802505937,0.4592562916325449,2.0,-2.0,0.0499583749578799,1.04995837495788,14
2023-24,2023-11-25,0022300240,BKN,MIA,1,1,1475.396258665859,1499.121543156425,23.725284490566185,1568.041518291494,0.4177947443637534,15.0,15.0,0.3583573983507859,1.358357398350786,15
2023-24,2023-11-26,0022300250,BKN,CHI,1,1,1499.121543156425,1510.911357796926,11.78981464050105,1404.6039876730829,0.6782111273718824,9.0,9.0,0.2212784678984439,1.221278467898444,16
2023-24,2023-11-28,0022300054,BKN,TOR,1,1,1510.911357796926,1527.2794591469085,16.368101349982425,1491.634369709056,0.5774815694730145,12.0,12.0,0.2913126124515909,1.2913126124515908,17
2023-24,2023-11-30,0022300266,BKN,CHA,1,0,1527.2794591469085,1505.4158634378782,-21.863595709030378,1405.878197308995,0.7110148545474604,1.0,-1.0,0.0249947929684206,1.0249947929684209,18
2023-24,2023-12-02,0022300282,BKN,ORL,1,1,1505.4158634378782,1535.2845686842893,29.868705246411036,1625.8799661975736,0.3794293787159545,28.0,28.0,0.6043677771171634,1.6043677771171634,19
2023-24,2023-12-06,0022301209,BKN,ATL,0,1,1535.2845686842893,1549.7681622723132,14.48359358802392,1480.1201213967367,0.5289864336422976,1.0,1.0,0.0249947929684206,1.0249947929684209,20
2023-24,2023-12-08,0022301219,BKN,WAS,1,1,1549.7681622723132,1558.9886788562928,9.220516583979665,1336.8144910502376,0.8064859048916614,27.0,27.0,0.5882592563981054,1.5882592563981053,21
2023-24,2023-12-11,0022300303,BKN,SAC,0,0,1558.9886788562928,1540.9137686502538,-18.07491020603908,1552.8825229012862,0.4585140124072727,13.0,-13.0,0.3140209253469976,1.3140209253469977,22
2023-24,2023-12-13,0022300317,BKN,PHX,0,1,1540.9137686502538,1558.4307144891889,17.51694583893506,1527.4662579549404,0.4690231983787903,4.0,4.0,0.0996679946249558,1.099667994624956,23
2023-24,2023-12-14,0022300322,BKN,DEN,0,0,1558.4307144891889,1538.1100864237917,-20.32062806539713,1561.16060213711,0.44591476812963,23.0,-23.0,0.5190218338982221,1.519021833898222,24
2023-24,2023-12-16,0022300339,BKN,GSW,0,0,1538.1100864237917,1519.1612089229616,-18.94887750083007,1451.0379153445415,0.5743817707844515,4.0,-4.0,0.0996679946249558,1.099667994624956,25
2023-24,2023-12-18,0022300357,BKN,UTA,0,0,1519.1612089229616,1493.4279092225952,-25.73329970036628,1404.8458270329836,0.6122016040102419,17.0,-17.0,0.4011342849479459,1.401134284947946,26
2023-24,2023-12-20,0022300368,BKN,NYK,1,0,1493.4279092225952,1473.414449106365,-20.01346011623023,1554.4939998758032,0.4625581027407826,19.0,-19.0,0.4422303560457261,1.442230356045726,27
2023-24,2023-12-22,0022300383,BKN,DEN,1,0,1473.414449106365,1460.787469605004,-12.626979501361214,1597.6373644368991,0.3743480170807984,5.0,-5.0,0.1243530017715962,1.124353001771596,28
2023-24,2023-12-23,0022300394,BKN,DET,1,1,1460.787469605004,1467.4065109523276,6.619041347323732,1225.1727618321006,0.8260350667072873,11.0,11.0,0.2682711820216014,1.2682711820216013,29
2023-24,2023-12-26,0022300406,BKN,DET,0,1,1467.4065109523276,1475.1959590512652,7.789448098937632,1218.553720484777,0.77399978033858,6.0,6.0,0.1488850336233179,1.1488850336233178,30
2023-24,2023-12-27,0022300417,BKN,MIL,1,0,1475.1959590512652,1460.7694812015577,-14.426477849707537,1640.7586752176785,0.3204772527581003,22.0,-22.0,0.5005202111902353,1.5005202111902354,31
2023-24,2023-12-29,0022300430,BKN,WAS,0,0,1460.7694812015577,1437.6709525221577,-23.098528679400047,1302.609721485067,0.6701723266006472,6.0,-6.0,0.1488850336233179,1.1488850336233178,32
2023-24,2023-12-31,0022300447,BKN,OKC,0,0,1437.6709525221577,1430.3023207802682,-7.368631741889376,1668.460159684999,0.1779928568238967,16.0,-16.0,0.3799489622552249,1.379948962255225,33
2023-24,2024-01-02,0022300461,BKN,NOP,0,0,1430.3023207802682,1417.2388853640205,-13.063435416247756,1564.4311680471185,0.2741667303081099,27.0,-27.0,0.5882592563981054,1.5882592563981053,34
2023-24,2024-01-03,0022300469,BKN,HOU,0,0,1417.2388853640205,1404.2014848099268,-13.037400554093583,1495.4130630884918,0.3426554388605388,11.0,-11.0,0.2682711820216014,1.2682711820216013,35
2023-24,2024-01-05,0022300481,BKN,OKC,1,1,1404.2014848099268,1433.0771496985903,28.87566488866354,1667.4094038360583,0.2118733046921364,9.0,9.0,0.2212784678984439,1.221278467898444,36
2023-24,2024-01-07,0022300498,BKN,POR,1,0,1433.0771496985903,1408.0574094944593,-25.019740204131104,1311.8173100239803,0.7108475522306458,7.0,-7.0,0.1732351578346601,1.17323515783466,37
2023-24,2024-01-11,0022300527,BKN,CLE,0,0,1408.0574094944593,1398.6925449882349,-9.364864506224515,1558.7530932701227,0.2556027625252801,9.0,-9.0,0.2212784678984439,1.221278467898444,38
2023-24,2024-01-15,0022300562,BKN,MIA,1,0,1398.6925449882349,1388.7436905977968,-9.948854390438202,1561.8169121890398,0.3235416237782689,1.0,-1.0,0.0249947929684206,1.0249947929684209,39
2023-24,2024-01-17,0022300578,BKN,POR,0,0,1388.7436905977968,1370.8644977398278,-17.879192857968906,1306.4697373749937,0.567615926002341,2.0,-2.0,0.0499583749578799,1.04995837495788,40
2023-24,2024-01-19,0022300591,BKN,LAL,0,1,1370.8644977398278,1401.234732399351,30.37023465952324,1493.0691531156306,0.2880358228118707,18.0,18.0,0.4218990052500079,1.4218990052500078,41
2023-24,2024-01-21,0022300600,BKN,LAC,0,0,1401.234732399351,1395.4717274785112,-5.7630049208398475,1665.5761549333754,0.1514661586190034,11.0,-11.0,0.2682711820216014,1.2682711820216013,42
2023-24,2024-01-23,0022300615,BKN,NYK,1,0,1395.4717274785112,1386.5977761151398,-8.873951363371305,1609.401869665506,0.2630831939017073,5.0,-5.0,0.1243530017715962,1.124353001771596,43
2023-24,2024-01-25,0022300629,BKN,MIN,1,0,1386.5977761151398,1378.897062267105,-7.7007138480348285,1617.6018389322371,0.244476798055407,2.0,-2.0,0.0499583749578799,1.04995837495788,44
2023-24,2024-01-27,0022300645,BKN,HOU,1,1,1378.897062267105,1396.535068907575,17.638006640469698,1455.7622383818748,0.4400410828611099,2.0,2.0,0.0499583749578799,1.04995837495788,45
2023-24,2024-01-29,0022300660,BKN,UTA,1,1,1396.535068907575,1431.202603412588,34.66753450501328,1569.5217952462312,0.311242811019868,33.0,33.0,0.6777821008468294,1.6777821008468294,46
2023-24,2024-01-31,0022300677,BKN,PHX,1,0,1431.202603412588,1417.0059343694263,-14.196669043161403,1579.1670763338286,0.342927393970669,16.0,-16.0,0.3799489622552249,1.379948962255225,47
2023-24,2024-02-03,0022300698,BKN,PHI,0,1,1417.0059343694263,1446.1570089782376,29.15107460881106,1542.089847644719,0.2846488794921455,15.0,15.0,0.3583573983507859,1.358357398350786,48
2023-24,2024-02-05,0022300717,BKN,GSW,1,0,1446.1570089782376,1426.0402636838865,-20.116745294351137,1461.1795062640483,0.5287182946233261,11.0,-11.0,0.2682711820216014,1.2682711820216013,49
2023-24,2024-02-06,0022300720,BKN,DAL,1,0,1426.0402636838865,1408.2100302626382,-17.83023342124829,1488.7119615512995,0.4602612166183659,12.0,-12.0,0.2913126124515909,1.2913126124515908,50
2023-24,2024-02-08,0022300735,BKN,CLE,1,0,1408.2100302626382,1399.7774667581814,-8.432563504456692,1700.7540148848016,0.1850437195015261,23.0,-23.0,0.5190218338982221,1.519021833898222,51
2023-24,2024-02-10,0022300750,BKN,SAS,1,1,1399.7774667581814,1411.626315953585,11.8488491954036,1262.10834806036,0.7298700464011105,20.0,20.0,0.4621171572600097,1.4621171572600098,52
2023-24,2024-02-13,0022300771,BKN,BOS,1,0,1411.626315953585,1405.2038948387028,-6.422421114882056,1711.4687709393882,0.1787916455378342,8.0,-8.0,0.197375320224904,1.197375320224904,53
2023-24,2024-02-14,0022300780,BKN,BOS,0,0,1405.2038948387028,1398.6027013845903,-6.6011934541125346,1717.8911920542705,0.1190508734951575,50.0,-50.0,0.8482836399575129,1.8482836399575129,54
2023-24,2024-02-22,0022300795,BKN,TOR,0,0,1398.6027013845903,1373.220336089018,-25.382365295572257,1344.5722545166582,0.5273596585852862,28.0,-28.0,0.6043677771171634,1.6043677771171634,55
2023-24,2024-02-24,0022300815,BKN,MIN,0,0,1373.220336089018,1367.1724665151694,-6.0478695738485815,1641.7254385016245,0.1484113479312451,15.0,-15.0,0.3583573983507859,1.358357398350786,56
2023-24,2024-02-26,0022300830,BKN,MEM,0,1,1367.1724665151694,1395.1083552779562,27.935888762786774,1401.8812866610667,0.4010057517020354,25.0,25.0,0.5545997223493823,1.5545997223493822,57
2023-24,2024-02-27,0022300833,BKN,ORL,0,0,1395.1083552779562,1382.3374058219515,-12.770949456004471,1534.6338738475406,0.2680282286945763,27.0,-27.0,0.5882592563981054,1.5882592563981053,58
2023-24,2024-02-29,0022300851,BKN,ATL,1,1,1382.3374058219515,1409.192693432218,26.85528761026618,1461.7867277740222,0.4363790104988005,27.0,27.0,0.5882592563981054,1.5882592563981053,59
2023-24,2024-03-02,0022300866,BKN,ATL,1,1,1409.192693432218,1428.0461858641202,18.853492431902225,1434.931440163756,0.5133248590076528,12.0,12.0,0.2913126124515909,1.2913126124515908,60
2023-24,2024-03-04,0022300879,BKN,MEM,1,0,1428.0461858641202,1404.964392180187,-23.081793683933576,1316.137078918247,0.6996594668195185,4.0,-4.0,0.0996679946249558,1.099667994624956,61
2023-24,2024-03-05,0022300887,BKN,PHI,1,1,1404.964392180187,1423.7488330170304,18.784440836843704,1479.6719753925122,0.4431036988310657,5.0,5.0,0.1243530017715962,1.124353001771596,62
2023-24,2024-03-07,0022300902,BKN,DET,0,0,1423.7488330170304,1400.7700658012604,-22.97876721576999,1268.312644100041,0.6666976109669353,6.0,-6.0,0.1488850336233179,1.1488850336233178,63
2023-24,2024-03-09,0022300918,BKN,CHA,0,0,1400.7700658012604,1376.673436036594,-24.09662976466649,1270.8359761205895,0.6333195956366602,11.0,-11.0,0.2682711820216014,1.2682711820216013,64
2023-24,2024-03-10,0022300930,BKN,CLE,0,1,1376.673436036594,1412.851957808656,36.17852177206192,1624.8347482504728,0.1638293281789982,19.0,19.0,0.4422303560457261,1.442230356045726,65
2023-24,2024-03-13,0022300947,BKN,ORL,0,0,1412.851957808656,1402.247652368665,-10.604305439990773,1529.023648597406,0.2952097325116894,8.0,-8.0,0.197375320224904,1.197375320224904,66
2023-24,2024-03-16,0022300968,BKN,IND,0,0,1402.247652368665,1390.8101849307466,-11.43746743791844,1551.3687907094456,0.2573311508112625,21.0,-21.0,0.4815497983643079,1.481549798364308,67
2023-24,2024-03-17,0022300981,BKN,SAS,0,0,1390.8101849307466,1371.0860525618311,-19.724132368915345,1313.6399601658125,0.5603915588220891,7.0,-7.0,0.1732351578346601,1.17323515783466,68
2023-24,2024-03-19,0022300993,BKN,NOP,1,0,1371.0860525618311,1362.5469616944702,-8.539090867361042,1629.400960898712,0.2166147865340905,13.0,-13.0,0.3140209253469976,1.3140209253469977,69
2023-24,2024-03-21,0022301007,BKN,MIL,0,0,1362.5469616944702,1356.239258068135,-6.307703626334888,1591.893564802076,0.1792111207548103,7.0,-7.0,0.1732351578346601,1.17323515783466,70
2023-24,2024-03-23,0022301019,BKN,NYK,0,0,1356.239258068135,1348.93285725464,-7.306400813495447,1574.71206986863,0.1886039766318101,12.0,-12.0,0.2913126124515909,1.2913126124515908,71
2023-24,2024-03-25,0022301036,BKN,TOR,0,1,1348.93285725464,1365.4085352842274,16.475678029587534,1285.1418011685862,0.5413390785858496,8.0,8.0,0.197375320224904,1.197375320224904,72
2023-24,2024-03-27,0022301050,BKN,WAS,0,1,1365.4085352842274,1379.6634021321158,14.25486684788841,1289.9724149332326,0.5579309258876153,3.0,3.0,0.074859690687499,1.0748596906874992,73
2023-24,2024-03-29,0022301066,BKN,CHI,1,1,1379.6634021321158,1405.890028116155,26.226625984039114,1502.6161658586684,0.376062040929135,17.0,17.0,0.4011342849479459,1.401134284947946,74
2023-24,2024-03-31,0022301078,BKN,LAL,1,0,1405.890028116155,1394.3845344815295,-11.50549363462538,1590.5717635540643,0.2969973736718924,12.0,-12.0,0.2913126124515909,1.2913126124515908,75
2023-24,2024-04-01,0022301089,BKN,IND,0,0,1394.3845344815295,1384.432066922569,-9.952467558960771,1578.1525424705023,0.221089270346367,22.0,-22.0,0.5005202111902353,1.5005202111902354,76
2023-24,2024-04-03,0022301106,BKN,IND,1,1,1384.432066922569,1408.360096053941,23.928029131372256,1588.105010029463,0.2746892926371243,4.0,4.0,0.0996679946249558,1.099667994624956,77
2023-24,2024-04-06,0022301128,BKN,DET,1,1,1408.360096053941,1417.772067635664,9.411971581722764,1254.369210329193,0.7479896514269728,10.0,10.0,0.2449186624037091,1.2449186624037092,78
2023-24,2024-04-07,0022301141,BKN,SAC,1,0,1417.772067635664,1399.8658497138813,-17.906217921782872,1548.943985705907,0.3650272532387161,30.0,-30.0,0.6351489523872873,1.6351489523872873,79
2023-24,2024-04-10,0022301160,BKN,TOR,1,1,1399.8658497138813,1409.304318529981,9.438468816099672,1276.018514899821,0.7138994417032,4.0,4.0,0.0996679946249558,1.099667994624956,80
2023-24,2024-04-12,0022301175,BKN,NYK,0,0,1409.304318529981,1402.3706581561353,-6.933660373845686,1604.2849206108574,0.210174355888522,4.0,-4.0,0.0996679946249558,1.099667994624956,81
2023-24,2024-04-14,0022301192,BKN,PHI,0,0,1402.3706581561353,1390.3240330052308,-12.046625150904529,1539.241800060629,0.2710365673432982,21.0,-21.0,0.4815497983643079,1.481549798364308,82
2023-24,2023-10-25,0022300065,BOS,NYK,0,1,1500.0,1518.151098583088,18.151098583087943,1500.0,0.449800646746463,4.0,4.0,0.0996679946249558,1.099667994624956,1
2023-24,2023-10-27,0022300080,BOS,MIA,1,1,1518.151098583088,1534.0877309581554,15.93663237506728,1513.8312996236689,0.5563453912937427,8.0,8.0,0.197375320224904,1.197375320224904,2
2023-24,2023-10-30,0022300103,BOS,WAS,0,1,1534.0877309581554,1555.4400095592823,21.35227860112694,1494.571748414679,0.5064986553264597,19.0,19.0,0.4422303560457261,1.442230356045726,3
2023-24,2023-11-01,0022300118,BOS,IND,1,1,1555.4400095592823,1577.5505437805791,22.11053422129708,1518.0344029173589,0.6027173071754756,51.0,51.0,0.8551470292769645,1.8551470292769645,4
2023-24,2023-11-04,0022300136,BOS,BKN,0,1,1577.5505437805791,1595.2876697959052,17.737126015325902,1525.1089635888573,0.5250793873532061,10.0,10.0,0.2449186624037091,1.2449186624037092,5
2023-24,2023-11-06,0022300154,BOS,MIN,0,0,1595.2876697959052,1576.9597351898697,-18.32793460603563,1530.080499340957,0.5433624071549613,5.0,-5.0,0.1243530017715962,1.124353001771596,6
2023-24,2023-11-08,0022300159,BOS,PHI,0,0,1576.9597351898697,1562.033894613242,-14.92584057662762,1567.802870772722,0.4628771769296632,3.0,-3.0,0.074859690687499,1.0748596906874992,7
2023-24,2023-11-10,0022300010,BOS,BKN,1,1,1562.033894613242,1576.909888027125,14.875993413882648,1505.362816343335,0.6289467812914239,14.0,14.0,0.3363755443363322,1.3363755443363323,8
2023-24,2023-11-11,0022300174,BOS,TOR,1,1,1576.909888027125,1593.2964797325048,16.38659170538021,1511.6470376249888,0.6404135139315769,23.0,23.0,0.5190218338982221,1.519021833898222,9
2023-24,2023-11-13,0022300188,BOS,NYK,1,1,1593.2964797325048,1608.1748549999777,14.878375267472745,1527.8886620914882,0.6406056630974407,16.0,16.0,0.3799489622552249,1.379948962255225,10
2023-24,2023-11-15,0022300194,BOS,PHI,0,1,1608.1748549999777,1627.543769648297,19.368914648319244,1586.1141841610736,0.4813874128686333,10.0,10.0,0.2449186624037091,1.2449186624037092,11
2023-24,2023-11-17,0022300031,BOS,TOR,0,1,1627.543769648297,1638.7881378353086,11.244368187011553,1484.0183076674575,0.651291907076124,3.0,3.0,0.074859690687499,1.0748596906874992,12
2023-24,2023-11-19,0022300213,BOS,MEM,0,1,1638.7881378353086,1646.8938833459138,8.105745510605065,1419.6709126688806,0.7426645441720413,2.0,2.0,0.0499583749578799,1.04995837495788,13
2023-24,2023-11-20,0022300217,BOS,CHA,0,0,1646.8938833459138,1621.693967067375,-25.199916278538623,1390.5082040774164,0.7814947537453412,3.0,-3.0,0.074859690687499,1.0748596906874992,14
2023-24,2023-11-22,0022300228,BOS,MIL,1,1,1621.693967067375,1634.2716606544957,12.57769358712059,1579.02943345292,0.609943086956907,3.0,3.0,0.074859690687499,1.0748596906874992,15
2023-24,2023-11-24,0022300043,BOS,ORL,0,0,1634.2716606544957,1612.2817689954577,-21.98989165903824,1583.1773688103594,0.5231449951007656,17.0,-17.0,0.4011342849479459,1.401134284947946,16
2023-24,2023-11-26,0022300246,BOS,ATL,1,1,1612.2817689954577,1624.1320857024994,11.85031670704192,1514.1764615875584,0.6827017147138718,10.0,10.0,0.2449186624037091,1.2449186624037092,17
2023-24,2023-11-28,0022300053,BOS,CHI,1,1,1624.1320857024994,1632.591853253374,8.45976755087467,1392.814173032582,0.8224520017372154,27.0,27.0,0.5882592563981054,1.5882592563981053,18
2023-24,2023-12-01,0022300275,BOS,PHI,1,1,1632.591853253374,1645.8587822768518,13.266929023477717,1586.168768739611,0.6150781370573146,6.0,6.0,0.1488850336233179,1.1488850336233178,19
2023-24,2023-12-04,0022301202,BOS,IND,0,0,1645.8587822768518,1622.4283404637788,-23.4304418130731,1520.3663156714829,0.6273620523885799,10.0,-10.0,0.2449186624037091,1.2449186624037092,20
2023-24,2023-12-08,0022301227,BOS,NYK,1,1,1622.4283404637788,1635.9518428550546,13.523502391275825,1559.0577220290118,0.637901313028638,10.0,10.0,0.2449186624037091,1.2449186624037092,21
2023-24,2023-12-12,0022300305,BOS,CLE,1,1,1635.9518428550546,1647.550483091767,11.598640236712573,1547.5615439439252,0.6704656021923973,7.0,7.0,0.1732351578346601,1.17323515783466,22
2023-24,2023-12-14,0022300319,BOS,CLE,1,1,1647.550483091767,1658.5687209993664,11.018237907599383,1535.9629037072127,0.6992703903541511,9.0,9.0,0.2212784678984439,1.221278467898444,23
2023-24,2023-12-15,0022300329,BOS,ORL,1,1,1658.5687209993664,1673.906456903877,15.33773590451054,1597.2928414501905,0.6351114457935925,17.0,17.0,0.4011342849479459,1.401134284947946,24
2023-24,2023-12-17,0022300344,BOS,ORL,1,1,1673.906456903877,1687.568408678162,13.661951774284889,1581.9551055456798,0.6749787672970392,17.0,17.0,0.4011342849479459,1.401134284947946,25
2023-24,2023-12-19,0022300362,BOS,GSW,0,0,1687.568408678162,1662.509374097835,-25.059034580326845,1482.3726686660443,0.7270537331687704,6.0,-6.0,0.1488850336233179,1.1488850336233178,26
2023-24,2023-12-20,0022300373,BOS,SAC,0,1,1662.509374097835,1683.005673308753,20.496299210918043,1585.2460745991975,0.5605235457878701,25.0,25.0,0.5545997223493823,1.5545997223493822,27
2023-24,2023-12-23,0022300389,BOS,LAC,0,1,1683.005673308753,1706.3815841821154,23.375910873362265,1613.7476374316966,0.5491421190151723,37.0,37.0,0.7282542059818115,1.7282542059818111,28
2023-24,2023-12-25,0022300403,BOS,LAL,0,1,1706.3815841821154,1717.0628694977563,10.681285315640949,1507.941064936295,0.7192691524480022,11.0,11.0,0.2682711820216014,1.2682711820216013,29
2023-24,2023-12-28,0022300421,BOS,DET,1,1,1717.0628694977563,1718.5260948330706,1.4632253353142273,1210.7642723858394,0.9575465112553646,6.0,6.0,0.1488850336233179,1.1488850336233178,30
2023-24,2023-12-29,0022300432,BOS,TOR,1,1,1718.5260948330706,1722.5633773693846,4.03728253631405,1420.4722478085023,0.8718272192940979,2.0,2.0,0.0499583749578799,1.04995837495788,31
2023-24,2023-12-31,0022300448,BOS,SAS,0,1,1722.5633773693846,1726.850407671025,4.287030301640441,1275.1476024581334,0.9148274320112518,33.0,33.0,0.6777821008468294,1.6777821008468294,32
2023-24,2024-01-02,0022300462,BOS,OKC,0,0,1726.850407671025,1709.5952764630854,-17.25513120793962,1675.8287914268883,0.5230406296045901,4.0,-4.0,0.0996679946249558,1.099667994624956,33
2023-24,2024-01-05,0022300479,BOS,UTA,1,1,1709.5952764630854,1719.3299746013267,9.734698138241402,1504.0998740166572,0.799697181916086,29.0,29.0,0.619996867969374,1.619996867969374,34
2023-24,2024-01-06,0022300493,BOS,IND,0,1,1719.3299746013267,1735.0663911387078,15.736416537381135,1595.1257862338098,0.6256267343196215,17.0,17.0,0.4011342849479459,1.401134284947946,35
2023-24,2024-01-08,0022300507,BOS,IND,0,0,1735.0663911387078,1714.0565476072477,-21.0098435314604,1579.3893696964287,0.6670056017634423,2.0,-2.0,0.0499583749578799,1.04995837495788,36
2023-24,2024-01-10,0022300517,BOS,MIN,1,1,1714.0565476072477,1726.241130923066,12.184583315818609,1638.5955155230802,0.6538180990556445,7.0,7.0,0.1732351578346601,1.17323515783466,37
2023-24,2024-01-11,0022300528,BOS,MIL,0,0,1726.241130923066,1693.1226877636734,-33.11844315939257,1577.5761769438304,0.6579806190302593,33.0,-33.0,0.6777821008468294,1.6777821008468294,38
2023-24,2024-01-13,0022300542,BOS,HOU,1,1,1693.1226877636734,1703.109820487021,9.987132723347214,1487.362019731734,0.7999416659176417,32.0,32.0,0.664036770267849,1.664036770267849,39
2023-24,2024-01-15,0022300563,BOS,TOR,0,1,1703.109820487021,1710.098711553706,6.988891066685254,1417.066396398687,0.8092465873429717,9.0,9.0,0.2212784678984439,1.221278467898444,40
2023-24,2024-01-17,0022300571,BOS,SAS,1,1,1710.098711553706,1712.85369938783,2.7549878341242495,1278.1134429375109,0.9363257558550306,19.0,19.0,0.4422303560457261,1.442230356045726,41
2023-24,2024-01-19,0022300586,BOS,DEN,1,0,1712.85369938783,1691.165546421994,-21.688152965836075,1610.042869492182,0.6885400882902021,2.0,-2.0,0.0499583749578799,1.04995837495788,42
2023-24,2024-01-21,0022300603,BOS,HOU,0,1,1691.165546421994,1700.6470549563871,9.481508534393075,1473.364793917005,0.74121357840393,9.0,9.0,0.2212784678984439,1.221278467898444,43
2023-24,2024-01-22,0022300611,BOS,DAL,0,1,1700.6470549563871,1711.2796984956974,10.632643539310369,1510.276067270563,0.7097947268977662,9.0,9.0,0.2212784678984439,1.221278467898444,44
2023-24,2024-01-25,0022300630,BOS,MIA,0,1,1711.2796984956974,1723.3493961768977,12.069697681200136,1475.8431735391673,0.7602052997007541,33.0,33.0,0.6777821008468294,1.6777821008468294,45
2023-24,2024-01-27,0022300646,BOS,LAC,1,0,1723.3493961768977,1697.3818023425767,-25.96759383432066,1687.788293568505,0.6001721275076105,19.0,-19.0,0.4422303560457261,1.442230356045726,46
2023-24,2024-01-29,0022300659,BOS,NOP,1,1,1697.3818023425767,1706.802573137772,9.420770795195205,1562.5225513412352,0.7266691757809665,6.0,6.0,0.1488850336233179,1.1488850336233178,47
2023-24,2024-01-30,0022300670,BOS,IND,1,1,1706.802573137772,1716.6725084614416,9.869935323669452,1588.4553532953007,0.707389188623211,5.0,5.0,0.1243530017715962,1.124353001771596,48
2023-24,2024-02-01,0022300684,BOS,LAL,1,0,1716.6725084614416,1685.690269719458,-30.98223874198366,1456.234691421945,0.8456231060689867,9.0,-9.0,0.2212784678984439,1.221278467898444,49
2023-24,2024-02-04,0022300706,BOS,MEM,1,1,1685.690269719458,1694.3067477677516,8.616478048293594,1436.5301193945836,0.8369568075756423,40.0,40.0,0.7615941559557649,1.7615941559557649,50
2023-24,2024-02-07,0022300729,BOS,ATL,1,1,1694.3067477677516,1700.4983016866402,6.1915539188885464,1456.7503675383407,0.8276353895528323,8.0,8.0,0.197375320224904,1.197375320224904,51
2023-24,2024-02-09,0022300743,BOS,WAS,1,1,1700.4983016866402,1702.4985131171034,2.0002114304631604,1259.4409949811245,0.9393692326459758,4.0,4.0,0.0996679946249558,1.099667994624956,52
2023-24,2024-02-11,0022300759,BOS,MIA,0,1,1702.4985131171034,1711.4687709393882,8.97025782228485,1496.392858670628,0.7280919372595369,4.0,4.0,0.0996679946249558,1.099667994624956,53
2023-24,2024-02-13,0022300771,BOS,BKN,0,1,1711.4687709393882,1717.8911920542705,6.422421114882056,1411.626315953585,0.8212083544621658,8.0,8.0,0.197375320224904,1.197375320224904,54
2023-24,2024-02-14,0022300780,BOS,BKN,1,1,1717.8911920542705,1724.4923855083828,6.6011934541125346,1405.2038948387028,0.8809491265048425,50.0,50.0,0.8482836399575129,1.8482836399575129,55
2023-24,2024-02-22,0022300797,BOS,CHI,0,1,1724.4923855083828,1735.2108544071868,10.71846889880418,1503.2414153518744,0.7450049574369815,17.0,17.0,0.4011342849479459,1.401134284947946,56
2023-24,2024-02-24,0022300816,BOS,NYK,0,1,1735.2108544071868,1748.2175982465574,13.00674383937042,1572.7898159698418,0.6755716386636463,14.0,14.0,0.3363755443363322,1.3363755443363323,57
2023-24,2024-02-27,0022300836,BOS,PHI,1,1,1748.2175982465574,1753.7421920685356,5.524593821978169,1452.2366422699247,0.8704878991269192,18.0,18.0,0.4218990052500079,1.4218990052500078,58
2023-24,2024-03-01,0022300859,BOS,DAL,1,1,1753.7421920685356,1764.6063348260338,10.864142757498332,1574.6111143677572,0.7742798770445731,28.0,28.0,0.6043677771171634,1.6043677771171634,59
2023-24,2024-03-03,0022300872,BOS,GSW,1,1,1764.6063348260338,1778.811208279594,14.204873453560127,1612.7485385893256,0.745667996116036,52.0,52.0,0.8617231593133063,1.8617231593133063,60
2023-24,2024-03-05,0022300886,BOS,CLE,0,0,1778.811208279594,1757.904477398566,-20.90673088102779,1612.9497434569032,0.6798971410863194,1.0,-1.0,0.0249947929684206,1.0249947929684209,61
2023-24,2024-03-07,0022300906,BOS,DEN,0,0,1757.904477398566,1736.638380027193,-21.26609737137292,1640.0649006223373,0.617006829781293,6.0,-6.0,0.1488850336233179,1.1488850336233178,62
2023-24,2024-03-09,0022300920,BOS,PHX,0,1,1736.638380027193,1749.073706277056,12.435326249862898,1580.9361863523895,0.6670377852677656,10.0,10.0,0.2449186624037091,1.2449186624037092,63
2023-24,2024-03-11,0022300938,BOS,POR,0,1,1749.073706277056,1753.589823928966,4.51611765190979,1332.9999891876662,0.8996766228531828,22.0,22.0,0.5005202111902353,1.5005202111902354,64
2023-24,2024-03-12,0022300943,BOS,UTA,0,1,1753.589823928966,1759.399420581169,5.809596652202834,1403.7225261483363,0.8596663883687332,16.0,16.0,0.3799489622552249,1.379948962255225,65
2023-24,2024-03-14,0022300955,BOS,PHX,1,1,1759.399420581169,1768.9373143299138,9.537893748744992,1588.4471638411494,0.7659454043458377,15.0,15.0,0.3583573983507859,1.358357398350786,66
2023-24,2024-03-17,0022300980,BOS,WAS,0,1,1768.9373143299138,1771.3540222267025,2.4167078967886724,1226.97425007784,0.9487443727810008,26.0,26.0,0.5716699660851172,1.5716699660851172,67
2023-24,2024-03-18,0022300984,BOS,DET,1,1,1771.3540222267025,1773.766048479794,2.41202625309171,1301.0359056174393,0.94828194425408,25.0,25.0,0.5545997223493823,1.5545997223493822,68
2023-24,2024-03-20,0022300998,BOS,MIL,1,1,1773.766048479794,1781.1978606342077,7.431812154413289,1599.3253769564894,0.7695261307498417,3.0,3.0,0.074859690687499,1.0748596906874992,69
2023-24,2024-03-22,0022301011,BOS,DET,0,1,1781.1978606342077,1784.3911404928276,3.193279858620236,1288.7263698276724,0.9329815573085964,27.0,27.0,0.5882592563981054,1.5882592563981053,70
2023-24,2024-03-23,0022301023,BOS,CHI,0,1,1784.3911404928276,1791.9693838036023,7.578243310774817,1507.6701916211637,0.8008248441342743,11.0,11.0,0.2682711820216014,1.2682711820216013,71
2023-24,2024-03-25,0022301034,BOS,ATL,0,0,1791.9693838036023,1765.0931082653497,-26.876275538252667,1451.1716049630577,0.8532489217118038,2.0,-2.0,0.0499583749578799,1.04995837495788,72
2023-24,2024-03-28,0022301060,BOS,ATL,0,0,1765.0931082653497,1740.430452146045,-24.662656119304746,1487.0438458444114,0.8020416717721668,1.0,-1.0,0.0249947929684206,1.0249947929684209,73
2023-24,2024-03-30,0022301074,BOS,NOP,0,1,1740.430452146045,1755.9977491378806,15.567296991835828,1636.3297184807805,0.5981531546085522,12.0,12.0,0.2913126124515909,1.2913126124515908,74
2023-24,2024-04-01,0022301087,BOS,CHA,0,1,1755.9977491378806,1758.7716190668225,2.7738699289417523,1269.4676517980758,0.9308111171619476,14.0,14.0,0.3363755443363322,1.3363755443363323,75
2023-24,2024-04-03,0022301105,BOS,OKC,1,1,1758.7716190668225,1773.9294504210363,15.157831354213842,1643.7017781952875,0.7034688752867936,35.0,35.0,0.703905603936621,1.703905603936621,76
2023-24,2024-04-05,0022301118,BOS,SAC,1,1,1773.9294504210363,1779.7091652469064,5.779714825870087,1554.723700531777,0.8120408394423211,1.0,1.0,0.0249947929684206,1.0249947929684209,77
2023-24,2024-04-07,0022301134,BOS,POR,1,1,1779.7091652469064,1781.8781635277835,2.1689982808773554,1308.976009098754,0.9483989911084092,17.0,17.0,0.4011342849479459,1.401134284947946,78
2023-24,2024-04-09,0022301148,BOS,MIL,0,0,1781.8781635277835,1749.9319798105778,-31.94618371720588,1494.542127544839,0.8103925668400791,13.0,-13.0,0.3140209253469976,1.3140209253469977,79
2023-24,2024-04-11,0022301167,BOS,NYK,1,0,1749.9319798105778,1721.76112616288,-28.17085364769793,1576.1140669631595,0.7688897164781175,9.0,-9.0,0.2212784678984439,1.221278467898444,80
2023-24,2024-04-12,0022301173,BOS,CHA,1,1,1721.76112616288,1725.0558862985783,3.2947601356983554,1294.9085122775768,0.9345413580218912,33.0,33.0,0.6777821008468294,1.6777821008468294,81
2023-24,2024-04-14,0022301186,BOS,WAS,1,1,1725.0558862985783,1726.7224081541158,1.6665218555374783,1227.8052996531433,0.9553780257332976,10.0,10.0,0.2449186624037091,1.2449186624037092,82
2023-24,2023-10-25,0022300063,CHA,ATL,1,1,1500.0,1515.503076934833,15.503076934833008,1500.0,0.550199353253537,6.0,6.0,0.1488850336233179,1.1488850336233178,1
2023-24,2023-10-27,0022300077,CHA,DET,1,0,1515.503076934833,1492.587155795895,-22.915921138938337,1486.1687003763311,0.5915407551966795,12.0,-12.0,0.2913126124515909,1.2913126124515908,2
2023-24,2023-10-30,0022300101,CHA,BKN,1,0,1492.587155795895,1470.0158993223026,-22.571256473592033,1469.6286915088624,0.5826437444593661,12.0,-12.0,0.2913126124515909,1.2913126124515908,3
2023-24,2023-11-01,0022300122,CHA,HOU,0,0,1470.0158993223026,1452.1965291854765,-17.81937013682629,1444.4974280399051,0.4863583696705844,9.0,-9.0,0.2212784678984439,1.221278467898444,4
2023-24,2023-11-04,0022300133,CHA,IND,0,1,1452.1965291854765,1471.592644172163,19.396114986687145,1510.2270226790226,0.3692288286162793,1.0,1.0,0.0249947929684206,1.0249947929684209,5
2023-24,2023-11-05,0022300143,CHA,DAL,0,0,1471.592644172163,1459.6188363883534,-11.973807783809823,1546.1167014921205,0.3474037126832787,6.0,-6.0,0.1488850336233179,1.1488850336233178,6
2023-24,2023-11-08,0022300157,CHA,WAS,1,0,1459.6188363883534,1435.0799615106837,-24.538874877670064,1429.415822637858,0.5927483684509277,16.0,-16.0,0.3799489622552249,1.379948962255225,7
2023-24,2023-11-10,0022300009,CHA,WAS,0,1,1435.0799615106837,1455.3857225126958,20.305761002012325,1453.954697515528,0.4230835177865809,7.0,7.0,0.1732351578346601,1.17323515783466,8
2023-24,2023-11-12,0022300177,CHA,NYK,0,0,1455.3857225126958,1438.6264117818905,-16.759310730805314,1511.129351360683,0.3723000109300222,22.0,-22.0,0.5005202111902353,1.5005202111902354,9
2023-24,2023-11-14,0022300017,CHA,MIA,1,0,1438.6264117818905,1424.236704852484,-14.38970692940647,1531.4838107018847,0.4174977335496794,6.0,-6.0,0.1488850336233179,1.1488850336233178,10
2023-24,2023-11-17,0022300027,CHA,MIL,1,0,1424.236704852484,1404.5258804433586,-19.71082440912551,1530.9479955816098,0.3982401158736185,31.0,-31.0,0.6498274636719203,1.6498274636719203,11
2023-24,2023-11-18,0022300202,CHA,NYK,1,0,1404.5258804433586,1390.5082040774164,-14.017676365942116,1547.335801453822,0.3496441407095523,14.0,-14.0,0.3363755443363322,1.3363755443363323,12
2023-24,2023-11-20,0022300217,CHA,BOS,1,1,1390.5082040774164,1415.708120355955,25.199916278538623,1646.8938833459138,0.2185052462546588,3.0,3.0,0.074859690687499,1.0748596906874992,13
2023-24,2023-11-22,0022300225,CHA,WAS,1,1,1415.708120355955,1428.0584638696018,12.350343513646797,1367.8782530246729,0.6169936218761323,3.0,3.0,0.074859690687499,1.0748596906874992,14
2023-24,2023-11-26,0022300248,CHA,ORL,0,0,1428.0584638696018,1419.07997622977,-8.978487639831814,1605.1672604693977,0.2277611532317832,13.0,-13.0,0.3140209253469976,1.3140209253469977,15
2023-24,2023-11-28,0022300057,CHA,NYK,0,0,1419.07997622977,1405.878197308995,-13.201778920775212,1542.7566059854166,0.2863013053109537,24.0,-24.0,0.5370495669980352,1.5370495669980353,16
2023-24,2023-11-30,0022300266,CHA,BKN,0,1,1405.878197308995,1427.741793018025,21.863595709030378,1527.2794591469085,0.2889851454525396,1.0,1.0,0.0249947929684206,1.0249947929684209,17
2023-24,2023-12-02,0022300281,CHA,MIN,1,0,1427.741793018025,1418.3510847259674,-9.390708292057484,1633.364667851076,0.2724586016653427,6.0,-6.0,0.1488850336233179,1.1488850336233178,18
2023-24,2023-12-06,0022301211,CHA,CHI,0,0,1418.3510847259674,1401.9819266938896,-16.36915803207776,1432.1560654006057,0.4302223442462207,11.0,-11.0,0.2682711820216014,1.2682711820216013,19
2023-24,2023-12-08,0022301216,CHA,TOR,1,1,1401.9819266938896,1419.1827973248182,17.200870630928613,1460.2461443550717,0.4665700469262602,3.0,3.0,0.074859690687499,1.0748596906874992,20
2023-24,2023-12-11,0022300292,CHA,MIA,1,0,1419.1827973248182,1406.1523383655174,-13.03045895930084,1514.7696079651146,0.4136817633309691,2.0,-2.0,0.0499583749578799,1.04995837495788,21
2023-24,2023-12-13,0022300312,CHA,MIA,0,0,1406.1523383655174,1395.1680808715944,-10.98425749392295,1527.8000669244154,0.2886937128702039,11.0,-11.0,0.2682711820216014,1.2682711820216013,22
2023-24,2023-12-15,0022300326,CHA,NOP,1,0,1395.1680808715944,1384.1095217873485,-11.058559084245925,1554.884834261936,0.3278495593116342,5.0,-5.0,0.1243530017715962,1.124353001771596,23
2023-24,2023-12-16,0022300335,CHA,PHI,1,0,1384.1095217873485,1370.2071558681996,-13.902365919148965,1611.7448132379789,0.2480764155957802,53.0,-53.0,0.8680219810175624,1.8680219810175624,24
2023-24,2023-12-18,0022300354,CHA,TOR,0,0,1370.2071558681996,1354.8398549707524,-15.36730089744716,1422.3881793811738,0.3771049974551362,15.0,-15.0,0.3583573983507859,1.358357398350786,25
2023-24,2023-12-20,0022300365,CHA,IND,0,0,1354.8398549707524,1341.5337990149314,-13.306055955820952,1493.649635917766,0.2688373228678202,31.0,-31.0,0.6498274636719203,1.6498274636719203,26
2023-24,2023-12-23,0022300390,CHA,DEN,1,0,1341.5337990149314,1334.2616156752115,-7.2721833397197715,1610.2643439382605,0.2066134054245192,7.0,-7.0,0.1732351578346601,1.17323515783466,27
2023-24,2023-12-26,0022300414,CHA,LAC,0,0,1334.2616156752115,1328.485317811604,-5.776297863607727,1590.3717265583343,0.157657133226612,9.0,-9.0,0.2212784678984439,1.221278467898444,28
2023-24,2023-12-28,0022300428,CHA,LAL,0,0,1328.485317811604,1317.9821880817567,-10.503129729847416,1497.2597796206544,0.2363095217688779,21.0,-21.0,0.4815497983643079,1.481549798364308,29
2023-24,2023-12-29,0022300436,CHA,PHX,0,0,1317.9821880817567,1307.7354173572046,-10.246770724552093,1468.693077912591,0.2555861079614119,14.0,-14.0,0.3363755443363322,1.3363755443363323,30
2023-24,2024-01-01,0022300455,CHA,DEN,0,0,1307.7354173572046,1302.5240836107057,-5.211333746499004,1615.316348855864,0.1221683989101301,18.0,-18.0,0.4218990052500079,1.4218990052500078,31
2023-24,2024-01-02,0022300464,CHA,SAC,0,1,1302.5240836107057,1332.298937297736,29.774853687030465,1563.393691387246,0.1540526924433639,7.0,7.0,0.1732351578346601,1.17323515783466,32
2023-24,2024-01-05,0022300484,CHA,CHI,0,0,1332.298937297736,1321.8239280045334,-10.475009293202769,1473.8703038695523,0.2657240609375277,13.0,-13.0,0.3140209253469976,1.3140209253469977,33
2023-24,2024-01-08,0022300506,CHA,CHI,1,0,1321.8239280045334,1310.4094608661014,-11.414467138432082,1484.345313162755,0.3243017696895136,7.0,-7.0,0.1732351578346601,1.17323515783466,34
2023-24,2024-01-10,0022300518,CHA,SAC,1,0,1310.4094608661014,1298.8786754737114,-11.53078539238996,1538.8244135817683,0.2472401786479182,25.0,-25.0,0.5545997223493823,1.5545997223493822,35
2023-24,2024-01-12,0022300541,CHA,SAS,0,0,1298.8786754737114,1273.9436099956563,-24.93506547805504,1274.805604284533,0.4842800679885001,36.0,-36.0,0.7162978701990245,1.7162978701990244,36
2023-24,2024-01-14,0022300551,CHA,MIA,0,0,1273.9436099956563,1268.1078914735867,-5.835718522069597,1555.9811936669705,0.1388331959508649,17.0,-17.0,0.4011342849479459,1.401134284947946,37
2023-24,2024-01-17,0022300575,CHA,NOP,0,0,1268.1078914735867,1263.419394539463,-4.688496934123877,1601.898117848763,0.1068883094363898,20.0,-20.0,0.4621171572600097,1.4621171572600098,38
2023-24,2024-01-19,0022300584,CHA,SAS,1,1,1263.419394539463,1278.8211671431673,15.401772603704387,1275.3584551033866,0.5331387085621482,4.0,4.0,0.0996679946249558,1.099667994624956,39
2023-24,2024-01-20,0022300593,CHA,PHI,1,0,1278.8211671431673,1273.3624668022414,-5.458700340925841,1612.4920203662343,0.1519629434125001,8.0,-8.0,0.197375320224904,1.197375320224904,40
2023-24,2024-01-22,0022300610,CHA,MIN,0,1,1273.3624668022414,1302.7284787405126,29.366011938271104,1641.7568041711147,0.0893071225110914,3.0,3.0,0.074859690687499,1.0748596906874992,41
2023-24,2024-01-24,0022300619,CHA,DET,0,0,1302.7284787405126,1281.493211844173,-21.235266896339773,1194.881802914632,0.6033251093364748,7.0,-7.0,0.1732351578346601,1.17323515783466,42
2023-24,2024-01-26,0022300635,CHA,HOU,1,0,1281.493211844173,1264.717305363575,-16.775906480598106,1438.9863319012768,0.330676469927548,34.0,-34.0,0.6910694698329306,1.6910694698329305,43
2023-24,2024-01-27,0022300647,CHA,UTA,1,0,1264.717305363575,1257.7242789568174,-6.993026406757418,1562.5287688394735,0.1805146778383115,12.0,-12.0,0.2913126124515909,1.2913126124515908,44
2023-24,2024-01-29,0022300657,CHA,NYK,1,0,1257.7242789568174,1252.773789176071,-4.950489780746524,1653.4862756481075,0.1113808838603123,21.0,-21.0,0.4815497983643079,1.481549798364308,45
2023-24,2024-01-31,0022300674,CHA,CHI,1,0,1252.773789176071,1243.7745243103109,-8.999264865760306,1473.3968372723623,0.2556823272147612,7.0,-7.0,0.1732351578346601,1.17323515783466,46
2023-24,2024-02-02,0022300695,CHA,OKC,0,0,1243.7745243103109,1240.6108730579056,-3.163651252405143,1652.5362641679626,0.072124891786688,20.0,-20.0,0.4621171572600097,1.4621171572600098,47
2023-24,2024-02-04,0022300707,CHA,IND,1,0,1240.6108730579056,1233.3692678346906,-7.241605223214947,1545.0681292525185,0.1749244699451329,16.0,-16.0,0.3799489622552249,1.379948962255225,48
2023-24,2024-02-05,0022300713,CHA,LAL,1,0,1233.3692678346906,1226.6752914543647,-6.693976380325826,1515.542054566051,0.1942166008614042,6.0,-6.0,0.1488850336233179,1.1488850336233178,49
2023-24,2024-02-07,0022300726,CHA,TOR,1,0,1226.6752914543647,1214.4432617586249,-12.232029695739763,1365.4869943405138,0.3548956695043939,6.0,-6.0,0.1488850336233179,1.1488850336233178,50
2023-24,2024-02-09,0022300745,CHA,MIL,0,0,1214.4432617586249,1208.6807524244398,-5.762509334184997,1539.2655111556626,0.1119174286748715,36.0,-36.0,0.7162978701990245,1.7162978701990244,51
2023-24,2024-02-10,0022300751,CHA,MEM,1,1,1208.6807524244398,1234.9357792266471,26.255026802207325,1404.8311223339056,0.2834004831186849,9.0,9.0,0.2212784678984439,1.221278467898444,52
2023-24,2024-02-12,0022300761,CHA,IND,1,1,1234.9357792266471,1265.80849663862,30.87271741197279,1561.4268151772264,0.1573661474848276,9.0,9.0,0.2212784678984439,1.221278467898444,53
2023-24,2024-02-14,0022300777,CHA,ATL,1,1,1265.80849663862,1298.5722751902474,32.763778551627304,1463.988801257103,0.2810334075855784,23.0,23.0,0.5190218338982221,1.519021833898222,54
2023-24,2024-02-22,0022300801,CHA,UTA,0,1,1298.5722751902474,1326.3514861471076,27.779210956860233,1476.7667603168488,0.2266637845950579,8.0,8.0,0.197375320224904,1.197375320224904,55
2023-24,2024-02-23,0022300811,CHA,GSW,0,0,1326.3514861471076,1320.4855815380845,-5.8659046090231195,1594.318951634682,0.1488029222841103,13.0,-13.0,0.3140209253469976,1.3140209253469977,56
2023-24,2024-02-25,0022300826,CHA,POR,0,1,1320.4855815380845,1341.9411735061356,21.45559196805097,1316.3305473719834,0.4557267809520073,13.0,13.0,0.3140209253469976,1.3140209253469977,57
2023-24,2024-02-27,0022300840,CHA,MIL,0,0,1341.9411735061356,1332.1607432587784,-9.780430247357176,1561.7978375096793,0.187387928247628,38.0,-38.0,0.7397830512740042,1.7397830512740042,58
2023-24,2024-02-29,0022300849,CHA,MIL,1,0,1332.1607432587784,1323.032113775664,-9.128629483114272,1571.5782677570364,0.235642126083973,12.0,-12.0,0.2913126124515909,1.2913126124515908,59
2023-24,2024-03-01,0022300858,CHA,PHI,0,0,1323.032113775664,1312.9552878848854,-10.07682589077878,1446.7120484479465,0.2862974179696625,7.0,-7.0,0.1732351578346601,1.17323515783466,60
2023-24,2024-03-03,0022300875,CHA,TOR,0,0,1312.9552878848854,1301.4789871050743,-11.476300779810986,1393.000010642482,0.3402342135648459,5.0,-5.0,0.1243530017715962,1.124353001771596,61
2023-24,2024-03-05,0022300885,CHA,ORL,1,0,1301.4789871050743,1293.2658784283442,-8.213108676730256,1564.5454540483915,0.2120093047837439,12.0,-12.0,0.2913126124515909,1.2913126124515908,62
2023-24,2024-03-08,0022300910,CHA,WAS,0,0,1293.2658784283442,1270.8359761205895,-22.42990230775472,1202.9109295158987,0.5789948948450462,12.0,-12.0,0.2913126124515909,1.2913126124515908,63
2023-24,2024-03-09,0022300918,CHA,BKN,1,1,1270.8359761205895,1294.932605885256,24.09662976466649,1400.7700658012604,0.3666804043633398,11.0,11.0,0.2682711820216014,1.2682711820216013,64
2023-24,2024-03-11,0022300933,CHA,DET,0,0,1294.932605885256,1275.2144394671009,-19.718166418154965,1281.4314626696969,0.4691000862654055,17.0,-17.0,0.4011342849479459,1.401134284947946,65
2023-24,2024-03-13,0022300950,CHA,MEM,0,1,1275.2144394671009,1300.830594859754,25.616155392653077,1356.4038158555056,0.3387566742644361,12.0,12.0,0.2913126124515909,1.2913126124515908,66
2023-24,2024-03-15,0022300961,CHA,PHX,1,0,1300.830594859754,1293.2996723326862,-7.530922527067784,1578.9092700924043,0.1979314475174946,11.0,-11.0,0.2682711820216014,1.2682711820216013,67
2023-24,2024-03-16,0022300969,CHA,PHI,0,0,1293.2996723326862,1282.6612731982125,-10.638399134473726,1422.7111033315575,0.2796036916310046,11.0,-11.0,0.2682711820216014,1.2682711820216013,68
2023-24,2024-03-19,0022300991,CHA,ORL,0,0,1282.6612731982125,1276.349820558959,-6.311452639253559,1557.4630582210762,0.1438884384860363,20.0,-20.0,0.4621171572600097,1.4621171572600098,69
2023-24,2024-03-23,0022301021,CHA,ATL,0,0,1276.349820558959,1263.4033840399852,-12.94643651897372,1438.2251684440837,0.2435515796008238,41.0,-41.0,0.7718952374404182,1.7718952374404182,70
2023-24,2024-03-25,0022301033,CHA,CLE,0,0,1263.4033840399852,1256.551533816104,-6.851850223881271,1529.24901667702,0.150356632384003,23.0,-23.0,0.5190218338982221,1.519021833898222,71
2023-24,2024-03-27,0022301048,CHA,CLE,1,1,1256.551533816104,1284.8291678456296,28.27763402952555,1536.100866900901,0.1965909010740532,7.0,7.0,0.1732351578346601,1.17323515783466,72
2023-24,2024-03-29,0022301062,CHA,GSW,1,0,1284.8291678456296,1276.9898782336986,-7.8392896119309325,1578.8384186946498,0.1837751153676951,18.0,-18.0,0.4218990052500079,1.4218990052500078,73
2023-24,2024-03-31,0022301079,CHA,LAC,1,0,1276.9898782336986,1269.4676517980758,-7.522226435622691,1559.2086284955851,0.1941751972137753,12.0,-12.0,0.2913126124515909,1.2913126124515908,74
2023-24,2024-04-01,0022301087,CHA,BOS,1,0,1269.4676517980758,1266.693781869134,-2.7738699289417523,1755.9977491378806,0.0691888828380524,14.0,-14.0,0.3363755443363322,1.3363755443363323,75
2023-24,2024-04-03,0022301102,CHA,POR,1,0,1266.693781869134,1249.269361069943,-17.424420799190948,1273.5857803013068,0.5403626460940213,3.0,-3.0,0.074859690687499,1.0748596906874992,76
2023-24,2024-04-05,0022301115,CHA,ORL,1,1,1249.269361069943,1279.882919904975,30.613558835032133,1566.6579733357514,0.1644395705070319,9.0,9.0,0.2212784678984439,1.221278467898444,77
2023-24,2024-04-07,0022301135,CHA,OKC,1,0,1279.882919904975,1274.819197935194,-5.063721969781062,1606.8079816746322,0.1570351309928404,3.0,-3.0,0.074859690687499,1.0748596906874992,78
2023-24,2024-04-09,0022301144,CHA,DAL,1,0,1274.819197935194,1270.12354835244,-4.695649582754218,1692.3102111293128,0.0995893897166939,26.0,-26.0,0.5716699660851172,1.5716699660851172,79
2023-24,2024-04-10,0022301159,CHA,ATL,0,1,1270.12354835244,1294.9085122775768,24.78496392513689,1482.5581843381035,0.1939808184014032,1.0,1.0,0.0249947929684206,1.0249947929684209,80
2023-24,2024-04-12,0022301173,CHA,BOS,0,0,1294.9085122775768,1291.6137521418784,-3.2947601356983554,1721.76112616288,0.0654586419781088,33.0,-33.0,0.6777821008468294,1.6777821008468294,81
2023-24,2024-04-14,0022301187,CHA,CLE,0,1,1291.6137521418784,1322.0013063762513,30.38755423437275,1512.6482143675646,0.1863577074799953,10.0,10.0,0.2449186624037091,1.2449186624037092,82
2023-24,2023-10-25,0022300070,CHI,OKC,1,0,1500.0,1475.8663225708392,-24.13367742916072,1500.0,0.550199353253537,20.0,-20.0,0.4621171572600097,1.4621171572600098,1
2023-24,2023-10-27,0022300082,CHI,TOR,1,1,1475.8663225708392,1491.4022230586654,15.535900487826146,1514.5041775209882,0.4947648972006437,1.0,1.0,0.0249947929684206,1.0249947929684209,2
2023-24,2023-10-28,0022300088,CHI,DET,0,0,1491.4022230586654,1473.8178217821796,-17.58440127648581,1509.0846215152696,0.424759701444512,16.0,-16.0,0.3799489622552249,1.379948962255225,3
2023-24,2023-10-30,0022300102,CHI,IND,0,1,1473.8178217821796,1496.431531863273,22.61371008109343,1540.6481129984522,0.3575112960068004,7.0,7.0,0.1732351578346601,1.17323515783466,4
2023-24,2023-11-01,0022300124,CHI,DAL,0,0,1496.431531863273,1482.7013995931843,-13.730132270088458,1550.35819492803,0.3747475188497904,9.0,-9.0,0.2212784678984439,1.221278467898444,5
2023-24,2023-11-03,0022300004,CHI,BKN,1,0,1482.7013995931843,1466.5560192073708,-16.14538038581378,1508.9635832030435,0.5125720781220324,2.0,-2.0,0.0499583749578799,1.04995837495788,6
2023-24,2023-11-04,0022300139,CHI,DEN,0,0,1466.5560192073708,1452.3644854365814,-14.191533770789317,1566.300292567577,0.3152580832734974,22.0,-22.0,0.5005202111902353,1.5005202111902354,7
2023-24,2023-11-06,0022300152,CHI,UTA,1,1,1452.3644854365814,1470.871883363147,18.507397926565652,1445.6787369875717,0.5597043974683881,17.0,17.0,0.4011342849479459,1.401134284947946,8
2023-24,2023-11-08,0022300162,CHI,PHX,1,0,1470.871883363147,1454.7352903182405,-16.136593044906512,1488.6458792755054,0.5247699193402526,1.0,-1.0,0.0249947929684206,1.0249947929684209,9
2023-24,2023-11-12,0022300181,CHI,DET,1,1,1454.7352903182405,1469.5599442301595,14.82465391191919,1411.7581846417315,0.6103710804107115,11.0,11.0,0.2682711820216014,1.2682711820216013,10
2023-24,2023-11-13,0022300190,CHI,MIL,0,0,1469.5599442301595,1454.293175586795,-15.266768643364168,1492.995790669172,0.4166881685778285,9.0,-9.0,0.2212784678984439,1.221278467898444,11
2023-24,2023-11-15,0022300196,CHI,ORL,1,0,1454.293175586795,1439.0047703763505,-15.288405210445047,1499.4652159063637,0.4853654384491943,2.0,-2.0,0.0499583749578799,1.04995837495788,12
2023-24,2023-11-17,0022300033,CHI,ORL,1,0,1439.0047703763505,1423.7834761043166,-15.2212942720336,1514.7536211168087,0.441625106851906,6.0,-6.0,0.1488850336233179,1.1488850336233178,13
2023-24,2023-11-18,0022300204,CHI,MIA,1,1,1423.7834761043166,1445.456378676958,21.67290257264151,1560.6446982474322,0.3574703988725836,5.0,5.0,0.1243530017715962,1.124353001771596,14
2023-24,2023-11-20,0022300220,CHI,MIA,1,0,1445.456378676958,1427.6864728099863,-17.769905866971822,1538.9717956747909,0.4165768408154839,18.0,-18.0,0.4218990052500079,1.4218990052500078,15
2023-24,2023-11-22,0022300234,CHI,OKC,0,0,1427.6864728099863,1418.3153480121002,-9.37112479788596,1598.9390690835958,0.2337447942085228,14.0,-14.0,0.3363755443363322,1.3363755443363323,16
2023-24,2023-11-24,0022300046,CHI,TOR,0,0,1418.3153480121002,1404.6039876730829,-13.711360339017356,1492.5190109423934,0.3478219682941643,13.0,-13.0,0.3140209253469976,1.3140209253469977,17
2023-24,2023-11-26,0022300250,CHI,BKN,0,0,1404.6039876730829,1392.814173032582,-11.78981464050105,1499.121543156425,0.3217888726281176,9.0,-9.0,0.2212784678984439,1.221278467898444,18
2023-24,2023-11-28,0022300053,CHI,BOS,0,0,1392.814173032582,1384.354405481707,-8.45976755087467,1624.1320857024994,0.1775479982627845,27.0,-27.0,0.5882592563981054,1.5882592563981053,19
2023-24,2023-11-30,0022300269,CHI,MIL,1,1,1384.354405481707,1410.273072727888,25.918667246180785,1597.8104695972952,0.2636126107342181,7.0,7.0,0.1732351578346601,1.17323515783466,20
2023-24,2023-12-02,0022300285,CHI,NOP,1,1,1410.273072727888,1432.1560654006057,21.882992672717343,1541.3943719831325,0.3650947938714852,6.0,6.0,0.1488850336233179,1.1488850336233178,21
2023-24,2023-12-06,0022301211,CHI,CHA,1,1,1432.1560654006057,1448.525223432683,16.36915803207776,1418.3510847259674,0.5697776557537793,11.0,11.0,0.2682711820216014,1.2682711820216013,22
2023-24,2023-12-08,0022301223,CHI,SAS,0,1,1448.525223432683,1461.0337755038554,12.508552071172156,1299.3865366907846,0.6585940498703606,9.0,9.0,0.2212784678984439,1.221278467898444,23
2023-24,2023-12-11,0022300300,CHI,MIL,0,0,1461.0337755038554,1451.4832910718003,-9.550484432054793,1582.00336305895,0.2894959957228425,4.0,-4.0,0.0996679946249558,1.099667994624956,24
2023-24,2023-12-12,0022300307,CHI,DEN,1,0,1451.4832910718003,1436.5826740438993,-14.90061702790133,1546.2599851092089,0.4148133220000596,8.0,-8.0,0.197375320224904,1.197375320224904,25
2023-24,2023-12-14,0022300320,CHI,MIA,0,1,1436.5826740438993,1461.2888697690742,24.706195725174943,1538.7843244183384,0.3122124336493379,8.0,8.0,0.197375320224904,1.197375320224904,26
2023-24,2023-12-16,0022300337,CHI,MIA,0,0,1461.2888697690742,1449.4364279422564,-11.852441826817747,1514.0781286931635,0.3762829114469488,2.0,-2.0,0.0499583749578799,1.04995837495788,27
2023-24,2023-12-18,0022300351,CHI,PHI,0,1,1449.4364279422564,1474.8825797242978,25.446151782041305,1625.6471791571278,0.2286716867751899,4.0,4.0,0.0996679946249558,1.099667994624956,28
2023-24,2023-12-20,0022300370,CHI,LAL,1,1,1474.8825797242978,1495.5829466398998,20.700366915601883,1509.9015883726477,0.499972644356072,16.0,16.0,0.3799489622552249,1.379948962255225,29
2023-24,2023-12-21,0022300376,CHI,SAS,1,1,1495.5829466398998,1504.2946649943633,8.711718354463564,1291.219151418373,0.7986517128847306,19.0,19.0,0.4422303560457261,1.442230356045726,30
2023-24,2023-12-23,0022300396,CHI,CLE,1,0,1504.2946649943633,1484.2271433182336,-20.067521676129772,1538.915288068485,0.5005459670668561,14.0,-14.0,0.3363755443363322,1.3363755443363323,31
2023-24,2023-12-26,0022300408,CHI,ATL,1,1,1484.2271433182336,1497.0253483148683,12.798204996634702,1433.7592821781652,0.6205757155012971,5.0,5.0,0.1243530017715962,1.124353001771596,32
2023-24,2023-12-28,0022300422,CHI,IND,1,0,1497.0253483148683,1473.78663351356,-23.238714801308312,1489.1844909538288,0.5613423741732619,16.0,-16.0,0.3799489622552249,1.379948962255225,33
2023-24,2023-12-30,0022300442,CHI,PHI,1,1,1473.78663351356,1500.794264202182,27.00763068862226,1643.8305668566215,0.3148858295010213,13.0,13.0,0.3140209253469976,1.3140209253469977,34
2023-24,2024-01-02,0022300459,CHI,PHI,0,0,1500.794264202182,1489.15015761204,-11.644106590142188,1616.8229361679994,0.2953810543280172,13.0,-13.0,0.3140209253469976,1.3140209253469977,35
2023-24,2024-01-03,0022300468,CHI,NYK,0,0,1489.15015761204,1473.8703038695523,-15.279853742487647,1547.282537050747,0.3690922432743712,16.0,-16.0,0.3799489622552249,1.379948962255225,36
2023-24,2024-01-05,0022300484,CHI,CHA,1,1,1473.8703038695523,1484.345313162755,10.475009293202769,1332.298937297736,0.7342759390624722,13.0,13.0,0.3140209253469976,1.3140209253469977,37
2023-24,2024-01-08,0022300506,CHI,CHA,0,1,1484.345313162755,1495.759780301187,11.414467138432082,1321.8239280045334,0.6756982303104864,7.0,7.0,0.1732351578346601,1.17323515783466,38
2023-24,2024-01-10,0022300523,CHI,HOU,1,1,1495.759780301187,1510.9880395340638,15.22825923287682,1496.9293080698314,0.548532675862406,5.0,5.0,0.1243530017715962,1.124353001771596,39
2023-24,2024-01-12,0022300536,CHI,GSW,1,0,1510.9880395340638,1487.4506661535345,-23.53737338052952,1444.206363000343,0.6424244210531348,9.0,-9.0,0.2212784678984439,1.221278467898444,40
2023-24,2024-01-13,0022300548,CHI,SAS,0,1,1487.4506661535345,1497.5621409211303,10.111474767596196,1299.740669762588,0.7066293414434184,6.0,6.0,0.1488850336233179,1.1488850336233178,41
2023-24,2024-01-15,0022300561,CHI,CLE,0,0,1497.5621409211303,1482.521274298376,-15.040866622754422,1568.117957776347,0.3526004441295237,18.0,-18.0,0.4218990052500079,1.4218990052500078,42
2023-24,2024-01-18,0022300580,CHI,TOR,0,1,1482.521274298376,1499.4403690273086,16.91909472893264,1441.1864554957317,0.5091155269739007,6.0,6.0,0.1488850336233179,1.1488850336233178,43
2023-24,2024-01-20,0022300597,CHI,MEM,1,1,1499.4403690273086,1519.0333562609296,19.59298723362088,1466.2799915084013,0.5968513351061762,29.0,29.0,0.619996867969374,1.619996867969374,44
2023-24,2024-01-22,0022300612,CHI,PHX,0,0,1519.0333562609296,1507.2524623599056,-11.780893901024038,1573.505946487892,0.3740114586763702,2.0,-2.0,0.0499583749578799,1.04995837495788,45
2023-24,2024-01-25,0022300633,CHI,LAL,0,0,1507.2524623599056,1488.7355113464057,-18.516951013500247,1468.5013990072848,0.5053980043651556,9.0,-9.0,0.2212784678984439,1.221278467898444,46
2023-24,2024-01-28,0022300656,CHI,POR,0,1,1488.7355113464057,1500.734118454981,11.998607108575566,1333.864111733791,0.6659747670340086,8.0,8.0,0.197375320224904,1.197375320224904,47
2023-24,2024-01-30,0022300672,CHI,TOR,1,0,1500.734118454981,1473.3968372723623,-27.337281182618675,1372.961634827342,0.7184920062874761,11.0,-11.0,0.2682711820216014,1.2682711820216013,48
2023-24,2024-01-31,0022300674,CHI,CHA,0,1,1473.3968372723623,1482.3961021381226,8.999264865760306,1252.773789176071,0.7443176727852387,7.0,7.0,0.1732351578346601,1.17323515783466,49
2023-24,2024-02-03,0022300700,CHI,SAC,1,0,1482.3961021381226,1466.4317379985105,-15.964364139612195,1556.1726450371164,0.4444266240767792,8.0,-8.0,0.197375320224904,1.197375320224904,50
2023-24,2024-02-06,0022300723,CHI,MIN,1,1,1466.4317379985105,1489.4891102750955,23.057372276585017,1623.6539091625866,0.3310217703313216,6.0,6.0,0.1488850336233179,1.1488850336233178,51
2023-24,2024-02-08,0022300737,CHI,MEM,0,1,1489.4891102750955,1505.7274236784542,16.2383134033586,1421.0694357372645,0.5479469934760154,8.0,8.0,0.197375320224904,1.197375320224904,52
2023-24,2024-02-10,0022300752,CHI,ORL,0,0,1505.7274236784542,1490.27721406017,-15.450209618284124,1506.8044594499245,0.4482667736143489,6.0,-6.0,0.1488850336233179,1.1488850336233178,53
2023-24,2024-02-12,0022300763,CHI,ATL,0,1,1490.27721406017,1510.5027019397812,20.225487879611148,1484.214289136714,0.4584522268959738,10.0,10.0,0.2449186624037091,1.2449186624037092,54
2023-24,2024-02-14,0022300781,CHI,CLE,0,0,1510.5027019397812,1503.2414153518744,-7.261286587906954,1690.165564590777,0.2251855645537793,3.0,-3.0,0.074859690687499,1.0748596906874992,55
2023-24,2024-02-22,0022300797,CHI,BOS,1,0,1503.2414153518744,1492.5229464530703,-10.71846889880418,1724.4923855083828,0.2549950425630185,17.0,-17.0,0.4011342849479459,1.401134284947946,56
2023-24,2024-02-25,0022300823,CHI,NOP,0,1,1492.5229464530703,1517.177969059171,24.6550226061005,1593.5735552925694,0.3136370250928081,8.0,8.0,0.197375320224904,1.197375320224904,57
2023-24,2024-02-27,0022300839,CHI,DET,1,0,1517.177969059171,1485.4773259577144,-31.700643101456524,1252.4752946797985,0.8488009179182948,10.0,-10.0,0.2449186624037091,1.2449186624037092,58
2023-24,2024-02-28,0022300846,CHI,CLE,1,1,1485.4773259577144,1510.73072078335,25.25339482563561,1658.872641867179,0.3107388284919917,9.0,9.0,0.2212784678984439,1.221278467898444,59
2023-24,2024-03-01,0022300864,CHI,MIL,1,0,1510.73072078335,1492.1082576698368,-18.622463113513355,1580.7068972401507,0.4498345862269913,16.0,-16.0,0.3799489622552249,1.379948962255225,60
2023-24,2024-03-04,0022300883,CHI,SAC,0,1,1492.1082576698368,1513.646427272196,21.538169602359268,1566.8412073492495,0.3471311429863306,4.0,4.0,0.0996679946249558,1.099667994624956,61
2023-24,2024-03-06,0022300898,CHI,UTA,0,1,1513.646427272196,1526.9489919566604,13.302564684464327,1424.228426636335,0.5776796172198104,2.0,2.0,0.0499583749578799,1.04995837495788,62
2023-24,2024-03-07,0022300907,CHI,GSW,0,1,1526.9489919566604,1548.8754446156377,21.926452658977382,1622.875606134644,0.3200212440455728,3.0,3.0,0.074859690687499,1.0748596906874992,63
2023-24,2024-03-09,0022300917,CHI,LAC,0,0,1548.8754446156377,1536.0358965809962,-12.83954803464142,1626.1787826310856,0.3437854595750754,10.0,-10.0,0.2449186624037091,1.2449186624037092,64
2023-24,2024-03-11,0022300935,CHI,DAL,1,0,1536.0358965809962,1508.5608617613311,-27.475034819665144,1544.9352606390926,0.5374913327786108,35.0,-35.0,0.703905603936621,1.703905603936621,65
2023-24,2024-03-13,0022300948,CHI,IND,0,1,1508.5608617613311,1529.1308050084644,20.569943247133335,1571.938733956579,0.3620890420908041,3.0,3.0,0.074859690687499,1.0748596906874992,66
2023-24,2024-03-14,0022300956,CHI,LAC,1,0,1529.1308050084644,1510.378745506153,-18.75205950231113,1591.869726393768,0.4601650867702038,15.0,-15.0,0.3583573983507859,1.358357398350786,67
2023-24,2024-03-16,0022300971,CHI,WAS,1,1,1510.378745506153,1517.3144571586042,6.9357116524509195,1233.909961730291,0.8572896077849693,29.0,29.0,0.619996867969374,1.619996867969374,68
2023-24,2024-03-18,0022300986,CHI,POR,1,1,1517.3144571586042,1524.4114303814058,7.096973222801687,1332.5366961011823,0.7799100885976309,3.0,3.0,0.074859690687499,1.0748596906874992,69
2023-24,2024-03-21,0022301006,CHI,HOU,0,0,1524.4114303814058,1507.6701916211637,-16.74123876024208,1525.4965795663832,0.4482552224983069,10.0,-10.0,0.2449186624037091,1.2449186624037092,70
2023-24,2024-03-23,0022301023,CHI,BOS,1,0,1507.6701916211637,1500.091948310389,-7.578243310774817,1784.3911404928276,0.1991751558657256,11.0,-11.0,0.2682711820216014,1.2682711820216013,71
2023-24,2024-03-25,0022301037,CHI,WAS,1,0,1500.091948310389,1474.0588737940134,-26.03307451637566,1263.939340416857,0.8264795740885125,2.0,-2.0,0.0499583749578799,1.04995837495788,72
2023-24,2024-03-27,0022301054,CHI,IND,1,1,1474.0588737940134,1502.6161658586684,28.557292064655005,1583.607699379798,0.394332298746143,26.0,26.0,0.5716699660851172,1.5716699660851172,73
2023-24,2024-03-29,0022301066,CHI,BKN,0,0,1502.6161658586684,1476.3895398746292,-26.226625984039114,1379.6634021321158,0.6239379590708649,17.0,-17.0,0.4011342849479459,1.401134284947946,74
2023-24,2024-03-31,0022301084,CHI,MIN,0,1,1476.3895398746292,1504.953489254215,28.56394937958558,1677.0292142490846,0.2048177126221824,8.0,8.0,0.197375320224904,1.197375320224904,75
2023-24,2024-04-01,0022301091,CHI,ATL,1,0,1504.953489254215,1483.1244992726222,-21.82898998159272,1495.6014656107138,0.5634832281278456,12.0,-12.0,0.2913126124515909,1.2913126124515908,76
2023-24,2024-04-05,0022301119,CHI,NYK,1,1,1483.1244992726222,1503.1806617121852,20.05616243956287,1558.84654011178,0.4416631638441847,8.0,8.0,0.197375320224904,1.197375320224904,77
2023-24,2024-04-07,0022301136,CHI,ORL,0,0,1503.1806617121852,1486.735316934867,-16.44534477731839,1536.0444145007193,0.4035595933069621,15.0,-15.0,0.3583573983507859,1.358357398350786,78
2023-24,2024-04-09,0022301149,CHI,NYK,1,0,1486.735316934867,1469.750932788044,-16.98438414682278,1559.1296828163368,0.4463920226626921,11.0,-11.0,0.2682711820216014,1.2682711820216013,79
2023-24,2024-04-11,0022301166,CHI,DET,0,1,1469.750932788044,1480.7543126056564,11.003379817612592,1238.707349403454,0.7555652203026189,22.0,22.0,0.5005202111902353,1.5005202111902354,80
2023-24,2024-04-12,0022301172,CHI,WAS,0,1,1480.7543126056564,1487.9725470033122,7.218234397655717,1235.023534050799,0.7708406171198523,2.0,2.0,0.0499583749578799,1.04995837495788,81
2023-24,2024-04-14,0022301190,CHI,NYK,0,0,1487.9725470033122,1479.1532441116294,-8.819302891682815,1611.218580984703,0.2868080550972623,1.0,-1.0,0.0249947929684206,1.0249947929684209,82
2023-24,2023-10-25,0022300067,CLE,BKN,0,1,1500.0,1516.918544165384,16.91854416538404,1500.0,0.449800646746463,1.0,1.0,0.0249947929684206,1.0249947929684209,1
2023-24,2023-10-27,0022300081,CLE,OKC,1,0,1516.918544165384,1499.509021971695,-17.40952219368908,1524.1336774291608,0.5399006135257723,3.0,-3.0,0.074859690687499,1.0748596906874992,2
2023-24,2023-10-28,0022300091,CLE,IND,1,0,1499.509021971695,1479.3586190725252,-20.150402899169706,1520.4977100992826,0.5201529747036141,12.0,-12.0,0.2913126124515909,1.2913126124515908,3
2023-24,2023-10-31,0022300112,CLE,NYK,1,0,1479.3586190725252,1456.2576131977496,-23.101005874775527,1485.4179570063066,0.5415528995491433,18.0,-18.0,0.4218990052500079,1.4218990052500078,4
2023-24,2023-11-01,0022300120,CLE,NYK,0,1,1456.2576131977496,1477.7303989484278,21.472785750678145,1508.5189628810822,0.3769963886070787,6.0,6.0,0.1488850336233179,1.1488850336233178,5
2023-24,2023-11-03,0022300001,CLE,IND,0,0,1477.7303989484278,1463.427244965467,-14.303153982960756,1495.9238686960618,0.4240410250880245,5.0,-5.0,0.1243530017715962,1.124353001771596,6
2023-24,2023-11-05,0022300142,CLE,GSW,1,1,1463.427244965467,1486.6912241071389,23.263979141671932,1577.1822265329824,0.3885645417307475,11.0,11.0,0.2682711820216014,1.2682711820216013,7
2023-24,2023-11-08,0022300167,CLE,OKC,0,0,1486.6912241071389,1472.0347802557933,-14.656443851345635,1516.3444303651308,0.4080158661416401,8.0,-8.0,0.197375320224904,1.197375320224904,8
2023-24,2023-11-11,0022300176,CLE,GSW,0,1,1472.0347802557933,1495.9112522580467,23.87647200225345,1555.9031840653,0.3353108364337894,8.0,8.0,0.197375320224904,1.197375320224904,9
2023-24,2023-11-13,0022300191,CLE,SAC,0,0,1495.9112522580467,1478.42803609512,-17.483216162926816,1494.8566636119156,0.4513034771581369,12.0,-12.0,0.2913126124515909,1.2913126124515908,10
2023-24,2023-11-15,0022300199,CLE,POR,0,1,1478.42803609512,1497.4662423646605,19.038206269540566,1425.9523554744433,0.525128338107602,14.0,14.0,0.3363755443363322,1.3363755443363323,11
2023-24,2023-11-17,0022300030,CLE,DET,1,1,1497.4662423646605,1508.194403190785,10.728160826124087,1384.1637167241165,0.7013422985838446,8.0,8.0,0.197375320224904,1.197375320224904,12
2023-24,2023-11-19,0022300210,CLE,DEN,1,1,1508.194403190785,1529.5708558671863,21.37645267640173,1579.319495573483,0.448198355939595,12.0,12.0,0.2913126124515909,1.2913126124515908,13
2023-24,2023-11-21,0022300040,CLE,PHI,0,1,1529.5708558671863,1550.6370971566073,21.066241289421036,1604.6359573323812,0.3466979466579897,3.0,3.0,0.074859690687499,1.0748596906874992,14
2023-24,2023-11-22,0022300229,CLE,MIA,1,0,1550.6370971566073,1523.3821206060893,-27.254976550517977,1556.7417015417625,0.5414882051084292,33.0,-33.0,0.6777821008468294,1.6777821008468294,15
2023-24,2023-11-25,0022300242,CLE,LAL,1,0,1523.3821206060893,1504.232619287465,-19.149501318624317,1519.5891815960672,0.5555966802071634,6.0,-6.0,0.1488850336233179,1.1488850336233178,16
2023-24,2023-11-26,0022300251,CLE,TOR,1,1,1504.232619287465,1518.8286208598197,14.596001572354623,1506.2303712814107,0.5473517241734511,3.0,3.0,0.074859690687499,1.0748596906874992,17
2023-24,2023-11-28,0022300055,CLE,ATL,1,1,1518.8286208598197,1538.2608658306117,19.43224497079187,1502.3261448805165,0.5735798626645705,23.0,23.0,0.5190218338982221,1.519021833898222,18
2023-24,2023-11-30,0022300265,CLE,POR,1,0,1538.2608658306117,1512.1420930145975,-26.11877281601396,1403.0142649815125,0.7271118302073141,8.0,-8.0,0.197375320224904,1.197375320224904,19
2023-24,2023-12-02,0022300283,CLE,DET,0,1,1512.1420930145975,1521.687147147078,9.545054132480251,1295.908689560133,0.7394791773982765,9.0,9.0,0.2212784678984439,1.221278467898444,20
2023-24,2023-12-06,0022301205,CLE,ORL,1,1,1521.687147147078,1542.465518924512,20.77837177743415,1596.0112609511625,0.4436484780107393,10.0,10.0,0.2449186624037091,1.2449186624037092,21
2023-24,2023-12-08,0022301220,CLE,MIA,0,1,1542.465518924512,1563.4064190400336,20.94090011552146,1535.710508080636,0.4594415038466269,12.0,12.0,0.2913126124515909,1.2913126124515908,22
2023-24,2023-12-11,0022300294,CLE,ORL,0,0,1563.4064190400336,1547.5615439439252,-15.84487509610832,1581.447966354082,0.4242546273535862,10.0,-10.0,0.2449186624037091,1.2449186624037092,23
2023-24,2023-12-12,0022300305,CLE,BOS,0,0,1547.5615439439252,1535.9629037072127,-11.598640236712573,1635.9518428550546,0.3295343978076027,7.0,-7.0,0.1732351578346601,1.17323515783466,24
2023-24,2023-12-14,0022300319,CLE,BOS,0,0,1535.9629037072127,1524.9446657996134,-11.018237907599383,1647.550483091767,0.3007296096458489,9.0,-9.0,0.2212784678984439,1.221278467898444,25
2023-24,2023-12-16,0022300336,CLE,ATL,1,1,1524.9446657996134,1537.3468144916922,12.402148692078775,1448.775079268849,0.6547407070951022,8.0,8.0,0.197375320224904,1.197375320224904,26
2023-24,2023-12-18,0022300349,CLE,HOU,1,1,1537.3468144916922,1553.0996537686217,15.752839276929514,1549.396209074784,0.5329806193099966,5.0,5.0,0.1243530017715962,1.124353001771596,27
2023-24,2023-12-20,0022300364,CLE,UTA,1,1,1553.0996537686217,1563.4328741216125,10.33322035299066,1430.57912673335,0.7123369150716039,8.0,8.0,0.197375320224904,1.197375320224904,28
2023-24,2023-12-21,0022300375,CLE,NOP,1,0,1563.4328741216125,1538.915288068485,-24.517586053126944,1551.8360422357375,0.5666590395991178,19.0,-19.0,0.4422303560457261,1.442230356045726,29
2023-24,2023-12-23,0022300396,CLE,CHI,0,1,1538.915288068485,1558.982809744615,20.067521676129772,1504.2946649943633,0.4994540329331439,14.0,14.0,0.3363755443363322,1.3363755443363323,30
2023-24,2023-12-27,0022300420,CLE,DAL,0,1,1558.982809744615,1575.0495837029864,16.06677395837146,1522.773433236308,0.5017404256706637,3.0,3.0,0.074859690687499,1.0748596906874992,31
2023-24,2023-12-29,0022300433,CLE,MIL,1,0,1575.0495837029864,1559.4091922548157,-15.64039144817064,1655.185153067386,0.4354076560620633,8.0,-8.0,0.197375320224904,1.197375320224904,32
2023-24,2024-01-01,0022300452,CLE,TOR,0,0,1559.4091922548157,1537.4819939098393,-21.927198344976365,1393.4641168136495,0.6800018810191975,3.0,-3.0,0.074859690687499,1.0748596906874992,33
2023-24,2024-01-03,0022300465,CLE,WAS,1,1,1537.4819939098393,1547.0414415257596,9.559447615920266,1311.399681569382,0.8180081808274128,39.0,39.0,0.7508932836251672,1.7508932836251672,34
2023-24,2024-01-05,0022300482,CLE,WAS,1,1,1547.0414415257596,1554.7041091778967,7.6626676521370305,1301.8402339534616,0.8338230200538739,24.0,24.0,0.5370495669980352,1.5370495669980353,35
2023-24,2024-01-07,0022300497,CLE,SAS,1,1,1554.7041091778967,1558.7530932701227,4.0489840922259335,1257.2270714245567,0.8714557266015946,2.0,2.0,0.0499583749578799,1.04995837495788,36
2023-24,2024-01-11,0022300527,CLE,BKN,1,1,1558.7530932701227,1568.117957776347,9.364864506224515,1408.0574094944593,0.7443972374747199,9.0,9.0,0.2212784678984439,1.221278467898444,37
2023-24,2024-01-15,0022300561,CLE,CHI,1,1,1568.117957776347,1583.1588243991016,15.040866622754422,1497.5621409211303,0.6473995558704763,18.0,18.0,0.4218990052500079,1.4218990052500078,38
2023-24,2024-01-17,0022300572,CLE,MIL,1,1,1583.1588243991016,1610.5446516473812,27.38582724827961,1630.8121821162524,0.4817984010734253,40.0,40.0,0.7615941559557649,1.7615941559557649,39
2023-24,2024-01-20,0022300595,CLE,ATL,0,1,1610.5446516473812,1624.9222283686677,14.37757672128654,1447.3718133058558,0.6765194407198918,21.0,21.0,0.4815497983643079,1.481549798364308,40
2023-24,2024-01-22,0022300607,CLE,ORL,0,1,1624.9222283686677,1643.0577372301414,18.135508861473703,1505.333087415662,0.6193839515721996,27.0,27.0,0.5882592563981054,1.5882592563981053,41
2023-24,2024-01-24,0022300624,CLE,MIL,0,0,1643.0577372301414,1624.5414005007244,-18.51633672941697,1610.987121055636,0.4957843776895251,10.0,-10.0,0.2449186624037091,1.2449186624037092,42
2023-24,2024-01-26,0022300639,CLE,MIL,0,1,1624.5414005007244,1646.1292191957027,21.587818694978345,1629.503457785053,0.4427422534554895,12.0,12.0,0.2913126124515909,1.2913126124515908,43
2023-24,2024-01-29,0022300658,CLE,LAC,1,1,1646.1292191957027,1666.5514630321825,20.42224383647986,1713.7558874028257,0.4531839856094625,10.0,10.0,0.2449186624037091,1.2449186624037092,44
2023-24,2024-01-31,0022300675,CLE,DET,1,1,1666.5514630321825,1668.7916217412476,2.2401587090650095,1234.4844574826675,0.9363538021596204,7.0,7.0,0.1732351578346601,1.17323515783466,45
2023-24,2024-02-01,0022300687,CLE,MEM,0,1,1668.7916217412476,1678.6996290298896,9.908007288642017,1471.0131602047322,0.7184989663700958,7.0,7.0,0.1732351578346601,1.17323515783466,46
2023-24,2024-02-03,0022300703,CLE,SAS,0,1,1678.6996290298896,1683.279750590332,4.58012156044251,1281.6247148738994,0.8893649527212151,16.0,16.0,0.3799489622552249,1.379948962255225,47
2023-24,2024-02-05,0022300714,CLE,SAC,1,1,1683.279750590332,1697.484584329599,14.204833739267029,1572.1370091767285,0.6987316242003415,26.0,26.0,0.5716699660851172,1.5716699660851172,48
2023-24,2024-02-07,0022300728,CLE,WAS,0,1,1697.484584329599,1700.7540148848016,3.269430555202489,1262.7104255363267,0.9089834100753976,8.0,8.0,0.197375320224904,1.197375320224904,49
2023-24,2024-02-08,0022300735,CLE,BKN,0,1,1700.7540148848016,1709.1865783892583,8.432563504456692,1408.2100302626382,0.8149562804984739,23.0,23.0,0.5190218338982221,1.519021833898222,50
2023-24,2024-02-10,0022300756,CLE,TOR,0,1,1709.1865783892583,1716.8937398299115,7.707161440653274,1395.192303768494,0.8328581023858175,24.0,24.0,0.5370495669980352,1.5370495669980353,51
2023-24,2024-02-12,0022300762,CLE,PHI,1,0,1716.8937398299115,1690.165564590777,-26.728175239134597,1452.5343437625293,0.8485471385220968,2.0,-2.0,0.0499583749578799,1.04995837495788,52
2023-24,2024-02-14,0022300781,CLE,CHI,1,1,1690.165564590777,1697.4268511786838,7.261286587906954,1510.5027019397812,0.7748144354462206,3.0,3.0,0.074859690687499,1.0748596906874992,53
2023-24,2024-02-22,0022300792,CLE,ORL,1,0,1697.4268511786838,1670.584313924419,-26.842537254265252,1529.665974191868,0.7626358925862806,7.0,-7.0,0.1732351578346601,1.17323515783466,54
2023-24,2024-02-23,0022300805,CLE,PHI,0,0,1670.584313924419,1644.2310568737,-26.35325705071861,1445.9061141978532,0.7487347236609289,7.0,-7.0,0.1732351578346601,1.17323515783466,55
2023-24,2024-02-25,0022300820,CLE,WAS,0,1,1644.2310568737,1647.9798788740093,3.7488220003093415,1231.9659071615206,0.8976803926145729,9.0,9.0,0.2212784678984439,1.221278467898444,56
2023-24,2024-02-27,0022300832,CLE,DAL,1,1,1647.9798788740093,1658.872641867179,10.892762993169825,1572.237721397987,0.6541842910802124,2.0,2.0,0.0499583749578799,1.04995837495788,57
2023-24,2024-02-28,0022300846,CLE,CHI,0,0,1658.872641867179,1633.6192470415435,-25.25339482563561,1485.4773259577144,0.6892611715080084,9.0,-9.0,0.2212784678984439,1.221278467898444,58
2023-24,2024-03-01,0022300857,CLE,DET,0,1,1633.6192470415435,1638.8713713931745,5.252124351631043,1284.175937781255,0.8593716866746899,10.0,10.0,0.2449186624037091,1.2449186624037092,59
2023-24,2024-03-03,0022300876,CLE,NYK,1,0,1638.8713713931745,1612.9497434569032,-25.921627936271225,1520.43131474725,0.7074997940717195,9.0,-9.0,0.2212784678984439,1.221278467898444,60
2023-24,2024-03-05,0022300886,CLE,BOS,1,1,1612.9497434569032,1633.856474337931,20.90673088102779,1778.811208279594,0.3201028589136806,1.0,1.0,0.0249947929684206,1.0249947929684209,61
2023-24,2024-03-06,0022300895,CLE,ATL,0,0,1633.856474337931,1606.961293400938,-26.895180936992993,1445.9426587472074,0.7068725079789997,11.0,-11.0,0.2682711820216014,1.2682711820216013,62
2023-24,2024-03-08,0022300911,CLE,MIN,1,1,1606.961293400938,1624.8347482504728,17.87345484953478,1633.5062022101108,0.5121654528610189,9.0,9.0,0.2212784678984439,1.221278467898444,63
2023-24,2024-03-10,0022300930,CLE,BKN,1,0,1624.8347482504728,1588.6562264784109,-36.17852177206192,1376.673436036594,0.8361706718210018,19.0,-19.0,0.4422303560457261,1.442230356045726,64
2023-24,2024-03-11,0022300934,CLE,PHX,1,0,1588.6562264784109,1568.709922739788,-19.94630373862281,1568.5008601025263,0.5787148163907743,6.0,-6.0,0.1488850336233179,1.1488850336233178,65
2023-24,2024-03-13,0022300951,CLE,NOP,0,1,1568.709922739788,1597.2764892886469,28.56656654885886,1635.7137357338308,0.3572818908866574,21.0,21.0,0.4815497983643079,1.481549798364308,66
2023-24,2024-03-16,0022300967,CLE,HOU,0,0,1597.2764892886469,1573.2902513959136,-23.986237892733143,1493.0762330329462,0.5982908520584841,14.0,-14.0,0.3363755443363322,1.3363755443363323,67
2023-24,2024-03-18,0022300983,CLE,IND,0,1,1573.2902513959136,1591.343636624681,18.053385228767382,1562.806258147364,0.4647770702996474,5.0,5.0,0.1243530017715962,1.124353001771596,68
2023-24,2024-03-20,0022300996,CLE,MIA,1,0,1591.343636624681,1570.223574789121,-21.120061835560453,1514.9969515550383,0.6549711253336297,3.0,-3.0,0.074859690687499,1.0748596906874992,69
2023-24,2024-03-22,0022301014,CLE,MIN,0,0,1570.223574789121,1555.4921538362012,-14.7314209529195,1624.9285739109143,0.3736982841179977,13.0,-13.0,0.3140209253469976,1.3140209253469977,70
2023-24,2024-03-24,0022301029,CLE,MIA,0,0,1555.4921538362012,1529.24901667702,-26.24313715918101,1516.2122990055125,0.5061588946878417,37.0,-37.0,0.7282542059818115,1.7282542059818111,71
2023-24,2024-03-25,0022301033,CLE,CHA,1,1,1529.24901667702,1536.100866900901,6.851850223881271,1263.4033840399852,0.849643367615997,23.0,23.0,0.5190218338982221,1.519021833898222,72
2023-24,2024-03-27,0022301048,CLE,CHA,0,0,1536.100866900901,1507.8232328713757,-28.27763402952555,1256.551533816104,0.8034090989259468,7.0,-7.0,0.1732351578346601,1.17323515783466,73
2023-24,2024-03-29,0022301067,CLE,PHI,1,1,1507.8232328713757,1519.1779033670905,11.354670495714563,1436.908355854875,0.6478712339824274,3.0,3.0,0.074859690687499,1.0748596906874992,74
2023-24,2024-03-31,0022301077,CLE,DEN,0,0,1519.1779033670905,1506.1898706971444,-12.988032669945843,1659.3984825836965,0.2672439872517782,29.0,-29.0,0.619996867969374,1.619996867969374,75
2023-24,2024-04-02,0022301100,CLE,UTA,0,1,1506.1898706971444,1518.5416256516953,12.3517549545509,1322.6425346390486,0.7016373964448498,16.0,16.0,0.3799489622552249,1.379948962255225,76
2023-24,2024-04-03,0022301110,CLE,PHX,0,0,1518.5416256516953,1503.817741980776,-14.723883670919264,1605.5674534675843,0.3312721063482541,21.0,-21.0,0.4815497983643079,1.481549798364308,77
2023-24,2024-04-06,0022301127,CLE,LAL,0,0,1503.817741980776,1490.6793183959642,-13.13842358481172,1612.9913678302153,0.3036598494763427,19.0,-19.0,0.4422303560457261,1.442230356045726,78
2023-24,2024-04-07,0022301132,CLE,LAC,0,0,1490.6793183959642,1480.1565618281331,-10.522756567831127,1575.5165346434187,0.334069007521473,2.0,-2.0,0.0499583749578799,1.04995837495788,79
2023-24,2024-04-10,0022301158,CLE,MEM,1,1,1480.1565618281331,1490.159658768136,10.003096940002967,1331.8381255200766,0.7417847843724475,12.0,12.0,0.2913126124515909,1.2913126124515908,80
2023-24,2024-04-12,0022301174,CLE,IND,1,1,1490.159658768136,1512.6482143675646,22.48855559942863,1605.6441823418447,0.3862018043510702,9.0,9.0,0.2212784678984439,1.221278467898444,81
2023-24,2024-04-14,0022301187,CLE,CHA,1,0,1512.6482143675646,1482.2606601331918,-30.38755423437275,1291.6137521418784,0.8136422925200046,10.0,-10.0,0.2449186624037091,1.2449186624037092,82
2023-24,2023-10-25,0022300073,DAL,SAS,0,1,1500.0,1519.3653967516482,19.365396751648237,1500.0,0.449800646746463,7.0,7.0,0.1732351578346601,1.17323515783466,1
2023-24,2023-10-27,0022300084,DAL,BKN,1,1,1519.3653967516482,1532.8181610774018,13.452764325753565,1483.081455834616,0.601170204714575,5.0,5.0,0.1243530017715962,1.124353001771596,2
2023-24,2023-10-30,0022300106,DAL,MEM,0,1,1532.8181610774018,1550.35819492803,17.540033850628244,1449.1551256836349,0.5695773470731631,15.0,15.0,0.3583573983507859,1.358357398350786,3
2023-24,2023-11-01,0022300124,DAL,CHI,1,1,1550.35819492803,1564.0883271981186,13.730132270088458,1496.431531863273,0.6252524811502096,9.0,9.0,0.2212784678984439,1.221278467898444,4
2023-24,2023-11-03,0022300006,DAL,DEN,0,0,1564.0883271981186,1546.1167014921205,-17.97162570599812,1548.3286668615788,0.4723391958217137,11.0,-11.0,0.2682711820216014,1.2682711820216013,5
2023-24,2023-11-05,0022300143,DAL,CHA,1,1,1546.1167014921205,1558.0905092759303,11.973807783809823,1471.592644172163,0.6525962873167213,6.0,6.0,0.1488850336233179,1.1488850336233178,6
2023-24,2023-11-06,0022300147,DAL,ORL,0,1,1558.0905092759303,1579.395592518163,21.305083242232808,1538.9549184404375,0.4771851338462219,15.0,15.0,0.3583573983507859,1.358357398350786,7
2023-24,2023-11-08,0022300168,DAL,TOR,1,0,1579.395592518163,1553.639385077366,-25.756207440797283,1485.8908301841916,0.6769374406647626,11.0,-11.0,0.2682711820216014,1.2682711820216013,8
2023-24,2023-11-10,0022300014,DAL,LAC,1,1,1553.639385077366,1568.967773974463,15.32838889709702,1488.1911547247464,0.6406592207439777,18.0,18.0,0.4218990052500079,1.4218990052500078,9
2023-24,2023-11-12,0022300183,DAL,NOP,0,1,1568.967773974463,1584.8999538174644,15.93217984300138,1471.6490768149542,0.5887342411802794,12.0,12.0,0.2913126124515909,1.2913126124515908,10
2023-24,2023-11-14,0022300022,DAL,NOP,0,0,1584.8999538174644,1556.7957673165934,-28.104186500871048,1455.7168969719528,0.6323150377597664,21.0,-21.0,0.4815497983643079,1.481549798364308,11
2023-24,2023-11-15,0022300192,DAL,WAS,0,1,1556.7957673165934,1570.316926075954,13.521158759360752,1408.8849881080484,0.6570029568899958,13.0,13.0,0.3140209253469976,1.3140209253469977,12
2023-24,2023-11-18,0022300205,DAL,MIL,0,0,1570.316926075954,1553.4950013408663,-16.821924735087904,1550.6588199907353,0.4779355790341496,7.0,-7.0,0.1732351578346601,1.17323515783466,13
2023-24,2023-11-19,0022300212,DAL,SAC,1,0,1553.4950013408663,1530.406791499226,-23.088209841640257,1548.2166922025394,0.5577068542184251,16.0,-16.0,0.3799489622552249,1.379948962255225,14
2023-24,2023-11-22,0022300238,DAL,LAL,0,1,1530.406791499226,1548.4810105295765,18.0742190303504,1537.6634006264176,0.4394859413762239,3.0,3.0,0.074859690687499,1.0748596906874992,15
2023-24,2023-11-25,0022300244,DAL,LAC,0,0,1548.4810105295765,1524.6140553253288,-23.866955204247702,1477.4824966251256,0.5516214314446866,19.0,-19.0,0.4422303560457261,1.442230356045726,16
2023-24,2023-11-28,0022300059,DAL,HOU,1,1,1524.6140553253288,1540.8011407406436,16.187085415314865,1538.496120748521,0.5303537794881431,6.0,6.0,0.1488850336233179,1.1488850336233178,17
2023-24,2023-12-01,0022300277,DAL,MEM,1,0,1540.8011407406436,1511.0344597762785,-29.76668096436505,1391.8580234149292,0.7424729545652705,14.0,-14.0,0.3363755443363322,1.3363755443363323,18
2023-24,2023-12-02,0022300287,DAL,OKC,1,0,1511.0344597762785,1496.0965483695986,-14.9379114066798,1592.5873042745673,0.4334031392612912,6.0,-6.0,0.1488850336233179,1.1488850336233178,19
2023-24,2023-12-06,0022301213,DAL,UTA,1,1,1496.0965483695986,1514.9422234184883,18.845675048889593,1415.775342126114,0.6601229623442644,50.0,50.0,0.8482836399575129,1.8482836399575129,20
2023-24,2023-12-08,0022301226,DAL,POR,0,1,1514.9422234184883,1530.2181801781574,15.275956759669008,1400.4170747682983,0.6124882421326983,13.0,13.0,0.3140209253469976,1.3140209253469977,21
2023-24,2023-12-11,0022300299,DAL,MEM,0,1,1530.2181801781574,1543.7988516441897,13.580671466032344,1414.4734646577824,0.6141531850245314,7.0,7.0,0.1732351578346601,1.17323515783466,22
2023-24,2023-12-12,0022300306,DAL,LAL,1,1,1543.7988516441897,1559.1184062759935,15.31955463180404,1569.3145264207326,0.5136456518282262,2.0,2.0,0.0499583749578799,1.04995837495788,23
2023-24,2023-12-14,0022300321,DAL,MIN,1,0,1559.1184062759935,1540.1272428259003,-18.991163450093406,1632.346302854913,0.4452065718679331,18.0,-18.0,0.4218990052500079,1.4218990052500078,24
2023-24,2023-12-16,0022300341,DAL,POR,0,1,1540.1272428259003,1551.5442578851355,11.41701505923517,1357.9924971508467,0.6999323377871323,11.0,11.0,0.2682711820216014,1.2682711820216013,25
2023-24,2023-12-18,0022300356,DAL,DEN,0,0,1551.5442578851355,1531.2169190386228,-20.32733884651276,1564.7134335718983,0.431119749166047,26.0,-26.0,0.5716699660851172,1.5716699660851172,26
2023-24,2023-12-20,0022300372,DAL,LAC,1,0,1531.2169190386228,1515.670813270046,-15.546105768576831,1619.2174216287092,0.4243123409118511,9.0,-9.0,0.2212784678984439,1.221278467898444,27
2023-24,2023-12-22,0022300385,DAL,HOU,0,0,1515.670813270046,1494.079442990663,-21.59137027938289,1509.9744303709358,0.4579284189280733,26.0,-26.0,0.5716699660851172,1.5716699660851172,28
2023-24,2023-12-23,0022300398,DAL,SAS,1,1,1494.079442990663,1503.1625832952298,9.083140304566786,1282.5074330639095,0.8052416071270116,25.0,25.0,0.5545997223493823,1.5545997223493822,29
2023-24,2023-12-25,0022300405,DAL,PHX,0,1,1503.1625832952298,1522.773433236308,19.610849941078133,1460.6256370872472,0.5108448363887307,14.0,14.0,0.3363755443363322,1.3363755443363323,30
2023-24,2023-12-27,0022300420,DAL,CLE,1,0,1522.773433236308,1506.7066592779363,-16.06677395837146,1558.982809744615,0.4982595743293362,3.0,-3.0,0.074859690687499,1.0748596906874992,31
2023-24,2023-12-28,0022300423,DAL,MIN,0,0,1506.7066592779363,1497.3383745705469,-9.368284707389616,1652.6879009626298,0.2608005623953666,8.0,-8.0,0.197375320224904,1.197375320224904,32
2023-24,2023-12-30,0022300444,DAL,GSW,0,1,1497.3383745705469,1517.868923634457,20.530549063909984,1496.9990789261929,0.4502840578015684,10.0,10.0,0.2449186624037091,1.2449186624037092,33
2023-24,2024-01-01,0022300457,DAL,UTA,0,0,1517.868923634457,1491.165594616173,-26.70332901828399,1472.4185611525031,0.5150347467376573,37.0,-37.0,0.7282542059818115,1.7282542059818111,34
2023-24,2024-01-03,0022300472,DAL,POR,1,1,1491.165594616173,1503.3283602713095,12.162765655136528,1335.5608159118228,0.7497368483520125,29.0,29.0,0.619996867969374,1.619996867969374,35
2023-24,2024-01-05,0022300487,DAL,POR,1,1,1503.3283602713095,1514.9091005040154,11.580740232705937,1323.3980502566862,0.7750829380340796,36.0,36.0,0.7162978701990245,1.7162978701990244,36
2023-24,2024-01-07,0022300501,DAL,MIN,1,1,1514.9091005040154,1537.0342771635578,22.125176659542426,1641.328603939713,0.3713912477592592,7.0,7.0,0.1732351578346601,1.17323515783466,37
2023-24,2024-01-09,0022300515,DAL,MEM,1,0,1537.0342771635578,1509.362138823665,-27.67213833989291,1458.1018300523317,0.6583270577552331,17.0,-17.0,0.4011342849479459,1.401134284947946,38
2023-24,2024-01-11,0022300530,DAL,NYK,1,1,1509.362138823665,1528.9439995041491,19.58186068048418,1610.155799643174,0.4064311296319148,4.0,4.0,0.0996679946249558,1.099667994624956,39
2023-24,2024-01-13,0022300547,DAL,NOP,1,0,1528.9439995041491,1512.5149556240667,-16.42904388008236,1605.9114322508656,0.4398960450519419,10.0,-10.0,0.2449186624037091,1.2449186624037092,40
2023-24,2024-01-15,0022300556,DAL,NOP,1,1,1512.5149556240667,1532.9573139062518,20.442358282185083,1622.340476130948,0.3939519513303826,5.0,5.0,0.1243530017715962,1.124353001771596,41
2023-24,2024-01-17,0022300577,DAL,LAL,0,0,1532.9573139062518,1510.276067270563,-22.68124663568861,1470.387906479942,0.5395925020498956,17.0,-17.0,0.4011342849479459,1.401134284947946,42
2023-24,2024-01-22,0022300611,DAL,BOS,1,0,1510.276067270563,1499.6434237312528,-10.632643539310369,1700.6470549563871,0.2902052731022338,9.0,-9.0,0.2212784678984439,1.221278467898444,43
2023-24,2024-01-24,0022300625,DAL,PHX,1,0,1499.6434237312528,1480.1560405214618,-19.48738320979094,1585.286840388916,0.4276300878831792,23.0,-23.0,0.5190218338982221,1.519021833898222,44
2023-24,2024-01-26,0022300634,DAL,ATL,0,1,1480.1560405214618,1494.8032067158738,14.64716619441202,1399.1949656712168,0.5657601550600482,5.0,5.0,0.1243530017715962,1.124353001771596,45
2023-24,2024-01-27,0022300651,DAL,SAC,1,0,1494.8032067158738,1477.5175409161552,-17.28566579971846,1521.1415128416995,0.5124625976741632,5.0,-5.0,0.1243530017715962,1.124353001771596,46
2023-24,2024-01-29,0022300666,DAL,ORL,1,1,1477.5175409161552,1492.6246000863257,15.107059170170553,1498.339998143838,0.5203918069362644,2.0,2.0,0.0499583749578799,1.04995837495788,47
2023-24,2024-01-31,0022300680,DAL,MIN,0,0,1492.6246000863257,1478.38232127456,-14.242278811765807,1621.0614250760786,0.280735141594013,34.0,-34.0,0.6910694698329306,1.6910694698329305,48
2023-24,2024-02-03,0022300702,DAL,MIL,1,0,1478.38232127456,1463.0537975086554,-15.328523765904386,1586.949095773747,0.3956832662129423,12.0,-12.0,0.2913126124515909,1.2913126124515908,49
2023-24,2024-02-05,0022300715,DAL,PHI,0,1,1463.0537975086554,1488.7119615512995,25.658164042644028,1512.9387730359078,0.3802146614487499,16.0,16.0,0.3799489622552249,1.379948962255225,50
2023-24,2024-02-06,0022300720,DAL,BKN,0,1,1488.7119615512995,1506.5421949725478,17.83023342124829,1426.0402636838865,0.5397387833816341,12.0,12.0,0.2913126124515909,1.2913126124515908,51
2023-24,2024-02-08,0022300736,DAL,NYK,0,1,1506.5421949725478,1536.4792639961847,29.937069023636816,1659.3676672643542,0.2532770410106018,14.0,14.0,0.3363755443363322,1.3363755443363323,52
2023-24,2024-02-10,0022300748,DAL,OKC,1,1,1536.4792639961847,1566.909411203378,30.430147207193396,1638.5217039312847,0.4046981018805842,35.0,35.0,0.703905603936621,1.703905603936621,53
2023-24,2024-02-12,0022300768,DAL,WAS,1,1,1566.909411203378,1571.0361625002224,4.1267512968442945,1247.2118845096816,0.8851167430646234,8.0,8.0,0.197375320224904,1.197375320224904,54
2023-24,2024-02-14,0022300785,DAL,SAS,1,1,1571.0361625002224,1577.1923062437918,6.156143743569482,1283.4972049234811,0.8649099131605601,23.0,23.0,0.5190218338982221,1.519021833898222,55
2023-24,2024-02-22,0022300796,DAL,PHX,1,1,1577.1923062437918,1595.691784913955,18.49947867016324,1608.949244508802,0.5046670054613811,10.0,10.0,0.2449186624037091,1.2449186624037092,56
2023-24,2024-02-25,0022300819,DAL,IND,0,0,1595.691784913955,1572.237721397987,-23.45406351596801,1546.0764794363556,0.5210207175941977,22.0,-22.0,0.5005202111902353,1.5005202111902354,57
2023-24,2024-02-27,0022300832,DAL,CLE,0,0,1572.237721397987,1561.3449584048171,-10.892762993169825,1647.9798788740093,0.3458157089197876,2.0,-2.0,0.0499583749578799,1.04995837495788,58
2023-24,2024-02-28,0022300844,DAL,TOR,0,1,1561.3449584048171,1574.6111143677572,13.26615596293996,1417.7886005678818,0.6513322978293978,11.0,11.0,0.2682711820216014,1.2682711820216013,59
2023-24,2024-03-01,0022300859,DAL,BOS,0,0,1574.6111143677572,1563.746971610259,-10.864142757498332,1753.7421920685356,0.2257201229554268,28.0,-28.0,0.6043677771171634,1.6043677771171634,60
2023-24,2024-03-03,0022300871,DAL,PHI,1,0,1563.746971610259,1540.863870556472,-22.883101053786973,1456.7888743387252,0.6936366602052256,4.0,-4.0,0.0996679946249558,1.099667994624956,61
2023-24,2024-03-05,0022300892,DAL,IND,1,0,1540.863870556472,1515.9328183012346,-24.931052255237404,1510.3963044565933,0.5931159376386641,17.0,-17.0,0.4011342849479459,1.401134284947946,62
2023-24,2024-03-07,0022300904,DAL,MIA,1,1,1515.9328183012346,1535.0753119929782,19.142493691743574,1589.5827162736698,0.4446066365354655,6.0,6.0,0.1488850336233179,1.1488850336233178,63
2023-24,2024-03-09,0022300919,DAL,DET,0,1,1535.0753119929782,1544.9352606390926,9.859948646114416,1291.2914113158113,0.7688549231295845,18.0,18.0,0.4218990052500079,1.4218990052500078,64
2023-24,2024-03-11,0022300935,DAL,CHI,0,1,1544.9352606390926,1572.4102954587577,27.475034819665144,1536.0358965809962,0.4625086672213891,35.0,35.0,0.703905603936621,1.703905603936621,65
2023-24,2024-03-13,0022300952,DAL,GSW,1,1,1572.4102954587577,1589.3934996812036,16.983204222445845,1575.8698790274034,0.5452660286079949,10.0,10.0,0.2449186624037091,1.2449186624037092,66
2023-24,2024-03-14,0022300959,DAL,OKC,0,0,1589.3934996812036,1575.8216636891375,-13.571835992065823,1635.3222622105268,0.3855957861881729,7.0,-7.0,0.1732351578346601,1.17323515783466,67
2023-24,2024-03-17,0022300978,DAL,DEN,1,1,1575.8216636891375,1595.1499006879224,19.328236998784536,1691.174988893208,0.3863808490008026,2.0,2.0,0.0499583749578799,1.04995837495788,68
2023-24,2024-03-19,0022300994,DAL,SAS,0,1,1595.1499006879224,1602.4996688869664,7.349768199044071,1333.364092534728,0.7867564933552837,6.0,6.0,0.1488850336233179,1.1488850336233178,69
2023-24,2024-03-21,0022301008,DAL,UTA,1,1,1602.4996688869664,1610.4366489463596,7.936980059393245,1387.5436804862557,0.8082784152050091,16.0,16.0,0.3799489622552249,1.379948962255225,70
2023-24,2024-03-25,0022301041,DAL,UTA,0,1,1610.4366489463596,1619.1179759890188,8.681327042659175,1367.9228462793255,0.7675530323162605,10.0,10.0,0.2449186624037091,1.2449186624037092,71
2023-24,2024-03-26,0022301047,DAL,SAC,0,1,1619.1179759890188,1645.0432694737287,25.92529348471004,1586.5583535800706,0.4964880720908174,36.0,36.0,0.7162978701990245,1.7162978701990244,72
2023-24,2024-03-29,0022301073,DAL,SAC,0,1,1645.0432694737287,1659.208154112259,14.164884638530324,1560.6330600953606,0.5706314782350501,4.0,4.0,0.0996679946249558,1.099667994624956,73
2023-24,2024-03-31,0022301083,DAL,HOU,0,1,1659.208154112259,1678.534009398531,19.325855286271995,1591.4894466089595,0.546947305096539,18.0,18.0,0.4218990052500079,1.4218990052500078,74
2023-24,2024-04-02,0022300589,DAL,GSW,0,0,1678.534009398531,1659.764299992015,-18.769709406515993,1595.3148650523572,0.5689507953994618,4.0,-4.0,0.0996679946249558,1.099667994624956,75
2023-24,2024-04-04,0022301124,DAL,ATL,1,1,1659.764299992015,1670.6566024016124,10.89230240959746,1523.465199573669,0.7283123381557448,14.0,14.0,0.3363755443363322,1.3363755443363323,76
2023-24,2024-04-05,0022301097,DAL,GSW,1,1,1670.6566024016124,1683.2735404312973,12.616938029684915,1635.6207114899864,0.5994464056669213,2.0,2.0,0.0499583749578799,1.04995837495788,77
2023-24,2024-04-07,0022301131,DAL,HOU,1,1,1683.2735404312973,1692.3102111293128,9.036670698015438,1515.6490604760572,0.7624937309382276,11.0,11.0,0.2682711820216014,1.2682711820216013,78
2023-24,2024-04-09,0022301144,DAL,CHA,0,1,1692.3102111293128,1697.005860712067,4.695649582754218,1274.819197935194,0.900410610283306,26.0,26.0,0.5716699660851172,1.5716699660851172,79
2023-24,2024-04-10,0022301161,DAL,MIA,0,1,1697.005860712067,1712.3692186408928,15.363357928825767,1558.3365192657996,0.6449166883680388,19.0,19.0,0.4422303560457261,1.442230356045726,80
2023-24,2024-04-12,0022301181,DAL,DET,1,0,1712.3692186408928,1671.751864916842,-40.617353724050865,1227.7039695858416,0.9521856234533632,18.0,-18.0,0.4218990052500079,1.4218990052500078,81
2023-24,2024-04-14,0022301196,DAL,OKC,0,0,1671.751864916842,1645.085605977668,-26.666258939173748,1648.7154853943225,0.4827897676925992,49.0,-49.0,0.8411229016320433,1.8411229016320432,82
2023-24,2023-10-24,0022300061,DEN,LAL,1,1,1500.0,1517.4249974469776,17.42499744697771,1500.0,0.550199353253537,12.0,12.0,0.2913126124515909,1.2913126124515908,1
2023-24,2023-10-27,0022300078,DEN,MEM,0,1,1517.4249974469776,1533.835016497733,16.410019050755377,1480.6346032483518,0.5025765615632608,4.0,4.0,0.0996679946249558,1.099667994624956,2
2023-24,2023-10-29,0022300095,DEN,OKC,0,1,1533.835016497733,1562.0798559923926,28.24483949465968,1541.54319962285,0.4388456943563843,33.0,33.0,0.6777821008468294,1.6777821008468294,3
2023-24,2023-10-30,0022300110,DEN,UTA,1,1,1562.0798559923926,1573.9073319561503,11.82747596375785,1473.4746831843563,0.6707388300621762,8.0,8.0,0.197375320224904,1.197375320224904,4
2023-24,2023-11-01,0022300123,DEN,MIN,0,0,1573.9073319561503,1548.3286668615788,-25.57866509457173,1486.0449529895652,0.5754934263839039,21.0,-21.0,0.4815497983643079,1.481549798364308,5
2023-24,2023-11-03,0022300006,DEN,DAL,1,1,1548.3286668615788,1566.300292567577,17.97162570599812,1564.0883271981186,0.5276608041782863,11.0,11.0,0.2682711820216014,1.2682711820216013,6
2023-24,2023-11-04,0022300139,DEN,CHI,1,1,1566.300292567577,1580.4918263383663,14.191533770789317,1466.5560192073708,0.6847419167265025,22.0,22.0,0.5005202111902353,1.5005202111902354,7
2023-24,2023-11-06,0022300156,DEN,NOP,1,1,1580.4918263383663,1595.9170130872433,15.425186748876955,1516.7535649098477,0.6383900053866156,18.0,18.0,0.4218990052500079,1.4218990052500078,8
2023-24,2023-11-08,0022300169,DEN,GSW,1,1,1595.9170130872433,1609.2052679806282,13.288254893384815,1569.191438958685,0.5879073021184928,3.0,3.0,0.074859690687499,1.0748596906874992,9
2023-24,2023-11-12,0022300182,DEN,HOU,0,0,1609.2052679806282,1591.4445316368303,-17.760736343797923,1538.7889330272635,0.5507923963681202,3.0,-3.0,0.074859690687499,1.0748596906874992,10
2023-24,2023-11-14,0022300024,DEN,LAC,1,1,1591.4445316368303,1600.0578791536511,8.613347516820836,1451.1098704089795,0.7328845928621751,3.0,3.0,0.074859690687499,1.0748596906874992,11
2023-24,2023-11-17,0022300034,DEN,NOP,0,0,1600.0578791536511,1579.319495573483,-20.738383580168083,1483.8210834728238,0.6148242158673025,5.0,-5.0,0.1243530017715962,1.124353001771596,12
2023-24,2023-11-19,0022300210,DEN,CLE,0,0,1579.319495573483,1557.943042897081,-21.37645267640173,1508.194403190785,0.551801644060405,12.0,-12.0,0.2913126124515909,1.2913126124515908,13
2023-24,2023-11-20,0022300218,DEN,DET,0,1,1557.943042897081,1567.1502784348218,9.207235537740416,1358.0895193288109,0.7209086262779836,4.0,4.0,0.0996679946249558,1.099667994624956,14
2023-24,2023-11-22,0022300226,DEN,ORL,0,0,1567.1502784348218,1552.021387000192,-15.128891434629509,1568.0484773757298,0.4485213988486873,5.0,-5.0,0.1243530017715962,1.124353001771596,15
2023-24,2023-11-24,0022300048,DEN,HOU,0,0,1552.021387000192,1530.377392452202,-21.643994547990197,1516.8521262005308,0.5002435858520595,19.0,-19.0,0.4422303560457261,1.442230356045726,16
2023-24,2023-11-26,0022300252,DEN,SAS,1,1,1530.377392452202,1538.2765045727035,7.89911212050143,1328.76145624683,0.7960960538826004,12.0,12.0,0.2913126124515909,1.2913126124515908,17
2023-24,2023-11-27,0022300257,DEN,LAC,0,1,1538.2765045727035,1556.4940752509044,18.21757067820092,1501.3494518293733,0.5027732233869802,9.0,9.0,0.2212784678984439,1.221278467898444,18
2023-24,2023-11-29,0022300263,DEN,HOU,1,1,1556.4940752509044,1571.4977179462091,15.003642695304766,1522.309035333206,0.5982698000436567,10.0,10.0,0.2449186624037091,1.2449186624037092,19
2023-24,2023-12-01,0022300279,DEN,PHX,0,1,1571.4977179462091,1590.6129448009451,19.11522685473594,1558.8634183110844,0.4678575566669296,8.0,8.0,0.197375320224904,1.197375320224904,20
2023-24,2023-12-02,0022300290,DEN,SAC,0,0,1590.6129448009451,1572.4738613271509,-18.139083473794148,1537.3343406081494,0.5262807836274581,6.0,-6.0,0.1488850336233179,1.1488850336233178,21
2023-24,2023-12-06,0022301215,DEN,LAC,0,0,1572.4738613271509,1552.481362358437,-19.992498968713868,1505.6494720155722,0.5456713188739184,9.0,-9.0,0.2212784678984439,1.221278467898444,22
2023-24,2023-12-08,0022301224,DEN,HOU,1,0,1552.481362358437,1530.746976351944,-21.734386006493153,1513.3770917231293,0.6050563439153667,8.0,-8.0,0.197375320224904,1.197375320224904,23
2023-24,2023-12-11,0022300296,DEN,ATL,0,1,1530.746976351944,1546.2599851092089,15.51300875726496,1454.379643100907,0.5592526455964719,7.0,7.0,0.1732351578346601,1.17323515783466,24
2023-24,2023-12-12,0022300307,DEN,CHI,0,1,1546.2599851092089,1561.16060213711,14.90061702790133,1451.4832910718003,0.5851866779999404,8.0,8.0,0.197375320224904,1.197375320224904,25
2023-24,2023-12-14,0022300322,DEN,BKN,1,1,1561.16060213711,1581.4812302025073,20.32062806539713,1558.4307144891889,0.55408523187037,23.0,23.0,0.5190218338982221,1.519021833898222,26
2023-24,2023-12-16,0022300340,DEN,OKC,1,0,1581.4812302025073,1564.7134335718983,-16.76779663060882,1584.9191360476557,0.5452969694947977,1.0,-1.0,0.0249947929684206,1.0249947929684209,27
2023-24,2023-12-18,0022300356,DEN,DAL,1,1,1564.7134335718983,1585.040772418411,20.32733884651276,1551.5442578851355,0.568880250833953,26.0,26.0,0.5716699660851172,1.5716699660851172,28
2023-24,2023-12-20,0022300369,DEN,TOR,0,1,1585.040772418411,1597.6373644368991,12.596592018488174,1437.755480278621,0.6561911049338272,9.0,9.0,0.2212784678984439,1.221278467898444,29
2023-24,2023-12-22,0022300383,DEN,BKN,0,1,1597.6373644368991,1610.2643439382605,12.626979501361214,1473.414449106365,0.6256519829192015,5.0,5.0,0.1243530017715962,1.124353001771596,30
2023-24,2023-12-23,0022300390,DEN,CHA,0,1,1610.2643439382605,1617.53652727798,7.2721833397197715,1341.5337990149314,0.7933865945754808,7.0,7.0,0.1732351578346601,1.17323515783466,31
2023-24,2023-12-25,0022300402,DEN,GSW,1,1,1617.53652727798,1628.7806211445288,11.244093866548887,1526.54304424913,0.673767942034269,6.0,6.0,0.1488850336233179,1.1488850336233178,32
2023-24,2023-12-28,0022300425,DEN,MEM,1,1,1628.7806211445288,1641.160494278345,12.379873133816169,1462.370137963124,0.7612258449216728,37.0,37.0,0.7282542059818115,1.7282542059818111,33
2023-24,2023-12-29,0022300435,DEN,OKC,1,0,1641.160494278345,1615.316348855864,-25.84414542248095,1642.616014262518,0.5481249452316909,26.0,-26.0,0.5716699660851172,1.5716699660851172,34
2023-24,2024-01-01,0022300455,DEN,CHA,1,1,1615.316348855864,1620.5276826023628,5.211333746499004,1307.7354173572046,0.8778316010898699,18.0,18.0,0.4218990052500079,1.4218990052500078,35
2023-24,2024-01-04,0022300478,DEN,GSW,0,1,1620.5276826023628,1632.5433352184634,12.015652616100734,1495.027089166231,0.6273729889211459,3.0,3.0,0.074859690687499,1.0748596906874992,36
2023-24,2024-01-05,0022300488,DEN,ORL,1,0,1632.5433352184634,1609.9500665849032,-22.593268633560236,1505.8146928464423,0.7172750581490618,2.0,-2.0,0.0499583749578799,1.04995837495788,37
2023-24,2024-01-07,0022300502,DEN,DET,1,1,1609.9500665849032,1613.2144163509336,3.2643497660303815,1215.071859886404,0.9223403066810816,17.0,17.0,0.4011342849479459,1.401134284947946,38
2023-24,2024-01-10,0022300524,DEN,UTA,0,0,1613.2144163509336,1591.796593128763,-21.417823222170384,1548.0403509789553,0.5433151230453075,13.0,-13.0,0.3140209253469976,1.3140209253469977,39
2023-24,2024-01-12,0022300539,DEN,NOP,1,1,1591.796593128763,1611.0768064058664,19.280213277103215,1625.1916455279688,0.5023096888341333,12.0,12.0,0.2913126124515909,1.2913126124515908,40
2023-24,2024-01-14,0022300550,DEN,IND,1,1,1611.0768064058664,1627.6168993998594,16.54009299399298,1618.5400191799984,0.5395458518139982,8.0,8.0,0.197375320224904,1.197375320224904,41
2023-24,2024-01-16,0022300566,DEN,PHI,0,0,1627.6168993998594,1610.042869492182,-17.57402990767737,1578.0079156115678,0.5210116360249466,5.0,-5.0,0.1243530017715962,1.124353001771596,42
2023-24,2024-01-19,0022300586,DEN,BOS,0,1,1610.042869492182,1631.731022458018,21.688152965836075,1712.85369938783,0.3114599117097979,2.0,2.0,0.0499583749578799,1.04995837495788,43
2023-24,2024-01-21,0022300602,DEN,WAS,0,1,1631.731022458018,1636.394187393142,4.663164935124128,1262.2780844754377,0.8727244971097534,9.0,9.0,0.2212784678984439,1.221278467898444,44
2023-24,2024-01-23,0022300614,DEN,IND,0,1,1636.394187393142,1650.9179519806976,14.52376458755548,1552.8436317931046,0.5694186029751929,5.0,5.0,0.1243530017715962,1.124353001771596,45
2023-24,2024-01-25,0022300631,DEN,NYK,0,0,1650.9179519806976,1624.9983088660897,-25.919643114607933,1618.275821028877,0.496606805766722,38.0,-38.0,0.7397830512740042,1.7397830512740042,46
2023-24,2024-01-27,0022300644,DEN,PHI,1,1,1624.9983088660897,1639.2743725887306,14.276063722640886,1599.7829797787383,0.5857994692002244,6.0,6.0,0.1488850336233179,1.1488850336233178,47
2023-24,2024-01-29,0022300667,DEN,MIL,1,1,1639.2743725887306,1654.1742598842493,14.89988729551874,1626.940853547624,0.5677000784976155,6.0,6.0,0.1488850336233179,1.1488850336233178,48
2023-24,2024-01-31,0022300682,DEN,OKC,0,0,1654.1742598842493,1638.1498734494949,-16.024386434754348,1636.5118777332082,0.4750698523063306,5.0,-5.0,0.1243530017715962,1.124353001771596,49
2023-24,2024-02-02,0022300697,DEN,POR,1,1,1638.1498734494949,1644.3197871011168,6.16991365162199,1384.137259483767,0.8407327657112079,12.0,12.0,0.2913126124515909,1.2913126124515908,50
2023-24,2024-02-04,0022300712,DEN,POR,1,1,1644.3197871011168,1649.8149654536653,5.495178352548524,1377.967345832145,0.850015687194733,9.0,9.0,0.2212784678984439,1.221278467898444,51
2023-24,2024-02-08,0022300740,DEN,LAL,0,1,1649.8149654536653,1663.0998839337628,13.28491848009764,1522.2360309463772,0.6301655725457266,8.0,8.0,0.197375320224904,1.197375320224904,52
2023-24,2024-02-09,0022300746,DEN,SAC,0,0,1663.0998839337628,1631.6449165597749,-31.454967373987948,1522.678562627788,0.647222802214755,29.0,-29.0,0.619996867969374,1.619996867969374,53
2023-24,2024-02-12,0022300767,DEN,MIL,0,0,1631.6449165597749,1607.5282729769704,-24.116643582804585,1545.0280204898477,0.5737409526430117,17.0,-17.0,0.4011342849479459,1.401134284947946,54
2023-24,2024-02-14,0022300786,DEN,SAC,1,0,1607.5282729769704,1585.71700224886,-21.81127072811015,1526.413480107594,0.6611471472820585,4.0,-4.0,0.0996679946249558,1.099667994624956,55
2023-24,2024-02-22,0022300800,DEN,WAS,1,1,1585.71700224886,1590.1223389008849,4.405336652024781,1239.85383187901,0.8995671760376045,20.0,20.0,0.4621171572600097,1.4621171572600098,56
2023-24,2024-02-23,0022300812,DEN,POR,0,1,1590.1223389008849,1598.6771150376858,8.554776136800927,1324.8853235087845,0.7900705624997887,15.0,15.0,0.3583573983507859,1.358357398350786,57
2023-24,2024-02-25,0022300824,DEN,GSW,0,1,1598.6771150376858,1621.5434080820237,22.866293044337787,1600.184856243705,0.4476536531474848,16.0,16.0,0.3799489622552249,1.379948962255225,58
2023-24,2024-02-28,0022300847,DEN,SAC,1,1,1621.5434080820237,1637.742499957911,16.199091875887557,1559.9482708187777,0.6355372395903258,21.0,21.0,0.4815497983643079,1.481549798364308,59
2023-24,2024-02-29,0022300855,DEN,MIA,1,1,1637.742499957911,1650.9342609836904,13.191761025779549,1589.7174974396555,0.6172590340574001,6.0,6.0,0.1488850336233179,1.1488850336233178,60
2023-24,2024-03-02,0022300869,DEN,LAL,0,1,1650.9342609836904,1666.551913991852,15.617653008161678,1558.5574228128835,0.5818293601605837,10.0,10.0,0.2449186624037091,1.2449186624037092,61
2023-24,2024-03-05,0022300893,DEN,PHX,1,0,1666.551913991852,1640.0649006223373,-26.48701336951478,1546.6793894896723,0.709203317705732,10.0,-10.0,0.2449186624037091,1.2449186624037092,62
2023-24,2024-03-07,0022300906,DEN,BOS,1,1,1640.0649006223373,1661.3309979937103,21.26609737137292,1757.904477398566,0.3829931702187071,6.0,6.0,0.1488850336233179,1.1488850336233178,63
2023-24,2024-03-09,0022300922,DEN,UTA,1,1,1661.3309979937103,1668.5343337972445,7.203335803534222,1410.9258619518705,0.8379324179880869,21.0,21.0,0.4815497983643079,1.481549798364308,64
2023-24,2024-03-11,0022300937,DEN,TOR,1,1,1668.5343337972445,1672.741879080085,4.207545282840513,1360.8039918552838,0.877923808454797,6.0,6.0,0.1488850336233179,1.1488850336233178,65
2023-24,2024-03-13,0022300949,DEN,MIA,0,1,1672.741879080085,1686.2912419014244,13.54936282133939,1530.018053770422,0.6502431533441627,12.0,12.0,0.2913126124515909,1.2913126124515908,66
2023-24,2024-03-15,0022300965,DEN,SAS,0,1,1686.2912419014244,1691.174988893208,4.8837469917833785,1318.523707157596,0.8716429351226822,11.0,11.0,0.2682711820216014,1.2682711820216013,67
2023-24,2024-03-17,0022300978,DEN,DAL,0,0,1691.174988893208,1671.8467518944233,-19.328236998784536,1575.8216636891375,0.6136191509991973,2.0,-2.0,0.0499583749578799,1.04995837495788,68
2023-24,2024-03-19,0022300995,DEN,MIN,0,1,1671.8467518944233,1688.1742527643858,16.32750086996243,1641.2560747808768,0.4936548149362305,3.0,3.0,0.074859690687499,1.0748596906874992,69
2023-24,2024-03-21,0022301009,DEN,NYK,1,1,1688.1742527643858,1700.535566102276,12.36131333789017,1587.0733832065202,0.6864252539807442,13.0,13.0,0.3140209253469976,1.3140209253469977,70
2023-24,2024-03-23,0022301026,DEN,POR,0,1,1700.535566102276,1704.190403058774,3.654836956497985,1308.191311901107,0.8866569287085186,3.0,3.0,0.074859690687499,1.0748596906874992,71
2023-24,2024-03-25,0022301040,DEN,MEM,1,1,1704.190403058774,1708.2161649062568,4.025761847482949,1329.3159306733105,0.9136806345366074,25.0,25.0,0.5545997223493823,1.5545997223493822,72
2023-24,2024-03-27,0022301059,DEN,PHX,1,0,1708.2161649062568,1682.6972306962316,-25.5189342100252,1574.7875624929825,0.7250303868357565,7.0,-7.0,0.1732351578346601,1.17323515783466,73
2023-24,2024-03-29,0022301071,DEN,MIN,1,0,1682.6972306962316,1659.3984825836965,-23.29874811253528,1653.7304661365492,0.5910293528083835,13.0,-13.0,0.3140209253469976,1.3140209253469977,74
2023-24,2024-03-31,0022301077,DEN,CLE,1,1,1659.3984825836965,1672.386515253642,12.988032669945843,1519.1779033670905,0.7327560127482218,29.0,29.0,0.619996867969374,1.619996867969374,75
2023-24,2024-04-02,0022301099,DEN,SAS,1,1,1672.386515253642,1676.4692303802674,4.082715126625323,1362.968718464719,0.8789610522616901,5.0,5.0,0.1243530017715962,1.124353001771596,76
2023-24,2024-04-04,0022301114,DEN,LAC,0,0,1676.4692303802674,1656.5832312818748,-19.885999098392528,1548.0243270407454,0.631326586294124,2.0,-2.0,0.0499583749578799,1.04995837495788,77
2023-24,2024-04-06,0022301130,DEN,ATL,1,1,1656.5832312818748,1669.7121673387687,13.128936056893906,1512.5728971640715,0.7370062911374122,32.0,32.0,0.664036770267849,1.664036770267849,78
2023-24,2024-04-09,0022301154,DEN,UTA,0,1,1669.7121673387687,1674.9366483367276,5.224480997958817,1298.570873467353,0.8738001394529706,16.0,16.0,0.3799489622552249,1.379948962255225,79
2023-24,2024-04-10,0022301164,DEN,MIN,1,1,1674.9366483367276,1691.009467828054,16.072819491326555,1667.1174743391257,0.5613116387511413,9.0,9.0,0.2212784678984439,1.221278467898444,80
2023-24,2024-04-12,0022301180,DEN,SAS,0,0,1691.009467828054,1665.5508687619647,-25.458599066089324,1383.0988065094607,0.8279261267386648,1.0,-1.0,0.0249947929684206,1.0249947929684209,81
2023-24,2024-04-14,0022301193,DEN,MEM,0,1,1665.5508687619647,1671.25092314978,5.700054387815217,1315.0239510692645,0.8601238428429369,15.0,15.0,0.3583573983507859,1.358357398350786,82
2023-24,2023-10-25,0022300068,DET,MIA,0,0,1500.0,1486.1687003763311,-13.831299623668578,1500.0,0.449800646746463,1.0,-1.0,0.0249947929684206,1.0249947929684209,1
2023-24,2023-10-27,0022300077,DET,CHA,0,1,1486.1687003763311,1509.0846215152696,22.915921138938337,1515.503076934833,0.4084592448033205,12.0,12.0,0.2913126124515909,1.2913126124515908,2
2023-24,2023-10-28,0022300088,DET,CHI,1,1,1509.0846215152696,1526.6690227917554,17.58440127648581,1491.4022230586654,0.575240298555488,16.0,16.0,0.3799489622552249,1.379948962255225,3
2023-24,2023-10-30,0022300109,DET,OKC,0,0,1526.6690227917554,1508.5036234530976,-18.16539933865779,1513.2983601281903,0.4689130311667986,12.0,-12.0,0.2913126124515909,1.2913126124515908,4
2023-24,2023-11-01,0022300115,DET,POR,1,0,1508.5036234530976,1486.2837339387918,-22.219889514305866,1468.3744706667342,0.6064652765758789,9.0,-9.0,0.2212784678984439,1.221278467898444,5
2023-24,2023-11-02,0022300129,DET,NOP,0,0,1486.2837339387918,1471.8857747138018,-14.397959224989986,1526.8203552488933,0.3929750558791002,9.0,-9.0,0.2212784678984439,1.221278467898444,6
2023-24,2023-11-05,0022300140,DET,PHX,1,0,1471.8857747138018,1449.5072407017262,-22.37853401207544,1466.26734526343,0.5581897520478051,14.0,-14.0,0.3363755443363322,1.3363755443363323,7
2023-24,2023-11-06,0022300145,DET,GSW,1,0,1449.5072407017262,1434.2340491343518,-15.273191567374354,1553.9182473913106,0.4014176091012639,11.0,-11.0,0.2682711820216014,1.2682711820216013,8
2023-24,2023-11-08,0022300165,DET,MIL,0,0,1434.2340491343518,1423.5599369586382,-10.674112175713557,1515.3323373416576,0.3388741379435401,2.0,-2.0,0.0499583749578799,1.04995837495788,9
2023-24,2023-11-10,0022300008,DET,PHI,1,0,1423.5599369586382,1411.7581846417315,-11.80175231690666,1582.72871134935,0.3285450578879457,8.0,-8.0,0.197375320224904,1.197375320224904,10
2023-24,2023-11-12,0022300181,DET,CHI,0,0,1411.7581846417315,1396.9335307298124,-14.82465391191919,1454.7352903182405,0.3896289195892884,11.0,-11.0,0.2682711820216014,1.2682711820216013,11
2023-24,2023-11-14,0022300018,DET,ATL,1,0,1396.9335307298124,1384.1637167241165,-12.769814005696032,1524.0174719193546,0.3704987482638708,6.0,-6.0,0.1488850336233179,1.1488850336233178,12
2023-24,2023-11-17,0022300030,DET,CLE,0,0,1384.1637167241165,1373.4355558979923,-10.728160826124087,1497.4662423646605,0.2986577014161554,8.0,-8.0,0.197375320224904,1.197375320224904,13
2023-24,2023-11-19,0022300211,DET,TOR,0,0,1373.4355558979923,1358.0895193288109,-15.346036569181498,1472.7739394804462,0.3157626798052059,29.0,-29.0,0.619996867969374,1.619996867969374,14
2023-24,2023-11-20,0022300218,DET,DEN,1,0,1358.0895193288109,1348.8822837910704,-9.207235537740416,1557.943042897081,0.2790913737220163,4.0,-4.0,0.0996679946249558,1.099667994624956,15
2023-24,2023-11-24,0022300047,DET,IND,0,0,1348.8822837910704,1338.4866126100987,-10.395671180971776,1525.6348327462274,0.2281220486540267,23.0,-23.0,0.5190218338982221,1.519021833898222,16
2023-24,2023-11-27,0022300253,DET,WAS,1,0,1338.4866126100987,1314.3285283034552,-24.15808430664357,1332.755221353947,0.5583501092682505,19.0,-19.0,0.4422303560457261,1.442230356045726,17
2023-24,2023-11-29,0022300258,DET,LAL,1,0,1314.3285283034552,1301.3831513469231,-12.945376956532185,1518.1170739767535,0.2745567291666181,26.0,-26.0,0.5716699660851172,1.5716699660851172,18
2023-24,2023-11-30,0022300268,DET,NYK,0,0,1301.3831513469231,1295.908689560133,-5.4744617867898775,1555.958384906192,0.1588340471144935,6.0,-6.0,0.1488850336233179,1.1488850336233178,19
2023-24,2023-12-02,0022300283,DET,CLE,1,0,1295.908689560133,1286.363635427653,-9.545054132480251,1512.1420930145975,0.2605208226017234,9.0,-9.0,0.2212784678984439,1.221278467898444,20
2023-24,2023-12-06,0022301206,DET,MEM,1,0,1286.363635427653,1271.394972029787,-14.968663397866395,1411.3162801581343,0.3733646943107871,14.0,-14.0,0.3363755443363322,1.3363755443363323,21
2023-24,2023-12-08,0022301217,DET,ORL,0,0,1271.394972029787,1265.1798948494331,-6.215077180353451,1575.2328891737284,0.1244979937022475,32.0,-32.0,0.664036770267849,1.664036770267849,22
2023-24,2023-12-11,0022300293,DET,IND,1,0,1265.1798948494331,1258.8196012995454,-6.36029354988777,1567.0764798244495,0.1770620969174786,8.0,-8.0,0.197375320224904,1.197375320224904,23
2023-24,2023-12-13,0022300310,DET,PHI,1,0,1258.8196012995454,1252.5935072066627,-6.226094092882686,1600.7211753949034,0.1459572508289826,18.0,-18.0,0.4218990052500079,1.4218990052500078,24
2023-24,2023-12-15,0022300327,DET,PHI,0,0,1252.5935072066627,1247.79596345647,-4.797543750192688,1606.947269487786,0.0961025188047268,32.0,-32.0,0.664036770267849,1.664036770267849,25
2023-24,2023-12-16,0022300334,DET,MIL,0,0,1247.79596345647,1243.1560343149083,-4.639929141561556,1608.5584953004595,0.092945244649746,32.0,-32.0,0.664036770267849,1.664036770267849,26
2023-24,2023-12-18,0022300352,DET,ATL,0,0,1243.1560343149083,1235.853789665737,-7.30224464917141,1436.3729305767702,0.2118646756192195,6.0,-6.0,0.1488850336233179,1.1488850336233178,27
2023-24,2023-12-21,0022300374,DET,UTA,1,0,1235.853789665737,1225.1727618321006,-10.681027833636426,1420.2459063803594,0.2973455817131256,8.0,-8.0,0.197375320224904,1.197375320224904,28
2023-24,2023-12-23,0022300394,DET,BKN,0,0,1225.1727618321006,1218.553720484777,-6.619041347323732,1460.787469605004,0.1739649332927126,11.0,-11.0,0.2682711820216014,1.2682711820216013,29
2023-24,2023-12-26,0022300406,DET,BKN,1,0,1218.553720484777,1210.7642723858394,-7.789448098937632,1467.4065109523276,0.22600021966142,6.0,-6.0,0.1488850336233179,1.1488850336233178,30
2023-24,2023-12-28,0022300421,DET,BOS,0,0,1210.7642723858394,1209.301047050525,-1.4632253353142273,1717.0628694977563,0.0424534887446353,6.0,-6.0,0.1488850336233179,1.1488850336233178,31
2023-24,2023-12-30,0022300440,DET,TOR,1,1,1209.301047050525,1232.271895509064,22.97084845853903,1416.4349652721885,0.2707378055356867,2.0,2.0,0.0499583749578799,1.04995837495788,32
2023-24,2024-01-01,0022300453,DET,HOU,0,0,1232.271895509064,1225.0818149957747,-7.190080513289352,1488.2229825752024,0.1577787396432096,23.0,-23.0,0.5190218338982221,1.519021833898222,33
2023-24,2024-01-03,0022300474,DET,UTA,0,0,1225.0818149957747,1220.1038311499049,-4.977983845869862,1499.1218901707873,0.1444294163524918,6.0,-6.0,0.1488850336233179,1.1488850336233178,34
2023-24,2024-01-05,0022300490,DET,GSW,0,0,1220.1038311499049,1215.071859886404,-5.031971263500963,1483.0114365501304,0.1525300147588978,4.0,-4.0,0.0996679946249558,1.099667994624956,35
2023-24,2024-01-07,0022300502,DET,DEN,0,0,1215.071859886404,1211.8075101203735,-3.2643497660303815,1609.9500665849032,0.0776596933189183,17.0,-17.0,0.4011342849479459,1.401134284947946,36
2023-24,2024-01-09,0022300512,DET,SAC,1,0,1211.8075101203735,1204.5828537987377,-7.224656321635744,1531.5997572601325,0.1625472715488439,21.0,-21.0,0.4815497983643079,1.481549798364308,37
2023-24,2024-01-10,0022300519,DET,SAS,1,0,1204.5828537987377,1182.9553368465354,-21.627516952202285,1253.1780873323307,0.4804448659630074,22.0,-22.0,0.5005202111902353,1.5005202111902354,38
2023-24,2024-01-12,0022300534,DET,HOU,1,0,1182.9553368465354,1177.294365951756,-5.660970894779403,1481.701048836955,0.1797204863798052,2.0,-2.0,0.0499583749578799,1.04995837495788,39
2023-24,2024-01-15,0022300558,DET,WAS,0,1,1177.294365951756,1205.511106749833,28.21674079807718,1313.6472604255728,0.2716263919881502,12.0,12.0,0.2913126124515909,1.2913126124515908,40
2023-24,2024-01-17,0022300569,DET,MIN,1,0,1205.511106749833,1202.4425691022952,-3.0685376475377324,1648.4947967135265,0.0871816596768508,7.0,-7.0,0.1732351578346601,1.17323515783466,41
2023-24,2024-01-20,0022300592,DET,MIL,1,0,1202.4425691022952,1198.7050040173694,-3.7375650849258752,1603.4263548679728,0.1084403566803796,6.0,-6.0,0.1488850336233179,1.1488850336233178,42
2023-24,2024-01-22,0022300606,DET,MIL,1,0,1198.7050040173694,1194.881802914632,-3.823201102737427,1607.1639199528986,0.1043496959192369,9.0,-9.0,0.2212784678984439,1.221278467898444,43
2023-24,2024-01-24,0022300619,DET,CHA,1,1,1194.881802914632,1216.1170698109718,21.235266896339773,1302.7284787405126,0.3966748906635252,7.0,7.0,0.1732351578346601,1.17323515783466,44
2023-24,2024-01-27,0022300642,DET,WAS,1,0,1216.1170698109718,1195.7314766811598,-20.385593129811973,1245.2242394715358,0.508479651452462,14.0,-14.0,0.3363755443363322,1.3363755443363323,45
2023-24,2024-01-28,0022300654,DET,OKC,1,1,1195.7314766811598,1234.4844574826675,38.75298080150755,1697.051199251502,0.063903041308275,16.0,16.0,0.3799489622552249,1.379948962255225,46
2023-24,2024-01-31,0022300675,DET,CLE,0,0,1234.4844574826675,1232.2442987736024,-2.2401587090650095,1666.5514630321825,0.0636461978403795,7.0,-7.0,0.1732351578346601,1.17323515783466,47
2023-24,2024-02-02,0022300688,DET,LAC,1,0,1232.2442987736024,1229.2984561232354,-2.945842650367024,1697.694674357921,0.0774241001484504,11.0,-11.0,0.2682711820216014,1.2682711820216013,48
2023-24,2024-02-04,0022300704,DET,ORL,1,0,1229.2984561232354,1221.980746761145,-7.317709362090435,1517.4400933070935,0.188895890159331,12.0,-12.0,0.2913126124515909,1.2913126124515908,49
2023-24,2024-02-07,0022300732,DET,SAC,0,1,1221.980746761145,1257.2343595708182,35.253612809673214,1557.9321754374614,0.1057064584578139,13.0,13.0,0.3140209253469976,1.3140209253469977,50
2023-24,2024-02-08,0022300741,DET,POR,0,1,1257.2343595708182,1281.487455803799,24.25309623298102,1372.4721674795965,0.2963294694946583,6.0,6.0,0.1488850336233179,1.1488850336233178,51
2023-24,2024-02-10,0022300749,DET,LAC,0,0,1281.487455803799,1278.995326888845,-2.492128914954366,1689.780335665737,0.0723057237240053,6.0,-6.0,0.1488850336233179,1.1488850336233178,52
2023-24,2024-02-13,0022300776,DET,LAL,0,0,1278.995326888845,1272.6440018197884,-6.351325069056743,1534.1073193341983,0.1584216626325379,14.0,-14.0,0.3363755443363322,1.3363755443363323,53
2023-24,2024-02-14,0022300787,DET,PHX,0,0,1272.6440018197884,1268.1743243918531,-4.469677427935198,1604.479567080867,0.1079672159427908,16.0,-16.0,0.3799489622552249,1.379948962255225,54
2023-24,2024-02-22,0022300793,DET,IND,0,0,1268.1743243918531,1262.327124473409,-5.8471999184442245,1540.2292795179114,0.1458472244378992,14.0,-14.0,0.3363755443363322,1.3363755443363323,55
2023-24,2024-02-24,0022300814,DET,ORL,1,0,1262.327124473409,1256.405941949874,-5.921182523535084,1556.5085114461333,0.1836265258568397,3.0,-3.0,0.074859690687499,1.0748596906874992,56
2023-24,2024-02-26,0022300828,DET,NYK,0,0,1256.405941949874,1252.4752946797985,-3.930647270075391,1559.7830721304713,0.1247873999523416,2.0,-2.0,0.0499583749578799,1.04995837495788,57
2023-24,2024-02-27,0022300839,DET,CHI,0,1,1252.4752946797985,1284.175937781255,31.700643101456524,1517.177969059171,0.1511990820817051,10.0,10.0,0.2449186624037091,1.2449186624037092,58
2023-24,2024-03-01,0022300857,DET,CLE,1,0,1284.175937781255,1278.923813429624,-5.252124351631043,1633.6192470415435,0.1406283133253101,10.0,-10.0,0.2449186624037091,1.2449186624037092,59
2023-24,2024-03-03,0022300874,DET,ORL,0,0,1278.923813429624,1272.588424554241,-6.33538887538279,1558.2100651730088,0.1407376105996702,22.0,-22.0,0.5005202111902353,1.5005202111902354,60
2023-24,2024-03-05,0022300888,DET,MIA,0,0,1272.588424554241,1268.312644100041,-4.27578045419991,1585.3069358194698,0.119032030084958,8.0,-8.0,0.197375320224904,1.197375320224904,61
2023-24,2024-03-07,0022300902,DET,BKN,1,1,1268.312644100041,1291.2914113158113,22.97876721576999,1423.7488330170304,0.3333023890330647,6.0,6.0,0.1488850336233179,1.1488850336233178,62
2023-24,2024-03-09,0022300919,DET,DAL,1,0,1291.2914113158113,1281.4314626696969,-9.859948646114416,1535.0753119929782,0.2311450768704155,18.0,-18.0,0.4218990052500079,1.4218990052500078,63
2023-24,2024-03-11,0022300933,DET,CHA,1,1,1281.4314626696969,1301.1496290878515,19.718166418154965,1294.932605885256,0.5308999137345944,17.0,17.0,0.4011342849479459,1.401134284947946,64
2023-24,2024-03-13,0022300946,DET,TOR,1,1,1301.1496290878515,1320.5456590693518,19.39602998150014,1356.5964465724433,0.4706085878765905,9.0,9.0,0.2212784678984439,1.221278467898444,65
2023-24,2024-03-15,0022300962,DET,MIA,1,0,1320.5456590693518,1309.3633543537276,-11.182304715624344,1516.4686909490829,0.2836663277811804,13.0,-13.0,0.3140209253469976,1.3140209253469977,66
2023-24,2024-03-17,0022300977,DET,MIA,1,0,1309.3633543537276,1301.0359056174393,-8.327448736288371,1527.650995664707,0.2582491714480423,3.0,-3.0,0.074859690687499,1.0748596906874992,67
2023-24,2024-03-18,0022300984,DET,BOS,0,0,1301.0359056174393,1298.6238793643477,-2.41202625309171,1771.3540222267025,0.0517180557459199,25.0,-25.0,0.5545997223493823,1.5545997223493822,68
2023-24,2024-03-20,0022300997,DET,IND,1,0,1298.6238793643477,1288.7263698276724,-9.897509536675257,1544.7528729185967,0.2287547084089954,19.0,-19.0,0.4422303560457261,1.442230356045726,69
2023-24,2024-03-22,0022301011,DET,BOS,1,0,1288.7263698276724,1285.5330899690523,-3.193279858620236,1781.1978606342077,0.0670184426914036,27.0,-27.0,0.5882592563981054,1.5882592563981053,70
2023-24,2024-03-24,0022301027,DET,NOP,1,0,1285.5330899690523,1279.9950756820117,-5.538014287040815,1635.1822218294683,0.140485187620544,13.0,-13.0,0.3140209253469976,1.3140209253469977,71
2023-24,2024-03-25,0022301035,DET,NYK,0,0,1279.9950756820117,1274.1354327988836,-5.85964288312792,1582.0184706821256,0.1256409779505291,25.0,-25.0,0.5545997223493823,1.5545997223493822,72
2023-24,2024-03-27,0022301056,DET,MIN,0,0,1274.1354327988836,1270.640464876284,-3.4949679225993777,1650.2354982139498,0.0857645645356345,15.0,-15.0,0.3583573983507859,1.358357398350786,73
2023-24,2024-03-29,0022301065,DET,WAS,0,1,1270.640464876284,1291.0634566746887,20.42299179840469,1275.717548085344,0.4425788948431981,9.0,9.0,0.2212784678984439,1.221278467898444,74
2023-24,2024-04-01,0022301088,DET,MEM,1,0,1291.0634566746887,1274.503881712791,-16.55957496189741,1308.174443329819,0.5257216335698931,2.0,-2.0,0.0499583749578799,1.04995837495788,75
2023-24,2024-04-03,0022301104,DET,ATL,0,0,1274.503881712791,1268.4691377314289,-6.034743981362365,1517.4304555923063,0.1679992307460414,8.0,-8.0,0.197375320224904,1.197375320224904,76
2023-24,2024-04-05,0022301121,DET,MEM,0,0,1268.4691377314289,1254.369210329193,-14.099927402235837,1356.06767981016,0.3305421681421668,18.0,-18.0,0.4218990052500079,1.4218990052500078,77
2023-24,2024-04-06,0022301128,DET,BKN,0,0,1254.369210329193,1244.9572387474702,-9.411971581722764,1408.360096053941,0.2520103485730272,10.0,-10.0,0.2449186624037091,1.2449186624037092,78
2023-24,2024-04-09,0022301145,DET,PHI,0,0,1244.9572387474702,1238.707349403454,-6.249889344016125,1516.082650623917,0.1465150788004859,18.0,-18.0,0.4218990052500079,1.4218990052500078,79
2023-24,2024-04-11,0022301166,DET,CHI,1,0,1238.707349403454,1227.7039695858416,-11.003379817612592,1469.750932788044,0.2444347796973811,22.0,-22.0,0.5005202111902353,1.5005202111902354,80
2023-24,2024-04-12,0022301181,DET,DAL,0,1,1227.7039695858416,1268.3213233098925,40.617353724050865,1712.3692186408928,0.0478143765466368,18.0,18.0,0.4218990052500079,1.4218990052500078,81
2023-24,2024-04-14,0022301197,DET,SAS,0,0,1268.3213233098925,1255.459435173458,-12.861888136434604,1408.55740557555,0.2672265116905991,28.0,-28.0,0.6043677771171634,1.6043677771171634,82
2023-24,2023-10-24,0022300062,GSW,PHX,1,0,1500.0,1481.848901416912,-18.151098583087943,1500.0,0.550199353253537,4.0,-4.0,0.0996679946249558,1.099667994624956,1
2023-24,2023-10-27,0022300087,GSW,SAC,0,1,1481.848901416912,1503.673327747341,21.82442633042923,1522.7774107966711,0.3924370534509338,8.0,8.0,0.197375320224904,1.197375320224904,2
2023-24,2023-10-29,0022300096,GSW,HOU,0,1,1503.673327747341,1522.3989884764458,18.725660729104447,1463.2230887690098,0.5078428810664902,11.0,11.0,0.2682711820216014,1.2682711820216013,3
2023-24,2023-10-30,0022300108,GSW,NOP,0,1,1522.3989884764458,1549.7336700784367,27.334681601990887,1534.8897348162488,0.4320778150774612,28.0,28.0,0.6043677771171634,1.6043677771171634,4
2023-24,2023-11-01,0022300126,GSW,SAC,1,1,1549.7336700784367,1562.1083048755984,12.374634797161637,1516.0537114933347,0.5975708077721298,1.0,1.0,0.0249947929684206,1.0249947929684209,5
2023-24,2023-11-03,0022300005,GSW,OKC,0,1,1562.1083048755984,1577.1822265329824,15.073921657384147,1512.1984574322128,0.5214438331745341,2.0,2.0,0.0499583749578799,1.04995837495788,6
2023-24,2023-11-05,0022300142,GSW,CLE,0,0,1577.1822265329824,1553.9182473913106,-23.263979141671932,1463.427244965467,0.6114354582692525,11.0,-11.0,0.2682711820216014,1.2682711820216013,7
2023-24,2023-11-06,0022300145,GSW,DET,0,1,1553.9182473913106,1569.191438958685,15.273191567374354,1449.5072407017262,0.598582390898736,11.0,11.0,0.2682711820216014,1.2682711820216013,8
2023-24,2023-11-08,0022300169,GSW,DEN,0,0,1569.191438958685,1555.9031840653,-13.288254893384815,1595.9170130872433,0.4120926978815071,3.0,-3.0,0.074859690687499,1.0748596906874992,9
2023-24,2023-11-11,0022300176,GSW,CLE,1,0,1555.9031840653,1532.0267120630467,-23.87647200225345,1472.0347802557933,0.6646891635662106,8.0,-8.0,0.197375320224904,1.197375320224904,10
2023-24,2023-11-12,0022300186,GSW,MIN,1,0,1532.0267120630467,1515.387145355607,-16.63956670743991,1579.0010596301252,0.4827743484760051,6.0,-6.0,0.1488850336233179,1.1488850336233178,11
2023-24,2023-11-14,0022300025,GSW,MIN,1,0,1515.387145355607,1501.3524613863788,-14.034683969228016,1595.640626337565,0.4352408068024576,3.0,-3.0,0.074859690687499,1.0748596906874992,12
2023-24,2023-11-16,0022300201,GSW,OKC,1,0,1501.3524613863788,1480.42382168612,-20.928639700258785,1547.6758828167244,0.4837100539574562,19.0,-19.0,0.4422303560457261,1.442230356045726,13
2023-24,2023-11-18,0022300207,GSW,OKC,1,0,1480.42382168612,1465.4981946604655,-14.925627025654483,1568.6045225169833,0.4240589770369491,7.0,-7.0,0.1732351578346601,1.17323515783466,14
2023-24,2023-11-20,0022300224,GSW,HOU,1,1,1465.4981946604655,1483.327078819409,17.828884158943527,1520.3703732176543,0.4714327816130315,5.0,5.0,0.1243530017715962,1.124353001771596,15
2023-24,2023-11-22,0022300236,GSW,PHX,0,0,1483.327078819409,1469.684107728501,-13.642971090907984,1533.516224867138,0.379802135010472,8.0,-8.0,0.197375320224904,1.197375320224904,16
2023-24,2023-11-24,0022300051,GSW,SAS,1,1,1469.684107728501,1479.243264068392,9.559156339890825,1338.320612586721,0.7226541078195482,6.0,6.0,0.1488850336233179,1.1488850336233178,17
2023-24,2023-11-28,0022300060,GSW,SAC,0,0,1479.243264068392,1468.5342355297305,-10.709028538661656,1553.109387472893,0.3482628598742417,1.0,-1.0,0.0249947929684206,1.0249947929684209,18
2023-24,2023-11-30,0022300273,GSW,LAC,1,1,1468.5342355297305,1486.0691418251315,17.534906295401264,1509.615956554578,0.4912485937169819,6.0,6.0,0.1488850336233179,1.1488850336233178,19
2023-24,2023-12-02,0022300280,GSW,LAC,0,0,1486.0691418251315,1472.5007200687362,-13.56842175639542,1492.081050259177,0.44125172958524,1.0,-1.0,0.0249947929684206,1.0249947929684209,20
2023-24,2023-12-06,0022301214,GSW,POR,1,1,1472.5007200687362,1484.595087459717,12.09436739098067,1412.511442159279,0.6333933681166657,4.0,4.0,0.0996679946249558,1.099667994624956,21
2023-24,2023-12-08,0022301222,GSW,OKC,0,0,1484.595087459717,1474.6897569152577,-9.905330544459318,1584.9760768649476,0.3144674043183435,2.0,-2.0,0.0499583749578799,1.04995837495788,22
2023-24,2023-12-12,0022300308,GSW,PHX,0,0,1474.6897569152577,1461.9979488977156,-12.69180801754223,1514.7744499373982,0.3935958068916054,3.0,-3.0,0.074859690687499,1.0748596906874992,23
2023-24,2023-12-14,0022300325,GSW,LAC,0,0,1461.9979488977156,1451.0379153445415,-10.960033553173773,1569.9795607563372,0.3051127291514894,8.0,-8.0,0.197375320224904,1.197375320224904,24
2023-24,2023-12-16,0022300339,GSW,BKN,1,1,1451.0379153445415,1469.9867928453718,18.94887750083007,1538.1100864237917,0.4256182292155485,4.0,4.0,0.0996679946249558,1.099667994624956,25
2023-24,2023-12-17,0022300348,GSW,POR,0,1,1469.9867928453718,1482.3726686660443,12.385875820672448,1346.5754820916115,0.6245571123523006,4.0,4.0,0.0996679946249558,1.099667994624956,26
2023-24,2023-12-19,0022300362,GSW,BOS,1,1,1482.3726686660443,1507.4317032463712,25.059034580326845,1687.568408678162,0.2729462668312296,6.0,6.0,0.1488850336233179,1.1488850336233178,27
2023-24,2023-12-22,0022300386,GSW,WAS,1,1,1507.4317032463712,1516.5891060011834,9.157402754812123,1342.837206931432,0.7593205910370212,11.0,11.0,0.2682711820216014,1.2682711820216013,28
2023-24,2023-12-23,0022300399,GSW,POR,1,1,1516.5891060011834,1526.54304424913,9.953938247946583,1338.6581366686494,0.7730702085323964,20.0,20.0,0.4621171572600097,1.4621171572600098,29
2023-24,2023-12-25,0022300402,GSW,DEN,0,0,1526.54304424913,1515.298950382581,-11.244093866548887,1617.53652727798,0.3262320579657309,6.0,-6.0,0.1488850336233179,1.1488850336233178,30
2023-24,2023-12-28,0022300426,GSW,MIA,1,0,1515.298950382581,1496.9990789261929,-18.29987145638817,1569.507900596445,0.472384230844649,12.0,-12.0,0.2913126124515909,1.2913126124515908,31
2023-24,2023-12-30,0022300444,GSW,DAL,1,0,1496.9990789261929,1476.4685298622828,-20.530549063909984,1497.3383745705469,0.5497159421984316,10.0,-10.0,0.2449186624037091,1.2449186624037092,32
2023-24,2024-01-02,0022300463,GSW,ORL,1,1,1476.4685298622828,1495.027089166231,18.55855930394812,1538.240091132346,0.4615486969014148,6.0,6.0,0.1488850336233179,1.1488850336233178,33
2023-24,2024-01-04,0022300478,GSW,DEN,1,0,1495.027089166231,1483.0114365501304,-12.015652616100734,1620.5276826023628,0.3726270110788541,3.0,-3.0,0.074859690687499,1.0748596906874992,34
2023-24,2024-01-05,0022300490,GSW,DET,1,1,1483.0114365501304,1488.0434078136311,5.031971263500963,1220.1038311499049,0.8474699852411022,4.0,4.0,0.0996679946249558,1.099667994624956,35
2023-24,2024-01-07,0022300504,GSW,TOR,1,0,1488.0434078136311,1462.0405738665318,-26.002833947099575,1424.5270671237963,0.6380950496698006,15.0,-15.0,0.3583573983507859,1.358357398350786,36
2023-24,2024-01-10,0022300525,GSW,NOP,1,0,1462.0405738665318,1444.206363000343,-17.83421086618879,1607.35743466178,0.3463697682446522,36.0,-36.0,0.7162978701990245,1.7162978701990244,37
2023-24,2024-01-12,0022300536,GSW,CHI,0,1,1444.206363000343,1467.7437363808724,23.53737338052952,1510.9880395340638,0.3575755789468652,9.0,9.0,0.2212784678984439,1.221278467898444,38
2023-24,2024-01-13,0022300545,GSW,MIL,0,0,1467.7437363808724,1457.6922745937452,-10.051461787127108,1610.694620103223,0.26417751265428,11.0,-11.0,0.2682711820216014,1.2682711820216013,39
2023-24,2024-01-15,0022300560,GSW,MEM,0,0,1457.6922745937452,1441.291412833962,-16.400861759783098,1459.2082857944608,0.4476418821446303,9.0,-9.0,0.2212784678984439,1.221278467898444,40
2023-24,2024-01-24,0022300626,GSW,ATL,1,1,1441.291412833962,1460.0553951094887,18.76398227552653,1417.9589479467434,0.5831671768321234,22.0,22.0,0.5005202111902353,1.5005202111902354,41
2023-24,2024-01-25,0022300632,GSW,SAC,1,0,1460.0553951094887,1445.176238244784,-14.879156864704516,1506.262355976995,0.4838774781028874,1.0,-1.0,0.0249947929684206,1.0249947929684209,42
2023-24,2024-01-27,0022300650,GSW,LAL,1,0,1445.176238244784,1430.1040583301688,-15.072179914615296,1487.018350020785,0.4901546823461005,1.0,-1.0,0.0249947929684206,1.0249947929684209,43
2023-24,2024-01-30,0022300673,GSW,PHI,1,1,1430.1040583301688,1454.0267181535987,23.92265982343004,1548.3270316759044,0.3824717683192081,12.0,12.0,0.2913126124515909,1.2913126124515908,44
2023-24,2024-02-02,0022300693,GSW,MEM,0,1,1454.0267181535987,1478.601751675105,24.57503352150661,1461.1051529160902,0.4397386146638679,20.0,20.0,0.4621171572600097,1.4621171572600098,45
2023-24,2024-02-03,0022300699,GSW,ATL,0,0,1478.601751675105,1461.1795062640483,-17.42224541105676,1447.082081139526,0.4949915708064162,7.0,-7.0,0.1732351578346601,1.17323515783466,46
2023-24,2024-02-05,0022300717,GSW,BKN,0,1,1461.1795062640483,1481.2962515583995,20.116745294351137,1446.1570089782376,0.4712817053766739,11.0,11.0,0.2682711820216014,1.2682711820216013,47
2023-24,2024-02-07,0022300727,GSW,PHI,0,1,1481.2962515583995,1506.7569943240062,25.46074276560654,1487.2806089932635,0.4412908316516784,23.0,23.0,0.5190218338982221,1.519021833898222,48
2023-24,2024-02-08,0022300733,GSW,IND,0,1,1506.7569943240062,1535.010472163705,28.25347783969844,1562.454093929955,0.3723626062260244,22.0,22.0,0.5005202111902353,1.5005202111902354,49
2023-24,2024-02-10,0022300757,GSW,PHX,1,1,1535.010472163705,1552.0978635955412,17.08739143183651,1608.869315239606,0.4443096508373202,1.0,1.0,0.0249947929684206,1.0249947929684209,50
2023-24,2024-02-12,0022300769,GSW,UTA,0,1,1552.0978635955412,1575.8359923313392,23.738128735798057,1536.108399108601,0.4726689104492054,22.0,22.0,0.5005202111902353,1.5005202111902354,51
2023-24,2024-02-14,0022300789,GSW,LAC,1,0,1575.8359923313392,1561.512346302222,-14.323646029117374,1663.5974216022712,0.4246485462171934,5.0,-5.0,0.1243530017715962,1.124353001771596,52
2023-24,2024-02-15,0022300576,GSW,UTA,0,1,1561.512346302222,1576.0049010100315,14.492554707809951,1491.2593150246587,0.5505597976066916,3.0,3.0,0.074859690687499,1.0748596906874992,53
2023-24,2024-02-22,0022300802,GSW,LAL,1,1,1576.0049010100315,1594.318951634682,18.314050624650232,1561.5695997513992,0.5706668674068935,18.0,18.0,0.4218990052500079,1.4218990052500078,54
2023-24,2024-02-23,0022300811,GSW,CHA,1,1,1594.318951634682,1600.184856243705,5.8659046090231195,1326.3514861471076,0.8511970777158897,13.0,13.0,0.3140209253469976,1.3140209253469977,55
2023-24,2024-02-25,0022300824,GSW,DEN,1,0,1600.184856243705,1577.3185631993674,-22.866293044337787,1598.6771150376858,0.5523463468525152,16.0,-16.0,0.3799489622552249,1.379948962255225,56
2023-24,2024-02-27,0022300834,GSW,WAS,0,1,1577.3185631993674,1582.6782627564066,5.359699557039138,1228.2170851612111,0.8591337133305126,11.0,11.0,0.2682711820216014,1.2682711820216013,57
2023-24,2024-02-29,0022300852,GSW,NYK,0,1,1582.6782627564066,1601.226104626866,18.547841870459152,1538.9791566177091,0.5125164046568698,11.0,11.0,0.2682711820216014,1.2682711820216013,58
2023-24,2024-03-01,0022300860,GSW,TOR,0,1,1601.226104626866,1612.7485385893256,11.52243396245969,1404.5224446049417,0.7172458937917873,15.0,15.0,0.3583573983507859,1.358357398350786,59
2023-24,2024-03-03,0022300872,GSW,BOS,0,0,1612.7485385893256,1598.5436651357654,-14.204873453560127,1764.6063348260338,0.254332003883964,52.0,-52.0,0.8617231593133063,1.8617231593133063,60
2023-24,2024-03-06,0022300899,GSW,MIL,1,1,1598.5436651357654,1622.875606134644,24.331940998878544,1616.8562337241945,0.5239966943657127,35.0,35.0,0.703905603936621,1.703905603936621,61
2023-24,2024-03-07,0022300907,GSW,CHI,1,0,1622.875606134644,1600.949153475667,-21.926452658977382,1526.9489919566604,0.6799787559544271,3.0,-3.0,0.074859690687499,1.0748596906874992,62
2023-24,2024-03-09,0022300921,GSW,SAS,1,0,1600.949153475667,1566.6176787821787,-34.33147469348793,1304.3303753270768,0.8709012677866832,13.0,-13.0,0.3140209253469976,1.3140209253469977,63
2023-24,2024-03-11,0022300936,GSW,SAS,0,1,1566.6176787821787,1575.8698790274034,9.252200245224754,1338.6618500205648,0.7522676106040949,10.0,10.0,0.2449186624037091,1.2449186624037092,64
2023-24,2024-03-13,0022300952,GSW,DAL,0,0,1575.8698790274034,1558.8866748049577,-16.983204222445845,1572.4102954587577,0.4547339713920051,10.0,-10.0,0.2449186624037091,1.2449186624037092,65
2023-24,2024-03-16,0022300973,GSW,LAL,0,1,1558.8866748049577,1578.4575890342287,19.570914229271324,1562.990430236769,0.4439615934742446,7.0,7.0,0.1732351578346601,1.17323515783466,66
2023-24,2024-03-18,0022300988,GSW,NYK,1,0,1578.4575890342287,1558.526887734583,-19.93070129964581,1567.1426819068745,0.5662604854207917,7.0,-7.0,0.1732351578346601,1.17323515783466,67
2023-24,2024-03-20,0022301001,GSW,MEM,1,1,1558.526887734583,1566.1131880757068,7.586300341123972,1318.9158558772049,0.8293161132236986,21.0,21.0,0.4815497983643079,1.481549798364308,68
2023-24,2024-03-22,0022301016,GSW,IND,1,0,1566.1131880757068,1544.1685087275976,-21.944679348109247,1554.650382455272,0.5664695787450647,12.0,-12.0,0.2913126124515909,1.2913126124515908,69
2023-24,2024-03-24,0022301031,GSW,MIN,0,0,1544.1685087275976,1533.5930053774816,-10.575503350115923,1639.6599948638338,0.3205665528689175,4.0,-4.0,0.0996679946249558,1.099667994624956,70
2023-24,2024-03-26,0022301044,GSW,MIA,0,1,1533.5930053774816,1558.607042461607,25.014037084125405,1542.4554361646935,0.437210118041213,21.0,21.0,0.4815497983643079,1.481549798364308,71
2023-24,2024-03-27,0022301049,GSW,ORL,0,1,1558.607042461607,1578.8384186946498,20.231376233042756,1567.7693269127544,0.4367854453176614,8.0,8.0,0.197375320224904,1.197375320224904,72
2023-24,2024-03-29,0022301062,GSW,CHA,0,1,1578.8384186946498,1586.6777083065808,7.8392896119309325,1284.8291678456296,0.8162248846323049,18.0,18.0,0.4218990052500079,1.4218990052500078,73
2023-24,2024-03-31,0022301085,GSW,SAS,0,1,1586.6777083065808,1595.3148650523572,8.637156745776272,1371.605875210495,0.7381889567883626,4.0,4.0,0.0996679946249558,1.099667994624956,74
2023-24,2024-04-02,0022300589,GSW,DAL,1,1,1595.3148650523572,1614.0845744588732,18.769709406515993,1678.534009398531,0.4310492046005382,4.0,4.0,0.0996679946249558,1.099667994624956,75
2023-24,2024-04-04,0022301113,GSW,HOU,0,1,1614.0845744588732,1635.6207114899864,21.53613703111322,1560.01753012275,0.5274121685741748,23.0,23.0,0.5190218338982221,1.519021833898222,76
2023-24,2024-04-05,0022301097,GSW,DAL,0,0,1635.6207114899864,1623.0037734603015,-12.616938029684915,1670.6566024016124,0.4005535943330787,2.0,-2.0,0.0499583749578799,1.04995837495788,77
2023-24,2024-04-07,0022301142,GSW,UTA,1,1,1623.0037734603015,1627.1174711731655,4.113697712864051,1302.684571180217,0.8854801374478702,8.0,8.0,0.197375320224904,1.197375320224904,78
2023-24,2024-04-09,0022301155,GSW,LAL,0,1,1627.1174711731655,1647.9982146954835,20.880743522318305,1606.6001810862365,0.4791697685376793,14.0,14.0,0.3363755443363322,1.3363755443363323,79
2023-24,2024-04-11,0022301169,GSW,POR,0,1,1647.9982146954835,1653.060712749312,5.062498053828219,1298.9927653450725,0.8590668002945719,8.0,8.0,0.197375320224904,1.197375320224904,80
2023-24,2024-04-12,0022301182,GSW,NOP,1,0,1653.060712749312,1632.0276359559298,-21.0330767933821,1600.3870597689588,0.6235608911744845,5.0,-5.0,0.1243530017715962,1.124353001771596,81
2023-24,2024-04-14,0022301198,GSW,UTA,1,1,1632.0276359559298,1636.7697898572496,4.742153901319934,1343.9550178401053,0.8652684454134463,7.0,7.0,0.1732351578346601,1.17323515783466,82
2023-24,2023-10-25,0022300066,HOU,ORL,0,0,1500.0,1477.935268310682,-22.0647316893181,1500.0,0.449800646746463,30.0,-30.0,0.6351489523872873,1.6351489523872873,1
2023-24,2023-10-27,0022300083,HOU,SAS,0,0,1477.935268310682,1463.2230887690098,-14.712179541672294,1480.6346032483518,0.4459582229540687,4.0,-4.0,0.0996679946249558,1.099667994624956,2
2023-24,2023-10-29,0022300096,HOU,GSW,1,0,1463.2230887690098,1444.4974280399051,-18.725660729104447,1503.673327747341,0.4921571189335098,11.0,-11.0,0.2682711820216014,1.2682711820216013,3
2023-24,2023-11-01,0022300122,HOU,CHA,1,1,1444.4974280399051,1462.3167981767317,17.81937013682629,1470.0158993223026,0.5136416303294156,9.0,9.0,0.2212784678984439,1.221278467898444,4
2023-24,2023-11-04,0022300137,HOU,SAC,1,1,1462.3167981767317,1484.035809160603,21.719010983871435,1503.679076696173,0.4908449685085602,18.0,18.0,0.4218990052500079,1.4218990052500078,5
2023-24,2023-11-06,0022300153,HOU,SAC,1,1,1484.035809160603,1504.8757779705354,20.839968809932213,1481.9600657123017,0.5531546693267576,25.0,25.0,0.5545997223493823,1.5545997223493822,6
2023-24,2023-11-08,0022300163,HOU,LAL,1,1,1504.8757779705354,1526.1782800156843,21.30250204514921,1483.73438647066,0.5800980301683724,34.0,34.0,0.6910694698329306,1.6910694698329305,7
2023-24,2023-11-10,0022300011,HOU,NOP,1,1,1526.1782800156843,1538.7889330272635,12.61065301157922,1484.2597298265334,0.6089209558904312,3.0,3.0,0.074859690687499,1.0748596906874992,8
2023-24,2023-11-12,0022300182,HOU,DEN,1,1,1538.7889330272635,1556.5496693710616,17.760736343797923,1609.2052679806282,0.4492076036318798,3.0,3.0,0.074859690687499,1.0748596906874992,9
2023-24,2023-11-17,0022300037,HOU,LAC,0,0,1556.5496693710616,1535.4615458779172,-21.08812349314445,1442.4965228921587,0.6118431602808677,6.0,-6.0,0.1488850336233179,1.1488850336233178,10
2023-24,2023-11-19,0022300216,HOU,LAL,0,0,1535.4615458779172,1520.3703732176543,-15.091172660262748,1506.874311869212,0.4907723357487565,1.0,-1.0,0.0249947929684206,1.0249947929684209,11
2023-24,2023-11-20,0022300224,HOU,GSW,0,0,1520.3703732176543,1502.5414890587108,-17.828884158943527,1465.4981946604655,0.5285672183869685,5.0,-5.0,0.1243530017715962,1.124353001771596,12
2023-24,2023-11-22,0022300231,HOU,MEM,1,1,1502.5414890587108,1516.8521262005308,14.310637141820145,1411.5651671582757,0.6737462277273296,20.0,20.0,0.4621171572600097,1.4621171572600098,13
2023-24,2023-11-24,0022300048,HOU,DEN,1,1,1516.8521262005308,1538.496120748521,21.643994547990197,1552.021387000192,0.4997564141479405,19.0,19.0,0.4422303560457261,1.442230356045726,14
2023-24,2023-11-28,0022300059,HOU,DAL,0,0,1538.496120748521,1522.309035333206,-16.187085415314865,1524.6140553253288,0.4696462205118569,6.0,-6.0,0.1488850336233179,1.1488850336233178,15
2023-24,2023-11-29,0022300263,HOU,DEN,0,0,1522.309035333206,1507.3053926379014,-15.003642695304766,1556.4940752509044,0.4017301999563433,10.0,-10.0,0.2449186624037091,1.2449186624037092,16
2023-24,2023-12-02,0022300291,HOU,LAL,0,0,1507.3053926379014,1490.8279529068298,-16.477439731071538,1513.3594795668594,0.4411918686922252,10.0,-10.0,0.2449186624037091,1.2449186624037092,17
2023-24,2023-12-06,0022301212,HOU,OKC,1,1,1490.8279529068298,1513.3770917231293,22.549138816299493,1607.5252156812471,0.3845482579933446,9.0,9.0,0.2212784678984439,1.221278467898444,18
2023-24,2023-12-08,0022301224,HOU,DEN,0,1,1513.3770917231293,1535.1114777296225,21.734386006493153,1552.481362358437,0.3949436560846333,8.0,8.0,0.197375320224904,1.197375320224904,19
2023-24,2023-12-11,0022300298,HOU,SAS,1,1,1535.1114777296225,1541.3427128049416,6.23123507531905,1286.8779846196126,0.8362275838256564,11.0,11.0,0.2682711820216014,1.2682711820216013,20
2023-24,2023-12-13,0022300314,HOU,MEM,1,1,1541.3427128049416,1551.8674504374303,10.524737632488955,1400.89279319175,0.7330144589158741,13.0,13.0,0.3140209253469976,1.3140209253469977,21
2023-24,2023-12-15,0022300332,HOU,MEM,0,1,1551.8674504374303,1563.3273387931697,11.459888355739198,1390.3680555592612,0.674407746841087,7.0,7.0,0.1732351578346601,1.17323515783466,22
2023-24,2023-12-17,0022300346,HOU,MIL,0,0,1563.3273387931697,1549.396209074784,-13.931129718385742,1613.1984244420212,0.3802335035120533,9.0,-9.0,0.2212784678984439,1.221278467898444,23
2023-24,2023-12-18,0022300349,HOU,CLE,0,0,1549.396209074784,1533.6433697978543,-15.752839276929514,1537.3468144916922,0.4670193806900033,5.0,-5.0,0.1243530017715962,1.124353001771596,24
2023-24,2023-12-20,0022300371,HOU,ATL,1,0,1533.6433697978543,1509.9744303709358,-23.668939426918648,1443.6751752259415,0.6724693189556983,7.0,-7.0,0.1732351578346601,1.17323515783466,25
2023-24,2023-12-22,0022300385,HOU,DAL,1,1,1509.9744303709358,1531.5658006503188,21.59137027938289,1515.670813270046,0.5420715810719267,26.0,26.0,0.5716699660851172,1.5716699660851172,26
2023-24,2023-12-23,0022300392,HOU,NOP,0,1,1531.5658006503188,1550.8697181544617,19.303917504142618,1576.3536282888645,0.3871529270571635,2.0,2.0,0.0499583749578799,1.04995837495788,27
2023-24,2023-12-26,0022300409,HOU,IND,1,0,1550.8697181544617,1527.9265945068794,-22.94312364758216,1466.2413673062467,0.6656634614177438,6.0,-6.0,0.1488850336233179,1.1488850336233178,28
2023-24,2023-12-27,0022300418,HOU,PHX,1,0,1527.9265945068794,1500.2483037404577,-27.678290766421956,1441.014787146169,0.6685824747505598,16.0,-16.0,0.3799489622552249,1.379948962255225,29
2023-24,2023-12-29,0022300434,HOU,PHI,1,0,1500.2483037404577,1488.2229825752024,-12.025321165254972,1631.8052456913665,0.3645136903148128,4.0,-4.0,0.0996679946249558,1.099667994624956,30
2023-24,2024-01-01,0022300453,HOU,DET,1,1,1488.2229825752024,1495.4130630884918,7.190080513289352,1232.271895509064,0.8422212603567903,23.0,23.0,0.5190218338982221,1.519021833898222,31
2023-24,2024-01-03,0022300469,HOU,BKN,1,1,1495.4130630884918,1508.4504636425854,13.037400554093583,1417.2388853640205,0.6573445611394612,11.0,11.0,0.2682711820216014,1.2682711820216013,32
2023-24,2024-01-05,0022300485,HOU,MIN,1,0,1508.4504636425854,1489.9786538976796,-18.47180974490582,1622.8567941948072,0.3876741086296086,27.0,-27.0,0.5882592563981054,1.5882592563981053,33
2023-24,2024-01-06,0022300496,HOU,MIL,1,1,1489.9786538976796,1511.1525586512153,21.173904753535716,1626.3088570419247,0.3581728043666755,4.0,4.0,0.0996679946249558,1.099667994624956,34
2023-24,2024-01-08,0022300509,HOU,MIA,0,0,1511.1525586512153,1496.9293080698314,-14.223250581383706,1543.623897452154,0.4041034310528262,7.0,-7.0,0.1732351578346601,1.17323515783466,35
2023-24,2024-01-10,0022300523,HOU,CHI,0,0,1496.9293080698314,1481.701048836955,-15.22825923287682,1495.759780301187,0.451467324137594,5.0,-5.0,0.1243530017715962,1.124353001771596,36
2023-24,2024-01-12,0022300534,HOU,DET,0,1,1481.701048836955,1487.362019731734,5.660970894779403,1182.9553368465354,0.8202795136201948,2.0,2.0,0.0499583749578799,1.04995837495788,37
2023-24,2024-01-13,0022300542,HOU,BOS,0,0,1487.362019731734,1477.3748870083868,-9.987132723347214,1693.1226877636734,0.2000583340823583,32.0,-32.0,0.664036770267849,1.664036770267849,38
2023-24,2024-01-15,0022300555,HOU,PHI,0,0,1477.3748870083868,1465.309553996255,-12.06533301213152,1565.9425825994365,0.3293088166559684,9.0,-9.0,0.2212784678984439,1.221278467898444,39
2023-24,2024-01-17,0022300573,HOU,NYK,0,0,1465.309553996255,1453.331577440808,-11.977976555447526,1582.5486916085877,0.2939328674959495,15.0,-15.0,0.3583573983507859,1.358357398350786,40
2023-24,2024-01-20,0022300598,HOU,UTA,1,1,1453.331577440808,1473.364793917005,20.033216476197147,1597.008599944279,0.348509975737527,1.0,1.0,0.0249947929684206,1.0249947929684209,41
2023-24,2024-01-21,0022300603,HOU,BOS,1,0,1473.364793917005,1463.883285382612,-9.481508534393075,1691.165546421994,0.25878642159607,9.0,-9.0,0.2212784678984439,1.221278467898444,42
2023-24,2024-01-24,0022300623,HOU,POR,1,0,1463.883285382612,1438.9863319012768,-24.896953481335313,1332.782271383406,0.7223511709962275,6.0,-6.0,0.1488850336233179,1.1488850336233178,43
2023-24,2024-01-26,0022300635,HOU,CHA,0,1,1438.9863319012768,1455.7622383818748,16.775906480598106,1281.493211844173,0.669323530072452,34.0,34.0,0.6910694698329306,1.6910694698329305,44
2023-24,2024-01-27,0022300645,HOU,BKN,0,0,1455.7622383818748,1438.124231741405,-17.638006640469698,1378.897062267105,0.5599589171388901,2.0,-2.0,0.0499583749578799,1.04995837495788,45
2023-24,2024-01-29,0022300662,HOU,LAL,1,1,1438.124231741405,1460.5452093640176,22.420977622612547,1502.0905299354004,0.4584104621287259,16.0,16.0,0.3799489622552249,1.379948962255225,46
2023-24,2024-01-31,0022300679,HOU,NOP,1,0,1460.5452093640176,1444.644173209416,-15.90103615460152,1553.10178054604,0.4179189324808688,11.0,-11.0,0.2682711820216014,1.2682711820216013,47
2023-24,2024-02-02,0022300692,HOU,TOR,1,1,1444.644173209416,1463.4891545700914,18.84498136067524,1400.2989160099603,0.6122424322071488,29.0,29.0,0.619996867969374,1.619996867969374,48
2023-24,2024-02-04,0022300709,HOU,MIN,0,0,1463.4891545700914,1452.0314266713883,-11.457727898702826,1612.1961812638838,0.257786990158383,21.0,-21.0,0.4815497983643079,1.481549798364308,49
2023-24,2024-02-06,0022300719,HOU,IND,0,0,1452.0314266713883,1441.887067217167,-10.144359454221595,1552.3097344757334,0.3145948425365511,3.0,-3.0,0.074859690687499,1.0748596906874992,50
2023-24,2024-02-09,0022300744,HOU,TOR,0,0,1441.887067217167,1424.4137874849266,-17.473279732240346,1377.7190240362536,0.5418778495347651,3.0,-3.0,0.074859690687499,1.0748596906874992,51
2023-24,2024-02-10,0022300754,HOU,ATL,0,0,1424.4137874849266,1410.2727334737722,-14.141054011154496,1470.0732351255597,0.38596313570451,9.0,-9.0,0.2212784678984439,1.221278467898444,52
2023-24,2024-02-12,0022300765,HOU,NYK,1,1,1410.2727334737722,1432.688561816695,22.41582834292278,1602.204399153747,0.2883581902688282,2.0,2.0,0.0499583749578799,1.04995837495788,53
2023-24,2024-02-14,0022300783,HOU,MEM,0,0,1432.688561816695,1413.2538559476488,-19.434705869046113,1369.1093259104482,0.5410363133645701,8.0,-8.0,0.197375320224904,1.197375320224904,54
2023-24,2024-02-22,0022300798,HOU,NOP,0,0,1413.2538559476488,1403.8444586597536,-9.409397287895322,1609.4394285076712,0.2090252260010467,22.0,-22.0,0.5005202111902353,1.5005202111902354,55
2023-24,2024-02-23,0022300806,HOU,PHX,1,1,1403.8444586597536,1427.1126419542363,23.26818329448262,1590.4497658386388,0.2946906579011519,4.0,4.0,0.0996679946249558,1.099667994624956,56
2023-24,2024-02-25,0022300822,HOU,OKC,1,0,1427.1126419542363,1417.7863454952037,-9.32629645903284,1665.622834459165,0.2365841689715358,13.0,-13.0,0.3140209253469976,1.3140209253469977,57
2023-24,2024-02-27,0022300841,HOU,OKC,0,0,1417.7863454952037,1411.1931371378168,-6.593208357386565,1674.949130918198,0.1568540676463786,17.0,-17.0,0.4011342849479459,1.401134284947946,58
2023-24,2024-02-29,0022300854,HOU,PHX,0,0,1411.1931371378168,1403.3272594140522,-7.86587772376467,1582.9773217536006,0.2331971575762752,5.0,-5.0,0.1243530017715962,1.124353001771596,59
2023-24,2024-03-02,0022300870,HOU,PHX,0,1,1403.3272594140522,1432.0005723038266,28.67331288977439,1590.8431994773653,0.2173962601907665,9.0,9.0,0.2212784678984439,1.221278467898444,60
2023-24,2024-03-05,0022300891,HOU,SAS,1,1,1432.0005723038266,1443.8906019307458,11.890029626919086,1321.147488197699,0.6983805103464075,13.0,13.0,0.3140209253469976,1.3140209253469977,61
2023-24,2024-03-06,0022300897,HOU,LAC,1,0,1443.8906019307458,1433.099683033365,-10.790918897380797,1615.3878637337048,0.3130838039076527,6.0,-6.0,0.1488850336233179,1.1488850336233178,62
2023-24,2024-03-08,0022300916,HOU,POR,0,1,1433.099683033365,1449.7448689872856,16.645185953920656,1329.162021327492,0.5979274980644276,16.0,16.0,0.3799489622552249,1.379948962255225,63
2023-24,2024-03-10,0022300929,HOU,SAC,0,1,1449.7448689872856,1475.3181020044417,25.573233017155868,1571.9161089307313,0.288075270825068,8.0,8.0,0.197375320224904,1.197375320224904,64
2023-24,2024-03-12,0022300942,HOU,SAS,0,1,1475.3181020044417,1486.2040446221856,10.885942617744226,1329.40964977534,0.6544008195188079,2.0,2.0,0.0499583749578799,1.04995837495788,65
2023-24,2024-03-14,0022300957,HOU,WAS,1,1,1486.2040446221856,1493.0762330329462,6.872188410760625,1240.7821501410515,0.8339989714902322,16.0,16.0,0.3799489622552249,1.379948962255225,66
2023-24,2024-03-16,0022300967,HOU,CLE,1,1,1493.0762330329462,1517.0624709256797,23.986237892733143,1597.2764892886469,0.4017091479415159,14.0,14.0,0.3363755443363322,1.3363755443363323,67
2023-24,2024-03-19,0022300992,HOU,WAS,0,1,1517.0624709256797,1525.4965795663832,8.434108640703656,1224.5575421810513,0.8149223741118663,23.0,23.0,0.5190218338982221,1.519021833898222,68
2023-24,2024-03-21,0022301006,HOU,CHI,1,1,1525.4965795663832,1542.2378183266253,16.74123876024208,1524.4114303814058,0.551744777501693,10.0,10.0,0.2449186624037091,1.2449186624037092,69
2023-24,2024-03-23,0022301024,HOU,UTA,1,1,1542.2378183266253,1553.9216724741625,11.68385414753704,1379.6067004268623,0.757249048209063,28.0,28.0,0.6043677771171634,1.6043677771171634,70
2023-24,2024-03-25,0022301038,HOU,POR,1,1,1553.9216724741625,1560.869063426872,6.947390952709678,1304.536474944609,0.8371335111927038,18.0,18.0,0.4218990052500079,1.4218990052500078,71
2023-24,2024-03-27,0022301057,HOU,OKC,0,1,1560.869063426872,1584.4600235882654,23.59096016139343,1660.3861660891127,0.3155404451278298,6.0,6.0,0.1488850336233179,1.1488850336233178,72
2023-24,2024-03-29,0022301072,HOU,UTA,0,1,1584.4600235882654,1591.4894466089595,7.029423020694473,1338.178939895348,0.7713997160793042,1.0,1.0,0.0249947929684206,1.0249947929684209,73
2023-24,2024-03-31,0022301083,HOU,DAL,1,0,1591.4894466089595,1572.1635913226878,-19.325855286271995,1659.208154112259,0.453052694903461,18.0,-18.0,0.4218990052500079,1.4218990052500078,74
2023-24,2024-04-02,0022301098,HOU,MIN,0,0,1572.1635913226878,1560.01753012275,-12.14606119993774,1648.465264869499,0.3450874310754742,7.0,-7.0,0.1732351578346601,1.17323515783466,75
2023-24,2024-04-04,0022301113,HOU,GSW,1,0,1560.01753012275,1538.4813930916368,-21.53613703111322,1614.0845744588732,0.4725878314258251,23.0,-23.0,0.5190218338982221,1.519021833898222,76
2023-24,2024-04-05,0022301120,HOU,MIA,1,0,1538.4813930916368,1515.6490604760572,-22.832332615579514,1531.380867612279,0.5602927144039508,15.0,-15.0,0.3583573983507859,1.358357398350786,77
2023-24,2024-04-07,0022301131,HOU,DAL,0,0,1515.6490604760572,1506.6123897780417,-9.036670698015438,1683.2735404312973,0.2375062690617724,11.0,-11.0,0.2682711820216014,1.2682711820216013,78
2023-24,2024-04-09,0022301150,HOU,ORL,1,1,1506.6123897780417,1526.5882991240085,19.975909345966805,1552.4897592780378,0.4843513193901199,12.0,12.0,0.2913126124515909,1.2913126124515908,79
2023-24,2024-04-11,0022301168,HOU,UTA,0,0,1526.5882991240085,1502.149382604364,-24.43891651964451,1293.3463924693942,0.7578947817214775,3.0,-3.0,0.074859690687499,1.0748596906874992,80
2023-24,2024-04-12,0022301183,HOU,POR,0,1,1502.149382604364,1512.0236459321306,9.874263327766563,1293.930267291244,0.7304938066320497,9.0,9.0,0.2212784678984439,1.221278467898444,81
2023-24,2024-04-14,0022301199,HOU,LAC,0,1,1512.0236459321306,1535.474786281976,23.451140349845385,1559.3838472451175,0.3836454778684189,11.0,11.0,0.2682711820216014,1.2682711820216013,82
2023-24,2023-10-25,0022300064,IND,WAS,1,1,1500.0,1520.4977100992826,20.497710099282557,1500.0,0.550199353253537,23.0,23.0,0.5190218338982221,1.519021833898222,1
2023-24,2023-10-28,0022300091,IND,CLE,0,1,1520.4977100992826,1540.6481129984522,20.150402899169706,1499.509021971695,0.4798470252963859,12.0,12.0,0.2913126124515909,1.2913126124515908,2
2023-24,2023-10-30,0022300102,IND,CHI,1,0,1540.6481129984522,1518.0344029173589,-22.61371008109343,1473.8178217821796,0.6424887039931996,7.0,-7.0,0.1732351578346601,1.17323515783466,3
2023-24,2023-11-01,0022300118,IND,BOS,0,0,1518.0344029173589,1495.9238686960618,-22.11053422129708,1555.4400095592823,0.3972826928245244,51.0,-51.0,0.8551470292769645,1.8551470292769645,4
2023-24,2023-11-03,0022300001,IND,CLE,1,1,1495.9238686960618,1510.2270226790226,14.303153982960756,1477.7303989484278,0.5759589749119755,5.0,5.0,0.1243530017715962,1.124353001771596,5
2023-24,2023-11-04,0022300133,IND,CHA,1,0,1510.2270226790226,1490.8309076923356,-19.396114986687145,1452.1965291854765,0.6307711713837206,1.0,-1.0,0.0249947929684206,1.0249947929684209,6
2023-24,2023-11-06,0022300146,IND,SAS,1,1,1490.8309076923356,1514.7409725285283,23.910064836192657,1490.8319129133322,0.5501979212056989,41.0,41.0,0.7718952374404182,1.7718952374404182,7
2023-24,2023-11-08,0022300158,IND,UTA,1,1,1514.7409725285283,1528.426436693252,13.6854641647238,1427.171339061006,0.669421006644625,16.0,16.0,0.3799489622552249,1.379948962255225,8
2023-24,2023-11-09,0022300171,IND,MIL,1,1,1528.426436693252,1542.4860799122905,14.059643219038358,1526.0064495173713,0.5536444252023365,2.0,2.0,0.0499583749578799,1.04995837495788,9
2023-24,2023-11-12,0022300180,IND,PHI,0,0,1542.4860799122905,1528.1309074016713,-14.355172510619212,1594.5304636662563,0.3772897761433357,11.0,-11.0,0.2682711820216014,1.2682711820216013,10
2023-24,2023-11-14,0022300019,IND,PHI,0,1,1528.1309074016713,1550.9023594174737,22.77145201580214,1608.8856361768758,0.3393173569918699,6.0,6.0,0.1488850336233179,1.1488850336233178,11
2023-24,2023-11-19,0022300209,IND,ORL,1,0,1550.9023594174737,1528.4413450481893,-22.461014369284044,1529.9749153888424,0.5797980068937043,12.0,-12.0,0.2913126124515909,1.2913126124515908,12
2023-24,2023-11-21,0022300039,IND,ATL,0,1,1528.4413450481893,1545.6464152565966,17.205070208407236,1500.4418727143443,0.4899267940081118,5.0,5.0,0.1243530017715962,1.124353001771596,13
2023-24,2023-11-22,0022300230,IND,TOR,1,0,1545.6464152565966,1525.6348327462274,-20.011582510369227,1472.5074284320242,0.6507864770842717,1.0,-1.0,0.0249947929684206,1.0249947929684209,14
2023-24,2023-11-24,0022300047,IND,DET,1,1,1525.6348327462274,1536.030503927199,10.395671180971776,1348.8822837910704,0.7718779513459733,23.0,23.0,0.5190218338982221,1.519021833898222,15
2023-24,2023-11-27,0022300254,IND,POR,1,0,1536.030503927199,1511.217651687867,-24.81285223933217,1378.2014127421803,0.7521316239875545,4.0,-4.0,0.0996679946249558,1.099667994624956,16
2023-24,2023-11-30,0022300267,IND,MIA,0,0,1511.217651687867,1495.2416820740552,-15.975969613811724,1526.7654970260437,0.4277647500537656,10.0,-10.0,0.2449186624037091,1.2449186624037092,17
2023-24,2023-12-02,0022300284,IND,MIA,0,1,1495.2416820740552,1520.3663156714829,25.12463359742736,1542.7414666398554,0.3834554973545799,15.0,15.0,0.3583573983507859,1.358357398350786,18
2023-24,2023-12-04,0022301202,IND,BOS,1,1,1520.3663156714829,1543.7967574845557,23.4304418130731,1645.8587822768518,0.3726379476114201,10.0,10.0,0.2449186624037091,1.2449186624037092,19
2023-24,2023-12-07,0022301229,IND,MIL,0,1,1543.7967574845557,1567.0764798244495,23.279722339893787,1605.283085398844,0.3646078555708605,9.0,9.0,0.2212784678984439,1.221278467898444,20
2023-24,2023-12-11,0022300293,IND,DET,0,1,1567.0764798244495,1573.4367733743372,6.36029354988777,1265.1798948494331,0.8229379030825213,8.0,8.0,0.197375320224904,1.197375320224904,21
2023-24,2023-12-13,0022300315,IND,MIL,0,0,1573.4367733743372,1556.4321255648829,-17.004647809454564,1591.553847491005,0.4241484334629747,14.0,-14.0,0.3363755443363322,1.3363755443363323,22
2023-24,2023-12-15,0022300328,IND,WAS,0,0,1556.4321255648829,1525.433219083897,-30.998906480985735,1308.3642222020385,0.7732084645507921,14.0,-14.0,0.3363755443363322,1.3363755443363323,23
2023-24,2023-12-16,0022300338,IND,MIN,0,0,1525.433219083897,1513.331935697053,-12.101283386844033,1651.337466305006,0.283688300930963,18.0,-18.0,0.4218990052500079,1.4218990052500078,24
2023-24,2023-12-18,0022300350,IND,LAC,1,0,1513.331935697053,1493.649635917766,-19.68229977928723,1599.535121849422,0.426841575832156,24.0,-24.0,0.5370495669980352,1.5370495669980353,25
2023-24,2023-12-20,0022300365,IND,CHA,1,1,1493.649635917766,1506.9556918735868,13.306055955820952,1354.8398549707524,0.7311626771321798,31.0,31.0,0.6498274636719203,1.6498274636719203,26
2023-24,2023-12-21,0022300377,IND,MEM,0,0,1506.9556918735868,1483.0101299684864,-23.94556190510039,1396.1186811707396,0.607437356163792,13.0,-13.0,0.3140209253469976,1.3140209253469977,27
2023-24,2023-12-23,0022300391,IND,ORL,1,0,1483.0101299684864,1466.2413673062467,-16.768762662239578,1534.403757519964,0.4764251664939946,7.0,-7.0,0.1732351578346601,1.17323515783466,28
2023-24,2023-12-26,0022300409,IND,HOU,0,1,1466.2413673062467,1489.1844909538288,22.94312364758216,1550.8697181544617,0.3343365385822562,6.0,6.0,0.1488850336233179,1.1488850336233178,29
2023-24,2023-12-28,0022300422,IND,CHI,0,1,1489.1844909538288,1512.4232057551371,23.238714801308312,1497.0253483148683,0.438657625826738,16.0,16.0,0.3799489622552249,1.379948962255225,30
2023-24,2023-12-30,0022300441,IND,NYK,1,1,1512.4232057551371,1532.3084654588383,19.885259703701184,1544.6435162418566,0.5040002094227549,14.0,14.0,0.3363755443363322,1.3363755443363323,31
2023-24,2024-01-01,0022300454,IND,MIL,0,1,1532.3084654588383,1559.0849232885423,26.776457829704103,1670.8255445155569,0.2691686476227217,9.0,9.0,0.2212784678984439,1.221278467898444,32
2023-24,2024-01-03,0022300466,IND,MIL,1,1,1559.0849232885423,1581.2210920979433,22.136168809400775,1644.0490866858524,0.428587402824307,12.0,12.0,0.2913126124515909,1.2913126124515908,33
2023-24,2024-01-05,0022300480,IND,ATL,1,1,1581.2210920979433,1595.1257862338098,13.904694135866436,1447.0172919143763,0.7259191223086348,34.0,34.0,0.6910694698329306,1.6910694698329305,34
2023-24,2024-01-06,0022300493,IND,BOS,1,0,1595.1257862338098,1579.3893696964287,-15.736416537381135,1719.3299746013267,0.3743732656803785,17.0,-17.0,0.4011342849479459,1.401134284947946,35
2023-24,2024-01-08,0022300507,IND,BOS,1,1,1579.3893696964287,1600.399213227889,21.0098435314604,1735.0663911387078,0.3329943982365577,2.0,2.0,0.0499583749578799,1.04995837495788,36
2023-24,2024-01-10,0022300520,IND,WAS,1,1,1600.399213227889,1604.5498534195822,4.150640191693226,1281.8349752356985,0.88445170806556,8.0,8.0,0.197375320224904,1.197375320224904,37
2023-24,2024-01-12,0022300533,IND,ATL,0,1,1604.5498534195822,1618.5400191799984,13.990165760416115,1444.9272842548771,0.6720309551109487,18.0,18.0,0.4218990052500079,1.4218990052500078,38
2023-24,2024-01-14,0022300550,IND,DEN,0,0,1618.5400191799984,1601.9999261860053,-16.54009299399298,1611.0768064058664,0.4604541481860018,8.0,-8.0,0.197375320224904,1.197375320224904,39
2023-24,2024-01-15,0022300564,IND,UTA,0,0,1601.9999261860053,1579.9363363077694,-22.063589878235973,1592.718109548298,0.4630560111508986,27.0,-27.0,0.5882592563981054,1.5882592563981053,40
2023-24,2024-01-18,0022300583,IND,SAC,0,1,1579.9363363077694,1594.9300316527188,14.99369534494936,1506.2207626841184,0.5554867163211666,5.0,5.0,0.1243530017715962,1.124353001771596,41
2023-24,2024-01-19,0022300590,IND,POR,0,0,1594.9300316527188,1569.290520966923,-25.639510685795905,1324.3489302329626,0.7951273674115991,3.0,-3.0,0.074859690687499,1.0748596906874992,42
2023-24,2024-01-21,0022300604,IND,PHX,0,0,1569.290520966923,1552.8436317931046,-16.446889173818313,1557.0590573140737,0.4672802681255289,7.0,-7.0,0.1732351578346601,1.17323515783466,43
2023-24,2024-01-23,0022300614,IND,DEN,1,0,1552.8436317931046,1538.3198672055491,-14.52376458755548,1636.394187393142,0.4305813970248071,5.0,-5.0,0.1243530017715962,1.124353001771596,44
2023-24,2024-01-25,0022300627,IND,PHI,1,1,1538.3198672055491,1560.3771403355863,22.057273130037377,1621.8402529087757,0.4306239785949,12.0,12.0,0.2913126124515909,1.2913126124515908,45
2023-24,2024-01-26,0022300636,IND,PHX,1,1,1560.3771403355863,1576.5523851627197,16.175244827133124,1604.774223598707,0.4864798067897371,2.0,2.0,0.0499583749578799,1.04995837495788,46
2023-24,2024-01-28,0022300652,IND,MEM,1,1,1576.5523851627197,1588.4553532953007,11.902968132581096,1500.4512685136124,0.654651603243483,6.0,6.0,0.1488850336233179,1.1488850336233178,47
2023-24,2024-01-30,0022300670,IND,BOS,0,0,1588.4553532953007,1578.5854179716312,-9.869935323669452,1706.802573137772,0.292610811376789,5.0,-5.0,0.1243530017715962,1.124353001771596,48
2023-24,2024-02-01,0022300685,IND,NYK,0,0,1578.5854179716312,1567.8450943932116,-10.74032357841944,1670.1082624790315,0.3255626131679998,4.0,-4.0,0.0996679946249558,1.099667994624956,49
2023-24,2024-02-02,0022300691,IND,SAC,1,0,1567.8450943932116,1545.0681292525185,-22.776965140693143,1533.3956798964232,0.5986355143276502,11.0,-11.0,0.2682711820216014,1.2682711820216013,50
2023-24,2024-02-04,0022300707,IND,CHA,0,1,1545.0681292525185,1552.3097344757334,7.241605223214947,1240.6108730579056,0.825075530054867,16.0,16.0,0.3799489622552249,1.379948962255225,51
2023-24,2024-02-06,0022300719,IND,HOU,1,1,1552.3097344757334,1562.454093929955,10.144359454221595,1452.0314266713883,0.6854051574634489,3.0,3.0,0.074859690687499,1.0748596906874992,52
2023-24,2024-02-08,0022300733,IND,GSW,1,0,1562.454093929955,1534.2006160902563,-28.25347783969844,1506.7569943240062,0.6276373937739755,22.0,-22.0,0.5005202111902353,1.5005202111902354,53
2023-24,2024-02-10,0022300755,IND,NYK,0,1,1534.2006160902563,1561.4268151772264,27.22619908696985,1629.4305982407172,0.320894509472364,14.0,14.0,0.3363755443363322,1.3363755443363323,54
2023-24,2024-02-12,0022300761,IND,CHA,0,0,1561.4268151772264,1530.5540977652536,-30.87271741197279,1234.9357792266471,0.8426338525151723,9.0,-9.0,0.2212784678984439,1.221278467898444,55
2023-24,2024-02-14,0022300782,IND,TOR,0,1,1530.5540977652536,1540.2292795179114,9.675181752657782,1354.247436269316,0.692839196187312,2.0,2.0,0.0499583749578799,1.04995837495788,56
2023-24,2024-02-22,0022300793,IND,DET,1,1,1540.2292795179114,1546.0764794363556,5.8471999184442245,1268.1743243918531,0.8541527755621008,14.0,14.0,0.3363755443363322,1.3363755443363323,57
2023-24,2024-02-25,0022300819,IND,DAL,1,1,1546.0764794363556,1569.5305429523237,23.45406351596801,1595.691784913955,0.4789792824058023,22.0,22.0,0.5005202111902353,1.5005202111902354,58
2023-24,2024-02-26,0022300829,IND,TOR,1,0,1569.5305429523237,1541.7015495112098,-27.828993441113973,1389.959607126768,0.7747220934281166,8.0,-8.0,0.197375320224904,1.197375320224904,59
2023-24,2024-02-28,0022300843,IND,NOP,1,1,1541.7015495112098,1560.913819250297,19.21226973908719,1593.6530954693064,0.4756241036453285,9.0,9.0,0.2212784678984439,1.221278467898444,60
2023-24,2024-03-01,0022300863,IND,NOP,0,0,1560.913819250297,1540.3959888989702,-20.51783035132657,1574.440825730219,0.4306146339915442,27.0,-27.0,0.5882592563981054,1.5882592563981053,61
2023-24,2024-03-03,0022300877,IND,SAS,0,0,1540.3959888989702,1510.3963044565933,-29.99968444237689,1291.147803755322,0.7743976723917043,12.0,-12.0,0.2913126124515909,1.2913126124515908,62
2023-24,2024-03-05,0022300892,IND,DAL,0,1,1510.3963044565933,1535.3273567118306,24.931052255237404,1540.863870556472,0.4068840623613359,17.0,17.0,0.4011342849479459,1.401134284947946,63
2023-24,2024-03-07,0022300903,IND,MIN,1,0,1535.3273567118306,1521.8141300314292,-13.513226680401464,1619.9929755297094,0.4290083303205094,2.0,-2.0,0.0499583749578799,1.04995837495788,64
2023-24,2024-03-10,0022300928,IND,ORL,0,1,1521.8141300314292,1545.6236014730732,23.809471441644085,1552.83312003905,0.40611824915657,14.0,14.0,0.3363755443363322,1.3363755443363323,65
2023-24,2024-03-12,0022300941,IND,OKC,0,1,1545.6236014730732,1571.938733956579,26.315132483505707,1661.6373946940323,0.2953988808474704,10.0,10.0,0.2449186624037091,1.2449186624037092,66
2023-24,2024-03-13,0022300948,IND,CHI,1,0,1571.938733956579,1551.3687907094456,-20.569943247133335,1508.5608617613311,0.6379109579091958,3.0,-3.0,0.074859690687499,1.0748596906874992,67
2023-24,2024-03-16,0022300968,IND,BKN,1,1,1551.3687907094456,1562.806258147364,11.43746743791844,1402.247652368665,0.7426688491887374,21.0,21.0,0.4815497983643079,1.481549798364308,68
2023-24,2024-03-18,0022300983,IND,CLE,1,0,1562.806258147364,1544.7528729185967,-18.053385228767382,1573.2902513959136,0.5352229297003526,5.0,-5.0,0.1243530017715962,1.124353001771596,69
2023-24,2024-03-20,0022300997,IND,DET,0,1,1544.7528729185967,1554.650382455272,9.897509536675257,1298.6238793643477,0.7712452915910045,19.0,19.0,0.4422303560457261,1.442230356045726,70
2023-24,2024-03-22,0022301016,IND,GSW,0,1,1554.650382455272,1576.5950618033812,21.944679348109247,1566.1131880757068,0.4335304212549353,12.0,12.0,0.2913126124515909,1.2913126124515908,71
2023-24,2024-03-24,0022301032,IND,LAL,0,0,1576.5950618033812,1561.142168423952,-15.452893379429176,1570.7597248608045,0.4581269807341258,5.0,-5.0,0.1243530017715962,1.124353001771596,72
2023-24,2024-03-25,0022301043,IND,LAC,0,1,1561.142168423952,1583.607699379798,22.465530955846074,1550.1258500608255,0.4655394276578161,17.0,17.0,0.4011342849479459,1.401134284947946,73
2023-24,2024-03-27,0022301054,IND,CHI,0,0,1583.607699379798,1555.050407315143,-28.557292064655005,1474.0588737940134,0.6056677012538569,26.0,-26.0,0.5716699660851172,1.5716699660851172,74
2023-24,2024-03-29,0022301063,IND,LAL,1,1,1555.050407315143,1578.1525424705023,23.102135155359385,1613.6738987094236,0.4660553575112118,19.0,19.0,0.4422303560457261,1.442230356045726,75
2023-24,2024-04-01,0022301089,IND,BKN,1,1,1578.1525424705023,1588.105010029463,9.952467558960771,1394.3845344815295,0.778910729653633,22.0,22.0,0.5005202111902353,1.5005202111902354,76
2023-24,2024-04-03,0022301106,IND,BKN,0,0,1588.105010029463,1564.1769808980907,-23.928029131372256,1384.432066922569,0.7253107073628757,4.0,-4.0,0.0996679946249558,1.099667994624956,77
2023-24,2024-04-05,0022301116,IND,OKC,1,1,1564.1769808980907,1585.9129460645322,21.735965166441428,1628.5439468410736,0.4578378994696961,14.0,14.0,0.3363755443363322,1.3363755443363323,78
2023-24,2024-04-07,0022301133,IND,MIA,1,1,1585.9129460645322,1598.675403795665,12.7624577311329,1554.2132002278586,0.5948265494605957,2.0,2.0,0.0499583749578799,1.04995837495788,79
2023-24,2024-04-09,0022301146,IND,TOR,0,1,1598.675403795665,1605.6441823418447,6.96877854617971,1282.9872934460006,0.8342110240956524,17.0,17.0,0.4011342849479459,1.401134284947946,80
2023-24,2024-04-12,0022301174,IND,CLE,0,0,1605.6441823418447,1583.1556267424162,-22.48855559942863,1490.159658768136,0.6137981956489298,9.0,-9.0,0.2212784678984439,1.221278467898444,81
2023-24,2024-04-14,0022301188,IND,ATL,1,1,1583.1556267424162,1597.928626411174,14.7729996687579,1450.9431666657329,0.7236325259537254,42.0,42.0,0.7818063576087741,1.781806357608774,82
2023-24,2023-10-25,0022300074,LAC,POR,1,1,1500.0,1517.4249974469776,17.42499744697771,1500.0,0.550199353253537,12.0,12.0,0.2913126124515909,1.2913126124515908,1
2023-24,2023-10-27,0022300085,LAC,UTA,0,0,1517.4249974469776,1501.4398124756567,-15.985184971320878,1477.2225892033289,0.5074863077933014,2.0,-2.0,0.0499583749578799,1.04995837495788,2
2023-24,2023-10-29,0022300099,LAC,SAS,1,1,1501.4398124756567,1524.752922254595,23.3131097789383,1495.346782790024,0.5588633984333806,40.0,40.0,0.7615941559557649,1.7615941559557649,3
2023-24,2023-10-31,0022300114,LAC,ORL,1,1,1524.752922254595,1543.193647234601,18.440724980005992,1521.6924359632949,0.5545553861192891,16.0,16.0,0.3799489622552249,1.379948962255225,4
2023-24,2023-11-01,0022300127,LAC,LAL,0,0,1543.193647234601,1525.9979942554055,-17.195652979195255,1501.3871969663132,0.509794016413611,5.0,-5.0,0.1243530017715962,1.124353001771596,5
2023-24,2023-11-06,0022300151,LAC,NYK,0,0,1525.9979942554055,1504.8339989154797,-21.163995339925997,1471.5941314251309,0.5278954065873853,14.0,-14.0,0.3363755443363322,1.3363755443363323,6
2023-24,2023-11-08,0022300160,LAC,BKN,0,0,1504.8339989154797,1488.1911547247464,-16.642844190733353,1488.7199721526017,0.4728476378497904,7.0,-7.0,0.1732351578346601,1.17323515783466,7
2023-24,2023-11-10,0022300014,LAC,DAL,0,0,1488.1911547247464,1472.8627658276494,-15.32838889709702,1553.639385077366,0.3593407792560222,18.0,-18.0,0.4218990052500079,1.4218990052500078,8
2023-24,2023-11-12,0022300179,LAC,MEM,1,0,1472.8627658276494,1451.1098704089795,-21.75289541866975,1393.1183220549694,0.6593776644403968,4.0,-4.0,0.0996679946249558,1.099667994624956,9
2023-24,2023-11-14,0022300024,LAC,DEN,0,0,1451.1098704089795,1442.4965228921587,-8.613347516820836,1591.4445316368303,0.2671154071378249,3.0,-3.0,0.074859690687499,1.0748596906874992,10
2023-24,2023-11-17,0022300037,LAC,HOU,1,1,1442.4965228921587,1463.5846463853031,21.08812349314445,1556.5496693710616,0.3881568397191323,6.0,6.0,0.1488850336233179,1.1488850336233178,11
2023-24,2023-11-20,0022300223,LAC,SAS,0,1,1463.5846463853031,1483.0473594204493,19.46271303514627,1370.5963958209795,0.5826854386728495,25.0,25.0,0.5545997223493823,1.5545997223493822,12
2023-24,2023-11-22,0022300235,LAC,SAS,0,1,1483.0473594204493,1495.8604296195615,12.813070199112522,1351.1336827858331,0.6359618639807183,7.0,7.0,0.1732351578346601,1.17323515783466,13
2023-24,2023-11-24,0022300052,LAC,NOP,1,0,1495.8604296195615,1477.4824966251256,-18.377932994436087,1536.3652795676255,0.4920785469617663,10.0,-10.0,0.2449186624037091,1.2449186624037092,14
2023-24,2023-11-25,0022300244,LAC,DAL,1,1,1477.4824966251256,1501.3494518293733,23.866955204247702,1548.4810105295765,0.4483785685553134,19.0,19.0,0.4422303560457261,1.442230356045726,15
2023-24,2023-11-27,0022300257,LAC,DEN,1,0,1501.3494518293733,1483.1318811511724,-18.21757067820092,1538.2765045727035,0.4972267766130199,9.0,-9.0,0.2212784678984439,1.221278467898444,16
2023-24,2023-11-29,0022300264,LAC,SAC,0,1,1483.1318811511724,1509.615956554578,26.484075403405654,1563.818416011555,0.3394053661126592,14.0,14.0,0.3363755443363322,1.3363755443363323,17
2023-24,2023-11-30,0022300273,LAC,GSW,0,0,1509.615956554578,1492.081050259177,-17.534906295401264,1468.5342355297305,0.5087514062830181,6.0,-6.0,0.1488850336233179,1.1488850336233178,18
2023-24,2023-12-02,0022300280,LAC,GSW,1,1,1492.081050259177,1505.6494720155722,13.56842175639542,1486.0691418251315,0.5587482704147599,1.0,1.0,0.0249947929684206,1.0249947929684209,19
2023-24,2023-12-06,0022301215,LAC,DEN,1,1,1505.6494720155722,1525.641970984286,19.992498968713868,1572.4738613271509,0.4543286811260815,9.0,9.0,0.2212784678984439,1.221278467898444,20
2023-24,2023-12-08,0022301225,LAC,UTA,0,1,1525.641970984286,1540.4081942948314,14.766223310545415,1396.9296670772244,0.6316847866822599,14.0,14.0,0.3363755443363322,1.3363755443363323,21
2023-24,2023-12-11,0022300304,LAC,POR,1,1,1540.4081942948314,1548.8620272826502,8.453832987818686,1385.1411180086293,0.7493719210218874,5.0,5.0,0.1243530017715962,1.124353001771596,22
2023-24,2023-12-12,0022300309,LAC,SAC,1,1,1548.8620272826502,1569.9795607563372,21.11753347368696,1570.9574331073252,0.5185626685515642,20.0,20.0,0.4621171572600097,1.4621171572600098,23
2023-24,2023-12-14,0022300325,LAC,GSW,1,1,1569.9795607563372,1580.939594309511,10.960033553173773,1461.9979488977156,0.6948872708485105,8.0,8.0,0.197375320224904,1.197375320224904,24
2023-24,2023-12-16,0022300343,LAC,NYK,1,1,1580.939594309511,1599.535121849422,18.595527539910975,1554.92935227739,0.586909317599023,22.0,22.0,0.5005202111902353,1.5005202111902354,25
2023-24,2023-12-18,0022300350,LAC,IND,0,1,1599.535121849422,1619.2174216287092,19.68229977928723,1513.331935697053,0.573158424167844,24.0,24.0,0.5370495669980352,1.5370495669980353,26
2023-24,2023-12-20,0022300372,LAC,DAL,0,1,1619.2174216287092,1634.763527397286,15.546105768576831,1531.2169190386228,0.5756876590881488,9.0,9.0,0.2212784678984439,1.221278467898444,27
2023-24,2023-12-21,0022300379,LAC,OKC,0,0,1634.763527397286,1613.7476374316966,-21.015889965589317,1609.6843882550395,0.4857266126614752,19.0,-19.0,0.4422303560457261,1.442230356045726,28
2023-24,2023-12-23,0022300389,LAC,BOS,1,0,1613.7476374316966,1590.3717265583343,-23.375910873362265,1683.005673308753,0.4508578809848277,37.0,-37.0,0.7282542059818115,1.7282542059818111,29
2023-24,2023-12-26,0022300414,LAC,CHA,1,1,1590.3717265583343,1596.148024421942,5.776297863607727,1334.2616156752115,0.842342866773388,9.0,9.0,0.2212784678984439,1.221278467898444,30
2023-24,2023-12-29,0022300438,LAC,MEM,1,1,1596.148024421942,1606.063548070278,9.915523648335911,1449.9902648293078,0.7393952810488909,11.0,11.0,0.2682711820216014,1.2682711820216013,31
2023-24,2024-01-01,0022300458,LAC,MIA,1,1,1606.063548070278,1622.5311232097497,16.46757513947161,1564.6472149060178,0.6082322892155099,17.0,17.0,0.4011342849479459,1.401134284947946,32
2023-24,2024-01-03,0022300473,LAC,PHX,0,1,1622.5311232097497,1636.7907639778814,14.259640768131945,1509.2405123970284,0.6108001807682266,9.0,9.0,0.2212784678984439,1.221278467898444,33
2023-24,2024-01-05,0022300486,LAC,NOP,0,1,1636.7907639778814,1657.508266600991,20.71750262310946,1602.0973946751424,0.4995587230692158,16.0,16.0,0.3799489622552249,1.379948962255225,34
2023-24,2024-01-07,0022300505,LAC,LAL,0,0,1657.508266600991,1633.6041384140551,-23.904128186935765,1439.620149477209,0.7413100331153072,3.0,-3.0,0.074859690687499,1.0748596906874992,35
2023-24,2024-01-08,0022300511,LAC,PHX,1,1,1633.6041384140551,1646.424402106676,12.820263692620838,1494.9939314388614,0.7309367967692513,27.0,27.0,0.5882592563981054,1.5882592563981053,36
2023-24,2024-01-10,0022300526,LAC,TOR,1,1,1646.424402106676,1653.2124539401882,6.7880518335122595,1437.2654470934149,0.8030539280881652,6.0,6.0,0.1488850336233179,1.1488850336233178,37
2023-24,2024-01-12,0022300537,LAC,MEM,0,1,1653.2124539401882,1664.8682271256796,11.655773185491324,1485.7739683922246,0.6818696283753536,9.0,9.0,0.2212784678984439,1.221278467898444,38
2023-24,2024-01-14,0022300553,LAC,MIN,0,0,1664.8682271256796,1648.4794481675756,-16.388778958104098,1632.1060177554225,0.4967796049416874,4.0,-4.0,0.0996679946249558,1.099667994624956,39
2023-24,2024-01-16,0022300568,LAC,OKC,1,1,1648.4794481675756,1665.5761549333754,17.096706765799713,1648.158976067991,0.5506558584590227,11.0,11.0,0.2682711820216014,1.2682711820216013,40
2023-24,2024-01-21,0022300600,LAC,BKN,1,1,1665.5761549333754,1671.3391598542153,5.7630049208398475,1401.234732399351,0.8485338413809965,11.0,11.0,0.2682711820216014,1.2682711820216013,41
2023-24,2024-01-23,0022300618,LAC,LAL,1,1,1671.3391598542153,1679.3411699970768,8.00201014286154,1476.5034091501464,0.789687193709196,11.0,11.0,0.2682711820216014,1.2682711820216013,42
2023-24,2024-01-26,0022300637,LAC,TOR,0,1,1679.3411699970768,1687.788293568505,8.447123571428088,1395.342986798368,0.8074225554934805,20.0,20.0,0.4621171572600097,1.4621171572600098,43
2023-24,2024-01-27,0022300646,LAC,BOS,0,1,1687.788293568505,1713.7558874028257,25.96759383432066,1723.3493961768977,0.3998278724923895,19.0,19.0,0.4422303560457261,1.442230356045726,44
2023-24,2024-01-29,0022300658,LAC,CLE,0,0,1713.7558874028257,1693.333643566346,-20.42224383647986,1646.1292191957027,0.5468160143905375,10.0,-10.0,0.2449186624037091,1.2449186624037092,45
2023-24,2024-01-31,0022300676,LAC,WAS,0,1,1693.333643566346,1697.694674357921,4.361030791575209,1286.7129294432318,0.89465719600605,16.0,16.0,0.3799489622552249,1.379948962255225,46
2023-24,2024-02-02,0022300688,LAC,DET,0,1,1697.694674357921,1700.640517008288,2.945842650367024,1232.2442987736024,0.9225758998515496,11.0,11.0,0.2682711820216014,1.2682711820216013,47
2023-24,2024-02-04,0022300708,LAC,MIA,0,1,1700.640517008288,1709.5280565213047,8.887539513016646,1472.3908097112885,0.7525827431912412,8.0,8.0,0.197375320224904,1.197375320224904,48
2023-24,2024-02-05,0022300716,LAC,ATL,0,1,1709.5280565213047,1717.2820155335469,7.7539590122421105,1464.5043265505828,0.7701208606186692,5.0,5.0,0.1243530017715962,1.124353001771596,49
2023-24,2024-02-07,0022300731,LAC,NOP,1,0,1717.2820155335469,1689.780335665737,-27.50167986780983,1585.7809379203063,0.7228128142114594,11.0,-11.0,0.2682711820216014,1.2682711820216013,50
2023-24,2024-02-10,0022300749,LAC,DET,1,1,1689.780335665737,1692.2724645806911,2.492128914954366,1281.487455803799,0.9276942762759948,6.0,6.0,0.1488850336233179,1.1488850336233178,51
2023-24,2024-02-12,0022300770,LAC,MIN,1,0,1692.2724645806911,1663.5974216022712,-28.675042978420045,1623.4194936742526,0.6451587162325666,21.0,-21.0,0.4815497983643079,1.481549798364308,52
2023-24,2024-02-14,0022300789,LAC,GSW,0,1,1663.5974216022712,1677.9210676313885,14.323646029117374,1575.8359923313392,0.5753514537828066,5.0,5.0,0.1243530017715962,1.124353001771596,53
2023-24,2024-02-22,0022300799,LAC,OKC,0,0,1677.9210676313885,1655.185469204264,-22.73559842712439,1639.404647966576,0.5050603619014273,22.0,-22.0,0.5005202111902353,1.5005202111902354,54
2023-24,2024-02-23,0022300807,LAC,MEM,0,1,1655.185469204264,1663.0956107329373,7.910141528673281,1409.79142818974,0.7704980249785736,6.0,6.0,0.1488850336233179,1.1488850336233178,55
2023-24,2024-02-25,0022300827,LAC,SAC,1,0,1663.0956107329373,1634.23046798092,-28.865142752017228,1553.172662921495,0.6972514573979475,16.0,-16.0,0.3799489622552249,1.379948962255225,56
2023-24,2024-02-28,0022300848,LAC,LAL,1,0,1634.23046798092,1611.5558077835478,-22.674660197372393,1532.4082394570505,0.6873183636092405,4.0,-4.0,0.0996679946249558,1.099667994624956,57
2023-24,2024-03-01,0022300865,LAC,WAS,1,1,1611.5558077835478,1615.2300658144732,3.6742580309252646,1219.3828624457112,0.9212174903052096,25.0,25.0,0.5545997223493823,1.5545997223493822,58
2023-24,2024-03-03,0022300873,LAC,MIN,0,1,1615.2300658144732,1632.9147371042352,17.684671289762125,1632.822803326502,0.4248858169465525,1.0,1.0,0.0249947929684206,1.0249947929684209,59
2023-24,2024-03-04,0022300880,LAC,MIL,0,0,1632.9147371042352,1615.3878637337048,-17.52687337053036,1599.329360353664,0.4979642047458532,7.0,-7.0,0.1732351578346601,1.17323515783466,60
2023-24,2024-03-06,0022300897,LAC,HOU,0,1,1615.3878637337048,1626.1787826310856,10.790918897380797,1443.8906019307458,0.6869161960923473,6.0,6.0,0.1488850336233179,1.1488850336233178,61
2023-24,2024-03-09,0022300917,LAC,CHI,1,1,1626.1787826310856,1639.018330665727,12.83954803464142,1548.8754446156377,0.6562145404249246,10.0,10.0,0.2449186624037091,1.2449186624037092,62
2023-24,2024-03-10,0022300924,LAC,MIL,1,0,1639.018330665727,1616.6107871857298,-22.40754347999727,1576.6022109195378,0.6366312081700927,7.0,-7.0,0.1732351578346601,1.17323515783466,63
2023-24,2024-03-12,0022300944,LAC,MIN,1,0,1616.6107871857298,1591.869726393768,-24.74106079196199,1595.5390033187357,0.5800004243295243,18.0,-18.0,0.4218990052500079,1.4218990052500078,64
2023-24,2024-03-14,0022300956,LAC,CHI,0,1,1591.869726393768,1610.621785896079,18.75205950231113,1529.1308050084644,0.5398349132297962,15.0,15.0,0.3583573983507859,1.358357398350786,65
2023-24,2024-03-15,0022300964,LAC,NOP,0,0,1610.621785896079,1594.286398088114,-16.335387807965226,1607.147169184972,0.4547554285901749,8.0,-8.0,0.197375320224904,1.197375320224904,66
2023-24,2024-03-17,0022300982,LAC,ATL,1,0,1594.286398088114,1562.5814099903232,-31.70498809779071,1434.459351579114,0.754269557134052,17.0,-17.0,0.4011342849479459,1.401134284947946,67
2023-24,2024-03-20,0022301003,LAC,POR,0,1,1562.5814099903232,1571.9639111306378,9.38250114031465,1325.4397228783807,0.7619900627321445,13.0,13.0,0.3140209253469976,1.3140209253469977,68
2023-24,2024-03-22,0022301017,LAC,POR,0,1,1571.9639111306378,1579.829820967597,7.865909836959158,1316.057221738066,0.7810235519836365,8.0,8.0,0.197375320224904,1.197375320224904,69
2023-24,2024-03-24,0022301028,LAC,PHI,1,0,1579.829820967597,1550.1258500608255,-29.703970906771428,1432.305010023318,0.7409087720553617,14.0,-14.0,0.3363755443363322,1.3363755443363323,70
2023-24,2024-03-25,0022301043,LAC,IND,1,0,1550.1258500608255,1527.6603191049794,-22.465530955846074,1561.142168423952,0.5344605723421839,17.0,-17.0,0.4011342849479459,1.401134284947946,71
2023-24,2024-03-27,0022301052,LAC,PHI,0,1,1527.6603191049794,1541.1752989218342,13.514979816854815,1450.4233356717298,0.5604862284969935,1.0,1.0,0.0249947929684206,1.0249947929684209,72
2023-24,2024-03-29,0022301064,LAC,ORL,0,1,1541.1752989218342,1559.2086284955851,18.033329573751185,1547.5379506797117,0.4407539970103215,3.0,3.0,0.074859690687499,1.0748596906874992,73
2023-24,2024-03-31,0022301079,LAC,CHA,0,1,1559.2086284955851,1566.730854931208,7.522226435622691,1276.9898782336986,0.8058248027862247,12.0,12.0,0.2913126124515909,1.2913126124515908,74
2023-24,2024-04-02,0022301101,LAC,SAC,0,0,1566.730854931208,1548.0243270407454,-18.70652789046257,1554.9751576924352,0.4665985787638399,14.0,-14.0,0.3363755443363322,1.3363755443363323,75
2023-24,2024-04-04,0022301114,LAC,DEN,1,1,1548.0243270407454,1567.910326139138,19.885999098392528,1676.4692303802674,0.3686734137058761,2.0,2.0,0.0499583749578799,1.04995837495788,76
2023-24,2024-04-05,0022301126,LAC,UTA,1,1,1567.910326139138,1575.5165346434187,7.606208504280586,1310.2907796844977,0.8434933495928137,29.0,29.0,0.619996867969374,1.619996867969374,77
2023-24,2024-04-07,0022301132,LAC,CLE,1,1,1575.5165346434187,1586.0392912112495,10.522756567831127,1490.6793183959642,0.6659309924785269,2.0,2.0,0.0499583749578799,1.04995837495788,78
2023-24,2024-04-09,0022301156,LAC,PHX,0,1,1586.0392912112495,1609.351700225747,23.312409014497323,1615.2551454362983,0.4086241052226484,13.0,13.0,0.3140209253469976,1.3140209253469977,79
2023-24,2024-04-10,0022301165,LAC,PHX,1,0,1609.351700225747,1585.5535560961844,-23.79814412956265,1591.942736421801,0.5748556596535228,16.0,-16.0,0.3799489622552249,1.379948962255225,80
2023-24,2024-04-12,0022301184,LAC,UTA,1,0,1585.5535560961844,1559.3838472451175,-26.16970885106661,1317.7853089890386,0.851051765680299,1.0,-1.0,0.0249947929684206,1.0249947929684209,81
2023-24,2024-04-14,0022301199,LAC,HOU,1,0,1559.3838472451175,1535.9327068952723,-23.451140349845385,1512.0236459321306,0.616354522131581,11.0,-11.0,0.2682711820216014,1.2682711820216013,82
2023-24,2023-10-24,0022300061,LAL,DEN,0,0,1500.0,1482.5750025530224,-17.42499744697771,1500.0,0.449800646746463,12.0,-12.0,0.2913126124515909,1.2913126124515908,1
2023-24,2023-10-26,0022300076,LAL,PHX,1,1,1482.5750025530224,1499.4682625348603,16.89325998183783,1518.151098583088,0.4991709319279674,5.0,5.0,0.1243530017715962,1.124353001771596,2
2023-24,2023-10-29,0022300100,LAL,SAC,0,0,1499.4682625348603,1484.3675355077676,-15.100727027092685,1500.952984466242,0.4476864176789998,5.0,-5.0,0.1243530017715962,1.124353001771596,3
2023-24,2023-10-30,0022300111,LAL,ORL,1,1,1484.3675355077676,1501.3871969663132,17.019661458545578,1538.7120974218403,0.4721896694671685,3.0,3.0,0.074859690687499,1.0748596906874992,4
2023-24,2023-11-01,0022300127,LAL,LAC,1,1,1501.3871969663132,1518.5828499455083,17.195652979195255,1543.193647234601,0.490205983586389,5.0,5.0,0.1243530017715962,1.124353001771596,5
2023-24,2023-11-04,0022300134,LAL,ORL,0,0,1518.5828499455083,1499.1811613307652,-19.40168861474324,1519.5532298256942,0.448418625439243,19.0,-19.0,0.4422303560457261,1.442230356045726,6
2023-24,2023-11-06,0022300150,LAL,MIA,0,0,1499.1811613307652,1483.73438647066,-15.44677486010526,1462.557448437418,0.5023366936779214,1.0,-1.0,0.0249947929684206,1.0249947929684209,7
2023-24,2023-11-08,0022300163,LAL,HOU,0,0,1483.73438647066,1462.4318844255108,-21.30250204514921,1504.8757779705354,0.4199019698316276,34.0,-34.0,0.6910694698329306,1.6910694698329305,8
2023-24,2023-11-10,0022300015,LAL,PHX,0,1,1462.4318844255108,1482.0861144232322,19.65422999772145,1504.782472320412,0.3904869578791176,3.0,3.0,0.074859690687499,1.0748596906874992,9
2023-24,2023-11-12,0022300187,LAL,POR,1,1,1482.0861144232322,1496.5012514013104,14.415136978078232,1459.755622017181,0.5817644482489769,6.0,6.0,0.1488850336233179,1.1488850336233178,10
2023-24,2023-11-14,0022300026,LAL,MEM,1,1,1496.5012514013104,1512.6151914231723,16.11394002186186,1414.8712174736393,0.6618112994473068,27.0,27.0,0.5882592563981054,1.5882592563981053,11
2023-24,2023-11-15,0022300198,LAL,SAC,1,0,1512.6151914231723,1490.1781889302836,-22.43700249288864,1512.3398797748423,0.5505915335716,15.0,-15.0,0.3583573983507859,1.358357398350786,12
2023-24,2023-11-17,0022300036,LAL,POR,0,1,1490.1781889302836,1506.874311869212,16.696122938928255,1406.9141492049027,0.569014175242192,12.0,12.0,0.2913126124515909,1.2913126124515908,13
2023-24,2023-11-19,0022300216,LAL,HOU,1,1,1506.874311869212,1521.965484529475,15.091172660262748,1535.4615458779172,0.5092276642512434,1.0,1.0,0.0249947929684206,1.0249947929684209,14
2023-24,2023-11-21,0022300042,LAL,UTA,1,1,1521.965484529475,1537.6634006264176,15.697916096942985,1421.5741057477396,0.6855454883885329,32.0,32.0,0.664036770267849,1.664036770267849,15
2023-24,2023-11-22,0022300238,LAL,DAL,1,0,1537.6634006264176,1519.5891815960672,-18.0742190303504,1530.406791499226,0.5605140586237761,3.0,-3.0,0.074859690687499,1.0748596906874992,16
2023-24,2023-11-25,0022300242,LAL,CLE,0,1,1519.5891815960672,1538.7386829146917,19.149501318624317,1523.3821206060893,0.4444033197928366,6.0,6.0,0.1488850336233179,1.1488850336233178,17
2023-24,2023-11-27,0022300255,LAL,PHI,0,0,1538.7386829146917,1518.1170739767535,-20.62160893793805,1587.4737209067928,0.3817758056462419,44.0,-44.0,0.8004990217606297,1.8004990217606296,18
2023-24,2023-11-29,0022300258,LAL,DET,0,1,1518.1170739767535,1531.0624509332856,12.945376956532185,1314.3285283034552,0.7254432708333818,26.0,26.0,0.5716699660851172,1.5716699660851172,19
2023-24,2023-11-30,0022300271,LAL,OKC,0,0,1531.0624509332856,1513.3594795668594,-17.702971366426173,1574.884332908141,0.3884730504716873,23.0,-23.0,0.5190218338982221,1.519021833898222,20
2023-24,2023-12-02,0022300291,LAL,HOU,1,1,1513.3594795668594,1529.836919297931,16.477439731071538,1507.3053926379014,0.5588081313077747,10.0,10.0,0.2449186624037091,1.2449186624037092,21
2023-24,2023-12-05,0022301203,LAL,PHX,1,1,1529.836919297931,1545.274341875716,15.437422577785089,1550.0566156775085,0.5212577445678501,3.0,3.0,0.074859690687499,1.0748596906874992,22
2023-24,2023-12-07,0022301230,LAL,NOP,1,1,1545.274341875716,1569.3145264207326,24.040184545016363,1541.9470236533973,0.5549347846630409,44.0,44.0,0.8004990217606297,1.8004990217606296,23
2023-24,2023-12-12,0022300306,LAL,DAL,0,0,1569.3145264207326,1553.9949717889283,-15.31955463180404,1543.7988516441897,0.4863543481717738,2.0,-2.0,0.0499583749578799,1.04995837495788,24
2023-24,2023-12-13,0022300316,LAL,SAS,0,1,1553.9949717889283,1560.5179735886834,6.523001799754755,1280.6467495442937,0.7977099753493553,3.0,3.0,0.074859690687499,1.0748596906874992,25
2023-24,2023-12-15,0022300331,LAL,SAS,0,0,1560.5179735886834,1528.061763510972,-32.45621007771127,1274.1237477445386,0.8095581169844887,14.0,-14.0,0.3363755443363322,1.3363755443363323,26
2023-24,2023-12-18,0022300359,LAL,NYK,1,0,1528.061763510972,1509.9015883726477,-18.1601751383244,1536.3338247374788,0.5383888959460884,5.0,-5.0,0.1243530017715962,1.124353001771596,27
2023-24,2023-12-20,0022300370,LAL,CHI,0,0,1509.9015883726477,1489.2012214570457,-20.700366915601883,1474.8825797242978,0.500027355643928,16.0,-16.0,0.3799489622552249,1.379948962255225,28
2023-24,2023-12-21,0022300380,LAL,MIN,0,0,1489.2012214570457,1480.695320715714,-8.505900741331784,1652.8600376515687,0.2416651281012978,7.0,-7.0,0.1732351578346601,1.17323515783466,29
2023-24,2023-12-23,0022300397,LAL,OKC,0,1,1480.695320715714,1507.941064936295,27.24574422058134,1630.700278220629,0.256360037541496,9.0,9.0,0.2212784678984439,1.221278467898444,30
2023-24,2023-12-25,0022300403,LAL,BOS,1,0,1507.941064936295,1497.2597796206544,-10.681285315640949,1706.3815841821154,0.2807308475519978,11.0,-11.0,0.2682711820216014,1.2682711820216013,31
2023-24,2023-12-28,0022300428,LAL,CHA,1,1,1497.2597796206544,1507.7629093505018,10.503129729847416,1328.485317811604,0.763690478231122,21.0,21.0,0.4815497983643079,1.481549798364308,32
2023-24,2023-12-30,0022300443,LAL,MIN,0,0,1507.7629093505018,1499.8352291013466,-7.927680249155212,1662.0561856700194,0.2516823662802581,2.0,-2.0,0.0499583749578799,1.04995837495788,33
2023-24,2023-12-31,0022300446,LAL,NOP,0,0,1499.8352291013466,1483.0330698463956,-16.80215925495089,1547.6290087921675,0.3830554702022634,20.0,-20.0,0.4621171572600097,1.4621171572600098,34
2023-24,2024-01-03,0022300475,LAL,MIA,1,0,1483.0330698463956,1464.722420333362,-18.31064951303372,1548.1796397665462,0.4567241494013598,14.0,-14.0,0.3363755443363322,1.3363755443363323,35
2023-24,2024-01-05,0022300491,LAL,MEM,1,0,1464.722420333362,1439.620149477209,-25.10227085615284,1410.146227178718,0.6261281609184957,14.0,-14.0,0.3363755443363322,1.3363755443363323,36
2023-24,2024-01-07,0022300505,LAL,LAC,1,1,1439.620149477209,1463.5242776641448,23.904128186935765,1657.508266600991,0.2586899668846928,3.0,3.0,0.074859690687499,1.0748596906874992,37
2023-24,2024-01-09,0022300516,LAL,TOR,1,1,1463.5242776641448,1476.7887316416263,13.264453977481562,1450.529901070896,0.5686334516533741,1.0,1.0,0.0249947929684206,1.0249947929684209,38
2023-24,2024-01-11,0022300531,LAL,PHX,1,0,1476.7887316416263,1453.646617992903,-23.14211364872346,1482.1736677462409,0.5425165820093872,18.0,-18.0,0.4218990052500079,1.4218990052500078,39
2023-24,2024-01-13,0022300549,LAL,UTA,0,0,1453.646617992903,1443.7976815069462,-9.84893648595666,1582.8691730623411,0.2798227454001066,7.0,-7.0,0.1732351578346601,1.17323515783466,40
2023-24,2024-01-15,0022300565,LAL,OKC,1,1,1443.7976815069462,1470.387906479942,26.590224972995685,1674.7492010409867,0.2445326697598858,7.0,7.0,0.1732351578346601,1.17323515783466,41
2023-24,2024-01-17,0022300577,LAL,DAL,1,1,1470.387906479942,1493.0691531156306,22.68124663568861,1532.9573139062518,0.4604074979501044,17.0,17.0,0.4011342849479459,1.401134284947946,42
2023-24,2024-01-19,0022300591,LAL,BKN,1,0,1493.0691531156306,1462.698918456107,-30.37023465952324,1370.8644977398278,0.7119641771881293,18.0,-18.0,0.4218990052500079,1.4218990052500078,43
2023-24,2024-01-21,0022300605,LAL,POR,1,1,1462.698918456107,1476.5034091501464,13.804490694038922,1349.9884409187584,0.7006279435086783,24.0,24.0,0.5370495669980352,1.5370495669980353,44
2023-24,2024-01-23,0022300618,LAL,LAC,0,0,1476.5034091501464,1468.5013990072848,-8.00201014286154,1671.3391598542153,0.2103128062908039,11.0,-11.0,0.2682711820216014,1.2682711820216013,45
2023-24,2024-01-25,0022300633,LAL,CHI,1,1,1468.5013990072848,1487.018350020785,18.516951013500247,1507.2524623599056,0.4946019956348444,9.0,9.0,0.2212784678984439,1.221278467898444,46
2023-24,2024-01-27,0022300650,LAL,GSW,0,1,1487.018350020785,1502.0905299354004,15.072179914615296,1445.176238244784,0.5098453176538995,1.0,1.0,0.0249947929684206,1.0249947929684209,47
2023-24,2024-01-29,0022300662,LAL,HOU,0,0,1502.0905299354004,1479.6695523127878,-22.420977622612547,1438.124231741405,0.5415895378712741,16.0,-16.0,0.3799489622552249,1.379948962255225,48
2023-24,2024-01-30,0022300669,LAL,ATL,0,0,1479.6695523127878,1456.234691421945,-23.434860890842923,1398.4820278764028,0.5660803776526093,16.0,-16.0,0.3799489622552249,1.379948962255225,49
2023-24,2024-02-01,0022300684,LAL,BOS,0,1,1456.234691421945,1487.2169301639285,30.98223874198366,1716.6725084614416,0.1543768939310132,9.0,9.0,0.2212784678984439,1.221278467898444,50
2023-24,2024-02-03,0022300701,LAL,NYK,0,1,1487.2169301639285,1515.542054566051,28.325124402122803,1680.8485860574513,0.2114662817446838,8.0,8.0,0.197375320224904,1.197375320224904,51
2023-24,2024-02-05,0022300713,LAL,CHA,0,1,1515.542054566051,1522.2360309463772,6.693976380325826,1233.3692678346906,0.8057833991385958,6.0,6.0,0.1488850336233179,1.1488850336233178,52
2023-24,2024-02-08,0022300740,LAL,DEN,1,0,1522.2360309463772,1508.9511124662797,-13.28491848009764,1649.8149654536653,0.3698344274542734,8.0,-8.0,0.197375320224904,1.197375320224904,53
2023-24,2024-02-09,0022300747,LAL,NOP,1,1,1508.9511124662797,1534.1073193341983,25.156206867918613,1613.2826177881163,0.4015275780923644,17.0,17.0,0.4011342849479459,1.401134284947946,54
2023-24,2024-02-13,0022300776,LAL,DET,1,1,1534.1073193341983,1540.458644403255,6.351325069056743,1278.995326888845,0.841578337367462,14.0,14.0,0.3363755443363322,1.3363755443363323,55
2023-24,2024-02-14,0022300788,LAL,UTA,0,1,1540.458644403255,1561.5695997513992,21.110955348144223,1512.370270372803,0.4900546825624869,16.0,16.0,0.3799489622552249,1.379948962255225,56
2023-24,2024-02-22,0022300802,LAL,GSW,0,0,1561.5695997513992,1543.255549126749,-18.314050624650232,1576.0049010100315,0.4293331325931064,18.0,-18.0,0.4218990052500079,1.4218990052500078,57
2023-24,2024-02-23,0022300813,LAL,SAS,1,1,1543.255549126749,1548.2039786664948,4.94842953974591,1272.393149094121,0.8532954943287717,5.0,5.0,0.1243530017715962,1.124353001771596,58
2023-24,2024-02-25,0022300818,LAL,PHX,0,0,1548.2039786664948,1532.4082394570505,-15.795739209444564,1567.181582544156,0.4229389888799614,10.0,-10.0,0.2449186624037091,1.2449186624037092,59
2023-24,2024-02-28,0022300848,LAL,LAC,0,1,1532.4082394570505,1555.0828996544226,22.674660197372393,1634.23046798092,0.3126816363907595,4.0,4.0,0.0996679946249558,1.099667994624956,60
2023-24,2024-02-29,0022300856,LAL,WAS,1,1,1555.0828996544226,1558.5574228128835,3.4745231584608263,1222.857385604172,0.8922487840796393,3.0,3.0,0.074859690687499,1.0748596906874992,61
2023-24,2024-03-02,0022300869,LAL,DEN,1,0,1558.5574228128835,1542.939769804722,-15.617653008161678,1650.9342609836904,0.4181706398394162,10.0,-10.0,0.2449186624037091,1.2449186624037092,62
2023-24,2024-03-04,0022300884,LAL,OKC,1,1,1542.939769804722,1566.8405827183142,23.900812913592247,1660.7480720008336,0.3830357141220325,12.0,12.0,0.2913126124515909,1.2913126124515908,63
2023-24,2024-03-06,0022300901,LAL,SAC,1,0,1566.8405827183142,1545.1545947781765,-21.68598794013785,1545.3030377468904,0.5806534085331645,10.0,-10.0,0.2449186624037091,1.2449186624037092,64
2023-24,2024-03-08,0022300915,LAL,MIL,1,1,1545.1545947781765,1561.0766765839544,15.922081805778168,1592.524292725316,0.4822060913543029,1.0,1.0,0.0249947929684206,1.0249947929684209,65
2023-24,2024-03-10,0022300932,LAL,MIN,1,1,1561.0766765839544,1581.170420625795,20.0937440418406,1615.632747360576,0.4718862357230906,11.0,11.0,0.2682711820216014,1.2682711820216013,66
2023-24,2024-03-13,0022300954,LAL,SAC,0,0,1581.170420625795,1562.990430236769,-18.17999038902598,1573.1999787295267,0.4611796265528809,13.0,-13.0,0.3140209253469976,1.3140209253469977,67
2023-24,2024-03-16,0022300973,LAL,GSW,1,0,1562.990430236769,1543.4195160074978,-19.570914229271324,1558.8866748049577,0.5560384065257554,7.0,-7.0,0.1732351578346601,1.17323515783466,68
2023-24,2024-03-18,0022300990,LAL,ATL,1,1,1543.4195160074978,1560.4382125664947,17.0186965589969,1466.1643396769048,0.6561519929863974,31.0,31.0,0.6498274636719203,1.6498274636719203,69
2023-24,2024-03-22,0022301018,LAL,PHI,1,1,1560.4382125664947,1570.7597248608045,10.321512294309713,1442.6265223176276,0.7067506820667493,7.0,7.0,0.1732351578346601,1.17323515783466,70
2023-24,2024-03-24,0022301032,LAL,IND,1,1,1570.7597248608045,1586.2126182402335,15.452893379429176,1576.5950618033812,0.5418730192658742,5.0,5.0,0.1243530017715962,1.124353001771596,71
2023-24,2024-03-26,0022301045,LAL,MIL,0,1,1586.2126182402335,1606.1024751838888,19.88985694365513,1623.754338442992,0.3970950917042131,4.0,4.0,0.0996679946249558,1.099667994624956,72
2023-24,2024-03-27,0022301055,LAL,MEM,0,1,1606.1024751838888,1613.6738987094236,7.571423525534867,1325.290168825827,0.8045548523642589,12.0,12.0,0.2913126124515909,1.2913126124515908,73
2023-24,2024-03-29,0022301063,LAL,IND,0,0,1613.6738987094236,1590.5717635540643,-23.102135155359385,1555.050407315143,0.5339446424887881,19.0,-19.0,0.4422303560457261,1.442230356045726,74
2023-24,2024-03-31,0022301078,LAL,BKN,0,1,1590.5717635540643,1602.0772571886896,11.50549363462538,1405.890028116155,0.7030026263281076,12.0,12.0,0.2913126124515909,1.2913126124515908,75
2023-24,2024-04-02,0022301094,LAL,TOR,0,1,1602.0772571886896,1607.8201261068696,5.742868918180049,1246.8084803487734,0.8633757192327595,17.0,17.0,0.4011342849479459,1.401134284947946,76
2023-24,2024-04-03,0022301103,LAL,WAS,0,1,1607.8201261068696,1612.9913678302153,5.171241723345603,1275.958744254326,0.8466898528843554,5.0,5.0,0.1243530017715962,1.124353001771596,77
2023-24,2024-04-06,0022301127,LAL,CLE,1,1,1612.9913678302153,1626.129791415027,13.13842358481172,1503.817741980776,0.6963401505236573,19.0,19.0,0.4422303560457261,1.442230356045726,78
2023-24,2024-04-07,0022301143,LAL,MIN,1,0,1626.129791415027,1606.6001810862365,-19.529610328790465,1645.195450137027,0.5229152960907067,10.0,-10.0,0.2449186624037091,1.2449186624037092,79
2023-24,2024-04-09,0022301155,LAL,GSW,1,0,1606.6001810862365,1585.7194375639183,-20.880743522318305,1627.1174711731655,0.5208302314623207,14.0,-14.0,0.3363755443363322,1.3363755443363323,80
2023-24,2024-04-12,0022301177,LAL,MEM,0,1,1585.7194375639183,1592.5305150747274,6.811077510809221,1321.8350285800736,0.7887762291264659,3.0,3.0,0.074859690687499,1.0748596906874992,81
2023-24,2024-04-14,0022301195,LAL,NOP,0,1,1592.5305150747274,1616.9937815251787,24.463266450451364,1621.420136562341,0.4090779896073958,16.0,16.0,0.3799489622552249,1.379948962255225,82
2023-24,2023-10-25,0022300071,MEM,NOP,1,0,1500.0,1480.6346032483518,-19.365396751648237,1500.0,0.550199353253537,7.0,-7.0,0.1732351578346601,1.17323515783466,1
2023-24,2023-10-27,0022300078,MEM,DEN,1,0,1480.6346032483518,1464.2245841975964,-16.410019050755377,1517.4249974469776,0.4974234384367392,4.0,-4.0,0.0996679946249558,1.099667994624956,2
2023-24,2023-10-28,0022300089,MEM,WAS,0,0,1464.2245841975964,1449.1551256836349,-15.06945851396144,1479.5022899007174,0.4281454407876722,7.0,-7.0,0.1732351578346601,1.17323515783466,3
2023-24,2023-10-30,0022300106,MEM,DAL,1,0,1449.1551256836349,1431.6150918330063,-17.540033850628244,1532.8181610774018,0.4304226529268369,15.0,-15.0,0.3583573983507859,1.358357398350786,4
2023-24,2023-11-01,0022300125,MEM,UTA,0,0,1431.6150918330063,1412.825161966808,-18.78992986619848,1461.6472072205986,0.4074891330688946,24.0,-24.0,0.5370495669980352,1.5370495669980353,5
2023-24,2023-11-03,0022300007,MEM,POR,0,0,1412.825161966808,1402.0153975758578,-10.809764390950273,1490.59436018104,0.3431807282005795,2.0,-2.0,0.0499583749578799,1.04995837495788,6
2023-24,2023-11-05,0022300144,MEM,POR,0,1,1402.0153975758578,1428.5247514872008,26.509353911343027,1501.4041245719902,0.3157000699462871,12.0,12.0,0.2913126124515909,1.2913126124515908,7
2023-24,2023-11-08,0022300164,MEM,MIA,1,0,1428.5247514872008,1412.009261882488,-16.515489604712744,1478.0042232975234,0.4791744204560575,6.0,-6.0,0.1488850336233179,1.1488850336233178,8
2023-24,2023-11-10,0022300012,MEM,UTA,1,0,1412.009261882488,1393.1183220549694,-18.890939827518636,1413.4858748962822,0.5480948709591066,6.0,-6.0,0.1488850336233179,1.1488850336233178,9
2023-24,2023-11-12,0022300179,MEM,LAC,0,1,1393.1183220549694,1414.8712174736393,21.75289541866975,1472.8627658276494,0.3406223355596032,4.0,4.0,0.0996679946249558,1.099667994624956,10
2023-24,2023-11-14,0022300026,MEM,LAL,0,0,1414.8712174736393,1398.757277451777,-16.11394002186186,1496.5012514013104,0.3381887005526932,27.0,-27.0,0.5882592563981054,1.5882592563981053,11
2023-24,2023-11-18,0022300206,MEM,SAS,0,1,1398.757277451777,1419.6709126688806,20.91363521710326,1391.5100310380828,0.4601453070454108,12.0,12.0,0.2913126124515909,1.2913126124515908,12
2023-24,2023-11-19,0022300213,MEM,BOS,1,0,1419.6709126688806,1411.5651671582757,-8.105745510605065,1638.7881378353086,0.2573354558279587,2.0,-2.0,0.0499583749578799,1.04995837495788,13
2023-24,2023-11-22,0022300231,MEM,HOU,0,0,1411.5651671582757,1397.2545300164554,-14.310637141820145,1502.5414890587108,0.3262537722726704,20.0,-20.0,0.4621171572600097,1.4621171572600098,14
2023-24,2023-11-24,0022300044,MEM,PHX,1,0,1397.2545300164554,1382.1242671920893,-15.13026282436602,1547.1591959580462,0.3404152156764143,21.0,-21.0,0.4815497983643079,1.481549798364308,15
2023-24,2023-11-26,0022300249,MEM,MIN,1,0,1382.1242671920893,1370.5416171379309,-11.582650054158318,1601.2710052680914,0.2573029888296936,22.0,-22.0,0.5005202111902353,1.5005202111902354,16
2023-24,2023-11-29,0022300261,MEM,UTA,1,1,1370.5416171379309,1391.8580234149292,21.316406276998453,1427.5965293552797,0.4683029939366194,14.0,14.0,0.3363755443363322,1.3363755443363323,17
2023-24,2023-12-01,0022300277,MEM,DAL,0,1,1391.8580234149292,1421.6247043792944,29.76668096436505,1540.8011407406436,0.2575270454347295,14.0,14.0,0.3363755443363322,1.3363755443363323,18
2023-24,2023-12-02,0022300288,MEM,PHX,0,0,1421.6247043792944,1411.3162801581343,-10.308424221159797,1539.7481914563484,0.2928774665596502,7.0,-7.0,0.1732351578346601,1.17323515783466,19
2023-24,2023-12-06,0022301206,MEM,DET,0,1,1411.3162801581343,1426.2849435560008,14.968663397866395,1286.363635427653,0.6266353056892129,14.0,14.0,0.3363755443363322,1.3363755443363323,20
2023-24,2023-12-08,0022301221,MEM,MIN,1,0,1426.2849435560008,1414.4734646577824,-11.811478898218438,1646.480921294985,0.2561504662747491,24.0,-24.0,0.5370495669980352,1.5370495669980353,21
2023-24,2023-12-11,0022300299,MEM,DAL,1,0,1414.4734646577824,1400.89279319175,-13.580671466032344,1530.2181801781574,0.3858468149754686,7.0,-7.0,0.1732351578346601,1.17323515783466,22
2023-24,2023-12-13,0022300314,MEM,HOU,0,0,1400.89279319175,1390.3680555592612,-10.524737632488955,1541.3427128049416,0.2669855410841258,13.0,-13.0,0.3140209253469976,1.3140209253469977,23
2023-24,2023-12-15,0022300332,MEM,HOU,1,0,1390.3680555592612,1378.908167203522,-11.459888355739198,1551.8674504374303,0.325592253158913,7.0,-7.0,0.1732351578346601,1.17323515783466,24
2023-24,2023-12-18,0022300355,MEM,OKC,0,0,1378.908167203522,1370.910711626747,-7.997455576774998,1601.6869326782644,0.1848399955261478,19.0,-19.0,0.4422303560457261,1.442230356045726,25
2023-24,2023-12-19,0022300360,MEM,NOP,0,1,1370.910711626747,1396.1186811707396,25.20796954399275,1577.0440117797302,0.1997152729981958,2.0,2.0,0.0499583749578799,1.04995837495788,26
2023-24,2023-12-21,0022300377,MEM,IND,1,1,1396.1186811707396,1420.06424307584,23.94556190510039,1506.9556918735868,0.392562643836208,13.0,13.0,0.3140209253469976,1.3140209253469977,27
2023-24,2023-12-23,0022300393,MEM,ATL,0,1,1420.06424307584,1440.691063440515,20.626820364675257,1454.3861025428405,0.4015409212407431,6.0,6.0,0.1488850336233179,1.1488850336233178,28
2023-24,2023-12-26,0022300410,MEM,NOP,0,1,1440.691063440515,1462.370137963124,21.679074522608513,1557.0497107847218,0.2949858649257083,1.0,1.0,0.0249947929684206,1.0249947929684209,29
2023-24,2023-12-28,0022300425,MEM,DEN,0,0,1462.370137963124,1449.9902648293078,-12.379873133816169,1628.7806211445288,0.2387741550783272,37.0,-37.0,0.7282542059818115,1.7282542059818111,30
2023-24,2023-12-29,0022300438,MEM,LAC,0,0,1449.9902648293078,1440.0747411809718,-9.915523648335911,1596.148024421942,0.2606047189511091,11.0,-11.0,0.2682711820216014,1.2682711820216013,31
2023-24,2023-12-31,0022300449,MEM,SAC,1,0,1440.0747411809718,1420.136040765134,-19.938700415837697,1543.4549909714085,0.4028441529972948,31.0,-31.0,0.6498274636719203,1.6498274636719203,32
2023-24,2024-01-02,0022300460,MEM,SAS,1,1,1420.136040765134,1429.373602331597,9.23756156646314,1270.860572156493,0.7428385956508039,8.0,8.0,0.197375320224904,1.197375320224904,33
2023-24,2024-01-03,0022300470,MEM,TOR,1,0,1429.373602331597,1410.146227178718,-19.22737515287935,1415.391315158626,0.5700278329724912,5.0,-5.0,0.1243530017715962,1.124353001771596,34
2023-24,2024-01-05,0022300491,MEM,LAL,0,1,1410.146227178718,1435.2484980348709,25.10227085615284,1464.722420333362,0.3738718390815043,14.0,14.0,0.3363755443363322,1.3363755443363323,35
2023-24,2024-01-07,0022300503,MEM,PHX,0,1,1435.2484980348709,1458.1018300523317,22.853332017460943,1517.8472634563225,0.3369417203452517,6.0,6.0,0.1488850336233179,1.1488850336233178,36
2023-24,2024-01-09,0022300515,MEM,DAL,0,1,1458.1018300523317,1485.7739683922246,27.67213833989291,1537.0342771635578,0.3416729422447668,17.0,17.0,0.4011342849479459,1.401134284947946,37
2023-24,2024-01-12,0022300537,MEM,LAC,1,0,1485.7739683922246,1474.1181952067332,-11.655773185491324,1653.2124539401882,0.3181303716246464,9.0,-9.0,0.2212784678984439,1.221278467898444,38
2023-24,2024-01-13,0022300544,MEM,NYK,1,0,1474.1181952067332,1459.2082857944608,-14.909909412272327,1590.5739389626897,0.3848773531805872,12.0,-12.0,0.2913126124515909,1.2913126124515908,39
2023-24,2024-01-15,0022300560,MEM,GSW,1,1,1459.2082857944608,1475.609147554244,16.400861759783098,1457.6922745937452,0.5523581178553697,9.0,9.0,0.2212784678984439,1.221278467898444,40
2023-24,2024-01-18,0022300582,MEM,MIN,0,0,1475.609147554244,1466.2799915084013,-9.329156045842534,1651.5633343610643,0.2289322887866695,15.0,-15.0,0.3583573983507859,1.358357398350786,41
2023-24,2024-01-20,0022300597,MEM,CHI,0,0,1466.2799915084013,1446.6870042747803,-19.59298723362088,1499.4403690273086,0.4031486648938238,29.0,-29.0,0.619996867969374,1.619996867969374,42
2023-24,2024-01-22,0022300609,MEM,TOR,0,1,1446.6870042747803,1464.7357595314777,18.048755256697252,1413.3917420550652,0.4975467048124576,8.0,8.0,0.197375320224904,1.197375320224904,43
2023-24,2024-01-24,0022300621,MEM,MIA,0,1,1464.7357595314777,1486.5935017953857,21.85774226390831,1497.7009158030755,0.4034190989621786,9.0,9.0,0.2212784678984439,1.221278467898444,44
2023-24,2024-01-26,0022300638,MEM,ORL,1,1,1486.5935017953857,1500.4512685136124,13.857766718226662,1487.1975785541883,0.549338630358824,1.0,1.0,0.0249947929684206,1.0249947929684209,45
2023-24,2024-01-28,0022300652,MEM,IND,0,0,1500.4512685136124,1488.5483003810314,-11.902968132581096,1576.5523851627197,0.3453483967565169,6.0,-6.0,0.1488850336233179,1.1488850336233178,46
2023-24,2024-01-29,0022300663,MEM,SAC,1,0,1488.5483003810314,1471.0131602047322,-17.53514017629904,1538.427178641418,0.4786006532556883,9.0,-9.0,0.2212784678984439,1.221278467898444,47
2023-24,2024-02-01,0022300687,MEM,CLE,1,0,1471.0131602047322,1461.1051529160902,-9.908007288642017,1668.7916217412476,0.2815010336299042,7.0,-7.0,0.1732351578346601,1.17323515783466,48
2023-24,2024-02-02,0022300693,MEM,GSW,1,0,1461.1051529160902,1436.5301193945836,-24.57503352150661,1454.0267181535987,0.5602613853361321,20.0,-20.0,0.4621171572600097,1.4621171572600098,49
2023-24,2024-02-04,0022300706,MEM,BOS,0,0,1436.5301193945836,1427.91364134629,-8.616478048293594,1685.690269719458,0.1630431924243577,40.0,-40.0,0.7615941559557649,1.7615941559557649,50
2023-24,2024-02-06,0022300722,MEM,NYK,0,0,1427.91364134629,1421.0694357372645,-6.844205609025641,1652.5234616553284,0.1832571025379478,10.0,-10.0,0.2449186624037091,1.2449186624037092,51
2023-24,2024-02-08,0022300737,MEM,CHI,1,0,1421.0694357372645,1404.8311223339056,-16.2383134033586,1489.4891102750955,0.4520530065239846,8.0,-8.0,0.197375320224904,1.197375320224904,52
2023-24,2024-02-10,0022300751,MEM,CHA,0,0,1404.8311223339056,1378.5760955316982,-26.255026802207325,1208.6807524244398,0.7165995168813151,9.0,-9.0,0.2212784678984439,1.221278467898444,53
2023-24,2024-02-12,0022300766,MEM,NOP,1,0,1378.5760955316982,1369.1093259104482,-9.46676962125008,1596.741357552594,0.258384140611282,9.0,-9.0,0.2212784678984439,1.221278467898444,54
2023-24,2024-02-14,0022300783,MEM,HOU,1,1,1369.1093259104482,1388.5440317794944,19.434705869046113,1432.688561816695,0.4589636866354299,8.0,8.0,0.197375320224904,1.197375320224904,55
2023-24,2024-02-15,0022300790,MEM,MIL,1,1,1388.5440317794944,1409.79142818974,21.24739641024553,1537.9346056847944,0.3410800003531834,3.0,3.0,0.074859690687499,1.0748596906874992,56
2023-24,2024-02-23,0022300807,MEM,LAC,1,0,1409.79142818974,1401.8812866610667,-7.910141528673281,1655.185469204264,0.2295019750214264,6.0,-6.0,0.1488850336233179,1.1488850336233178,57
2023-24,2024-02-26,0022300830,MEM,BKN,1,0,1401.8812866610667,1373.94539789828,-27.935888762786774,1367.1724665151694,0.5989942482979645,25.0,-25.0,0.5545997223493823,1.5545997223493822,58
2023-24,2024-02-28,0022300845,MEM,MIN,0,0,1373.94539789828,1368.7239235350512,-5.221474363228656,1650.6933573696326,0.1425138901699103,9.0,-9.0,0.2212784678984439,1.221278467898444,59
2023-24,2024-03-01,0022300861,MEM,POR,1,0,1368.7239235350512,1336.304290638746,-32.41963289630505,1287.8080924579433,0.6608905129401818,30.0,-30.0,0.6351489523872873,1.6351489523872873,60
2023-24,2024-03-02,0022300868,MEM,POR,1,0,1336.304290638746,1316.137078918247,-20.16721172049912,1320.2277253542484,0.5729800937128416,7.0,-7.0,0.1732351578346601,1.17323515783466,61
2023-24,2024-03-04,0022300879,MEM,BKN,0,1,1316.137078918247,1339.2188726021805,23.081793683933576,1428.0461858641202,0.3003405331804815,4.0,4.0,0.0996679946249558,1.099667994624956,62
2023-24,2024-03-06,0022300896,MEM,PHI,0,1,1339.2188726021805,1363.735999887113,24.51712728493245,1460.8875345556685,0.2886689683936114,6.0,6.0,0.1488850336233179,1.1488850336233178,63
2023-24,2024-03-08,0022300913,MEM,ATL,1,0,1363.735999887113,1349.8350287139046,-13.900971173208331,1472.8378396842004,0.3949469999081902,7.0,-7.0,0.1732351578346601,1.17323515783466,64
2023-24,2024-03-10,0022300931,MEM,OKC,0,0,1349.8350287139046,1343.7305525002782,-6.104476213626364,1655.532918480406,0.1233356486873684,31.0,-31.0,0.6498274636719203,1.6498274636719203,65
2023-24,2024-03-12,0022300940,MEM,WAS,1,1,1343.7305525002782,1356.4038158555056,12.673263355227371,1253.4554134962789,0.6728583708023304,12.0,12.0,0.2913126124515909,1.2913126124515908,66
2023-24,2024-03-13,0022300950,MEM,CHA,1,0,1356.4038158555056,1330.7876604628525,-25.616155392653077,1275.2144394671009,0.6612433257355639,12.0,-12.0,0.2913126124515909,1.2913126124515908,67
2023-24,2024-03-16,0022300972,MEM,OKC,1,0,1330.7876604628525,1325.1395369519605,-5.64812351089217,1648.8940982025929,0.1638726053403648,6.0,-6.0,0.1488850336233179,1.1488850336233178,68
2023-24,2024-03-18,0022300989,MEM,SAC,0,0,1325.1395369519605,1318.9158558772049,-6.223681074755498,1569.758091262578,0.1666422410477996,10.0,-10.0,0.2449186624037091,1.2449186624037092,69
2023-24,2024-03-20,0022301001,MEM,GSW,0,0,1318.9158558772049,1311.329555536081,-7.586300341123972,1558.526887734583,0.1706838867763014,21.0,-21.0,0.4815497983643079,1.481549798364308,70
2023-24,2024-03-22,0022301015,MEM,SAS,0,1,1311.329555536081,1329.3159306733105,17.98637513722924,1326.0143243356838,0.4289813270629014,2.0,2.0,0.0499583749578799,1.04995837495788,71
2023-24,2024-03-25,0022301040,MEM,DEN,0,0,1329.3159306733105,1325.290168825827,-4.025761847482949,1704.190403058774,0.0863193654633925,25.0,-25.0,0.5545997223493823,1.5545997223493822,72
2023-24,2024-03-27,0022301055,MEM,LAL,1,0,1325.290168825827,1317.7187453002923,-7.571423525534867,1606.1024751838888,0.195445147635741,12.0,-12.0,0.2913126124515909,1.2913126124515908,73
2023-24,2024-03-30,0022301075,MEM,ORL,0,0,1317.7187453002923,1308.174443329819,-9.544301970473484,1529.5046211059605,0.1945653932941701,30.0,-30.0,0.6351489523872873,1.6351489523872873,74
2023-24,2024-04-01,0022301088,MEM,DET,0,1,1308.174443329819,1324.7340182917164,16.55957496189741,1291.0634566746887,0.4742783664301069,2.0,2.0,0.0499583749578799,1.04995837495788,75
2023-24,2024-04-03,0022301107,MEM,MIL,0,1,1324.7340182917164,1356.06767981016,31.333661518443765,1576.4760439839672,0.161025201492703,10.0,10.0,0.2449186624037091,1.2449186624037092,76
2023-24,2024-04-05,0022301121,MEM,DET,1,1,1356.06767981016,1370.167607212396,14.099927402235837,1268.4691377314289,0.6694578318578331,18.0,18.0,0.4218990052500079,1.4218990052500078,77
2023-24,2024-04-06,0022301129,MEM,PHI,1,0,1370.167607212396,1353.2293994963406,-16.938207716055278,1485.6848909826217,0.3861571017513918,20.0,-20.0,0.4621171572600097,1.4621171572600098,78
2023-24,2024-04-09,0022301151,MEM,SAS,1,0,1353.2293994963406,1331.8381255200766,-21.39127397626407,1370.8919272193978,0.5249299387195085,15.0,-15.0,0.3583573983507859,1.358357398350786,79
2023-24,2024-04-10,0022301158,MEM,CLE,0,0,1331.8381255200766,1321.8350285800736,-10.003096940002967,1480.1565618281331,0.2582152156275524,12.0,-12.0,0.2913126124515909,1.2913126124515908,80
2023-24,2024-04-12,0022301177,MEM,LAL,1,0,1321.8350285800736,1315.0239510692645,-6.811077510809221,1585.7194375639183,0.211223770873534,3.0,-3.0,0.074859690687499,1.0748596906874992,81
2023-24,2024-04-14,0022301193,MEM,DEN,1,0,1315.0239510692645,1309.3238966814492,-5.700054387815217,1665.5508687619647,0.1398761571570631,15.0,-15.0,0.3583573983507859,1.358357398350786,82
2023-24,2023-10-25,0022300068,MIA,DET,1,1,1500.0,1513.8312996236689,13.831299623668578,1500.0,0.550199353253537,1.0,1.0,0.0249947929684206,1.0249947929684209,1
2023-24,2023-10-27,0022300080,MIA,BOS,0,0,1513.8312996236689,1497.8946672486013,-15.93663237506728,1518.151098583088,0.4436546087062573,8.0,-8.0,0.197375320224904,1.197375320224904,2
2023-24,2023-10-28,0022300093,MIA,MIN,0,0,1497.8946672486013,1478.540049911706,-19.35461733689532,1485.4958224790118,0.4675201249294618,16.0,-16.0,0.3799489622552249,1.379948962255225,3
2023-24,2023-10-30,0022300107,MIA,MIL,0,0,1478.540049911706,1462.858308260552,-15.681741651154296,1487.8623978750943,0.4365587906112508,8.0,-8.0,0.197375320224904,1.197375320224904,4
2023-24,2023-11-01,0022300119,MIA,BKN,1,0,1462.858308260552,1446.0946730399628,-16.7636352205892,1492.1999479824544,0.5081423151511129,4.0,-4.0,0.0996679946249558,1.099667994624956,5
2023-24,2023-11-03,0022300003,MIA,WAS,1,1,1446.0946730399628,1462.557448437418,16.462775397455253,1458.6410976923075,0.5322683809373961,7.0,7.0,0.1732351578346601,1.17323515783466,6
2023-24,2023-11-06,0022300150,MIA,LAL,1,1,1462.557448437418,1478.0042232975234,15.44677486010526,1499.1811613307652,0.4976633063220786,1.0,1.0,0.0249947929684206,1.0249947929684209,7
2023-24,2023-11-08,0022300164,MIA,MEM,0,1,1478.0042232975234,1494.519712902236,16.515489604712744,1428.5247514872008,0.5208255795439425,6.0,6.0,0.1488850336233179,1.1488850336233178,8
2023-24,2023-11-11,0022300175,MIA,ATL,0,1,1494.519712902236,1516.879153689586,22.35944078735004,1546.3769127067046,0.3775429639123721,8.0,8.0,0.197375320224904,1.197375320224904,9
2023-24,2023-11-12,0022300184,MIA,SAS,0,1,1516.879153689586,1531.4838107018847,14.604657012298745,1435.026646132818,0.5670204111672286,5.0,5.0,0.1243530017715962,1.124353001771596,10
2023-24,2023-11-14,0022300017,MIA,CHA,0,1,1531.4838107018847,1545.8735176312912,14.38970692940647,1438.6264117818905,0.5825022664503205,6.0,6.0,0.1488850336233179,1.1488850336233178,11
2023-24,2023-11-16,0022300200,MIA,BKN,1,1,1545.8735176312912,1560.6446982474322,14.771180616141027,1524.56734061336,0.5803290722096743,7.0,7.0,0.1732351578346601,1.17323515783466,12
2023-24,2023-11-18,0022300204,MIA,CHI,0,0,1560.6446982474322,1538.9717956747909,-21.67290257264151,1423.7834761043166,0.6425296011274164,5.0,-5.0,0.1243530017715962,1.124353001771596,13
2023-24,2023-11-20,0022300220,MIA,CHI,0,1,1538.9717956747909,1556.7417015417625,17.769905866971822,1445.456378676958,0.583423159184516,18.0,18.0,0.4218990052500079,1.4218990052500078,14
2023-24,2023-11-22,0022300229,MIA,CLE,0,1,1556.7417015417625,1583.9966780922805,27.254976550517977,1550.6370971566073,0.4585117948915708,33.0,33.0,0.6777821008468294,1.6777821008468294,15
2023-24,2023-11-24,0022300045,MIA,NYK,0,0,1583.9966780922805,1568.041518291494,-15.95515980078658,1544.4567638309516,0.506533089988024,2.0,-2.0,0.0499583749578799,1.04995837495788,16
2023-24,2023-11-25,0022300240,MIA,BKN,0,0,1568.041518291494,1544.316233800928,-23.725284490566185,1475.396258665859,0.5822052556362466,15.0,-15.0,0.3583573983507859,1.358357398350786,17
2023-24,2023-11-28,0022300056,MIA,MIL,1,0,1544.316233800928,1526.7654970260437,-17.550736774884125,1580.259732822411,0.4986421990988866,7.0,-7.0,0.1732351578346601,1.17323515783466,18
2023-24,2023-11-30,0022300267,MIA,IND,1,1,1526.7654970260437,1542.7414666398554,15.975969613811724,1511.217651687867,0.5722352499462344,10.0,10.0,0.2449186624037091,1.2449186624037092,19
2023-24,2023-12-02,0022300284,MIA,IND,1,0,1542.7414666398554,1517.616833042428,-25.12463359742736,1495.2416820740552,0.61654450264542,15.0,-15.0,0.3583573983507859,1.358357398350786,20
2023-24,2023-12-06,0022301207,MIA,TOR,0,1,1517.616833042428,1535.710508080636,18.093675038208247,1478.3398193932796,0.5061548065189001,9.0,9.0,0.2212784678984439,1.221278467898444,21
2023-24,2023-12-08,0022301220,MIA,CLE,1,0,1535.710508080636,1514.7696079651146,-20.94090011552146,1542.465518924512,0.540558496153373,12.0,-12.0,0.2913126124515909,1.2913126124515908,22
2023-24,2023-12-11,0022300292,MIA,CHA,0,1,1514.7696079651146,1527.8000669244154,13.03045895930084,1419.1827973248182,0.5863182366690309,2.0,2.0,0.0499583749578799,1.04995837495788,23
2023-24,2023-12-13,0022300312,MIA,CHA,1,1,1527.8000669244154,1538.7843244183384,10.98425749392295,1406.1523383655174,0.711306287129796,11.0,11.0,0.2682711820216014,1.2682711820216013,24
2023-24,2023-12-14,0022300320,MIA,CHI,1,0,1538.7843244183384,1514.0781286931635,-24.706195725174943,1436.5826740438993,0.6877875663506621,8.0,-8.0,0.197375320224904,1.197375320224904,25
2023-24,2023-12-16,0022300337,MIA,CHI,1,1,1514.0781286931635,1525.9305705199813,11.852441826817747,1461.2888697690742,0.6237170885530512,2.0,2.0,0.0499583749578799,1.04995837495788,26
2023-24,2023-12-18,0022300353,MIA,MIN,1,0,1525.9305705199813,1514.1658121788246,-11.764758341156694,1663.43874969185,0.3566154632932063,4.0,-4.0,0.0996679946249558,1.099667994624956,27
2023-24,2023-12-20,0022300366,MIA,ORL,0,1,1514.1658121788246,1537.0839496568185,22.918137477993927,1568.2931537713948,0.3744768813883186,9.0,9.0,0.2212784678984439,1.221278467898444,28
2023-24,2023-12-22,0022300384,MIA,ATL,1,1,1537.0839496568185,1550.041961766838,12.95801211001947,1467.34411465286,0.646326576326271,9.0,9.0,0.2212784678984439,1.221278467898444,29
2023-24,2023-12-25,0022300404,MIA,PHI,1,1,1550.041961766838,1569.507900596445,19.465938829607243,1630.3085102494072,0.4352223167123992,6.0,6.0,0.1488850336233179,1.1488850336233178,30
2023-24,2023-12-28,0022300426,MIA,GSW,0,1,1569.507900596445,1587.8077720528336,18.29987145638817,1515.298950382581,0.527615769155351,12.0,12.0,0.2913126124515909,1.2913126124515908,31
2023-24,2023-12-30,0022300439,MIA,UTA,0,0,1587.8077720528336,1564.6472149060178,-23.160557146815695,1449.2580040056876,0.6447590479946708,8.0,-8.0,0.197375320224904,1.197375320224904,32
2023-24,2024-01-01,0022300458,MIA,LAC,0,0,1564.6472149060178,1548.1796397665462,-16.46757513947161,1606.063548070278,0.3917677107844901,17.0,-17.0,0.4011342849479459,1.401134284947946,33
2023-24,2024-01-03,0022300475,MIA,LAL,0,1,1548.1796397665462,1566.49028927958,18.31064951303372,1483.0330698463956,0.5432758505986401,14.0,14.0,0.3363755443363322,1.3363755443363323,34
2023-24,2024-01-05,0022300489,MIA,PHX,0,0,1566.49028927958,1543.623897452154,-22.866391827425893,1494.9808716288965,0.5523487330056944,16.0,-16.0,0.3799489622552249,1.379948962255225,35
2023-24,2024-01-08,0022300509,MIA,HOU,1,1,1543.623897452154,1557.847148033538,14.223250581383706,1511.1525586512153,0.5958965689471738,7.0,7.0,0.1732351578346601,1.17323515783466,36
2023-24,2024-01-10,0022300522,MIA,OKC,1,0,1557.847148033538,1542.4880853692448,-15.359062664293006,1643.5290688965551,0.4275758376081027,8.0,-8.0,0.197375320224904,1.197375320224904,37
2023-24,2024-01-12,0022300535,MIA,ORL,1,1,1542.4880853692448,1555.9811936669705,13.493108297725456,1520.3075282453094,0.5815544293942518,3.0,3.0,0.074859690687499,1.0748596906874992,38
2023-24,2024-01-14,0022300551,MIA,CHA,1,1,1555.9811936669705,1561.8169121890398,5.835718522069597,1273.9436099956563,0.861166804049135,17.0,17.0,0.4011342849479459,1.401134284947946,39
2023-24,2024-01-15,0022300562,MIA,BKN,0,1,1561.8169121890398,1571.765766579478,9.948854390438202,1398.6925449882349,0.6764583762217311,1.0,1.0,0.0249947929684206,1.0249947929684209,40
2023-24,2024-01-17,0022300574,MIA,TOR,0,0,1571.765766579478,1540.656816415748,-31.108950163730107,1410.0775053320017,0.6746464315285128,24.0,-24.0,0.5370495669980352,1.5370495669980353,41
2023-24,2024-01-19,0022300587,MIA,ATL,1,0,1540.656816415748,1519.0311362903064,-21.625680125441377,1425.7461331804143,0.7032777230933585,1.0,-1.0,0.0249947929684206,1.0249947929684209,42
2023-24,2024-01-21,0022300601,MIA,ORL,0,0,1519.0311362903064,1497.7009158030755,-21.33022048723082,1484.002866928431,0.5000406828819369,18.0,-18.0,0.4218990052500079,1.4218990052500078,43
2023-24,2024-01-24,0022300621,MIA,MEM,1,0,1497.7009158030755,1475.8431735391673,-21.85774226390831,1464.7357595314777,0.5965809010378214,9.0,-9.0,0.2212784678984439,1.221278467898444,44
2023-24,2024-01-25,0022300630,MIA,BOS,1,0,1475.8431735391673,1463.7734758579672,-12.069697681200136,1711.2796984956974,0.2397947002992458,33.0,-33.0,0.6777821008468294,1.6777821008468294,45
2023-24,2024-01-27,0022300643,MIA,NYK,0,0,1463.7734758579672,1454.4826643533447,-9.2908115046226,1644.1954641434852,0.2244240368967173,16.0,-16.0,0.3799489622552249,1.379948962255225,46
2023-24,2024-01-29,0022300661,MIA,PHX,1,0,1454.4826643533447,1438.9143804832138,-15.568283870130989,1563.5987924636977,0.3949273452658253,13.0,-13.0,0.3140209253469976,1.3140209253469977,47
2023-24,2024-01-31,0022300678,MIA,SAC,1,1,1438.9143804832138,1461.4810194045076,22.566638921293872,1555.962318817717,0.3840706135834257,9.0,9.0,0.2212784678984439,1.221278467898444,48
2023-24,2024-02-02,0022300689,MIA,WAS,0,1,1461.4810194045076,1472.3908097112885,10.909790306780735,1282.3518986516567,0.6962859758756472,8.0,8.0,0.197375320224904,1.197375320224904,49
2023-24,2024-02-04,0022300708,MIA,LAC,1,0,1472.3908097112885,1463.5032701982716,-8.887539513016646,1700.640517008288,0.2474172568087587,8.0,-8.0,0.197375320224904,1.197375320224904,50
2023-24,2024-02-06,0022300721,MIA,ORL,1,1,1463.5032701982716,1488.8564232470796,25.353153048808124,1524.757802669184,0.4622884448622408,26.0,26.0,0.5716699660851172,1.5716699660851172,51
2023-24,2024-02-07,0022300730,MIA,SAS,1,1,1488.8564232470796,1496.392858670628,7.536435423548577,1277.044593313457,0.8054580186889458,12.0,12.0,0.2913126124515909,1.2913126124515908,52
2023-24,2024-02-11,0022300759,MIA,BOS,1,0,1496.392858670628,1487.422600848343,-8.97025782228485,1702.4985131171034,0.271908062740463,4.0,-4.0,0.0996679946249558,1.099667994624956,53
2023-24,2024-02-13,0022300773,MIA,MIL,0,1,1487.422600848343,1518.632659236201,31.21005838785769,1569.1446640726522,0.3380701406500539,26.0,26.0,0.5716699660851172,1.5716699660851172,54
2023-24,2024-02-14,0022300779,MIA,PHI,0,1,1518.632659236201,1535.285829135935,16.653169899734007,1479.2625190016638,0.5062888056955333,5.0,5.0,0.1243530017715962,1.124353001771596,55
2023-24,2024-02-23,0022300810,MIA,NOP,0,1,1535.285829135935,1560.561099638932,25.275270502997103,1618.8488257955664,0.3357027828830534,11.0,11.0,0.2682711820216014,1.2682711820216013,56
2023-24,2024-02-26,0022300831,MIA,SAC,0,1,1560.561099638932,1582.6506344936663,22.089534854734477,1582.037805673512,0.4194318699905552,11.0,11.0,0.2682711820216014,1.2682711820216013,57
2023-24,2024-02-27,0022300842,MIA,POR,0,1,1582.6506344936663,1589.7174974396555,7.066862945989096,1294.8749554039323,0.8107811334880228,10.0,10.0,0.2449186624037091,1.2449186624037092,58
2023-24,2024-02-29,0022300855,MIA,DEN,0,0,1589.7174974396555,1576.525736413876,-13.191761025779549,1637.742499957911,0.3827409659425999,6.0,-6.0,0.1488850336233179,1.1488850336233178,59
2023-24,2024-03-02,0022300867,MIA,UTA,1,1,1576.525736413876,1585.3069358194698,8.781199405593698,1425.0730661071316,0.745225467921717,6.0,6.0,0.1488850336233179,1.1488850336233178,60
2023-24,2024-03-05,0022300888,MIA,DET,1,1,1585.3069358194698,1589.5827162736698,4.27578045419991,1272.588424554241,0.880967969915042,8.0,8.0,0.197375320224904,1.197375320224904,61
2023-24,2024-03-07,0022300904,MIA,DAL,0,0,1589.5827162736698,1570.4402225819265,-19.142493691743574,1515.9328183012346,0.5553933634645345,6.0,-6.0,0.1488850336233179,1.1488850336233178,62
2023-24,2024-03-08,0022300914,MIA,OKC,0,0,1570.4402225819265,1558.1326354430475,-12.307587138878665,1643.2253313415274,0.3496766201470279,7.0,-7.0,0.1732351578346601,1.17323515783466,63
2023-24,2024-03-10,0022300926,MIA,WAS,1,0,1558.1326354430475,1530.018053770422,-28.11458167262539,1225.3408318236534,0.8925617860407477,2.0,-2.0,0.0499583749578799,1.04995837495788,64
2023-24,2024-03-13,0022300949,MIA,DEN,1,0,1530.018053770422,1516.4686909490829,-13.54936282133939,1672.741879080085,0.3497568466558373,12.0,-12.0,0.2913126124515909,1.2913126124515908,65
2023-24,2024-03-15,0022300962,MIA,DET,0,1,1516.4686909490829,1527.650995664707,11.182304715624344,1320.5456590693518,0.7163336722188196,13.0,13.0,0.3140209253469976,1.3140209253469977,66
2023-24,2024-03-17,0022300977,MIA,DET,0,1,1527.650995664707,1535.9784444009952,8.327448736288371,1309.3633543537276,0.7417508285519576,3.0,3.0,0.074859690687499,1.0748596906874992,67
2023-24,2024-03-18,0022300985,MIA,PHI,0,0,1535.9784444009952,1514.9969515550383,-20.98149284595654,1433.3495024660313,0.5961150159836752,7.0,-7.0,0.1732351578346601,1.17323515783466,68
2023-24,2024-03-20,0022300996,MIA,CLE,0,1,1514.9969515550383,1536.117013390599,21.120061835560453,1591.343636624681,0.3450288746663703,3.0,3.0,0.074859690687499,1.0748596906874992,69
2023-24,2024-03-22,0022301013,MIA,NOP,1,0,1536.117013390599,1516.2122990055125,-19.904714385086525,1615.277507444382,0.4367879807232181,23.0,-23.0,0.5190218338982221,1.519021833898222,70
2023-24,2024-03-24,0022301029,MIA,CLE,1,1,1516.2122990055125,1542.4554361646935,26.24313715918101,1555.4921538362012,0.4938411053121583,37.0,37.0,0.7282542059818115,1.7282542059818111,71
2023-24,2024-03-26,0022301044,MIA,GSW,1,0,1542.4554361646935,1517.441399080568,-25.014037084125405,1533.5930053774816,0.562789881958787,21.0,-21.0,0.4815497983643079,1.481549798364308,72
2023-24,2024-03-29,0022301068,MIA,POR,1,1,1517.441399080568,1527.7082503064985,10.266851225930289,1288.593118648798,0.8203665391693605,60.0,60.0,0.9051482536448664,1.9051482536448665,73
2023-24,2024-03-31,0022301081,MIA,WAS,0,1,1527.7082503064985,1535.5785234652972,7.8702731587986445,1255.2945562869395,0.7968404892069028,12.0,12.0,0.2913126124515909,1.2913126124515908,74
2023-24,2024-04-02,0022301096,MIA,NYK,1,1,1535.5785234652972,1553.570100891236,17.991577425938956,1557.880132486598,0.5182663208105894,10.0,10.0,0.2449186624037091,1.2449186624037092,75
2023-24,2024-04-04,0022301111,MIA,PHI,1,0,1553.570100891236,1531.380867612279,-22.18923327895705,1463.4956577036646,0.6726040158610095,4.0,-4.0,0.0996679946249558,1.099667994624956,76
2023-24,2024-04-05,0022301120,MIA,HOU,0,1,1531.380867612279,1554.2132002278586,22.832332615579514,1538.4813930916368,0.4397072855960492,15.0,15.0,0.3583573983507859,1.358357398350786,77
2023-24,2024-04-07,0022301133,MIA,IND,0,0,1554.2132002278586,1541.4507424967258,-12.7624577311329,1585.9129460645322,0.4051734505394043,2.0,-2.0,0.0499583749578799,1.04995837495788,78
2023-24,2024-04-09,0022301147,MIA,ATL,0,1,1541.4507424967258,1558.3365192657996,16.885776769073765,1499.4439611071775,0.5100822021672053,6.0,6.0,0.1488850336233179,1.1488850336233178,79
2023-24,2024-04-10,0022301161,MIA,DAL,1,0,1558.3365192657996,1542.9731613369738,-15.363357928825767,1697.005860712067,0.3550833116319612,19.0,-19.0,0.4422303560457261,1.442230356045726,80
2023-24,2024-04-12,0022301176,MIA,TOR,1,1,1542.9731613369738,1549.3997554743128,6.42659413733894,1266.5800460837213,0.8572363084612887,22.0,22.0,0.5005202111902353,1.5005202111902354,81
2023-24,2024-04-14,0022301189,MIA,TOR,1,1,1549.3997554743128,1554.8581458442754,5.458390369962637,1260.1534519463823,0.8660541431243893,15.0,15.0,0.3583573983507859,1.358357398350786,82
2023-24,2023-10-26,0022300075,MIL,PHI,1,1,1500.0,1513.8312996236689,13.831299623668578,1500.0,0.550199353253537,1.0,1.0,0.0249947929684206,1.0249947929684209,1
2023-24,2023-10-29,0022300097,MIL,ATL,1,0,1513.8312996236689,1487.8623978750943,-25.968901748574424,1465.4035294111718,0.6178066353704088,17.0,-17.0,0.4011342849479459,1.401134284947946,2
2023-24,2023-10-30,0022300107,MIL,MIA,1,1,1487.8623978750943,1503.5441395262485,15.681741651154296,1478.540049911706,0.5634412093887492,8.0,8.0,0.197375320224904,1.197375320224904,3
2023-24,2023-11-01,0022300116,MIL,TOR,0,0,1503.5441395262485,1481.2284262154549,-22.315713310793704,1457.5833694196162,0.5157685852621217,19.0,-19.0,0.4422303560457261,1.442230356045726,4
2023-24,2023-11-03,0022300002,MIL,NYK,1,1,1481.2284262154549,1496.680471920728,15.452045705273084,1487.046177130404,0.541898149990085,5.0,5.0,0.1243530017715962,1.124353001771596,5
2023-24,2023-11-06,0022300149,MIL,BKN,0,1,1496.680471920728,1515.3323373416576,18.65186542092956,1507.3718375735314,0.4346213126113936,4.0,4.0,0.0996679946249558,1.099667994624956,6
2023-24,2023-11-08,0022300165,MIL,DET,1,1,1515.3323373416576,1526.0064495173713,10.674112175713557,1434.2340491343518,0.6611258620564598,2.0,2.0,0.0499583749578799,1.04995837495788,7
2023-24,2023-11-09,0022300171,MIL,IND,0,0,1526.0064495173713,1511.9468062983328,-14.059643219038358,1528.426436693252,0.4463555747976635,2.0,-2.0,0.0499583749578799,1.04995837495788,8
2023-24,2023-11-11,0022300173,MIL,ORL,0,0,1511.9468062983328,1492.995790669172,-18.951015629160715,1501.274067572566,0.4650473592141408,15.0,-15.0,0.3583573983507859,1.358357398350786,9
2023-24,2023-11-13,0022300190,MIL,CHI,1,1,1492.995790669172,1508.2625593125365,15.266768643364168,1469.5599442301595,0.5833118314221715,9.0,9.0,0.2212784678984439,1.221278467898444,10
2023-24,2023-11-15,0022300195,MIL,TOR,0,1,1508.2625593125365,1530.9479955816098,22.68543626907345,1506.7037439365313,0.4520223358599422,16.0,16.0,0.3799489622552249,1.379948962255225,11
2023-24,2023-11-17,0022300027,MIL,CHA,0,1,1530.9479955816098,1550.6588199907353,19.71082440912551,1424.236704852484,0.6017598841263814,31.0,31.0,0.6498274636719203,1.6498274636719203,12
2023-24,2023-11-18,0022300205,MIL,DAL,1,1,1550.6588199907353,1567.4807447258231,16.821924735087904,1570.316926075954,0.5220644209658504,7.0,7.0,0.1732351578346601,1.17323515783466,13
2023-24,2023-11-20,0022300219,MIL,WAS,0,1,1567.4807447258231,1579.02943345292,11.548688727097051,1379.4269417517698,0.707039451596573,13.0,13.0,0.3140209253469976,1.3140209253469977,14
2023-24,2023-11-22,0022300228,MIL,BOS,0,0,1579.02943345292,1566.4517398657997,-12.57769358712059,1621.693967067375,0.390056913043093,3.0,-3.0,0.074859690687499,1.0748596906874992,15
2023-24,2023-11-24,0022300049,MIL,WAS,1,1,1566.4517398657997,1572.750768630808,6.2990287650084555,1355.527909511026,0.8046557822202981,3.0,3.0,0.074859690687499,1.0748596906874992,16
2023-24,2023-11-26,0022300245,MIL,POR,1,1,1572.750768630808,1580.259732822411,7.508964191603111,1385.7103769337834,0.7821376386135123,6.0,6.0,0.1488850336233179,1.1488850336233178,17
2023-24,2023-11-28,0022300056,MIL,MIA,0,1,1580.259732822411,1597.8104695972952,17.550736774884125,1544.316233800928,0.5013578009011134,7.0,7.0,0.1732351578346601,1.17323515783466,18
2023-24,2023-11-30,0022300269,MIL,CHI,0,0,1597.8104695972952,1571.8918023511144,-25.918667246180785,1384.354405481707,0.736387389265782,7.0,-7.0,0.1732351578346601,1.17323515783466,19
2023-24,2023-12-02,0022300286,MIL,ATL,1,1,1571.8918023511144,1584.9001536514306,13.008351300316292,1493.128472697053,0.6581080480600577,11.0,11.0,0.2682711820216014,1.2682711820216013,20
2023-24,2023-12-05,0022301201,MIL,NYK,1,1,1584.9001536514306,1605.283085398844,20.3829317474134,1579.440653776425,0.557964119807737,24.0,24.0,0.5370495669980352,1.5370495669980353,21
2023-24,2023-12-07,0022301229,MIL,IND,1,0,1605.283085398844,1582.00336305895,-23.279722339893787,1543.7967574845557,0.6353921444291395,9.0,-9.0,0.2212784678984439,1.221278467898444,22
2023-24,2023-12-11,0022300300,MIL,CHI,1,1,1582.00336305895,1591.553847491005,9.550484432054793,1461.0337755038554,0.7105040042771574,4.0,4.0,0.0996679946249558,1.099667994624956,23
2023-24,2023-12-13,0022300315,MIL,IND,1,1,1591.553847491005,1608.5584953004595,17.004647809454564,1573.4367733743372,0.5758515665370253,14.0,14.0,0.3363755443363322,1.3363755443363323,24
2023-24,2023-12-16,0022300334,MIL,DET,1,1,1608.5584953004595,1613.1984244420212,4.639929141561556,1247.79596345647,0.907054755350254,32.0,32.0,0.664036770267849,1.664036770267849,25
2023-24,2023-12-17,0022300346,MIL,HOU,1,1,1613.1984244420212,1627.129554160407,13.931129718385742,1563.3273387931697,0.6197664964879467,9.0,9.0,0.2212784678984439,1.221278467898444,26
2023-24,2023-12-19,0022300361,MIL,SAS,1,1,1627.129554160407,1631.3897421307356,4.260187970328532,1295.4793393887016,0.8919299815258895,13.0,13.0,0.3140209253469976,1.3140209253469977,27
2023-24,2023-12-21,0022300378,MIL,ORL,1,1,1631.3897421307356,1642.3610009041724,10.971258773436771,1545.375016293401,0.6674372378128988,4.0,4.0,0.0996679946249558,1.099667994624956,28
2023-24,2023-12-23,0022300388,MIL,NYK,0,1,1642.3610009041724,1661.954870159838,19.5938692556657,1574.507459992033,0.5471396282494077,19.0,19.0,0.4422303560457261,1.442230356045726,29
2023-24,2023-12-25,0022300401,MIL,NYK,0,0,1661.954870159838,1640.7586752176785,-21.196194942159647,1554.9135907363675,0.6022150177542598,7.0,-7.0,0.1732351578346601,1.17323515783466,30
2023-24,2023-12-27,0022300417,MIL,BKN,0,1,1640.7586752176785,1655.185153067386,14.426477849707537,1475.1959590512652,0.6795227472418996,22.0,22.0,0.5005202111902353,1.5005202111902354,31
2023-24,2023-12-29,0022300433,MIL,CLE,0,1,1655.185153067386,1670.8255445155569,15.64039144817064,1575.0495837029864,0.5645923439379367,8.0,8.0,0.197375320224904,1.197375320224904,32
2023-24,2024-01-01,0022300454,MIL,IND,1,0,1670.8255445155569,1644.0490866858524,-26.776457829704103,1532.3084654588383,0.7308313523772783,9.0,-9.0,0.2212784678984439,1.221278467898444,33
2023-24,2024-01-03,0022300466,MIL,IND,0,0,1644.0490866858524,1621.9129178764515,-22.136168809400775,1559.0849232885423,0.5714125971756929,12.0,-12.0,0.2913126124515909,1.2913126124515908,34
2023-24,2024-01-04,0022300477,MIL,SAS,0,1,1621.9129178764515,1626.3088570419247,4.395939165472905,1261.6230105900297,0.8667495041849078,4.0,4.0,0.0996679946249558,1.099667994624956,35
2023-24,2024-01-06,0022300496,MIL,HOU,0,0,1626.3088570419247,1605.134952288389,-21.173904753535716,1489.9786538976796,0.6418271956333245,4.0,-4.0,0.0996679946249558,1.099667994624956,36
2023-24,2024-01-08,0022300510,MIL,UTA,1,0,1605.134952288389,1577.5761769438304,-27.558775344558654,1520.481575634397,0.6656955220411404,16.0,-16.0,0.3799489622552249,1.379948962255225,37
2023-24,2024-01-11,0022300528,MIL,BOS,1,1,1577.5761769438304,1610.694620103223,33.11844315939257,1726.241130923066,0.3420193809697407,33.0,33.0,0.6777821008468294,1.6777821008468294,38
2023-24,2024-01-13,0022300545,MIL,GSW,1,1,1610.694620103223,1620.7460818903503,10.051461787127108,1467.7437363808724,0.73582248734572,11.0,11.0,0.2682711820216014,1.2682711820216013,39
2023-24,2024-01-14,0022300552,MIL,SAC,1,1,1620.7460818903503,1630.8121821162524,10.066100225902096,1530.6389240906308,0.6726454841541091,1.0,1.0,0.0249947929684206,1.0249947929684209,40
2023-24,2024-01-17,0022300572,MIL,CLE,0,0,1630.8121821162524,1603.4263548679728,-27.38582724827961,1583.1588243991016,0.5182015989265747,40.0,-40.0,0.7615941559557649,1.7615941559557649,41
2023-24,2024-01-20,0022300592,MIL,DET,0,1,1603.4263548679728,1607.1639199528986,3.7375650849258752,1202.4425691022952,0.8915596433196203,6.0,6.0,0.1488850336233179,1.1488850336233178,42
2023-24,2024-01-22,0022300606,MIL,DET,0,1,1607.1639199528986,1610.987121055636,3.823201102737427,1198.7050040173694,0.8956503040807631,9.0,9.0,0.2212784678984439,1.221278467898444,43
2023-24,2024-01-24,0022300624,MIL,CLE,1,1,1610.987121055636,1629.503457785053,18.51633672941697,1643.0577372301414,0.5042156223104749,10.0,10.0,0.2449186624037091,1.2449186624037092,44
2023-24,2024-01-26,0022300639,MIL,CLE,1,0,1629.503457785053,1607.9156390900746,-21.587818694978345,1624.5414005007244,0.5572577465445104,12.0,-12.0,0.2913126124515909,1.2913126124515908,45
2023-24,2024-01-27,0022300648,MIL,NOP,1,1,1607.9156390900746,1626.940853547624,19.025214457549225,1581.5477657987844,0.5874083511241434,24.0,24.0,0.5370495669980352,1.5370495669980353,46
2023-24,2024-01-29,0022300667,MIL,DEN,0,0,1626.940853547624,1612.0409662521051,-14.89988729551874,1639.2743725887306,0.4322999215023845,6.0,-6.0,0.1488850336233179,1.1488850336233178,47
2023-24,2024-01-31,0022300683,MIL,POR,0,0,1612.0409662521051,1586.949095773747,-25.091870478358132,1359.0453890054089,0.7781440590417568,3.0,-3.0,0.074859690687499,1.0748596906874992,48
2023-24,2024-02-03,0022300702,MIL,DAL,0,1,1586.949095773747,1602.2776195396516,15.328523765904386,1478.38232127456,0.6043167337870576,12.0,12.0,0.2913126124515909,1.2913126124515908,49
2023-24,2024-02-04,0022300711,MIL,UTA,0,0,1602.2776195396516,1578.3168606324814,-23.96075890717022,1505.497287898796,0.5879836665534797,15.0,-15.0,0.3583573983507859,1.358357398350786,50
2023-24,2024-02-06,0022300725,MIL,PHX,0,0,1578.3168606324814,1562.0884679439137,-16.228392688567826,1576.9302358132588,0.4517768270442174,8.0,-8.0,0.197375320224904,1.197375320224904,51
2023-24,2024-02-08,0022300738,MIL,MIN,1,0,1562.0884679439137,1539.2655111556626,-22.82295678825098,1600.5965368860016,0.4949516545265746,24.0,-24.0,0.5370495669980352,1.5370495669980353,52
2023-24,2024-02-09,0022300745,MIL,CHA,1,1,1539.2655111556626,1545.0280204898477,5.762509334184997,1214.4432617586249,0.8880825713251285,36.0,36.0,0.7162978701990245,1.7162978701990244,53
2023-24,2024-02-12,0022300767,MIL,DEN,1,1,1545.0280204898477,1569.1446640726522,24.116643582804585,1631.6449165597749,0.4262590473569883,17.0,17.0,0.4011342849479459,1.401134284947946,54
2023-24,2024-02-13,0022300773,MIL,MIA,1,0,1569.1446640726522,1537.9346056847944,-31.21005838785769,1487.422600848343,0.6619298593499461,26.0,-26.0,0.5716699660851172,1.5716699660851172,55
2023-24,2024-02-15,0022300790,MIL,MEM,0,0,1537.9346056847944,1516.6872092745489,-21.24739641024553,1388.5440317794944,0.6589199996468166,3.0,-3.0,0.074859690687499,1.0748596906874992,56
2023-24,2024-02-23,0022300808,MIL,MIN,0,1,1516.6872092745489,1541.7751085310322,25.087899256483393,1666.8133377581078,0.2562270859491804,5.0,5.0,0.1243530017715962,1.124353001771596,57
2023-24,2024-02-25,0022300817,MIL,PHI,0,1,1541.7751085310322,1561.7978375096793,20.022728978647173,1472.2593712485718,0.5495093718583721,21.0,21.0,0.4815497983643079,1.481549798364308,58
2023-24,2024-02-27,0022300840,MIL,CHA,1,1,1561.7978375096793,1571.5782677570364,9.780430247357176,1341.9411735061356,0.8126120717523719,38.0,38.0,0.7397830512740042,1.7397830512740042,59
2023-24,2024-02-29,0022300849,MIL,CHA,0,1,1571.5782677570364,1580.7068972401507,9.128629483114272,1332.1607432587784,0.7643578739160269,12.0,12.0,0.2913126124515909,1.2913126124515908,60
2023-24,2024-03-01,0022300864,MIL,CHI,0,1,1580.7068972401507,1599.329360353664,18.622463113513355,1510.73072078335,0.5501654137730088,16.0,16.0,0.3799489622552249,1.379948962255225,61
2023-24,2024-03-04,0022300880,MIL,LAC,1,1,1599.329360353664,1616.8562337241945,17.52687337053036,1632.9147371042352,0.5020357952541468,7.0,7.0,0.1732351578346601,1.17323515783466,62
2023-24,2024-03-06,0022300899,MIL,GSW,0,0,1616.8562337241945,1592.524292725316,-24.331940998878544,1598.5436651357654,0.4760033056342873,35.0,-35.0,0.703905603936621,1.703905603936621,63
2023-24,2024-03-08,0022300915,MIL,LAL,0,0,1592.524292725316,1576.6022109195378,-15.922081805778168,1545.1545947781765,0.5177939086456971,1.0,-1.0,0.0249947929684206,1.0249947929684209,64
2023-24,2024-03-10,0022300924,MIL,LAC,0,1,1576.6022109195378,1599.009754399535,22.40754347999727,1639.018330665727,0.3633687918299073,7.0,7.0,0.1732351578346601,1.17323515783466,65
2023-24,2024-03-12,0022300945,MIL,SAC,0,0,1599.009754399535,1572.1526515835835,-26.857102815951382,1546.3428759135754,0.5254027913655552,35.0,-35.0,0.703905603936621,1.703905603936621,66
2023-24,2024-03-14,0022300958,MIL,PHI,1,1,1572.1526515835835,1581.9686251791748,9.815973595591087,1432.5270769271483,0.7320847550714006,9.0,9.0,0.2212784678984439,1.221278467898444,67
2023-24,2024-03-17,0022300976,MIL,PHX,1,1,1581.9686251791748,1599.3253769564894,17.356751777314788,1586.440192619472,0.5438212262657045,11.0,11.0,0.2682711820216014,1.2682711820216013,68
2023-24,2024-03-20,0022300998,MIL,BOS,0,0,1599.3253769564894,1591.893564802076,-7.431812154413289,1773.766048479794,0.2304738692501583,3.0,-3.0,0.074859690687499,1.0748596906874992,69
2023-24,2024-03-21,0022301007,MIL,BKN,1,1,1591.893564802076,1598.201268428411,6.307703626334888,1362.5469616944702,0.8207888792451896,7.0,7.0,0.1732351578346601,1.17323515783466,70
2023-24,2024-03-24,0022301030,MIL,OKC,1,1,1598.201268428411,1623.754338442992,25.553070014581063,1666.5897057257782,0.4520975475289528,25.0,25.0,0.5545997223493823,1.5545997223493822,71
2023-24,2024-03-26,0022301045,MIL,LAL,1,0,1623.754338442992,1603.8644814993368,-19.88985694365513,1586.2126182402335,0.6029049082957869,4.0,-4.0,0.0996679946249558,1.099667994624956,72
2023-24,2024-03-28,0022301061,MIL,NOP,0,0,1603.8644814993368,1588.90546875715,-14.959012742186871,1621.3707057385936,0.4250075142592739,7.0,-7.0,0.1732351578346601,1.17323515783466,73
2023-24,2024-03-30,0022301076,MIL,ATL,0,1,1588.90546875715,1605.0105051101525,16.105036353002244,1511.7065019637162,0.5604323180905244,9.0,9.0,0.2212784678984439,1.221278467898444,74
2023-24,2024-04-02,0022301095,MIL,WAS,0,0,1605.0105051101525,1576.4760439839672,-28.5344611261851,1247.4242831281408,0.864941699545017,4.0,-4.0,0.0996679946249558,1.099667994624956,75
2023-24,2024-04-03,0022301107,MIL,MEM,1,0,1576.4760439839672,1545.1423824655235,-31.333661518443765,1324.7340182917164,0.838974798507297,10.0,-10.0,0.2449186624037091,1.2449186624037092,76
2023-24,2024-04-05,0022301122,MIL,TOR,1,0,1545.1423824655235,1514.881432688959,-30.26094977656453,1237.3205970608194,0.8779802124362984,6.0,-6.0,0.1488850336233179,1.1488850336233178,77
2023-24,2024-04-07,0022301139,MIL,NYK,1,0,1514.881432688959,1494.542127544839,-20.33930514411975,1538.7903776722171,0.5159558916143512,13.0,-13.0,0.3140209253469976,1.3140209253469977,78
2023-24,2024-04-09,0022301148,MIL,BOS,1,1,1494.542127544839,1526.4883112620453,31.94618371720588,1781.8781635277835,0.1896074331599209,13.0,13.0,0.3140209253469976,1.3140209253469977,79
2023-24,2024-04-10,0022301162,MIL,ORL,1,1,1526.4883112620453,1546.0422150119043,19.553903749859177,1532.513849932071,0.5416012042660026,18.0,18.0,0.4218990052500079,1.4218990052500078,80
2023-24,2024-04-12,0022301179,MIL,OKC,0,0,1546.0422150119043,1531.9982392044417,-14.04397580746291,1634.6715095868597,0.3292305045484719,18.0,-18.0,0.4218990052500079,1.4218990052500078,81
2023-24,2024-04-14,0022301191,MIL,ORL,0,0,1531.9982392044417,1508.6156461636242,-23.382593040817515,1496.050686089516,0.5013636351673573,25.0,-25.0,0.5545997223493823,1.5545997223493822,82
2023-24,2023-10-25,0022300069,MIN,TOR,0,0,1500.0,1485.4958224790118,-14.50417752098821,1500.0,0.449800646746463,3.0,-3.0,0.074859690687499,1.0748596906874992,1
2023-24,2023-10-28,0022300093,MIN,MIA,1,1,1485.4958224790118,1504.850439815907,19.35461733689532,1497.8946672486013,0.5324798750705382,16.0,16.0,0.3799489622552249,1.379948962255225,2
2023-24,2023-10-30,0022300104,MIN,ATL,0,0,1504.850439815907,1486.0449529895652,-18.805486826341863,1491.3724311597462,0.469066920249103,14.0,-14.0,0.3363755443363322,1.3363755443363323,3
2023-24,2023-11-01,0022300123,MIN,DEN,1,1,1486.0449529895652,1511.623618084137,25.57866509457173,1573.9073319561503,0.4245065736160961,21.0,21.0,0.4815497983643079,1.481549798364308,4
2023-24,2023-11-04,0022300138,MIN,UTA,1,1,1511.623618084137,1530.080499340957,18.45688125682005,1464.1356182443917,0.6165284643569564,28.0,28.0,0.6043677771171634,1.6043677771171634,5
2023-24,2023-11-06,0022300154,MIN,BOS,1,1,1530.080499340957,1548.4084339469923,18.32793460603563,1595.2876697959052,0.4566375928450387,5.0,5.0,0.1243530017715962,1.124353001771596,6
2023-24,2023-11-08,0022300166,MIN,NOP,1,1,1548.4084339469923,1565.4770822814298,17.068648334437277,1501.3283781609707,0.6159731214506645,21.0,21.0,0.4815497983643079,1.481549798364308,7
2023-24,2023-11-10,0022300013,MIN,SAS,0,1,1565.4770822814298,1579.0010596301252,13.5239773486953,1448.5506234815134,0.6157639481342243,7.0,7.0,0.1732351578346601,1.17323515783466,8
2023-24,2023-11-12,0022300186,MIN,GSW,0,1,1579.0010596301252,1595.640626337565,16.63956670743991,1532.0267120630467,0.5172256515239949,6.0,6.0,0.1488850336233179,1.1488850336233178,9
2023-24,2023-11-14,0022300025,MIN,GSW,0,1,1595.640626337565,1609.675310306793,14.034683969228016,1515.387145355607,0.5647591931975424,3.0,3.0,0.074859690687499,1.0748596906874992,10
2023-24,2023-11-15,0022300197,MIN,PHX,0,0,1609.675310306793,1581.8473690515295,-27.827941255263497,1465.3279638039908,0.652365631044956,18.0,-18.0,0.4218990052500079,1.4218990052500078,11
2023-24,2023-11-18,0022300203,MIN,NOP,0,1,1581.8473690515295,1595.3601286049811,13.512759553451495,1504.559467052992,0.5605584325517051,1.0,1.0,0.0249947929684206,1.0249947929684209,12
2023-24,2023-11-20,0022300221,MIN,NYK,1,1,1595.3601286049811,1612.2568425937936,16.89671398881254,1561.353477819764,0.5980229691917008,17.0,17.0,0.4011342849479459,1.401134284947946,13
2023-24,2023-11-22,0022300232,MIN,PHI,1,1,1612.2568425937936,1628.39406276489,16.137220171096562,1583.5697160429602,0.59064020316533,13.0,13.0,0.3140209253469976,1.3140209253469977,14
2023-24,2023-11-24,0022300050,MIN,SAC,1,0,1628.39406276489,1601.2710052680914,-27.123057496798666,1525.9863299760946,0.6880422519308104,13.0,-13.0,0.3140209253469976,1.3140209253469977,15
2023-24,2023-11-26,0022300249,MIN,MEM,0,1,1601.2710052680914,1612.8536553222498,11.582650054158318,1382.1242671920893,0.7426970111703064,22.0,22.0,0.5005202111902353,1.5005202111902354,16
2023-24,2023-11-28,0022300058,MIN,OKC,1,1,1612.8536553222498,1626.2382912606615,13.38463593841174,1588.2689688465528,0.5849183524641964,3.0,3.0,0.074859690687499,1.0748596906874992,17
2023-24,2023-11-30,0022300270,MIN,UTA,1,1,1626.2382912606615,1633.364667851076,7.126376590414523,1406.2801230782811,0.812701029784098,11.0,11.0,0.2682711820216014,1.2682711820216013,18
2023-24,2023-12-02,0022300281,MIN,CHA,0,1,1633.364667851076,1642.7553761431336,9.390708292057484,1427.741793018025,0.7275413983346573,6.0,6.0,0.1488850336233179,1.1488850336233178,19
2023-24,2023-12-06,0022301210,MIN,SAS,1,1,1642.7553761431336,1646.480921294985,3.7255451518513514,1303.112081842636,0.89628578750753,8.0,8.0,0.197375320224904,1.197375320224904,20
2023-24,2023-12-08,0022301221,MIN,MEM,0,1,1646.480921294985,1658.292400193203,11.811478898218438,1426.2849435560008,0.7438495337252509,24.0,24.0,0.5370495669980352,1.5370495669980353,21
2023-24,2023-12-11,0022300301,MIN,NOP,0,0,1658.292400193203,1632.346302854913,-25.9460973382906,1517.9068391083808,0.6471757994537852,14.0,-14.0,0.3363755443363322,1.3363755443363323,22
2023-24,2023-12-14,0022300321,MIN,DAL,0,1,1632.346302854913,1651.337466305006,18.991163450093406,1559.1184062759935,0.5547934281320668,18.0,18.0,0.4218990052500079,1.4218990052500078,23
2023-24,2023-12-16,0022300338,MIN,IND,1,1,1651.337466305006,1663.43874969185,12.101283386844033,1525.433219083897,0.716311699069037,18.0,18.0,0.4218990052500079,1.4218990052500078,24
2023-24,2023-12-18,0022300353,MIN,MIA,0,1,1663.43874969185,1675.2035080330068,11.764758341156694,1525.9305705199813,0.6433845367067936,4.0,4.0,0.0996679946249558,1.099667994624956,25
2023-24,2023-12-20,0022300367,MIN,PHI,0,0,1675.2035080330068,1652.8600376515687,-22.34347038143805,1600.2010273750864,0.5573151568093135,14.0,-14.0,0.3363755443363322,1.3363755443363323,26
2023-24,2023-12-21,0022300380,MIN,LAL,1,1,1652.8600376515687,1661.3659383929005,8.505900741331784,1489.2012214570457,0.7583348718987022,7.0,7.0,0.1732351578346601,1.17323515783466,27
2023-24,2023-12-23,0022300400,MIN,SAC,0,1,1661.3659383929005,1678.059379518102,16.693441125201648,1578.0528595488786,0.5690834023139522,12.0,12.0,0.2913126124515909,1.2913126124515908,28
2023-24,2023-12-26,0022300411,MIN,OKC,0,0,1678.059379518102,1652.6879009626298,-25.37147855547242,1603.4545340000475,0.5567503593274523,23.0,-23.0,0.5190218338982221,1.519021833898222,29
2023-24,2023-12-28,0022300423,MIN,DAL,1,1,1652.6879009626298,1662.0561856700194,9.368284707389616,1506.7066592779363,0.7391994376046334,8.0,8.0,0.197375320224904,1.197375320224904,30
2023-24,2023-12-30,0022300443,MIN,LAL,1,1,1662.0561856700194,1669.9838659191746,7.927680249155212,1507.7629093505018,0.7483176337197419,2.0,2.0,0.0499583749578799,1.04995837495788,31
2023-24,2024-01-01,0022300451,MIN,NYK,0,0,1669.9838659191746,1647.4595854065833,-22.52428051259129,1524.7582565381554,0.6535112987344178,6.0,-6.0,0.1488850336233179,1.1488850336233178,32
2023-24,2024-01-03,0022300471,MIN,NOP,1,0,1647.4595854065833,1622.8567941948072,-24.60279121177612,1577.4946034633665,0.6466227822706844,11.0,-11.0,0.2682711820216014,1.2682711820216013,33
2023-24,2024-01-05,0022300485,MIN,HOU,0,1,1622.8567941948072,1641.328603939713,18.47180974490582,1508.4504636425854,0.6123258913703913,27.0,27.0,0.5882592563981054,1.5882592563981053,34
2023-24,2024-01-07,0022300501,MIN,DAL,0,0,1641.328603939713,1619.203427280171,-22.125176659542426,1514.9091005040154,0.6286087522407408,7.0,-7.0,0.1732351578346601,1.17323515783466,35
2023-24,2024-01-09,0022300513,MIN,ORL,0,1,1619.203427280171,1638.5955155230802,19.39208824290949,1539.699616488219,0.5636981341133644,21.0,21.0,0.4815497983643079,1.481549798364308,36
2023-24,2024-01-10,0022300517,MIN,BOS,0,0,1638.5955155230802,1626.4109322072616,-12.184583315818609,1714.0565476072477,0.3461819009443555,7.0,-7.0,0.1732351578346601,1.17323515783466,37
2023-24,2024-01-12,0022300538,MIN,POR,1,1,1626.4109322072616,1632.1060177554225,5.6950855481609,1323.3282737446664,0.875027349375535,23.0,23.0,0.5190218338982221,1.519021833898222,38
2023-24,2024-01-14,0022300553,MIN,LAC,1,1,1632.1060177554225,1648.4947967135265,16.388778958104098,1664.8682271256796,0.5032203950583126,4.0,4.0,0.0996679946249558,1.099667994624956,39
2023-24,2024-01-17,0022300569,MIN,DET,0,1,1648.4947967135265,1651.5633343610643,3.0685376475377324,1205.511106749833,0.9128183403231492,7.0,7.0,0.1732351578346601,1.17323515783466,40
2023-24,2024-01-18,0022300582,MIN,MEM,1,1,1651.5633343610643,1660.892490406907,9.329156045842534,1475.609147554244,0.7710677112133305,15.0,15.0,0.3583573983507859,1.358357398350786,41
2023-24,2024-01-20,0022300599,MIN,OKC,1,0,1660.892490406907,1641.7568041711147,-19.13568623579224,1648.835368784446,0.5673095610139324,5.0,-5.0,0.1243530017715962,1.124353001771596,42
2023-24,2024-01-22,0022300610,MIN,CHA,1,0,1641.7568041711147,1612.3907922328435,-29.366011938271104,1273.3624668022414,0.9106928774889086,3.0,-3.0,0.074859690687499,1.0748596906874992,43
2023-24,2024-01-24,0022300620,MIN,WAS,0,1,1612.3907922328435,1617.6018389322371,5.211046699393665,1257.6149195403134,0.8630406815917884,11.0,11.0,0.2682711820216014,1.2682711820216013,44
2023-24,2024-01-25,0022300629,MIN,BKN,0,1,1617.6018389322371,1625.302552780272,7.7007138480348285,1386.5977761151398,0.755523201944593,2.0,2.0,0.0499583749578799,1.04995837495788,45
2023-24,2024-01-27,0022300649,MIN,SAS,0,0,1625.302552780272,1599.2750843592926,-26.027468420979417,1293.7939834664944,0.8464260371379696,1.0,-1.0,0.0249947929684206,1.0249947929684209,46
2023-24,2024-01-29,0022300664,MIN,OKC,0,1,1599.2750843592926,1621.0614250760786,21.78634071678611,1658.2982184499942,0.3678990186373122,6.0,6.0,0.1488850336233179,1.1488850336233178,47
2023-24,2024-01-31,0022300680,MIN,DAL,1,1,1621.0614250760786,1635.3037038878444,14.242278811765807,1492.6246000863257,0.719264858405987,34.0,34.0,0.6910694698329306,1.6910694698329305,48
2023-24,2024-02-02,0022300694,MIN,ORL,1,0,1635.3037038878444,1612.1961812638838,-23.107522623960588,1494.3325706831329,0.7336012288705435,2.0,-2.0,0.0499583749578799,1.04995837495788,49
2023-24,2024-02-04,0022300709,MIN,HOU,1,1,1612.1961812638838,1623.6539091625866,11.457727898702826,1463.4891545700914,0.742213009841617,21.0,21.0,0.4815497983643079,1.481549798364308,50
2023-24,2024-02-06,0022300723,MIN,CHI,0,0,1623.6539091625866,1600.5965368860016,-23.057372276585017,1466.4317379985105,0.6689782296686784,6.0,-6.0,0.1488850336233179,1.1488850336233178,51
2023-24,2024-02-08,0022300738,MIN,MIL,0,1,1600.5965368860016,1623.4194936742526,22.82295678825098,1562.0884679439137,0.5050483454734254,24.0,24.0,0.5370495669980352,1.5370495669980353,52
2023-24,2024-02-12,0022300770,MIN,LAC,0,1,1623.4194936742526,1652.0945366526728,28.675042978420045,1692.2724645806911,0.3548412837674334,21.0,21.0,0.4815497983643079,1.481549798364308,53
2023-24,2024-02-13,0022300775,MIN,POR,0,1,1652.0945366526728,1658.616328998746,6.521792346073237,1339.6041246142192,0.8316495354368801,12.0,12.0,0.2913126124515909,1.2913126124515908,54
2023-24,2024-02-15,0022300791,MIN,POR,0,1,1658.616328998746,1666.8133377581078,8.19700875936181,1333.082332268146,0.841901946851136,37.0,37.0,0.7282542059818115,1.7282542059818111,55
2023-24,2024-02-23,0022300808,MIN,MIL,1,0,1666.8133377581078,1641.7254385016245,-25.087899256483393,1516.6872092745489,0.7437729140508196,5.0,-5.0,0.1243530017715962,1.124353001771596,56
2023-24,2024-02-24,0022300815,MIN,BKN,1,1,1641.7254385016245,1647.773308075473,6.0478695738485815,1373.220336089018,0.8515886520687549,15.0,15.0,0.3583573983507859,1.358357398350786,57
2023-24,2024-02-27,0022300838,MIN,SAS,1,1,1647.773308075473,1650.6933573696326,2.920049294159482,1257.7830886768122,0.9203007511960192,9.0,9.0,0.2212784678984439,1.221278467898444,58
2023-24,2024-02-28,0022300845,MIN,MEM,1,1,1650.6933573696326,1655.914831732861,5.221474363228656,1373.94539789828,0.8574861098300897,9.0,9.0,0.2212784678984439,1.221278467898444,59
2023-24,2024-03-01,0022300862,MIN,SAC,1,0,1655.914831732861,1632.822803326502,-23.09202840635935,1543.7491789428902,0.6999697035599347,4.0,-4.0,0.0996679946249558,1.099667994624956,60
2023-24,2024-03-03,0022300873,MIN,LAC,1,0,1632.822803326502,1615.13813203674,-17.684671289762125,1615.2300658144732,0.5751141830534475,1.0,-1.0,0.0249947929684206,1.0249947929684209,61
2023-24,2024-03-04,0022300881,MIN,POR,1,1,1615.13813203674,1619.9929755297094,4.854843492969408,1340.3949370747475,0.856070009883615,5.0,5.0,0.1243530017715962,1.124353001771596,62
2023-24,2024-03-07,0022300903,MIN,IND,0,1,1619.9929755297094,1633.5062022101108,13.513226680401464,1535.3273567118306,0.5709916696794906,2.0,2.0,0.0499583749578799,1.04995837495788,63
2023-24,2024-03-08,0022300911,MIN,CLE,0,0,1633.5062022101108,1615.632747360576,-17.87345484953478,1606.961293400938,0.4878345471389811,9.0,-9.0,0.2212784678984439,1.221278467898444,64
2023-24,2024-03-10,0022300932,MIN,LAL,0,0,1615.632747360576,1595.5390033187357,-20.0937440418406,1561.0766765839544,0.5281137642769094,11.0,-11.0,0.2682711820216014,1.2682711820216013,65
2023-24,2024-03-12,0022300944,MIN,LAC,0,1,1595.5390033187357,1620.2800641106974,24.74106079196199,1616.6107871857298,0.4199995756704757,18.0,18.0,0.4218990052500079,1.4218990052500078,66
2023-24,2024-03-16,0022300974,MIN,UTA,0,1,1620.2800641106974,1632.059897269039,11.779833158341653,1414.4827785216712,0.7277403684979671,19.0,19.0,0.4422303560457261,1.442230356045726,67
2023-24,2024-03-18,0022300987,MIN,UTA,0,1,1632.059897269039,1641.2560747808768,9.196177511837648,1402.7029453633295,0.753767647917883,10.0,10.0,0.2449186624037091,1.2449186624037092,68
2023-24,2024-03-19,0022300995,MIN,DEN,1,0,1641.2560747808768,1624.9285739109143,-16.32750086996243,1671.8467518944233,0.5063451850637695,3.0,-3.0,0.074859690687499,1.0748596906874992,69
2023-24,2024-03-22,0022301014,MIN,CLE,1,1,1624.9285739109143,1639.6599948638338,14.7314209529195,1570.223574789121,0.6263017158820022,13.0,13.0,0.3140209253469976,1.3140209253469977,70
2023-24,2024-03-24,0022301031,MIN,GSW,1,1,1639.6599948638338,1650.2354982139498,10.575503350115923,1544.1685087275976,0.6794334471310824,4.0,4.0,0.0996679946249558,1.099667994624956,71
2023-24,2024-03-27,0022301056,MIN,DET,1,1,1650.2354982139498,1653.7304661365492,3.4949679225993777,1274.1354327988836,0.9142354354643656,15.0,15.0,0.3583573983507859,1.358357398350786,72
2023-24,2024-03-29,0022301071,MIN,DEN,0,1,1653.7304661365492,1677.0292142490846,23.29874811253528,1682.6972306962316,0.4089706471916164,13.0,13.0,0.3140209253469976,1.3140209253469977,73
2023-24,2024-03-31,0022301084,MIN,CHI,1,0,1677.0292142490846,1648.465264869499,-28.56394937958558,1476.3895398746292,0.7951822873778176,8.0,-8.0,0.197375320224904,1.197375320224904,74
2023-24,2024-04-02,0022301098,MIN,HOU,1,1,1648.465264869499,1660.6113260694367,12.14606119993774,1572.1635913226878,0.6549125689245258,7.0,7.0,0.1732351578346601,1.17323515783466,75
2023-24,2024-04-03,0022301108,MIN,TOR,1,1,1660.6113260694367,1664.3563404392107,3.745014369773913,1241.0656114305934,0.931920759859346,48.0,48.0,0.8336546070121552,1.833654607012155,76
2023-24,2024-04-05,0022301125,MIN,PHX,0,0,1664.3563404392107,1645.195450137027,-19.160890302183876,1620.291337138504,0.5130426289641477,10.0,-10.0,0.2449186624037091,1.2449186624037092,77
2023-24,2024-04-07,0022301143,MIN,LAL,0,1,1645.195450137027,1664.7250604658177,19.529610328790465,1626.129791415027,0.4770847039092932,10.0,10.0,0.2449186624037091,1.2449186624037092,78
2023-24,2024-04-09,0022301152,MIN,WAS,1,1,1664.7250604658177,1667.1174743391257,2.392413873308138,1237.4159479241073,0.9347019281790018,9.0,9.0,0.2212784678984439,1.221278467898444,79
2023-24,2024-04-10,0022301164,MIN,DEN,0,0,1667.1174743391257,1651.0446548477992,-16.072819491326555,1674.9366483367276,0.4386883612488587,9.0,-9.0,0.2212784678984439,1.221278467898444,80
2023-24,2024-04-12,0022301178,MIN,ATL,1,1,1651.0446548477992,1657.874708595033,6.830053747234002,1457.7732204129668,0.7881877418851639,3.0,3.0,0.074859690687499,1.0748596906874992,81
2023-24,2024-04-14,0022301194,MIN,PHX,1,0,1657.874708595033,1632.3103687468,-25.56433984823297,1629.035411972947,0.5908519800846213,19.0,-19.0,0.4422303560457261,1.442230356045726,82
2023-24,2023-10-25,0022300071,NOP,MEM,0,1,1500.0,1519.3653967516482,19.365396751648237,1500.0,0.449800646746463,7.0,7.0,0.1732351578346601,1.17323515783466,1
2023-24,2023-10-28,0022300090,NOP,NYK,1,1,1519.3653967516482,1534.8897348162488,15.524338064600691,1500.9422950709072,0.5762817825019405,9.0,9.0,0.2212784678984439,1.221278467898444,2
2023-24,2023-10-30,0022300108,NOP,GSW,1,0,1534.8897348162488,1507.555053214258,-27.334681601990887,1522.3989884764458,0.5679221849225388,28.0,-28.0,0.6043677771171634,1.6043677771171634,3
2023-24,2023-11-01,0022300121,NOP,OKC,0,1,1507.555053214258,1526.8203552488933,19.265302034635493,1531.4637594668482,0.416026712037877,4.0,4.0,0.0996679946249558,1.099667994624956,4
2023-24,2023-11-02,0022300129,NOP,DET,1,1,1526.8203552488933,1541.2183144738833,14.397959224989986,1486.2837339387918,0.6070249441208998,9.0,9.0,0.2212784678984439,1.221278467898444,5
2023-24,2023-11-04,0022300135,NOP,ATL,1,0,1541.2183144738833,1516.7535649098477,-24.46474956403568,1524.7562901073325,0.5735229078320774,18.0,-18.0,0.4218990052500079,1.4218990052500078,6
2023-24,2023-11-06,0022300156,NOP,DEN,0,0,1516.7535649098477,1501.3283781609707,-15.425186748876955,1580.4918263383663,0.3616099946133844,18.0,-18.0,0.4218990052500079,1.4218990052500078,7
2023-24,2023-11-08,0022300166,NOP,MIN,0,0,1501.3283781609707,1484.2597298265334,-17.068648334437277,1548.4084339469923,0.3840268785493355,21.0,-21.0,0.4815497983643079,1.481549798364308,8
2023-24,2023-11-10,0022300011,NOP,HOU,0,0,1484.2597298265334,1471.6490768149542,-12.61065301157922,1526.1782800156843,0.3910790441095688,3.0,-3.0,0.074859690687499,1.0748596906874992,9
2023-24,2023-11-12,0022300183,NOP,DAL,1,0,1471.6490768149542,1455.7168969719528,-15.93217984300138,1568.967773974463,0.4112657588197206,12.0,-12.0,0.2913126124515909,1.2913126124515908,10
2023-24,2023-11-14,0022300022,NOP,DAL,1,1,1455.7168969719528,1483.8210834728238,28.104186500871048,1584.8999538174644,0.3676849622402336,21.0,21.0,0.4815497983643079,1.481549798364308,11
2023-24,2023-11-17,0022300034,NOP,DEN,1,1,1483.8210834728238,1504.559467052992,20.738383580168083,1600.0578791536511,0.3851757841326974,5.0,5.0,0.1243530017715962,1.124353001771596,12
2023-24,2023-11-18,0022300203,NOP,MIN,1,0,1504.559467052992,1491.0467074995404,-13.512759553451495,1581.8473690515295,0.4394415674482949,1.0,-1.0,0.0249947929684206,1.0249947929684209,13
2023-24,2023-11-20,0022300222,NOP,SAC,1,1,1491.0467074995404,1520.1259009218595,29.079193422319292,1571.3049020441797,0.4352341372431809,36.0,36.0,0.7162978701990245,1.7162978701990244,14
2023-24,2023-11-22,0022300233,NOP,SAC,1,1,1520.1259009218595,1536.3652795676255,16.239378645765793,1542.2257086218603,0.5185563424719792,5.0,5.0,0.1243530017715962,1.124353001771596,15
2023-24,2023-11-24,0022300052,NOP,LAC,0,1,1536.3652795676255,1554.7432125620617,18.377932994436087,1495.8604296195615,0.5079214530382337,10.0,10.0,0.2449186624037091,1.2449186624037092,16
2023-24,2023-11-25,0022300243,NOP,UTA,0,0,1554.7432125620617,1531.6383546888976,-23.104857873164107,1384.8054381748666,0.6849823212922972,5.0,-5.0,0.1243530017715962,1.124353001771596,17
2023-24,2023-11-27,0022300256,NOP,UTA,0,0,1531.6383546888976,1511.9521213816486,-19.686233307248976,1407.910296048031,0.6249845637305608,2.0,-2.0,0.0499583749578799,1.04995837495788,18
2023-24,2023-11-29,0022300262,NOP,PHI,1,1,1511.9521213816486,1533.878682486768,21.926561105119298,1608.0953298447307,0.4129051220427223,10.0,10.0,0.2449186624037091,1.2449186624037092,19
2023-24,2023-12-01,0022300278,NOP,SAS,1,1,1533.878682486768,1541.3943719831325,7.515689496364241,1310.6277713390002,0.8155691694127721,15.0,15.0,0.3583573983507859,1.358357398350786,20
2023-24,2023-12-02,0022300285,NOP,CHI,0,0,1541.3943719831325,1519.511379310415,-21.882992672717343,1410.273072727888,0.6349052061285148,6.0,-6.0,0.1488850336233179,1.1488850336233178,21
2023-24,2023-12-04,0022301204,NOP,SAC,0,1,1519.511379310415,1541.9470236533973,22.435644342982513,1555.4734240819437,0.3992741582098382,10.0,10.0,0.2449186624037091,1.2449186624037092,22
2023-24,2023-12-07,0022301230,NOP,LAL,0,0,1541.9470236533973,1517.9068391083808,-24.040184545016363,1545.274341875716,0.4450652153369591,44.0,-44.0,0.8004990217606297,1.8004990217606296,23
2023-24,2023-12-11,0022300301,NOP,MIN,1,1,1517.9068391083808,1543.8529364466715,25.9460973382906,1658.292400193203,0.3528242005462147,14.0,14.0,0.3363755443363322,1.3363755443363323,24
2023-24,2023-12-13,0022300311,NOP,WAS,0,1,1543.8529364466715,1554.884834261936,11.031897815264568,1319.3961200173028,0.7484948963565907,20.0,20.0,0.4621171572600097,1.4621171572600098,25
2023-24,2023-12-15,0022300326,NOP,CHA,0,1,1554.884834261936,1565.943393346182,11.058559084245925,1395.1680808715944,0.6721504406883658,5.0,5.0,0.1243530017715962,1.124353001771596,26
2023-24,2023-12-17,0022300345,NOP,SAS,0,1,1565.943393346182,1577.0440117797302,11.100618433548336,1306.57995782225,0.7844076946802345,36.0,36.0,0.7162978701990245,1.7162978701990244,27
2023-24,2023-12-19,0022300360,NOP,MEM,1,0,1577.0440117797302,1551.8360422357375,-25.20796954399275,1370.910711626747,0.8002847270018042,2.0,-2.0,0.0499583749578799,1.04995837495788,28
2023-24,2023-12-21,0022300375,NOP,CLE,0,1,1551.8360422357375,1576.3536282888645,24.517586053126944,1563.4328741216125,0.4333409604008822,19.0,19.0,0.4422303560457261,1.442230356045726,29
2023-24,2023-12-23,0022300392,NOP,HOU,1,0,1576.3536282888645,1557.0497107847218,-19.303917504142618,1531.5658006503188,0.6128470729428365,2.0,-2.0,0.0499583749578799,1.04995837495788,30
2023-24,2023-12-26,0022300410,NOP,MEM,1,0,1557.0497107847218,1535.3706362621133,-21.679074522608513,1440.691063440515,0.7050141350742917,1.0,-1.0,0.0249947929684206,1.0249947929684209,31
2023-24,2023-12-28,0022300424,NOP,UTA,1,1,1535.3706362621133,1547.6290087921675,12.2583725300541,1461.5163765357418,0.6517216391446954,7.0,7.0,0.1732351578346601,1.17323515783466,32
2023-24,2023-12-31,0022300446,NOP,LAL,1,1,1547.6290087921675,1564.4311680471185,16.80215925495089,1499.8352291013466,0.6169445297977366,20.0,20.0,0.4621171572600097,1.4621171572600098,33
2023-24,2024-01-02,0022300461,NOP,BKN,1,1,1564.4311680471185,1577.4946034633665,13.063435416247756,1430.3023207802682,0.7258332696918901,27.0,27.0,0.5882592563981054,1.5882592563981053,34
2023-24,2024-01-03,0022300471,NOP,MIN,0,1,1577.4946034633665,1602.0973946751424,24.60279121177612,1647.4595854065833,0.3533772177293156,11.0,11.0,0.2682711820216014,1.2682711820216013,35
2023-24,2024-01-05,0022300486,NOP,LAC,1,0,1602.0973946751424,1581.3798920520328,-20.71750262310946,1636.7907639778814,0.5004412769307842,16.0,-16.0,0.3799489622552249,1.379948962255225,36
2023-24,2024-01-07,0022300500,NOP,SAC,0,1,1581.3798920520328,1607.35743466178,25.977542609747083,1557.5772998698797,0.4838912117643207,33.0,33.0,0.6777821008468294,1.6777821008468294,37
2023-24,2024-01-10,0022300525,NOP,GSW,0,1,1607.35743466178,1625.1916455279688,17.83421086618879,1462.0405738665318,0.6536302317553477,36.0,36.0,0.7162978701990245,1.7162978701990244,38
2023-24,2024-01-12,0022300539,NOP,DEN,0,0,1625.1916455279688,1605.9114322508656,-19.280213277103215,1591.796593128763,0.4976903111658667,12.0,-12.0,0.2913126124515909,1.2913126124515908,39
2023-24,2024-01-13,0022300547,NOP,DAL,0,1,1605.9114322508656,1622.340476130948,16.42904388008236,1528.9439995041491,0.560103954948058,10.0,10.0,0.2449186624037091,1.2449186624037092,40
2023-24,2024-01-15,0022300556,NOP,DAL,0,0,1622.340476130948,1601.898117848763,-20.442358282185083,1512.5149556240667,0.6060480486696174,5.0,-5.0,0.1243530017715962,1.124353001771596,41
2023-24,2024-01-17,0022300575,NOP,CHA,1,1,1601.898117848763,1606.5866147828867,4.688496934123877,1268.1078914735867,0.8931116905636102,20.0,20.0,0.4621171572600097,1.4621171572600098,42
2023-24,2024-01-19,0022300588,NOP,PHX,1,0,1606.5866147828867,1580.358850865899,-26.227763916987733,1530.831293397086,0.6542014338245742,14.0,-14.0,0.3363755443363322,1.3363755443363323,43
2023-24,2024-01-23,0022300616,NOP,UTA,1,1,1580.358850865899,1601.9850988638912,21.626247997992163,1576.975383468082,0.5550146129788484,29.0,29.0,0.619996867969374,1.619996867969374,44
2023-24,2024-01-26,0022300640,NOP,OKC,1,0,1601.9850988638912,1581.5477657987844,-20.437333065106785,1676.6138661863952,0.4432156581873135,24.0,-24.0,0.5370495669980352,1.5370495669980353,45
2023-24,2024-01-27,0022300648,NOP,MIL,0,0,1581.5477657987844,1562.5225513412352,-19.025214457549225,1607.9156390900746,0.4125916488758566,24.0,-24.0,0.5370495669980352,1.5370495669980353,46
2023-24,2024-01-29,0022300659,NOP,BOS,0,0,1562.5225513412352,1553.10178054604,-9.420770795195205,1697.3818023425767,0.2733308242190335,6.0,-6.0,0.1488850336233179,1.1488850336233178,47
2023-24,2024-01-31,0022300679,NOP,HOU,0,1,1553.10178054604,1569.0028167006417,15.90103615460152,1460.5452093640176,0.5820810675191311,11.0,11.0,0.2682711820216014,1.2682711820216013,48
2023-24,2024-02-02,0022300696,NOP,SAS,0,1,1569.0028167006417,1574.9968251628663,5.9940084622249215,1287.6187233361245,0.8050719052966743,1.0,1.0,0.0249947929684206,1.0249947929684209,49
2023-24,2024-02-05,0022300718,NOP,TOR,1,1,1574.9968251628663,1585.7809379203063,10.784112757440273,1376.271107097954,0.7933820397981364,38.0,38.0,0.7397830512740042,1.7397830512740042,50
2023-24,2024-02-07,0022300731,NOP,LAC,0,1,1585.7809379203063,1613.2826177881163,27.50167986780983,1717.2820155335469,0.2771871857885406,11.0,11.0,0.2682711820216014,1.2682711820216013,51
2023-24,2024-02-09,0022300747,NOP,LAL,0,0,1613.2826177881163,1588.1264109201977,-25.156206867918613,1508.9511124662797,0.5984724219076356,17.0,-17.0,0.4011342849479459,1.401134284947946,52
2023-24,2024-02-10,0022300758,NOP,POR,0,1,1588.1264109201977,1596.741357552594,8.614946632396194,1348.2190712466154,0.76486534783448,9.0,9.0,0.2212784678984439,1.221278467898444,53
2023-24,2024-02-12,0022300766,NOP,MEM,0,1,1596.741357552594,1606.208127173844,9.46676962125008,1378.5760955316982,0.7416158593887179,9.0,9.0,0.2212784678984439,1.221278467898444,54
2023-24,2024-02-14,0022300784,NOP,WAS,1,1,1606.208127173844,1609.4394285076712,3.2313013338273033,1243.0851332128373,0.9081939850322068,7.0,7.0,0.1732351578346601,1.17323515783466,55
2023-24,2024-02-22,0022300798,NOP,HOU,1,1,1609.4394285076712,1618.8488257955664,9.409397287895322,1413.2538559476488,0.7909747739989532,22.0,22.0,0.5005202111902353,1.5005202111902354,56
2023-24,2024-02-23,0022300810,NOP,MIA,1,0,1618.8488257955664,1593.5735552925694,-25.275270502997103,1535.285829135935,0.6642972171169466,11.0,-11.0,0.2682711820216014,1.2682711820216013,57
2023-24,2024-02-25,0022300823,NOP,CHI,1,0,1593.5735552925694,1568.9185326864688,-24.6550226061005,1492.5229464530703,0.6863629749071919,8.0,-8.0,0.197375320224904,1.197375320224904,58
2023-24,2024-02-27,0022300837,NOP,NYK,0,1,1568.9185326864688,1593.6530954693064,24.734562782837596,1563.7137194005468,0.4572260860933557,23.0,23.0,0.5190218338982221,1.519021833898222,59
2023-24,2024-02-28,0022300843,NOP,IND,0,0,1593.6530954693064,1574.440825730219,-19.21226973908719,1541.7015495112098,0.5243758963546715,9.0,-9.0,0.2212784678984439,1.221278467898444,60
2023-24,2024-03-01,0022300863,NOP,IND,1,1,1574.440825730219,1594.958656081546,20.51783035132657,1560.913819250297,0.5693853660084558,27.0,27.0,0.5882592563981054,1.5882592563981053,61
2023-24,2024-03-05,0022300890,NOP,TOR,0,1,1594.958656081546,1610.378038341258,15.419382259711938,1404.476311422293,0.7099267508616758,41.0,41.0,0.7718952374404182,1.7718952374404182,62
2023-24,2024-03-08,0022300909,NOP,PHI,0,1,1610.378038341258,1621.5130683294574,11.135029988199388,1436.370407270736,0.6900156032917095,8.0,8.0,0.197375320224904,1.197375320224904,63
2023-24,2024-03-10,0022300925,NOP,ATL,0,1,1621.5130683294574,1635.7137357338308,14.200667404373403,1486.738810857409,0.6397655691664274,13.0,13.0,0.3140209253469976,1.3140209253469977,64
2023-24,2024-03-13,0022300951,NOP,CLE,1,0,1635.7137357338308,1607.147169184972,-28.56656654885886,1568.709922739788,0.6427181091133426,21.0,-21.0,0.4815497983643079,1.481549798364308,65
2023-24,2024-03-15,0022300964,NOP,LAC,1,1,1607.147169184972,1623.4825569929371,16.335387807965226,1610.621785896079,0.5452445714098251,8.0,8.0,0.197375320224904,1.197375320224904,66
2023-24,2024-03-16,0022300970,NOP,POR,1,1,1623.4825569929371,1629.400960898712,5.918403905775082,1338.4551000069573,0.8632117751748057,19.0,19.0,0.4422303560457261,1.442230356045726,67
2023-24,2024-03-19,0022300993,NOP,BKN,0,1,1629.400960898712,1637.940051766073,8.539090867361042,1371.0860525618311,0.7833852134659094,13.0,13.0,0.3140209253469976,1.3140209253469977,68
2023-24,2024-03-21,0022301004,NOP,ORL,0,0,1637.940051766073,1615.277507444382,-22.66254432169122,1563.7745108603297,0.5561262043211493,15.0,-15.0,0.3583573983507859,1.358357398350786,69
2023-24,2024-03-22,0022301013,NOP,MIA,0,1,1615.277507444382,1635.1822218294683,19.904714385086525,1536.117013390599,0.5632120192767818,23.0,23.0,0.5190218338982221,1.519021833898222,70
2023-24,2024-03-24,0022301027,NOP,DET,0,1,1635.1822218294683,1640.720236116509,5.538014287040815,1285.5330899690523,0.859514812379456,13.0,13.0,0.3140209253469976,1.3140209253469977,71
2023-24,2024-03-26,0022301046,NOP,OKC,1,0,1640.720236116509,1621.3707057385936,-19.34953037791542,1641.0366357111973,0.549748566281381,7.0,-7.0,0.1732351578346601,1.17323515783466,72
2023-24,2024-03-28,0022301061,NOP,MIL,1,1,1621.3707057385936,1636.3297184807805,14.959012742186871,1603.8644814993368,0.574992485740726,7.0,7.0,0.1732351578346601,1.17323515783466,73
2023-24,2024-03-30,0022301074,NOP,BOS,1,0,1636.3297184807805,1620.7624214889447,-15.567296991835828,1740.430452146045,0.4018468453914477,12.0,-12.0,0.2913126124515909,1.2913126124515908,74
2023-24,2024-04-01,0022301092,NOP,PHX,1,0,1620.7624214889447,1596.9140233278135,-23.848398161131076,1581.7190553064534,0.6049725617277456,13.0,-13.0,0.3140209253469976,1.3140209253469977,75
2023-24,2024-04-03,0022301109,NOP,ORL,1,0,1596.9140233278135,1574.045460190057,-22.868563137756553,1543.7894101979948,0.6241700463588348,9.0,-9.0,0.2212784678984439,1.221278467898444,76
2023-24,2024-04-05,0022301123,NOP,SAS,1,0,1574.045460190057,1548.5799843835125,-25.465475806544404,1358.8860033380934,0.808459853073254,2.0,-2.0,0.0499583749578799,1.04995837495788,77
2023-24,2024-04-07,0022301138,NOP,PHX,0,1,1548.5799843835125,1572.777066387902,24.197082004389276,1639.4522274406877,0.3263854812083394,8.0,8.0,0.197375320224904,1.197375320224904,78
2023-24,2024-04-09,0022301157,NOP,POR,0,1,1572.777066387902,1580.5913118607064,7.814245472804574,1306.8070108178767,0.7907695844236469,10.0,10.0,0.2449186624037091,1.2449186624037092,79
2023-24,2024-04-11,0022301170,NOP,SAC,0,1,1580.5913118607064,1600.3870597689588,19.795747908252476,1553.2347923714444,0.4890019215752429,12.0,12.0,0.2913126124515909,1.2913126124515908,80
2023-24,2024-04-12,0022301182,NOP,GSW,0,1,1600.3870597689588,1621.420136562341,21.0330767933821,1653.060712749312,0.3764391088255154,5.0,5.0,0.1243530017715962,1.124353001771596,81
2023-24,2024-04-14,0022301195,NOP,LAL,1,0,1621.420136562341,1596.9568701118897,-24.463266450451364,1592.5305150747274,0.5909220103926042,16.0,-16.0,0.3799489622552249,1.379948962255225,82
2023-24,2023-10-25,0022300065,NYK,BOS,1,0,1500.0,1481.848901416912,-18.151098583087943,1500.0,0.550199353253537,4.0,-4.0,0.0996679946249558,1.099667994624956,1
2023-24,2023-10-27,0022300079,NYK,ATL,0,1,1481.848901416912,1500.9422950709072,19.093393653995346,1484.496923065167,0.446031207207937,6.0,6.0,0.1488850336233179,1.1488850336233178,2
2023-24,2023-10-28,0022300090,NYK,NOP,0,0,1500.9422950709072,1485.4179570063066,-15.524338064600691,1519.3653967516482,0.4237182174980595,9.0,-9.0,0.2212784678984439,1.221278467898444,3
2023-24,2023-10-31,0022300112,NYK,CLE,0,1,1485.4179570063066,1508.5189628810822,23.101005874775527,1479.3586190725252,0.4584471004508567,18.0,18.0,0.4218990052500079,1.4218990052500078,4
2023-24,2023-11-01,0022300120,NYK,CLE,1,0,1508.5189628810822,1487.046177130404,-21.472785750678145,1456.2576131977496,0.6230036113929213,6.0,-6.0,0.1488850336233179,1.1488850336233178,5
2023-24,2023-11-03,0022300002,NYK,MIL,0,0,1487.046177130404,1471.5941314251309,-15.452045705273084,1481.2284262154549,0.458101850009915,5.0,-5.0,0.1243530017715962,1.124353001771596,6
2023-24,2023-11-06,0022300151,NYK,LAC,1,1,1471.5941314251309,1492.7581267650569,21.163995339925997,1525.9979942554055,0.4721045934126147,14.0,14.0,0.3363755443363322,1.3363755443363323,7
2023-24,2023-11-08,0022300161,NYK,SAS,1,1,1492.7581267650569,1511.129351360683,18.371224595625996,1466.9218480771394,0.5866665070160858,21.0,21.0,0.4815497983643079,1.481549798364308,8
2023-24,2023-11-12,0022300177,NYK,CHA,1,1,1511.129351360683,1527.8886620914882,16.759310730805314,1455.3857225126958,0.6276999890699778,22.0,22.0,0.5005202111902353,1.5005202111902354,9
2023-24,2023-11-13,0022300188,NYK,BOS,0,0,1527.8886620914882,1513.010286824015,-14.878375267472745,1593.2964797325048,0.3593943369025593,16.0,-16.0,0.3799489622552249,1.379948962255225,10
2023-24,2023-11-15,0022300193,NYK,ATL,0,1,1513.010286824015,1531.398913856904,18.388627032888717,1536.7872859250506,0.4162109193574335,2.0,2.0,0.0499583749578799,1.04995837495788,11
2023-24,2023-11-17,0022300028,NYK,WAS,0,1,1531.398913856904,1547.335801453822,15.936887596917805,1395.3638293486877,0.6414365638263215,21.0,21.0,0.4815497983643079,1.481549798364308,12
2023-24,2023-11-18,0022300202,NYK,CHA,0,1,1547.335801453822,1561.353477819764,14.017676365942116,1404.5258804433586,0.6503558592904477,14.0,14.0,0.3363755443363322,1.3363755443363323,13
2023-24,2023-11-20,0022300221,NYK,MIN,0,0,1561.353477819764,1544.4567638309516,-16.89671398881254,1595.3601286049811,0.4019770308082991,17.0,-17.0,0.4011342849479459,1.401134284947946,14
2023-24,2023-11-24,0022300045,NYK,MIA,1,1,1544.4567638309516,1560.411923631738,15.95515980078658,1583.9966780922805,0.4934669100119759,2.0,2.0,0.0499583749578799,1.04995837495788,15
2023-24,2023-11-26,0022300247,NYK,PHX,1,0,1560.411923631738,1542.7566059854166,-17.65531764632148,1562.2894587824123,0.5475231728471408,3.0,-3.0,0.074859690687499,1.0748596906874992,16
2023-24,2023-11-28,0022300057,NYK,CHA,1,1,1542.7566059854166,1555.958384906192,13.201778920775212,1419.07997622977,0.7136986946890462,24.0,24.0,0.5370495669980352,1.5370495669980353,17
2023-24,2023-11-30,0022300268,NYK,DET,1,1,1555.958384906192,1561.4328466929817,5.4744617867898775,1301.3831513469231,0.8411659528855064,6.0,6.0,0.1488850336233179,1.1488850336233178,18
2023-24,2023-12-01,0022300276,NYK,TOR,0,1,1561.4328466929817,1579.440653776425,18.00780708344332,1496.347626476723,0.5431882213319663,13.0,13.0,0.3140209253469976,1.3140209253469977,19
2023-24,2023-12-05,0022301201,NYK,MIL,0,0,1579.440653776425,1559.0577220290118,-20.3829317474134,1584.9001536514306,0.442035880192263,24.0,-24.0,0.5370495669980352,1.5370495669980353,20
2023-24,2023-12-08,0022301227,NYK,BOS,0,0,1559.0577220290118,1545.534219637736,-13.523502391275825,1622.4283404637788,0.362098686971362,10.0,-10.0,0.2449186624037091,1.2449186624037092,21
2023-24,2023-12-11,0022300297,NYK,TOR,1,1,1545.534219637736,1556.2828690554982,10.748649417762111,1443.0452737241428,0.6881425874306629,6.0,6.0,0.1488850336233179,1.1488850336233178,22
2023-24,2023-12-13,0022300318,NYK,UTA,0,0,1556.2828690554982,1533.2019917744187,-23.08087728107937,1374.3967254874744,0.699631688651966,4.0,-4.0,0.0996679946249558,1.099667994624956,23
2023-24,2023-12-15,0022300333,NYK,PHX,0,1,1533.2019917744187,1554.92935227739,21.727360502971013,1509.949312116005,0.483100686437103,17.0,17.0,0.4011342849479459,1.401134284947946,24
2023-24,2023-12-16,0022300343,NYK,LAC,0,0,1554.92935227739,1536.3338247374788,-18.595527539910975,1580.939594309511,0.413090682400977,22.0,-22.0,0.5005202111902353,1.5005202111902354,25
2023-24,2023-12-18,0022300359,NYK,LAL,0,1,1536.3338247374788,1554.4939998758032,18.1601751383244,1528.061763510972,0.4616111040539116,5.0,5.0,0.1243530017715962,1.124353001771596,26
2023-24,2023-12-20,0022300368,NYK,BKN,0,1,1554.4939998758032,1574.507459992033,20.01346011623023,1493.4279092225952,0.5374418972592174,19.0,19.0,0.4422303560457261,1.442230356045726,27
2023-24,2023-12-23,0022300388,NYK,MIL,1,0,1574.507459992033,1554.9135907363675,-19.5938692556657,1642.3610009041724,0.4528603717505924,19.0,-19.0,0.4422303560457261,1.442230356045726,28
2023-24,2023-12-25,0022300401,NYK,MIL,1,1,1554.9135907363675,1576.1097856785273,21.196194942159647,1661.954870159838,0.3977849822457401,7.0,7.0,0.1732351578346601,1.17323515783466,29
2023-24,2023-12-27,0022300419,NYK,OKC,0,0,1576.1097856785273,1562.319783971529,-13.79000170699833,1628.8260125555198,0.3763815834382129,9.0,-9.0,0.2212784678984439,1.221278467898444,30
2023-24,2023-12-29,0022300429,NYK,ORL,0,0,1562.319783971529,1544.6435162418566,-17.676267729672336,1539.5180032041824,0.4824525608285818,9.0,-9.0,0.2212784678984439,1.221278467898444,31
2023-24,2023-12-30,0022300441,NYK,IND,0,0,1544.6435162418566,1524.7582565381554,-19.885259703701184,1512.4232057551371,0.4959997905772451,14.0,-14.0,0.3363755443363322,1.3363755443363323,32
2023-24,2024-01-01,0022300451,NYK,MIN,1,1,1524.7582565381554,1547.282537050747,22.52428051259129,1669.9838659191746,0.3464887012655822,6.0,6.0,0.1488850336233179,1.1488850336233178,33
2023-24,2024-01-03,0022300468,NYK,CHI,1,1,1547.282537050747,1562.5623907932345,15.279853742487647,1489.15015761204,0.6309077567256288,16.0,16.0,0.3799489622552249,1.379948962255225,34
2023-24,2024-01-05,0022300483,NYK,PHI,0,1,1562.5623907932345,1595.5803845949033,33.017993801669135,1628.4670427581416,0.3587361421934619,36.0,36.0,0.7162978701990245,1.7162978701990244,35
2023-24,2024-01-06,0022300494,NYK,WAS,0,1,1595.5803845949033,1602.927645711369,7.3472611164656,1294.1775663013243,0.8225233609495696,16.0,16.0,0.3799489622552249,1.379948962255225,36
2023-24,2024-01-09,0022300514,NYK,POR,1,1,1602.927645711369,1610.155799643174,7.228153931804774,1336.8370502281114,0.8498234208951597,28.0,28.0,0.6043677771171634,1.6043677771171634,37
2023-24,2024-01-11,0022300530,NYK,DAL,0,0,1610.155799643174,1590.5739389626897,-19.58186068048418,1509.362138823665,0.5935688703680851,4.0,-4.0,0.0996679946249558,1.099667994624956,38
2023-24,2024-01-13,0022300544,NYK,MEM,0,1,1590.5739389626897,1605.483848374962,14.909909412272327,1474.1181952067332,0.6151226468194129,12.0,12.0,0.2913126124515909,1.2913126124515908,39
2023-24,2024-01-15,0022300557,NYK,ORL,1,0,1605.483848374962,1582.5486916085877,-22.93515676637436,1497.2339730190856,0.6952145822944934,4.0,-4.0,0.0996679946249558,1.099667994624956,40
2023-24,2024-01-17,0022300573,NYK,HOU,1,1,1582.5486916085877,1594.526668164035,11.977976555447526,1465.309553996255,0.7060671325040505,15.0,15.0,0.3583573983507859,1.358357398350786,41
2023-24,2024-01-18,0022300579,NYK,WAS,1,1,1594.526668164035,1598.526250953772,3.9995827897369898,1285.4305196274956,0.8787639296803985,4.0,4.0,0.0996679946249558,1.099667994624956,42
2023-24,2024-01-20,0022300596,NYK,TOR,1,1,1598.526250953772,1609.401869665506,10.875618711734088,1424.2673607667991,0.769340490340046,26.0,26.0,0.5716699660851172,1.5716699660851172,43
2023-24,2024-01-23,0022300615,NYK,BKN,0,1,1609.401869665506,1618.275821028877,8.873951363371305,1395.4717274785112,0.7369168060982927,5.0,5.0,0.1243530017715962,1.124353001771596,44
2023-24,2024-01-25,0022300631,NYK,DEN,1,1,1618.275821028877,1644.1954641434852,25.919643114607933,1650.9179519806976,0.503393194233278,38.0,38.0,0.7397830512740042,1.7397830512740042,45
2023-24,2024-01-27,0022300643,NYK,MIA,1,1,1644.1954641434852,1653.4862756481075,9.2908115046226,1463.7734758579672,0.7755759631032827,16.0,16.0,0.3799489622552249,1.379948962255225,46
2023-24,2024-01-29,0022300657,NYK,CHA,0,1,1653.4862756481075,1658.4367654288542,4.950489780746524,1257.7242789568174,0.8886191161396877,21.0,21.0,0.4815497983643079,1.481549798364308,47
2023-24,2024-01-30,0022300671,NYK,UTA,1,1,1658.4367654288542,1670.1082624790315,11.67149705017747,1534.854260741218,0.7135879687150546,15.0,15.0,0.3583573983507859,1.358357398350786,48
2023-24,2024-02-01,0022300685,NYK,IND,1,1,1670.1082624790315,1680.8485860574513,10.74032357841944,1578.5854179716312,0.6744373868320002,4.0,4.0,0.0996679946249558,1.099667994624956,49
2023-24,2024-02-03,0022300701,NYK,LAL,1,0,1680.8485860574513,1652.5234616553284,-28.325124402122803,1487.2169301639285,0.7885337182553162,8.0,-8.0,0.197375320224904,1.197375320224904,50
2023-24,2024-02-06,0022300722,NYK,MEM,1,1,1652.5234616553284,1659.3676672643542,6.844205609025641,1427.91364134629,0.8167428974620522,10.0,10.0,0.2449186624037091,1.2449186624037092,51
2023-24,2024-02-08,0022300736,NYK,DAL,1,0,1659.3676672643542,1629.4305982407172,-29.937069023636816,1506.5421949725478,0.7467229589893982,14.0,-14.0,0.3363755443363322,1.3363755443363323,52
2023-24,2024-02-10,0022300755,NYK,IND,1,0,1629.4305982407172,1602.204399153747,-27.22619908696985,1534.2006160902563,0.679105490527636,14.0,-14.0,0.3363755443363322,1.3363755443363323,53
2023-24,2024-02-12,0022300765,NYK,HOU,0,0,1602.204399153747,1579.7885708108245,-22.41582834292278,1410.2727334737722,0.7116418097311717,2.0,-2.0,0.0499583749578799,1.04995837495788,54
2023-24,2024-02-14,0022300778,NYK,ORL,0,0,1579.7885708108245,1556.0865810657651,-23.701989745059244,1505.9639844468088,0.5556416608480526,18.0,-18.0,0.4218990052500079,1.4218990052500078,55
2023-24,2024-02-22,0022300794,NYK,PHI,0,1,1556.0865810657651,1572.7898159698418,16.703234904076698,1462.60934910193,0.5833697352797184,14.0,14.0,0.3363755443363322,1.3363755443363323,56
2023-24,2024-02-24,0022300816,NYK,BOS,1,0,1572.7898159698418,1559.7830721304713,-13.00674383937042,1735.2108544071868,0.3244283613363536,14.0,-14.0,0.3363755443363322,1.3363755443363323,57
2023-24,2024-02-26,0022300828,NYK,DET,1,1,1559.7830721304713,1563.7137194005468,3.930647270075391,1256.405941949874,0.8752126000476583,2.0,2.0,0.0499583749578799,1.04995837495788,58
2023-24,2024-02-27,0022300837,NYK,NOP,1,0,1563.7137194005468,1538.9791566177091,-24.734562782837596,1568.9185326864688,0.5427739139066443,23.0,-23.0,0.5190218338982221,1.519021833898222,59
2023-24,2024-02-29,0022300852,NYK,GSW,1,0,1538.9791566177091,1520.43131474725,-18.547841870459152,1582.6782627564066,0.4874835953431302,11.0,-11.0,0.2682711820216014,1.2682711820216013,60
2023-24,2024-03-03,0022300876,NYK,CLE,0,1,1520.43131474725,1546.3529426835212,25.921627936271225,1638.8713713931745,0.2925002059282805,9.0,9.0,0.2212784678984439,1.221278467898444,61
2023-24,2024-03-05,0022300889,NYK,ATL,1,0,1546.3529426835212,1516.4882316681676,-29.864711015353688,1416.0779477318538,0.7213965113257121,16.0,-16.0,0.3799489622552249,1.379948962255225,62
2023-24,2024-03-08,0022300912,NYK,ORL,1,1,1516.4882316681676,1541.274789318329,24.78655765016176,1577.6196776892118,0.46246457753969,24.0,24.0,0.5370495669980352,1.5370495669980353,63
2023-24,2024-03-10,0022300927,NYK,PHI,1,0,1541.274789318329,1516.988560987193,-24.286228331136297,1425.2353772825363,0.7046318131746437,6.0,-6.0,0.1488850336233179,1.1488850336233178,64
2023-24,2024-03-12,0022300939,NYK,PHI,1,1,1516.988560987193,1533.9830896737174,16.994528686524234,1449.5216056136728,0.6433300877871191,27.0,27.0,0.5882592563981054,1.5882592563981053,65
2023-24,2024-03-14,0022300960,NYK,POR,0,1,1533.9830896737174,1545.5208040509,11.537714377182407,1349.9928143841398,0.7021708953115091,12.0,12.0,0.2913126124515909,1.2913126124515908,66
2023-24,2024-03-16,0022300975,NYK,SAC,0,1,1545.5208040509,1567.1426819068745,21.621877855974628,1591.3799691185527,0.3856907056927876,7.0,7.0,0.1732351578346601,1.17323515783466,67
2023-24,2024-03-18,0022300988,NYK,GSW,0,1,1567.1426819068745,1587.0733832065202,19.93070129964581,1578.4575890342287,0.4337395145792083,7.0,7.0,0.1732351578346601,1.17323515783466,68
2023-24,2024-03-21,0022301009,NYK,DEN,0,0,1587.0733832065202,1574.71206986863,-12.36131333789017,1688.1742527643858,0.3135747460192558,13.0,-13.0,0.3140209253469976,1.3140209253469977,69
2023-24,2024-03-23,0022301019,NYK,BKN,1,1,1574.71206986863,1582.0184706821256,7.306400813495447,1356.239258068135,0.8113960233681898,12.0,12.0,0.2913126124515909,1.2913126124515908,70
2023-24,2024-03-25,0022301035,NYK,DET,1,1,1582.0184706821256,1587.8781135652534,5.85964288312792,1279.9950756820117,0.8743590220494709,25.0,25.0,0.5545997223493823,1.5545997223493822,71
2023-24,2024-03-27,0022301053,NYK,TOR,0,1,1587.8781135652534,1596.6826874520689,8.80457388681538,1268.6661231389987,0.8369975253081825,44.0,44.0,0.8004990217606297,1.8004990217606296,72
2023-24,2024-03-29,0022301070,NYK,SAS,0,0,1596.6826874520689,1571.0881667987062,-25.59452065336259,1346.0113545571323,0.7758256970426682,4.0,-4.0,0.0996679946249558,1.099667994624956,73
2023-24,2024-03-31,0022301082,NYK,OKC,1,0,1571.0881667987062,1557.880132486598,-13.208034312108117,1655.3826473242736,0.4295317531600067,1.0,-1.0,0.0249947929684206,1.0249947929684209,74
2023-24,2024-04-02,0022301096,NYK,MIA,0,0,1557.880132486598,1539.8885550606592,-17.991577425938956,1535.5785234652972,0.4817336791894105,10.0,-10.0,0.2449186624037091,1.2449186624037092,75
2023-24,2024-04-04,0022301112,NYK,SAC,1,1,1539.8885550606592,1558.84654011178,18.957985051120975,1573.681685582898,0.5017368178073113,11.0,11.0,0.2682711820216014,1.2682711820216013,76
2023-24,2024-04-05,0022301119,NYK,CHI,0,0,1558.84654011178,1538.7903776722171,-20.05616243956287,1483.1244992726222,0.5583368361558152,8.0,-8.0,0.197375320224904,1.197375320224904,77
2023-24,2024-04-07,0022301139,NYK,MIL,0,1,1538.7903776722171,1559.1296828163368,20.33930514411975,1514.881432688959,0.4840441083856488,13.0,13.0,0.3140209253469976,1.3140209253469977,78
2023-24,2024-04-09,0022301149,NYK,CHI,0,1,1559.1296828163368,1576.1140669631595,16.98438414682278,1486.735316934867,0.5536079773373079,11.0,11.0,0.2682711820216014,1.2682711820216013,79
2023-24,2024-04-11,0022301167,NYK,BOS,0,1,1576.1140669631595,1604.2849206108574,28.17085364769793,1749.9319798105778,0.2311102835218824,9.0,9.0,0.2212784678984439,1.221278467898444,80
2023-24,2024-04-12,0022301175,NYK,BKN,1,1,1604.2849206108574,1611.218580984703,6.933660373845686,1409.304318529981,0.7898256441114779,4.0,4.0,0.0996679946249558,1.099667994624956,81
2023-24,2024-04-14,0022301190,NYK,CHI,1,1,1611.218580984703,1620.037883876386,8.819302891682815,1487.9725470033122,0.7131919449027376,1.0,1.0,0.0249947929684206,1.0249947929684209,82
2023-24,2023-10-25,0022300070,OKC,CHI,0,1,1500.0,1524.1336774291608,24.13367742916072,1500.0,0.449800646746463,20.0,20.0,0.4621171572600097,1.4621171572600098,1
2023-24,2023-10-27,0022300081,OKC,CLE,0,1,1524.1336774291608,1541.54319962285,17.40952219368908,1516.918544165384,0.4600993864742276,3.0,3.0,0.074859690687499,1.0748596906874992,2
2023-24,2023-10-29,0022300095,OKC,DEN,1,0,1541.54319962285,1513.2983601281903,-28.24483949465968,1533.835016497733,0.5611543056436157,33.0,-33.0,0.6777821008468294,1.6777821008468294,3
2023-24,2023-10-30,0022300109,OKC,DET,1,1,1513.2983601281903,1531.4637594668482,18.16539933865779,1526.6690227917554,0.5310869688332014,12.0,12.0,0.2913126124515909,1.2913126124515908,4
2023-24,2023-11-01,0022300121,OKC,NOP,1,0,1531.4637594668482,1512.1984574322128,-19.265302034635493,1507.555053214258,0.583973287962123,4.0,-4.0,0.0996679946249558,1.099667994624956,5
2023-24,2023-11-03,0022300005,OKC,GSW,1,0,1512.1984574322128,1497.1245357748287,-15.073921657384147,1562.1083048755984,0.4785561668254658,2.0,-2.0,0.0499583749578799,1.04995837495788,6
2023-24,2023-11-06,0022300155,OKC,ATL,1,1,1497.1245357748287,1516.3444303651308,19.219894590302086,1549.221039671368,0.4754159924619712,9.0,9.0,0.2212784678984439,1.221278467898444,7
2023-24,2023-11-08,0022300167,OKC,CLE,1,1,1516.3444303651308,1531.0008742164764,14.656443851345635,1486.6912241071389,0.5919841338583599,8.0,8.0,0.197375320224904,1.197375320224904,8
2023-24,2023-11-10,0022300016,OKC,SAC,0,0,1531.0008742164764,1512.4034561503966,-18.597418066079747,1476.2592455458357,0.5283799512794296,7.0,-7.0,0.1732351578346601,1.17323515783466,9
2023-24,2023-11-12,0022300185,OKC,PHX,0,1,1512.4034561503966,1532.2037346690963,19.800278518699866,1485.1282423226903,0.4888849705389175,12.0,12.0,0.2913126124515909,1.2913126124515908,10
2023-24,2023-11-14,0022300021,OKC,SAS,1,1,1532.2037346690963,1547.6758828167244,15.472148147628127,1420.4219891205194,0.699505382752821,36.0,36.0,0.7162978701990245,1.7162978701990244,11
2023-24,2023-11-16,0022300201,OKC,GSW,0,1,1547.6758828167244,1568.6045225169833,20.928639700258785,1501.3524613863788,0.5162899460425439,19.0,19.0,0.4422303560457261,1.442230356045726,12
2023-24,2023-11-18,0022300207,OKC,GSW,0,1,1568.6045225169833,1583.5301495426377,14.925627025654483,1480.42382168612,0.5759410229630508,7.0,7.0,0.1732351578346601,1.17323515783466,13
2023-24,2023-11-19,0022300215,OKC,POR,0,1,1583.5301495426377,1598.9390690835958,15.408919540958063,1390.2180262659745,0.7132697574018976,43.0,43.0,0.7913375537619973,1.791337553761997,14
2023-24,2023-11-22,0022300234,OKC,CHI,1,1,1598.9390690835958,1608.3101938814818,9.37112479788596,1427.6864728099863,0.7662552057914772,14.0,14.0,0.3363755443363322,1.3363755443363323,15
2023-24,2023-11-25,0022300239,OKC,PHI,1,0,1608.3101938814818,1588.2689688465528,-20.041225034929024,1567.4324958718637,0.6074932050063627,4.0,-4.0,0.0996679946249558,1.099667994624956,16
2023-24,2023-11-28,0022300058,OKC,MIN,0,0,1588.2689688465528,1574.884332908141,-13.38463593841174,1612.8536553222498,0.4150816475358035,3.0,-3.0,0.074859690687499,1.0748596906874992,17
2023-24,2023-11-30,0022300271,OKC,LAL,1,1,1574.884332908141,1592.5873042745673,17.702971366426173,1531.0624509332856,0.6115269495283127,23.0,23.0,0.5190218338982221,1.519021833898222,18
2023-24,2023-12-02,0022300287,OKC,DAL,0,1,1592.5873042745673,1607.5252156812471,14.9379114066798,1511.0344597762785,0.5665968607387089,6.0,6.0,0.1488850336233179,1.1488850336233178,19
2023-24,2023-12-06,0022301212,OKC,HOU,0,0,1607.5252156812471,1584.9760768649476,-22.549138816299493,1490.8279529068298,0.6154517420066554,9.0,-9.0,0.2212784678984439,1.221278467898444,20
2023-24,2023-12-08,0022301222,OKC,GSW,1,1,1584.9760768649476,1594.8814074094068,9.905330544459318,1484.595087459717,0.6855325956816565,2.0,2.0,0.0499583749578799,1.04995837495788,21
2023-24,2023-12-11,0022300302,OKC,UTA,1,1,1594.8814074094068,1602.6481256886111,7.766718279204438,1382.163443766679,0.8062740594109089,14.0,14.0,0.3363755443363322,1.3363755443363323,22
2023-24,2023-12-14,0022300324,OKC,SAC,0,0,1602.6481256886111,1584.9191360476557,-17.728989640955817,1549.8398996336382,0.5256056776066172,5.0,-5.0,0.1243530017715962,1.124353001771596,23
2023-24,2023-12-16,0022300340,OKC,DEN,0,1,1584.9191360476557,1601.6869326782644,16.76779663060882,1581.4812302025073,0.4547030305052023,1.0,1.0,0.0249947929684206,1.0249947929684209,24
2023-24,2023-12-18,0022300355,OKC,MEM,1,1,1601.6869326782644,1609.6843882550395,7.997455576774998,1378.908167203522,0.8151600044738522,19.0,19.0,0.4422303560457261,1.442230356045726,25
2023-24,2023-12-21,0022300379,OKC,LAC,1,1,1609.6843882550395,1630.700278220629,21.015889965589317,1634.763527397286,0.5142733873385248,19.0,19.0,0.4422303560457261,1.442230356045726,26
2023-24,2023-12-23,0022300397,OKC,LAL,1,0,1630.700278220629,1603.4545340000475,-27.24574422058134,1480.695320715714,0.743639962458504,9.0,-9.0,0.2212784678984439,1.221278467898444,27
2023-24,2023-12-26,0022300411,OKC,MIN,1,1,1603.4545340000475,1628.8260125555198,25.37147855547242,1678.059379518102,0.4432496406725477,23.0,23.0,0.5190218338982221,1.519021833898222,28
2023-24,2023-12-27,0022300419,OKC,NYK,1,1,1628.8260125555198,1642.616014262518,13.79000170699833,1576.1097856785273,0.6236184165617871,9.0,9.0,0.2212784678984439,1.221278467898444,29
2023-24,2023-12-29,0022300435,OKC,DEN,0,1,1642.616014262518,1668.460159684999,25.84414542248095,1641.160494278345,0.4518750547683091,26.0,26.0,0.5716699660851172,1.5716699660851172,30
2023-24,2023-12-31,0022300447,OKC,BKN,1,1,1668.460159684999,1675.8287914268883,7.368631741889376,1437.6709525221577,0.8220071431761032,16.0,16.0,0.3799489622552249,1.379948962255225,31
2023-24,2024-01-02,0022300462,OKC,BOS,1,1,1675.8287914268883,1693.0839226348282,17.25513120793962,1726.850407671025,0.4769593703954099,4.0,4.0,0.0996679946249558,1.099667994624956,32
2023-24,2024-01-03,0022300467,OKC,ATL,0,0,1693.0839226348282,1667.4094038360583,-25.67451879876979,1421.3427731156066,0.7962130319957673,3.0,-3.0,0.074859690687499,1.0748596906874992,33
2023-24,2024-01-05,0022300481,OKC,BKN,0,0,1667.4094038360583,1638.5337389473948,-28.87566488866354,1404.2014848099268,0.7881266953078636,9.0,-9.0,0.2212784678984439,1.221278467898444,34
2023-24,2024-01-08,0022300508,OKC,WAS,0,1,1638.5337389473948,1643.5290688965551,4.995329949160413,1286.8303051848588,0.8609366708225862,8.0,8.0,0.197375320224904,1.197375320224904,35
2023-24,2024-01-10,0022300522,OKC,MIA,0,1,1643.5290688965551,1658.8881315608485,15.359062664293006,1557.847148033538,0.5724241623918973,8.0,8.0,0.197375320224904,1.197375320224904,36
2023-24,2024-01-11,0022300529,OKC,POR,1,1,1658.8881315608485,1665.1687541124884,6.280622551640038,1329.6088962963065,0.8906073401978931,62.0,62.0,0.9137854901178278,1.913785490117828,37
2023-24,2024-01-13,0022300546,OKC,ORL,1,1,1665.1687541124884,1674.7492010409867,9.580446928498192,1506.814419947584,0.7526948719693454,12.0,12.0,0.2913126124515909,1.2913126124515908,38
2023-24,2024-01-15,0022300565,OKC,LAL,0,0,1674.7492010409867,1648.158976067991,-26.590224972995685,1443.7976815069462,0.7554673302401141,7.0,-7.0,0.1732351578346601,1.17323515783466,39
2023-24,2024-01-16,0022300568,OKC,LAC,0,0,1648.158976067991,1631.0622693021912,-17.096706765799713,1648.4794481675756,0.4493441415409773,11.0,-11.0,0.2682711820216014,1.2682711820216013,40
2023-24,2024-01-18,0022300581,OKC,UTA,0,1,1631.0622693021912,1648.835368784446,17.77309948225471,1614.7816994265338,0.473086612055989,5.0,5.0,0.1243530017715962,1.124353001771596,41
2023-24,2024-01-20,0022300599,OKC,MIN,0,1,1648.835368784446,1667.9710550202385,19.13568623579224,1660.892490406907,0.4326904389860676,5.0,5.0,0.1243530017715962,1.124353001771596,42
2023-24,2024-01-23,0022300617,OKC,POR,1,1,1667.9710550202385,1671.3727338615518,3.4016788413135033,1336.1839502247194,0.8920059143154139,2.0,2.0,0.0499583749578799,1.04995837495788,43
2023-24,2024-01-24,0022300622,OKC,SAS,0,1,1671.3727338615518,1676.6138661863952,5.241132324843354,1275.220002660388,0.8888415414189761,26.0,26.0,0.5716699660851172,1.5716699660851172,44
2023-24,2024-01-26,0022300640,OKC,NOP,0,1,1676.6138661863952,1697.051199251502,20.437333065106785,1601.9850988638912,0.5567843418126865,24.0,24.0,0.5370495669980352,1.5370495669980353,45
2023-24,2024-01-28,0022300654,OKC,DET,0,0,1697.051199251502,1658.2982184499942,-38.75298080150755,1195.7314766811598,0.9360969586917248,16.0,-16.0,0.3799489622552249,1.379948962255225,46
2023-24,2024-01-29,0022300664,OKC,MIN,1,0,1658.2982184499942,1636.5118777332082,-21.78634071678611,1599.2750843592926,0.6321009813626878,6.0,-6.0,0.1488850336233179,1.1488850336233178,47
2023-24,2024-01-31,0022300682,OKC,DEN,1,1,1636.5118777332082,1652.5362641679626,16.024386434754348,1654.1742598842493,0.5249301476936694,5.0,5.0,0.1243530017715962,1.124353001771596,48
2023-24,2024-02-02,0022300695,OKC,CHA,1,1,1652.5362641679626,1655.6999154203677,3.163651252405143,1243.7745243103109,0.927875108213312,20.0,20.0,0.4621171572600097,1.4621171572600098,49
2023-24,2024-02-04,0022300710,OKC,TOR,1,1,1655.6999154203677,1660.882742971699,5.182827551331146,1381.4539346492852,0.8557169874310964,8.0,8.0,0.197375320224904,1.197375320224904,50
2023-24,2024-02-06,0022300724,OKC,UTA,0,0,1660.882742971699,1638.5217039312847,-22.361039040414138,1529.4580468059662,0.6353099487654859,7.0,-7.0,0.1732351578346601,1.17323515783466,51
2023-24,2024-02-10,0022300748,OKC,DAL,0,0,1638.5217039312847,1608.091556724091,-30.430147207193396,1536.4792639961847,0.5953018981194158,35.0,-35.0,0.703905603936621,1.703905603936621,52
2023-24,2024-02-11,0022300760,OKC,SAC,1,1,1608.091556724091,1623.1139633451762,15.022406621084988,1554.133530001776,0.6252947837217574,14.0,14.0,0.3363755443363322,1.3363755443363323,53
2023-24,2024-02-13,0022300772,OKC,ORL,0,1,1623.1139633451762,1639.404647966576,16.29068462139983,1522.2546690682086,0.5936600134485382,14.0,14.0,0.3363755443363322,1.3363755443363323,54
2023-24,2024-02-22,0022300799,OKC,LAC,1,1,1639.404647966576,1662.1402463937004,22.73559842712439,1677.9210676313885,0.4949396380985727,22.0,22.0,0.5005202111902353,1.5005202111902354,55
2023-24,2024-02-23,0022300809,OKC,WAS,1,1,1662.1402463937004,1665.622834459165,3.4825880654646166,1235.4484952269852,0.9344846882615292,41.0,41.0,0.7718952374404182,1.7718952374404182,56
2023-24,2024-02-25,0022300822,OKC,HOU,0,1,1665.622834459165,1674.949130918198,9.32629645903284,1427.1126419542363,0.7634158310284642,13.0,13.0,0.3140209253469976,1.3140209253469977,57
2023-24,2024-02-27,0022300841,OKC,HOU,1,1,1674.949130918198,1681.5423392755845,6.593208357386565,1417.7863454952037,0.8431459323536213,17.0,17.0,0.4011342849479459,1.401134284947946,58
2023-24,2024-02-29,0022300853,OKC,SAS,0,0,1681.5423392755845,1645.2575749029152,-36.28476437266939,1254.8630393826527,0.9050540851945188,14.0,-14.0,0.3363755443363322,1.3363755443363323,59
2023-24,2024-03-03,0022300878,OKC,PHX,0,1,1645.2575749029152,1660.7480720008336,15.490497097918425,1562.1698865875908,0.5687652029048327,8.0,8.0,0.197375320224904,1.197375320224904,60
2023-24,2024-03-04,0022300884,OKC,LAL,0,0,1660.7480720008336,1636.8472590872414,-23.900812913592247,1542.939769804722,0.6169642858779675,12.0,-12.0,0.2913126124515909,1.2913126124515908,61
2023-24,2024-03-06,0022300900,OKC,POR,0,1,1636.8472590872414,1643.2253313415274,6.378072254286136,1335.540093581778,0.8224429676433691,8.0,8.0,0.197375320224904,1.197375320224904,62
2023-24,2024-03-08,0022300914,OKC,MIA,1,1,1643.2253313415274,1655.532918480406,12.307587138878665,1570.4402225819265,0.6503233798529721,7.0,7.0,0.1732351578346601,1.17323515783466,63
2023-24,2024-03-10,0022300931,OKC,MEM,1,1,1655.532918480406,1661.6373946940323,6.104476213626364,1349.8350287139046,0.8766643513126315,31.0,31.0,0.6498274636719203,1.6498274636719203,64
2023-24,2024-03-12,0022300941,OKC,IND,1,0,1661.6373946940323,1635.3222622105268,-26.315132483505707,1545.6236014730732,0.7046011191525295,10.0,-10.0,0.2449186624037091,1.2449186624037092,65
2023-24,2024-03-14,0022300959,OKC,DAL,1,1,1635.3222622105268,1648.8940982025929,13.571835992065823,1589.3934996812036,0.6144042138118271,7.0,7.0,0.1732351578346601,1.17323515783466,66
2023-24,2024-03-16,0022300972,OKC,MEM,0,1,1648.8940982025929,1654.5422217134849,5.64812351089217,1330.7876604628525,0.8361273946596353,6.0,6.0,0.1488850336233179,1.1488850336233178,67
2023-24,2024-03-20,0022301000,OKC,UTA,1,1,1654.5422217134849,1660.505309078721,5.963087365236008,1393.5067678514918,0.84607168169462,12.0,12.0,0.2913126124515909,1.2913126124515908,68
2023-24,2024-03-22,0022301012,OKC,TOR,0,1,1660.505309078721,1666.5897057257782,6.084396647057282,1308.2915902614584,0.8612879819092981,20.0,20.0,0.4621171572600097,1.4621171572600098,69
2023-24,2024-03-24,0022301030,OKC,MIL,0,0,1666.5897057257782,1641.0366357111973,-25.553070014581063,1598.201268428411,0.5479024524710472,25.0,-25.0,0.5545997223493823,1.5545997223493822,70
2023-24,2024-03-26,0022301046,OKC,NOP,0,1,1641.0366357111973,1660.3861660891127,19.34953037791542,1640.720236116509,0.450251433718619,7.0,7.0,0.1732351578346601,1.17323515783466,71
2023-24,2024-03-27,0022301057,OKC,HOU,1,0,1660.3861660891127,1636.7952059277193,-23.59096016139343,1560.869063426872,0.6844595548721701,6.0,-6.0,0.1488850336233179,1.1488850336233178,72
2023-24,2024-03-29,0022301069,OKC,PHX,1,1,1636.7952059277193,1655.3826473242736,18.587441396554368,1600.3064967030075,0.6014527913662522,25.0,25.0,0.5545997223493823,1.5545997223493822,73
2023-24,2024-03-31,0022301082,OKC,NYK,0,1,1655.3826473242736,1668.5906816363818,13.208034312108117,1571.0881667987062,0.5704682468399933,1.0,1.0,0.0249947929684206,1.0249947929684209,74
2023-24,2024-04-02,0022301093,OKC,PHI,0,0,1668.5906816363818,1643.7017781952875,-24.88890344109428,1438.6067542625703,0.7544369016451096,4.0,-4.0,0.0996679946249558,1.099667994624956,75
2023-24,2024-04-03,0022301105,OKC,BOS,0,0,1643.7017781952875,1628.5439468410736,-15.157831354213842,1758.7716190668225,0.2965311247132064,35.0,-35.0,0.703905603936621,1.703905603936621,76
2023-24,2024-04-05,0022301116,OKC,IND,0,0,1628.5439468410736,1606.8079816746322,-21.735965166441428,1564.1769808980907,0.5421621005303039,14.0,-14.0,0.3363755443363322,1.3363755443363323,77
2023-24,2024-04-07,0022301135,OKC,CHA,0,1,1606.8079816746322,1611.8717036444132,5.063721969781062,1279.882919904975,0.8429648690071596,3.0,3.0,0.074859690687499,1.0748596906874992,78
2023-24,2024-04-09,0022301153,OKC,SAC,1,1,1611.8717036444132,1625.4871149006583,13.61541125624526,1566.8502036276898,0.6131661765809433,7.0,7.0,0.1732351578346601,1.17323515783466,79
2023-24,2024-04-10,0022301163,OKC,SAS,1,1,1625.4871149006583,1634.6715095868597,9.18439468620107,1392.2832011956618,0.8240318013698021,38.0,38.0,0.7397830512740042,1.7397830512740042,80
2023-24,2024-04-12,0022301179,OKC,MIL,1,1,1634.6715095868597,1648.7154853943225,14.04397580746291,1546.0422150119043,0.6707694954515281,18.0,18.0,0.4218990052500079,1.4218990052500078,81
2023-24,2024-04-14,0022301196,OKC,DAL,1,1,1648.7154853943225,1675.3817443334965,26.666258939173748,1671.751864916842,0.5172102323074008,49.0,49.0,0.8411229016320433,1.8411229016320432,82
2023-24,2023-10-25,0022300066,ORL,HOU,1,1,1500.0,1522.064731689318,22.0647316893181,1500.0,0.550199353253537,30.0,30.0,0.6351489523872873,1.6351489523872873,1
2023-24,2023-10-27,0022300086,ORL,POR,0,1,1522.064731689318,1538.7120974218403,16.647365732522342,1482.5750025530224,0.5064608799818864,5.0,5.0,0.1243530017715962,1.124353001771596,2
2023-24,2023-10-30,0022300111,ORL,LAL,0,0,1538.7120974218403,1521.6924359632949,-17.019661458545578,1484.3675355077676,0.5278103305328314,3.0,-3.0,0.074859690687499,1.0748596906874992,3
2023-24,2023-10-31,0022300114,ORL,LAC,0,0,1521.6924359632949,1503.2517109832886,-18.440724980005992,1524.752922254595,0.4454446138807109,16.0,-16.0,0.3799489622552249,1.379948962255225,4
2023-24,2023-11-02,0022300130,ORL,UTA,0,1,1503.2517109832886,1519.5532298256942,16.301518842405514,1480.437137086797,0.4824709489694623,2.0,2.0,0.0499583749578799,1.04995837495788,5
2023-24,2023-11-04,0022300134,ORL,LAL,1,1,1519.5532298256942,1538.9549184404375,19.40168861474324,1518.5828499455083,0.551581374560757,19.0,19.0,0.4422303560457261,1.442230356045726,6
2023-24,2023-11-06,0022300147,ORL,DAL,1,0,1538.9549184404375,1517.6498351982048,-21.305083242232808,1558.0905092759303,0.522814866153778,15.0,-15.0,0.3583573983507859,1.358357398350786,7
2023-24,2023-11-09,0022300172,ORL,ATL,1,0,1517.6498351982048,1501.274067572566,-16.375767625638673,1530.001145081066,0.5325479939988729,1.0,-1.0,0.0249947929684206,1.0249947929684209,8
2023-24,2023-11-11,0022300173,ORL,MIL,1,1,1501.274067572566,1520.2250832017269,18.951015629160715,1511.9468062983328,0.5349526407858591,15.0,15.0,0.3583573983507859,1.358357398350786,9
2023-24,2023-11-14,0022300020,ORL,BKN,0,0,1520.2250832017269,1499.4652159063637,-20.75986729536315,1503.807473317997,0.4732832612462442,20.0,-20.0,0.4621171572600097,1.4621171572600098,10
2023-24,2023-11-15,0022300196,ORL,CHI,0,1,1499.4652159063637,1514.7536211168087,15.288405210445047,1454.293175586795,0.5146345615508057,2.0,2.0,0.0499583749578799,1.04995837495788,11
2023-24,2023-11-17,0022300033,ORL,CHI,0,1,1514.7536211168087,1529.9749153888424,15.2212942720336,1439.0047703763505,0.558374893148094,6.0,6.0,0.1488850336233179,1.1488850336233178,12
2023-24,2023-11-19,0022300209,ORL,IND,0,1,1529.9749153888424,1552.4359297581263,22.461014369284044,1550.9023594174737,0.4202019931062957,12.0,12.0,0.2913126124515909,1.2913126124515908,13
2023-24,2023-11-21,0022300038,ORL,TOR,1,1,1552.4359297581263,1568.0484773757298,15.612547617603427,1488.1199760496277,0.6391573289672081,19.0,19.0,0.4422303560457261,1.442230356045726,14
2023-24,2023-11-22,0022300226,ORL,DEN,1,1,1568.0484773757298,1583.1773688103594,15.128891434629509,1567.1502784348218,0.5514786011513126,5.0,5.0,0.1243530017715962,1.124353001771596,15
2023-24,2023-11-24,0022300043,ORL,BOS,1,1,1583.1773688103594,1605.1672604693977,21.98989165903824,1634.2716606544957,0.4768550048992343,17.0,17.0,0.4011342849479459,1.401134284947946,16
2023-24,2023-11-26,0022300248,ORL,CHA,1,1,1605.1672604693977,1614.1457481092295,8.978487639831814,1428.0584638696018,0.7722388467682167,13.0,13.0,0.3140209253469976,1.3140209253469977,17
2023-24,2023-11-29,0022300259,ORL,WAS,1,1,1614.1457481092295,1620.9300449285524,6.784296819322811,1356.9133056605906,0.8431989547558861,19.0,19.0,0.4422303560457261,1.442230356045726,18
2023-24,2023-12-01,0022300274,ORL,WAS,1,1,1620.9300449285524,1625.8799661975736,4.949921269021212,1350.1290088412677,0.8532512695087211,5.0,5.0,0.1243530017715962,1.124353001771596,19
2023-24,2023-12-02,0022300282,ORL,BKN,0,0,1625.8799661975736,1596.0112609511625,-29.868705246411036,1505.4158634378782,0.6205706212840455,28.0,-28.0,0.6043677771171634,1.6043677771171634,20
2023-24,2023-12-06,0022301205,ORL,CLE,0,0,1596.0112609511625,1575.2328891737284,-20.77837177743415,1521.687147147078,0.5563515219892607,10.0,-10.0,0.2449186624037091,1.2449186624037092,21
2023-24,2023-12-08,0022301217,ORL,DET,1,1,1575.2328891737284,1581.447966354082,6.215077180353451,1271.394972029787,0.8755020062977524,32.0,32.0,0.664036770267849,1.664036770267849,22
2023-24,2023-12-11,0022300294,ORL,CLE,1,1,1581.447966354082,1597.2928414501905,15.84487509610832,1563.4064190400336,0.5757453726464138,10.0,10.0,0.2449186624037091,1.2449186624037092,23
2023-24,2023-12-15,0022300329,ORL,BOS,0,0,1597.2928414501905,1581.9551055456798,-15.33773590451054,1658.5687209993664,0.3648885542064075,17.0,-17.0,0.4011342849479459,1.401134284947946,24
2023-24,2023-12-17,0022300344,ORL,BOS,0,0,1581.9551055456798,1568.2931537713948,-13.661951774284889,1673.906456903877,0.3250212327029608,17.0,-17.0,0.4011342849479459,1.401134284947946,25
2023-24,2023-12-20,0022300366,ORL,MIA,1,0,1568.2931537713948,1545.375016293401,-22.918137477993927,1514.1658121788246,0.6255231186116814,9.0,-9.0,0.2212784678984439,1.221278467898444,26
2023-24,2023-12-21,0022300378,ORL,MIL,0,0,1545.375016293401,1534.403757519964,-10.971258773436771,1631.3897421307356,0.3325627621871012,4.0,-4.0,0.0996679946249558,1.099667994624956,27
2023-24,2023-12-23,0022300391,ORL,IND,0,1,1534.403757519964,1551.1725201822037,16.768762662239578,1483.0101299684864,0.5235748335060054,7.0,7.0,0.1732351578346601,1.17323515783466,28
2023-24,2023-12-26,0022300407,ORL,WAS,0,1,1551.1725201822037,1560.480677475749,9.30815729354515,1333.67980417662,0.7408733046823115,8.0,8.0,0.197375320224904,1.197375320224904,29
2023-24,2023-12-27,0022300415,ORL,PHI,1,0,1560.480677475749,1539.5180032041824,-20.962674271566563,1610.8425714198,0.477906852800824,20.0,-20.0,0.4621171572600097,1.4621171572600098,30
2023-24,2023-12-29,0022300429,ORL,NYK,1,1,1539.5180032041824,1557.1942709338548,17.676267729672336,1562.319783971529,0.5175474391714182,9.0,9.0,0.2212784678984439,1.221278467898444,31
2023-24,2023-12-31,0022300450,ORL,PHX,0,0,1557.1942709338548,1538.240091132346,-18.95417980150893,1478.939848637143,0.5619284978900048,5.0,-5.0,0.1243530017715962,1.124353001771596,32
2023-24,2024-01-02,0022300463,ORL,GSW,0,0,1538.240091132346,1519.6815318283975,-18.55855930394812,1476.4685298622828,0.5384513030985851,6.0,-6.0,0.1488850336233179,1.1488850336233178,33
2023-24,2024-01-03,0022300476,ORL,SAC,0,0,1519.6815318283975,1505.8146928464423,-13.866838981955286,1533.6188377002156,0.4300356316921021,3.0,-3.0,0.074859690687499,1.0748596906874992,34
2023-24,2024-01-05,0022300488,ORL,DEN,0,1,1505.8146928464423,1528.4079614800028,22.593268633560236,1632.5433352184634,0.2827249418509382,2.0,2.0,0.0499583749578799,1.04995837495788,35
2023-24,2024-01-07,0022300499,ORL,ATL,1,1,1528.4079614800028,1539.699616488219,11.291655008216091,1433.11259777851,0.6791875032380227,7.0,7.0,0.1732351578346601,1.17323515783466,36
2023-24,2024-01-09,0022300513,ORL,MIN,1,0,1539.699616488219,1520.3075282453094,-19.39208824290949,1619.203427280171,0.4363018658866356,21.0,-21.0,0.4815497983643079,1.481549798364308,37
2023-24,2024-01-12,0022300535,ORL,MIA,0,0,1520.3075282453094,1506.814419947584,-13.493108297725456,1542.4880853692448,0.4184455706057481,3.0,-3.0,0.074859690687499,1.0748596906874992,38
2023-24,2024-01-13,0022300546,ORL,OKC,0,0,1506.814419947584,1497.2339730190856,-9.580446928498192,1665.1687541124884,0.2473051280306546,12.0,-12.0,0.2913126124515909,1.2913126124515908,39
2023-24,2024-01-15,0022300557,ORL,NYK,0,1,1497.2339730190856,1520.16912978546,22.93515676637436,1605.483848374962,0.3047854177055066,4.0,4.0,0.0996679946249558,1.099667994624956,40
2023-24,2024-01-17,0022300570,ORL,ATL,0,0,1520.16912978546,1500.9129417754202,-19.256188010039786,1406.4899451703743,0.6113317908376531,2.0,-2.0,0.0499583749578799,1.04995837495788,41
2023-24,2024-01-19,0022300585,ORL,PHI,1,0,1500.9129417754202,1484.002866928431,-16.910074846989037,1595.5819455192452,0.4149638101508965,15.0,-15.0,0.3583573983507859,1.358357398350786,42
2023-24,2024-01-21,0022300601,ORL,MIA,1,1,1484.002866928431,1505.333087415662,21.33022048723082,1519.0311362903064,0.4999593171180631,18.0,18.0,0.4218990052500079,1.4218990052500078,43
2023-24,2024-01-22,0022300607,ORL,CLE,1,0,1505.333087415662,1487.1975785541883,-18.135508861473703,1624.9222283686677,0.3806160484278004,27.0,-27.0,0.5882592563981054,1.5882592563981053,44
2023-24,2024-01-26,0022300638,ORL,MEM,0,0,1487.1975785541883,1473.3398118359617,-13.857766718226662,1486.5935017953857,0.450661369641176,1.0,-1.0,0.0249947929684206,1.0249947929684209,45
2023-24,2024-01-28,0022300655,ORL,PHX,1,1,1473.3398118359617,1498.339998143838,25.000186307876167,1588.598978771574,0.3865093644664875,15.0,15.0,0.3583573983507859,1.358357398350786,46
2023-24,2024-01-29,0022300666,ORL,DAL,0,0,1498.339998143838,1483.2329389736674,-15.107059170170553,1477.5175409161552,0.4796081930637356,2.0,-2.0,0.0499583749578799,1.04995837495788,47
2023-24,2024-01-31,0022300681,ORL,SAS,0,1,1483.2329389736674,1494.3325706831329,11.099631709465593,1298.7183550455898,0.7028016891204163,10.0,10.0,0.2449186624037091,1.2449186624037092,48
2023-24,2024-02-02,0022300694,ORL,MIN,0,1,1494.3325706831329,1517.4400933070935,23.107522623960588,1635.3037038878444,0.2663987711294565,2.0,2.0,0.0499583749578799,1.04995837495788,49
2023-24,2024-02-04,0022300704,ORL,DET,0,1,1517.4400933070935,1524.757802669184,7.317709362090435,1229.2984561232354,0.8111041098406689,12.0,12.0,0.2913126124515909,1.2913126124515908,50
2023-24,2024-02-06,0022300721,ORL,MIA,0,0,1524.757802669184,1499.404649620376,-25.353153048808124,1463.5032701982716,0.5377115551377591,26.0,-26.0,0.5716699660851172,1.5716699660851172,51
2023-24,2024-02-08,0022300734,ORL,SAS,1,1,1499.404649620376,1506.8044594499245,7.3998098295485635,1269.5081578899085,0.8212540214179325,16.0,16.0,0.3799489622552249,1.379948962255225,52
2023-24,2024-02-10,0022300752,ORL,CHI,1,1,1506.8044594499245,1522.2546690682086,15.450209618284124,1505.7274236784542,0.551733226385651,6.0,6.0,0.1488850336233179,1.1488850336233178,53
2023-24,2024-02-13,0022300772,ORL,OKC,1,0,1522.2546690682086,1505.9639844468088,-16.29068462139983,1623.1139633451762,0.4063399865514617,14.0,-14.0,0.3363755443363322,1.3363755443363323,54
2023-24,2024-02-14,0022300778,ORL,NYK,1,1,1505.9639844468088,1529.665974191868,23.701989745059244,1579.7885708108245,0.4443583391519474,18.0,18.0,0.4218990052500079,1.4218990052500078,55
2023-24,2024-02-22,0022300792,ORL,CLE,0,1,1529.665974191868,1556.5085114461333,26.842537254265252,1697.4268511786838,0.2373641074137193,7.0,7.0,0.1732351578346601,1.17323515783466,56
2023-24,2024-02-24,0022300814,ORL,DET,0,1,1556.5085114461333,1562.4296939696685,5.921182523535084,1262.327124473409,0.8163734741431603,3.0,3.0,0.074859690687499,1.0748596906874992,57
2023-24,2024-02-25,0022300821,ORL,ATL,0,0,1562.4296939696685,1534.6338738475406,-27.795820122127587,1411.2200353909382,0.6612694781347632,17.0,-17.0,0.4011342849479459,1.401134284947946,58
2023-24,2024-02-27,0022300833,ORL,BKN,1,1,1534.6338738475406,1547.404823303545,12.770949456004471,1395.1083552779562,0.7319717713054237,27.0,27.0,0.5882592563981054,1.5882592563981053,59
2023-24,2024-02-29,0022300850,ORL,UTA,1,1,1547.404823303545,1558.2100651730088,10.805241869463725,1435.8783079765954,0.6991964650528523,8.0,8.0,0.197375320224904,1.197375320224904,60
2023-24,2024-03-03,0022300874,ORL,DET,1,1,1558.2100651730088,1564.5454540483915,6.33538887538279,1278.923813429624,0.8592623894003297,22.0,22.0,0.5005202111902353,1.5005202111902354,61
2023-24,2024-03-05,0022300885,ORL,CHA,0,1,1564.5454540483915,1572.7585627251217,8.213108676730256,1301.4789871050743,0.7879906952162561,12.0,12.0,0.2913126124515909,1.2913126124515908,62
2023-24,2024-03-06,0022300894,ORL,WAS,0,1,1572.7585627251217,1577.6196776892118,4.861114964090133,1207.7720444799888,0.8698411628300221,10.0,10.0,0.2449186624037091,1.2449186624037092,63
2023-24,2024-03-08,0022300912,ORL,NYK,0,0,1577.6196776892118,1552.83312003905,-24.78655765016176,1516.4882316681676,0.5375354224603099,24.0,-24.0,0.5370495669980352,1.5370495669980353,64
2023-24,2024-03-10,0022300928,ORL,IND,1,0,1552.83312003905,1529.023648597406,-23.809471441644085,1521.8141300314292,0.59388175084343,14.0,-14.0,0.3363755443363322,1.3363755443363323,65
2023-24,2024-03-13,0022300947,ORL,BKN,1,1,1529.023648597406,1539.6279540373969,10.604305439990773,1412.851957808656,0.7047902674883105,8.0,8.0,0.197375320224904,1.197375320224904,66
2023-24,2024-03-15,0022300963,ORL,TOR,0,1,1539.6279540373969,1549.9403600242351,10.312405986838272,1337.2004165909432,0.7238800601123367,10.0,10.0,0.2449186624037091,1.2449186624037092,67
2023-24,2024-03-17,0022300979,ORL,TOR,1,1,1549.9403600242351,1557.4630582210762,7.522698196840944,1326.888010604105,0.8153971798101042,15.0,15.0,0.3583573983507859,1.358357398350786,68
2023-24,2024-03-19,0022300991,ORL,CHA,1,1,1557.4630582210762,1563.7745108603297,6.311452639253559,1282.6612731982125,0.8561115615139636,20.0,20.0,0.4621171572600097,1.4621171572600098,69
2023-24,2024-03-21,0022301004,ORL,NOP,1,1,1563.7745108603297,1586.437055182021,22.66254432169122,1637.940051766073,0.4438737956788506,15.0,15.0,0.3583573983507859,1.358357398350786,70
2023-24,2024-03-23,0022301020,ORL,SAC,1,0,1586.437055182021,1567.7693269127544,-18.66772826926659,1556.3049800524443,0.592649788617111,2.0,-2.0,0.0499583749578799,1.04995837495788,71
2023-24,2024-03-27,0022301049,ORL,GSW,1,0,1567.7693269127544,1547.5379506797117,-20.231376233042756,1558.607042461607,0.5632145546823386,8.0,-8.0,0.197375320224904,1.197375320224904,72
2023-24,2024-03-29,0022301064,ORL,LAC,1,0,1547.5379506797117,1529.5046211059605,-18.033329573751185,1541.1752989218342,0.5592460029896785,3.0,-3.0,0.074859690687499,1.0748596906874992,73
2023-24,2024-03-30,0022301075,ORL,MEM,1,1,1529.5046211059605,1539.048923076434,9.544301970473484,1317.7187453002923,0.8054346067058299,30.0,30.0,0.6351489523872873,1.6351489523872873,74
2023-24,2024-04-01,0022301090,ORL,POR,1,1,1539.048923076434,1543.7894101979948,4.740487121560846,1278.3262674228677,0.8458370340323964,1.0,1.0,0.0249947929684206,1.0249947929684209,75
2023-24,2024-04-03,0022301109,ORL,NOP,0,1,1543.7894101979948,1566.6579733357514,22.868563137756553,1596.9140233278135,0.3758299536411652,9.0,9.0,0.2212784678984439,1.221278467898444,76
2023-24,2024-04-05,0022301115,ORL,CHA,0,0,1566.6579733357514,1536.0444145007193,-30.613558835032133,1249.269361069943,0.835560429492968,9.0,-9.0,0.2212784678984439,1.221278467898444,77
2023-24,2024-04-07,0022301136,ORL,CHI,1,1,1536.0444145007193,1552.4897592780378,16.44534477731839,1503.1806617121852,0.5964404066930379,15.0,15.0,0.3583573983507859,1.358357398350786,78
2023-24,2024-04-09,0022301150,ORL,HOU,0,0,1552.4897592780378,1532.513849932071,-19.975909345966805,1506.6123897780417,0.5156486806098801,12.0,-12.0,0.2913126124515909,1.2913126124515908,79
2023-24,2024-04-10,0022301162,ORL,MIL,0,0,1532.513849932071,1512.9599461822118,-19.553903749859177,1526.4883112620453,0.4583987957339974,18.0,-18.0,0.4218990052500079,1.4218990052500078,80
2023-24,2024-04-12,0022301171,ORL,PHI,0,0,1512.9599461822118,1496.050686089516,-16.909260092695785,1522.3325399679331,0.4364876464884598,12.0,-12.0,0.2913126124515909,1.2913126124515908,81
2023-24,2024-04-14,0022301191,ORL,MIL,1,1,1496.050686089516,1519.4332791303334,23.382593040817515,1531.9982392044417,0.4986363648326427,25.0,25.0,0.5545997223493823,1.5545997223493822,82
2023-24,2023-10-26,0022300075,PHI,MIL,0,0,1500.0,1486.1687003763311,-13.831299623668578,1500.0,0.449800646746463,1.0,-1.0,0.0249947929684206,1.0249947929684209,1
2023-24,2023-10-28,0022300092,PHI,TOR,0,1,1486.1687003763311,1506.1732411428954,20.00454076656408,1498.968277033162,0.4316416269157624,7.0,7.0,0.1732351578346601,1.17323515783466,2
2023-24,2023-10-29,0022300098,PHI,POR,1,1,1506.1732411428954,1525.106774143643,18.933533000747563,1465.9276368205,0.6066252540763313,28.0,28.0,0.6043677771171634,1.6043677771171634,3
2023-24,2023-11-02,0022300128,PHI,TOR,1,1,1525.106774143643,1540.86017313557,15.75339899192706,1479.89908273041,0.6134203705383763,15.0,15.0,0.3583573983507859,1.358357398350786,4
2023-24,2023-11-04,0022300132,PHI,PHX,1,1,1540.86017313557,1555.040371115728,14.180197980158024,1480.447543243588,0.6339590727702373,12.0,12.0,0.2913126124515909,1.2913126124515908,5
2023-24,2023-11-06,0022300148,PHI,WAS,1,1,1555.040371115728,1567.802870772722,12.762499656994033,1442.1783222948525,0.7008109200003731,18.0,18.0,0.4218990052500079,1.4218990052500078,6
2023-24,2023-11-08,0022300159,PHI,BOS,1,1,1567.802870772722,1582.72871134935,14.92584057662762,1576.9597351898697,0.5371228230703368,3.0,3.0,0.074859690687499,1.0748596906874992,7
2023-24,2023-11-10,0022300008,PHI,DET,0,1,1582.72871134935,1594.5304636662563,11.80175231690666,1423.5599369586382,0.6714549421120543,8.0,8.0,0.197375320224904,1.197375320224904,8
2023-24,2023-11-12,0022300180,PHI,IND,1,1,1594.5304636662563,1608.8856361768758,14.355172510619212,1542.4860799122905,0.6227102238566643,11.0,11.0,0.2682711820216014,1.2682711820216013,9
2023-24,2023-11-14,0022300019,PHI,IND,1,0,1608.8856361768758,1586.1141841610736,-22.77145201580214,1528.1309074016713,0.6606826430081301,6.0,-6.0,0.1488850336233179,1.1488850336233178,10
2023-24,2023-11-15,0022300194,PHI,BOS,1,0,1586.1141841610736,1566.7452695127542,-19.368914648319244,1608.1748549999777,0.5186125871313667,10.0,-10.0,0.2449186624037091,1.2449186624037092,11
2023-24,2023-11-17,0022300029,PHI,ATL,0,1,1566.7452695127542,1584.7020556905718,17.95678617781748,1518.3986588921618,0.5191978742572031,10.0,10.0,0.2449186624037091,1.2449186624037092,12
2023-24,2023-11-19,0022300208,PHI,BKN,0,1,1584.7020556905718,1604.6359573323812,19.93390164180941,1509.796159997219,0.5571779819391762,22.0,22.0,0.5005202111902353,1.5005202111902354,13
2023-24,2023-11-21,0022300040,PHI,CLE,1,0,1604.6359573323812,1583.5697160429602,-21.066241289421036,1529.5708558671863,0.6533020533420103,3.0,-3.0,0.074859690687499,1.0748596906874992,14
2023-24,2023-11-22,0022300232,PHI,MIN,0,0,1583.5697160429602,1567.4324958718637,-16.137220171096562,1612.2568425937936,0.40935979683467,13.0,-13.0,0.3140209253469976,1.3140209253469977,15
2023-24,2023-11-25,0022300239,PHI,OKC,0,1,1567.4324958718637,1587.4737209067928,20.041225034929024,1608.3101938814818,0.3925067949936373,4.0,4.0,0.0996679946249558,1.099667994624956,16
2023-24,2023-11-27,0022300255,PHI,LAL,1,1,1587.4737209067928,1608.0953298447307,20.62160893793805,1538.7386829146917,0.6182241943537581,44.0,44.0,0.8004990217606297,1.8004990217606296,17
2023-24,2023-11-29,0022300262,PHI,NOP,0,0,1608.0953298447307,1586.168768739611,-21.926561105119298,1511.9521213816486,0.5870948779572778,10.0,-10.0,0.2449186624037091,1.2449186624037092,18
2023-24,2023-12-01,0022300275,PHI,BOS,0,0,1586.168768739611,1572.9018397161335,-13.266929023477717,1632.591853253374,0.3849218629426854,6.0,-6.0,0.1488850336233179,1.1488850336233178,19
2023-24,2023-12-06,0022301208,PHI,WAS,0,1,1572.9018397161335,1581.2664362381424,8.364596522008908,1345.1790875722463,0.7520174859429034,5.0,5.0,0.1243530017715962,1.124353001771596,20
2023-24,2023-12-08,0022301218,PHI,ATL,1,1,1581.2664362381424,1592.5233209459482,11.25688470780566,1465.6365278087128,0.7041409632425144,11.0,11.0,0.2682711820216014,1.2682711820216013,21
2023-24,2023-12-11,0022300295,PHI,WAS,1,1,1592.5233209459482,1600.7211753949034,8.197854448955324,1327.593974466258,0.8489683008175626,45.0,45.0,0.809301070201781,1.8093010702017809,22
2023-24,2023-12-13,0022300310,PHI,DET,0,1,1600.7211753949034,1606.947269487786,6.226094092882686,1258.8196012995454,0.8540427491710174,18.0,18.0,0.4218990052500079,1.4218990052500078,23
2023-24,2023-12-15,0022300327,PHI,DET,1,1,1606.947269487786,1611.7448132379789,4.797543750192688,1252.5935072066627,0.9038974811952732,32.0,32.0,0.664036770267849,1.664036770267849,24
2023-24,2023-12-16,0022300335,PHI,CHA,0,1,1611.7448132379789,1625.6471791571278,13.902365919148965,1384.1095217873485,0.7519235844042198,53.0,53.0,0.8680219810175624,1.8680219810175624,25
2023-24,2023-12-18,0022300351,PHI,CHI,1,0,1625.6471791571278,1600.2010273750864,-25.446151782041305,1449.4364279422564,0.7713283132248101,4.0,-4.0,0.0996679946249558,1.099667994624956,26
2023-24,2023-12-20,0022300367,PHI,MIN,1,1,1600.2010273750864,1622.5444977565244,22.34347038143805,1675.2035080330068,0.4426848431906864,14.0,14.0,0.3363755443363322,1.3363755443363323,27
2023-24,2023-12-22,0022300382,PHI,TOR,1,1,1622.5444977565244,1630.3085102494072,7.764012492882811,1425.158888260133,0.7921145981298642,10.0,10.0,0.2449186624037091,1.2449186624037092,28
2023-24,2023-12-25,0022300404,PHI,MIA,0,0,1630.3085102494072,1610.8425714198,-19.465938829607243,1550.041961766838,0.5647776832876008,6.0,-6.0,0.1488850336233179,1.1488850336233178,29
2023-24,2023-12-27,0022300415,PHI,ORL,0,1,1610.8425714198,1631.8052456913665,20.962674271566563,1560.480677475749,0.522093147199176,20.0,20.0,0.4621171572600097,1.4621171572600098,30
2023-24,2023-12-29,0022300434,PHI,HOU,0,1,1631.8052456913665,1643.8305668566215,12.025321165254972,1500.2483037404577,0.6354863096851873,4.0,4.0,0.0996679946249558,1.099667994624956,31
2023-24,2023-12-30,0022300442,PHI,CHI,0,0,1643.8305668566215,1616.8229361679994,-27.00763068862226,1473.78663351356,0.6851141704989787,13.0,-13.0,0.3140209253469976,1.3140209253469977,32
2023-24,2024-01-02,0022300459,PHI,CHI,1,1,1616.8229361679994,1628.4670427581416,11.644106590142188,1500.794264202182,0.7046189456719828,13.0,13.0,0.3140209253469976,1.3140209253469977,33
2023-24,2024-01-05,0022300483,PHI,NYK,1,0,1628.4670427581416,1595.4490489564726,-33.017993801669135,1562.5623907932345,0.641263857806538,36.0,-36.0,0.7162978701990245,1.7162978701990244,34
2023-24,2024-01-06,0022300495,PHI,UTA,1,0,1595.4490489564726,1569.3326492004917,-26.11639975598094,1494.3651758784158,0.6864041940502522,11.0,-11.0,0.2682711820216014,1.2682711820216013,35
2023-24,2024-01-10,0022300521,PHI,ATL,0,0,1569.3326492004917,1546.226307715909,-23.10634148458314,1421.820942770294,0.6564850854290383,7.0,-7.0,0.1732351578346601,1.17323515783466,36
2023-24,2024-01-12,0022300532,PHI,SAC,1,1,1546.226307715909,1565.9425825994365,19.71627488352767,1550.3551989741584,0.5443105464884427,19.0,19.0,0.4422303560457261,1.442230356045726,37
2023-24,2024-01-15,0022300555,PHI,HOU,1,1,1565.9425825994365,1578.0079156115678,12.06533301213152,1477.3748870083868,0.6706911833440315,9.0,9.0,0.2212784678984439,1.221278467898444,38
2023-24,2024-01-16,0022300566,PHI,DEN,1,1,1578.0079156115678,1595.5819455192452,17.57402990767737,1627.6168993998594,0.4789883639750533,5.0,5.0,0.1243530017715962,1.124353001771596,39
2023-24,2024-01-19,0022300585,PHI,ORL,0,1,1595.5819455192452,1612.4920203662343,16.910074846989037,1500.9129417754202,0.5850361898491034,15.0,15.0,0.3583573983507859,1.358357398350786,40
2023-24,2024-01-20,0022300593,PHI,CHA,0,1,1612.4920203662343,1617.95072070716,5.458700340925841,1278.8211671431673,0.8480370565874998,8.0,8.0,0.197375320224904,1.197375320224904,41
2023-24,2024-01-22,0022300608,PHI,SAS,1,1,1617.95072070716,1621.8402529087757,3.8895322016156495,1279.1095348620036,0.8958557877694147,10.0,10.0,0.2449186624037091,1.2449186624037092,42
2023-24,2024-01-25,0022300627,PHI,IND,0,0,1621.8402529087757,1599.7829797787383,-22.057273130037377,1538.3198672055491,0.5693760214051,12.0,-12.0,0.2913126124515909,1.2913126124515908,43
2023-24,2024-01-27,0022300644,PHI,DEN,0,0,1599.7829797787383,1585.5069160560977,-14.276063722640886,1624.9983088660897,0.4142005307997756,6.0,-6.0,0.1488850336233179,1.1488850336233178,44
2023-24,2024-01-29,0022300668,PHI,POR,0,0,1585.5069160560977,1548.3270316759044,-37.17988438019304,1321.865504625216,0.788543082252072,26.0,-26.0,0.5716699660851172,1.5716699660851172,45
2023-24,2024-01-30,0022300673,PHI,GSW,0,0,1548.3270316759044,1524.4043718524745,-23.92265982343004,1430.1040583301688,0.617528231680792,12.0,-12.0,0.2913126124515909,1.2913126124515908,46
2023-24,2024-02-01,0022300686,PHI,UTA,0,1,1524.4043718524745,1542.089847644719,17.685475792244443,1523.1827636910405,0.451541568774975,3.0,3.0,0.074859690687499,1.0748596906874992,47
2023-24,2024-02-03,0022300698,PHI,BKN,1,0,1542.089847644719,1512.9387730359078,-29.15107460881106,1417.0059343694263,0.7153511205078544,15.0,-15.0,0.3583573983507859,1.358357398350786,48
2023-24,2024-02-05,0022300715,PHI,DAL,1,0,1512.9387730359078,1487.2806089932635,-25.658164042644028,1463.0537975086554,0.6197853385512501,16.0,-16.0,0.3799489622552249,1.379948962255225,49
2023-24,2024-02-07,0022300727,PHI,GSW,1,0,1487.2806089932635,1461.8198662276573,-25.46074276560654,1481.2962515583995,0.5587091683483216,23.0,-23.0,0.5190218338982221,1.519021833898222,50
2023-24,2024-02-09,0022300742,PHI,ATL,1,0,1461.8198662276573,1442.3054447215495,-19.514421506107468,1450.5588136194522,0.5661843420649176,6.0,-6.0,0.1488850336233179,1.1488850336233178,51
2023-24,2024-02-10,0022300753,PHI,WAS,0,1,1442.3054447215495,1452.5343437625293,10.228899040979591,1257.440783550661,0.7032224361991495,6.0,6.0,0.1488850336233179,1.1488850336233178,52
2023-24,2024-02-12,0022300762,PHI,CLE,0,1,1452.5343437625293,1479.2625190016638,26.728175239134597,1716.8937398299115,0.1514528614779031,2.0,2.0,0.0499583749578799,1.04995837495788,53
2023-24,2024-02-14,0022300779,PHI,MIA,1,0,1479.2625190016638,1462.60934910193,-16.653169899734007,1518.632659236201,0.4937111943044667,5.0,-5.0,0.1243530017715962,1.124353001771596,54
2023-24,2024-02-22,0022300794,PHI,NYK,1,0,1462.60934910193,1445.9061141978532,-16.703234904076698,1556.0865810657651,0.4166302647202816,14.0,-14.0,0.3363755443363322,1.3363755443363323,55
2023-24,2024-02-23,0022300805,PHI,CLE,1,1,1445.9061141978532,1472.2593712485718,26.35325705071861,1670.584313924419,0.2512652763390711,7.0,7.0,0.1732351578346601,1.17323515783466,56
2023-24,2024-02-25,0022300817,PHI,MIL,1,0,1472.2593712485718,1452.2366422699247,-20.022728978647173,1541.7751085310322,0.4504906281416278,21.0,-21.0,0.4815497983643079,1.481549798364308,57
2023-24,2024-02-27,0022300836,PHI,BOS,0,0,1452.2366422699247,1446.7120484479465,-5.524593821978169,1748.2175982465574,0.1295121008730808,18.0,-18.0,0.4218990052500079,1.4218990052500078,58
2023-24,2024-03-01,0022300858,PHI,CHA,1,1,1446.7120484479465,1456.7888743387252,10.07682589077878,1323.032113775664,0.7137025820303374,7.0,7.0,0.1732351578346601,1.17323515783466,59
2023-24,2024-03-03,0022300871,PHI,DAL,0,1,1456.7888743387252,1479.6719753925122,22.883101053786973,1563.746971610259,0.3063633397947743,4.0,4.0,0.0996679946249558,1.099667994624956,60
2023-24,2024-03-05,0022300887,PHI,BKN,0,0,1479.6719753925122,1460.8875345556685,-18.784440836843704,1404.964392180187,0.5568963011689343,5.0,-5.0,0.1243530017715962,1.124353001771596,61
2023-24,2024-03-06,0022300896,PHI,MEM,1,0,1460.8875345556685,1436.370407270736,-24.51712728493245,1339.2188726021805,0.7113310316063886,6.0,-6.0,0.1488850336233179,1.1488850336233178,62
2023-24,2024-03-08,0022300909,PHI,NOP,1,0,1436.370407270736,1425.2353772825363,-11.135029988199388,1610.378038341258,0.3099843967082904,8.0,-8.0,0.197375320224904,1.197375320224904,63
2023-24,2024-03-10,0022300927,PHI,NYK,0,1,1425.2353772825363,1449.5216056136728,24.286228331136297,1541.274789318329,0.2953681868253562,6.0,6.0,0.1488850336233179,1.1488850336233178,64
2023-24,2024-03-12,0022300939,PHI,NYK,0,0,1449.5216056136728,1432.5270769271483,-16.994528686524234,1516.988560987193,0.3566699122128809,27.0,-27.0,0.5882592563981054,1.5882592563981053,65
2023-24,2024-03-14,0022300958,PHI,MIL,0,0,1432.5270769271483,1422.7111033315575,-9.815973595591087,1572.1526515835835,0.2679152449285994,9.0,-9.0,0.2212784678984439,1.221278467898444,66
2023-24,2024-03-16,0022300969,PHI,CHA,1,1,1422.7111033315575,1433.3495024660313,10.638399134473726,1293.2996723326862,0.7203963083689954,11.0,11.0,0.2682711820216014,1.2682711820216013,67
2023-24,2024-03-18,0022300985,PHI,MIA,1,1,1433.3495024660313,1454.330995311988,20.98149284595654,1535.9784444009952,0.4038849840163248,7.0,7.0,0.1732351578346601,1.17323515783466,68
2023-24,2024-03-20,0022301002,PHI,PHX,0,0,1454.330995311988,1442.6265223176276,-11.704472994360298,1569.0834408421574,0.2969123948379909,13.0,-13.0,0.3140209253469976,1.3140209253469977,69
2023-24,2024-03-22,0022301018,PHI,LAL,0,0,1442.6265223176276,1432.305010023318,-10.321512294309713,1560.4382125664947,0.2932493179332507,7.0,-7.0,0.1732351578346601,1.17323515783466,70
2023-24,2024-03-24,0022301028,PHI,LAC,0,1,1432.305010023318,1462.0089809300894,29.703970906771428,1579.829820967597,0.2590912279446383,14.0,14.0,0.3363755443363322,1.3363755443363323,71
2023-24,2024-03-25,0022301042,PHI,SAC,0,0,1462.0089809300894,1450.4233356717298,-11.585645258359651,1574.972708321711,0.2990663697967503,12.0,-12.0,0.2913126124515909,1.2913126124515908,72
2023-24,2024-03-27,0022301052,PHI,LAC,1,0,1450.4233356717298,1436.908355854875,-13.514979816854815,1527.6603191049794,0.4395137715030065,1.0,-1.0,0.0249947929684206,1.0249947929684209,73
2023-24,2024-03-29,0022301067,PHI,CLE,0,0,1436.908355854875,1425.5536853591605,-11.354670495714563,1507.8232328713757,0.3521287660175726,3.0,-3.0,0.074859690687499,1.0748596906874992,74
2023-24,2024-03-31,0022301080,PHI,TOR,0,1,1425.5536853591605,1438.6067542625703,13.053068903409944,1259.8615492521833,0.6796849655999226,15.0,15.0,0.3583573983507859,1.358357398350786,75
2023-24,2024-04-02,0022301093,PHI,OKC,1,1,1438.6067542625703,1463.4956577036646,24.88890344109428,1668.5906816363818,0.2455630983548904,4.0,4.0,0.0996679946249558,1.099667994624956,76
2023-24,2024-04-04,0022301111,PHI,MIA,0,1,1463.4956577036646,1485.6848909826217,22.18923327895705,1553.570100891236,0.3273959841389905,4.0,4.0,0.0996679946249558,1.099667994624956,77
2023-24,2024-04-06,0022301129,PHI,MEM,0,1,1485.6848909826217,1502.623098698677,16.938207716055278,1370.167607212396,0.6138428982486082,20.0,20.0,0.4621171572600097,1.4621171572600098,78
2023-24,2024-04-07,0022301140,PHI,SAS,0,1,1502.623098698677,1516.082650623917,13.459551925239934,1384.3514791446378,0.6175943690015484,7.0,7.0,0.1732351578346601,1.17323515783466,79
2023-24,2024-04-09,0022301145,PHI,DET,1,1,1516.082650623917,1522.3325399679331,6.249889344016125,1244.9572387474702,0.853484921199514,18.0,18.0,0.4218990052500079,1.4218990052500078,80
2023-24,2024-04-12,0022301171,PHI,ORL,1,1,1522.3325399679331,1539.241800060629,16.909260092695785,1512.9599461822118,0.5635123535115402,12.0,12.0,0.2913126124515909,1.2913126124515908,81
2023-24,2024-04-14,0022301192,PHI,BKN,1,1,1539.241800060629,1551.2884252115334,12.046625150904529,1402.3706581561353,0.7289634326567018,21.0,21.0,0.4815497983643079,1.481549798364308,82
2023-24,2023-10-24,0022300062,PHX,GSW,0,1,1500.0,1518.151098583088,18.151098583087943,1500.0,0.449800646746463,4.0,4.0,0.0996679946249558,1.099667994624956,1
2023-24,2023-10-26,0022300076,PHX,LAL,0,0,1518.151098583088,1501.25783860125,-16.89325998183783,1482.5750025530224,0.5008290680720326,5.0,-5.0,0.1243530017715962,1.124353001771596,2
2023-24,2023-10-28,0022300094,PHX,UTA,1,1,1501.25783860125,1520.9909295915431,19.73309099029308,1493.2077741746496,0.5616388937842542,22.0,22.0,0.5005202111902353,1.5005202111902354,3
2023-24,2023-10-31,0022300113,PHX,SAS,1,0,1520.9909295915431,1501.971349630756,-19.019579960787027,1472.0336730110855,0.6185260676855298,1.0,-1.0,0.0249947929684206,1.0249947929684209,4
2023-24,2023-11-02,0022300131,PHX,SAS,1,0,1501.971349630756,1480.447543243588,-21.52380638716828,1491.0532529718728,0.5656993733485222,11.0,-11.0,0.2682711820216014,1.2682711820216013,5
2023-24,2023-11-04,0022300132,PHX,PHI,0,0,1480.447543243588,1466.26734526343,-14.180197980158024,1540.86017313557,0.3660409272297626,12.0,-12.0,0.2913126124515909,1.2913126124515908,6
2023-24,2023-11-05,0022300140,PHX,DET,0,1,1466.26734526343,1488.6458792755054,22.37853401207544,1471.8857747138018,0.4418102479521949,14.0,14.0,0.3363755443363322,1.3363755443363323,7
2023-24,2023-11-08,0022300162,PHX,CHI,0,1,1488.6458792755054,1504.782472320412,16.136593044906512,1470.871883363147,0.4752300806597473,1.0,1.0,0.0249947929684206,1.0249947929684209,8
2023-24,2023-11-10,0022300015,PHX,LAL,1,0,1504.782472320412,1485.1282423226903,-19.65422999772145,1462.4318844255108,0.6095130421208824,3.0,-3.0,0.074859690687499,1.0748596906874992,9
2023-24,2023-11-12,0022300185,PHX,OKC,1,0,1485.1282423226903,1465.3279638039908,-19.800278518699866,1512.4034561503966,0.5111150294610824,12.0,-12.0,0.2913126124515909,1.2913126124515908,10
2023-24,2023-11-15,0022300197,PHX,MIN,1,1,1465.3279638039908,1493.1559050592543,27.827941255263497,1609.675310306793,0.3476343689550439,18.0,18.0,0.4218990052500079,1.4218990052500078,11
2023-24,2023-11-17,0022300035,PHX,UTA,0,1,1493.1559050592543,1508.9822586262896,15.826353567035378,1451.7649442884604,0.5091962946682351,3.0,3.0,0.074859690687499,1.0748596906874992,12
2023-24,2023-11-19,0022300214,PHX,UTA,0,1,1508.9822586262896,1523.346743599975,14.36448497368534,1435.938590721425,0.5545314705370967,3.0,3.0,0.074859690687499,1.0748596906874992,13
2023-24,2023-11-21,0022300041,PHX,POR,1,1,1523.346743599975,1533.516224867138,10.169481267162997,1374.8091067250164,0.7420263997577383,13.0,13.0,0.3140209253469976,1.3140209253469977,14
2023-24,2023-11-22,0022300236,PHX,GSW,1,1,1533.516224867138,1547.1591959580462,13.642971090907984,1483.327078819409,0.620197864989528,8.0,8.0,0.197375320224904,1.197375320224904,15
2023-24,2023-11-24,0022300044,PHX,MEM,0,1,1547.1591959580462,1562.2894587824123,15.13026282436602,1397.2545300164554,0.6595847843235857,21.0,21.0,0.4815497983643079,1.481549798364308,16
2023-24,2023-11-26,0022300247,PHX,NYK,0,1,1562.2894587824123,1579.9447764287338,17.65531764632148,1560.411923631738,0.4524768271528592,3.0,3.0,0.074859690687499,1.0748596906874992,17
2023-24,2023-11-29,0022300260,PHX,TOR,0,0,1579.9447764287338,1558.8634183110844,-21.08135811764937,1475.2662683590736,0.5989523349708632,7.0,-7.0,0.1732351578346601,1.17323515783466,18
2023-24,2023-12-01,0022300279,PHX,DEN,1,0,1558.8634183110844,1539.7481914563484,-19.11522685473594,1571.4977179462091,0.5321424433330704,8.0,-8.0,0.197375320224904,1.197375320224904,19
2023-24,2023-12-02,0022300288,PHX,MEM,1,1,1539.7481914563484,1550.0566156775085,10.308424221159797,1421.6247043792944,0.7071225334403498,7.0,7.0,0.1732351578346601,1.17323515783466,20
2023-24,2023-12-05,0022301203,PHX,LAL,0,0,1550.0566156775085,1534.6191930997231,-15.437422577785089,1529.836919297931,0.4787422554321499,3.0,-3.0,0.074859690687499,1.0748596906874992,21
2023-24,2023-12-08,0022301228,PHX,SAC,1,0,1534.6191930997231,1514.7744499373982,-19.84474316232492,1533.0377797389613,0.5524512052076667,8.0,-8.0,0.197375320224904,1.197375320224904,22
2023-24,2023-12-12,0022300308,PHX,GSW,1,1,1514.7744499373982,1527.4662579549404,12.69180801754223,1474.6897569152577,0.6064041931083946,3.0,3.0,0.074859690687499,1.0748596906874992,23
2023-24,2023-12-13,0022300317,PHX,BKN,1,0,1527.4662579549404,1509.949312116005,-17.51694583893506,1540.9137686502538,0.5309768016212096,4.0,-4.0,0.0996679946249558,1.099667994624956,24
2023-24,2023-12-15,0022300333,PHX,NYK,1,0,1509.949312116005,1488.2219516130342,-21.727360502971013,1533.2019917744187,0.516899313562897,17.0,-17.0,0.4011342849479459,1.401134284947946,25
2023-24,2023-12-17,0022300347,PHX,WAS,1,1,1488.2219516130342,1496.7208403022598,8.498888689225582,1339.363128683024,0.742380162898647,4.0,4.0,0.0996679946249558,1.099667994624956,26
2023-24,2023-12-19,0022300363,PHX,POR,0,0,1496.7208403022598,1473.9287212478464,-22.792119054413387,1334.189606270939,0.6757106536974536,5.0,-5.0,0.1243530017715962,1.124353001771596,27
2023-24,2023-12-22,0022300387,PHX,SAC,0,0,1473.9287212478464,1460.6256370872472,-13.30308416059916,1564.7497753882794,0.3264502694394163,15.0,-15.0,0.3583573983507859,1.358357398350786,28
2023-24,2023-12-25,0022300405,PHX,DAL,1,0,1460.6256370872472,1441.014787146169,-19.610849941078133,1503.1625832952298,0.4891551636112693,14.0,-14.0,0.3363755443363322,1.3363755443363323,29
2023-24,2023-12-27,0022300418,PHX,HOU,0,1,1441.014787146169,1468.693077912591,27.678290766421956,1527.9265945068794,0.3314175252494402,16.0,16.0,0.3799489622552249,1.379948962255225,30
2023-24,2023-12-29,0022300436,PHX,CHA,1,1,1468.693077912591,1478.939848637143,10.246770724552093,1317.9821880817567,0.7444138920385881,14.0,14.0,0.3363755443363322,1.3363755443363323,31
2023-24,2023-12-31,0022300450,PHX,ORL,1,1,1478.939848637143,1497.894028438652,18.95417980150893,1557.1942709338548,0.4380715021099952,5.0,5.0,0.1243530017715962,1.124353001771596,32
2023-24,2024-01-01,0022300456,PHX,POR,1,1,1497.894028438652,1509.2405123970284,11.346483958376416,1346.9072998701993,0.7447158830817251,21.0,21.0,0.4815497983643079,1.481549798364308,33
2023-24,2024-01-03,0022300473,PHX,LAC,1,0,1509.2405123970284,1494.9808716288965,-14.259640768131945,1622.5311232097497,0.3891998192317734,9.0,-9.0,0.2212784678984439,1.221278467898444,34
2023-24,2024-01-05,0022300489,PHX,MIA,1,1,1494.9808716288965,1517.8472634563225,22.866391827425893,1566.49028927958,0.4476512669943056,16.0,16.0,0.3799489622552249,1.379948962255225,35
2023-24,2024-01-07,0022300503,PHX,MEM,1,0,1517.8472634563225,1494.9939314388614,-22.853332017460943,1435.2484980348709,0.6630582796547483,6.0,-6.0,0.1488850336233179,1.1488850336233178,36
2023-24,2024-01-08,0022300511,PHX,LAC,0,0,1494.9939314388614,1482.1736677462409,-12.820263692620838,1633.6041384140551,0.2690632032307487,27.0,-27.0,0.5882592563981054,1.5882592563981053,37
2023-24,2024-01-11,0022300531,PHX,LAL,0,1,1482.1736677462409,1505.315781394964,23.14211364872346,1476.7887316416263,0.4574834179906127,18.0,18.0,0.4218990052500079,1.4218990052500078,38
2023-24,2024-01-14,0022300554,PHX,POR,0,1,1505.315781394964,1516.4792322164758,11.163450821511722,1317.6331881965054,0.7065966390637534,11.0,11.0,0.2682711820216014,1.2682711820216013,39
2023-24,2024-01-16,0022300567,PHX,SAC,1,1,1516.4792322164758,1530.831293397086,14.352061180610155,1520.572823864729,0.5443609472872071,2.0,2.0,0.0499583749578799,1.04995837495788,40
2023-24,2024-01-19,0022300588,PHX,NOP,0,1,1530.831293397086,1557.0590573140737,26.227763916987733,1606.5866147828867,0.3457985661754258,14.0,14.0,0.3363755443363322,1.3363755443363323,41
2023-24,2024-01-21,0022300604,PHX,IND,1,1,1557.0590573140737,1573.505946487892,16.446889173818313,1569.290520966923,0.5327197318744711,7.0,7.0,0.1732351578346601,1.17323515783466,42
2023-24,2024-01-22,0022300612,PHX,CHI,1,1,1573.505946487892,1585.286840388916,11.780893901024038,1519.0333562609296,0.6259885413236298,2.0,2.0,0.0499583749578799,1.04995837495788,43
2023-24,2024-01-24,0022300625,PHX,DAL,0,1,1585.286840388916,1604.774223598707,19.48738320979094,1499.6434237312528,0.5723699121168209,23.0,23.0,0.5190218338982221,1.519021833898222,44
2023-24,2024-01-26,0022300636,PHX,IND,0,0,1604.774223598707,1588.598978771574,-16.175244827133124,1560.3771403355863,0.5135201932102629,2.0,-2.0,0.0499583749578799,1.04995837495788,45
2023-24,2024-01-28,0022300655,PHX,ORL,0,0,1588.598978771574,1563.5987924636977,-25.000186307876167,1473.3398118359617,0.6134906355335125,15.0,-15.0,0.3583573983507859,1.358357398350786,46
2023-24,2024-01-29,0022300661,PHX,MIA,0,1,1563.5987924636977,1579.1670763338286,15.568283870130989,1454.4826643533447,0.6050726547341747,13.0,13.0,0.3140209253469976,1.3140209253469977,47
2023-24,2024-01-31,0022300677,PHX,BKN,0,1,1579.1670763338286,1593.36374537699,14.196669043161403,1431.202603412588,0.657072606029331,16.0,16.0,0.3799489622552249,1.379948962255225,48
2023-24,2024-02-02,0022300690,PHX,ATL,0,0,1593.36374537699,1568.1985530047095,-25.16519237228053,1421.9168887672456,0.6868537911637351,9.0,-9.0,0.2212784678984439,1.221278467898444,49
2023-24,2024-02-04,0022300705,PHX,WAS,0,1,1568.1985530047095,1576.9302358132588,8.731682808549328,1271.442108344876,0.8185851786793548,28.0,28.0,0.6043677771171634,1.6043677771171634,50
2023-24,2024-02-06,0022300725,PHX,MIL,1,1,1576.9302358132588,1593.1586285018266,16.228392688567826,1578.3168606324814,0.5482231729557826,8.0,8.0,0.197375320224904,1.197375320224904,51
2023-24,2024-02-08,0022300739,PHX,UTA,1,1,1593.1586285018266,1608.869315239606,15.710686737779392,1551.8190858463804,0.6081269519294794,14.0,14.0,0.3363755443363322,1.3363755443363323,52
2023-24,2024-02-10,0022300757,PHX,GSW,0,0,1608.869315239606,1591.7819238077695,-17.08739143183651,1535.010472163705,0.5556903491626798,1.0,-1.0,0.0249947929684206,1.0249947929684209,53
2023-24,2024-02-13,0022300774,PHX,SAC,1,1,1591.7819238077695,1604.479567080867,12.697643273097231,1539.1111233806912,0.6235570367108881,5.0,5.0,0.1243530017715962,1.124353001771596,54
2023-24,2024-02-14,0022300787,PHX,DET,1,1,1604.479567080867,1608.949244508802,4.469677427935198,1272.6440018197884,0.8920327840572092,16.0,16.0,0.3799489622552249,1.379948962255225,55
2023-24,2024-02-22,0022300796,PHX,DAL,0,0,1608.949244508802,1590.4497658386388,-18.49947867016324,1577.1923062437918,0.4953329945386189,10.0,-10.0,0.2449186624037091,1.2449186624037092,56
2023-24,2024-02-23,0022300806,PHX,HOU,0,0,1590.4497658386388,1567.181582544156,-23.26818329448262,1403.8444586597536,0.7053093420988481,4.0,-4.0,0.0996679946249558,1.099667994624956,57
2023-24,2024-02-25,0022300818,PHX,LAL,1,1,1567.181582544156,1582.9773217536006,15.795739209444564,1548.2039786664948,0.5770610111200386,10.0,10.0,0.2449186624037091,1.2449186624037092,58
2023-24,2024-02-29,0022300854,PHX,HOU,1,1,1582.9773217536006,1590.8431994773653,7.86587772376467,1411.1931371378168,0.7668028424237248,5.0,5.0,0.1243530017715962,1.124353001771596,59
2023-24,2024-03-02,0022300870,PHX,HOU,1,0,1590.8431994773653,1562.1698865875908,-28.67331288977439,1403.3272594140522,0.7826037398092335,9.0,-9.0,0.2212784678984439,1.221278467898444,60
2023-24,2024-03-03,0022300878,PHX,OKC,1,0,1562.1698865875908,1546.6793894896723,-15.490497097918425,1645.2575749029152,0.4312347970951673,8.0,-8.0,0.197375320224904,1.197375320224904,61
2023-24,2024-03-05,0022300893,PHX,DEN,0,1,1546.6793894896723,1573.166402859187,26.48701336951478,1666.551913991852,0.290796682294268,10.0,10.0,0.2449186624037091,1.2449186624037092,62
2023-24,2024-03-07,0022300905,PHX,TOR,1,1,1573.166402859187,1580.9361863523895,7.769783493202549,1389.0569291625811,0.7792490436574092,7.0,7.0,0.1732351578346601,1.17323515783466,63
2023-24,2024-03-09,0022300920,PHX,BOS,1,0,1580.9361863523895,1568.5008601025263,-12.435326249862898,1736.638380027193,0.3329622147322345,10.0,-10.0,0.2449186624037091,1.2449186624037092,64
2023-24,2024-03-11,0022300934,PHX,CLE,0,1,1568.5008601025263,1588.4471638411494,19.94630373862281,1588.6562264784109,0.4212851836092257,6.0,6.0,0.1488850336233179,1.1488850336233178,65
2023-24,2024-03-14,0022300955,PHX,BOS,0,0,1588.4471638411494,1578.9092700924043,-9.537893748744992,1759.399420581169,0.2340545956541623,15.0,-15.0,0.3583573983507859,1.358357398350786,66
2023-24,2024-03-15,0022300961,PHX,CHA,0,1,1578.9092700924043,1586.440192619472,7.530922527067784,1300.830594859754,0.8020685524825054,11.0,11.0,0.2682711820216014,1.2682711820216013,67
2023-24,2024-03-17,0022300976,PHX,MIL,0,0,1586.440192619472,1569.0834408421574,-17.356751777314788,1581.9686251791748,0.4561787737342955,11.0,-11.0,0.2682711820216014,1.2682711820216013,68
2023-24,2024-03-20,0022301002,PHX,PHI,1,1,1569.0834408421574,1580.7879138365176,11.704472994360298,1454.330995311988,0.7030876051620091,13.0,13.0,0.3140209253469976,1.3140209253469977,69
2023-24,2024-03-21,0022301010,PHX,ATL,1,1,1580.7879138365176,1591.7083885103418,10.92047467382416,1449.145643117908,0.7229756273746717,13.0,13.0,0.3140209253469976,1.3140209253469977,70
2023-24,2024-03-23,0022301025,PHX,SAS,0,1,1591.7083885103418,1600.7030853602932,8.994696849951337,1308.0279491984545,0.8071379892705727,25.0,25.0,0.5545997223493823,1.5545997223493822,71
2023-24,2024-03-25,0022301039,PHX,SAS,0,0,1600.7030853602932,1574.7875624929825,-25.915522867310685,1299.033252348503,0.8227476277603325,2.0,-2.0,0.0499583749578799,1.04995837495788,72
2023-24,2024-03-27,0022301059,PHX,DEN,0,1,1574.7875624929825,1600.3064967030075,25.5189342100252,1708.2161649062568,0.2749696131642435,7.0,7.0,0.1732351578346601,1.17323515783466,73
2023-24,2024-03-29,0022301069,PHX,OKC,0,0,1600.3064967030075,1581.7190553064534,-18.587441396554368,1636.7952059277193,0.3985472086337478,25.0,-25.0,0.5545997223493823,1.5545997223493822,74
2023-24,2024-04-01,0022301092,PHX,NOP,0,1,1581.7190553064534,1605.5674534675843,23.848398161131076,1620.7624214889447,0.3950274382722544,13.0,13.0,0.3140209253469976,1.3140209253469977,75
2023-24,2024-04-03,0022301110,PHX,CLE,1,1,1605.5674534675843,1620.291337138504,14.723883670919264,1518.5416256516953,0.6687278936517459,21.0,21.0,0.4815497983643079,1.481549798364308,76
2023-24,2024-04-05,0022301125,PHX,MIN,1,1,1620.291337138504,1639.4522274406877,19.160890302183876,1664.3563404392107,0.4869573710358524,10.0,10.0,0.2449186624037091,1.2449186624037092,77
2023-24,2024-04-07,0022301138,PHX,NOP,1,0,1639.4522274406877,1615.2551454362983,-24.197082004389276,1548.5799843835125,0.6736145187916606,8.0,-8.0,0.197375320224904,1.197375320224904,78
2023-24,2024-04-09,0022301156,PHX,LAC,1,0,1615.2551454362983,1591.942736421801,-23.312409014497323,1586.0392912112495,0.5913758947773515,13.0,-13.0,0.3140209253469976,1.3140209253469977,79
2023-24,2024-04-10,0022301165,PHX,LAC,0,1,1591.942736421801,1615.7408805513635,23.79814412956265,1609.351700225747,0.4251443403464772,16.0,16.0,0.3799489622552249,1.379948962255225,80
2023-24,2024-04-12,0022301185,PHX,SAC,0,1,1615.7408805513635,1629.035411972947,13.294531421583402,1533.439044463192,0.5676553184209526,1.0,1.0,0.0249947929684206,1.0249947929684209,81
2023-24,2024-04-14,0022301194,PHX,MIN,0,1,1629.035411972947,1654.59975182118,25.56433984823297,1657.874708595033,0.4091480199153787,19.0,19.0,0.4422303560457261,1.442230356045726,82
2023-24,2023-10-25,0022300074,POR,LAC,0,0,1500.0,1482.5750025530224,-17.42499744697771,1500.0,0.449800646746463,12.0,-12.0,0.2913126124515909,1.2913126124515908,1
2023-24,2023-10-27,0022300086,POR,ORL,1,0,1482.5750025530224,1465.9276368205,-16.647365732522342,1522.064731689318,0.4935391200181136,5.0,-5.0,0.1243530017715962,1.124353001771596,2
2023-24,2023-10-29,0022300098,POR,PHI,0,0,1465.9276368205,1446.9941038197526,-18.933533000747563,1506.1732411428954,0.3933747459236687,28.0,-28.0,0.6043677771171634,1.6043677771171634,3
2023-24,2023-10-30,0022300105,POR,TOR,0,1,1446.9941038197526,1468.3744706667342,21.380366846981634,1478.9637362665978,0.404799077731513,8.0,8.0,0.197375320224904,1.197375320224904,4
2023-24,2023-11-01,0022300115,POR,DET,0,1,1468.3744706667342,1490.59436018104,22.219889514305866,1508.5036234530976,0.3935347234241211,9.0,9.0,0.2212784678984439,1.221278467898444,5
2023-24,2023-11-03,0022300007,POR,MEM,1,1,1490.59436018104,1501.4041245719902,10.809764390950273,1412.825161966808,0.6568192717994205,2.0,2.0,0.0499583749578799,1.04995837495788,6
2023-24,2023-11-05,0022300144,POR,MEM,1,0,1501.4041245719902,1474.8947706606473,-26.509353911343027,1402.0153975758578,0.6842999300537129,12.0,-12.0,0.2913126124515909,1.2913126124515908,7
2023-24,2023-11-08,0022300170,POR,SAC,0,0,1474.8947706606473,1459.755622017181,-15.13914864346626,1461.1200969023694,0.4694922439530377,3.0,-3.0,0.074859690687499,1.0748596906874992,8
2023-24,2023-11-12,0022300187,POR,LAL,0,0,1459.755622017181,1445.3404850391028,-14.415136978078232,1482.0861144232322,0.4182355517510231,6.0,-6.0,0.1488850336233179,1.1488850336233178,9
2023-24,2023-11-14,0022300023,POR,UTA,0,0,1445.3404850391028,1425.9523554744433,-19.38812956465941,1432.3768147238009,0.4683296289686383,16.0,-16.0,0.3799489622552249,1.379948962255225,10
2023-24,2023-11-15,0022300199,POR,CLE,1,0,1425.9523554744433,1406.9141492049027,-19.038206269540566,1478.42803609512,0.474871661892398,14.0,-14.0,0.3363755443363322,1.3363755443363323,11
2023-24,2023-11-17,0022300036,POR,LAL,1,0,1406.9141492049027,1390.2180262659745,-16.696122938928255,1490.1781889302836,0.4309858247578079,12.0,-12.0,0.2913126124515909,1.2913126124515908,12
2023-24,2023-11-19,0022300215,POR,OKC,1,0,1390.2180262659745,1374.8091067250164,-15.408919540958063,1583.5301495426377,0.2867302425981024,43.0,-43.0,0.7913375537619973,1.791337553761997,13
2023-24,2023-11-21,0022300041,POR,PHX,0,0,1374.8091067250164,1364.6396254578533,-10.169481267162997,1523.346743599975,0.2579736002422617,13.0,-13.0,0.3140209253469976,1.3140209253469977,14
2023-24,2023-11-22,0022300237,POR,UTA,1,1,1364.6396254578533,1385.7103769337834,21.070751475930027,1405.8761896507967,0.4910258265036486,16.0,16.0,0.3799489622552249,1.379948962255225,15
2023-24,2023-11-26,0022300245,POR,MIL,0,0,1385.7103769337834,1378.2014127421803,-7.508964191603111,1572.750768630808,0.2178623613864877,6.0,-6.0,0.1488850336233179,1.1488850336233178,16
2023-24,2023-11-27,0022300254,POR,IND,0,1,1378.2014127421803,1403.0142649815125,24.81285223933217,1536.030503927199,0.2478683760124455,4.0,4.0,0.0996679946249558,1.099667994624956,17
2023-24,2023-11-30,0022300265,POR,CLE,0,1,1403.0142649815125,1429.1330377975264,26.11877281601396,1538.2608658306117,0.2728881697926859,8.0,8.0,0.197375320224904,1.197375320224904,18
2023-24,2023-12-02,0022300289,POR,UTA,0,0,1429.1330377975264,1412.511442159279,-16.621595638247193,1399.1537464878668,0.4927751222868393,5.0,-5.0,0.1243530017715962,1.124353001771596,19
2023-24,2023-12-06,0022301214,POR,GSW,0,0,1412.511442159279,1400.4170747682983,-12.09436739098067,1472.5007200687362,0.3666066318833343,4.0,-4.0,0.0996679946249558,1.099667994624956,20
2023-24,2023-12-08,0022301226,POR,DAL,1,0,1400.4170747682983,1385.1411180086293,-15.275956759669008,1514.9422234184883,0.3875117578673018,13.0,-13.0,0.3140209253469976,1.3140209253469977,21
2023-24,2023-12-11,0022300304,POR,LAC,0,0,1385.1411180086293,1376.6872850208106,-8.453832987818686,1540.4081942948314,0.2506280789781125,5.0,-5.0,0.1243530017715962,1.124353001771596,22
2023-24,2023-12-14,0022300323,POR,UTA,1,0,1376.6872850208106,1357.9924971508467,-18.694787869963903,1397.477602768554,0.5204379822597436,8.0,-8.0,0.197375320224904,1.197375320224904,23
2023-24,2023-12-16,0022300341,POR,DAL,1,0,1357.9924971508467,1346.5754820916115,-11.41701505923517,1540.1272428259003,0.3000676622128677,11.0,-11.0,0.2682711820216014,1.2682711820216013,24
2023-24,2023-12-17,0022300348,POR,GSW,1,0,1346.5754820916115,1334.189606270939,-12.385875820672448,1469.9867928453718,0.3754428876476994,4.0,-4.0,0.0996679946249558,1.099667994624956,25
2023-24,2023-12-19,0022300363,POR,PHX,1,1,1334.189606270939,1356.9817253253525,22.792119054413387,1496.7208403022598,0.3242893463025463,5.0,5.0,0.1243530017715962,1.124353001771596,26
2023-24,2023-12-21,0022300381,POR,WAS,1,0,1356.9817253253525,1338.6581366686494,-18.323588656703024,1324.513618274729,0.5958920891567743,1.0,-1.0,0.0249947929684206,1.0249947929684209,27
2023-24,2023-12-23,0022300399,POR,GSW,0,0,1338.6581366686494,1328.7041984207028,-9.953938247946583,1516.5891060011834,0.2269297914676036,20.0,-20.0,0.4621171572600097,1.4621171572600098,28
2023-24,2023-12-26,0022300413,POR,SAC,1,1,1328.7041984207028,1360.5354985339804,31.831300113277617,1561.359418423677,0.2427254485827723,17.0,17.0,0.4011342849479459,1.401134284947946,29
2023-24,2023-12-28,0022300427,POR,SAS,1,0,1360.5354985339804,1333.578240505533,-26.957258028447576,1261.5194037943522,0.6838363455875938,13.0,-13.0,0.3140209253469976,1.3140209253469977,30
2023-24,2023-12-29,0022300437,POR,SAS,1,1,1333.578240505533,1346.9072998701993,13.329059364666424,1288.4766618227998,0.6132755098906734,6.0,6.0,0.1488850336233179,1.1488850336233178,31
2023-24,2024-01-01,0022300456,POR,PHX,0,0,1346.9072998701993,1335.5608159118228,-11.346483958376416,1497.894028438652,0.2552841169182749,21.0,-21.0,0.4815497983643079,1.481549798364308,32
2023-24,2024-01-03,0022300472,POR,DAL,0,0,1335.5608159118228,1323.3980502566862,-12.162765655136528,1491.165594616173,0.2502631516479875,29.0,-29.0,0.619996867969374,1.619996867969374,33
2023-24,2024-01-05,0022300487,POR,DAL,0,0,1323.3980502566862,1311.8173100239803,-11.580740232705937,1503.3283602713095,0.2249170619659204,36.0,-36.0,0.7162978701990245,1.7162978701990244,34
2023-24,2024-01-07,0022300498,POR,BKN,0,1,1311.8173100239803,1336.8370502281114,25.019740204131104,1433.0771496985903,0.2891524477693542,7.0,7.0,0.1732351578346601,1.17323515783466,35
2023-24,2024-01-09,0022300514,POR,NYK,0,0,1336.8370502281114,1329.6088962963065,-7.228153931804774,1602.927645711369,0.1501765791048402,28.0,-28.0,0.6043677771171634,1.6043677771171634,36
2023-24,2024-01-11,0022300529,POR,OKC,0,0,1329.6088962963065,1323.3282737446664,-6.280622551640038,1658.8881315608485,0.1093926598021068,62.0,-62.0,0.9137854901178278,1.913785490117828,37
2023-24,2024-01-12,0022300538,POR,MIN,0,0,1323.3282737446664,1317.6331881965054,-5.6950855481609,1626.4109322072616,0.124972650624465,23.0,-23.0,0.5190218338982221,1.519021833898222,38
2023-24,2024-01-14,0022300554,POR,PHX,1,0,1317.6331881965054,1306.4697373749937,-11.163450821511722,1505.315781394964,0.2934033609362466,11.0,-11.0,0.2682711820216014,1.2682711820216013,39
2023-24,2024-01-17,0022300578,POR,BKN,1,1,1306.4697373749937,1324.3489302329626,17.879192857968906,1388.7436905977968,0.432384073997659,2.0,2.0,0.0499583749578799,1.04995837495788,40
2023-24,2024-01-19,0022300590,POR,IND,1,1,1324.3489302329626,1349.9884409187584,25.639510685795905,1594.9300316527188,0.2048726325884009,3.0,3.0,0.074859690687499,1.0748596906874992,41
2023-24,2024-01-21,0022300605,POR,LAL,0,0,1349.9884409187584,1336.1839502247194,-13.804490694038922,1462.698918456107,0.2993720564913217,24.0,-24.0,0.5370495669980352,1.5370495669980353,42
2023-24,2024-01-23,0022300617,POR,OKC,0,0,1336.1839502247194,1332.782271383406,-3.4016788413135033,1667.9710550202385,0.1079940856845861,2.0,-2.0,0.0499583749578799,1.04995837495788,43
2023-24,2024-01-24,0022300623,POR,HOU,0,1,1332.782271383406,1357.6792248647412,24.896953481335313,1463.883285382612,0.2776488290037725,6.0,6.0,0.1488850336233179,1.1488850336233178,44
2023-24,2024-01-26,0022300641,POR,SAS,0,0,1357.6792248647412,1333.864111733791,-23.81511313094983,1269.9788703355446,0.5752655540735658,16.0,-16.0,0.3799489622552249,1.379948962255225,45
2023-24,2024-01-28,0022300656,POR,CHI,1,0,1333.864111733791,1321.865504625216,-11.998607108575566,1488.7355113464057,0.3340252329659914,8.0,-8.0,0.197375320224904,1.197375320224904,46
2023-24,2024-01-29,0022300668,POR,PHI,1,1,1321.865504625216,1359.0453890054089,37.17988438019304,1585.5069160560977,0.211456917747928,26.0,26.0,0.5716699660851172,1.5716699660851172,47
2023-24,2024-01-31,0022300683,POR,MIL,1,1,1359.0453890054089,1384.137259483767,25.091870478358132,1612.0409662521051,0.2218559409582433,3.0,3.0,0.074859690687499,1.0748596906874992,48
2023-24,2024-02-02,0022300697,POR,DEN,0,0,1384.137259483767,1377.967345832145,-6.16991365162199,1638.1498734494949,0.159267234288792,12.0,-12.0,0.2913126124515909,1.2913126124515908,49
2023-24,2024-02-04,0022300712,POR,DEN,0,0,1377.967345832145,1372.4721674795965,-5.495178352548524,1644.3197871011168,0.149984312805267,9.0,-9.0,0.2212784678984439,1.221278467898444,50
2023-24,2024-02-08,0022300741,POR,DET,1,0,1372.4721674795965,1348.2190712466154,-24.25309623298102,1257.2343595708182,0.7036705305053417,6.0,-6.0,0.1488850336233179,1.1488850336233178,51
2023-24,2024-02-10,0022300758,POR,NOP,1,0,1348.2190712466154,1339.6041246142192,-8.614946632396194,1588.1264109201977,0.23513465216552,9.0,-9.0,0.2212784678984439,1.221278467898444,52
2023-24,2024-02-13,0022300775,POR,MIN,1,0,1339.6041246142192,1333.082332268146,-6.521792346073237,1652.0945366526728,0.1683504645631198,12.0,-12.0,0.2913126124515909,1.2913126124515908,53
2023-24,2024-02-15,0022300791,POR,MIN,1,0,1333.082332268146,1324.8853235087845,-8.19700875936181,1658.616328998746,0.1580980531488641,37.0,-37.0,0.7282542059818115,1.7282542059818111,54
2023-24,2024-02-23,0022300812,POR,DEN,1,0,1324.8853235087845,1316.3305473719834,-8.554776136800927,1590.1223389008849,0.2099294375002112,15.0,-15.0,0.3583573983507859,1.358357398350786,55
2023-24,2024-02-25,0022300826,POR,CHA,1,0,1316.3305473719834,1294.8749554039323,-21.45559196805097,1320.4855815380845,0.5442732190479926,13.0,-13.0,0.3140209253469976,1.3140209253469977,56
2023-24,2024-02-27,0022300842,POR,MIA,1,0,1294.8749554039323,1287.8080924579433,-7.066862945989096,1582.6506344936663,0.1892188665119771,10.0,-10.0,0.2449186624037091,1.2449186624037092,57
2023-24,2024-03-01,0022300861,POR,MEM,0,1,1287.8080924579433,1320.2277253542484,32.41963289630505,1368.7239235350512,0.3391094870598182,30.0,30.0,0.6351489523872873,1.6351489523872873,58
2023-24,2024-03-02,0022300868,POR,MEM,0,1,1320.2277253542484,1340.3949370747475,20.16721172049912,1336.304290638746,0.4270199062871583,7.0,7.0,0.1732351578346601,1.17323515783466,59
2023-24,2024-03-04,0022300881,POR,MIN,0,0,1340.3949370747475,1335.540093581778,-4.854843492969408,1615.13813203674,0.1439299901163849,5.0,-5.0,0.1243530017715962,1.124353001771596,60
2023-24,2024-03-06,0022300900,POR,OKC,1,0,1335.540093581778,1329.162021327492,-6.378072254286136,1636.8472590872414,0.1775570323566308,8.0,-8.0,0.197375320224904,1.197375320224904,61
2023-24,2024-03-08,0022300916,POR,HOU,1,0,1329.162021327492,1312.5168353735714,-16.645185953920656,1433.099683033365,0.4020725019355725,16.0,-16.0,0.3799489622552249,1.379948962255225,62
2023-24,2024-03-09,0022300923,POR,TOR,1,1,1312.5168353735714,1332.9999891876662,20.48315381409474,1381.2871456693786,0.4515530898341172,10.0,10.0,0.2449186624037091,1.2449186624037092,63
2023-24,2024-03-11,0022300938,POR,BOS,1,0,1332.9999891876662,1328.4838715357564,-4.51611765190979,1749.073706277056,0.1003233771468171,22.0,-22.0,0.5005202111902353,1.5005202111902354,64
2023-24,2024-03-13,0022300953,POR,ATL,1,1,1328.4838715357564,1349.9928143841398,21.5089428483834,1472.5381434530352,0.3480170695908065,4.0,4.0,0.0996679946249558,1.099667994624956,65
2023-24,2024-03-14,0022300960,POR,NYK,1,0,1349.9928143841398,1338.4551000069573,-11.537714377182407,1533.9830896737174,0.2978291046884909,12.0,-12.0,0.2913126124515909,1.2913126124515908,66
2023-24,2024-03-16,0022300970,POR,NOP,0,0,1338.4551000069573,1332.5366961011823,-5.918403905775082,1623.4825569929371,0.1367882248251942,19.0,-19.0,0.4422303560457261,1.442230356045726,67
2023-24,2024-03-18,0022300986,POR,CHI,0,0,1332.5366961011823,1325.4397228783807,-7.096973222801687,1517.3144571586042,0.2200899114023691,3.0,-3.0,0.074859690687499,1.0748596906874992,68
2023-24,2024-03-20,0022301003,POR,LAC,1,0,1325.4397228783807,1316.057221738066,-9.38250114031465,1562.5814099903232,0.2380099372678555,13.0,-13.0,0.3140209253469976,1.3140209253469977,69
2023-24,2024-03-22,0022301017,POR,LAC,1,0,1316.057221738066,1308.191311901107,-7.865909836959158,1571.9639111306378,0.2189764480163634,8.0,-8.0,0.197375320224904,1.197375320224904,70
2023-24,2024-03-23,0022301026,POR,DEN,1,0,1308.191311901107,1304.536474944609,-3.654836956497985,1700.535566102276,0.1133430712914813,3.0,-3.0,0.074859690687499,1.0748596906874992,71
2023-24,2024-03-25,0022301038,POR,HOU,0,0,1304.536474944609,1297.589083991899,-6.947390952709678,1553.9216724741625,0.1628664888072961,18.0,-18.0,0.4218990052500079,1.4218990052500078,72
2023-24,2024-03-27,0022301051,POR,ATL,0,0,1297.589083991899,1288.593118648798,-8.995965343101304,1478.04788050131,0.2243871587650375,14.0,-14.0,0.3363755443363322,1.3363755443363323,73
2023-24,2024-03-29,0022301068,POR,MIA,0,0,1288.593118648798,1278.3262674228677,-10.266851225930289,1517.441399080568,0.1796334608306394,60.0,-60.0,0.9051482536448664,1.9051482536448665,74
2023-24,2024-04-01,0022301090,POR,ORL,0,0,1278.3262674228677,1273.5857803013068,-4.740487121560846,1539.048923076434,0.1541629659676036,1.0,-1.0,0.0249947929684206,1.0249947929684209,75
2023-24,2024-04-03,0022301102,POR,CHA,0,1,1273.5857803013068,1291.010201100498,17.424420799190948,1266.693781869134,0.4596373539059787,3.0,3.0,0.074859690687499,1.0748596906874992,76
2023-24,2024-04-05,0022301117,POR,WAS,0,1,1291.010201100498,1308.976009098754,17.965807998256196,1270.7875025309802,0.4787465681227711,6.0,6.0,0.1488850336233179,1.1488850336233178,77
2023-24,2024-04-07,0022301134,POR,BOS,0,0,1308.976009098754,1306.8070108178767,-2.1689982808773554,1779.7091652469064,0.0516010088915909,17.0,-17.0,0.4011342849479459,1.401134284947946,78
2023-24,2024-04-09,0022301157,POR,NOP,1,0,1306.8070108178767,1298.9927653450725,-7.814245472804574,1572.777066387902,0.2092304155763531,10.0,-10.0,0.2449186624037091,1.2449186624037092,79
2023-24,2024-04-11,0022301169,POR,GSW,1,0,1298.9927653450725,1293.930267291244,-5.062498053828219,1647.9982146954835,0.140933199705428,8.0,-8.0,0.197375320224904,1.197375320224904,80
2023-24,2024-04-12,0022301183,POR,HOU,1,0,1293.930267291244,1284.0560039634777,-9.874263327766563,1502.149382604364,0.2695061933679503,9.0,-9.0,0.2212784678984439,1.221278467898444,81
2023-24,2024-04-14,0022301200,POR,SAC,0,0,1284.0560039634777,1274.9387516624515,-9.11725230102586,1520.144513041609,0.1735733484595719,39.0,-39.0,0.7508932836251672,1.7508932836251672,82
2023-24,2023-10-25,0022300072,SAC,UTA,0,1,1500.0,1522.7774107966711,22.77741079667143,1500.0,0.449800646746463,16.0,16.0,0.3799489622552249,1.379948962255225,1
2023-24,2023-10-27,0022300087,SAC,GSW,1,0,1522.7774107966711,1500.952984466242,-21.82442633042923,1481.848901416912,0.6075629465490662,8.0,-8.0,0.197375320224904,1.197375320224904,2
2023-24,2023-10-29,0022300100,SAC,LAL,1,1,1500.952984466242,1516.0537114933347,15.100727027092685,1499.4682625348603,0.5523135823210001,5.0,5.0,0.1243530017715962,1.124353001771596,3
2023-24,2023-11-01,0022300126,SAC,GSW,0,0,1516.0537114933347,1503.679076696173,-12.374634797161637,1549.7336700784367,0.4024291922278702,1.0,-1.0,0.0249947929684206,1.0249947929684209,4
2023-24,2023-11-04,0022300137,SAC,HOU,0,0,1503.679076696173,1481.9600657123017,-21.719010983871435,1462.3167981767317,0.5091550314914397,18.0,-18.0,0.4218990052500079,1.4218990052500078,5
2023-24,2023-11-06,0022300153,SAC,HOU,0,0,1481.9600657123017,1461.1200969023694,-20.839968809932213,1484.035809160603,0.4468453306732424,25.0,-25.0,0.5545997223493823,1.5545997223493822,6
2023-24,2023-11-08,0022300170,SAC,POR,1,1,1461.1200969023694,1476.2592455458357,15.13914864346626,1474.8947706606473,0.5305077560469623,3.0,3.0,0.074859690687499,1.0748596906874992,7
2023-24,2023-11-10,0022300016,SAC,OKC,1,1,1476.2592455458357,1494.8566636119156,18.597418066079747,1531.0008742164764,0.4716200487205703,7.0,7.0,0.1732351578346601,1.17323515783466,8
2023-24,2023-11-13,0022300191,SAC,CLE,1,1,1494.8566636119156,1512.3398797748423,17.483216162926816,1495.9112522580467,0.5486965228418631,12.0,12.0,0.2913126124515909,1.2913126124515908,9
2023-24,2023-11-15,0022300198,SAC,LAL,0,1,1512.3398797748423,1534.776882267731,22.43700249288864,1512.6151914231723,0.4494084664284,15.0,15.0,0.3583573983507859,1.358357398350786,10
2023-24,2023-11-17,0022300032,SAC,SAS,0,1,1534.776882267731,1548.2166922025394,13.439809934808329,1404.9498409728913,0.6331764816385315,9.0,9.0,0.2212784678984439,1.221278467898444,11
2023-24,2023-11-19,0022300212,SAC,DAL,0,1,1548.2166922025394,1571.3049020441797,23.088209841640257,1553.4950013408663,0.4422931457815748,16.0,16.0,0.3799489622552249,1.379948962255225,12
2023-24,2023-11-20,0022300222,SAC,NOP,0,0,1571.3049020441797,1542.2257086218603,-29.079193422319292,1491.0467074995404,0.5647658627568191,36.0,-36.0,0.7162978701990245,1.7162978701990244,13
2023-24,2023-11-22,0022300233,SAC,NOP,0,0,1542.2257086218603,1525.9863299760946,-16.239378645765793,1520.1259009218595,0.4814436575280207,5.0,-5.0,0.1243530017715962,1.124353001771596,14
2023-24,2023-11-24,0022300050,SAC,MIN,0,1,1525.9863299760946,1553.109387472893,27.123057496798666,1628.39406276489,0.3119577480691896,13.0,13.0,0.3140209253469976,1.3140209253469977,15
2023-24,2023-11-28,0022300060,SAC,GSW,1,1,1553.109387472893,1563.818416011555,10.709028538661656,1479.243264068392,0.6517371401257582,1.0,1.0,0.0249947929684206,1.0249947929684209,16
2023-24,2023-11-29,0022300264,SAC,LAC,1,0,1563.818416011555,1537.3343406081494,-26.484075403405654,1483.1318811511724,0.6605946338873407,14.0,-14.0,0.3363755443363322,1.3363755443363323,17
2023-24,2023-12-02,0022300290,SAC,DEN,1,1,1537.3343406081494,1555.4734240819437,18.139083473794148,1590.6129448009451,0.4737192163725419,6.0,6.0,0.1488850336233179,1.1488850336233178,18
2023-24,2023-12-04,0022301204,SAC,NOP,1,0,1555.4734240819437,1533.0377797389613,-22.435644342982513,1519.511379310415,0.6007258417901618,10.0,-10.0,0.2449186624037091,1.2449186624037092,19
2023-24,2023-12-08,0022301228,SAC,PHX,0,1,1533.0377797389613,1552.8825229012862,19.84474316232492,1534.6191930997231,0.4475487947923333,8.0,8.0,0.197375320224904,1.197375320224904,20
2023-24,2023-12-11,0022300303,SAC,BKN,1,1,1552.8825229012862,1570.9574331073252,18.07491020603908,1558.9886788562928,0.5414859875927273,13.0,13.0,0.3140209253469976,1.3140209253469977,21
2023-24,2023-12-12,0022300309,SAC,LAC,0,0,1570.9574331073252,1549.8398996336382,-21.11753347368696,1548.8620272826502,0.4814373314484358,20.0,-20.0,0.4621171572600097,1.4621171572600098,22
2023-24,2023-12-14,0022300324,SAC,OKC,1,1,1549.8398996336382,1567.568889274594,17.728989640955817,1602.6481256886111,0.4743943223933827,5.0,5.0,0.1243530017715962,1.124353001771596,23
2023-24,2023-12-16,0022300342,SAC,UTA,1,1,1567.568889274594,1578.8954528801282,11.32656360553406,1416.1723906385178,0.745164070353017,21.0,21.0,0.4815497983643079,1.481549798364308,24
2023-24,2023-12-18,0022300358,SAC,WAS,1,1,1578.8954528801282,1585.2460745991975,6.350621719069182,1330.8642399937985,0.83606805308457,12.0,12.0,0.2913126124515909,1.2913126124515908,25
2023-24,2023-12-20,0022300373,SAC,BOS,1,0,1585.2460745991975,1564.7497753882794,-20.496299210918043,1662.509374097835,0.4394764542121299,25.0,-25.0,0.5545997223493823,1.5545997223493822,26
2023-24,2023-12-22,0022300387,SAC,PHX,1,1,1564.7497753882794,1578.0528595488786,13.30308416059916,1473.9287212478464,0.6735497305605836,15.0,15.0,0.3583573983507859,1.358357398350786,27
2023-24,2023-12-23,0022300400,SAC,MIN,1,0,1578.0528595488786,1561.359418423677,-16.693441125201648,1661.3659383929005,0.4309165976860479,12.0,-12.0,0.2913126124515909,1.2913126124515908,28
2023-24,2023-12-26,0022300413,SAC,POR,0,0,1561.359418423677,1529.5281183103991,-31.831300113277617,1328.7041984207028,0.7572745514172277,17.0,-17.0,0.4011342849479459,1.401134284947946,29
2023-24,2023-12-29,0022300431,SAC,ATL,0,1,1529.5281183103991,1543.4549909714085,13.92687266100897,1420.9610771815303,0.604317100795814,7.0,7.0,0.1732351578346601,1.17323515783466,30
2023-24,2023-12-31,0022300449,SAC,MEM,0,1,1543.4549909714085,1563.393691387246,19.938700415837697,1440.0747411809718,0.5971558470027052,31.0,31.0,0.6498274636719203,1.6498274636719203,31
2023-24,2024-01-02,0022300464,SAC,CHA,1,0,1563.393691387246,1533.6188377002156,-29.774853687030465,1302.5240836107057,0.845947307556636,7.0,-7.0,0.1732351578346601,1.17323515783466,32
2023-24,2024-01-03,0022300476,SAC,ORL,1,1,1533.6188377002156,1547.4856766821708,13.866838981955286,1519.6815318283975,0.5699643683078979,3.0,3.0,0.074859690687499,1.0748596906874992,33
2023-24,2024-01-05,0022300492,SAC,TOR,1,1,1547.4856766821708,1557.5772998698797,10.091623187708883,1434.6186903115054,0.7008168795206982,5.0,5.0,0.1243530017715962,1.124353001771596,34
2023-24,2024-01-07,0022300500,SAC,NOP,1,0,1557.5772998698797,1531.5997572601325,-25.977542609747083,1581.3798920520328,0.5161087882356793,33.0,-33.0,0.6777821008468294,1.6777821008468294,35
2023-24,2024-01-09,0022300512,SAC,DET,0,1,1531.5997572601325,1538.8244135817683,7.224656321635744,1211.8075101203735,0.837452728451156,21.0,21.0,0.4815497983643079,1.481549798364308,36
2023-24,2024-01-10,0022300518,SAC,CHA,0,1,1538.8244135817683,1550.3551989741584,11.53078539238996,1310.4094608661014,0.7527598213520817,25.0,25.0,0.5545997223493823,1.5545997223493822,37
2023-24,2024-01-12,0022300532,SAC,PHI,0,0,1550.3551989741584,1530.6389240906308,-19.71627488352767,1546.226307715909,0.4556894535115573,19.0,-19.0,0.4422303560457261,1.442230356045726,38
2023-24,2024-01-14,0022300552,SAC,MIL,0,0,1530.6389240906308,1520.572823864729,-10.066100225902096,1620.7460818903503,0.3273545158458909,1.0,-1.0,0.0249947929684206,1.0249947929684209,39
2023-24,2024-01-16,0022300567,SAC,PHX,0,0,1520.572823864729,1506.2207626841184,-14.352061180610155,1516.4792322164758,0.4556390527127929,2.0,-2.0,0.0499583749578799,1.04995837495788,40
2023-24,2024-01-18,0022300583,SAC,IND,1,0,1506.2207626841184,1491.227067339169,-14.99369534494936,1579.9363363077694,0.4445132836788333,5.0,-5.0,0.1243530017715962,1.124353001771596,41
2023-24,2024-01-22,0022300613,SAC,ATL,1,1,1491.227067339169,1506.262355976995,15.035288637825886,1432.9942365845693,0.6310423983143025,15.0,15.0,0.3583573983507859,1.358357398350786,42
2023-24,2024-01-25,0022300632,SAC,GSW,0,1,1506.262355976995,1521.1415128416995,14.879156864704516,1460.0553951094887,0.5161225218971126,1.0,1.0,0.0249947929684206,1.0249947929684209,43
2023-24,2024-01-27,0022300651,SAC,DAL,0,1,1521.1415128416995,1538.427178641418,17.28566579971846,1494.8032067158738,0.4875374023258367,5.0,5.0,0.1243530017715962,1.124353001771596,44
2023-24,2024-01-29,0022300663,SAC,MEM,0,1,1538.427178641418,1555.962318817717,17.53514017629904,1488.5483003810314,0.5213993467443117,9.0,9.0,0.2212784678984439,1.221278467898444,45
2023-24,2024-01-31,0022300678,SAC,MIA,0,0,1555.962318817717,1533.3956798964232,-22.566638921293872,1438.9143804832138,0.6159293864165742,9.0,-9.0,0.2212784678984439,1.221278467898444,46
2023-24,2024-02-02,0022300691,SAC,IND,0,1,1533.3956798964232,1556.1726450371164,22.776965140693143,1567.8450943932116,0.4013644856723498,11.0,11.0,0.2682711820216014,1.2682711820216013,47
2023-24,2024-02-03,0022300700,SAC,CHI,0,1,1556.1726450371164,1572.1370091767285,15.964364139612195,1482.3961021381226,0.5555733759232208,8.0,8.0,0.197375320224904,1.197375320224904,48
2023-24,2024-02-05,0022300714,SAC,CLE,0,0,1572.1370091767285,1557.9321754374614,-14.204833739267029,1683.279750590332,0.3012683757996585,26.0,-26.0,0.5716699660851172,1.5716699660851172,49
2023-24,2024-02-07,0022300732,SAC,DET,1,0,1557.9321754374614,1522.678562627788,-35.253612809673214,1221.980746761145,0.8942935415421861,13.0,-13.0,0.3140209253469976,1.3140209253469977,50
2023-24,2024-02-09,0022300746,SAC,DEN,1,1,1522.678562627788,1554.133530001776,31.454967373987948,1663.0998839337628,0.3527771977852449,29.0,29.0,0.619996867969374,1.619996867969374,51
2023-24,2024-02-11,0022300760,SAC,OKC,0,0,1554.133530001776,1539.1111233806912,-15.022406621084988,1608.091556724091,0.3747052162782426,14.0,-14.0,0.3363755443363322,1.3363755443363323,52
2023-24,2024-02-13,0022300774,SAC,PHX,0,0,1539.1111233806912,1526.413480107594,-12.697643273097231,1591.7819238077695,0.3764429632891118,5.0,-5.0,0.1243530017715962,1.124353001771596,53
2023-24,2024-02-14,0022300786,SAC,DEN,0,1,1526.413480107594,1548.2247508357043,21.81127072811015,1607.5282729769704,0.3388528527179415,4.0,4.0,0.0996679946249558,1.099667994624956,54
2023-24,2024-02-22,0022300803,SAC,SAS,1,1,1548.2247508357043,1553.172662921495,4.94791208579064,1277.3410611799118,0.8533108351204524,5.0,5.0,0.1243530017715962,1.124353001771596,55
2023-24,2024-02-25,0022300827,SAC,LAC,0,1,1553.172662921495,1582.037805673512,28.865142752017228,1663.0956107329373,0.3027485426020525,16.0,16.0,0.3799489622552249,1.379948962255225,56
2023-24,2024-02-26,0022300831,SAC,MIA,1,0,1582.037805673512,1559.9482708187777,-22.089534854734477,1560.561099638932,0.5805681300094447,11.0,-11.0,0.2682711820216014,1.2682711820216013,57
2023-24,2024-02-28,0022300847,SAC,DEN,0,0,1559.9482708187777,1543.7491789428902,-16.199091875887557,1621.5434080820237,0.3644627604096742,21.0,-21.0,0.4815497983643079,1.481549798364308,58
2023-24,2024-03-01,0022300862,SAC,MIN,0,1,1543.7491789428902,1566.8412073492495,23.09202840635935,1655.914831732861,0.3000302964400653,4.0,4.0,0.0996679946249558,1.099667994624956,59
2023-24,2024-03-04,0022300883,SAC,CHI,1,0,1566.8412073492495,1545.3030377468904,-21.538169602359268,1492.1082576698368,0.6528688570136694,4.0,-4.0,0.0996679946249558,1.099667994624956,60
2023-24,2024-03-06,0022300901,SAC,LAL,0,1,1545.3030377468904,1566.9890256870283,21.68598794013785,1566.8405827183142,0.4193465914668355,10.0,10.0,0.2449186624037091,1.2449186624037092,61
2023-24,2024-03-07,0022300908,SAC,SAS,1,1,1566.9890256870283,1571.9161089307313,4.927083243703073,1309.2574585707798,0.84357845792694,2.0,2.0,0.0499583749578799,1.04995837495788,62
2023-24,2024-03-10,0022300929,SAC,HOU,1,0,1571.9161089307313,1546.3428759135754,-25.573233017155868,1449.7448689872856,0.711924729174932,8.0,-8.0,0.197375320224904,1.197375320224904,63
2023-24,2024-03-12,0022300945,SAC,MIL,1,1,1546.3428759135754,1573.1999787295267,26.857102815951382,1599.009754399535,0.4745972086344448,35.0,35.0,0.703905603936621,1.703905603936621,64
2023-24,2024-03-13,0022300954,SAC,LAL,1,1,1573.1999787295267,1591.3799691185527,18.17999038902598,1581.170420625795,0.5388203734471191,13.0,13.0,0.3140209253469976,1.3140209253469977,65
2023-24,2024-03-16,0022300975,SAC,NYK,1,0,1591.3799691185527,1569.758091262578,-21.621877855974628,1545.5208040509,0.6143092943072124,7.0,-7.0,0.1732351578346601,1.17323515783466,66
2023-24,2024-03-18,0022300989,SAC,MEM,1,1,1569.758091262578,1575.9817723373335,6.223681074755498,1325.1395369519605,0.8333577589522003,10.0,10.0,0.2449186624037091,1.2449186624037092,67
2023-24,2024-03-20,0022300999,SAC,TOR,0,1,1575.9817723373335,1587.055494483139,11.073722145805537,1319.365312407264,0.7817215211369649,34.0,34.0,0.6910694698329306,1.6910694698329305,68
2023-24,2024-03-21,0022301005,SAC,WAS,0,0,1587.055494483139,1556.3049800524443,-30.75051443069436,1216.1234335403476,0.873667261712135,7.0,-7.0,0.1732351578346601,1.17323515783466,69
2023-24,2024-03-23,0022301020,SAC,ORL,0,1,1556.3049800524443,1574.972708321711,18.66772826926659,1586.437055182021,0.4073502113828889,2.0,2.0,0.0499583749578799,1.04995837495788,70
2023-24,2024-03-25,0022301042,SAC,PHI,1,1,1574.972708321711,1586.5583535800706,11.585645258359651,1462.0089809300894,0.7009336302032497,12.0,12.0,0.2913126124515909,1.2913126124515908,71
2023-24,2024-03-26,0022301047,SAC,DAL,1,0,1586.5583535800706,1560.6330600953606,-25.92529348471004,1619.1179759890188,0.5035119279091825,36.0,-36.0,0.7162978701990245,1.7162978701990244,72
2023-24,2024-03-29,0022301073,SAC,DAL,1,0,1560.6330600953606,1546.4681754568303,-14.164884638530324,1645.0432694737287,0.4293685217649498,4.0,-4.0,0.0996679946249558,1.099667994624956,73
2023-24,2024-03-31,0022301086,SAC,UTA,1,1,1546.4681754568303,1554.9751576924352,8.506982235604886,1331.1495168746535,0.8086017258189826,21.0,21.0,0.4815497983643079,1.481549798364308,74
2023-24,2024-04-02,0022301101,SAC,LAC,1,1,1554.9751576924352,1573.681685582898,18.70652789046257,1566.730854931208,0.5334014212361601,14.0,14.0,0.3363755443363322,1.3363755443363323,75
2023-24,2024-04-04,0022301112,SAC,NYK,0,0,1573.681685582898,1554.723700531777,-18.957985051120975,1539.8885550606592,0.4982631821926887,11.0,-11.0,0.2682711820216014,1.2682711820216013,76
2023-24,2024-04-05,0022301118,SAC,BOS,0,0,1554.723700531777,1548.943985705907,-5.779714825870087,1773.9294504210363,0.1879591605576789,1.0,-1.0,0.0249947929684206,1.0249947929684209,77
2023-24,2024-04-07,0022301141,SAC,BKN,0,1,1548.943985705907,1566.8502036276898,17.906217921782872,1417.772067635664,0.6349727467612838,30.0,30.0,0.6351489523872873,1.6351489523872873,78
2023-24,2024-04-09,0022301153,SAC,OKC,0,0,1566.8502036276898,1553.2347923714444,-13.61541125624526,1611.8717036444132,0.3868338234190567,7.0,-7.0,0.1732351578346601,1.17323515783466,79
2023-24,2024-04-11,0022301170,SAC,NOP,1,0,1553.2347923714444,1533.439044463192,-19.795747908252476,1580.5913118607064,0.5109980784247571,12.0,-12.0,0.2913126124515909,1.2913126124515908,80
2023-24,2024-04-12,0022301185,SAC,PHX,1,0,1533.439044463192,1520.144513041609,-13.294531421583402,1615.7408805513635,0.4323446815790474,1.0,-1.0,0.0249947929684206,1.0249947929684209,81
2023-24,2024-04-14,0022301200,SAC,POR,1,1,1520.144513041609,1529.2617653426346,9.11725230102586,1284.0560039634777,0.826426651540428,39.0,39.0,0.7508932836251672,1.7508932836251672,82
2023-24,2023-10-25,0022300073,SAS,DAL,1,0,1500.0,1480.6346032483518,-19.365396751648237,1500.0,0.550199353253537,7.0,-7.0,0.1732351578346601,1.17323515783466,1
2023-24,2023-10-27,0022300083,SAS,HOU,1,1,1480.6346032483518,1495.346782790024,14.712179541672294,1477.935268310682,0.5540417770459313,4.0,4.0,0.0996679946249558,1.099667994624956,2
2023-24,2023-10-29,0022300099,SAS,LAC,0,0,1495.346782790024,1472.0336730110855,-23.3131097789383,1501.4398124756567,0.4411366015666194,40.0,-40.0,0.7615941559557649,1.7615941559557649,3
2023-24,2023-10-31,0022300113,SAS,PHX,0,1,1472.0336730110855,1491.0532529718728,19.019579960787027,1520.9909295915431,0.3814739323144702,1.0,1.0,0.0249947929684206,1.0249947929684209,4
2023-24,2023-11-02,0022300131,SAS,PHX,0,1,1491.0532529718728,1512.577059359041,21.52380638716828,1501.971349630756,0.4343006266514778,11.0,11.0,0.2682711820216014,1.2682711820216013,5
2023-24,2023-11-05,0022300141,SAS,TOR,1,0,1512.577059359041,1490.8319129133322,-21.745146445708812,1464.1456837384828,0.6178115359198172,7.0,-7.0,0.1732351578346601,1.17323515783466,6
2023-24,2023-11-06,0022300146,SAS,IND,0,0,1490.8319129133322,1466.9218480771394,-23.910064836192657,1490.8309076923356,0.4498020787943011,41.0,-41.0,0.7718952374404182,1.7718952374404182,7
2023-24,2023-11-08,0022300161,SAS,NYK,0,0,1466.9218480771394,1448.5506234815134,-18.371224595625996,1492.7581267650569,0.4133334929839142,21.0,-21.0,0.4815497983643079,1.481549798364308,8
2023-24,2023-11-10,0022300013,SAS,MIN,1,0,1448.5506234815134,1435.026646132818,-13.5239773486953,1565.4770822814298,0.3842360518657757,7.0,-7.0,0.1732351578346601,1.17323515783466,9
2023-24,2023-11-12,0022300184,SAS,MIA,1,0,1435.026646132818,1420.4219891205194,-14.604657012298745,1516.879153689586,0.4329795888327715,5.0,-5.0,0.1243530017715962,1.124353001771596,10
2023-24,2023-11-14,0022300021,SAS,OKC,0,0,1420.4219891205194,1404.9498409728913,-15.472148147628127,1532.2037346690963,0.3004946172471789,36.0,-36.0,0.7162978701990245,1.7162978701990244,11
2023-24,2023-11-17,0022300032,SAS,SAC,1,0,1404.9498409728913,1391.5100310380828,-13.439809934808329,1534.776882267731,0.3668235183614685,9.0,-9.0,0.2212784678984439,1.221278467898444,12
2023-24,2023-11-18,0022300206,SAS,MEM,1,0,1391.5100310380828,1370.5963958209795,-20.91363521710326,1398.757277451777,0.5398546929545892,12.0,-12.0,0.2913126124515909,1.2913126124515908,13
2023-24,2023-11-20,0022300223,SAS,LAC,1,0,1370.5963958209795,1351.1336827858331,-19.46271303514627,1463.5846463853031,0.4173145613271504,25.0,-25.0,0.5545997223493823,1.5545997223493822,14
2023-24,2023-11-22,0022300235,SAS,LAC,1,0,1351.1336827858331,1338.320612586721,-12.813070199112522,1483.0473594204493,0.3640381360192817,7.0,-7.0,0.1732351578346601,1.17323515783466,15
2023-24,2023-11-24,0022300051,SAS,GSW,0,0,1338.320612586721,1328.76145624683,-9.559156339890825,1469.684107728501,0.2773458921804518,6.0,-6.0,0.1488850336233179,1.1488850336233178,16
2023-24,2023-11-26,0022300252,SAS,DEN,0,0,1328.76145624683,1320.8623441263285,-7.89911212050143,1530.377392452202,0.2039039461173996,12.0,-12.0,0.2913126124515909,1.2913126124515908,17
2023-24,2023-11-30,0022300272,SAS,ATL,1,0,1320.8623441263285,1310.6277713390002,-10.23457278732823,1482.8938999097247,0.3249199533819233,2.0,-2.0,0.0499583749578799,1.04995837495788,18
2023-24,2023-12-01,0022300278,SAS,NOP,0,0,1310.6277713390002,1303.112081842636,-7.515689496364241,1533.878682486768,0.1844308305872278,15.0,-15.0,0.3583573983507859,1.358357398350786,19
2023-24,2023-12-06,0022301210,SAS,MIN,0,0,1303.112081842636,1299.3865366907846,-3.7255451518513514,1642.7553761431336,0.10371421249247,8.0,-8.0,0.197375320224904,1.197375320224904,20
2023-24,2023-12-08,0022301223,SAS,CHI,1,0,1299.3865366907846,1286.8779846196126,-12.508552071172156,1448.525223432683,0.3414059501296393,9.0,-9.0,0.2212784678984439,1.221278467898444,21
2023-24,2023-12-11,0022300298,SAS,HOU,0,0,1286.8779846196126,1280.6467495442937,-6.23123507531905,1535.1114777296225,0.1637724161743435,11.0,-11.0,0.2682711820216014,1.2682711820216013,22
2023-24,2023-12-13,0022300316,SAS,LAL,1,0,1280.6467495442937,1274.1237477445386,-6.523001799754755,1553.9949717889283,0.2022900246506446,3.0,-3.0,0.074859690687499,1.0748596906874992,23
2023-24,2023-12-15,0022300331,SAS,LAL,1,1,1274.1237477445386,1306.57995782225,32.45621007771127,1560.5179735886834,0.1904418830155113,14.0,14.0,0.3363755443363322,1.3363755443363323,24
2023-24,2023-12-17,0022300345,SAS,NOP,1,0,1306.57995782225,1295.4793393887016,-11.100618433548336,1565.943393346182,0.2155923053197654,36.0,-36.0,0.7162978701990245,1.7162978701990244,25
2023-24,2023-12-19,0022300361,SAS,MIL,0,0,1295.4793393887016,1291.219151418373,-4.260187970328532,1627.129554160407,0.1080700184741104,13.0,-13.0,0.3140209253469976,1.3140209253469977,26
2023-24,2023-12-21,0022300376,SAS,CHI,0,0,1291.219151418373,1282.5074330639095,-8.711718354463564,1495.5829466398998,0.2013482871152694,19.0,-19.0,0.4422303560457261,1.442230356045726,27
2023-24,2023-12-23,0022300398,SAS,DAL,0,0,1282.5074330639095,1273.4242927593427,-9.083140304566786,1494.079442990663,0.1947583928729883,25.0,-25.0,0.5545997223493823,1.5545997223493822,28
2023-24,2023-12-26,0022300412,SAS,UTA,1,0,1273.4242927593427,1261.5194037943522,-11.904888964990478,1449.6114875707513,0.3073071759230771,12.0,-12.0,0.2913126124515909,1.2913126124515908,29
2023-24,2023-12-28,0022300427,SAS,POR,0,1,1261.5194037943522,1288.4766618227998,26.957258028447576,1360.5354985339804,0.3161636544124062,13.0,13.0,0.3140209253469976,1.3140209253469977,30
2023-24,2023-12-29,0022300437,SAS,POR,0,0,1288.4766618227998,1275.1476024581334,-13.329059364666424,1333.578240505533,0.3867244901093266,6.0,-6.0,0.1488850336233179,1.1488850336233178,31
2023-24,2023-12-31,0022300448,SAS,BOS,1,0,1275.1476024581334,1270.860572156493,-4.287030301640441,1722.5633773693846,0.0851725679887482,33.0,-33.0,0.6777821008468294,1.6777821008468294,32
2023-24,2024-01-02,0022300460,SAS,MEM,0,0,1270.860572156493,1261.6230105900297,-9.23756156646314,1420.136040765134,0.2571614043491961,8.0,-8.0,0.197375320224904,1.197375320224904,33
2023-24,2024-01-04,0022300477,SAS,MIL,1,0,1261.6230105900297,1257.2270714245567,-4.395939165472905,1621.9129178764515,0.1332504958150921,4.0,-4.0,0.0996679946249558,1.099667994624956,34
2023-24,2024-01-07,0022300497,SAS,CLE,0,0,1257.2270714245567,1253.1780873323307,-4.0489840922259335,1554.7041091778967,0.1285442733984053,2.0,-2.0,0.0499583749578799,1.04995837495788,35
2023-24,2024-01-10,0022300519,SAS,DET,0,1,1253.1780873323307,1274.805604284533,21.627516952202285,1204.5828537987377,0.5195551340369926,22.0,22.0,0.5005202111902353,1.5005202111902354,36
2023-24,2024-01-12,0022300541,SAS,CHA,1,1,1274.805604284533,1299.740669762588,24.93506547805504,1298.8786754737114,0.5157199320114999,36.0,36.0,0.7162978701990245,1.7162978701990244,37
2023-24,2024-01-13,0022300548,SAS,CHI,1,0,1299.740669762588,1289.6291949949918,-10.111474767596196,1487.4506661535345,0.2933706585565817,6.0,-6.0,0.1488850336233179,1.1488850336233178,38
2023-24,2024-01-15,0022300559,SAS,ATL,0,0,1289.6291949949918,1278.1134429375109,-11.515752057480922,1394.9741931128935,0.308340145833199,10.0,-10.0,0.2449186624037091,1.2449186624037092,39
2023-24,2024-01-17,0022300571,SAS,BOS,0,0,1278.1134429375109,1275.3584551033866,-2.7549878341242495,1710.098711553706,0.0636742441449693,19.0,-19.0,0.4422303560457261,1.442230356045726,40
2023-24,2024-01-19,0022300584,SAS,CHA,0,0,1275.3584551033866,1259.9566824996823,-15.401772603704387,1263.419394539463,0.4668612914378518,4.0,-4.0,0.0996679946249558,1.099667994624956,41
2023-24,2024-01-20,0022300594,SAS,WAS,0,1,1259.9566824996823,1279.1095348620036,19.15285236232128,1281.4309368377587,0.4194353066580669,4.0,4.0,0.0996679946249558,1.099667994624956,42
2023-24,2024-01-22,0022300608,SAS,PHI,0,0,1279.1095348620036,1275.220002660388,-3.8895322016156495,1617.95072070716,0.1041442122305853,10.0,-10.0,0.2449186624037091,1.2449186624037092,43
2023-24,2024-01-24,0022300622,SAS,OKC,1,0,1275.220002660388,1269.9788703355446,-5.241132324843354,1671.3727338615518,0.1111584585810239,26.0,-26.0,0.5716699660851172,1.5716699660851172,44
2023-24,2024-01-26,0022300641,SAS,POR,1,1,1269.9788703355446,1293.7939834664944,23.81511313094983,1357.6792248647412,0.4247344459264341,16.0,16.0,0.3799489622552249,1.379948962255225,45
2023-24,2024-01-27,0022300649,SAS,MIN,1,1,1293.7939834664944,1319.8214518874738,26.027468420979417,1625.302552780272,0.1535739628620304,1.0,1.0,0.0249947929684206,1.0249947929684209,46
2023-24,2024-01-29,0022300665,SAS,WAS,1,0,1319.8214518874738,1298.7183550455898,-21.10309684188414,1265.6098326013478,0.6256367531262533,5.0,-5.0,0.1243530017715962,1.124353001771596,47
2023-24,2024-01-31,0022300681,SAS,ORL,1,0,1298.7183550455898,1287.6187233361245,-11.099631709465593,1483.2329389736674,0.2971983108795837,10.0,-10.0,0.2449186624037091,1.2449186624037092,48
2023-24,2024-02-02,0022300696,SAS,NOP,1,0,1287.6187233361245,1281.6247148738994,-5.9940084622249215,1569.0028167006417,0.1949280947033257,1.0,-1.0,0.0249947929684206,1.0249947929684209,49
2023-24,2024-02-03,0022300703,SAS,CLE,1,0,1281.6247148738994,1277.044593313457,-4.58012156044251,1678.6996290298896,0.1106350472787849,16.0,-16.0,0.3799489622552249,1.379948962255225,50
2023-24,2024-02-07,0022300730,SAS,MIA,0,0,1277.044593313457,1269.5081578899085,-7.536435423548577,1488.8564232470796,0.1945419813110541,12.0,-12.0,0.2913126124515909,1.2913126124515908,51
2023-24,2024-02-08,0022300734,SAS,ORL,0,0,1269.5081578899085,1262.10834806036,-7.3998098295485635,1499.404649620376,0.1787459785820675,16.0,-16.0,0.3799489622552249,1.379948962255225,52
2023-24,2024-02-10,0022300750,SAS,BKN,0,0,1262.10834806036,1250.2594988649564,-11.8488491954036,1399.7774667581814,0.2701299535988894,20.0,-20.0,0.4621171572600097,1.4621171572600098,53
2023-24,2024-02-12,0022300764,SAS,TOR,0,1,1250.2594988649564,1283.4972049234811,33.23770605852483,1387.4851423278408,0.2706335678922213,23.0,23.0,0.5190218338982221,1.519021833898222,54
2023-24,2024-02-14,0022300785,SAS,DAL,0,0,1283.4972049234811,1277.3410611799118,-6.156143743569482,1571.0361625002224,0.1350900868394399,23.0,-23.0,0.5190218338982221,1.519021833898222,55
2023-24,2024-02-22,0022300803,SAS,SAC,0,0,1277.3410611799118,1272.393149094121,-4.94791208579064,1548.2247508357043,0.1466891648795476,5.0,-5.0,0.1243530017715962,1.124353001771596,56
2023-24,2024-02-23,0022300813,SAS,LAL,0,0,1272.393149094121,1267.4447195543753,-4.94842953974591,1543.255549126749,0.1467045056712282,5.0,-5.0,0.1243530017715962,1.124353001771596,57
2023-24,2024-02-25,0022300825,SAS,UTA,0,0,1267.4447195543753,1257.7830886768122,-9.66163087756298,1448.9875493599886,0.223302998189855,19.0,-19.0,0.4422303560457261,1.442230356045726,58
2023-24,2024-02-27,0022300838,SAS,MIN,0,0,1257.7830886768122,1254.8630393826527,-2.920049294159482,1647.773308075473,0.0796992488039809,9.0,-9.0,0.2212784678984439,1.221278467898444,59
2023-24,2024-02-29,0022300853,SAS,OKC,1,1,1254.8630393826527,1291.147803755322,36.28476437266939,1681.5423392755845,0.0949459148054811,14.0,14.0,0.3363755443363322,1.3363755443363323,60
2023-24,2024-03-03,0022300877,SAS,IND,1,1,1291.147803755322,1321.147488197699,29.99968444237689,1540.3959888989702,0.2256023276082956,12.0,12.0,0.2913126124515909,1.2913126124515908,61
2023-24,2024-03-05,0022300891,SAS,HOU,0,0,1321.147488197699,1309.2574585707798,-11.890029626919086,1432.0005723038266,0.3016194896535925,13.0,-13.0,0.3140209253469976,1.3140209253469977,62
2023-24,2024-03-07,0022300908,SAS,SAC,0,0,1309.2574585707798,1304.3303753270768,-4.927083243703073,1566.9890256870283,0.15642154207306,2.0,-2.0,0.0499583749578799,1.04995837495788,63
2023-24,2024-03-09,0022300921,SAS,GSW,0,1,1304.3303753270768,1338.6618500205648,34.33147469348793,1600.949153475667,0.1290987322133168,13.0,13.0,0.3140209253469976,1.3140209253469977,64
2023-24,2024-03-11,0022300936,SAS,GSW,1,0,1338.6618500205648,1329.40964977534,-9.252200245224754,1566.6176787821787,0.2477323893959052,10.0,-10.0,0.2449186624037091,1.2449186624037092,65
2023-24,2024-03-12,0022300942,SAS,HOU,1,0,1329.40964977534,1318.523707157596,-10.885942617744226,1475.3181020044417,0.3455991804811921,2.0,-2.0,0.0499583749578799,1.04995837495788,66
2023-24,2024-03-15,0022300965,SAS,DEN,1,0,1318.523707157596,1313.6399601658125,-4.8837469917833785,1686.2912419014244,0.1283570648773178,11.0,-11.0,0.2682711820216014,1.2682711820216013,67
2023-24,2024-03-17,0022300981,SAS,BKN,1,1,1313.6399601658125,1333.364092534728,19.724132368915345,1390.8101849307466,0.4396084411779108,7.0,7.0,0.1732351578346601,1.17323515783466,68
2023-24,2024-03-19,0022300994,SAS,DAL,1,0,1333.364092534728,1326.0143243356838,-7.349768199044071,1595.1499006879224,0.2132435066447162,6.0,-6.0,0.1488850336233179,1.1488850336233178,69
2023-24,2024-03-22,0022301015,SAS,MEM,1,0,1326.0143243356838,1308.0279491984545,-17.98637513722924,1311.329555536081,0.5710186729370986,2.0,-2.0,0.0499583749578799,1.04995837495788,70
2023-24,2024-03-23,0022301025,SAS,PHX,1,0,1308.0279491984545,1299.033252348503,-8.994696849951337,1591.7083885103418,0.1928620107294273,25.0,-25.0,0.5545997223493823,1.5545997223493822,71
2023-24,2024-03-25,0022301039,SAS,PHX,1,1,1299.033252348503,1324.9487752158138,25.915522867310685,1600.7030853602932,0.1772523722396674,2.0,2.0,0.0499583749578799,1.04995837495788,72
2023-24,2024-03-27,0022301058,SAS,UTA,0,1,1324.9487752158138,1346.0113545571323,21.06257934131847,1359.2415192366664,0.4015811976349829,7.0,7.0,0.1732351578346601,1.17323515783466,73
2023-24,2024-03-29,0022301070,SAS,NYK,1,1,1346.0113545571323,1371.605875210495,25.59452065336259,1596.6826874520689,0.2241743029573317,4.0,4.0,0.0996679946249558,1.099667994624956,74
2023-24,2024-03-31,0022301085,SAS,GSW,1,0,1371.605875210495,1362.968718464719,-8.637156745776272,1586.6777083065808,0.2618110432116374,4.0,-4.0,0.0996679946249558,1.099667994624956,75
2023-24,2024-04-02,0022301099,SAS,DEN,0,0,1362.968718464719,1358.8860033380934,-4.082715126625323,1672.386515253642,0.1210389477383099,5.0,-5.0,0.1243530017715962,1.124353001771596,76
2023-24,2024-04-05,0022301123,SAS,NOP,0,1,1358.8860033380934,1384.3514791446378,25.465475806544404,1574.045460190057,0.191540146926746,2.0,2.0,0.0499583749578799,1.04995837495788,77
2023-24,2024-04-07,0022301140,SAS,PHI,1,0,1384.3514791446378,1370.8919272193978,-13.459551925239934,1502.623098698677,0.3824056309984516,7.0,-7.0,0.1732351578346601,1.17323515783466,78
2023-24,2024-04-09,0022301151,SAS,MEM,0,1,1370.8919272193978,1392.2832011956618,21.39127397626407,1353.2293994963406,0.4750700612804914,15.0,15.0,0.3583573983507859,1.358357398350786,79
2023-24,2024-04-10,0022301163,SAS,OKC,0,0,1392.2832011956618,1383.0988065094607,-9.18439468620107,1625.4871149006583,0.1759681986301978,38.0,-38.0,0.7397830512740042,1.7397830512740042,80
2023-24,2024-04-12,0022301180,SAS,DEN,1,1,1383.0988065094607,1408.55740557555,25.458599066089324,1691.009467828054,0.1720738732613351,1.0,1.0,0.0249947929684206,1.0249947929684209,81
2023-24,2024-04-14,0022301197,SAS,DET,1,1,1408.55740557555,1421.419293711985,12.861888136434604,1268.3213233098925,0.7327734883094009,28.0,28.0,0.6043677771171634,1.6043677771171634,82
2023-24,2023-10-25,0022300069,TOR,MIN,1,1,1500.0,1514.5041775209882,14.50417752098821,1500.0,0.550199353253537,3.0,3.0,0.074859690687499,1.0748596906874992,1
2023-24,2023-10-27,0022300082,TOR,CHI,0,0,1514.5041775209882,1498.968277033162,-15.535900487826146,1475.8663225708392,0.5052351027993562,1.0,-1.0,0.0249947929684206,1.0249947929684209,2
2023-24,2023-10-28,0022300092,TOR,PHI,1,0,1498.968277033162,1478.9637362665978,-20.00454076656408,1486.1687003763311,0.5683583730842375,7.0,-7.0,0.1732351578346601,1.17323515783466,3
2023-24,2023-10-30,0022300105,TOR,POR,1,0,1478.9637362665978,1457.5833694196162,-21.380366846981634,1446.9941038197526,0.595200922268487,8.0,-8.0,0.197375320224904,1.197375320224904,4
2023-24,2023-11-01,0022300116,TOR,MIL,1,1,1457.5833694196162,1479.89908273041,22.315713310793704,1503.5441395262485,0.4842314147378783,19.0,19.0,0.4422303560457261,1.442230356045726,5
2023-24,2023-11-02,0022300128,TOR,PHI,0,0,1479.89908273041,1464.1456837384828,-15.75339899192706,1525.106774143643,0.3865796294616237,15.0,-15.0,0.3583573983507859,1.358357398350786,6
2023-24,2023-11-05,0022300141,TOR,SAS,0,1,1464.1456837384828,1485.8908301841916,21.745146445708812,1512.577059359041,0.3821884640801828,7.0,7.0,0.1732351578346601,1.17323515783466,7
2023-24,2023-11-08,0022300168,TOR,DAL,0,1,1485.8908301841916,1511.6470376249888,25.756207440797283,1579.395592518163,0.3230625593352374,11.0,11.0,0.2682711820216014,1.2682711820216013,8
2023-24,2023-11-11,0022300174,TOR,BOS,0,0,1511.6470376249888,1495.2604459196086,-16.38659170538021,1576.909888027125,0.3595864860684231,23.0,-23.0,0.5190218338982221,1.519021833898222,9
2023-24,2023-11-13,0022300189,TOR,WAS,1,1,1495.2604459196086,1506.7037439365313,11.443298016922638,1420.328286124971,0.6531286996664419,4.0,4.0,0.0996679946249558,1.099667994624956,10
2023-24,2023-11-15,0022300195,TOR,MIL,1,0,1506.7037439365313,1484.0183076674575,-22.68543626907345,1508.2625593125365,0.5479776641400578,16.0,-16.0,0.3799489622552249,1.379948962255225,11
2023-24,2023-11-17,0022300031,TOR,BOS,1,0,1484.0183076674575,1472.7739394804462,-11.244368187011553,1627.543769648297,0.348708092923876,3.0,-3.0,0.074859690687499,1.0748596906874992,12
2023-24,2023-11-19,0022300211,TOR,DET,1,1,1472.7739394804462,1488.1199760496277,15.346036569181498,1373.4355558979923,0.6842373201947941,29.0,29.0,0.619996867969374,1.619996867969374,13
2023-24,2023-11-21,0022300038,TOR,ORL,0,0,1488.1199760496277,1472.5074284320242,-15.612547617603427,1552.4359297581263,0.3608426710327919,19.0,-19.0,0.4422303560457261,1.442230356045726,14
2023-24,2023-11-22,0022300230,TOR,IND,0,1,1472.5074284320242,1492.5190109423934,20.011582510369227,1545.6464152565966,0.3492135229157282,1.0,1.0,0.0249947929684206,1.0249947929684209,15
2023-24,2023-11-24,0022300046,TOR,CHI,1,1,1492.5190109423934,1506.2303712814107,13.711360339017356,1418.3153480121002,0.6521780317058357,13.0,13.0,0.3140209253469976,1.3140209253469977,16
2023-24,2023-11-26,0022300251,TOR,CLE,0,0,1506.2303712814107,1491.634369709056,-14.596001572354623,1504.232619287465,0.4526482758265489,3.0,-3.0,0.074859690687499,1.0748596906874992,17
2023-24,2023-11-28,0022300054,TOR,BKN,0,0,1491.634369709056,1475.2662683590736,-16.368101349982425,1510.911357796926,0.4225184305269854,12.0,-12.0,0.2913126124515909,1.2913126124515908,18
2023-24,2023-11-29,0022300260,TOR,PHX,1,1,1475.2662683590736,1496.347626476723,21.08135811764937,1579.9447764287338,0.4010476650291368,7.0,7.0,0.1732351578346601,1.17323515783466,19
2023-24,2023-12-01,0022300276,TOR,NYK,1,0,1496.347626476723,1478.3398193932796,-18.00780708344332,1561.4328466929817,0.4568117786680336,13.0,-13.0,0.3140209253469976,1.3140209253469977,20
2023-24,2023-12-06,0022301207,TOR,MIA,1,0,1478.3398193932796,1460.2461443550717,-18.093675038208247,1517.616833042428,0.4938451934810999,9.0,-9.0,0.2212784678984439,1.221278467898444,21
2023-24,2023-12-08,0022301216,TOR,CHA,0,0,1460.2461443550717,1443.0452737241428,-17.200870630928613,1401.9819266938896,0.5334299530737397,3.0,-3.0,0.074859690687499,1.0748596906874992,22
2023-24,2023-12-11,0022300297,TOR,NYK,0,0,1443.0452737241428,1432.2966243063806,-10.748649417762111,1545.534219637736,0.3118574125693371,6.0,-6.0,0.1488850336233179,1.1488850336233178,23
2023-24,2023-12-13,0022300313,TOR,ATL,1,1,1432.2966243063806,1448.458303349125,16.16167904274401,1438.866634343642,0.5408229704329625,7.0,7.0,0.1732351578346601,1.17323515783466,24
2023-24,2023-12-15,0022300330,TOR,ATL,1,0,1448.458303349125,1422.3881793811738,-26.07012396795091,1422.704955300898,0.5865507411390739,21.0,-21.0,0.4815497983643079,1.481549798364308,25
2023-24,2023-12-18,0022300354,TOR,CHA,1,1,1422.3881793811738,1437.755480278621,15.36730089744716,1370.2071558681996,0.6228950025448637,15.0,15.0,0.3583573983507859,1.358357398350786,26
2023-24,2023-12-20,0022300369,TOR,DEN,1,0,1437.755480278621,1425.158888260133,-12.596592018488174,1585.040772418411,0.3438088950661728,9.0,-9.0,0.2212784678984439,1.221278467898444,27
2023-24,2023-12-22,0022300382,TOR,PHI,0,0,1425.158888260133,1417.39487576725,-7.764012492882811,1622.5444977565244,0.2078854018701358,10.0,-10.0,0.2449186624037091,1.2449186624037092,28
2023-24,2023-12-23,0022300395,TOR,UTA,1,0,1417.39487576725,1398.7103224104949,-18.68455335675553,1430.9269342139958,0.5308555928162494,7.0,-7.0,0.1732351578346601,1.17323515783466,29
2023-24,2023-12-27,0022300416,TOR,WAS,0,1,1398.7103224104949,1420.4722478085023,21.76192539800781,1324.3716468830748,0.5563722117132754,30.0,30.0,0.6351489523872873,1.6351489523872873,30
2023-24,2023-12-29,0022300432,TOR,BOS,0,0,1420.4722478085023,1416.4349652721885,-4.03728253631405,1718.5260948330706,0.1281727807059021,2.0,-2.0,0.0499583749578799,1.04995837495788,31
2023-24,2023-12-30,0022300440,TOR,DET,0,0,1416.4349652721885,1393.4641168136495,-22.97084845853903,1209.301047050525,0.7292621944643133,2.0,-2.0,0.0499583749578799,1.04995837495788,32
2023-24,2024-01-01,0022300452,TOR,CLE,1,1,1393.4641168136495,1415.391315158626,21.927198344976365,1559.4091922548157,0.3199981189808025,3.0,3.0,0.074859690687499,1.0748596906874992,33
2023-24,2024-01-03,0022300470,TOR,MEM,0,1,1415.391315158626,1434.6186903115054,19.22737515287935,1429.373602331597,0.4299721670275088,5.0,5.0,0.1243530017715962,1.124353001771596,34
2023-24,2024-01-05,0022300492,TOR,SAC,0,0,1434.6186903115054,1424.5270671237963,-10.091623187708883,1547.4856766821708,0.2991831204793018,5.0,-5.0,0.1243530017715962,1.124353001771596,35
2023-24,2024-01-07,0022300504,TOR,GSW,0,1,1424.5270671237963,1450.529901070896,26.002833947099575,1488.0434078136311,0.3619049503301994,15.0,15.0,0.3583573983507859,1.358357398350786,36
2023-24,2024-01-09,0022300516,TOR,LAL,0,0,1450.529901070896,1437.2654470934149,-13.264453977481562,1463.5242776641448,0.4313665483466259,1.0,-1.0,0.0249947929684206,1.0249947929684209,37
2023-24,2024-01-10,0022300526,TOR,LAC,0,0,1437.2654470934149,1430.4773952599023,-6.7880518335122595,1646.424402106676,0.1969460719118347,6.0,-6.0,0.1488850336233179,1.1488850336233178,38
2023-24,2024-01-12,0022300540,TOR,UTA,0,0,1430.4773952599023,1417.066396398687,-13.41099886121535,1569.4581742011258,0.2686438805687503,32.0,-32.0,0.664036770267849,1.664036770267849,39
2023-24,2024-01-15,0022300563,TOR,BOS,1,0,1417.066396398687,1410.0775053320017,-6.988891066685254,1703.109820487021,0.1907534126570283,9.0,-9.0,0.2212784678984439,1.221278467898444,40
2023-24,2024-01-17,0022300574,TOR,MIA,1,1,1410.0775053320017,1441.1864554957317,31.108950163730107,1571.765766579478,0.3253535684714873,24.0,24.0,0.5370495669980352,1.5370495669980353,41
2023-24,2024-01-18,0022300580,TOR,CHI,1,0,1441.1864554957317,1424.2673607667991,-16.91909472893264,1482.521274298376,0.4908844730260993,6.0,-6.0,0.1488850336233179,1.1488850336233178,42
2023-24,2024-01-20,0022300596,TOR,NYK,0,0,1424.2673607667991,1413.3917420550652,-10.875618711734088,1598.526250953772,0.2306595096599539,26.0,-26.0,0.5716699660851172,1.5716699660851172,43
2023-24,2024-01-22,0022300609,TOR,MEM,1,0,1413.3917420550652,1395.342986798368,-18.048755256697252,1446.6870042747803,0.5024532951875423,8.0,-8.0,0.197375320224904,1.197375320224904,44
2023-24,2024-01-26,0022300637,TOR,LAC,1,0,1395.342986798368,1386.8958632269398,-8.447123571428088,1679.3411699970768,0.1925774445065195,20.0,-20.0,0.4621171572600097,1.4621171572600098,45
2023-24,2024-01-28,0022300653,TOR,ATL,0,0,1386.8958632269398,1372.961634827342,-13.934228399597895,1384.5477994768048,0.4531479410168151,1.0,-1.0,0.0249947929684206,1.0249947929684209,46
2023-24,2024-01-30,0022300672,TOR,CHI,0,1,1372.961634827342,1400.2989160099603,27.337281182618675,1500.734118454981,0.2815079937125239,11.0,11.0,0.2682711820216014,1.2682711820216013,47
2023-24,2024-02-02,0022300692,TOR,HOU,0,0,1400.2989160099603,1381.4539346492852,-18.84498136067524,1444.644173209416,0.3877575677928512,29.0,-29.0,0.619996867969374,1.619996867969374,48
2023-24,2024-02-04,0022300710,TOR,OKC,0,0,1381.4539346492852,1376.271107097954,-5.182827551331146,1655.6999154203677,0.1442830125689036,8.0,-8.0,0.197375320224904,1.197375320224904,49
2023-24,2024-02-05,0022300718,TOR,NOP,0,0,1376.271107097954,1365.4869943405138,-10.784112757440273,1574.9968251628663,0.2066179602018636,38.0,-38.0,0.7397830512740042,1.7397830512740042,50
2023-24,2024-02-07,0022300726,TOR,CHA,0,1,1365.4869943405138,1377.7190240362536,12.232029695739763,1226.6752914543647,0.6451043304956061,6.0,6.0,0.1488850336233179,1.1488850336233178,51
2023-24,2024-02-09,0022300744,TOR,HOU,1,1,1377.7190240362536,1395.192303768494,17.473279732240346,1441.887067217167,0.4581221504652348,3.0,3.0,0.074859690687499,1.0748596906874992,52
2023-24,2024-02-10,0022300756,TOR,CLE,1,0,1395.192303768494,1387.4851423278408,-7.707161440653274,1709.1865783892583,0.1671418976141825,24.0,-24.0,0.5370495669980352,1.5370495669980353,53
2023-24,2024-02-12,0022300764,TOR,SAS,1,0,1387.4851423278408,1354.247436269316,-33.23770605852483,1250.2594988649564,0.7293664321077786,23.0,-23.0,0.5190218338982221,1.519021833898222,54
2023-24,2024-02-14,0022300782,TOR,IND,1,0,1354.247436269316,1344.5722545166582,-9.675181752657782,1530.5540977652536,0.3071608038126879,2.0,-2.0,0.0499583749578799,1.04995837495788,55
2023-24,2024-02-22,0022300795,TOR,BKN,1,1,1344.5722545166582,1369.9546198122305,25.382365295572257,1398.6027013845903,0.4726403414147138,28.0,28.0,0.6043677771171634,1.6043677771171634,56
2023-24,2024-02-23,0022300804,TOR,ATL,0,1,1369.9546198122305,1389.959607126768,20.004987314537463,1431.2250227054756,0.3648958602655723,2.0,2.0,0.0499583749578799,1.04995837495788,57
2023-24,2024-02-26,0022300829,TOR,IND,0,1,1389.959607126768,1417.7886005678818,27.828993441113973,1569.5305429523237,0.2252779065718834,8.0,8.0,0.197375320224904,1.197375320224904,58
2023-24,2024-02-28,0022300844,TOR,DAL,1,0,1417.7886005678818,1404.5224446049417,-13.26615596293996,1561.3449584048171,0.3486677021706022,11.0,-11.0,0.2682711820216014,1.2682711820216013,59
2023-24,2024-03-01,0022300860,TOR,GSW,1,0,1404.5224446049417,1393.000010642482,-11.52243396245969,1601.226104626866,0.2827541062082127,15.0,-15.0,0.3583573983507859,1.358357398350786,60
2023-24,2024-03-03,0022300875,TOR,CHA,1,1,1393.000010642482,1404.476311422293,11.476300779810986,1312.9552878848854,0.659765786435154,5.0,5.0,0.1243530017715962,1.124353001771596,61
2023-24,2024-03-05,0022300890,TOR,NOP,1,0,1404.476311422293,1389.0569291625811,-15.419382259711938,1594.958656081546,0.2900732491383242,41.0,-41.0,0.7718952374404182,1.7718952374404182,62
2023-24,2024-03-07,0022300905,TOR,PHX,0,0,1389.0569291625811,1381.2871456693786,-7.769783493202549,1573.166402859187,0.2207509563425908,7.0,-7.0,0.1732351578346601,1.17323515783466,63
2023-24,2024-03-09,0022300923,TOR,POR,0,0,1381.2871456693786,1360.8039918552838,-20.48315381409474,1312.5168353735714,0.5484469101658828,10.0,-10.0,0.2449186624037091,1.2449186624037092,64
2023-24,2024-03-11,0022300937,TOR,DEN,0,0,1360.8039918552838,1356.5964465724433,-4.207545282840513,1668.5343337972445,0.122076191545203,6.0,-6.0,0.1488850336233179,1.1488850336233178,65
2023-24,2024-03-13,0022300946,TOR,DET,0,0,1356.5964465724433,1337.2004165909432,-19.39602998150014,1301.1496290878515,0.5293914121234096,9.0,-9.0,0.2212784678984439,1.221278467898444,66
2023-24,2024-03-15,0022300963,TOR,ORL,1,0,1337.2004165909432,1326.888010604105,-10.312405986838272,1539.6279540373969,0.2761199398876633,10.0,-10.0,0.2449186624037091,1.2449186624037092,67
2023-24,2024-03-17,0022300979,TOR,ORL,0,0,1326.888010604105,1319.365312407264,-7.522698196840944,1549.9403600242351,0.1846028201898958,15.0,-15.0,0.3583573983507859,1.358357398350786,68
2023-24,2024-03-20,0022300999,TOR,SAC,1,0,1319.365312407264,1308.2915902614584,-11.073722145805537,1575.9817723373335,0.218278478863035,34.0,-34.0,0.6910694698329306,1.6910694698329305,69
2023-24,2024-03-22,0022301012,TOR,OKC,1,0,1308.2915902614584,1302.2071936144011,-6.084396647057282,1660.505309078721,0.1387120180907018,20.0,-20.0,0.4621171572600097,1.4621171572600098,70
2023-24,2024-03-23,0022301022,TOR,WAS,0,0,1302.2071936144011,1285.1418011685862,-17.065392445814933,1246.873947971042,0.5292285307458628,3.0,-3.0,0.074859690687499,1.0748596906874992,71
2023-24,2024-03-25,0022301036,TOR,BKN,1,0,1285.1418011685862,1268.6661231389987,-16.475678029587534,1348.93285725464,0.4586609214141503,8.0,-8.0,0.197375320224904,1.197375320224904,72
2023-24,2024-03-27,0022301053,TOR,NYK,1,0,1268.6661231389987,1259.8615492521833,-8.80457388681538,1587.8781135652534,0.1630024746918175,44.0,-44.0,0.8004990217606297,1.8004990217606296,73
2023-24,2024-03-31,0022301080,TOR,PHI,1,0,1259.8615492521833,1246.8084803487734,-13.053068903409944,1425.5536853591605,0.3203150344000773,15.0,-15.0,0.3583573983507859,1.358357398350786,74
2023-24,2024-04-02,0022301094,TOR,LAL,1,0,1246.8084803487734,1241.0656114305934,-5.742868918180049,1602.0772571886896,0.1366242807672405,17.0,-17.0,0.4011342849479459,1.401134284947946,75
2023-24,2024-04-03,0022301108,TOR,MIN,0,0,1241.0656114305934,1237.3205970608194,-3.745014369773913,1660.6113260694367,0.068079240140654,48.0,-48.0,0.8336546070121552,1.833654607012155,76
2023-24,2024-04-05,0022301122,TOR,MIL,0,1,1237.3205970608194,1267.581546837384,30.26094977656453,1545.1423824655235,0.1220197875637015,6.0,6.0,0.1488850336233179,1.1488850336233178,77
2023-24,2024-04-07,0022301137,TOR,WAS,1,1,1267.581546837384,1282.9872934460006,15.405746608616756,1252.821694532724,0.5711245435913644,8.0,8.0,0.197375320224904,1.197375320224904,78
2023-24,2024-04-09,0022301146,TOR,IND,1,0,1282.9872934460006,1276.018514899821,-6.96877854617971,1598.675403795665,0.1657889759043476,17.0,-17.0,0.4011342849479459,1.401134284947946,79
2023-24,2024-04-10,0022301160,TOR,BKN,0,0,1276.018514899821,1266.5800460837213,-9.438468816099672,1399.8658497138813,0.2861005582968,4.0,-4.0,0.0996679946249558,1.099667994624956,80
2023-24,2024-04-12,0022301176,TOR,MIA,0,0,1266.5800460837213,1260.1534519463823,-6.42659413733894,1542.9731613369738,0.1427636915387112,22.0,-22.0,0.5005202111902353,1.5005202111902354,81
2023-24,2024-04-14,0022301189,TOR,MIA,0,0,1260.1534519463823,1254.6950615764197,-5.458390369962637,1549.3997554743128,0.1339458568756106,15.0,-15.0,0.3583573983507859,1.358357398350786,82
2023-24,2023-10-25,0022300072,UTA,SAC,1,0,1500.0,1477.2225892033289,-22.77741079667143,1500.0,0.550199353253537,16.0,-16.0,0.3799489622552249,1.379948962255225,1
2023-24,2023-10-27,0022300085,UTA,LAC,1,1,1477.2225892033289,1493.2077741746496,15.985184971320878,1517.4249974469776,0.4925136922066986,2.0,2.0,0.0499583749578799,1.04995837495788,2
2023-24,2023-10-28,0022300094,UTA,PHX,0,0,1493.2077741746496,1473.4746831843563,-19.73309099029308,1501.25783860125,0.4383611062157457,22.0,-22.0,0.5005202111902353,1.5005202111902354,3
2023-24,2023-10-30,0022300110,UTA,DEN,0,0,1473.4746831843563,1461.6472072205986,-11.82747596375785,1562.0798559923926,0.3292611699378238,8.0,-8.0,0.197375320224904,1.197375320224904,4
2023-24,2023-11-01,0022300125,UTA,MEM,1,1,1461.6472072205986,1480.437137086797,18.78992986619848,1431.6150918330063,0.5925108669311053,24.0,24.0,0.5370495669980352,1.5370495669980353,5
2023-24,2023-11-02,0022300130,UTA,ORL,1,0,1480.437137086797,1464.1356182443917,-16.301518842405514,1503.2517109832886,0.5175290510305377,2.0,-2.0,0.0499583749578799,1.04995837495788,6
2023-24,2023-11-04,0022300138,UTA,MIN,0,0,1464.1356182443917,1445.6787369875717,-18.45688125682005,1511.623618084137,0.3834715356430436,28.0,-28.0,0.6043677771171634,1.6043677771171634,7
2023-24,2023-11-06,0022300152,UTA,CHI,0,0,1445.6787369875717,1427.171339061006,-18.507397926565652,1452.3644854365814,0.4402956025316119,17.0,-17.0,0.4011342849479459,1.401134284947946,8
2023-24,2023-11-08,0022300158,UTA,IND,0,0,1427.171339061006,1413.4858748962822,-13.6854641647238,1514.7409725285283,0.330578993355375,16.0,-16.0,0.3799489622552249,1.379948962255225,9
2023-24,2023-11-10,0022300012,UTA,MEM,0,1,1413.4858748962822,1432.3768147238009,18.890939827518636,1412.009261882488,0.4519051290408934,6.0,6.0,0.1488850336233179,1.1488850336233178,10
2023-24,2023-11-14,0022300023,UTA,POR,1,1,1432.3768147238009,1451.7649442884604,19.38812956465941,1445.3404850391028,0.5316703710313617,16.0,16.0,0.3799489622552249,1.379948962255225,11
2023-24,2023-11-17,0022300035,UTA,PHX,1,0,1451.7649442884604,1435.938590721425,-15.826353567035378,1493.1559050592543,0.4908037053317649,3.0,-3.0,0.074859690687499,1.0748596906874992,12
2023-24,2023-11-19,0022300214,UTA,PHX,1,0,1435.938590721425,1421.5741057477396,-14.36448497368534,1508.9822586262896,0.4454685294629033,3.0,-3.0,0.074859690687499,1.0748596906874992,13
2023-24,2023-11-21,0022300042,UTA,LAL,0,0,1421.5741057477396,1405.8761896507967,-15.697916096942985,1521.965484529475,0.3144545116114671,32.0,-32.0,0.664036770267849,1.664036770267849,14
2023-24,2023-11-22,0022300237,UTA,POR,0,0,1405.8761896507967,1384.8054381748666,-21.070751475930027,1364.6396254578533,0.5089741734963513,16.0,-16.0,0.3799489622552249,1.379948962255225,15
2023-24,2023-11-25,0022300243,UTA,NOP,1,1,1384.8054381748666,1407.910296048031,23.104857873164107,1554.7432125620617,0.3150176787077027,5.0,5.0,0.1243530017715962,1.124353001771596,16
2023-24,2023-11-27,0022300256,UTA,NOP,1,1,1407.910296048031,1427.5965293552797,19.686233307248976,1531.6383546888976,0.3750154362694392,2.0,2.0,0.0499583749578799,1.04995837495788,17
2023-24,2023-11-29,0022300261,UTA,MEM,0,0,1427.5965293552797,1406.2801230782811,-21.316406276998453,1370.5416171379309,0.5316970060633806,14.0,-14.0,0.3363755443363322,1.3363755443363323,18
2023-24,2023-11-30,0022300270,UTA,MIN,0,0,1406.2801230782811,1399.1537464878668,-7.126376590414523,1626.2382912606615,0.187298970215902,11.0,-11.0,0.2682711820216014,1.2682711820216013,19
2023-24,2023-12-02,0022300289,UTA,POR,1,1,1399.1537464878668,1415.775342126114,16.621595638247193,1429.1330377975264,0.5072248777131607,5.0,5.0,0.1243530017715962,1.124353001771596,20
2023-24,2023-12-06,0022301213,UTA,DAL,0,0,1415.775342126114,1396.9296670772244,-18.845675048889593,1496.0965483695986,0.3398770376557356,50.0,-50.0,0.8482836399575129,1.8482836399575129,21
2023-24,2023-12-08,0022301225,UTA,LAC,1,0,1396.9296670772244,1382.163443766679,-14.766223310545415,1525.641970984286,0.36831521331774,14.0,-14.0,0.3363755443363322,1.3363755443363323,22
2023-24,2023-12-11,0022300302,UTA,OKC,0,0,1382.163443766679,1374.3967254874744,-7.766718279204438,1594.8814074094068,0.1937259405890911,14.0,-14.0,0.3363755443363322,1.3363755443363323,23
2023-24,2023-12-13,0022300318,UTA,NYK,1,1,1374.3967254874744,1397.477602768554,23.08087728107937,1556.2828690554982,0.300368311348034,4.0,4.0,0.0996679946249558,1.099667994624956,24
2023-24,2023-12-14,0022300323,UTA,POR,0,1,1397.477602768554,1416.1723906385178,18.694787869963903,1376.6872850208106,0.4795620177402564,8.0,8.0,0.197375320224904,1.197375320224904,25
2023-24,2023-12-16,0022300342,UTA,SAC,0,0,1416.1723906385178,1404.8458270329836,-11.32656360553406,1567.568889274594,0.254835929646983,21.0,-21.0,0.4815497983643079,1.481549798364308,26
2023-24,2023-12-18,0022300357,UTA,BKN,1,1,1404.8458270329836,1430.57912673335,25.73329970036628,1519.1612089229616,0.387798395989758,17.0,17.0,0.4011342849479459,1.401134284947946,27
2023-24,2023-12-20,0022300364,UTA,CLE,0,0,1430.57912673335,1420.2459063803594,-10.33322035299066,1553.0996537686217,0.2876630849283961,8.0,-8.0,0.197375320224904,1.197375320224904,28
2023-24,2023-12-21,0022300374,UTA,DET,0,1,1420.2459063803594,1430.9269342139958,10.681027833636426,1235.853789665737,0.7026544182868744,8.0,8.0,0.197375320224904,1.197375320224904,29
2023-24,2023-12-23,0022300395,UTA,TOR,0,1,1430.9269342139958,1449.6114875707513,18.68455335675553,1417.39487576725,0.4691444071837506,7.0,7.0,0.1732351578346601,1.17323515783466,30
2023-24,2023-12-26,0022300412,UTA,SAS,0,1,1449.6114875707513,1461.5163765357418,11.904888964990478,1273.4242927593427,0.6926928240769229,12.0,12.0,0.2913126124515909,1.2913126124515908,31
2023-24,2023-12-28,0022300424,UTA,NOP,0,0,1461.5163765357418,1449.2580040056876,-12.2583725300541,1535.3706362621133,0.3482783608553046,7.0,-7.0,0.1732351578346601,1.17323515783466,32
2023-24,2023-12-30,0022300439,UTA,MIA,1,1,1449.2580040056876,1472.4185611525031,23.160557146815695,1587.8077720528336,0.3552409520053293,8.0,8.0,0.197375320224904,1.197375320224904,33
2023-24,2024-01-01,0022300457,UTA,DAL,1,1,1472.4185611525031,1499.1218901707873,26.70332901828399,1517.868923634457,0.4849652532623427,37.0,37.0,0.7282542059818115,1.7282542059818111,34
2023-24,2024-01-03,0022300474,UTA,DET,1,1,1499.1218901707873,1504.0998740166572,4.977983845869862,1225.0818149957747,0.8555705836475082,6.0,6.0,0.1488850336233179,1.1488850336233178,35
2023-24,2024-01-05,0022300479,UTA,BOS,0,0,1504.0998740166572,1494.3651758784158,-9.734698138241402,1709.5952764630854,0.200302818083914,29.0,-29.0,0.619996867969374,1.619996867969374,36
2023-24,2024-01-06,0022300495,UTA,PHI,0,1,1494.3651758784158,1520.481575634397,26.11639975598094,1595.4490489564726,0.3135958059497478,11.0,11.0,0.2682711820216014,1.2682711820216013,37
2023-24,2024-01-08,0022300510,UTA,MIL,0,1,1520.481575634397,1548.0403509789553,27.558775344558654,1605.134952288389,0.3343044779588596,16.0,16.0,0.3799489622552249,1.379948962255225,38
2023-24,2024-01-10,0022300524,UTA,DEN,1,1,1548.0403509789553,1569.4581742011258,21.417823222170384,1613.2144163509336,0.4566848769546924,13.0,13.0,0.3140209253469976,1.3140209253469977,39
2023-24,2024-01-12,0022300540,UTA,TOR,1,1,1569.4581742011258,1582.8691730623411,13.41099886121535,1430.4773952599023,0.7313561194312497,32.0,32.0,0.664036770267849,1.664036770267849,40
2023-24,2024-01-13,0022300549,UTA,LAL,1,1,1582.8691730623411,1592.718109548298,9.84893648595666,1453.646617992903,0.7201772545998933,7.0,7.0,0.1732351578346601,1.17323515783466,41
2023-24,2024-01-15,0022300564,UTA,IND,1,1,1592.718109548298,1614.7816994265338,22.063589878235973,1601.9999261860053,0.5369439888491013,27.0,27.0,0.5882592563981054,1.5882592563981053,42
2023-24,2024-01-18,0022300581,UTA,OKC,1,0,1614.7816994265338,1597.008599944279,-17.77309948225471,1631.0622693021912,0.526913387944011,5.0,-5.0,0.1243530017715962,1.124353001771596,43
2023-24,2024-01-20,0022300598,UTA,HOU,0,0,1597.008599944279,1576.975383468082,-20.033216476197147,1453.331577440808,0.651490024262473,1.0,-1.0,0.0249947929684206,1.0249947929684209,44
2023-24,2024-01-23,0022300616,UTA,NOP,0,0,1576.975383468082,1555.3491354700898,-21.626247997992163,1580.358850865899,0.4449853870211516,29.0,-29.0,0.619996867969374,1.619996867969374,45
2023-24,2024-01-25,0022300628,UTA,WAS,0,1,1555.3491354700898,1562.5287688394735,7.179633369384014,1252.4038728409198,0.8238157994329284,15.0,15.0,0.3583573983507859,1.358357398350786,46
2023-24,2024-01-27,0022300647,UTA,CHA,0,1,1562.5287688394735,1569.5217952462312,6.993026406757418,1264.717305363575,0.8194853221616885,12.0,12.0,0.2913126124515909,1.2913126124515908,47
2023-24,2024-01-29,0022300660,UTA,BKN,0,0,1569.5217952462312,1534.854260741218,-34.66753450501328,1396.535068907575,0.688757188980132,33.0,-33.0,0.6777821008468294,1.6777821008468294,48
2023-24,2024-01-30,0022300671,UTA,NYK,0,0,1534.854260741218,1523.1827636910405,-11.67149705017747,1658.4367654288542,0.2864120312849454,15.0,-15.0,0.3583573983507859,1.358357398350786,49
2023-24,2024-02-01,0022300686,UTA,PHI,1,0,1523.1827636910405,1505.497287898796,-17.685475792244443,1524.4043718524745,0.548458431225025,3.0,-3.0,0.074859690687499,1.0748596906874992,50
2023-24,2024-02-04,0022300711,UTA,MIL,1,1,1505.497287898796,1529.4580468059662,23.96075890717022,1602.2776195396516,0.4120163334465203,15.0,15.0,0.3583573983507859,1.358357398350786,51
2023-24,2024-02-06,0022300724,UTA,OKC,1,1,1529.4580468059662,1551.8190858463804,22.361039040414138,1660.882742971699,0.3646900512345142,7.0,7.0,0.1732351578346601,1.17323515783466,52
2023-24,2024-02-08,0022300739,UTA,PHX,0,0,1551.8190858463804,1536.108399108601,-15.710686737779392,1593.1586285018266,0.3918730480705206,14.0,-14.0,0.3363755443363322,1.3363755443363323,53
2023-24,2024-02-12,0022300769,UTA,GSW,1,0,1536.108399108601,1512.370270372803,-23.738128735798057,1552.0978635955412,0.5273310895507946,22.0,-22.0,0.5005202111902353,1.5005202111902354,54
2023-24,2024-02-14,0022300788,UTA,LAL,1,0,1512.370270372803,1491.2593150246587,-21.110955348144223,1540.458644403255,0.509945317437513,16.0,-16.0,0.3799489622552249,1.379948962255225,55
2023-24,2024-02-15,0022300576,UTA,GSW,1,0,1491.2593150246587,1476.7667603168488,-14.492554707809951,1561.512346302222,0.4494402023933083,3.0,-3.0,0.074859690687499,1.0748596906874992,56
2023-24,2024-02-22,0022300801,UTA,CHA,1,0,1476.7667603168488,1448.9875493599886,-27.779210956860233,1298.5722751902474,0.773336215404942,8.0,-8.0,0.197375320224904,1.197375320224904,57
2023-24,2024-02-25,0022300825,UTA,SAS,1,1,1448.9875493599886,1458.6491802375515,9.66163087756298,1267.4447195543753,0.776697001810145,19.0,19.0,0.4422303560457261,1.442230356045726,58
2023-24,2024-02-27,0022300835,UTA,ATL,0,0,1458.6491802375515,1435.8783079765954,-22.770872260956388,1439.0158555130658,0.4778999853503504,27.0,-27.0,0.5882592563981054,1.5882592563981053,59
2023-24,2024-02-29,0022300850,UTA,ORL,0,0,1435.8783079765954,1425.0730661071316,-10.805241869463725,1547.404823303545,0.3008035349471477,8.0,-8.0,0.197375320224904,1.197375320224904,60
2023-24,2024-03-02,0022300867,UTA,MIA,0,0,1425.0730661071316,1416.291866701538,-8.781199405593698,1576.525736413876,0.254774532078283,6.0,-6.0,0.1488850336233179,1.1488850336233178,61
2023-24,2024-03-04,0022300882,UTA,WAS,1,1,1416.291866701538,1424.228426636335,7.936559934797154,1215.708604414786,0.795129393707142,12.0,12.0,0.2913126124515909,1.2913126124515908,62
2023-24,2024-03-06,0022300898,UTA,CHI,1,0,1424.228426636335,1410.9258619518705,-13.302564684464327,1513.646427272196,0.4223203827801895,2.0,-2.0,0.0499583749578799,1.04995837495788,63
2023-24,2024-03-09,0022300922,UTA,DEN,0,0,1410.9258619518705,1403.7225261483363,-7.203335803534222,1661.3309979937103,0.162067582011913,21.0,-21.0,0.4815497983643079,1.481549798364308,64
2023-24,2024-03-12,0022300943,UTA,BOS,1,0,1403.7225261483363,1397.9129294961335,-5.809596652202834,1753.589823928966,0.1403336116312668,16.0,-16.0,0.3799489622552249,1.379948962255225,65
2023-24,2024-03-15,0022300966,UTA,ATL,1,1,1397.9129294961335,1414.4827785216712,16.56984902553778,1451.0292006046518,0.4739521927491492,2.0,2.0,0.0499583749578799,1.04995837495788,66
2023-24,2024-03-16,0022300974,UTA,MIN,1,0,1414.4827785216712,1402.7029453633295,-11.779833158341653,1620.2800641106974,0.2722596315020328,19.0,-19.0,0.4422303560457261,1.442230356045726,67
2023-24,2024-03-18,0022300987,UTA,MIN,1,0,1402.7029453633295,1393.5067678514918,-9.196177511837648,1632.059897269039,0.246232352082117,10.0,-10.0,0.2449186624037091,1.2449186624037092,68
2023-24,2024-03-20,0022301000,UTA,OKC,0,0,1393.5067678514918,1387.5436804862557,-5.963087365236008,1654.5422217134849,0.15392831830538,12.0,-12.0,0.2913126124515909,1.2913126124515908,69
2023-24,2024-03-21,0022301008,UTA,DAL,0,0,1387.5436804862557,1379.6067004268623,-7.936980059393245,1602.4996688869664,0.1917215847949909,16.0,-16.0,0.3799489622552249,1.379948962255225,70
2023-24,2024-03-23,0022301024,UTA,HOU,0,0,1379.6067004268623,1367.9228462793255,-11.68385414753704,1542.2378183266253,0.2427509517909369,28.0,-28.0,0.6043677771171634,1.6043677771171634,71
2023-24,2024-03-25,0022301041,UTA,DAL,1,0,1367.9228462793255,1359.2415192366664,-8.681327042659175,1610.4366489463596,0.2324469676837394,10.0,-10.0,0.2449186624037091,1.2449186624037092,72
2023-24,2024-03-27,0022301058,UTA,SAS,1,0,1359.2415192366664,1338.178939895348,-21.06257934131847,1324.9487752158138,0.5984188023650171,7.0,-7.0,0.1732351578346601,1.17323515783466,73
2023-24,2024-03-29,0022301072,UTA,HOU,1,0,1338.178939895348,1331.1495168746535,-7.029423020694473,1584.4600235882654,0.2286002839206958,1.0,-1.0,0.0249947929684206,1.0249947929684209,74
2023-24,2024-03-31,0022301086,UTA,SAC,0,0,1331.1495168746535,1322.6425346390486,-8.506982235604886,1546.4681754568303,0.1913982741810174,21.0,-21.0,0.4815497983643079,1.481549798364308,75
2023-24,2024-04-02,0022301100,UTA,CLE,1,0,1322.6425346390486,1310.2907796844977,-12.3517549545509,1506.1898706971444,0.2983626035551502,16.0,-16.0,0.3799489622552249,1.379948962255225,76
2023-24,2024-04-05,0022301126,UTA,LAC,0,0,1310.2907796844977,1302.684571180217,-7.606208504280586,1567.910326139138,0.1565066504071862,29.0,-29.0,0.619996867969374,1.619996867969374,77
2023-24,2024-04-07,0022301142,UTA,GSW,0,0,1302.684571180217,1298.570873467353,-4.113697712864051,1623.0037734603015,0.1145198625521297,8.0,-8.0,0.197375320224904,1.197375320224904,78
2023-24,2024-04-09,0022301154,UTA,DEN,1,0,1298.570873467353,1293.3463924693942,-5.224480997958817,1669.7121673387687,0.1261998605470293,16.0,-16.0,0.3799489622552249,1.379948962255225,79
2023-24,2024-04-11,0022301168,UTA,HOU,1,1,1293.3463924693942,1317.7853089890386,24.43891651964451,1526.5882991240085,0.2421052182785224,3.0,3.0,0.074859690687499,1.0748596906874992,80
2023-24,2024-04-12,0022301184,UTA,LAC,0,1,1317.7853089890386,1343.9550178401053,26.16970885106661,1585.5535560961844,0.1489482343197009,1.0,1.0,0.0249947929684206,1.0249947929684209,81
2023-24,2024-04-14,0022301198,UTA,GSW,0,0,1343.9550178401053,1339.2128639387854,-4.742153901319934,1632.0276359559298,0.1347315545865537,7.0,-7.0,0.1732351578346601,1.17323515783466,82
2023-24,2023-10-25,0022300064,WAS,IND,0,0,1500.0,1479.5022899007174,-20.497710099282557,1500.0,0.449800646746463,23.0,-23.0,0.5190218338982221,1.519021833898222,1
2023-24,2023-10-28,0022300089,WAS,MEM,1,1,1479.5022899007174,1494.571748414679,15.06945851396144,1464.2245841975964,0.5718545592123278,7.0,7.0,0.1732351578346601,1.17323515783466,2
2023-24,2023-10-30,0022300103,WAS,BOS,1,0,1494.571748414679,1473.219469813552,-21.35227860112694,1534.0877309581554,0.4935013446735403,19.0,-19.0,0.4422303560457261,1.442230356045726,3
2023-24,2023-11-01,0022300117,WAS,ATL,0,0,1473.219469813552,1458.6410976923075,-14.578372121244524,1510.177917986088,0.397899209842801,9.0,-9.0,0.2212784678984439,1.221278467898444,4
2023-24,2023-11-03,0022300003,WAS,MIA,0,0,1458.6410976923075,1442.1783222948525,-16.462775397455253,1446.0946730399628,0.4677316190626038,7.0,-7.0,0.1732351578346601,1.17323515783466,5
2023-24,2023-11-06,0022300148,WAS,PHI,0,0,1442.1783222948525,1429.415822637858,-12.762499656994033,1555.040371115728,0.2991890799996268,18.0,-18.0,0.4218990052500079,1.4218990052500078,6
2023-24,2023-11-08,0022300157,WAS,CHA,0,1,1429.415822637858,1453.954697515528,24.538874877670064,1459.6188363883534,0.4072516315490723,16.0,16.0,0.3799489622552249,1.379948962255225,7
2023-24,2023-11-10,0022300009,WAS,CHA,1,0,1453.954697515528,1433.6489365135158,-20.305761002012325,1435.0799615106837,0.5769164822134191,7.0,-7.0,0.1732351578346601,1.17323515783466,8
2023-24,2023-11-12,0022300178,WAS,BKN,0,0,1433.6489365135158,1420.328286124971,-13.32065038854462,1490.4868229294525,0.3708291561703084,8.0,-8.0,0.197375320224904,1.197375320224904,9
2023-24,2023-11-13,0022300189,WAS,TOR,0,0,1420.328286124971,1408.8849881080484,-11.443298016922638,1495.2604459196086,0.346871300333558,4.0,-4.0,0.0996679946249558,1.099667994624956,10
2023-24,2023-11-15,0022300192,WAS,DAL,1,0,1408.8849881080484,1395.3638293486877,-13.521158759360752,1556.7957673165934,0.3429970431100042,13.0,-13.0,0.3140209253469976,1.3140209253469977,11
2023-24,2023-11-17,0022300028,WAS,NYK,1,0,1395.3638293486877,1379.4269417517698,-15.936887596917805,1531.398913856904,0.3585634361736785,21.0,-21.0,0.4815497983643079,1.481549798364308,12
2023-24,2023-11-20,0022300219,WAS,MIL,1,0,1379.4269417517698,1367.8782530246729,-11.548688727097051,1567.4807447258231,0.292960548403427,13.0,-13.0,0.3140209253469976,1.3140209253469977,13
2023-24,2023-11-22,0022300225,WAS,CHA,0,0,1367.8782530246729,1355.527909511026,-12.350343513646797,1415.708120355955,0.3830063781238677,3.0,-3.0,0.074859690687499,1.0748596906874992,14
2023-24,2023-11-24,0022300049,WAS,MIL,0,0,1355.527909511026,1349.2288807460177,-6.2990287650084555,1566.4517398657997,0.1953442177797019,3.0,-3.0,0.074859690687499,1.0748596906874992,15
2023-24,2023-11-25,0022300241,WAS,ATL,1,0,1349.2288807460177,1332.755221353947,-16.473659392070584,1497.7028021954875,0.3422668963860553,28.0,-28.0,0.6043677771171634,1.6043677771171634,16
2023-24,2023-11-27,0022300253,WAS,DET,0,1,1332.755221353947,1356.9133056605906,24.15808430664357,1338.4866126100987,0.4416498907317495,19.0,19.0,0.4422303560457261,1.442230356045726,17
2023-24,2023-11-29,0022300259,WAS,ORL,0,0,1356.9133056605906,1350.1290088412677,-6.784296819322811,1614.1457481092295,0.1568010452441138,19.0,-19.0,0.4422303560457261,1.442230356045726,18
2023-24,2023-12-01,0022300274,WAS,ORL,0,0,1350.1290088412677,1345.1790875722463,-4.949921269021212,1620.9300449285524,0.1467487304912789,5.0,-5.0,0.1243530017715962,1.124353001771596,19
2023-24,2023-12-06,0022301208,WAS,PHI,1,0,1345.1790875722463,1336.8144910502376,-8.364596522008908,1572.9018397161335,0.2479825140570965,5.0,-5.0,0.1243530017715962,1.124353001771596,20
2023-24,2023-12-08,0022301219,WAS,BKN,0,0,1336.8144910502376,1327.593974466258,-9.220516583979665,1549.7681622723132,0.1935140951083386,27.0,-27.0,0.5882592563981054,1.5882592563981053,21
2023-24,2023-12-11,0022300295,WAS,PHI,0,0,1327.593974466258,1319.3961200173028,-8.197854448955324,1592.5233209459482,0.1510316991824374,45.0,-45.0,0.809301070201781,1.8093010702017809,22
2023-24,2023-12-13,0022300311,WAS,NOP,1,0,1319.3961200173028,1308.3642222020385,-11.031897815264568,1543.8529364466715,0.2515051036434092,20.0,-20.0,0.4621171572600097,1.4621171572600098,23
2023-24,2023-12-15,0022300328,WAS,IND,1,1,1308.3642222020385,1339.363128683024,30.998906480985735,1556.4321255648829,0.2267915354492079,14.0,14.0,0.3363755443363322,1.3363755443363323,24
2023-24,2023-12-17,0022300347,WAS,PHX,0,0,1339.363128683024,1330.8642399937985,-8.498888689225582,1488.2219516130342,0.257619837101353,4.0,-4.0,0.0996679946249558,1.099667994624956,25
2023-24,2023-12-18,0022300358,WAS,SAC,0,0,1330.8642399937985,1324.513618274729,-6.350621719069182,1578.8954528801282,0.16393194691543,12.0,-12.0,0.2913126124515909,1.2913126124515908,26
2023-24,2023-12-21,0022300381,WAS,POR,0,1,1324.513618274729,1342.837206931432,18.323588656703024,1356.9817253253525,0.4041079108432257,1.0,1.0,0.0249947929684206,1.0249947929684209,27
2023-24,2023-12-22,0022300386,WAS,GSW,0,0,1342.837206931432,1333.67980417662,-9.157402754812123,1507.4317032463712,0.2406794089629788,11.0,-11.0,0.2682711820216014,1.2682711820216013,28
2023-24,2023-12-26,0022300407,WAS,ORL,1,0,1333.67980417662,1324.3716468830748,-9.30815729354515,1551.1725201822037,0.2591266953176884,8.0,-8.0,0.197375320224904,1.197375320224904,29
2023-24,2023-12-27,0022300416,WAS,TOR,1,0,1324.3716468830748,1302.609721485067,-21.76192539800781,1398.7103224104949,0.4436277882867246,30.0,-30.0,0.6351489523872873,1.6351489523872873,30
2023-24,2023-12-29,0022300430,WAS,BKN,1,1,1302.609721485067,1325.708250164467,23.098528679400047,1460.7694812015577,0.3298276733993527,6.0,6.0,0.1488850336233179,1.1488850336233178,31
2023-24,2023-12-31,0022300445,WAS,ATL,1,0,1325.708250164467,1311.399681569382,-14.308568595085102,1407.0342045205216,0.4337238956067847,4.0,-4.0,0.0996679946249558,1.099667994624956,32
2023-24,2024-01-03,0022300465,WAS,CLE,0,0,1311.399681569382,1301.8402339534616,-9.559447615920266,1537.4819939098393,0.1819918191725872,39.0,-39.0,0.7508932836251672,1.7508932836251672,33
2023-24,2024-01-05,0022300482,WAS,CLE,0,0,1301.8402339534616,1294.1775663013243,-7.6626676521370305,1547.0414415257596,0.1661769799461261,24.0,-24.0,0.5370495669980352,1.5370495669980353,34
2023-24,2024-01-06,0022300494,WAS,NYK,1,0,1294.1775663013243,1286.8303051848588,-7.3472611164656,1595.5803845949033,0.1774766390504304,16.0,-16.0,0.3799489622552249,1.379948962255225,35
2023-24,2024-01-08,0022300508,WAS,OKC,1,0,1286.8303051848588,1281.8349752356985,-4.995329949160413,1638.5337389473948,0.1390633291774138,8.0,-8.0,0.197375320224904,1.197375320224904,36
2023-24,2024-01-10,0022300520,WAS,IND,0,0,1281.8349752356985,1277.6843350440054,-4.150640191693226,1600.399213227889,0.11554829193444,8.0,-8.0,0.197375320224904,1.197375320224904,37
2023-24,2024-01-13,0022300543,WAS,ATL,0,1,1277.6843350440054,1313.6472604255728,35.96292538156742,1430.937118494461,0.2528121067479918,28.0,28.0,0.6043677771171634,1.6043677771171634,38
2023-24,2024-01-15,0022300558,WAS,DET,1,0,1313.6472604255728,1285.4305196274956,-28.21674079807718,1177.294365951756,0.7283736080118498,12.0,-12.0,0.2913126124515909,1.2913126124515908,39
2023-24,2024-01-18,0022300579,WAS,NYK,0,0,1285.4305196274956,1281.4309368377587,-3.9995827897369898,1594.526668164035,0.1212360703196014,4.0,-4.0,0.0996679946249558,1.099667994624956,40
2023-24,2024-01-20,0022300594,WAS,SAS,1,0,1281.4309368377587,1262.2780844754377,-19.15285236232128,1259.9566824996823,0.5805646933419331,4.0,-4.0,0.0996679946249558,1.099667994624956,41
2023-24,2024-01-21,0022300602,WAS,DEN,1,0,1262.2780844754377,1257.6149195403134,-4.663164935124128,1631.731022458018,0.1272755028902465,9.0,-9.0,0.2212784678984439,1.221278467898444,42
2023-24,2024-01-24,0022300620,WAS,MIN,1,0,1257.6149195403134,1252.4038728409198,-5.211046699393665,1612.3907922328435,0.1369593184082116,11.0,-11.0,0.2682711820216014,1.2682711820216013,43
2023-24,2024-01-25,0022300628,WAS,UTA,1,0,1252.4038728409198,1245.2242394715358,-7.179633369384014,1555.3491354700898,0.1761842005670716,15.0,-15.0,0.3583573983507859,1.358357398350786,44
2023-24,2024-01-27,0022300642,WAS,DET,0,1,1245.2242394715358,1265.6098326013478,20.385593129811973,1216.1170698109718,0.491520348547538,14.0,14.0,0.3363755443363322,1.3363755443363323,45
2023-24,2024-01-29,0022300665,WAS,SAS,0,1,1265.6098326013478,1286.7129294432318,21.10309684188414,1319.8214518874738,0.3743632468737466,5.0,5.0,0.1243530017715962,1.124353001771596,46
2023-24,2024-01-31,0022300676,WAS,LAC,1,0,1286.7129294432318,1282.3518986516567,-4.361030791575209,1693.333643566346,0.10534280399395,16.0,-16.0,0.3799489622552249,1.379948962255225,47
2023-24,2024-02-02,0022300689,WAS,MIA,1,0,1282.3518986516567,1271.442108344876,-10.909790306780735,1461.4810194045076,0.3037140241243528,8.0,-8.0,0.197375320224904,1.197375320224904,48
2023-24,2024-02-04,0022300705,WAS,PHX,1,0,1271.442108344876,1262.7104255363267,-8.731682808549328,1568.1985530047095,0.1814148213206452,28.0,-28.0,0.6043677771171634,1.6043677771171634,49
2023-24,2024-02-07,0022300728,WAS,CLE,1,0,1262.7104255363267,1259.4409949811245,-3.269430555202489,1697.484584329599,0.0910165899246024,8.0,-8.0,0.197375320224904,1.197375320224904,50
2023-24,2024-02-09,0022300743,WAS,BOS,0,0,1259.4409949811245,1257.440783550661,-2.0002114304631604,1700.4983016866402,0.0606307673540241,4.0,-4.0,0.0996679946249558,1.099667994624956,51
2023-24,2024-02-10,0022300753,WAS,PHI,1,0,1257.440783550661,1247.2118845096816,-10.228899040979591,1442.3054447215495,0.2967775638008504,6.0,-6.0,0.1488850336233179,1.1488850336233178,52
2023-24,2024-02-12,0022300768,WAS,DAL,0,0,1247.2118845096816,1243.0851332128373,-4.1267512968442945,1566.909411203378,0.1148832569353766,8.0,-8.0,0.197375320224904,1.197375320224904,53
2023-24,2024-02-14,0022300784,WAS,NOP,0,0,1243.0851332128373,1239.85383187901,-3.2313013338273033,1606.208127173844,0.0918060149677932,7.0,-7.0,0.1732351578346601,1.17323515783466,54
2023-24,2024-02-22,0022300800,WAS,DEN,0,0,1239.85383187901,1235.4484952269852,-4.405336652024781,1585.71700224886,0.1004328239623955,20.0,-20.0,0.4621171572600097,1.4621171572600098,55
2023-24,2024-02-23,0022300809,WAS,OKC,0,0,1235.4484952269852,1231.9659071615206,-3.4825880654646166,1662.1402463937004,0.0655153117384707,41.0,-41.0,0.7718952374404182,1.7718952374404182,56
2023-24,2024-02-25,0022300820,WAS,CLE,1,0,1231.9659071615206,1228.2170851612111,-3.7488220003093415,1644.2310568737,0.1023196073854271,9.0,-9.0,0.2212784678984439,1.221278467898444,57
2023-24,2024-02-27,0022300834,WAS,GSW,1,0,1228.2170851612111,1222.857385604172,-5.359699557039138,1577.3185631993674,0.1408662866694874,11.0,-11.0,0.2682711820216014,1.2682711820216013,58
2023-24,2024-02-29,0022300856,WAS,LAL,0,0,1222.857385604172,1219.3828624457112,-3.4745231584608263,1555.0828996544226,0.1077512159203607,3.0,-3.0,0.074859690687499,1.0748596906874992,59
2023-24,2024-03-01,0022300865,WAS,LAC,0,0,1219.3828624457112,1215.708604414786,-3.6742580309252646,1611.5558077835478,0.0787825096947905,25.0,-25.0,0.5545997223493823,1.5545997223493822,60
2023-24,2024-03-04,0022300882,WAS,UTA,0,0,1215.708604414786,1207.7720444799888,-7.936559934797154,1416.291866701538,0.204870606292858,12.0,-12.0,0.2913126124515909,1.2913126124515908,61
2023-24,2024-03-06,0022300894,WAS,ORL,1,0,1207.7720444799888,1202.9109295158987,-4.861114964090133,1572.7585627251217,0.1301588371699779,10.0,-10.0,0.2449186624037091,1.2449186624037092,62
2023-24,2024-03-08,0022300910,WAS,CHA,1,1,1202.9109295158987,1225.3408318236534,22.42990230775472,1293.2658784283442,0.4210051051549538,12.0,12.0,0.2913126124515909,1.2913126124515908,63
2023-24,2024-03-10,0022300926,WAS,MIA,0,1,1225.3408318236534,1253.4554134962789,28.11458167262539,1558.1326354430475,0.1074382139592523,2.0,2.0,0.0499583749578799,1.04995837495788,64
2023-24,2024-03-12,0022300940,WAS,MEM,0,0,1253.4554134962789,1240.7821501410515,-12.673263355227371,1343.7305525002782,0.3271416291976696,12.0,-12.0,0.2913126124515909,1.2913126124515908,65
2023-24,2024-03-14,0022300957,WAS,HOU,0,0,1240.7821501410515,1233.909961730291,-6.872188410760625,1486.2040446221856,0.1660010285097678,16.0,-16.0,0.3799489622552249,1.379948962255225,66
2023-24,2024-03-16,0022300971,WAS,CHI,0,0,1233.909961730291,1226.97425007784,-6.9357116524509195,1510.378745506153,0.1427103922150306,29.0,-29.0,0.619996867969374,1.619996867969374,67
2023-24,2024-03-17,0022300980,WAS,BOS,1,0,1226.97425007784,1224.5575421810513,-2.4167078967886724,1768.9373143299138,0.0512556272189991,26.0,-26.0,0.5716699660851172,1.5716699660851172,68
2023-24,2024-03-19,0022300992,WAS,HOU,1,0,1224.5575421810513,1216.1234335403476,-8.434108640703656,1517.0624709256797,0.1850776258881336,23.0,-23.0,0.5190218338982221,1.519021833898222,69
2023-24,2024-03-21,0022301005,WAS,SAC,1,1,1216.1234335403476,1246.873947971042,30.75051443069436,1587.055494483139,0.1263327382878649,7.0,7.0,0.1732351578346601,1.17323515783466,70
2023-24,2024-03-23,0022301022,WAS,TOR,1,1,1246.873947971042,1263.939340416857,17.065392445814933,1302.2071936144011,0.4707714692541371,3.0,3.0,0.074859690687499,1.0748596906874992,71
2023-24,2024-03-25,0022301037,WAS,CHI,0,1,1263.939340416857,1289.9724149332326,26.03307451637566,1500.091948310389,0.1735204259114875,2.0,2.0,0.0499583749578799,1.04995837495788,72
2023-24,2024-03-27,0022301050,WAS,BKN,1,0,1289.9724149332326,1275.717548085344,-14.25486684788841,1365.4085352842274,0.4420690741123847,3.0,-3.0,0.074859690687499,1.0748596906874992,73
2023-24,2024-03-29,0022301065,WAS,DET,1,0,1275.717548085344,1255.2945562869395,-20.42299179840469,1270.640464876284,0.5574211051568019,9.0,-9.0,0.2212784678984439,1.221278467898444,74
2023-24,2024-03-31,0022301081,WAS,MIA,1,0,1255.2945562869395,1247.4242831281408,-7.8702731587986445,1527.7082503064985,0.2031595107930972,12.0,-12.0,0.2913126124515909,1.2913126124515908,75
2023-24,2024-04-02,0022301095,WAS,MIL,1,1,1247.4242831281408,1275.958744254326,28.5344611261851,1605.0105051101525,0.135058300454983,4.0,4.0,0.0996679946249558,1.099667994624956,76
2023-24,2024-04-03,0022301103,WAS,LAL,1,0,1275.958744254326,1270.7875025309802,-5.171241723345603,1607.8201261068696,0.1533101471156446,5.0,-5.0,0.1243530017715962,1.124353001771596,77
2023-24,2024-04-05,0022301117,WAS,POR,1,0,1270.7875025309802,1252.821694532724,-17.965807998256196,1291.010201100498,0.5212534318772288,6.0,-6.0,0.1488850336233179,1.1488850336233178,78
2023-24,2024-04-07,0022301137,WAS,TOR,0,0,1252.821694532724,1237.4159479241073,-15.405746608616756,1267.581546837384,0.4288754564086355,8.0,-8.0,0.197375320224904,1.197375320224904,79
2023-24,2024-04-09,0022301152,WAS,MIN,0,0,1237.4159479241073,1235.023534050799,-2.392413873308138,1664.7250604658177,0.0652980718209982,9.0,-9.0,0.2212784678984439,1.221278467898444,80
2023-24,2024-04-12,0022301172,WAS,CHI,1,0,1235.023534050799,1227.8052996531433,-7.218234397655717,1480.7543126056564,0.2291593828801477,2.0,-2.0,0.0499583749578799,1.04995837495788,81
2023-24,2024-04-14,0022301186,WAS,BOS,0,0,1227.8052996531433,1226.1387777976058,-1.6665218555374783,1725.0558862985783,0.0446219742667024,10.0,-10.0,0.2449186624037091,1.2449186624037092,82
