gameId,gameDate,season,homeTeam,awayTeam,homeTeamId,awayTeamId,homeScore,awayScore,winner,homeWin,finalMargin,winnerMargin,gameDurationSeconds,winnerAvgWinProbability,winnerMinWinProbability,winnerMaxWinProbability,winnerTimeAbove50,winnerTimeAbove75,winnerShareAbove50,winnerShareAbove75,largestWinnerDeficit
0022400061,2024-10-22,2024-25,BOS,NYK,1610612738,1610612752,132,109,BOS,1,23,23,2880.0,0.8920630258590811,0.5185908079147339,0.9997249245643616,2880.0,2330.0,1.0,0.8090277777777778,1.0
0022400062,2024-10-22,2024-25,LAL,MIN,1610612747,1610612750,110,103,LAL,1,7,7,2880.0,0.7751885682820446,0.5195066928863525,0.9579100608825684,2880.0,1800.0,1.0,0.625,2.0
0022400063,2024-10-23,2024-25,DET,IND,1610612765,1610612754,109,115,IND,0,-6,6,2880.0,0.40808477169834073,0.1795225739479065,0.8636128008365631,525.0,155.0,0.18229166666666666,0.05381944444444445,12.0
0022400064,2024-10-23,2024-25,ATL,BKN,1610612737,1610612751,120,116,ATL,1,4,4,2880.0,0.6245462688824368,0.3634297549724579,0.9218255877494812,2501.3,471.1999999999998,0.8685069444444445,0.16361111111111104,8.0
0022400065,2024-10-23,2024-25,MIA,ORL,1610612748,1610612753,97,116,ORL,0,-19,19,2880.0,0.6842867870108299,0.30691033601760864,0.9996245454822201,1513.1,1299.0,0.5253819444444444,0.4510416666666667,8.0
0022400066,2024-10-23,2024-25,PHI,MIL,1610612755,1610612749,109,124,MIL,0,-15,15,2880.0,0.7036377443182735,0.3498380184173584,0.9908033991232514,1716.0,1441.8000000000002,0.5958333333333333,0.5006250000000001,5.0
0022400067,2024-10-23,2024-25,TOR,CLE,1610612761,1610612739,106,136,CLE,0,-30,30,2880.0,0.7561401156421966,0.33406370878219604,0.999829124455573,2130.0,1645.0,0.7395833333333334,0.5711805555555556,7.0
0022400068,2024-10-23,2024-25,HOU,CHA,1610612745,1610612766,105,110,CHA,0,-5,5,2880.0,0.3288049700478506,0.08413773775100708,0.8100993633270264,371.0,44.09999999999991,0.12881944444444443,0.015312499999999968,18.0
0022400069,2024-10-23,2024-25,NOP,CHI,1610612740,1610612741,123,111,NOP,1,12,12,2880.0,0.6978541929109229,0.40473246574401855,0.984257698059082,2790.0,1024.0,0.96875,0.35555555555555557,7.0
0022400070,2024-10-23,2024-25,UTA,MEM,1610612762,1610612763,124,126,MEM,0,-2,2,2880.0,0.6308232082338588,0.3432160019874573,0.9160827621817589,2418.2,664.1999999999998,0.8396527777777777,0.23062499999999994,5.0
0022400071,2024-10-23,2024-25,LAC,PHX,1610612746,1610612756,113,116,PHX,0,-3,3,3180.0,0.4497263483571931,0.0826449990272522,0.8157043755054474,928.3000000000002,85.59999999999991,0.2919182389937107,0.026918238993710663,10.0
0022400072,2024-10-23,2024-25,POR,GSW,1610612757,1610612744,104,140,GSW,0,-36,36,2880.0,0.6932708587952414,0.27521616220474243,0.9999565611215075,1725.0,1413.0,0.5989583333333334,0.490625,9.0
0022400073,2024-10-24,2024-25,WAS,BOS,1610612764,1610612738,102,122,BOS,0,-20,20,2880.0,0.8381088435276998,0.530951589345932,0.9996870388567913,2880.0,1794.0,1.0,0.6229166666666667,8.0
0022400074,2024-10-24,2024-25,DAL,SAS,1610612742,1610612759,120,109,DAL,1,11,11,2880.0,0.6722607676084671,0.4404574930667877,0.9926480054855347,2527.0,959.0,0.8774305555555556,0.3329861111111111,6.0
0022400075,2024-10-24,2024-25,DEN,OKC,1610612743,1610612760,87,102,OKC,0,-15,15,2880.0,0.6735688364559448,0.28993505239486694,0.9917913395911455,2322.0,979.0,0.80625,0.33993055555555557,9.0
0022400076,2024-10-24,2024-25,SAC,MIN,1610612758,1610612750,115,117,MIN,0,-2,2,2880.0,0.42528916876711365,0.07575130462646484,0.8845284283161163,837.5999999999999,303.0999999999999,0.2908333333333333,0.10524305555555552,12.0
0022400077,2024-10-25,2024-25,ORL,BKN,1610612753,1610612751,116,101,ORL,1,15,15,2880.0,0.8755757775385347,0.5164061784744263,0.9964693784713745,2880.0,2507.3,1.0,0.8705902777777779,4.0
0022400078,2024-10-25,2024-25,TOR,PHI,1610612761,1610612755,115,107,TOR,1,8,8,2880.0,0.6310941049891214,0.3116267919540405,0.994186282157898,1870.0,817.5,0.6493055555555556,0.2838541666666667,3.0
0022400079,2024-10-25,2024-25,ATL,CHA,1610612737,1610612766,125,120,ATL,1,5,5,2880.0,0.94789221505531,0.8832736611366272,0.9887551069259644,2880.0,2880.0,1.0,1.0,0.0
0022400080,2024-10-25,2024-25,CLE,DET,1610612739,1610612765,113,101,CLE,1,12,12,2880.0,0.910825426104582,0.7360624670982361,0.996283233165741,2880.0,2825.0,1.0,0.9809027777777778,5.0
0022400081,2024-10-25,2024-25,NYK,IND,1610612752,1610612754,123,98,NYK,1,25,25,2880.0,0.5718815921629883,0.1177748367190361,0.9988862872123718,1509.0,1320.0,0.5239583333333333,0.4583333333333333,4.0
0022400082,2024-10-25,2024-25,HOU,MEM,1610612745,1610612763,128,108,HOU,1,20,20,2880.0,0.3600104800487558,0.02592945657670498,0.9953994154930115,843.0,810.0,0.29270833333333335,0.28125,12.0
0022400083,2024-10-25,2024-25,MIL,CHI,1610612749,1610612741,122,133,CHI,0,-11,11,2880.0,0.4180532533428373,0.09455591440200806,0.9765815008431673,1162.0,700.1999999999998,0.40347222222222223,0.24312499999999992,8.0
0022400084,2024-10-25,2024-25,UTA,GSW,1610612762,1610612744,86,127,GSW,0,-41,41,2880.0,0.9456030490063325,0.8125122934579849,0.9999990738821225,2880.0,2880.0,1.0,1.0,9.0
0022400085,2024-10-25,2024-25,LAL,PHX,1610612747,1610612756,123,116,LAL,1,7,7,2880.0,0.8129419915026261,0.47245293855667114,0.9936467409133911,2854.0,1943.8,0.9909722222222223,0.6749305555555556,22.0
0022400086,2024-10-25,2024-25,POR,NOP,1610612757,1610612740,103,105,NOP,0,-2,2,2880.0,0.7093427164014429,0.17328637838363647,0.976672125980258,2524.0,1274.6999999999998,0.8763888888888889,0.4426041666666666,16.0
0022400087,2024-10-26,2024-25,DEN,LAC,1610612743,1610612746,104,109,LAC,0,-5,5,2880.0,0.6903216877701278,0.22549039125442505,0.927419014275074,2518.4,1178.6000000000004,0.8744444444444445,0.40923611111111124,7.0
0022400088,2024-10-26,2024-25,CHA,MIA,1610612766,1610612748,106,114,MIA,0,-8,8,2880.0,0.7098379082307736,0.2778826951980591,0.9621420316398144,2228.7,1656.0,0.7738541666666666,0.575,7.0
0022400089,2024-10-26,2024-25,DET,BOS,1610612765,1610612738,118,124,BOS,0,-6,6,2880.0,0.8992731316056516,0.3586463928222656,0.9948108955286443,2780.0,2598.0,0.9652777777777778,0.9020833333333333,6.0
0022400090,2024-10-26,2024-25,WAS,CLE,1610612764,1610612739,116,135,CLE,0,-19,19,2880.0,0.9399106099869707,0.846428856253624,0.9999064254952827,2880.0,2880.0,1.0,1.0,2.0
0022400091,2024-10-26,2024-25,CHI,OKC,1610612741,1610612760,95,114,OKC,0,-19,19,2880.0,0.8523710754865331,0.6017507910728455,0.9983633564552292,2880.0,1714.0,1.0,0.5951388888888889,3.0
0022400092,2024-10-26,2024-25,MEM,ORL,1610612763,1610612753,124,111,MEM,1,13,13,2880.0,0.8119894439623588,0.3898395597934723,0.9990760087966919,2292.0,2012.0,0.7958333333333333,0.6986111111111111,0.0
0022400093,2024-10-26,2024-25,MIN,TOR,1610612750,1610612761,112,101,MIN,1,11,11,2880.0,0.8486578859492309,0.5494189858436584,0.9886643290519714,2880.0,2343.0,1.0,0.8135416666666667,0.0
0022400094,2024-10-26,2024-25,SAS,HOU,1610612759,1610612745,109,106,SAS,1,3,3,2880.0,0.7035850244201719,0.4044117331504822,0.9721097350120544,2510.0,1274.0,0.8715277777777778,0.4423611111111111,3.0
0022400095,2024-10-26,2024-25,PHX,DAL,1610612756,1610612742,114,102,PHX,1,12,12,2880.0,0.6644380209884709,0.31364119052886963,0.9879688024520874,1935.0,1128.0,0.671875,0.39166666666666666,5.0
0022400096,2024-10-26,2024-25,LAL,SAC,1610612747,1610612758,131,127,LAL,1,4,4,2880.0,0.7957123368673232,0.24968118965625763,0.9916826486587524,2412.3,2186.0,0.8376041666666667,0.7590277777777777,7.0
0022400097,2024-10-27,2024-25,IND,PHI,1610612754,1610612755,114,118,PHI,0,-4,4,3180.0,0.5468649374014176,0.21036624908447266,0.9053364023566246,1973.5,369.9000000000001,0.6205974842767296,0.11632075471698117,9.0
0022400098,2024-10-27,2024-25,BKN,MIL,1610612751,1610612749,115,102,BKN,1,13,13,2880.0,0.6097554134918997,0.3840339779853821,0.9941734671592712,2155.7,518.0,0.7485069444444444,0.1798611111111111,4.0
0022400099,2024-10-27,2024-25,POR,NOP,1610612757,1610612740,125,103,POR,1,22,22,2880.0,0.5556227780200748,0.11200594156980515,0.9972105622291565,1447.9,1160.0,0.5027430555555555,0.4027777777777778,8.0
0022400100,2024-10-27,2024-25,OKC,ATL,1610612760,1610612737,128,104,OKC,1,24,24,2880.0,0.9046289859380986,0.7242321372032166,0.9996706247329712,2880.0,2833.7,1.0,0.983923611111111,10.0
0022400101,2024-10-27,2024-25,GSW,LAC,1610612744,1610612746,104,112,LAC,0,-8,8,2880.0,0.44546922294785163,0.19712042808532715,0.8133999556303024,788.3000000000002,141.19999999999982,0.2737152777777778,0.04902777777777771,4.0
0022400102,2024-10-28,2024-25,ORL,IND,1610612753,1610612754,119,115,ORL,1,4,4,2880.0,0.6861835548312714,0.2168293446302414,0.9238525629043579,2159.0,1718.8999999999999,0.7496527777777777,0.5968402777777777,8.0
0022400103,2024-10-28,2024-25,ATL,WAS,1610612737,1610612764,119,121,WAS,0,-2,2,2880.0,0.37298588872990673,0.10518014430999756,0.9523441419005394,840.6999999999998,399.6999999999998,0.29190972222222217,0.13878472222222216,13.0
0022400104,2024-10-28,2024-25,BOS,MIL,1610612738,1610612749,119,108,BOS,1,11,11,2880.0,0.8274313300020165,0.6362430453300476,0.993141233921051,2880.0,2036.0,1.0,0.7069444444444445,5.0
0022400105,2024-10-28,2024-25,MIA,DET,1610612748,1610612765,106,98,MIA,1,8,8,2880.0,0.6314791933002156,0.19194932281970978,0.9723957180976868,2234.5,932.0,0.7758680555555556,0.3236111111111111,5.0
0022400106,2024-10-28,2024-25,NYK,CLE,1610612752,1610612739,104,110,CLE,0,-6,6,2880.0,0.5444519444358431,0.07183557748794556,0.9311834275722504,1809.6,326.0,0.6283333333333333,0.11319444444444444,13.0
0022400107,2024-10-28,2024-25,TOR,DEN,1610612761,1610612743,125,127,DEN,0,-2,2,3180.0,0.3878857886978666,0.04665863513946533,0.951654102653265,1227.9000000000005,259.0,0.3861320754716983,0.08144654088050314,15.0
0022400108,2024-10-28,2024-25,MEM,CHI,1610612763,1610612741,123,126,CHI,0,-3,3,2880.0,0.19481519065797331,0.03851056098937988,0.8231052607297897,409.0,101.0,0.14201388888888888,0.035069444444444445,20.0
0022400109,2024-10-28,2024-25,SAS,HOU,1610612759,1610612745,101,106,HOU,0,-5,5,2880.0,0.6695992334619062,0.29735589027404785,0.9502530097961426,2404.1,938.6999999999998,0.8347569444444444,0.32593749999999994,0.0
0022400110,2024-10-28,2024-25,DAL,UTA,1610612742,1610612762,110,102,DAL,1,8,8,2880.0,0.7518159496432376,0.42226549983024597,0.9889334440231323,2833.0,1095.0,0.9836805555555556,0.3802083333333333,2.0
0022400111,2024-10-28,2024-25,PHX,LAL,1610612756,1610612747,109,105,PHX,1,4,4,2880.0,0.5409062939494228,0.22155655920505524,0.8873313665390015,1535.0,518.0,0.5329861111111112,0.1798611111111111,18.0
0022400112,2024-10-28,2024-25,SAC,POR,1610612758,1610612757,111,98,SAC,1,13,13,2880.0,0.7399679457644622,0.4818377196788788,0.9975034594535828,2802.0,1083.0,0.9729166666666667,0.37604166666666666,0.0
0022400113,2024-10-29,2024-25,BKN,DEN,1610612751,1610612743,139,144,DEN,0,-5,5,3180.0,0.35090363515037226,0.15742307901382446,0.9116647318005562,317.0,152.0,0.09968553459119497,0.04779874213836478,17.0
0022400114,2024-10-29,2024-25,MIN,DAL,1610612750,1610612742,114,120,DAL,0,-6,6,2880.0,0.5736109999474138,0.27641940116882324,0.9304891377687454,1582.3,763.0,0.5494097222222222,0.26493055555555556,10.0
0022400115,2024-10-29,2024-25,UTA,SAC,1610612762,1610612758,96,113,SAC,0,-17,17,2880.0,0.7529898149516198,0.45721548795700073,0.9994231406017207,2726.0,1230.0,0.9465277777777777,0.4270833333333333,4.0
0022400116,2024-10-29,2024-25,GSW,NOP,1610612744,1610612740,124,106,GSW,1,18,18,2880.0,0.601551733371905,0.23856399953365326,0.9920374155044556,1481.0,911.3000000000002,0.5142361111111111,0.31642361111111117,20.0
0022400117,2024-10-30,2024-25,CHA,TOR,1610612766,1610612761,138,133,CHA,1,5,5,2880.0,0.7713663412609861,0.3695050776004791,0.970186710357666,2740.0,1672.4999999999998,0.9513888888888888,0.5807291666666666,5.0
0022400118,2024-10-30,2024-25,CLE,LAL,1610612739,1610612747,134,110,CLE,1,24,24,2880.0,0.9565509230684903,0.8275887370109558,0.999240517616272,2880.0,2880.0,1.0,1.0,4.0
0022400119,2024-10-30,2024-25,IND,BOS,1610612754,1610612738,135,132,IND,1,3,3,3180.0,0.561100406105507,0.15284870564937592,0.9918210506439209,1532.1000000000001,1246.0,0.48179245283018873,0.3918238993710692,2.0
0022400120,2024-10-30,2024-25,PHI,DET,1610612755,1610612765,95,105,DET,0,-10,10,2880.0,0.7791890223634093,0.40018802881240845,0.9945657141506672,2464.0,1935.0,0.8555555555555555,0.671875,9.0
0022400121,2024-10-30,2024-25,WAS,ATL,1610612764,1610612737,133,120,WAS,1,13,13,2880.0,0.5319958290571554,0.16244035959243774,0.9911585450172424,1199.8000000000002,657.0,0.4165972222222223,0.228125,11.0
0022400122,2024-10-30,2024-25,MIA,NYK,1610612748,1610612752,107,116,NYK,0,-9,9,2880.0,0.3538832386445979,0.07211953401565552,0.9474639222025871,798.0,181.0,0.27708333333333335,0.06284722222222222,13.0
0022400123,2024-10-30,2024-25,CHI,ORL,1610612741,1610612753,102,99,CHI,1,3,3,2880.0,0.3075479101105075,0.08986741304397583,0.8187808394432068,480.0,33.29999999999973,0.16666666666666666,0.011562499999999904,20.0
0022400124,2024-10-30,2024-25,MEM,BKN,1610612763,1610612751,106,119,BKN,0,-13,13,2880.0,0.5001120625533966,0.1760563850402832,0.974482323974371,1156.5000000000005,578.0,0.40156250000000016,0.20069444444444445,8.0
0022400125,2024-10-30,2024-25,OKC,SAS,1610612760,1610612759,105,93,OKC,1,12,12,2880.0,0.9408504344253904,0.7849661111831665,0.9947587847709656,2880.0,2880.0,1.0,1.0,6.0
0022400126,2024-10-30,2024-25,GSW,NOP,1610612744,1610612740,104,89,GSW,1,15,15,2880.0,0.8386574135099848,0.6277832984924316,0.9887098670005798,2880.0,2029.0,1.0,0.7045138888888889,2.0
0022400127,2024-10-30,2024-25,LAC,POR,1610612746,1610612757,105,106,POR,0,-1,1,2880.0,0.25433958809305396,0.09244167804718018,0.5778289139270782,141.69999999999982,0.0,0.04920138888888882,0.0,10.0
0022400128,2024-10-31,2024-25,MEM,MIL,1610612763,1610612749,122,99,MEM,1,23,23,2880.0,0.9044558459334076,0.6569780111312866,0.9994805455207825,2880.0,2512.0,1.0,0.8722222222222222,3.0
0022400129,2024-10-31,2024-25,DAL,HOU,1610612742,1610612745,102,108,HOU,0,-6,6,2880.0,0.6714140653654209,0.3768305778503418,0.9613949693739414,2408.0,884.5999999999999,0.8361111111111111,0.3071527777777777,0.0
0022400130,2024-10-31,2024-25,UTA,SAS,1610612762,1610612759,88,106,SAS,0,-18,18,2880.0,0.600814022241959,0.20897775888442993,0.9976550824940205,1469.0,1018.0,0.5100694444444445,0.35347222222222224,11.0
0022400131,2024-10-31,2024-25,LAC,PHX,1610612746,1610612756,119,125,PHX,0,-6,6,2880.0,0.49727834071705324,0.07954448461532593,0.9597572200000286,1467.0,432.0,0.509375,0.15,21.0
0022400132,2024-11-01,2024-25,CHA,BOS,1610612766,1610612738,109,124,BOS,0,-15,15,2880.0,0.8054480400736793,0.6235516667366028,0.9956761309877038,2880.0,2193.3,1.0,0.7615625,4.0
0022400133,2024-11-01,2024-25,CLE,ORL,1610612739,1610612753,120,109,CLE,1,11,11,2880.0,0.9381987745521798,0.8232936859130859,0.9960508942604065,2880.0,2880.0,1.0,1.0,0.0
0022400134,2024-11-01,2024-25,DET,NYK,1610612765,1610612752,98,128,NYK,0,-30,30,2880.0,0.9311970620798781,0.6031603217124939,0.9999633367624483,2880.0,2523.0,1.0,0.8760416666666667,0.0
0022400135,2024-11-01,2024-25,ATL,SAC,1610612737,1610612758,115,123,SAC,0,-8,8,2880.0,0.7552469357408376,0.45468103885650635,0.9605682380497456,2842.0,1531.9,0.9868055555555556,0.5319097222222222,3.0
0022400136,2024-11-01,2024-25,BKN,CHI,1610612751,1610612741,120,112,BKN,1,8,8,2880.0,0.569028556038522,0.17398293316364288,0.9580402374267578,2134.8,230.0,0.7412500000000001,0.0798611111111111,4.0
0022400137,2024-11-01,2024-25,TOR,LAL,1610612761,1610612747,125,131,LAL,0,-6,6,2880.0,0.9366881731567749,0.7220145761966705,0.9919760823249817,2880.0,2791.0,1.0,0.9690972222222223,0.0
0022400138,2024-11-01,2024-25,NOP,IND,1610612740,1610612754,125,118,NOP,1,7,7,2880.0,0.5789357842846464,0.29808828234672546,0.9270206689834595,2119.8999999999996,289.1999999999998,0.7360763888888887,0.1004166666666666,13.0
0022400139,2024-11-01,2024-25,MIN,DEN,1610612750,1610612743,119,116,MIN,1,3,3,2880.0,0.5845924021345046,0.0903061032295227,0.9094452261924744,2272.7,656.4000000000001,0.7891319444444443,0.2279166666666667,10.0
0022400140,2024-11-01,2024-25,POR,OKC,1610612757,1610612760,114,137,OKC,0,-23,23,2880.0,0.8992231299823936,0.7301228940486908,0.9997338062676135,2880.0,2827.0,1.0,0.9815972222222222,3.0
0022400141,2024-11-02,2024-25,CHA,BOS,1610612766,1610612738,103,113,BOS,0,-10,10,2880.0,0.8971455061616628,0.6983803510665894,0.9948781207203865,2880.0,2648.0,1.0,0.9194444444444444,2.0
0022400142,2024-11-02,2024-25,PHI,MEM,1610612755,1610612763,107,124,MEM,0,-17,17,2880.0,0.7331238668763965,0.434630811214447,0.9976808922365308,2432.0,1310.0,0.8444444444444444,0.4548611111111111,9.0
0022400143,2024-11-02,2024-25,TOR,SAC,1610612761,1610612758,131,128,TOR,1,3,3,3180.0,0.585968014140549,0.27872341871261597,0.9567017555236816,2224.2,720.0,0.6994339622641509,0.22641509433962265,2.0
0022400144,2024-11-02,2024-25,HOU,GSW,1610612745,1610612744,121,127,GSW,0,-6,6,3180.0,0.825201976115335,0.47260987758636475,0.9915829002857208,3169.0,2157.9,0.9965408805031446,0.6785849056603774,1.0
0022400145,2024-11-02,2024-25,MIL,CLE,1610612749,1610612739,113,114,CLE,0,-1,1,2880.0,0.8358136755295306,0.6736480891704559,0.975485322996974,2880.0,2425.5,1.0,0.8421875,16.0
0022400146,2024-11-02,2024-25,SAS,MIN,1610612759,1610612750,113,103,SAS,1,10,10,2880.0,0.6444576044391013,0.2704826295375824,0.98130863904953,1468.1,1243.0,0.5097569444444444,0.43159722222222224,7.0
0022400147,2024-11-02,2024-25,WAS,MIA,1610612764,1610612748,98,118,MIA,0,-20,20,2880.0,0.7760651640591663,0.4394124746322632,0.9972413454670459,2783.0,1470.9,0.9663194444444444,0.5107291666666667,0.0
0022400148,2024-11-02,2024-25,DEN,UTA,1610612743,1610612762,129,103,DEN,1,26,26,2880.0,0.8258707032808,0.43143579363822937,0.9997624754905701,2796.0,1998.0,0.9708333333333333,0.69375,3.0
0022400149,2024-11-02,2024-25,PHX,POR,1610612756,1610612757,103,97,PHX,1,6,6,2880.0,0.8832859622418052,0.6637569665908813,0.9976305961608887,2880.0,2729.3999999999996,1.0,0.9477083333333332,4.0
0022400150,2024-11-02,2024-25,LAC,OKC,1610612746,1610612760,92,105,OKC,0,-13,13,2880.0,0.7389816605209975,0.4116922616958618,0.996788565767929,2799.0,1167.0,0.971875,0.40520833333333334,13.0
0022400151,2024-11-03,2024-25,BKN,DET,1610612751,1610612765,92,106,DET,0,-14,14,2880.0,0.4453623154065443,0.13550317287445068,0.9791305940598249,923.0,697.0,0.32048611111111114,0.2420138888888889,9.0
0022400152,2024-11-03,2024-25,NOP,ATL,1610612740,1610612737,111,126,ATL,0,-15,15,2880.0,0.5706817075794162,0.1930304765701294,0.9976776188705117,1317.0,781.5999999999999,0.45729166666666665,0.27138888888888885,7.0
0022400153,2024-11-03,2024-25,DAL,ORL,1610612742,1610612753,108,85,DAL,1,23,23,2880.0,0.8689142612036731,0.44111040234565735,0.9993516802787781,2809.0,2160.5,0.9753472222222223,0.7501736111111111,7.0
0022400154,2024-11-04,2024-25,CLE,MIL,1610612739,1610612749,116,114,CLE,1,2,2,2880.0,0.8249546278195662,0.23244215548038483,0.9862051606178284,2572.0,2129.7,0.8930555555555556,0.7394791666666666,8.0
0022400155,2024-11-04,2024-25,WAS,GSW,1610612764,1610612744,112,125,GSW,0,-13,13,2880.0,0.8765758228089058,0.7058656811714172,0.9946680446155369,2880.0,2407.0,1.0,0.8357638888888889,0.0
0022400156,2024-11-04,2024-25,DET,LAL,1610612765,1610612747,115,103,DET,1,12,12,2880.0,0.6643145471562941,0.25470882654190063,0.9711318612098694,1891.0,1509.1000000000001,0.6565972222222223,0.5239930555555556,3.0
0022400157,2024-11-04,2024-25,ATL,BOS,1610612737,1610612738,93,123,BOS,0,-30,30,2880.0,0.8930369798418876,0.685120016336441,0.999958718650305,2880.0,2288.0,1.0,0.7944444444444444,3.0
0022400158,2024-11-04,2024-25,BKN,MEM,1610612751,1610612763,106,104,BKN,1,2,2,2880.0,0.5073409183199207,0.3438103497028351,0.8434984683990479,1238.4,83.09999999999991,0.43000000000000005,0.028854166666666636,8.0
0022400159,2024-11-04,2024-25,MIA,SAC,1610612748,1610612758,110,111,SAC,0,-1,1,2880.0,0.3760198704168822,0.1008651852607727,0.7607942670583725,526.0,12.900000000000091,0.18263888888888888,0.004479166666666698,15.0
0022400160,2024-11-04,2024-25,CHI,UTA,1610612741,1610612762,126,135,UTA,0,-9,9,2880.0,0.6992797295377952,0.3184657096862793,0.9762325286865234,2296.7,1501.1999999999998,0.7974652777777778,0.52125,1.0
0022400161,2024-11-04,2024-25,HOU,NYK,1610612745,1610612752,109,97,HOU,1,12,12,2880.0,0.6597964227716956,0.38007816672325134,0.9636087417602539,2535.0,672.4000000000001,0.8802083333333334,0.23347222222222225,5.0
0022400162,2024-11-04,2024-25,MIN,CHA,1610612750,1610612766,114,93,MIN,1,21,21,2880.0,0.8526134263662,0.5492759346961975,0.9996469020843506,2880.0,2099.0,1.0,0.7288194444444445,7.0
0022400163,2024-11-04,2024-25,OKC,ORL,1610612760,1610612753,102,86,OKC,1,16,16,2880.0,0.9408111190423369,0.8141030073165894,0.9975426197052002,2880.0,2880.0,1.0,1.0,0.0
0022400164,2024-11-04,2024-25,NOP,POR,1610612740,1610612757,100,118,POR,0,-18,18,2880.0,0.36628633901661184,0.14615952968597412,0.9909446714445949,428.0,345.0,0.1486111111111111,0.11979166666666667,14.0
0022400165,2024-11-04,2024-25,DAL,IND,1610612742,1610612754,127,134,IND,0,-7,7,2880.0,0.4431594725724103,0.24842840433120728,0.9162711724638939,841.0,239.0,0.2920138888888889,0.08298611111111111,2.0
0022400166,2024-11-04,2024-25,DEN,TOR,1610612743,1610612761,121,119,DEN,1,2,2,2880.0,0.4724335611906524,0.08359207957983017,0.8027383685112,1399.1,191.0,0.48579861111111106,0.06631944444444444,14.0
0022400167,2024-11-04,2024-25,PHX,PHI,1610612756,1610612755,118,116,PHX,1,2,2,2880.0,0.7313325175156611,0.14743635058403015,0.9245167970657349,2453.0,1838.7,0.8517361111111111,0.6384375,9.0
0022400168,2024-11-04,2024-25,LAC,SAS,1610612746,1610612759,113,104,LAC,1,9,9,2880.0,0.3268779058050778,0.076729916036129,0.9572451114654541,445.0,348.0,0.1545138888888889,0.12083333333333333,26.0
0022400169,2024-11-06,2024-25,CHA,DET,1610612766,1610612765,108,107,CHA,1,1,1,2880.0,0.5131714576203376,0.3354065418243408,0.7672936320304871,1439.2999999999997,4.100000000000364,0.49975694444444435,0.0014236111111112374,9.0
0022400170,2024-11-06,2024-25,IND,ORL,1610612754,1610612753,118,111,IND,1,7,7,2880.0,0.7162912517206536,0.5322832465171814,0.9517648816108704,2880.0,1009.9000000000001,1.0,0.35065972222222225,1.0
0022400171,2024-11-06,2024-25,ATL,NYK,1610612737,1610612752,121,116,ATL,1,5,5,2880.0,0.544112933985889,0.18455208837985992,0.9203957915306091,2185.7999999999997,54.90000000000009,0.7589583333333333,0.01906250000000003,7.0
0022400172,2024-11-06,2024-25,BOS,GSW,1610612738,1610612744,112,118,GSW,0,-6,6,2880.0,0.2591856481176284,0.04311835765838623,0.6785174906253815,168.50000000000045,0.0,0.058506944444444604,0.0,11.0
0022400173,2024-11-06,2024-25,HOU,SAS,1610612745,1610612759,127,100,HOU,1,27,27,2880.0,0.9150887228258783,0.6619385480880737,0.9994915723800659,2880.0,2542.0,1.0,0.8826388888888889,0.0
0022400174,2024-11-06,2024-25,MEM,LAL,1610612763,1610612747,131,114,MEM,1,17,17,2880.0,0.7184650093047983,0.47086843848228455,0.9939133524894714,2849.0,1096.0,0.9892361111111111,0.38055555555555554,0.0
0022400175,2024-11-06,2024-25,NOP,CLE,1610612740,1610612739,122,131,CLE,0,-9,9,2880.0,0.8411815947819722,0.4961264729499817,0.9918866120278835,2862.0,2052.0,0.99375,0.7125,12.0
0022400176,2024-11-06,2024-25,DAL,CHI,1610612742,1610612741,119,99,DAL,1,20,20,2880.0,0.8801870938100749,0.5901024341583252,0.9994584918022156,2880.0,2522.1,1.0,0.8757291666666667,4.0
0022400177,2024-11-06,2024-25,DEN,OKC,1610612743,1610612760,124,122,DEN,1,2,2,2880.0,0.3702232329136071,0.05170515552163124,0.9535571336746216,511.0,223.5999999999999,0.17743055555555556,0.07763888888888885,16.0
0022400178,2024-11-06,2024-25,PHX,MIA,1610612756,1610612748,115,112,PHX,1,3,3,2880.0,0.6372464729255686,0.20035390555858612,0.8736324906349182,2442.8,743.8,0.8481944444444445,0.25826388888888885,15.0
0022400179,2024-11-06,2024-25,LAC,PHI,1610612746,1610612755,110,98,LAC,1,12,12,2880.0,0.7603176316329173,0.45058462023735046,0.9978100657463074,2773.0,1255.0,0.9628472222222222,0.4357638888888889,7.0
0022400180,2024-11-06,2024-25,SAC,TOR,1610612758,1610612761,122,107,SAC,1,15,15,2880.0,0.6988162314974599,0.3221992552280426,0.9917037487030029,2616.7,1105.6999999999998,0.9085763888888888,0.38392361111111106,9.0
0022400181,2024-11-07,2024-25,CHI,MIN,1610612741,1610612750,119,135,MIN,0,-16,16,2880.0,0.48778512120600176,0.2065621018409729,0.9961860838811845,920.1,382.0,0.31947916666666665,0.1326388888888889,13.0
0022400182,2024-11-07,2024-25,MIL,UTA,1610612749,1610612762,123,100,MIL,1,23,23,2880.0,0.6567113189150889,0.2537812888622284,0.9996378421783447,1868.0,955.0,0.6486111111111111,0.3315972222222222,10.0
0022400183,2024-11-07,2024-25,SAS,POR,1610612759,1610612757,118,105,SAS,1,13,13,2880.0,0.7249010294903483,0.5068435668945312,0.9820266366004944,2880.0,1013.0,1.0,0.35173611111111114,3.0
0022400184,2024-11-08,2024-25,CHA,IND,1610612766,1610612754,103,83,CHA,1,20,20,2880.0,0.5678605598314769,0.13426503539085388,0.9953160285949707,1989.6,593.6999999999998,0.6908333333333333,0.20614583333333328,13.0
0022400185,2024-11-08,2024-25,DET,ATL,1610612765,1610612737,122,121,DET,1,1,1,2880.0,0.7847031359995404,0.4753125011920929,0.9567771553993225,2805.0,1908.1,0.9739583333333334,0.6625347222222222,1.0
0022400186,2024-11-08,2024-25,ORL,NOP,1610612753,1610612740,115,88,ORL,1,27,27,2880.0,0.8601308676496976,0.5820557475090027,0.9995157718658447,2880.0,2363.0,1.0,0.8204861111111111,0.0
0022400187,2024-11-08,2024-25,BOS,BKN,1610612738,1610612751,108,104,BOS,1,4,4,3180.0,0.5719881580760644,0.36805209517478943,0.8595037460327148,2436.0,96.0,0.7660377358490567,0.03018867924528302,14.0
0022400188,2024-11-08,2024-25,CLE,GSW,1610612739,1610612744,136,117,CLE,1,19,19,2880.0,0.9776821243535314,0.8836562633514404,0.9998039603233337,2880.0,2880.0,1.0,1.0,0.0
0022400189,2024-11-08,2024-25,NYK,MIL,1610612752,1610612749,116,94,NYK,1,22,22,2880.0,0.9021414758347802,0.7108107805252075,0.9996925592422485,2880.0,2714.0,1.0,0.9423611111111111,0.0
0022400190,2024-11-08,2024-25,DAL,PHX,1610612742,1610612756,113,114,PHX,0,-1,1,2880.0,0.573777009657998,0.13081544637680054,0.8317426145076752,1951.9,402.9000000000001,0.6777430555555556,0.13989583333333336,6.0
0022400191,2024-11-08,2024-25,MEM,WAS,1610612763,1610612764,128,104,MEM,1,24,24,2880.0,0.9183786782849994,0.6892924904823303,0.9993916749954224,2880.0,2636.0,1.0,0.9152777777777777,2.0
0022400192,2024-11-08,2024-25,OKC,HOU,1610612760,1610612745,126,107,OKC,1,19,19,2880.0,0.8895464743115009,0.6616119146347046,0.9991580247879028,2880.0,2022.0,1.0,0.7020833333333333,3.0
0022400193,2024-11-08,2024-25,MIN,POR,1610612750,1610612757,127,102,MIN,1,25,25,2880.0,0.934937073836724,0.7609387040138245,0.9996503591537476,2880.0,2880.0,1.0,1.0,0.0
0022400194,2024-11-08,2024-25,DEN,MIA,1610612743,1610612748,135,122,DEN,1,13,13,2880.0,0.8702060146733291,0.6906321048736572,0.9897981882095337,2880.0,2509.3,1.0,0.8712847222222223,0.0
0022400195,2024-11-08,2024-25,LAL,PHI,1610612747,1610612755,116,106,LAL,1,10,10,2880.0,0.8791116372909812,0.5780372023582458,0.9955021739006042,2880.0,2614.3,1.0,0.9077430555555556,2.0
0022400196,2024-11-08,2024-25,SAC,LAC,1610612758,1610612746,98,107,LAC,0,-9,9,2880.0,0.5773617570927471,0.3127548098564148,0.9603823944926262,1832.2999999999997,576.0,0.6362152777777776,0.2,3.0
0022400197,2024-11-09,2024-25,SAS,UTA,1610612759,1610612762,110,111,UTA,0,-1,1,2880.0,0.5439598723720863,0.22105509042739868,0.882160596549511,1768.8,296.3000000000002,0.6141666666666666,0.10288194444444451,6.0
0022400198,2024-11-09,2024-25,ATL,CHI,1610612737,1610612741,113,125,CHI,0,-12,12,2880.0,0.2762772614649212,0.049928903579711914,0.975744241848588,397.0,174.0,0.13784722222222223,0.06041666666666667,18.0
0022400199,2024-11-09,2024-25,CLE,BKN,1610612739,1610612751,105,100,CLE,1,5,5,2880.0,0.6604976966842595,0.24079594016075134,0.9547765851020813,1944.0,1552.4,0.675,0.5390277777777778,14.0
0022400200,2024-11-09,2024-25,LAC,TOR,1610612746,1610612761,105,103,LAC,1,2,2,2880.0,0.8231991341337561,0.5091421008110046,0.9657666087150574,2880.0,2634.0,1.0,0.9145833333333333,2.0
0022400201,2024-11-10,2024-25,DET,HOU,1610612765,1610612745,99,101,HOU,0,-2,2,2880.0,0.5959042485198006,0.4086887240409851,0.9388531222939491,1891.0,528.5999999999999,0.6565972222222223,0.18354166666666663,5.0
0022400202,2024-11-10,2024-25,MIL,BOS,1610612749,1610612738,107,113,BOS,0,-6,6,2880.0,0.7313976234998942,0.3636716604232788,0.9749435894191265,2651.3,1315.0,0.9205902777777778,0.4565972222222222,17.0
0022400203,2024-11-10,2024-25,IND,NYK,1610612754,1610612752,132,121,IND,1,11,11,2880.0,0.542947674996944,0.20439927279949188,0.9767281413078308,1499.6000000000001,401.0,0.5206944444444445,0.13923611111111112,10.0
0022400204,2024-11-10,2024-25,ORL,WAS,1610612753,1610612764,121,94,ORL,1,27,27,2880.0,0.8203839833020337,0.5651373267173767,0.9998375177383423,2880.0,1521.0,1.0,0.528125,3.0
0022400205,2024-11-10,2024-25,PHI,CHA,1610612755,1610612766,107,105,PHI,1,2,2,3180.0,0.5757017823594546,0.3379300534725189,0.9641079902648926,1654.2999999999997,535.0000000000005,0.5202201257861634,0.16823899371069195,7.0
0022400206,2024-11-10,2024-25,MIN,MIA,1610612750,1610612748,94,95,MIA,0,-1,1,2880.0,0.3399881062573857,0.09154754877090454,0.5799067914485931,493.0,0.0,0.17118055555555556,0.0,8.0
0022400207,2024-11-10,2024-25,OKC,GSW,1610612760,1610612744,116,127,GSW,0,-11,11,2880.0,0.5522570047785929,0.16408854722976685,0.9933023257181048,1424.0,1212.0,0.49444444444444446,0.42083333333333334,7.0
0022400208,2024-11-10,2024-25,DEN,DAL,1610612743,1610612742,122,120,DEN,1,2,2,2880.0,0.6143437021567176,0.33415818214416504,0.8148196935653687,2533.7,245.0,0.8797569444444444,0.08506944444444445,5.0
0022400209,2024-11-10,2024-25,PHX,SAC,1610612756,1610612758,118,127,SAC,0,-9,9,3180.0,0.35919249977190165,0.07011765241622925,0.9005451798439026,345.0,118.0,0.10849056603773585,0.03710691823899371,11.0
0022400210,2024-11-10,2024-25,POR,MEM,1610612757,1610612763,89,134,MEM,0,-45,45,2880.0,0.9193763208577082,0.6160021424293518,0.9999979852532306,2880.0,2482.0,1.0,0.8618055555555556,1.0
0022400211,2024-11-10,2024-25,LAL,TOR,1610612747,1610612761,123,103,LAL,1,20,20,2880.0,0.6876507026433116,0.336789071559906,0.9981391429901123,2307.0,1044.2000000000003,0.8010416666666667,0.36256944444444456,10.0
0022400212,2024-11-11,2024-25,CHI,CLE,1610612741,1610612739,113,119,CLE,0,-6,6,2880.0,0.7958284834383004,0.17863517999649048,0.9710292667150497,2695.0,2141.0,0.9357638888888888,0.7434027777777777,9.0
0022400213,2024-11-11,2024-25,HOU,WAS,1610612745,1610612764,107,92,HOU,1,15,15,2880.0,0.8897927546149327,0.7986679673194885,0.9967519044876099,2880.0,2880.0,1.0,1.0,0.0
0022400214,2024-11-11,2024-25,NOP,BKN,1610612740,1610612751,105,107,BKN,0,-2,2,2880.0,0.42220337251097784,0.16348886489868164,0.6360958516597748,887.1999999999998,0.0,0.30805555555555547,0.0,8.0
0022400215,2024-11-11,2024-25,OKC,LAC,1610612760,1610612746,134,128,OKC,1,6,6,2880.0,0.7863790142929389,0.5905210375785828,0.9682592749595642,2880.0,1672.0,1.0,0.5805555555555556,4.0
0022400216,2024-11-11,2024-25,SAS,SAC,1610612759,1610612758,116,96,SAS,1,20,20,2880.0,0.6393608369212598,0.2878142297267914,0.9943755865097046,1440.0,1143.0,0.5,0.396875,9.0
0022400001,2024-11-12,2024-25,BOS,ATL,1610612738,1610612737,116,117,ATL,0,-1,1,2880.0,0.16591443221395216,0.03264415264129639,0.43888401985168457,0.0,0.0,0.0,0.0,15.0
0022400002,2024-11-12,2024-25,DET,MIA,1610612765,1610612748,123,121,DET,1,2,2,3180.0,0.6912468435357577,0.3288392424583435,0.9658966064453125,2972.2,910.4000000000001,0.9346540880503144,0.28628930817610065,3.0
0022400003,2024-11-12,2024-25,ORL,CHA,1610612753,1610612766,114,89,ORL,1,25,25,2880.0,0.8063409553799364,0.49866318702697754,0.9996719360351562,2865.0,1717.0,0.9947916666666666,0.5961805555555556,5.0
0022400004,2024-11-12,2024-25,PHI,NYK,1610612755,1610612752,99,111,NYK,0,-12,12,2880.0,0.6906689560024662,0.4819890856742859,0.9858647473156452,2849.0,666.0,0.9892361111111111,0.23125,2.0
0022400005,2024-11-12,2024-25,MIL,TOR,1610612749,1610612761,99,85,MIL,1,14,14,2880.0,0.7718992716239558,0.5016642808914185,0.9953392744064331,2880.0,1422.0,1.0,0.49375,0.0
0022400006,2024-11-12,2024-25,UTA,PHX,1610612762,1610612756,112,120,PHX,0,-8,8,2880.0,0.9319336626478859,0.8103456348180771,0.9964333840180188,2880.0,2880.0,1.0,1.0,1.0
0022400007,2024-11-12,2024-25,GSW,DAL,1610612744,1610612742,120,117,GSW,1,3,3,2880.0,0.6807496674979726,0.21359963715076447,0.9217966198921204,2652.0,1173.1,0.9208333333333333,0.40732638888888884,11.0
0022400008,2024-11-12,2024-25,POR,MIN,1610612757,1610612750,122,108,POR,1,14,14,2880.0,0.6614458968852543,0.31712618470191956,0.9893338084220886,2080.0,1041.0,0.7222222222222222,0.3614583333333333,3.0
0022400217,2024-11-13,2024-25,ORL,IND,1610612753,1610612754,94,90,ORL,1,4,4,2880.0,0.5623711120720125,0.3242585062980652,0.956657886505127,1700.9,546.6000000000004,0.5905902777777778,0.1897916666666668,12.0
0022400218,2024-11-13,2024-25,BKN,BOS,1610612751,1610612738,114,139,BOS,0,-25,25,2880.0,0.8019184391873538,0.48740649223327637,0.9998261955333874,2857.0,1545.0,0.9920138888888889,0.5364583333333334,13.0
0022400219,2024-11-13,2024-25,NYK,CHI,1610612752,1610612741,123,124,CHI,0,-1,1,2880.0,0.592074162649353,0.28726083040237427,0.9628170095384121,1875.0,642.1999999999998,0.6510416666666666,0.22298611111111105,3.0
0022400220,2024-11-13,2024-25,PHI,CLE,1610612755,1610612739,106,114,CLE,0,-8,8,2880.0,0.8470210652543917,0.5929277837276459,0.9941320922225714,2880.0,2305.0,1.0,0.8003472222222222,8.0
0022400221,2024-11-13,2024-25,OKC,NOP,1610612760,1610612740,106,88,OKC,1,18,18,2880.0,0.891961674367388,0.6674903035163879,0.9974838495254517,2880.0,2660.0,1.0,0.9236111111111112,12.0
0022400222,2024-11-13,2024-25,HOU,LAC,1610612745,1610612746,111,103,HOU,1,8,8,2880.0,0.6760398677177727,0.36514928936958313,0.9832977056503296,2380.0,1033.0,0.8263888888888888,0.35868055555555556,11.0
0022400223,2024-11-13,2024-25,MIL,DET,1610612749,1610612765,127,120,MIL,1,7,7,3180.0,0.4396788952949474,0.06983793526887894,0.9392859935760498,930.1999999999998,450.2000000000003,0.2925157232704402,0.14157232704402525,18.0
0022400224,2024-11-13,2024-25,SAS,WAS,1610612759,1610612764,139,130,SAS,1,9,9,2880.0,0.8229071137992044,0.5121572017669678,0.9961498975753784,2880.0,2030.9,1.0,0.7051736111111111,3.0
0022400225,2024-11-13,2024-25,LAL,MEM,1610612747,1610612763,128,123,LAL,1,5,5,2880.0,0.5577240993910365,0.16167913377285004,0.9034647941589355,1831.0,336.0,0.6357638888888889,0.11666666666666667,9.0
0022400226,2024-11-13,2024-25,POR,MIN,1610612757,1610612750,106,98,POR,1,8,8,2880.0,0.46752008791909444,0.15223835408687592,0.9494829773902893,722.1999999999998,523.0,0.25076388888888884,0.18159722222222222,13.0
0022400227,2024-11-13,2024-25,SAC,PHX,1610612758,1610612756,127,104,SAC,1,23,23,2880.0,0.6714899882436213,0.2849404811859131,0.999085545539856,1970.0,1238.0,0.6840277777777778,0.42986111111111114,4.0
0022400228,2024-11-14,2024-25,UTA,DAL,1610612762,1610612742,115,113,UTA,1,2,2,2880.0,0.5898188973632124,0.2941659688949585,0.9659072756767273,1483.0,782.2999999999997,0.5149305555555556,0.27163194444444433,8.0
0022400009,2024-11-15,2024-25,IND,MIA,1610612754,1610612748,111,124,MIA,0,-13,13,2880.0,0.6782162149577117,0.3466479182243347,0.9925427557900548,1929.0,1220.0,0.6697916666666667,0.4236111111111111,3.0
0022400010,2024-11-15,2024-25,ORL,PHI,1610612753,1610612755,98,86,ORL,1,12,12,2880.0,0.6695674426626,0.2468910664319992,0.9864405989646912,2240.3999999999996,1305.0,0.7779166666666666,0.453125,10.0
0022400011,2024-11-15,2024-25,TOR,DET,1610612761,1610612765,95,99,DET,0,-4,4,2880.0,0.5140013890718627,0.2325289249420166,0.9012096002697945,1658.0,196.0,0.5756944444444444,0.06805555555555555,8.0
0022400012,2024-11-15,2024-25,ATL,WAS,1610612737,1610612764,129,117,ATL,1,12,12,2880.0,0.7885103085316304,0.3657020926475525,0.9992753863334656,2420.0,1752.0,0.8402777777777778,0.6083333333333333,14.0
0022400013,2024-11-15,2024-25,CLE,CHI,1610612739,1610612741,144,126,CLE,1,18,18,2880.0,0.8565451369910605,0.6338087916374207,0.9931902289390564,2880.0,2588.4,1.0,0.89875,1.0
0022400014,2024-11-15,2024-25,NYK,BKN,1610612752,1610612751,124,122,NYK,1,2,2,2880.0,0.7713732681112984,0.5017691254615784,0.9902132153511047,2880.0,1597.2999999999997,1.0,0.5546180555555554,4.0
0022400015,2024-11-15,2024-25,SAS,LAL,1610612759,1610612747,115,120,LAL,0,-5,5,2880.0,0.653253139011924,0.34313011169433594,0.8915183842182159,2278.0,825.8999999999999,0.7909722222222222,0.2867708333333333,12.0
0022400016,2024-11-15,2024-25,HOU,LAC,1610612745,1610612746,125,104,HOU,1,21,21,2880.0,0.8869799426053134,0.6460139155387878,0.9990921020507812,2880.0,2504.0,1.0,0.8694444444444445,0.0
0022400017,2024-11-15,2024-25,NOP,DEN,1610612740,1610612743,101,94,NOP,1,7,7,2880.0,0.4735122871471362,0.18450532853603363,0.8905487060546875,1164.5,394.0,0.40434027777777776,0.13680555555555557,7.0
0022400018,2024-11-15,2024-25,OKC,PHX,1610612760,1610612756,99,83,OKC,1,16,16,2880.0,0.9228120389849774,0.6995188593864441,0.9978577494621277,2880.0,2723.0,1.0,0.9454861111111111,4.0
0022400019,2024-11-15,2024-25,GSW,MEM,1610612744,1610612763,123,118,GSW,1,5,5,2880.0,0.8175501796189282,0.6195147633552551,0.9948238134384155,2880.0,1709.8,1.0,0.5936805555555555,5.0
0022400020,2024-11-15,2024-25,SAC,MIN,1610612758,1610612750,126,130,MIN,0,-4,4,3180.0,0.6126813151187164,0.1882067322731018,0.9529905393719673,2440.5,804.3000000000002,0.7674528301886793,0.25292452830188683,4.0
0022400229,2024-11-16,2024-25,CHA,MIL,1610612766,1610612749,115,114,CHA,1,1,1,2880.0,0.5071690130875343,0.24113932251930237,0.8073678612709045,1482.5,58.30000000000018,0.5147569444444444,0.020243055555555618,8.0
0022400230,2024-11-16,2024-25,BOS,TOR,1610612738,1610612761,126,123,BOS,1,3,3,3180.0,0.7362557521781081,0.3732317090034485,0.9136354923248291,2778.3,1739.9,0.8736792452830189,0.5471383647798742,7.0
0022400231,2024-11-16,2024-25,NOP,LAL,1610612740,1610612747,99,104,LAL,0,-5,5,2880.0,0.6366632042033598,0.32691317796707153,0.9586682915687561,2299.0,757.6999999999998,0.7982638888888889,0.2630902777777777,15.0
0022400232,2024-11-16,2024-25,DAL,SAS,1610612742,1610612759,110,93,DAL,1,17,17,2880.0,0.7293373871905108,0.4121021032333374,0.9973691701889038,2295.0,1283.0,0.796875,0.44548611111111114,8.0
0022400233,2024-11-16,2024-25,SAC,UTA,1610612758,1610612762,121,117,SAC,1,4,4,2880.0,0.611679002010367,0.17458929121494293,0.8807892799377441,1914.0,1177.1000000000006,0.6645833333333333,0.408715277777778,11.0
0022400234,2024-11-17,2024-25,MIN,PHX,1610612750,1610612756,120,117,MIN,1,3,3,2880.0,0.2435172633392115,0.06428813189268112,0.6927714943885803,0.40000000000009095,0.0,0.00013888888888892047,0.0,16.0
0022400235,2024-11-17,2024-25,IND,MIA,1610612754,1610612748,119,110,IND,1,9,9,2880.0,0.7212194666866626,0.5243019461631775,0.9539818167686462,2880.0,1042.0,1.0,0.36180555555555555,0.0
0022400236,2024-11-17,2024-25,CLE,CHA,1610612739,1610612766,128,114,CLE,1,14,14,2880.0,0.8974699660783841,0.7398071885108948,0.9846315383911133,2880.0,2869.0,1.0,0.9961805555555555,1.0
0022400237,2024-11-17,2024-25,WAS,DET,1610612764,1610612765,104,124,DET,0,-20,20,2880.0,0.8214307441816749,0.5480270087718964,0.9990230922121555,2880.0,1601.0,1.0,0.5559027777777777,2.0
0022400238,2024-11-17,2024-25,MEM,DEN,1610612763,1610612743,105,90,MEM,1,15,15,2880.0,0.743327063659413,0.34512650966644287,0.9921056032180786,2143.6,1509.0,0.7443055555555556,0.5239583333333333,8.0
0022400239,2024-11-17,2024-25,POR,ATL,1610612757,1610612737,114,110,POR,1,4,4,2880.0,0.4891956370696426,0.18981552124023438,0.9565198421478271,856.0,523.5,0.2972222222222222,0.18177083333333333,16.0
0022400240,2024-11-17,2024-25,NYK,BKN,1610612752,1610612751,114,104,NYK,1,10,10,2880.0,0.7874271234207685,0.5185879468917847,0.9821732044219971,2880.0,1603.3,1.0,0.5567013888888889,6.0
0022400241,2024-11-17,2024-25,CHI,HOU,1610612741,1610612745,107,143,HOU,0,-36,36,2880.0,0.8732099006384558,0.651006430387497,0.9999889743339736,2880.0,1847.0,1.0,0.6413194444444444,3.0
0022400242,2024-11-17,2024-25,OKC,DAL,1610612760,1610612742,119,121,DAL,0,-2,2,2880.0,0.5186493695118568,0.2245314121246338,0.906590424478054,1213.3999999999999,530.0999999999999,0.4213194444444444,0.18406249999999996,3.0
0022400243,2024-11-17,2024-25,LAC,UTA,1610612746,1610612762,116,105,LAC,1,11,11,2880.0,0.9146433900420864,0.7296313047409058,0.9960697889328003,2880.0,2808.0,1.0,0.975,0.0
0022400244,2024-11-18,2024-25,DET,CHI,1610612765,1610612741,112,122,CHI,0,-10,10,2880.0,0.5838745725707203,0.296503484249115,0.9623736180365086,1811.0,519.0,0.6288194444444445,0.18020833333333333,3.0
0022400245,2024-11-18,2024-25,MIA,PHI,1610612748,1610612755,106,89,MIA,1,17,17,2880.0,0.675514537398186,0.25817084312438965,0.9973183274269104,1865.0,1111.0,0.6475694444444444,0.3857638888888889,19.0
0022400246,2024-11-18,2024-25,NYK,WAS,1610612752,1610612764,134,106,NYK,1,28,28,2880.0,0.9467391623598006,0.7168682813644409,0.9999080896377563,2880.0,2831.0,1.0,0.9829861111111111,5.0
0022400247,2024-11-18,2024-25,TOR,IND,1610612761,1610612754,130,119,TOR,1,11,11,2880.0,0.7431272616133922,0.41492345929145813,0.9783635139465332,2253.0,1643.0,0.7822916666666667,0.5704861111111111,1.0
0022400248,2024-11-18,2024-25,MIL,HOU,1610612749,1610612745,101,100,MIL,1,1,1,2880.0,0.3522190835169102,0.05346737802028656,0.8454442620277405,794.8000000000002,254.0,0.2759722222222223,0.08819444444444445,13.0
0022400249,2024-11-18,2024-25,PHX,ORL,1610612756,1610612753,99,109,ORL,0,-10,10,2880.0,0.7172217709708235,0.41463249921798706,0.9733860306441784,2487.0,1444.2,0.8635416666666667,0.5014583333333333,1.0
0022400250,2024-11-18,2024-25,SAC,ATL,1610612758,1610612737,108,109,ATL,0,-1,1,2880.0,0.38626376316779193,0.18441832065582275,0.7198735773563385,505.7999999999997,0.0,0.1756249999999999,0.0,11.0
0022400251,2024-11-18,2024-25,LAC,GSW,1610612746,1610612744,102,99,LAC,1,3,3,2880.0,0.6088826575895978,0.3327750563621521,0.9547157287597656,1792.6999999999998,763.0,0.6224652777777777,0.26493055555555556,3.0
0022400021,2024-11-19,2024-25,BOS,CLE,1610612738,1610612739,120,117,BOS,1,3,3,2880.0,0.8889560783468187,0.7073930501937866,0.9919283390045166,2880.0,2755.0,1.0,0.9565972222222222,2.0
0022400022,2024-11-19,2024-25,BKN,CHA,1610612751,1610612766,116,115,BKN,1,1,1,2880.0,0.4770583786649837,0.2308141589164734,0.8746172785758972,1044.4,335.8000000000002,0.3626388888888889,0.11659722222222228,17.0
0022400023,2024-11-19,2024-25,MEM,DEN,1610612763,1610612743,110,122,DEN,0,-12,12,2880.0,0.7727690589094225,0.48101699352264404,0.9841711539775133,2846.0,1480.7,0.9881944444444445,0.5141319444444444,0.0
0022400024,2024-11-19,2024-25,DAL,NOP,1610612742,1610612740,132,91,DAL,1,41,41,2880.0,0.9260725681690706,0.7325455546379089,0.9999904632568359,2880.0,2825.0,1.0,0.9809027777777778,0.0
0022400025,2024-11-19,2024-25,SAS,OKC,1610612759,1610612760,110,104,SAS,1,6,6,2880.0,0.5611543675838039,0.1902640014886856,0.9889498353004456,1378.0,1276.0,0.47847222222222224,0.44305555555555554,10.0
0022400026,2024-11-19,2024-25,LAL,UTA,1610612747,1610612762,124,118,LAL,1,6,6,2880.0,0.9329442977180912,0.8211371898651123,0.9979445338249207,2880.0,2880.0,1.0,1.0,2.0
0022400252,2024-11-20,2024-25,CLE,NOP,1610612739,1610612740,128,100,CLE,1,28,28,2880.0,0.953301504554434,0.8791964650154114,0.9998576641082764,2880.0,2880.0,1.0,1.0,0.0
0022400253,2024-11-20,2024-25,MIL,CHI,1610612749,1610612741,122,106,MIL,1,16,16,2880.0,0.7564856171338922,0.5047594904899597,0.990257978439331,2880.0,1691.0,1.0,0.5871527777777777,2.0
0022400254,2024-11-20,2024-25,HOU,IND,1610612745,1610612754,130,113,HOU,1,17,17,2880.0,0.838344217389822,0.6506003737449646,0.9978951215744019,2880.0,2073.3,1.0,0.7198958333333334,3.0
0022400255,2024-11-20,2024-25,MEM,PHI,1610612763,1610612755,117,111,MEM,1,6,6,2880.0,0.8565012721696661,0.6651961803436279,0.996006429195404,2880.0,2621.6,1.0,0.9102777777777777,5.0
0022400256,2024-11-20,2024-25,OKC,POR,1610612760,1610612757,109,99,OKC,1,10,10,2880.0,0.7213293451381226,0.4960082173347473,0.9569588899612427,2870.0,914.2,0.9965277777777778,0.31743055555555555,10.0
0022400257,2024-11-20,2024-25,PHX,NYK,1610612756,1610612752,122,138,NYK,0,-16,16,2880.0,0.8472383877596359,0.46676087379455566,0.9951509376987815,2856.0,2175.7,0.9916666666666667,0.7554513888888889,0.0
0022400258,2024-11-20,2024-25,GSW,ATL,1610612744,1610612737,120,97,GSW,1,23,23,2880.0,0.9320384956461688,0.6860141158103943,0.9988821148872375,2880.0,2689.0,1.0,0.9336805555555555,1.0
0022400259,2024-11-20,2024-25,LAC,ORL,1610612746,1610612753,104,93,LAC,1,11,11,2880.0,0.6867336732997662,0.4597320854663849,0.9829068779945374,2585.0,1089.0,0.8975694444444444,0.378125,2.0
0022400260,2024-11-21,2024-25,CHA,DET,1610612766,1610612765,123,121,CHA,1,2,2,3180.0,0.7185158662526111,0.2807941436767578,0.978545069694519,3059.3999999999996,1284.0,0.9620754716981131,0.4037735849056604,3.0
0022400261,2024-11-21,2024-25,TOR,MIN,1610612761,1610612750,110,105,TOR,1,5,5,2880.0,0.4139071537750877,0.1375533938407898,0.9252112507820129,521.3,213.0,0.18100694444444443,0.07395833333333333,7.0
0022400262,2024-11-21,2024-25,SAS,UTA,1610612759,1610612762,126,118,SAS,1,8,8,2880.0,0.4632879042656472,0.1669611781835556,0.9648794531822205,983.0,449.0,0.34131944444444445,0.15590277777777778,20.0
0022400263,2024-11-21,2024-25,LAL,ORL,1610612747,1610612753,118,119,ORL,0,-1,1,2880.0,0.37282448067433305,0.14185065031051636,0.6071568429470062,178.0,0.0,0.06180555555555556,0.0,10.0
0022400027,2024-11-22,2024-25,PHI,BKN,1610612755,1610612751,113,98,PHI,1,15,15,2880.0,0.5903060986577637,0.2517000436782837,0.9860942363739014,2265.0,383.0,0.7864583333333334,0.1329861111111111,9.0
0022400028,2024-11-22,2024-25,WAS,BOS,1610612764,1610612738,96,108,BOS,0,-12,12,2880.0,0.819529358958389,0.6118258535861969,0.9938497804105282,2880.0,2075.8,1.0,0.720763888888889,11.0
0022400029,2024-11-22,2024-25,MIL,IND,1610612749,1610612754,129,117,MIL,1,12,12,2880.0,0.8248836561913291,0.5690832138061523,0.9931654334068298,2880.0,1641.1999999999998,1.0,0.569861111111111,0.0
0022400030,2024-11-22,2024-25,CHI,ATL,1610612741,1610612737,136,122,CHI,1,14,14,2880.0,0.7405516060917742,0.4721846580505371,0.9921971559524536,2661.0,1380.6000000000001,0.9239583333333333,0.47937500000000005,4.0
0022400031,2024-11-22,2024-25,HOU,POR,1610612745,1610612757,116,88,HOU,1,28,28,2880.0,0.9071316487342118,0.598152756690979,0.9995207786560059,2880.0,2446.0,1.0,0.8493055555555555,8.0
0022400032,2024-11-22,2024-25,NOP,GSW,1610612740,1610612744,108,112,GSW,0,-4,4,2880.0,0.8385472583808264,0.6705934703350067,0.9839272424578667,2880.0,2524.2,1.0,0.8764583333333332,6.0
0022400033,2024-11-22,2024-25,DEN,DAL,1610612743,1610612742,120,123,DAL,0,-3,3,2880.0,0.6199786821354387,0.20810049772262573,0.9559147544205189,2326.9,621.0,0.807951388888889,0.215625,5.0
0022400034,2024-11-22,2024-25,LAC,SAC,1610612746,1610612758,104,88,LAC,1,16,16,2880.0,0.8484771240771646,0.4481029808521271,0.9866349101066589,2777.0,2331.0,0.9642361111111111,0.809375,6.0
0022400264,2024-11-23,2024-25,UTA,NYK,1610612762,1610612752,121,106,UTA,1,15,15,2880.0,0.6463000118804889,0.291536808013916,0.9843431711196899,1786.0,1158.5,0.6201388888888889,0.40225694444444443,2.0
0022400265,2024-11-23,2024-25,ORL,DET,1610612753,1610612765,111,100,ORL,1,11,11,2880.0,0.8113655409941244,0.5738640427589417,0.9960250854492188,2880.0,1945.9,1.0,0.6756597222222223,6.0
0022400266,2024-11-23,2024-25,CHI,MEM,1610612741,1610612763,131,142,MEM,0,-11,11,2880.0,0.7765649648923783,0.5601768493652344,0.997487231856212,2880.0,1432.0,1.0,0.49722222222222223,0.0
0022400267,2024-11-23,2024-25,HOU,POR,1610612745,1610612757,98,104,POR,0,-6,6,2880.0,0.3753542980846639,0.17920070886611938,0.7863706797361374,338.0999999999999,4.300000000000182,0.1173958333333333,0.0014930555555556187,5.0
0022400268,2024-11-23,2024-25,MIL,CHA,1610612749,1610612766,125,119,MIL,1,6,6,2880.0,0.7596824818042418,0.541186511516571,0.993945300579071,2880.0,1044.0,1.0,0.3625,2.0
0022400269,2024-11-23,2024-25,SAS,GSW,1610612759,1610612744,104,94,SAS,1,10,10,2880.0,0.25273794577696307,0.01832161284983158,0.9625009894371033,228.0,195.0,0.07916666666666666,0.06770833333333333,17.0
0022400270,2024-11-23,2024-25,LAL,DEN,1610612747,1610612743,102,127,DEN,0,-25,25,2880.0,0.6061065958970256,0.2268776297569275,0.9994448497891426,1398.0,1026.0,0.48541666666666666,0.35625,10.0
0022400271,2024-11-24,2024-25,BOS,MIN,1610612738,1610612750,107,105,BOS,1,2,2,2880.0,0.7863724853222569,0.5408992767333984,0.9724029302597046,2880.0,1708.9,1.0,0.5933680555555556,6.0
0022400272,2024-11-24,2024-25,IND,WAS,1610612754,1610612764,115,103,IND,1,12,12,2880.0,0.6710254070266253,0.3982797861099243,0.9837028980255127,2375.1,946.0,0.8246875,0.3284722222222222,4.0
0022400273,2024-11-24,2024-25,MIA,DAL,1610612748,1610612742,123,118,MIA,1,5,5,3180.0,0.5438483360362878,0.1961454153060913,0.8905909657478333,1966.1000000000001,280.7999999999997,0.6182704402515724,0.08830188679245274,8.0
0022400274,2024-11-24,2024-25,PHI,LAC,1610612755,1610612746,99,125,LAC,0,-26,26,2880.0,0.9195465523082577,0.6457228064537048,0.9998799420864088,2880.0,2678.0,1.0,0.9298611111111111,2.0
0022400275,2024-11-24,2024-25,CLE,TOR,1610612739,1610612761,122,108,CLE,1,14,14,2880.0,0.9420291876089242,0.86369389295578,0.9918899536132812,2880.0,2880.0,1.0,1.0,2.0
0022400276,2024-11-24,2024-25,SAC,BKN,1610612758,1610612751,103,108,BKN,0,-5,5,2880.0,0.559784362896656,0.2651432156562805,0.8408983498811722,1703.8,256.6999999999998,0.5915972222222222,0.08913194444444437,4.0
0022400277,2024-11-25,2024-25,CHA,ORL,1610612766,1610612753,84,95,ORL,0,-11,11,2880.0,0.5897685696580447,0.32427090406417847,0.9685771502554417,2155.0,564.0,0.7482638888888888,0.19583333333333333,8.0
0022400278,2024-11-25,2024-25,DET,TOR,1610612765,1610612761,102,100,DET,1,2,2,2880.0,0.547040585739952,0.22780533134937286,0.8503364324569702,1509.1999999999998,587.0,0.5240277777777778,0.20381944444444444,8.0
0022400279,2024-11-25,2024-25,IND,NOP,1610612754,1610612740,114,110,IND,1,4,4,2880.0,0.7361862214923732,0.4415915906429291,0.9217005968093872,2807.0,1319.3,0.9746527777777778,0.4580902777777778,2.0
0022400280,2024-11-25,2024-25,ATL,DAL,1610612737,1610612742,119,129,DAL,0,-10,10,2880.0,0.5296468023397028,0.2192656397819519,0.95882348716259,1297.0,430.0,0.45034722222222223,0.14930555555555555,13.0
0022400281,2024-11-25,2024-25,BOS,LAC,1610612738,1610612746,126,94,BOS,1,32,32,2880.0,0.9015219085104762,0.6669159531593323,0.9998786449432373,2880.0,2403.0,1.0,0.834375,3.0
0022400282,2024-11-25,2024-25,MEM,POR,1610612763,1610612757,123,98,MEM,1,25,25,2880.0,0.8820930542424321,0.7285482287406921,0.9994326233863831,2880.0,2775.0,1.0,0.9635416666666666,0.0
0022400283,2024-11-25,2024-25,DEN,NYK,1610612743,1610612752,118,145,NYK,0,-27,27,2880.0,0.8307973575605461,0.3865005373954773,0.9995003932854161,2573.0,2033.0,0.8934027777777778,0.7059027777777778,2.0
0022400284,2024-11-25,2024-25,GSW,BKN,1610612744,1610612751,120,128,BKN,0,-8,8,2880.0,0.3055922387799041,0.03331524133682251,0.9171507656574249,516.0,178.0,0.17916666666666667,0.06180555555555556,18.0
0022400285,2024-11-25,2024-25,SAC,OKC,1610612758,1610612760,109,130,OKC,0,-21,21,2880.0,0.7826797880166689,0.6205417215824127,0.9984084247844294,2880.0,1065.0,1.0,0.3697916666666667,3.0
0022400035,2024-11-26,2024-25,WAS,CHI,1610612764,1610612741,108,127,CHI,0,-19,19,2880.0,0.731860438971281,0.3625597357749939,0.9995669685013127,2088.0,1496.0,0.725,0.5194444444444445,10.0
0022400036,2024-11-26,2024-25,MIA,MIL,1610612748,1610612749,103,106,MIL,0,-3,3,2880.0,0.6883039870278703,0.41301560401916504,0.9490519985556602,2713.0,937.8000000000002,0.9420138888888889,0.32562500000000005,0.0
0022400037,2024-11-26,2024-25,MIN,HOU,1610612750,1610612745,111,117,HOU,0,-6,6,3180.0,0.7043038786794263,0.1760677695274353,0.976942490786314,2874.0,1115.0,0.9037735849056604,0.35062893081761004,5.0
0022400038,2024-11-26,2024-25,UTA,SAS,1610612762,1610612759,115,128,SAS,0,-13,13,2880.0,0.6328380924995872,0.32001298666000366,0.9879221022129059,2252.6,752.0,0.7821527777777777,0.2611111111111111,8.0
0022400039,2024-11-26,2024-25,PHX,LAL,1610612756,1610612747,127,100,PHX,1,27,27,2880.0,0.6793520315726185,0.38711103796958923,0.9995377063751221,2102.4,1065.0,0.73,0.3697916666666667,4.0
0022400286,2024-11-27,2024-25,CHA,MIA,1610612766,1610612748,94,98,MIA,0,-4,4,2880.0,0.7082054502325547,0.314206063747406,0.9724161177873611,2751.0,1176.0,0.9552083333333333,0.4083333333333333,2.0
0022400287,2024-11-27,2024-25,CLE,ATL,1610612739,1610612737,124,135,ATL,0,-11,11,2880.0,0.29869947079957154,0.052162885665893555,0.9098410978913307,379.0,140.0,0.13159722222222223,0.04861111111111111,19.0
0022400288,2024-11-27,2024-25,IND,POR,1610612754,1610612757,121,114,IND,1,7,7,2880.0,0.6262565082797988,0.3957822024822235,0.938086211681366,2028.5,655.0,0.7043402777777777,0.22743055555555555,10.0
0022400289,2024-11-27,2024-25,ORL,CHI,1610612753,1610612741,133,119,ORL,1,14,14,2880.0,0.9201771060398054,0.7343428730964661,0.9984428286552429,2880.0,2823.0,1.0,0.9802083333333333,0.0
0022400290,2024-11-27,2024-25,PHI,HOU,1610612755,1610612745,115,122,HOU,0,-7,7,3180.0,0.8279515569092436,0.33916789293289185,0.9774834383279085,3167.0,2660.3,0.9959119496855345,0.8365723270440252,3.0
0022400291,2024-11-27,2024-25,WAS,LAC,1610612764,1610612746,96,121,LAC,0,-25,25,2880.0,0.8829144397492984,0.651640921831131,0.9999253274363582,2880.0,2428.0,1.0,0.8430555555555556,0.0
0022400292,2024-11-27,2024-25,DAL,NYK,1610612742,1610612752,129,114,DAL,1,15,15,2880.0,0.8530386013972263,0.4483843147754669,0.992953360080719,2735.0,2214.8,0.9496527777777778,0.7690277777777779,2.0
0022400293,2024-11-27,2024-25,MEM,DET,1610612763,1610612765,131,111,MEM,1,20,20,2880.0,0.840762894689623,0.4246208071708679,0.9989603757858276,2794.0,1948.0,0.9701388888888889,0.6763888888888889,11.0
0022400294,2024-11-27,2024-25,MIN,SAC,1610612750,1610612758,104,115,SAC,0,-11,11,2880.0,0.45610397294901,0.06012028455734253,0.9508991278707981,1142.0,196.20000000000027,0.39652777777777776,0.06812500000000009,12.0
0022400295,2024-11-27,2024-25,NOP,TOR,1610612740,1610612761,93,119,TOR,0,-26,26,2880.0,0.7542815276330274,0.31859105825424194,0.9998315033153631,2677.0,1449.2,0.9295138888888889,0.5031944444444445,6.0
0022400296,2024-11-27,2024-25,SAS,LAL,1610612759,1610612747,101,119,LAL,0,-18,18,2880.0,0.7524046909491799,0.34949278831481934,0.996819861466065,2590.0,1455.8,0.8993055555555556,0.5054861111111111,7.0
0022400297,2024-11-27,2024-25,PHX,BKN,1610612756,1610612751,117,127,BKN,0,-10,10,2880.0,0.5426423544635893,0.2357737421989441,0.9740006253123283,1323.0,812.5,0.459375,0.2821180555555556,7.0
0022400298,2024-11-27,2024-25,UTA,DEN,1610612762,1610612743,103,122,DEN,0,-19,19,2880.0,0.788604172698615,0.490810751914978,0.9982735238736495,2834.0,1490.5,0.9840277777777777,0.5175347222222222,12.0
0022400299,2024-11-27,2024-25,GSW,OKC,1610612744,1610612760,101,105,OKC,0,-4,4,2880.0,0.5780508890773893,0.181865394115448,0.8306060284376144,1988.6999999999998,295.89999999999986,0.6905208333333333,0.1027430555555555,3.0
0022400040,2024-11-29,2024-25,CHA,NYK,1610612766,1610612752,98,99,NYK,0,-1,1,2880.0,0.520536330832272,0.20596802234649658,0.8742078840732574,1621.7999999999997,183.69999999999982,0.5631249999999999,0.06378472222222216,10.0
0022400041,2024-11-29,2024-25,ATL,CLE,1610612737,1610612739,117,101,ATL,1,16,16,2880.0,0.581561993661647,0.2167513221502304,0.9953433275222778,1298.0,1147.0,0.45069444444444445,0.39826388888888886,8.0
0022400042,2024-11-29,2024-25,MEM,NOP,1610612763,1610612740,120,109,MEM,1,11,11,2880.0,0.8977899824020764,0.743826150894165,0.9950699806213379,2880.0,2864.0,1.0,0.9944444444444445,3.0
0022400043,2024-11-29,2024-25,BKN,ORL,1610612751,1610612753,100,123,ORL,0,-23,23,2880.0,0.8230022057826945,0.5250718593597412,0.9988542394712567,2880.0,1568.0,1.0,0.5444444444444444,5.0
0022400044,2024-11-29,2024-25,MIN,LAC,1610612750,1610612746,93,92,MIN,1,1,1,2880.0,0.5708498508069251,0.2300516813993454,0.8263102769851685,1969.3,341.0,0.6837847222222222,0.11840277777777777,3.0
0022400045,2024-11-29,2024-25,IND,DET,1610612754,1610612765,106,130,DET,0,-24,24,2880.0,0.7084627876879596,0.28802186250686646,0.9990672560525127,2311.0,1231.0,0.8024305555555555,0.42743055555555554,5.0
0022400046,2024-11-29,2024-25,MIA,TOR,1610612748,1610612761,121,111,MIA,1,10,10,2880.0,0.7506590072996915,0.4957756996154785,0.9842574596405029,2862.0,1168.5,0.99375,0.40572916666666664,7.0
0022400047,2024-11-29,2024-25,CHI,BOS,1610612741,1610612738,129,138,BOS,0,-9,9,2880.0,0.7912444663602703,0.4313666820526123,0.988078841008246,2822.0,2032.2999999999997,0.9798611111111111,0.7056597222222222,9.0
0022400048,2024-11-29,2024-25,LAL,OKC,1610612747,1610612760,93,101,OKC,0,-8,8,2880.0,0.5802796532663828,0.27855581045150757,0.9206491559743881,2377.6,149.5,0.8255555555555555,0.051909722222222225,3.0
0022400049,2024-11-29,2024-25,POR,SAC,1610612757,1610612758,115,106,POR,1,9,9,2880.0,0.7002228203509002,0.4000296890735626,0.9918456673622131,1907.0,1241.0,0.6621527777777778,0.4309027777777778,7.0
0022400300,2024-11-30,2024-25,CHA,ATL,1610612766,1610612737,104,107,ATL,0,-3,3,2880.0,0.5699647106369958,0.3135427236557007,0.8945972919464111,1632.0,481.4000000000001,0.5666666666666667,0.16715277777777782,9.0
0022400301,2024-11-30,2024-25,DET,PHI,1610612765,1610612755,96,111,PHI,0,-15,15,2880.0,0.7482792660347574,0.25657862424850464,0.9966424563899636,2566.0,1295.0,0.8909722222222223,0.4496527777777778,0.0
0022400302,2024-11-30,2024-25,MIL,WAS,1610612749,1610612764,124,114,MIL,1,10,10,2880.0,0.7599707421122326,0.528389573097229,0.9814867377281189,2880.0,1671.4,1.0,0.5803472222222222,5.0
0022400303,2024-11-30,2024-25,PHX,GSW,1610612756,1610612744,113,105,PHX,1,8,8,2880.0,0.6887900417380863,0.37046095728874207,0.9784131646156311,2193.7,1542.3000000000002,0.7617013888888888,0.5355208333333334,5.0
0022400304,2024-11-30,2024-25,UTA,DAL,1610612762,1610612742,94,106,DAL,0,-12,12,2880.0,0.8458956337908684,0.6496955752372742,0.9906318644061685,2880.0,2421.3999999999996,1.0,0.8407638888888888,0.0
0022400305,2024-12-01,2024-25,BKN,ORL,1610612751,1610612753,92,100,ORL,0,-8,8,2880.0,0.6995511152401256,0.5149566233158112,0.9585949815809727,2880.0,890.0,1.0,0.3090277777777778,5.0
0022400306,2024-12-01,2024-25,MEM,IND,1610612763,1610612754,136,121,MEM,1,15,15,2880.0,0.6317836708854884,0.27883923053741455,0.9867355823516846,1777.5,1047.0,0.6171875,0.36354166666666665,19.0
0022400307,2024-12-01,2024-25,CLE,BOS,1610612739,1610612738,115,111,CLE,1,4,4,2880.0,0.661629598652944,0.17671141028404236,0.9132809638977051,2092.0,1683.0,0.7263888888888889,0.584375,14.0
0022400308,2024-12-01,2024-25,NYK,NOP,1610612752,1610612740,118,85,NYK,1,33,33,2880.0,0.9628685840695269,0.7965677380561829,0.9999861717224121,2880.0,2880.0,1.0,1.0,1.0
0022400309,2024-12-01,2024-25,TOR,MIA,1610612761,1610612748,119,116,TOR,1,3,3,2880.0,0.6062188244911118,0.29014497995376587,0.9631550908088684,1672.9,900.0,0.5808680555555555,0.3125,6.0
0022400310,2024-12-01,2024-25,HOU,OKC,1610612745,1610612760,119,116,HOU,1,3,3,2880.0,0.5690800368434026,0.20861318707466125,0.8370144367218018,2193.0,218.70000000000027,0.7614583333333333,0.07593750000000009,8.0
0022400311,2024-12-01,2024-25,UTA,LAL,1610612762,1610612747,104,105,LAL,0,-1,1,2880.0,0.6635497337610772,0.43089646100997925,0.9465780705213547,2626.0,779.5,0.9118055555555555,0.27065972222222223,6.0
0022400312,2024-12-01,2024-25,POR,DAL,1610612757,1610612742,131,137,DAL,0,-6,6,2880.0,0.6438357270393882,0.42474502325057983,0.9543519429862499,2418.5,779.5,0.8397569444444445,0.27065972222222223,10.0
0022400313,2024-12-01,2024-25,SAC,SAS,1610612758,1610612759,125,127,SAS,0,-2,2,2880.0,0.4344756541240754,0.19330447912216187,0.8763594925403595,679.0,183.19999999999982,0.23576388888888888,0.06361111111111105,17.0
0022400314,2024-12-01,2024-25,LAC,DEN,1610612746,1610612743,126,122,LAC,1,4,4,2880.0,0.5869239527100905,0.18232737481594086,0.8805442452430725,2182.2999999999997,257.0,0.7577430555555554,0.08923611111111111,10.0
0022400315,2024-12-02,2024-25,ATL,NOP,1610612737,1610612740,124,112,ATL,1,12,12,2880.0,0.7006532676186826,0.38538655638694763,0.9841870665550232,2484.1,1113.0,0.8625347222222222,0.38645833333333335,9.0
0022400316,2024-12-02,2024-25,BOS,MIA,1610612738,1610612748,108,89,BOS,1,19,19,2880.0,0.8855376603433657,0.560117244720459,0.998332679271698,2880.0,2468.6,1.0,0.8571527777777778,7.0
0022400317,2024-12-02,2024-25,CHI,BKN,1610612741,1610612751,128,102,CHI,1,26,26,2880.0,0.742929091816768,0.4343399405479431,0.9994608759880066,2345.1,1382.0,0.8142708333333333,0.4798611111111111,6.0
0022400318,2024-12-02,2024-25,MIN,LAL,1610612750,1610612747,109,80,MIN,1,29,29,2880.0,0.7313416597443737,0.3926580548286438,0.999512791633606,2110.0,1536.0,0.7326388888888888,0.5333333333333333,4.0
0022400050,2024-12-03,2024-25,CHA,PHI,1610612766,1610612755,104,110,PHI,0,-6,6,2880.0,0.7058703728369438,0.3187769651412964,0.9597740918397903,2470.0,1266.3,0.8576388888888888,0.4396875,3.0
0022400051,2024-12-03,2024-25,CLE,WAS,1610612739,1610612764,118,87,CLE,1,31,31,2880.0,0.9672060050836039,0.8970810174942017,0.9999130964279175,2880.0,2880.0,1.0,1.0,0.0
0022400052,2024-12-03,2024-25,DET,MIL,1610612765,1610612749,107,128,MIL,0,-21,21,2880.0,0.8147391167460188,0.46878087520599365,0.9983327614609152,2829.0,1707.0,0.9822916666666667,0.5927083333333333,4.0
0022400053,2024-12-03,2024-25,NYK,ORL,1610612752,1610612753,121,106,NYK,1,15,15,2880.0,0.817414207201865,0.3722015917301178,0.9994402527809143,2341.0,2032.0,0.8128472222222223,0.7055555555555556,8.0
0022400054,2024-12-03,2024-25,TOR,IND,1610612761,1610612754,122,111,TOR,1,11,11,2880.0,0.8018761491196023,0.46643751859664917,0.9892325401306152,2779.0,1918.0,0.9649305555555555,0.6659722222222222,0.0
0022400055,2024-12-03,2024-25,OKC,UTA,1610612760,1610612762,133,106,OKC,1,27,27,2880.0,0.936607229190154,0.7538769245147705,0.9997640252113342,2880.0,2880.0,1.0,1.0,9.0
0022400056,2024-12-03,2024-25,DAL,MEM,1610612742,1610612763,121,116,DAL,1,5,5,2880.0,0.3772364579937938,0.04162967950105667,0.8946650624275208,769.0,49.30000000000018,0.2670138888888889,0.01711805555555562,15.0
0022400057,2024-12-03,2024-25,PHX,SAS,1610612756,1610612759,104,93,PHX,1,11,11,2880.0,0.7690376465622749,0.5916082262992859,0.9840562343597412,2880.0,1331.9,1.0,0.4624652777777778,0.0
0022400058,2024-12-03,2024-25,DEN,GSW,1610612743,1610612744,119,115,DEN,1,4,4,2880.0,0.43195959793662453,0.06297526508569717,0.8198925256729126,1162.0,14.300000000000182,0.40347222222222223,0.004965277777777841,12.0
0022400059,2024-12-03,2024-25,SAC,HOU,1610612758,1610612745,120,111,SAC,1,9,9,2880.0,0.5329968084570849,0.13810531795024872,0.9793838858604431,1259.0,1131.0,0.4371527777777778,0.3927083333333333,11.0
0022400060,2024-12-03,2024-25,LAC,POR,1610612746,1610612757,127,105,LAC,1,22,22,2880.0,0.8261873353127804,0.6437680721282959,0.9990260601043701,2880.0,2052.9,1.0,0.7128125000000001,2.0
0022400319,2024-12-04,2024-25,BOS,DET,1610612738,1610612765,130,120,BOS,1,10,10,2880.0,0.9279001193555693,0.7992622256278992,0.9879669547080994,2880.0,2880.0,1.0,1.0,0.0
0022400320,2024-12-04,2024-25,BKN,IND,1610612751,1610612754,99,90,BKN,1,9,9,2880.0,0.7937296755839555,0.5052927732467651,0.9741765260696411,2880.0,1830.7000000000003,1.0,0.6356597222222223,3.0
0022400321,2024-12-04,2024-25,MIA,LAL,1610612748,1610612747,134,93,MIA,1,41,41,2880.0,0.8300727618071767,0.42572274804115295,0.9999806880950928,2696.0,1792.0,0.9361111111111111,0.6222222222222222,3.0
0022400322,2024-12-04,2024-25,PHI,ORL,1610612755,1610612753,102,106,ORL,0,-4,4,2880.0,0.7552670878834196,0.49292701482772827,0.9710033442825079,2869.0,1585.6999999999998,0.9961805555555555,0.5505902777777777,6.0
0022400323,2024-12-04,2024-25,MIL,ATL,1610612749,1610612737,104,119,ATL,0,-15,15,2880.0,0.6757268428092034,0.24656057357788086,0.988719698973,2139.9,1386.0,0.7430208333333334,0.48125,10.0
0022400324,2024-12-04,2024-25,LAC,MIN,1610612746,1610612750,80,108,MIN,0,-28,28,2880.0,0.842770479888009,0.3499279022216797,0.9996221292822156,2491.0,2148.0,0.8649305555555555,0.7458333333333333,1.0
0022400325,2024-12-05,2024-25,CLE,DEN,1610612739,1610612743,126,114,CLE,1,12,12,2880.0,0.8147271571577424,0.5710670948028564,0.9842637181282043,2880.0,1885.5,1.0,0.6546875,4.0
0022400326,2024-12-05,2024-25,WAS,DAL,1610612764,1610612742,101,137,DAL,0,-36,36,2880.0,0.9270427370376363,0.6958438456058502,0.999993933090991,2880.0,2651.0,1.0,0.9204861111111111,3.0
0022400327,2024-12-05,2024-25,NYK,CHA,1610612752,1610612766,125,101,NYK,1,24,24,2880.0,0.8055654836363263,0.4751227796077728,0.9994182586669922,2859.0,1555.0,0.9927083333333333,0.5399305555555556,13.0
0022400328,2024-12-05,2024-25,TOR,OKC,1610612761,1610612760,92,129,OKC,0,-37,37,2880.0,0.9425246165530805,0.7452750504016876,0.9999912988123469,2880.0,2854.0,1.0,0.9909722222222223,3.0
0022400329,2024-12-05,2024-25,MEM,SAC,1610612763,1610612758,115,110,MEM,1,5,5,2880.0,0.5944629651763372,0.36453500390052795,0.8411329388618469,2174.0,246.30000000000018,0.7548611111111111,0.0855208333333334,12.0
0022400330,2024-12-05,2024-25,NOP,PHX,1610612740,1610612756,126,124,NOP,1,2,2,2880.0,0.400111307897605,0.08240880817174911,0.8807740807533264,744.0,300.40000000000055,0.25833333333333336,0.10430555555555575,13.0
0022400331,2024-12-05,2024-25,SAS,CHI,1610612759,1610612741,124,139,CHI,0,-15,15,2880.0,0.7637299318450579,0.34982115030288696,0.99083839263767,2463.0,1780.0,0.8552083333333333,0.6180555555555556,0.0
0022400332,2024-12-05,2024-25,GSW,HOU,1610612744,1610612745,99,93,GSW,1,6,6,2880.0,0.644395405990589,0.3980724513530731,0.9050224423408508,2232.3,937.0,0.7751041666666667,0.32534722222222223,5.0
0022400333,2024-12-06,2024-25,PHI,ORL,1610612755,1610612753,102,94,PHI,1,8,8,2880.0,0.5425904890496491,0.23245298862457275,0.9529639482498169,1442.8999999999999,790.0,0.5010069444444444,0.2743055555555556,4.0
0022400334,2024-12-06,2024-25,ATL,LAL,1610612737,1610612747,134,132,ATL,1,2,2,3180.0,0.4991423815498187,0.20379363000392914,0.8104380965232849,1926.6,40.90000000000009,0.6058490566037735,0.012861635220125815,11.0
0022400335,2024-12-06,2024-25,BOS,MIL,1610612738,1610612749,111,105,BOS,1,6,6,2880.0,0.6602241064235568,0.382924884557724,0.8650132417678833,2758.4,421.0,0.9577777777777778,0.14618055555555556,6.0
0022400336,2024-12-06,2024-25,CHI,IND,1610612741,1610612754,123,132,IND,0,-9,9,2880.0,0.6316574156506815,0.3181533217430115,0.9504026286303997,1892.0,905.3999999999999,0.6569444444444444,0.31437499999999996,6.0
0022400337,2024-12-06,2024-25,SAS,SAC,1610612759,1610612758,113,140,SAC,0,-27,27,2880.0,0.6597710120161537,0.19753068685531616,0.9994359277188778,1959.0,1085.0,0.6802083333333333,0.3767361111111111,13.0
0022400338,2024-12-06,2024-25,GSW,MIN,1610612744,1610612750,90,107,MIN,0,-17,17,2880.0,0.6177253887946588,0.267875075340271,0.9970461628399789,1903.0,823.8,0.6607638888888889,0.28604166666666664,7.0
0022400339,2024-12-06,2024-25,POR,UTA,1610612757,1610612762,99,141,UTA,0,-42,42,2880.0,0.8187222999730579,0.2967984676361084,0.9999921754824754,2681.0,1716.0,0.9309027777777777,0.5958333333333333,1.0
0022400340,2024-12-07,2024-25,CHA,CLE,1610612766,1610612739,102,116,CLE,0,-14,14,2880.0,0.9347233099564699,0.7818567901849747,0.9973962588701397,2880.0,2880.0,1.0,1.0,1.0
0022400341,2024-12-07,2024-25,WAS,DEN,1610612764,1610612743,122,113,WAS,1,9,9,2880.0,0.6509990141975384,0.3249751627445221,0.9492273926734924,2362.0,899.0999999999999,0.8201388888888889,0.31218749999999995,2.0
0022400342,2024-12-07,2024-25,NOP,OKC,1610612740,1610612760,109,119,OKC,0,-10,10,2880.0,0.9562138515027941,0.8150286078453064,0.9989707987988368,2880.0,2880.0,1.0,1.0,0.0
0022400343,2024-12-07,2024-25,NYK,DET,1610612752,1610612765,111,120,DET,0,-9,9,2880.0,0.631137276712236,0.2574096918106079,0.9672793969511986,2193.0,646.0,0.7614583333333333,0.22430555555555556,0.0
0022400344,2024-12-07,2024-25,TOR,DAL,1610612761,1610612742,118,125,DAL,0,-7,7,2880.0,0.8781483572031072,0.6154137253761292,0.9957914897240698,2880.0,2249.8,1.0,0.7811805555555557,5.0
0022400345,2024-12-07,2024-25,BOS,MEM,1610612738,1610612763,121,127,MEM,0,-6,6,2880.0,0.5195994581023439,0.21408092975616455,0.902196116745472,1425.0,282.0,0.4947916666666667,0.09791666666666667,4.0
0022400346,2024-12-07,2024-25,MIA,PHX,1610612748,1610612756,121,111,MIA,1,10,10,2880.0,0.6247845275358608,0.3950686454772949,0.96205735206604,1819.3000000000002,942.3000000000002,0.6317013888888889,0.3271875000000001,5.0
0022400347,2024-12-08,2024-25,CHI,PHI,1610612741,1610612755,100,108,PHI,0,-8,8,2880.0,0.5780345861476639,0.182403564453125,0.9295358583331108,1742.0,1146.0,0.6048611111111111,0.39791666666666664,10.0
0022400348,2024-12-08,2024-25,BKN,MIL,1610612751,1610612749,113,118,MIL,0,-5,5,2880.0,0.4304282939289179,0.11577612161636353,0.8694744110107422,1153.4,38.59999999999991,0.40048611111111115,0.013402777777777746,12.0
0022400349,2024-12-08,2024-25,IND,CHA,1610612754,1610612766,109,113,CHA,0,-4,4,2880.0,0.5119106024648581,0.2964397072792053,0.8850160017609596,1106.5,292.0,0.3842013888888889,0.10138888888888889,2.0
0022400350,2024-12-08,2024-25,ATL,DEN,1610612737,1610612743,111,141,DEN,0,-30,30,2880.0,0.8373593470362221,0.4767991900444031,0.9998361175094033,2859.0,1982.6,0.9927083333333333,0.6884027777777777,0.0
0022400351,2024-12-08,2024-25,MIA,CLE,1610612748,1610612739,122,113,MIA,1,9,9,2880.0,0.653766558839836,0.3026428818702698,0.9890246987342834,1544.5,1389.0,0.5362847222222222,0.4822916666666667,6.0
0022400352,2024-12-08,2024-25,ORL,PHX,1610612753,1610612756,115,110,ORL,1,5,5,2880.0,0.5282722557129131,0.25667694211006165,0.8676964640617371,1727.7,244.0,0.5998958333333333,0.08472222222222223,12.0
0022400353,2024-12-08,2024-25,WAS,MEM,1610612764,1610612763,112,140,MEM,0,-28,28,2880.0,0.9338197231766736,0.7406079173088074,0.9999315677341656,2880.0,2833.0,1.0,0.9836805555555556,2.0
0022400354,2024-12-08,2024-25,SAS,NOP,1610612759,1610612740,121,116,SAS,1,5,5,2880.0,0.73127055999409,0.35002875328063965,0.9633685946464539,2698.7000000000003,1561.1999999999998,0.9370486111111112,0.5420833333333333,8.0
0022400355,2024-12-08,2024-25,GSW,MIN,1610612744,1610612750,114,106,GSW,1,8,8,2880.0,0.5430178712649891,0.27268874645233154,0.9199443459510803,1466.6,325.0,0.5092361111111111,0.11284722222222222,12.0
0022400356,2024-12-08,2024-25,LAC,HOU,1610612746,1610612745,106,117,HOU,0,-11,11,2880.0,0.7505846251504652,0.44547873735427856,0.9701780304312706,2775.0,1455.1,0.9635416666666666,0.5052430555555555,5.0
0022400357,2024-12-08,2024-25,SAC,UTA,1610612758,1610612762,141,97,SAC,1,44,44,2880.0,0.9041216695701908,0.7152289152145386,0.9999970197677612,2880.0,2762.0,1.0,0.9590277777777778,0.0
0022400358,2024-12-08,2024-25,LAL,POR,1610612747,1610612757,107,98,LAL,1,9,9,2880.0,0.7833845767813424,0.4875263273715973,0.9963662624359131,2867.0,1648.8000000000002,0.9954861111111111,0.5725,8.0
0022400359,2024-12-09,2024-25,TOR,NYK,1610612761,1610612752,108,113,NYK,0,-5,5,2880.0,0.6087199184914223,0.30074018239974976,0.9050384759902954,2307.0,366.7000000000003,0.8010416666666667,0.12732638888888897,6.0
0022401201,2024-12-10,2024-25,MIL,ORL,1610612749,1610612753,114,109,MIL,1,5,5,2880.0,0.4492436755893545,0.2154339849948883,0.8336552977561951,736.0,179.59999999999945,0.25555555555555554,0.06236111111111092,11.0
0022401203,2024-12-10,2024-25,OKC,DAL,1610612760,1610612742,118,104,OKC,1,14,14,2880.0,0.8017035321891307,0.5792231559753418,0.9892100691795349,2880.0,1414.9,1.0,0.49128472222222225,8.0
0022401202,2024-12-11,2024-25,NYK,ATL,1610612752,1610612737,100,108,ATL,0,-8,8,2880.0,0.46046229891349666,0.18544548749923706,0.953245285898447,1002.0,696.5,0.34791666666666665,0.24184027777777778,12.0
0022401204,2024-12-11,2024-25,HOU,GSW,1610612745,1610612744,91,90,HOU,1,1,1,2880.0,0.576655165279905,0.20603840053081512,0.8508419394493103,2238.5,311.0,0.7772569444444445,0.10798611111111112,7.0
0022401205,2024-12-12,2024-25,BOS,DET,1610612738,1610612765,123,99,BOS,1,24,24,2880.0,0.9198878135946061,0.7669224143028259,0.9997944235801697,2880.0,2880.0,1.0,1.0,2.0
0022401206,2024-12-12,2024-25,MIA,TOR,1610612748,1610612761,114,104,MIA,1,10,10,2880.0,0.7707824389512341,0.3415890336036682,0.9952734112739563,2602.0,1641.0,0.9034722222222222,0.5697916666666667,16.0
0022401207,2024-12-12,2024-25,NOP,SAC,1610612740,1610612758,109,111,SAC,0,-2,2,2880.0,0.6514093892452203,0.3817760944366455,0.9771396685391665,2141.5,834.0,0.7435763888888889,0.28958333333333336,6.0
0022401208,2024-12-13,2024-25,CLE,WAS,1610612739,1610612764,115,105,CLE,1,10,10,2880.0,0.8825034558131462,0.6106212735176086,0.9815242886543274,2880.0,2811.0,1.0,0.9760416666666667,9.0
0022401209,2024-12-13,2024-25,PHI,IND,1610612755,1610612754,107,121,IND,0,-14,14,2880.0,0.7206555020986707,0.348774254322052,0.9941905895248055,2578.0,1313.0,0.8951388888888889,0.45590277777777777,7.0
0022401210,2024-12-13,2024-25,MIN,LAL,1610612750,1610612747,97,87,MIN,1,10,10,2880.0,0.7235172124641638,0.5429487824440002,0.9535000324249268,2880.0,1181.6999999999998,1.0,0.4103124999999999,0.0
0022401211,2024-12-13,2024-25,MEM,BKN,1610612763,1610612751,135,119,MEM,1,16,16,2880.0,0.8527564179752436,0.6749261617660522,0.9962998032569885,2880.0,2491.5,1.0,0.8651041666666667,2.0
0022401212,2024-12-13,2024-25,CHI,CHA,1610612741,1610612766,109,95,CHI,1,14,14,2880.0,0.8658440538557866,0.6372594237327576,0.9970880150794983,2880.0,2465.1,1.0,0.8559375,2.0
0022401213,2024-12-13,2024-25,DEN,LAC,1610612743,1610612746,120,98,DEN,1,22,22,2880.0,0.7229609012065661,0.4231073260307312,0.9985377788543701,2673.0,1072.0,0.928125,0.37222222222222223,6.0
0022401214,2024-12-13,2024-25,UTA,PHX,1610612762,1610612756,126,134,PHX,0,-8,8,2880.0,0.7200100294781927,0.44367194175720215,0.9752171207219362,2584.0,1395.1,0.8972222222222223,0.48440972222222217,9.0
0022401215,2024-12-13,2024-25,POR,SAS,1610612757,1610612759,116,118,SAS,0,-2,2,2880.0,0.5078186436116489,0.0232505202293396,0.8157557100057602,1922.3999999999996,85.70000000000005,0.6674999999999999,0.02975694444444446,17.0
0022401229,2024-12-14,2024-25,MIL,ATL,1610612749,1610612737,110,102,MIL,1,8,8,2880.0,0.6327431626804173,0.4439980685710907,0.9206567406654358,2629.8,254.0,0.9131250000000001,0.08819444444444445,6.0
0022401230,2024-12-14,2024-25,OKC,HOU,1610612760,1610612745,111,96,OKC,1,15,15,2880.0,0.7565412392115427,0.5670008063316345,0.9881266355514526,2880.0,1056.0,1.0,0.36666666666666664,7.0
0022401216,2024-12-15,2024-25,IND,NOP,1610612754,1610612740,119,104,IND,1,15,15,2880.0,0.8829006314153471,0.6048917770385742,0.9968916773796082,2880.0,2287.5,1.0,0.7942708333333334,6.0
0022401217,2024-12-15,2024-25,WAS,BOS,1610612764,1610612738,98,112,BOS,0,-14,14,2880.0,0.948422087443509,0.7927698194980621,0.9992376283043995,2880.0,2880.0,1.0,1.0,8.0
0022401218,2024-12-15,2024-25,SAS,MIN,1610612759,1610612750,92,106,MIN,0,-14,14,2880.0,0.7071192093399521,0.4215601086616516,0.9974604151211679,2642.0,1261.0,0.9173611111111111,0.4378472222222222,2.0
0022401219,2024-12-15,2024-25,PHX,POR,1610612756,1610612757,116,109,PHX,1,7,7,2880.0,0.7849612904609078,0.5013405084609985,0.9875065088272095,2880.0,2053.2,1.0,0.7129166666666666,5.0
0022401220,2024-12-15,2024-25,LAL,MEM,1610612747,1610612763,116,110,LAL,1,6,6,2880.0,0.7525513374008652,0.3855469226837158,0.9706020951271057,2337.7,1778.0,0.8117013888888889,0.6173611111111111,0.0
0022401227,2024-12-15,2024-25,ORL,NYK,1610612753,1610612752,91,100,NYK,0,-9,9,2880.0,0.6520705813984387,0.38505733013153076,0.9653824120759964,2213.0,826.9000000000001,0.7684027777777778,0.2871180555555556,3.0
0022401228,2024-12-15,2024-25,GSW,DAL,1610612744,1610612742,133,143,DAL,0,-10,10,2880.0,0.8028797740374122,0.5243765413761139,0.9673912785947323,2880.0,1870.0,1.0,0.6493055555555556,1.0
0022401221,2024-12-16,2024-25,DET,MIA,1610612765,1610612748,125,124,DET,1,1,1,3180.0,0.6631820173235902,0.05655941739678383,0.9849175810813904,2207.2,1264.3000000000002,0.6940880503144653,0.3975786163522013,8.0
0022401222,2024-12-16,2024-25,CHA,PHI,1610612766,1610612755,108,121,PHI,0,-13,13,2880.0,0.714465689466128,0.4056786298751831,0.9815168250352144,2755.0,995.0,0.9565972222222222,0.3454861111111111,1.0
0022401223,2024-12-16,2024-25,TOR,CHI,1610612761,1610612741,121,122,CHI,0,-1,1,2880.0,0.7145595031159205,0.4479466676712036,0.9772101677954197,2815.0,957.1999999999998,0.9774305555555556,0.33236111111111105,5.0
0022401224,2024-12-16,2024-25,BKN,CLE,1610612751,1610612739,101,130,CLE,0,-29,29,2880.0,0.9297785992097188,0.6705417633056641,0.9999836846345715,2880.0,2452.0,1.0,0.8513888888888889,7.0
0022401225,2024-12-16,2024-25,SAC,DEN,1610612758,1610612743,129,130,DEN,0,-1,1,2880.0,0.544324539519536,0.07656174898147583,0.9017276093363762,1716.3999999999996,840.5,0.5959722222222221,0.29184027777777777,10.0
0022401226,2024-12-16,2024-25,LAC,UTA,1610612746,1610612762,144,107,LAC,1,37,37,2880.0,0.9687723249486749,0.7850478291511536,0.9999837875366211,2880.0,2880.0,1.0,1.0,0.0
0022400360,2024-12-19,2024-25,DET,UTA,1610612765,1610612762,119,126,UTA,0,-7,7,2880.0,0.7696866676819304,0.24819976091384888,0.9778519403189421,2589.0,1831.0,0.8989583333333333,0.6357638888888889,3.0
0022400361,2024-12-19,2024-25,ORL,OKC,1610612753,1610612760,99,105,OKC,0,-6,6,2880.0,0.7504717571600082,0.4741414785385132,0.9764189105480909,2785.0,1540.0,0.9670138888888888,0.5347222222222222,3.0
0022400362,2024-12-19,2024-25,WAS,CHA,1610612764,1610612766,123,114,WAS,1,9,9,2880.0,0.5885581410407192,0.2411833554506302,0.9761613011360168,2127.5,465.0,0.7387152777777778,0.16145833333333334,7.0
0022400363,2024-12-19,2024-25,BOS,CHI,1610612738,1610612741,108,117,CHI,0,-9,9,2880.0,0.35099450038357943,0.14646697044372559,0.9298032075166702,543.0,241.0,0.18854166666666666,0.08368055555555555,8.0
0022400364,2024-12-19,2024-25,TOR,BKN,1610612761,1610612751,94,101,BKN,0,-7,7,2880.0,0.4462330237481123,0.10599535703659058,0.9285866469144821,930.1,80.0,0.3229513888888889,0.027777777777777776,10.0
0022400365,2024-12-19,2024-25,HOU,NOP,1610612745,1610612740,133,113,HOU,1,20,20,2880.0,0.9477283309524258,0.794424831867218,0.9986391663551331,2880.0,2880.0,1.0,1.0,5.0
0022400366,2024-12-19,2024-25,MEM,GSW,1610612763,1610612744,144,93,MEM,1,51,51,2880.0,0.9372286011506286,0.6396826505661011,0.9999996423721313,2880.0,2737.0,1.0,0.9503472222222222,0.0
0022400367,2024-12-19,2024-25,MIN,NYK,1610612750,1610612752,107,133,NYK,0,-26,26,2880.0,0.8283976636314754,0.3814806342124939,0.9997648253920488,2403.4,1962.0,0.8345138888888889,0.68125,7.0
0022400368,2024-12-19,2024-25,DAL,LAC,1610612742,1610612746,95,118,LAC,0,-23,23,2880.0,0.551778137289366,0.2505095601081848,0.9976213502231985,1136.0,937.0,0.39444444444444443,0.32534722222222223,8.0
0022400369,2024-12-19,2024-25,PHX,IND,1610612756,1610612754,111,120,IND,0,-9,9,2880.0,0.6122354830352641,0.23643648624420166,0.9804038088768721,1473.3,1038.0,0.5115625,0.36041666666666666,8.0
0022400370,2024-12-19,2024-25,SAS,ATL,1610612759,1610612737,133,126,SAS,1,7,7,3180.0,0.553768124818427,0.23559381067752838,0.9240965247154236,2175.6,197.0,0.6841509433962264,0.061949685534591195,11.0
0022400371,2024-12-19,2024-25,POR,DEN,1610612757,1610612743,126,124,POR,1,2,2,2880.0,0.5856072026491166,0.26578474044799805,0.9614346623420715,1515.9,909.0,0.5263541666666667,0.315625,9.0
0022400372,2024-12-19,2024-25,SAC,LAL,1610612758,1610612747,100,113,LAL,0,-13,13,2880.0,0.6280447936467438,0.43368929624557495,0.9873368330299854,2210.7,540.0,0.7676041666666666,0.1875,5.0
0022400373,2024-12-20,2024-25,PHI,CHA,1610612755,1610612766,108,98,PHI,1,10,10,2880.0,0.8789624506731828,0.6387278437614441,0.9889631271362305,2880.0,2600.0,1.0,0.9027777777777778,0.0
0022400374,2024-12-20,2024-25,CLE,MIL,1610612739,1610612749,124,101,CLE,1,23,23,2880.0,0.9065817038818367,0.6977062225341797,0.9996589422225952,2880.0,2621.1,1.0,0.9101041666666666,1.0
0022400375,2024-12-20,2024-25,MIA,OKC,1610612748,1610612760,97,104,OKC,0,-7,7,2880.0,0.7382544810446496,0.480313777923584,0.9540854133665562,2871.0,1090.0,0.996875,0.3784722222222222,5.0
0022400376,2024-12-21,2024-25,SAC,LAL,1610612758,1610612747,99,103,LAL,0,-4,4,2880.0,0.6049367219178626,0.41210752725601196,0.9226895943284035,2296.6,430.1999999999998,0.7974305555555555,0.14937499999999992,2.0
0022400377,2024-12-21,2024-25,ORL,MIA,1610612753,1610612748,121,114,ORL,1,7,7,2880.0,0.2661623640765255,0.014586183242499828,0.8913549184799194,651.0,69.0,0.22604166666666667,0.023958333333333335,25.0
0022400378,2024-12-21,2024-25,ATL,MEM,1610612737,1610612763,112,128,MEM,0,-16,16,2880.0,0.9011318008343207,0.6129886507987976,0.9984466567402706,2880.0,2402.0,1.0,0.8340277777777778,0.0
0022400379,2024-12-21,2024-25,BKN,UTA,1610612751,1610612762,94,105,UTA,0,-11,11,2880.0,0.5621103969909664,0.20608913898468018,0.982540076598525,1586.0,884.0,0.5506944444444445,0.30694444444444446,7.0
0022400380,2024-12-21,2024-25,CLE,PHI,1610612739,1610612755,126,99,CLE,1,27,27,2880.0,0.8840348543019758,0.6135886907577515,0.999873161315918,2880.0,2396.0,1.0,0.8319444444444445,11.0
0022400381,2024-12-21,2024-25,CHI,BOS,1610612741,1610612738,98,123,BOS,0,-25,25,2880.0,0.8227830656844405,0.6397141516208649,0.9997969342366559,2880.0,1636.0,1.0,0.5680555555555555,4.0
0022400382,2024-12-21,2024-25,MIL,WAS,1610612749,1610612764,112,101,MIL,1,11,11,2880.0,0.8968253483850922,0.6769615411758423,0.9993427395820618,2880.0,2712.3,1.0,0.9417708333333334,4.0
0022400383,2024-12-21,2024-25,MIN,GSW,1610612750,1610612744,103,113,GSW,0,-10,10,2880.0,0.6418385241783431,0.40818166732788086,0.9352597594261169,2413.0,873.8,0.8378472222222222,0.30340277777777774,1.0
0022400384,2024-12-21,2024-25,NOP,NYK,1610612740,1610612752,93,104,NYK,0,-11,11,2880.0,0.6601933915150261,0.22643959522247314,0.9894406264647841,1982.0,1093.0,0.6881944444444444,0.3795138888888889,14.0
0022400385,2024-12-21,2024-25,DAL,LAC,1610612742,1610612746,113,97,DAL,1,16,16,2880.0,0.7611220150958331,0.503578782081604,0.985822856426239,2880.0,1571.0,1.0,0.5454861111111111,2.0
0022400386,2024-12-21,2024-25,SAS,POR,1610612759,1610612757,114,94,SAS,1,20,20,2880.0,0.8683670538498297,0.675869345664978,0.9992246627807617,2880.0,2369.0,1.0,0.8225694444444445,2.0
0022400387,2024-12-21,2024-25,PHX,DET,1610612756,1610612765,125,133,DET,0,-8,8,2880.0,0.6574334462796751,0.2920864224433899,0.9102518409490585,2529.1000000000004,929.0,0.8781597222222224,0.32256944444444446,2.0
0022400388,2024-12-22,2024-25,TOR,HOU,1610612761,1610612745,110,114,HOU,0,-4,4,2880.0,0.6737319734521832,0.4181179404258728,0.9807006120681763,2535.7000000000003,815.0,0.880451388888889,0.2829861111111111,16.0
0022400389,2024-12-22,2024-25,SAC,IND,1610612758,1610612754,95,122,IND,0,-27,27,2880.0,0.6208566730269558,0.29497861862182617,0.9996066147868987,1464.2,1023.5999999999999,0.5084027777777778,0.35541666666666666,9.0
0022400390,2024-12-22,2024-25,NOP,DEN,1610612740,1610612743,129,132,DEN,0,-3,3,3180.0,0.4356906145951658,0.051481664180755615,0.8649085164070129,1454.2000000000003,125.00000000000045,0.45729559748427684,0.039308176100629075,17.0
0022400391,2024-12-23,2024-25,CHA,HOU,1610612766,1610612745,101,114,HOU,0,-13,13,2880.0,0.9435043864194206,0.7342596054077148,0.9995730732334778,2880.0,2847.0,1.0,0.9885416666666667,0.0
0022400392,2024-12-23,2024-25,CLE,UTA,1610612739,1610612762,124,113,CLE,1,11,11,2880.0,0.8836339341083336,0.7303206920623779,0.9804336428642273,2880.0,2843.0,1.0,0.9871527777777778,4.0
0022400393,2024-12-23,2024-25,ORL,BOS,1610612753,1610612738,108,104,ORL,1,4,4,2880.0,0.4392374566037001,0.12096395343542099,0.9425552487373352,727.0,560.9000000000001,0.25243055555555555,0.19475694444444447,15.0
0022400394,2024-12-23,2024-25,PHI,SAS,1610612755,1610612759,111,106,PHI,1,5,5,2880.0,0.5778891410833845,0.35532093048095703,0.9140738248825073,1441.4,598.0,0.5004861111111112,0.2076388888888889,4.0
0022400395,2024-12-23,2024-25,ATL,MIN,1610612737,1610612750,117,104,ATL,1,13,13,2880.0,0.6458165675939784,0.32487645745277405,0.9860712885856628,2375.5,692.0,0.8248263888888889,0.24027777777777778,5.0
0022400396,2024-12-23,2024-25,MIA,BKN,1610612748,1610612751,110,95,MIA,1,15,15,2880.0,0.7692271887179879,0.5409296751022339,0.9955785870552063,2880.0,1564.1,1.0,0.5430902777777777,5.0
0022400397,2024-12-23,2024-25,NYK,TOR,1610612752,1610612761,139,125,NYK,1,14,14,2880.0,0.9242031490719981,0.7794046998023987,0.9996519088745117,2880.0,2880.0,1.0,1.0,2.0
0022400398,2024-12-23,2024-25,CHI,MIL,1610612741,1610612749,91,112,MIL,0,-21,21,2880.0,0.8330268402764501,0.42489272356033325,0.9990166218485683,2781.0,2024.8,0.965625,0.7030555555555555,5.0
0022400399,2024-12-23,2024-25,MEM,LAC,1610612763,1610612746,110,114,LAC,0,-4,4,2880.0,0.4194438550755796,0.16335713863372803,0.7968143373727798,599.9000000000001,40.0,0.20829861111111114,0.013888888888888888,10.0
0022400400,2024-12-23,2024-25,OKC,WAS,1610612760,1610612764,123,105,OKC,1,18,18,2880.0,0.8962020247429608,0.7439996004104614,0.9979233741760254,2880.0,2855.0,1.0,0.9913194444444444,8.0
0022400401,2024-12-23,2024-25,DAL,POR,1610612742,1610612757,132,108,DAL,1,24,24,2880.0,0.8936506598090961,0.7218800187110901,0.999808132648468,2880.0,2848.8,1.0,0.9891666666666667,3.0
0022400402,2024-12-23,2024-25,DEN,PHX,1610612743,1610612756,117,90,DEN,1,27,27,2880.0,0.7694220358919767,0.4536622166633606,0.999293327331543,2676.0,1456.0,0.9291666666666667,0.5055555555555555,6.0
0022400403,2024-12-23,2024-25,GSW,IND,1610612744,1610612754,105,111,IND,0,-6,6,2880.0,0.4849719020796733,0.23031705617904663,0.835723340511322,1262.4,156.5999999999999,0.43833333333333335,0.054374999999999965,9.0
0022400404,2024-12-23,2024-25,LAL,DET,1610612747,1610612765,114,117,DET,0,-3,3,2880.0,0.4574423728003685,0.18653839826583862,0.928583487868309,733.0,457.6999999999998,0.2545138888888889,0.15892361111111106,10.0
0022400405,2024-12-25,2024-25,NYK,SAS,1610612752,1610612759,117,114,NYK,1,3,3,2880.0,0.5844415989869999,0.20984745025634766,0.8666477799415588,2398.9,105.5,0.8329513888888889,0.036631944444444446,9.0
0022400406,2024-12-25,2024-25,DAL,MIN,1610612742,1610612750,99,105,MIN,0,-6,6,2880.0,0.6598326274814704,0.2547699213027954,0.9919780408963561,1806.0,1309.4,0.6270833333333333,0.4546527777777778,5.0
0022400407,2024-12-25,2024-25,BOS,PHI,1610612738,1610612755,114,118,PHI,0,-4,4,2880.0,0.45357977195125493,0.15105122327804565,0.9480459578335285,980.2,368.8000000000002,0.34034722222222225,0.12805555555555562,4.0
0022400408,2024-12-25,2024-25,GSW,LAL,1610612744,1610612747,113,115,LAL,0,-2,2,2880.0,0.595418508931891,0.32279688119888306,0.9061772227287292,1876.3,796.7000000000003,0.6514930555555556,0.27663194444444456,8.0
0022400409,2024-12-25,2024-25,PHX,DEN,1610612756,1610612743,110,100,PHX,1,10,10,2880.0,0.6470995623928805,0.45386162400245667,0.9773889780044556,2655.0,679.9000000000001,0.921875,0.23607638888888893,2.0
0022400410,2024-12-26,2024-25,IND,OKC,1610612754,1610612760,114,120,OKC,0,-6,6,2880.0,0.5156144895335376,0.17646551132202148,0.9732206854969263,1401.6,264.8000000000002,0.48666666666666664,0.09194444444444451,15.0
0022400411,2024-12-26,2024-25,ORL,MIA,1610612753,1610612748,88,89,MIA,0,-1,1,2880.0,0.26907052234849993,0.11206179857254028,0.7250203490257263,332.0999999999999,0.0,0.11531249999999997,0.0,17.0
0022400412,2024-12-26,2024-25,WAS,CHA,1610612764,1610612766,113,110,WAS,1,3,3,2880.0,0.6974556220229715,0.17636893689632416,0.9659905433654785,2418.2,1356.6,0.8396527777777777,0.47104166666666664,6.0
0022400413,2024-12-26,2024-25,ATL,CHI,1610612737,1610612741,141,133,ATL,1,8,8,2880.0,0.3503871521374418,0.021675845608115196,0.9449032545089722,590.0,109.0,0.2048611111111111,0.03784722222222222,21.0
0022400414,2024-12-26,2024-25,MEM,TOR,1610612763,1610612761,155,126,MEM,1,29,29,2880.0,0.921115193998234,0.7477624416351318,0.9999011754989624,2880.0,2866.0,1.0,0.9951388888888889,0.0
0022400415,2024-12-26,2024-25,MIL,BKN,1610612749,1610612751,105,111,BKN,0,-6,6,2880.0,0.2677086183175238,0.09673857688903809,0.8371756076812744,191.0,36.09999999999991,0.06631944444444444,0.01253472222222219,13.0
0022400416,2024-12-26,2024-25,NOP,HOU,1610612740,1610612745,111,128,HOU,0,-17,17,2880.0,0.943613198056345,0.7732391357421875,0.9996742742368951,2880.0,2880.0,1.0,1.0,0.0
0022400417,2024-12-26,2024-25,POR,UTA,1610612757,1610612762,122,120,POR,1,2,2,2880.0,0.4371807746475356,0.12698855996131897,0.8851996660232544,1025.7,133.9000000000001,0.35614583333333333,0.046493055555555586,15.0
0022400418,2024-12-26,2024-25,SAC,DET,1610612758,1610612765,113,114,DET,0,-1,1,2880.0,0.21340404287808468,0.02087777853012085,0.5254630446434021,187.0,0.0,0.06493055555555556,0.0,19.0
0022400419,2024-12-27,2024-25,ORL,NYK,1610612753,1610612752,85,108,NYK,0,-23,23,2880.0,0.638953365100533,0.3775898814201355,0.9982731225900352,2144.4,805.0,0.7445833333333334,0.2795138888888889,8.0
0022400420,2024-12-27,2024-25,BOS,IND,1610612738,1610612754,142,105,BOS,1,37,37,2880.0,0.9263090897227326,0.6895645260810852,0.999955415725708,2880.0,2572.0,1.0,0.8930555555555556,0.0
0022400421,2024-12-27,2024-25,BKN,SAS,1610612751,1610612759,87,96,SAS,0,-9,9,2880.0,0.6218509253080831,0.2397797703742981,0.9790975861251354,1523.2,1017.0,0.5288888888888889,0.353125,14.0
0022400422,2024-12-27,2024-25,HOU,MIN,1610612745,1610612750,112,113,MIN,0,-1,1,2880.0,0.30545792104883324,0.025983035564422607,0.5561564862728119,150.80000000000018,0.0,0.05236111111111118,0.0,16.0
0022400423,2024-12-27,2024-25,NOP,MEM,1610612740,1610612763,124,132,MEM,0,-8,8,2880.0,0.914787323106171,0.7203100025653839,0.9979947027750313,2880.0,2873.0,1.0,0.9975694444444444,0.0
0022400424,2024-12-27,2024-25,DEN,CLE,1610612743,1610612739,135,149,CLE,0,-14,14,2880.0,0.8343333539325654,0.5354730486869812,0.9982535014860332,2880.0,1779.0,1.0,0.6177083333333333,5.0
0022400425,2024-12-27,2024-25,PHX,DAL,1610612756,1610612742,89,98,DAL,0,-9,9,2880.0,0.7974992831648949,0.5662278831005096,0.972681051120162,2880.0,1660.0,1.0,0.5763888888888888,0.0
0022400426,2024-12-27,2024-25,LAC,GSW,1610612746,1610612744,102,92,LAC,1,10,10,2880.0,0.7379638923642536,0.501494288444519,0.984799861907959,2880.0,1171.0,1.0,0.4065972222222222,4.0
0022400427,2024-12-28,2024-25,ATL,MIA,1610612737,1610612748,120,110,ATL,1,10,10,2880.0,0.6347759316344228,0.4224995970726013,0.9515325427055359,2569.0,590.0,0.8920138888888889,0.2048611111111111,7.0
0022400428,2024-12-28,2024-25,CHA,OKC,1610612766,1610612760,94,106,OKC,0,-12,12,2880.0,0.9292115683578434,0.8040899336338043,0.9982487023808062,2880.0,2880.0,1.0,1.0,0.0
0022400429,2024-12-28,2024-25,WAS,NYK,1610612764,1610612752,132,136,NYK,0,-4,4,3180.0,0.5997076570469909,0.14886289834976196,0.9488133266568184,2513.8,261.49999999999955,0.7905031446540881,0.08223270440251558,11.0
0022400430,2024-12-28,2024-25,CHI,MIL,1610612741,1610612749,116,111,CHI,1,5,5,2880.0,0.5303134566121217,0.18226999044418335,0.8698903322219849,2055.3,104.0,0.7136458333333334,0.03611111111111111,5.0
0022400431,2024-12-28,2024-25,GSW,PHX,1610612744,1610612756,109,105,GSW,1,4,4,2880.0,0.49574038410766247,0.12979842722415924,0.826306164264679,1684.2999999999997,5.199999999999818,0.5848263888888888,0.0018055555555554924,10.0
0022400432,2024-12-28,2024-25,DEN,DET,1610612743,1610612765,134,121,DEN,1,13,13,2880.0,0.7537826956311863,0.49357056617736816,0.9961360096931458,2860.0,1245.8,0.9930555555555556,0.43256944444444445,5.0
0022400433,2024-12-28,2024-25,UTA,PHI,1610612762,1610612755,111,114,PHI,0,-3,3,2880.0,0.43304050682112577,0.16541951894760132,0.7806418389081955,863.0,23.0,0.29965277777777777,0.00798611111111111,14.0
0022400434,2024-12-28,2024-25,POR,DAL,1610612757,1610612742,126,122,POR,1,4,4,2880.0,0.6871024082383761,0.32979151606559753,0.9737585783004761,2158.1,1360.0,0.7493402777777778,0.4722222222222222,0.0
0022400435,2024-12-28,2024-25,LAL,SAC,1610612747,1610612758,132,122,LAL,1,10,10,2880.0,0.7755774373706016,0.5379484295845032,0.9908266663551331,2880.0,1359.0,1.0,0.471875,3.0
0022400436,2024-12-29,2024-25,ORL,BKN,1610612753,1610612751,102,101,ORL,1,1,1,2880.0,0.3620872535864409,0.039076440036296844,0.7600171566009521,810.3000000000002,54.0,0.28135416666666674,0.01875,21.0
0022400437,2024-12-29,2024-25,BOS,IND,1610612738,1610612754,114,123,IND,0,-9,9,2880.0,0.5428200201956659,0.21863222122192383,0.9727229736745358,1578.0,458.9000000000001,0.5479166666666667,0.15934027777777782,4.0
0022400438,2024-12-29,2024-25,TOR,ATL,1610612761,1610612737,107,136,ATL,0,-29,29,2880.0,0.8438342398187731,0.6073377132415771,0.9998693096131319,2880.0,1913.5,1.0,0.6644097222222223,0.0
0022400439,2024-12-29,2024-25,HOU,MIA,1610612745,1610612748,100,104,MIA,0,-4,4,2880.0,0.34460582639556375,0.11332696676254272,0.8300373405218124,47.40000000000009,34.09999999999991,0.016458333333333366,0.011840277777777746,12.0
0022400440,2024-12-29,2024-25,OKC,MEM,1610612760,1610612763,130,106,OKC,1,24,24,2880.0,0.8865400694559017,0.6149922013282776,0.999395489692688,2880.0,2115.0,1.0,0.734375,9.0
0022400441,2024-12-29,2024-25,MIN,SAS,1610612750,1610612759,112,110,MIN,1,2,2,2880.0,0.5796669577993453,0.22509677708148956,0.9044256806373596,1838.6999999999998,577.8000000000002,0.6384375,0.20062500000000005,12.0
0022400442,2024-12-30,2024-25,CHA,CHI,1610612766,1610612741,108,115,CHI,0,-7,7,3180.0,0.5712502919109362,0.26590031385421753,0.9464472383260727,1899.5,486.0,0.5973270440251572,0.15283018867924528,11.0
0022400443,2024-12-30,2024-25,WAS,NYK,1610612764,1610612752,106,126,NYK,0,-20,20,2880.0,0.8244651447851254,0.6036203801631927,0.9990861777332611,2880.0,1930.2,1.0,0.6702083333333333,7.0
0022400444,2024-12-30,2024-25,NOP,LAC,1610612740,1610612746,113,116,LAC,0,-3,3,2880.0,0.48944102131140726,0.1916843056678772,0.8360213041305542,1529.5,44.80000000000018,0.5310763888888889,0.01555555555555562,14.0
0022400445,2024-12-30,2024-25,UTA,DEN,1610612762,1610612743,121,132,DEN,0,-11,11,2880.0,0.7010890796224379,0.4498841166496277,0.9853907348588109,2593.3,983.0,0.900451388888889,0.34131944444444445,7.0
0022400446,2024-12-30,2024-25,GSW,CLE,1610612744,1610612739,95,113,CLE,0,-18,18,2880.0,0.7939958431369692,0.5151910781860352,0.9989380113547668,2880.0,1475.0,1.0,0.5121527777777778,7.0
0022400447,2024-12-30,2024-25,POR,PHI,1610612757,1610612755,103,125,PHI,0,-22,22,2880.0,0.75111519298247,0.3998062014579773,0.9987672551069409,2583.6,1460.0,0.8970833333333333,0.5069444444444444,3.0
0022400448,2024-12-30,2024-25,SAC,DAL,1610612758,1610612742,110,100,SAC,1,10,10,2880.0,0.45071559662671973,0.11208423972129822,0.9650933742523193,813.0,680.0,0.28229166666666666,0.2361111111111111,18.0
0022400449,2024-12-31,2024-25,BOS,TOR,1610612738,1610612761,125,71,BOS,1,54,54,2880.0,0.9391780062185393,0.825677216053009,0.9999997615814209,2880.0,2880.0,1.0,1.0,4.0
0022400450,2024-12-31,2024-25,IND,MIL,1610612754,1610612749,112,120,MIL,0,-8,8,2880.0,0.4000910751570741,0.04500842094421387,0.9201948270201683,767.5,144.0,0.2664930555555556,0.05,19.0
0022400451,2024-12-31,2024-25,SAS,LAC,1610612759,1610612746,122,86,SAS,1,36,36,2880.0,0.8434546228498221,0.45164793729782104,0.9999715089797974,2755.0,1957.0,0.9565972222222222,0.6795138888888889,0.0
0022400452,2024-12-31,2024-25,OKC,MIN,1610612760,1610612750,113,105,OKC,1,8,8,2880.0,0.69419037318685,0.3839299976825714,0.9536993503570557,2773.0,926.0,0.9628472222222222,0.3215277777777778,12.0
0022400453,2024-12-31,2024-25,PHX,MEM,1610612756,1610612763,112,117,MEM,0,-5,5,2880.0,0.7798391630463044,0.640403687953949,0.9467911459505558,2880.0,1765.0,1.0,0.6128472222222222,0.0
0022400454,2024-12-31,2024-25,LAL,CLE,1610612747,1610612739,110,122,CLE,0,-12,12,2880.0,0.7602942729245923,0.5208750367164612,0.9811295140534639,2880.0,1166.0,1.0,0.4048611111111111,2.0
0022400455,2025-01-01,2024-25,DET,ORL,1610612765,1610612753,105,96,DET,1,9,9,2880.0,0.720010792269475,0.4424970746040344,0.9419277310371399,2737.0,1358.9,0.9503472222222222,0.4718402777777778,0.0
0022400456,2025-01-01,2024-25,WAS,CHI,1610612764,1610612741,125,107,WAS,1,18,18,2880.0,0.6981045751128759,0.38779109716415405,0.9964410662651062,2230.0,1108.0,0.7743055555555556,0.38472222222222224,3.0
0022400457,2025-01-01,2024-25,MIA,NOP,1610612748,1610612740,119,108,MIA,1,11,11,2880.0,0.8795098289702502,0.6752516031265259,0.9790368676185608,2880.0,2779.8,1.0,0.9652083333333334,0.0
0022400458,2025-01-01,2024-25,NYK,UTA,1610612752,1610612762,119,103,NYK,1,16,16,2880.0,0.8866543254939218,0.6846085786819458,0.9970597624778748,2880.0,2804.0,1.0,0.9736111111111111,10.0
0022400459,2025-01-01,2024-25,TOR,BKN,1610612761,1610612751,130,113,TOR,1,17,17,2880.0,0.6158988772146403,0.3044196665287018,0.9958991408348083,1811.3,683.0,0.6289236111111111,0.23715277777777777,9.0
0022400460,2025-01-01,2024-25,HOU,DAL,1610612745,1610612742,110,99,HOU,1,11,11,2880.0,0.7077131609349615,0.3690703213214874,0.9818881154060364,1997.0,1426.7,0.6934027777777778,0.49538194444444444,10.0
0022400461,2025-01-01,2024-25,DEN,ATL,1610612743,1610612737,139,120,DEN,1,19,19,2880.0,0.7619934177667732,0.48127231001853943,0.9986648559570312,2849.0,1167.0,0.9892361111111111,0.40520833333333334,5.0
0022400462,2025-01-01,2024-25,SAC,PHI,1610612758,1610612755,113,107,SAC,1,6,6,2880.0,0.4111697968659509,0.10771362483501434,0.8807071447372437,909.8,7.400000000000091,0.31590277777777775,0.002569444444444476,14.0
0022400463,2025-01-02,2024-25,MIA,IND,1610612748,1610612754,115,128,IND,0,-13,13,2880.0,0.7837527584319629,0.339099645614624,0.9950529085472226,2705.0,1594.0,0.9392361111111112,0.5534722222222223,2.0
0022400464,2025-01-02,2024-25,MIN,BOS,1610612750,1610612738,115,118,BOS,0,-3,3,2880.0,0.7352768872564452,0.49351781606674194,0.9533527567982674,2824.0,1457.0,0.9805555555555555,0.5059027777777778,9.0
0022400465,2025-01-02,2024-25,MIL,BKN,1610612749,1610612751,110,113,BKN,0,-3,3,2880.0,0.6699854539154977,0.19123530387878418,0.9866854548454285,2107.3,1321.0,0.7317013888888889,0.45868055555555554,8.0
0022400466,2025-01-02,2024-25,OKC,LAC,1610612760,1610612746,116,98,OKC,1,18,18,2880.0,0.7542541833304697,0.44715842604637146,0.9984721541404724,2785.0,1213.0,0.9670138888888888,0.42118055555555556,16.0
0022400467,2025-01-02,2024-25,GSW,PHI,1610612744,1610612755,139,105,GSW,1,34,34,2880.0,0.9005583184088269,0.6340982913970947,0.9999374151229858,2880.0,2637.0,1.0,0.915625,0.0
0022400468,2025-01-02,2024-25,LAL,POR,1610612747,1610612757,114,106,LAL,1,8,8,2880.0,0.7749943899446063,0.49645206332206726,0.9715098738670349,2855.0,1708.0,0.9913194444444444,0.5930555555555556,8.0
0022400469,2025-01-03,2024-25,DET,CHA,1610612765,1610612766,98,94,DET,1,4,4,2880.0,0.5901529154233222,0.2531905472278595,0.8971111178398132,1999.6,492.7000000000003,0.6943055555555555,0.17107638888888899,13.0
0022400470,2025-01-03,2024-25,TOR,ORL,1610612761,1610612753,97,106,ORL,0,-9,9,2880.0,0.8764637519721873,0.5986420512199402,0.994460697285831,2880.0,2278.0,1.0,0.7909722222222222,3.0
0022400471,2025-01-03,2024-25,HOU,BOS,1610612745,1610612738,86,109,BOS,0,-23,23,2880.0,0.7271888622048452,0.414292573928833,0.999433783639688,2577.0,1199.0,0.8947916666666667,0.41631944444444446,3.0
0022400472,2025-01-03,2024-25,NOP,WAS,1610612740,1610612764,132,120,NOP,1,12,12,2880.0,0.6447760780579926,0.35540494322776794,0.993593156337738,2126.3,789.0,0.7382986111111112,0.27395833333333336,8.0
0022400473,2025-01-03,2024-25,OKC,NYK,1610612760,1610612752,117,107,OKC,1,10,10,2880.0,0.6134783323305762,0.26756080985069275,0.9682019352912903,1965.0,789.2,0.6822916666666666,0.2740277777777778,14.0
0022400474,2025-01-03,2024-25,DAL,CLE,1610612742,1610612739,122,134,CLE,0,-12,12,2880.0,0.8397509188610195,0.47589272260665894,0.9958130964078009,2845.0,2110.0,0.9878472222222222,0.7326388888888888,4.0
0022400475,2025-01-03,2024-25,DEN,SAS,1610612743,1610612759,110,113,SAS,0,-3,3,2880.0,0.48630331915389335,0.18818610906600952,0.696991354227066,1428.1,0.0,0.4958680555555555,0.0,5.0
0022400476,2025-01-03,2024-25,SAC,MEM,1610612758,1610612763,138,133,SAC,1,5,5,2880.0,0.5588478879496042,0.2756713628768921,0.9470570683479309,1680.4,503.0,0.5834722222222223,0.17465277777777777,2.0
0022400477,2025-01-03,2024-25,LAL,ATL,1610612747,1610612737,119,102,LAL,1,17,17,2880.0,0.7421487973175115,0.45502203702926636,0.9898373484611511,2835.0,1102.2,0.984375,0.3827083333333334,5.0
0022400478,2025-01-04,2024-25,BKN,PHI,1610612751,1610612755,94,123,PHI,0,-29,29,2880.0,0.7777832565864956,0.26483339071273804,0.9997910705133108,2464.0,1546.0,0.8555555555555555,0.5368055555555555,11.0
0022400479,2025-01-04,2024-25,DET,MIN,1610612765,1610612750,119,105,DET,1,14,14,2880.0,0.8119443469535974,0.49349716305732727,0.9906332492828369,2836.0,1980.0,0.9847222222222223,0.6875,1.0
0022400480,2025-01-04,2024-25,IND,PHX,1610612754,1610612756,126,108,IND,1,18,18,2880.0,0.721175066952904,0.5242292284965515,0.996009111404419,2880.0,1192.0,1.0,0.41388888888888886,2.0
0022400481,2025-01-04,2024-25,MIA,UTA,1610612748,1610612762,100,136,UTA,0,-36,36,2880.0,0.690570919127686,0.15388017892837524,0.9999617362009303,1954.0,1615.0,0.6784722222222223,0.5607638888888888,8.0
0022400482,2025-01-04,2024-25,CHI,NYK,1610612741,1610612752,139,126,CHI,1,13,13,2880.0,0.46886166166203724,0.08868488669395447,0.9866034984588623,930.0,882.0,0.3229166666666667,0.30625,11.0
0022400483,2025-01-04,2024-25,MIL,POR,1610612749,1610612757,102,105,POR,0,-3,3,2880.0,0.4150326919762624,0.2054007649421692,0.7361654937267303,777.4000000000001,0.0,0.26993055555555556,0.0,6.0
0022400484,2025-01-04,2024-25,SAS,DEN,1610612759,1610612743,111,122,DEN,0,-11,11,3180.0,0.443184270108435,0.10629397630691528,0.9628143422305584,1311.5,225.0,0.41242138364779873,0.07075471698113207,12.0
0022400485,2025-01-04,2024-25,GSW,MEM,1610612744,1610612763,121,113,GSW,1,8,8,2880.0,0.6156322508191483,0.38141658902168274,0.9381702542304993,2193.0,668.6999999999998,0.7614583333333333,0.23218749999999994,2.0
0022400486,2025-01-04,2024-25,LAC,ATL,1610612746,1610612737,131,105,LAC,1,26,26,2880.0,0.8510786384282012,0.5163191556930542,0.9994788765907288,2880.0,2021.0,1.0,0.7017361111111111,3.0
0022400487,2025-01-05,2024-25,OKC,BOS,1610612760,1610612738,105,92,OKC,1,13,13,2880.0,0.6489083932650586,0.38025763630867004,0.9876278638839722,2097.0,808.0,0.728125,0.28055555555555556,13.0
0022400488,2025-01-05,2024-25,CLE,CHA,1610612739,1610612766,115,105,CLE,1,10,10,2880.0,0.9580607757406929,0.8638786673545837,0.997357189655304,2880.0,2880.0,1.0,1.0,2.0
0022400489,2025-01-05,2024-25,WAS,NOP,1610612764,1610612740,98,110,NOP,0,-12,12,2880.0,0.7976417372646069,0.38562721014022827,0.9907492958009243,2516.0,2123.0,0.8736111111111111,0.7371527777777778,5.0
0022400490,2025-01-05,2024-25,ORL,UTA,1610612753,1610612762,92,105,UTA,0,-13,13,2880.0,0.4832175395239999,0.13282769918441772,0.9902653433382511,1239.0,755.5999999999999,0.43020833333333336,0.2623611111111111,8.0
0022400491,2025-01-05,2024-25,HOU,LAL,1610612745,1610612747,119,115,HOU,1,4,4,2880.0,0.7772492184158829,0.4773341417312622,0.945213258266449,2819.0,1939.7999999999997,0.9788194444444445,0.6735416666666666,2.0
0022400492,2025-01-05,2024-25,GSW,SAC,1610612744,1610612758,99,129,SAC,0,-30,30,2880.0,0.8163144030934665,0.3796858787536621,0.9999219451856334,2602.0,1751.0,0.9034722222222222,0.6079861111111111,0.0
0022400493,2025-01-06,2024-25,DET,POR,1610612765,1610612757,118,115,DET,1,3,3,2880.0,0.4942759367833949,0.21972306072711945,0.8405135273933411,1349.6000000000001,40.59999999999991,0.46861111111111114,0.01409722222222219,22.0
0022400494,2025-01-06,2024-25,PHI,PHX,1610612755,1610612756,99,109,PHX,0,-10,10,2880.0,0.5330920104491008,0.24449175596237183,0.9722314700484276,1150.0,716.0,0.3993055555555556,0.24861111111111112,12.0
0022400495,2025-01-06,2024-25,BKN,IND,1610612751,1610612754,99,113,IND,0,-14,14,2880.0,0.7661210691245409,0.4896295666694641,0.9963111993856728,2841.0,1514.0,0.9864583333333333,0.5256944444444445,3.0
0022400496,2025-01-06,2024-25,NYK,ORL,1610612752,1610612753,94,103,ORL,0,-9,9,2880.0,0.5243701913945067,0.2630179524421692,0.935973197221756,1219.0,427.0,0.4232638888888889,0.1482638888888889,7.0
0022400497,2025-01-06,2024-25,TOR,MIL,1610612761,1610612749,104,128,MIL,0,-24,24,2880.0,0.8574080712273281,0.5325435400009155,0.9997612059232779,2880.0,2055.3,1.0,0.7136458333333334,5.0
0022400498,2025-01-06,2024-25,CHI,SAS,1610612741,1610612759,114,110,CHI,1,4,4,2880.0,0.2578734153798885,0.04590941593050957,0.8091039657592773,62.09999999999991,15.900000000000091,0.021562499999999967,0.0055208333333333645,19.0
0022400499,2025-01-06,2024-25,MEM,DAL,1610612763,1610612742,119,104,MEM,1,15,15,2880.0,0.6273331992338516,0.32977449893951416,0.9822779893875122,1832.0,1169.0,0.6361111111111111,0.4059027777777778,12.0
0022400500,2025-01-06,2024-25,MIN,LAC,1610612750,1610612746,108,106,MIN,1,2,2,2880.0,0.46124518912802964,0.12195407599210739,0.8683561682701111,1176.0,233.9000000000001,0.4083333333333333,0.0812152777777778,19.0
0022400501,2025-01-06,2024-25,SAC,MIA,1610612758,1610612748,123,118,SAC,1,5,5,3480.0,0.4463403190246344,0.02512187696993351,0.9034062027931213,1783.9000000000005,173.0,0.5126149425287357,0.04971264367816092,17.0
0022400502,2025-01-07,2024-25,CHA,PHX,1610612766,1610612756,115,104,CHA,1,11,11,2880.0,0.6106306923884485,0.2790185511112213,0.9775913953781128,1762.0,860.3000000000002,0.6118055555555556,0.29871527777777784,10.0
0022400503,2025-01-07,2024-25,WAS,HOU,1610612764,1610612745,112,135,HOU,0,-23,23,2880.0,0.7879910006436118,0.5120525062084198,0.9995807133964263,2880.0,1346.0,1.0,0.4673611111111111,12.0
0022400504,2025-01-07,2024-25,DAL,LAL,1610612742,1610612747,118,97,DAL,1,21,21,2880.0,0.6856869994466089,0.4212507903575897,0.995945394039154,2203.3,1115.0,0.7650347222222222,0.3871527777777778,6.0
0022400505,2025-01-07,2024-25,NOP,MIN,1610612740,1610612750,97,104,MIN,0,-7,7,2880.0,0.7036839307009035,0.34332382678985596,0.9716496635228395,2489.0,1067.8999999999996,0.8642361111111111,0.370798611111111,8.0
0022400506,2025-01-07,2024-25,UTA,ATL,1610612762,1610612737,121,124,ATL,0,-3,3,2880.0,0.6606651024923971,0.3246261477470398,0.8491272777318954,2766.3,527.0,0.9605208333333334,0.1829861111111111,2.0
0022400507,2025-01-07,2024-25,DEN,BOS,1610612743,1610612738,106,118,BOS,0,-12,12,2880.0,0.6962410585762702,0.4842904806137085,0.9819619487971067,2868.0,715.0999999999999,0.9958333333333333,0.24829861111111107,4.0
0022400508,2025-01-07,2024-25,GSW,MIA,1610612744,1610612748,98,114,MIA,0,-16,16,2880.0,0.6645371053652263,0.31340646743774414,0.9943782952614129,2153.7,968.3999999999999,0.7478125,0.33624999999999994,6.0
0022400509,2025-01-08,2024-25,CLE,OKC,1610612739,1610612760,129,122,CLE,1,7,7,2880.0,0.7772650487948622,0.5212123394012451,0.9591420292854309,2880.0,1708.6,1.0,0.5932638888888888,9.0
0022400510,2025-01-08,2024-25,IND,CHI,1610612754,1610612741,129,113,IND,1,16,16,2880.0,0.8829106703069475,0.5451211929321289,0.9989476799964905,2880.0,2196.6,1.0,0.7627083333333333,2.0
0022400511,2025-01-08,2024-25,NYK,TOR,1610612752,1610612761,112,98,NYK,1,14,14,2880.0,0.8927953479873638,0.7828627824783325,0.9993404746055603,2880.0,2880.0,1.0,1.0,4.0
0022400512,2025-01-08,2024-25,PHI,WAS,1610612755,1610612764,109,103,PHI,1,6,6,2880.0,0.8112831164855094,0.2685413062572479,0.9789020419120789,2651.7,2305.6,0.9207291666666666,0.8005555555555556,3.0
0022400513,2025-01-08,2024-25,BKN,DET,1610612751,1610612765,98,113,DET,0,-15,15,2880.0,0.7681539569595366,0.513151615858078,0.9990888176835142,2880.0,1557.0,1.0,0.540625,1.0
0022400514,2025-01-08,2024-25,NOP,POR,1610612740,1610612757,100,119,POR,0,-19,19,2880.0,0.8933483151344908,0.5162749886512756,0.9993669693358243,2880.0,2359.0,1.0,0.8190972222222223,0.0
0022400515,2025-01-08,2024-25,DEN,LAC,1610612743,1610612746,126,103,DEN,1,23,23,2880.0,0.875328357025153,0.5454837679862976,0.9987202882766724,2880.0,2374.0,1.0,0.8243055555555555,0.0
0022400516,2025-01-08,2024-25,MIL,SAS,1610612749,1610612759,121,105,MIL,1,16,16,2880.0,0.7882244974022937,0.4820549190044403,0.9978471994400024,2730.0,1711.0,0.9479166666666666,0.5940972222222223,4.0
0022400517,2025-01-09,2024-25,CLE,TOR,1610612739,1610612761,132,126,CLE,1,6,6,2880.0,0.7186719971543384,0.2819245755672455,0.9505690336227417,2500.0,1510.0,0.8680555555555556,0.5243055555555556,12.0
0022400518,2025-01-09,2024-25,DET,GSW,1610612765,1610612744,104,107,GSW,0,-3,3,2880.0,0.6613471023395606,0.28294098377227783,0.982685249298811,2176.5,1142.7999999999995,0.7557291666666667,0.39680555555555536,8.0
0022400519,2025-01-09,2024-25,ORL,MIN,1610612753,1610612750,89,104,MIN,0,-15,15,2880.0,0.6886739864069062,0.35289138555526733,0.995530238840729,2459.0,945.0,0.8538194444444445,0.328125,3.0
0022400520,2025-01-09,2024-25,MEM,HOU,1610612763,1610612745,115,119,HOU,0,-4,4,2880.0,0.6880419469898981,0.42573797702789307,0.9230819195508957,2679.0,952.0,0.9302083333333333,0.33055555555555555,4.0
0022400521,2025-01-09,2024-25,DAL,POR,1610612742,1610612757,117,111,DAL,1,6,6,2880.0,0.4915943831148454,0.10920989513397217,0.8899734020233154,1553.6,73.0,0.5394444444444444,0.025347222222222222,12.0
0022400522,2025-01-09,2024-25,PHX,ATL,1610612756,1610612737,123,115,PHX,1,8,8,2880.0,0.6539561113270207,0.3597433269023895,0.9749495387077332,2595.0,764.9000000000001,0.9010416666666666,0.26559027777777783,6.0
0022400523,2025-01-09,2024-25,UTA,MIA,1610612762,1610612748,92,97,MIA,0,-5,5,2880.0,0.5728204812751048,0.37607765197753906,0.8910822868347168,2203.3999999999996,221.60000000000036,0.7650694444444444,0.07694444444444457,10.0
0022400525,2025-01-10,2024-25,IND,GSW,1610612754,1610612744,108,96,IND,1,12,12,2880.0,0.740227616323779,0.4938270151615143,0.9859075546264648,2860.0,1441.7,0.9930555555555556,0.5005902777777778,3.0
0022400526,2025-01-10,2024-25,ORL,MIL,1610612753,1610612749,106,109,MIL,0,-3,3,2880.0,0.45723164201714106,0.2618768811225891,0.8509294390678406,652.0,235.60000000000036,0.2263888888888889,0.08180555555555569,8.0
0022400527,2025-01-10,2024-25,PHI,NOP,1610612755,1610612740,115,123,NOP,0,-8,8,2880.0,0.5881410681068276,0.21102374792099,0.9725195430219173,1766.0,769.2000000000003,0.6131944444444445,0.26708333333333345,5.0
0022400528,2025-01-10,2024-25,BOS,SAC,1610612738,1610612758,97,114,SAC,0,-17,17,2880.0,0.44841120315832095,0.15945690870285034,0.9897185955196619,764.0,475.0,0.2652777777777778,0.16493055555555555,9.0
0022400529,2025-01-10,2024-25,NYK,OKC,1610612752,1610612760,101,126,OKC,0,-25,25,2880.0,0.826750383177905,0.3537634611129761,0.9997031156672165,2325.0,1995.0,0.8072916666666666,0.6927083333333334,4.0
0022400530,2025-01-10,2024-25,CHI,WAS,1610612741,1610612764,138,105,CHI,1,33,33,2880.0,0.890038375539912,0.7084776759147644,0.9999567270278931,2880.0,2708.0,1.0,0.9402777777777778,3.0
0022400531,2025-01-10,2024-25,DEN,BKN,1610612743,1610612751,124,105,DEN,1,19,19,2880.0,0.8075933225245939,0.537405252456665,0.9962028861045837,2880.0,1668.1,1.0,0.5792013888888888,8.0
0022400533,2025-01-11,2024-25,PHX,UTA,1610612756,1610612762,114,106,PHX,1,8,8,2880.0,0.8329786398179001,0.6632954478263855,0.9823032021522522,2880.0,2356.3,1.0,0.8181597222222223,0.0
0022400534,2025-01-11,2024-25,DET,TOR,1610612765,1610612761,123,114,DET,1,9,9,2880.0,0.7531326737006506,0.4918034076690674,0.9577123522758484,2875.0,1723.1,0.9982638888888888,0.598298611111111,2.0
0022400535,2025-01-11,2024-25,MIN,MEM,1610612750,1610612763,125,127,MEM,0,-2,2,2880.0,0.49703782073636027,0.17484235763549805,0.7218621671199799,1713.6999999999998,0.0,0.5950347222222222,0.0,6.0
0022400536,2025-01-11,2024-25,POR,MIA,1610612757,1610612748,98,119,MIA,0,-21,21,2880.0,0.7832187287602997,0.5394758880138397,0.9990546417539008,2880.0,1689.0,1.0,0.5864583333333333,1.0
0022400539,2025-01-12,2024-25,NYK,MIL,1610612752,1610612749,140,106,NYK,1,34,34,2880.0,0.8150234948740237,0.45690831542015076,0.999890923500061,2830.0,1706.0,0.9826388888888888,0.5923611111111111,4.0
0022400540,2025-01-12,2024-25,DAL,DEN,1610612742,1610612743,101,112,DEN,0,-11,11,2880.0,0.33299450578944134,0.03955787420272827,0.9490804560482502,373.0,215.0,0.1295138888888889,0.07465277777777778,19.0
0022400541,2025-01-12,2024-25,CHI,SAC,1610612741,1610612758,119,124,SAC,0,-5,5,2880.0,0.46515279453040825,0.21656149625778198,0.8654555976390839,675.0,129.70000000000027,0.234375,0.045034722222222316,8.0
0022400542,2025-01-12,2024-25,BOS,NOP,1610612738,1610612740,120,119,BOS,1,1,1,2880.0,0.7544779208157626,0.5162741541862488,0.8601146340370178,2880.0,1768.9,1.0,0.6142013888888889,11.0
0022400543,2025-01-12,2024-25,CLE,IND,1610612739,1610612754,93,108,IND,0,-15,15,2880.0,0.3786787122969205,0.04685401916503906,0.9626750573515892,805.0,439.0,0.2795138888888889,0.15243055555555557,15.0
0022400544,2025-01-12,2024-25,ORL,PHI,1610612753,1610612755,104,99,ORL,1,5,5,2880.0,0.6215857374067936,0.3242500126361847,0.8539436459541321,2226.0,361.0999999999999,0.7729166666666667,0.12538194444444442,9.0
0022400545,2025-01-12,2024-25,WAS,OKC,1610612764,1610612760,95,136,OKC,0,-41,41,2880.0,0.956250665855005,0.83697110414505,0.9999986888208241,2880.0,2880.0,1.0,1.0,1.0
0022400546,2025-01-12,2024-25,UTA,BKN,1610612762,1610612751,112,111,UTA,1,1,1,3180.0,0.5925757141448792,0.3258614242076874,0.9708479642868042,1964.8,719.0,0.6178616352201258,0.22610062893081762,8.0
0022400547,2025-01-12,2024-25,PHX,CHA,1610612756,1610612766,120,113,PHX,1,7,7,2880.0,0.502295078150928,0.1197708398103714,0.9237775802612305,1679.0,91.5,0.5829861111111111,0.03177083333333333,12.0
0022400548,2025-01-13,2024-25,WAS,MIN,1610612764,1610612750,106,120,MIN,0,-14,14,2880.0,0.7106610157030971,0.425049364566803,0.9959432044997811,2759.0,662.0,0.9579861111111111,0.2298611111111111,6.0
0022400549,2025-01-13,2024-25,NYK,DET,1610612752,1610612765,119,124,DET,0,-5,5,2880.0,0.5159220423306236,0.29949134588241577,0.8254354149103165,1431.0,185.30000000000018,0.496875,0.06434027777777784,6.0
0022400550,2025-01-13,2024-25,TOR,GSW,1610612761,1610612744,104,101,TOR,1,3,3,2880.0,0.41225574517156927,0.10517299175262451,0.7678576707839966,662.3,23.09999999999991,0.22996527777777775,0.008020833333333302,9.0
0022400551,2025-01-13,2024-25,HOU,MEM,1610612745,1610612763,120,118,HOU,1,2,2,2880.0,0.4115725891059265,0.07644723355770111,0.8036171197891235,764.7000000000003,22.199999999999818,0.26552083333333343,0.00770833333333327,13.0
0022400552,2025-01-13,2024-25,LAL,SAS,1610612747,1610612759,102,126,SAS,0,-24,24,2880.0,0.47354383906520525,0.1489446759223938,0.9985571801662445,765.0,486.0,0.265625,0.16875,11.0
0022400553,2025-01-13,2024-25,LAC,MIA,1610612746,1610612748,109,98,LAC,1,11,11,2880.0,0.610037681074399,0.3152841031551361,0.9899341464042664,1411.0,789.8000000000002,0.48993055555555554,0.2742361111111112,13.0
0022400554,2025-01-14,2024-25,IND,CLE,1610612754,1610612739,117,127,CLE,0,-10,10,2880.0,0.7892619043343844,0.6001972854137421,0.9921102821826935,2880.0,1355.0,1.0,0.4704861111111111,2.0
0022400555,2025-01-14,2024-25,PHI,OKC,1610612755,1610612760,102,118,OKC,0,-16,16,2880.0,0.9043938441912907,0.7022092938423157,0.9975606938824058,2880.0,2647.0,1.0,0.9190972222222222,0.0
0022400556,2025-01-14,2024-25,ATL,PHX,1610612737,1610612756,122,117,ATL,1,5,5,2880.0,0.6404909876051049,0.23844462633132935,0.9423782229423523,2489.0,476.0,0.8642361111111111,0.16527777777777777,9.0
0022400557,2025-01-14,2024-25,CHI,NOP,1610612741,1610612740,113,119,NOP,0,-6,6,2880.0,0.420605353566611,0.14577996730804443,0.9756761770695448,786.0,534.0,0.27291666666666664,0.18541666666666667,9.0
0022400558,2025-01-14,2024-25,MIL,SAC,1610612749,1610612758,130,115,MIL,1,15,15,2880.0,0.8992342905534637,0.5732209086418152,0.9969007968902588,2880.0,2449.0,1.0,0.8503472222222223,0.0
0022400559,2025-01-14,2024-25,DAL,DEN,1610612742,1610612743,99,118,DEN,0,-19,19,2880.0,0.8750296093408865,0.4629508852958679,0.998174721840769,2837.0,2227.8,0.9850694444444444,0.7735416666666667,2.0
0022400560,2025-01-14,2024-25,POR,BKN,1610612757,1610612751,114,132,BKN,0,-18,18,2880.0,0.7054528227726404,0.39303046464920044,0.9943391871638596,2652.0,1059.0,0.9208333333333333,0.36770833333333336,0.0
0022400561,2025-01-15,2024-25,PHI,NYK,1610612755,1610612752,119,125,NYK,0,-6,6,3180.0,0.8090566277202897,0.5331427752971649,0.9784986414015293,3180.0,2216.6,1.0,0.6970440251572326,0.0
0022400562,2025-01-15,2024-25,TOR,BOS,1610612761,1610612738,110,97,TOR,1,13,13,2880.0,0.4839349979762402,0.1754748821258545,0.9831365942955017,1072.0,646.0,0.37222222222222223,0.22430555555555556,7.0
0022400563,2025-01-15,2024-25,CHI,ATL,1610612741,1610612737,94,110,ATL,0,-16,16,2880.0,0.7351398294052989,0.4854857325553894,0.9896648451685905,2786.0,1496.0,0.9673611111111111,0.5194444444444445,0.0
0022400564,2025-01-15,2024-25,MIL,ORL,1610612749,1610612753,122,93,MIL,1,29,29,2880.0,0.8887113577168849,0.46066296100616455,0.9997370839118958,2863.0,2400.0,0.9940972222222222,0.8333333333333334,3.0
0022400565,2025-01-15,2024-25,MIN,GSW,1610612750,1610612744,115,116,GSW,0,-1,1,2880.0,0.7035168963023979,0.39944666624069214,0.8655772507190704,2782.0,1053.9,0.9659722222222222,0.3659375,0.0
0022400566,2025-01-15,2024-25,NOP,DAL,1610612740,1610612742,119,116,NOP,1,3,3,2880.0,0.4559805442325564,0.09978542476892471,0.7688817977905273,1136.5,2.0,0.39461805555555557,0.0006944444444444445,7.0
0022400567,2025-01-15,2024-25,SAS,MEM,1610612759,1610612763,115,129,MEM,0,-14,14,2880.0,0.6157500011381408,0.25454002618789673,0.9890032345429063,1763.0,797.8000000000002,0.6121527777777778,0.27701388888888895,12.0
0022400568,2025-01-15,2024-25,DEN,HOU,1610612743,1610612745,108,128,HOU,0,-20,20,2880.0,0.8261634293662345,0.4930058717727661,0.9986186564201489,2850.0,1741.0,0.9895833333333334,0.6045138888888889,0.0
0022400569,2025-01-15,2024-25,UTA,CHA,1610612762,1610612766,112,117,CHA,0,-5,5,2880.0,0.3561700406929271,0.06281846761703491,0.9129802957177162,630.0,153.0,0.21875,0.053125,13.0
0022400570,2025-01-15,2024-25,LAL,MIA,1610612747,1610612748,117,108,LAL,1,9,9,2880.0,0.48497238937661885,0.18769411742687225,0.9382941722869873,1223.0,265.0,0.42465277777777777,0.0920138888888889,14.0
0022400571,2025-01-15,2024-25,LAC,BKN,1610612746,1610612751,126,67,LAC,1,59,59,2880.0,0.9013166015760766,0.6799675226211548,0.9999998807907104,2880.0,2405.6,1.0,0.8352777777777778,2.0
0022400572,2025-01-16,2024-25,DET,IND,1610612765,1610612754,100,111,IND,0,-11,11,2880.0,0.7220873558118992,0.37870609760284424,0.9569403938949108,2597.7,1483.0,0.9019791666666666,0.5149305555555556,4.0
0022400573,2025-01-16,2024-25,WAS,PHX,1610612764,1610612756,123,130,PHX,0,-7,7,2880.0,0.8826845823683672,0.6327023506164551,0.9958487525582314,2880.0,2600.0,1.0,0.9027777777777778,0.0
0022400574,2025-01-16,2024-25,OKC,CLE,1610612760,1610612739,134,114,OKC,1,20,20,2880.0,0.9456998235711621,0.7435292601585388,0.9998824596405029,2880.0,2870.0,1.0,0.9965277777777778,4.0
0022400575,2025-01-16,2024-25,POR,LAC,1610612757,1610612746,89,118,LAC,0,-29,29,2880.0,0.8743227467641301,0.590456485748291,0.9999169967850321,2880.0,2140.0,1.0,0.7430555555555556,0.0
0022400576,2025-01-16,2024-25,SAC,HOU,1610612758,1610612745,132,127,SAC,1,5,5,2880.0,0.5355215113754902,0.2505194842815399,0.8983945250511169,1446.0,421.60000000000036,0.5020833333333333,0.146388888888889,4.0
0022400577,2025-01-17,2024-25,BOS,ORL,1610612738,1610612753,121,94,BOS,1,27,27,2880.0,0.8404793592045703,0.5655739307403564,0.9993225336074829,2880.0,1993.5,1.0,0.6921875,2.0
0022400578,2025-01-17,2024-25,NYK,MIN,1610612752,1610612750,99,116,MIN,0,-17,17,2880.0,0.5682045584105071,0.33360928297042847,0.9875239143148065,1550.6,467.0,0.5384027777777778,0.16215277777777778,3.0
0022400579,2025-01-17,2024-25,MIA,DEN,1610612748,1610612743,113,133,DEN,0,-20,20,2880.0,0.8049136457205653,0.4804608225822449,0.998528667492792,2859.0,1669.0,0.9927083333333333,0.5795138888888889,2.0
0022400580,2025-01-17,2024-25,MIL,TOR,1610612749,1610612761,130,112,MIL,1,18,18,2880.0,0.9301511658624643,0.7850697040557861,0.9963341951370239,2880.0,2880.0,1.0,1.0,0.0
0022400581,2025-01-17,2024-25,NOP,UTA,1610612740,1610612762,136,123,NOP,1,13,13,2880.0,0.8795652744236092,0.47263479232788086,0.9963170289993286,2827.0,2542.0,0.9815972222222222,0.8826388888888889,3.0
0022400582,2025-01-17,2024-25,SAS,MEM,1610612759,1610612763,112,140,MEM,0,-28,28,2880.0,0.6930226682904584,0.4001067280769348,0.9998501377413049,2527.0,887.0,0.8774305555555556,0.3079861111111111,10.0
0022400583,2025-01-17,2024-25,DAL,OKC,1610612742,1610612760,106,98,DAL,1,8,8,2880.0,0.5947105285690891,0.29669010639190674,0.9728589057922363,1548.0,955.0,0.5375,0.3315972222222222,7.0
0022400584,2025-01-17,2024-25,CHI,CHA,1610612741,1610612766,123,125,CHA,0,-2,2,2880.0,0.5372027479391546,0.20497602224349976,0.9627588428556919,1666.0,341.0,0.5784722222222223,0.11840277777777777,5.0
0022400585,2025-01-17,2024-25,LAL,BKN,1610612747,1610612751,102,101,LAL,1,1,1,2880.0,0.7074398011093338,0.5502023100852966,0.905680775642395,2880.0,810.8000000000002,1.0,0.2815277777777778,6.0
0022400586,2025-01-18,2024-25,DET,PHX,1610612765,1610612756,121,125,PHX,0,-4,4,2880.0,0.4793457484845487,0.25356048345565796,0.8877310454845428,736.6000000000001,160.0,0.25576388888888896,0.05555555555555555,7.0
0022400587,2025-01-18,2024-25,BOS,ATL,1610612738,1610612737,115,119,ATL,0,-4,4,3180.0,0.31609777737713457,0.11892938613891602,0.7478265166282654,349.1999999999998,0.0,0.10981132075471692,0.0,12.0
0022400588,2025-01-18,2024-25,IND,PHI,1610612754,1610612755,115,102,IND,1,13,13,2880.0,0.7619307285236816,0.4955880045890808,0.9822916984558105,2850.0,1588.6,0.9895833333333334,0.5515972222222222,7.0
0022400589,2025-01-18,2024-25,GSW,WAS,1610612744,1610612764,122,114,GSW,1,8,8,2880.0,0.5951833568016688,0.2877088189125061,0.9692352414131165,1915.0,699.0,0.6649305555555556,0.24270833333333333,10.0
0022400590,2025-01-18,2024-25,MIN,CLE,1610612750,1610612739,117,124,CLE,0,-7,7,2880.0,0.7307089653049156,0.4632870554924011,0.9954369235783815,2850.0,1014.0,0.9895833333333334,0.35208333333333336,11.0
0022400591,2025-01-18,2024-25,POR,HOU,1610612757,1610612745,103,125,HOU,0,-22,22,2880.0,0.8199474680756288,0.6133709847927094,0.9994228026480414,2880.0,1552.8999999999999,1.0,0.5392013888888888,5.0
0022400592,2025-01-19,2024-25,MIA,SAS,1610612748,1610612759,128,107,MIA,1,21,21,2880.0,0.7133505843972993,0.33385735750198364,0.9987548589706421,1982.0,1284.0,0.6881944444444444,0.44583333333333336,13.0
0022400593,2025-01-19,2024-25,ORL,DEN,1610612753,1610612743,100,113,DEN,0,-13,13,2880.0,0.6453665730915803,0.3396455645561218,0.9967421633191407,1701.5,1016.0,0.5907986111111111,0.3527777777777778,10.0
0022400594,2025-01-19,2024-25,MIL,PHI,1610612749,1610612755,123,109,MIL,1,14,14,2880.0,0.7939356795677709,0.5539981126785278,0.9886826872825623,2880.0,1689.0,1.0,0.5864583333333333,5.0
0022400595,2025-01-19,2024-25,OKC,BKN,1610612760,1610612751,127,101,OKC,1,26,26,2880.0,0.962609983496368,0.8441218733787537,0.9996286630630493,2880.0,2880.0,1.0,1.0,0.0
0022400596,2025-01-19,2024-25,LAC,LAL,1610612746,1610612747,116,102,LAC,1,14,14,2880.0,0.805036076301088,0.4902132749557495,0.9914711117744446,2816.0,1700.0,0.9777777777777777,0.5902777777777778,2.0
0022400597,2025-01-19,2024-25,POR,CHI,1610612757,1610612741,113,102,POR,1,11,11,2880.0,0.5977608962739921,0.2778667211532593,0.9772927761077881,1431.4,803.0,0.4970138888888889,0.27881944444444445,15.0
0022400598,2025-01-19,2024-25,SAC,WAS,1610612758,1610612764,123,100,SAC,1,23,23,2880.0,0.896931625979228,0.7013803124427795,0.999277651309967,2880.0,2748.0,1.0,0.9541666666666667,6.0
0022400599,2025-01-20,2024-25,CHA,DAL,1610612766,1610612742,110,105,CHA,1,5,5,2880.0,0.4201804579028653,0.1356896609067917,0.8476961851119995,826.0,101.0,0.28680555555555554,0.035069444444444445,9.0
0022400600,2025-01-20,2024-25,HOU,DET,1610612745,1610612765,96,107,DET,0,-11,11,2880.0,0.5788320758173036,0.23733007907867432,0.944473210722208,1727.0,713.0,0.5996527777777778,0.24756944444444445,6.0
0022400601,2025-01-20,2024-25,MEM,MIN,1610612763,1610612750,108,106,MEM,1,2,2,2880.0,0.4969765559563206,0.19110843539237976,0.8345865607261658,1007.4,300.5999999999999,0.34979166666666667,0.10437499999999997,16.0
0022400602,2025-01-20,2024-25,NYK,ATL,1610612752,1610612737,119,110,NYK,1,9,9,2880.0,0.6304671297387945,0.3861939311027527,0.9327317476272583,2221.8,615.6999999999998,0.7714583333333334,0.21378472222222217,10.0
0022400603,2025-01-20,2024-25,CLE,PHX,1610612739,1610612756,118,92,CLE,1,26,26,2880.0,0.878792496137321,0.6745866537094116,0.9996078610420227,2880.0,2328.0,1.0,0.8083333333333333,1.0
0022400604,2025-01-20,2024-25,GSW,BOS,1610612744,1610612738,85,125,BOS,0,-40,40,2880.0,0.8609779408424099,0.6071626543998718,0.9999949833613755,2880.0,2018.0,1.0,0.7006944444444444,2.0
0022400605,2025-01-20,2024-25,NOP,UTA,1610612740,1610612762,123,119,NOP,1,4,4,3180.0,0.318497810833531,0.0374797098338604,0.8833058476448059,680.9000000000001,210.60000000000036,0.21411949685534595,0.06622641509433974,25.0
0022400611,2025-01-20,2024-25,LAC,CHI,1610612746,1610612741,99,112,CHI,0,-13,13,2880.0,0.5505267887015362,0.21477890014648438,0.9753863457590342,1130.0,890.0,0.3923611111111111,0.3090277777777778,7.0
0022400606,2025-01-21,2024-25,BKN,NYK,1610612751,1610612752,95,99,NYK,0,-4,4,2880.0,0.777040351204988,0.4879114031791687,0.957380834966898,2847.0,1624.7,0.9885416666666667,0.5641319444444445,2.0
0022400607,2025-01-21,2024-25,MIA,POR,1610612748,1610612757,107,116,POR,0,-9,9,2880.0,0.5913964959551554,0.18392401933670044,0.9886312885209918,1442.2,1134.0,0.5007638888888889,0.39375,10.0
0022400608,2025-01-21,2024-25,TOR,ORL,1610612761,1610612753,109,93,TOR,1,16,16,2880.0,0.5098037756384454,0.11374644935131073,0.9956998825073242,1132.0,910.0,0.39305555555555555,0.3159722222222222,21.0
0022400609,2025-01-21,2024-25,DEN,PHI,1610612743,1610612755,144,109,DEN,1,35,35,2880.0,0.9040018030794131,0.7066711783409119,0.999944806098938,2880.0,2764.0,1.0,0.9597222222222223,2.0
0022400610,2025-01-21,2024-25,LAL,WAS,1610612747,1610612764,111,88,LAL,1,23,23,2880.0,0.9002414426787032,0.7515997886657715,0.9992520213127136,2880.0,2880.0,1.0,1.0,4.0
0022400612,2025-01-22,2024-25,ATL,DET,1610612737,1610612765,104,114,DET,0,-10,10,2880.0,0.7928424760951506,0.39811986684799194,0.9888486117124557,2647.0,1792.0,0.9190972222222222,0.6222222222222222,2.0
0022400613,2025-01-22,2024-25,BKN,PHX,1610612751,1610612756,84,108,PHX,0,-24,24,2880.0,0.7961711573314136,0.5540681481361389,0.9995694209355861,2880.0,1503.6000000000001,1.0,0.5220833333333333,0.0
0022400614,2025-01-22,2024-25,DAL,MIN,1610612742,1610612750,114,115,MIN,0,-1,1,2880.0,0.5422075670755778,0.2778610587120056,0.9107931405305862,1257.0,535.6999999999998,0.43645833333333334,0.18600694444444438,8.0
0022400615,2025-01-22,2024-25,HOU,CLE,1610612745,1610612739,109,108,HOU,1,1,1,2880.0,0.672293336138957,0.187078058719635,0.954754650592804,2170.0,1262.0,0.7534722222222222,0.43819444444444444,11.0
0022400616,2025-01-22,2024-25,MEM,CHA,1610612763,1610612766,132,120,MEM,1,12,12,2880.0,0.9508489295840263,0.8026227355003357,0.9994182586669922,2880.0,2880.0,1.0,1.0,0.0
0022400618,2025-01-22,2024-25,OKC,UTA,1610612760,1610612762,123,114,OKC,1,9,9,2880.0,0.8379647441767157,0.5487148761749268,0.973619818687439,2880.0,2534.0,1.0,0.8798611111111111,8.0
0022400619,2025-01-22,2024-25,SAC,GSW,1610612758,1610612744,123,117,SAC,1,6,6,2880.0,0.40849415723286153,0.12018515169620514,0.9184583425521851,992.5,113.0,0.3446180555555556,0.03923611111111111,18.0
0022400620,2025-01-22,2024-25,LAC,BOS,1610612746,1610612738,113,117,BOS,0,-4,4,3180.0,0.6200756051114895,0.24372631311416626,0.932737722992897,2679.0,680.6000000000004,0.8424528301886792,0.21402515723270452,6.0
0022400621,2025-01-23,2024-25,IND,SAS,1610612754,1610612759,110,140,SAS,0,-30,30,2880.0,0.6358939330217082,0.29472774267196655,0.999705319176428,1366.0,1134.0,0.47430555555555554,0.39375,5.0
0022400622,2025-01-23,2024-25,ORL,POR,1610612753,1610612757,79,101,POR,0,-22,22,2880.0,0.5697814589333655,0.23173654079437256,0.9980732523836195,1562.0,856.0,0.5423611111111111,0.2972222222222222,5.0
0022400623,2025-01-23,2024-25,ATL,TOR,1610612737,1610612761,119,122,TOR,0,-3,3,2880.0,0.5402636218008895,0.14426058530807495,0.8175679594278336,1990.0,60.0,0.6909722222222222,0.020833333333333332,6.0
0022400624,2025-01-23,2024-25,MIL,MIA,1610612749,1610612748,125,96,MIL,1,29,29,2880.0,0.7707281754021016,0.3569778501987457,0.9997491240501404,2384.0,1464.5,0.8277777777777777,0.5085069444444444,15.0
0022400625,2025-01-23,2024-25,OKC,DAL,1610612760,1610612742,115,121,DAL,0,-6,6,2880.0,0.462253118111338,0.18983060121536255,0.8413615971803665,1137.0,300.99999999999955,0.39479166666666665,0.10451388888888873,9.0
0022400626,2025-01-23,2024-25,DEN,SAC,1610612743,1610612758,132,123,DEN,1,9,9,2880.0,0.847489534010076,0.5127854943275452,0.9950255751609802,2880.0,2270.2,1.0,0.7882638888888889,2.0
0022400628,2025-01-23,2024-25,GSW,CHI,1610612744,1610612741,131,106,GSW,1,25,25,2880.0,0.6693267223011289,0.36861151456832886,0.9996110796928406,2253.2,859.0,0.7823611111111111,0.2982638888888889,14.0
0022400629,2025-01-23,2024-25,LAL,BOS,1610612747,1610612738,117,96,LAL,1,21,21,2880.0,0.7682792371118234,0.39142906665802,0.9992073178291321,2294.0,1775.0,0.7965277777777777,0.6163194444444444,1.0
0022400983,2025-01-23,2024-25,LAC,WAS,1610612746,1610612764,110,93,LAC,1,17,17,2880.0,0.9473410648252402,0.8104549050331116,0.9979099631309509,2880.0,2880.0,1.0,1.0,0.0
0022400630,2025-01-24,2024-25,CHA,POR,1610612766,1610612757,97,102,POR,0,-5,5,2880.0,0.4793833915915133,0.2050487995147705,0.8961757346987724,999.0,378.0,0.346875,0.13125,13.0
0022400631,2025-01-24,2024-25,PHI,CLE,1610612755,1610612739,132,129,PHI,1,3,3,2880.0,0.2774944378461482,0.03166254609823227,0.9256462454795837,282.00000000000045,183.5999999999999,0.09791666666666682,0.06374999999999997,8.0
0022400632,2025-01-24,2024-25,MEM,NOP,1610612763,1610612740,139,126,MEM,1,13,13,2880.0,0.8104084058323254,0.390749990940094,0.9940779209136963,2767.3,2148.0,0.9608680555555557,0.7458333333333333,11.0
0022400633,2025-01-25,2024-25,SAS,IND,1610612759,1610612754,98,136,IND,0,-38,38,2880.0,0.7211111986514942,0.40740495920181274,0.9999778758283355,2737.0,1205.0,0.9503472222222222,0.4184027777777778,1.0
0022400634,2025-01-25,2024-25,MIN,DEN,1610612750,1610612743,133,104,MIN,1,29,29,2880.0,0.7443326474695157,0.442987322807312,0.9994996786117554,2406.9,1477.9,0.8357291666666667,0.5131597222222223,0.0
0022400635,2025-01-25,2024-25,DAL,BOS,1610612742,1610612738,107,122,BOS,0,-15,15,2880.0,0.7860137803114936,0.40221333503723145,0.9942982387728989,2714.0,1615.0,0.9423611111111111,0.5607638888888888,10.0
0022400636,2025-01-25,2024-25,BKN,MIA,1610612751,1610612748,97,106,MIA,0,-9,9,2880.0,0.7190345153455726,0.49344688653945923,0.9854791536927223,2861.0,965.0,0.9934027777777777,0.3350694444444444,2.0
0022400637,2025-01-25,2024-25,CHA,NOP,1610612766,1610612740,123,92,CHA,1,31,31,2880.0,0.843329686348637,0.46089327335357666,0.9998736381530762,2717.0,2109.0,0.9434027777777778,0.7322916666666667,4.0
0022400638,2025-01-25,2024-25,ORL,DET,1610612753,1610612765,121,113,ORL,1,8,8,2880.0,0.57723714199745,0.3025115430355072,0.9657125473022461,1675.1999999999998,604.0,0.5816666666666666,0.20972222222222223,12.0
0022400639,2025-01-25,2024-25,ATL,TOR,1610612737,1610612761,94,117,TOR,0,-23,23,2880.0,0.5606244003402026,0.13224107027053833,0.998939567245543,1515.0,1144.0,0.5260416666666666,0.3972222222222222,12.0
0022400640,2025-01-25,2024-25,CLE,HOU,1610612739,1610612745,131,135,HOU,0,-4,4,2880.0,0.5897740463198472,0.2231852412223816,0.958553783595562,1626.0,921.9000000000001,0.5645833333333333,0.3201041666666667,6.0
0022400641,2025-01-25,2024-25,NYK,SAC,1610612752,1610612758,143,120,NYK,1,23,23,2880.0,0.8095880808453593,0.5470258593559265,0.9979390501976013,2880.0,1849.0,1.0,0.6420138888888889,3.0
0022400642,2025-01-25,2024-25,CHI,PHI,1610612741,1610612755,97,109,PHI,0,-12,12,2880.0,0.48530037104488455,0.19313526153564453,0.9652172289788723,993.0,206.0,0.34479166666666666,0.07152777777777777,7.0
0022400643,2025-01-25,2024-25,MEM,UTA,1610612763,1610612762,125,103,MEM,1,22,22,2880.0,0.9247740948324403,0.7908531427383423,0.9993520379066467,2880.0,2880.0,1.0,1.0,3.0
0022400644,2025-01-25,2024-25,GSW,LAL,1610612744,1610612747,108,118,LAL,0,-10,10,2880.0,0.670059447158128,0.3994687795639038,0.970854802057147,2443.3,1116.0,0.8483680555555556,0.3875,6.0
0022400645,2025-01-25,2024-25,PHX,WAS,1610612756,1610612764,119,109,PHX,1,10,10,2880.0,0.8935326084204845,0.7393268346786499,0.9842632412910461,2880.0,2839.0,1.0,0.9857638888888889,2.0
0022400646,2025-01-25,2024-25,LAC,MIL,1610612746,1610612749,127,117,LAC,1,10,10,2880.0,0.5590873172175553,0.31291377544403076,0.968917191028595,1605.8000000000002,446.0,0.5575694444444446,0.15486111111111112,11.0
0022400647,2025-01-26,2024-25,POR,OKC,1610612757,1610612760,108,118,OKC,0,-10,10,2880.0,0.8760928571804026,0.6585454046726227,0.9932125085033476,2880.0,2141.0,1.0,0.7434027777777777,10.0
0022400648,2025-01-27,2024-25,CHA,LAL,1610612766,1610612747,107,112,LAL,0,-5,5,2880.0,0.8703506286268948,0.6219540536403656,0.9800885170698166,2880.0,2615.0,1.0,0.9079861111111112,0.0
0022400649,2025-01-27,2024-25,CLE,DET,1610612739,1610612765,110,91,CLE,1,19,19,2880.0,0.8588946386219727,0.6911548972129822,0.9957497119903564,2880.0,2404.1,1.0,0.8347569444444444,0.0
0022400650,2025-01-27,2024-25,BOS,HOU,1610612738,1610612745,112,114,HOU,0,-2,2,2880.0,0.4404623091489904,0.07848864793777466,0.6754031777381897,1244.1999999999998,0.0,0.4320138888888888,0.0,12.0
0022400651,2025-01-27,2024-25,BKN,SAC,1610612751,1610612758,96,110,SAC,0,-14,14,2880.0,0.6080840122086132,0.3423640727996826,0.9937002970837057,2036.0,525.0,0.7069444444444445,0.18229166666666666,10.0
0022400652,2025-01-27,2024-25,MIA,ORL,1610612748,1610612753,125,119,MIA,1,6,6,3480.0,0.45813688077032566,0.07425540685653687,0.925005316734314,1461.0000000000005,159.0,0.4198275862068967,0.045689655172413794,14.0
0022400653,2025-01-27,2024-25,NYK,MEM,1610612752,1610612763,143,106,NYK,1,37,37,2880.0,0.7910539811808204,0.5223048329353333,0.999969482421875,2880.0,1422.0,1.0,0.49375,2.0
0022400654,2025-01-27,2024-25,TOR,NOP,1610612761,1610612740,113,104,TOR,1,9,9,2880.0,0.7665322678349914,0.5222053527832031,0.9835237860679626,2880.0,1400.0,1.0,0.4861111111111111,1.0
0022400655,2025-01-27,2024-25,CHI,DEN,1610612741,1610612743,129,121,CHI,1,8,8,2880.0,0.4244143173103738,0.08350119739770889,0.9328745007514954,661.0,606.0,0.22951388888888888,0.21041666666666667,12.0
0022400656,2025-01-27,2024-25,MIN,ATL,1610612750,1610612737,100,92,MIN,1,8,8,2880.0,0.8083467884444527,0.5902060270309448,0.9731892347335815,2880.0,1833.0,1.0,0.6364583333333333,0.0
0022400657,2025-01-27,2024-25,DAL,WAS,1610612742,1610612764,130,108,DAL,1,22,22,2880.0,0.9647427845021916,0.7976416945457458,0.9999030828475952,2880.0,2880.0,1.0,1.0,0.0
0022400658,2025-01-27,2024-25,UTA,MIL,1610612762,1610612749,110,125,MIL,0,-15,15,2880.0,0.8578916411269003,0.5806169509887695,0.9968883378896862,2880.0,2067.4,1.0,0.7178472222222223,5.0
0022400659,2025-01-27,2024-25,PHX,LAC,1610612756,1610612746,111,109,PHX,1,2,2,2880.0,0.657534472787132,0.3843524754047394,0.9593974947929382,2206.6,865.7000000000003,0.7661805555555555,0.30059027777777786,6.0
0022400532,2025-01-28,2024-25,ATL,HOU,1610612737,1610612745,96,100,HOU,0,-4,4,2880.0,0.7085077709272607,0.4679632782936096,0.9864430483430624,2837.0,954.0,0.9850694444444444,0.33125,9.0
0022400660,2025-01-28,2024-25,PHI,LAL,1610612755,1610612747,118,104,PHI,1,14,14,2880.0,0.7029205297451052,0.2952871322631836,0.9938575625419617,1994.0,1511.0,0.6923611111111111,0.5246527777777777,9.0
0022400661,2025-01-28,2024-25,GSW,UTA,1610612744,1610612762,114,103,GSW,1,11,11,2880.0,0.8184215555816061,0.5252293348312378,0.9773117899894714,2880.0,2123.9,1.0,0.7374652777777778,10.0
0022400662,2025-01-28,2024-25,POR,MIL,1610612757,1610612749,125,112,POR,1,13,13,2880.0,0.5639187285842167,0.1840723603963852,0.9822186827659607,1375.0,740.5999999999999,0.4774305555555556,0.25715277777777773,12.0
0022400663,2025-01-29,2024-25,CHA,BKN,1610612766,1610612751,83,104,BKN,0,-21,21,2880.0,0.7857914282121622,0.4073137640953064,0.9971533718053252,2766.0,1480.4,0.9604166666666667,0.5140277777777779,0.0
0022400664,2025-01-29,2024-25,IND,DET,1610612754,1610612765,133,119,IND,1,14,14,2880.0,0.7991497264326445,0.596362829208374,0.9922313690185547,2880.0,1945.7999999999997,1.0,0.6756249999999999,0.0
0022400665,2025-01-29,2024-25,WAS,TOR,1610612764,1610612761,82,106,TOR,0,-24,24,2880.0,0.8642812356033555,0.5479463338851929,0.9995042082155123,2880.0,2263.3,1.0,0.7858680555555556,0.0
0022400666,2025-01-29,2024-25,BOS,CHI,1610612738,1610612741,122,100,BOS,1,22,22,2880.0,0.9030667061296602,0.6982626914978027,0.9983141422271729,2880.0,2680.0,1.0,0.9305555555555556,1.0
0022400667,2025-01-29,2024-25,MIA,CLE,1610612748,1610612739,106,126,CLE,0,-20,20,2880.0,0.855423327931304,0.6264970898628235,0.9984320648945868,2880.0,1898.1,1.0,0.6590625,0.0
0022400668,2025-01-29,2024-25,NYK,DEN,1610612752,1610612743,122,112,NYK,1,10,10,2880.0,0.6640225772125026,0.30117067694664,0.9499043226242065,2653.0,712.5999999999999,0.9211805555555556,0.24743055555555551,8.0
0022400669,2025-01-29,2024-25,PHI,SAC,1610612755,1610612758,117,104,PHI,1,13,13,2880.0,0.5257217164968865,0.10121268033981323,0.9743141531944275,1091.3000000000002,607.0,0.37892361111111117,0.2107638888888889,12.0
0022400670,2025-01-29,2024-25,NOP,DAL,1610612740,1610612742,136,137,DAL,0,-1,1,2880.0,0.6320670272329719,0.2929421663284302,0.9678829796612263,2349.0,626.7000000000003,0.815625,0.21760416666666677,8.0
0022400671,2025-01-29,2024-25,SAS,LAC,1610612759,1610612746,116,128,LAC,0,-12,12,2880.0,0.6590978322729482,0.4333340525627136,0.989469169639051,2381.2,831.0,0.8268055555555555,0.28854166666666664,5.0
0022400672,2025-01-29,2024-25,PHX,MIN,1610612756,1610612750,113,121,MIN,0,-8,8,2880.0,0.4989344033518703,0.23908871412277222,0.9799511060118675,870.3000000000002,585.0,0.30218750000000005,0.203125,12.0
0022400673,2025-01-29,2024-25,GSW,OKC,1610612744,1610612760,116,109,GSW,1,7,7,2880.0,0.3642088917130604,0.11560413986444473,0.9481527805328369,508.0,298.0,0.1763888888888889,0.10347222222222222,14.0
0022400674,2025-01-30,2024-25,WAS,LAL,1610612764,1610612747,96,134,LAL,0,-38,38,2880.0,0.9219997422550306,0.63645139336586,0.9999915501757641,2880.0,2456.0,1.0,0.8527777777777777,2.0
0022400675,2025-01-30,2024-25,CLE,ATL,1610612739,1610612737,137,115,CLE,1,22,22,2880.0,0.8879236536804173,0.624286413192749,0.9984172582626343,2880.0,2555.9,1.0,0.8874652777777778,5.0
0022400676,2025-01-30,2024-25,MEM,HOU,1610612763,1610612745,120,119,MEM,1,1,1,2880.0,0.37996882155020206,0.08483469486236572,0.591439425945282,559.5999999999999,0.0,0.19430555555555554,0.0,11.0
0022400677,2025-01-30,2024-25,UTA,MIN,1610612762,1610612750,113,138,MIN,0,-25,25,2880.0,0.7833643479781092,0.4272540807723999,0.9997117285092827,2663.0,1622.0,0.9246527777777778,0.5631944444444444,15.0
0022400678,2025-01-30,2024-25,POR,ORL,1610612757,1610612753,119,90,POR,1,29,29,2880.0,0.7058083697004864,0.3523780405521393,0.9995494484901428,1778.0,1390.0,0.6173611111111111,0.4826388888888889,10.0
0022400679,2025-01-31,2024-25,CHA,LAC,1610612766,1610612746,104,112,LAC,0,-8,8,2880.0,0.7626154847656532,0.5793285071849823,0.9774830918759108,2880.0,1370.0,1.0,0.4756944444444444,2.0
0022400680,2025-01-31,2024-25,DET,DAL,1610612765,1610612742,117,102,DET,1,15,15,2880.0,0.637822589815284,0.343757301568985,0.9910531640052795,2053.0,925.0,0.7128472222222222,0.3211805555555556,11.0
0022400681,2025-01-31,2024-25,PHI,DEN,1610612755,1610612743,134,137,DEN,0,-3,3,2880.0,0.6678193224769914,0.24620085954666138,0.9066845774650574,2697.7,718.1000000000004,0.9367013888888889,0.2493402777777779,3.0
0022400682,2025-01-31,2024-25,TOR,CHI,1610612761,1610612741,106,122,CHI,0,-16,16,2880.0,0.6778612800179042,0.39804160594940186,0.9956959532573819,2503.0,966.0,0.8690972222222222,0.33541666666666664,5.0
0022400683,2025-01-31,2024-25,NOP,BOS,1610612740,1610612738,116,118,BOS,0,-2,2,2880.0,0.78854042225983,0.6001964509487152,0.9478504620492458,2880.0,1816.8999999999996,1.0,0.6308680555555555,6.0
0022400684,2025-01-31,2024-25,SAS,MIL,1610612759,1610612749,144,118,SAS,1,26,26,2880.0,0.6635825701326961,0.35268083214759827,0.9993065595626831,1768.0,1002.0,0.6138888888888889,0.34791666666666665,5.0
0022400685,2025-01-31,2024-25,GSW,PHX,1610612744,1610612756,105,130,PHX,0,-25,25,2880.0,0.7608653449322649,0.4043632745742798,0.999584876204608,2349.5,1602.5,0.8157986111111111,0.5564236111111112,3.0
0022400686,2025-02-01,2024-25,IND,ATL,1610612754,1610612737,132,127,IND,1,5,5,2880.0,0.6811222923464245,0.32541704177856445,0.8912085294723511,2627.0,1108.0999999999995,0.9121527777777778,0.38475694444444425,6.0
0022400687,2025-02-01,2024-25,UTA,ORL,1610612762,1610612753,113,99,UTA,1,14,14,2880.0,0.7508496397402553,0.3771370053291321,0.9894578456878662,2460.0,1506.0,0.8541666666666666,0.5229166666666667,3.0
0022400688,2025-02-01,2024-25,CHA,DEN,1610612766,1610612743,104,107,DEN,0,-3,3,2880.0,0.7981518994073847,0.21260714530944824,0.9671160355210304,2813.6,1703.0,0.9769444444444444,0.5913194444444444,4.0
0022400689,2025-02-01,2024-25,HOU,BKN,1610612745,1610612751,98,110,BKN,0,-12,12,2880.0,0.5800587087715717,0.15655487775802612,0.9761197902262211,1523.0,1157.0,0.5288194444444444,0.4017361111111111,4.0
0022400690,2025-02-01,2024-25,MIN,WAS,1610612750,1610612764,103,105,WAS,0,-2,2,2880.0,0.49299485706982926,0.1704227328300476,0.8583594411611557,1313.0,371.1999999999998,0.45590277777777777,0.12888888888888883,3.0
0022400691,2025-02-01,2024-25,OKC,SAC,1610612760,1610612758,144,110,OKC,1,34,34,2880.0,0.899225194218258,0.5807560682296753,0.999930739402771,2880.0,2459.6,1.0,0.8540277777777777,5.0
0022400692,2025-02-01,2024-25,NYK,LAL,1610612752,1610612747,112,128,LAL,0,-16,16,2880.0,0.6137184671568684,0.39321625232696533,0.9901405731216073,2099.9,582.0,0.7291319444444445,0.20208333333333334,3.0
0022400693,2025-02-01,2024-25,SAS,MIA,1610612759,1610612748,103,105,MIA,0,-2,2,2880.0,0.5365451912312872,0.2624555230140686,0.8488856852054596,1694.0999999999997,84.0,0.5882291666666666,0.029166666666666667,4.0
0022400694,2025-02-01,2024-25,POR,PHX,1610612757,1610612756,127,108,POR,1,19,19,2880.0,0.7392288620707891,0.4104587137699127,0.9988837838172913,2295.4,1550.0,0.7970138888888889,0.5381944444444444,4.0
0022400695,2025-02-02,2024-25,DET,CHI,1610612765,1610612741,127,119,DET,1,8,8,2880.0,0.7298982453387646,0.4862762689590454,0.9780453443527222,2862.0,1198.6,0.99375,0.4161805555555555,6.0
0022400696,2025-02-02,2024-25,CLE,DAL,1610612739,1610612742,144,101,CLE,1,43,43,2880.0,0.9607487315353421,0.6797375082969666,0.9999985694885254,2880.0,2731.0,1.0,0.9482638888888889,0.0
0022400697,2025-02-02,2024-25,TOR,LAC,1610612761,1610612746,115,108,TOR,1,7,7,2880.0,0.6058100957216488,0.32125726342201233,0.9714611768722534,1273.0,938.0,0.4420138888888889,0.32569444444444445,3.0
0022400698,2025-02-02,2024-25,PHI,BOS,1610612755,1610612738,110,118,BOS,0,-8,8,2880.0,0.44023622145527036,0.01056206226348877,0.9664073884487152,1593.0,369.0,0.553125,0.128125,26.0
0022400699,2025-02-02,2024-25,MIL,MEM,1610612749,1610612763,119,132,MEM,0,-13,13,2880.0,0.5666684096120944,0.1879432201385498,0.9819953143596649,2013.5,476.0,0.6991319444444445,0.16527777777777777,10.0
0022400700,2025-02-03,2024-25,CHA,WAS,1610612766,1610612764,114,124,WAS,0,-10,10,2880.0,0.7649487087830331,0.37591272592544556,0.9876068290323019,2349.0,1855.5,0.815625,0.6442708333333333,5.0
0022400701,2025-02-03,2024-25,DET,ATL,1610612765,1610612737,130,132,ATL,0,-2,2,2880.0,0.5451913587417868,0.2940673232078552,0.9110770598053932,1447.0,460.0,0.5024305555555556,0.1597222222222222,6.0
0022400702,2025-02-03,2024-25,NYK,HOU,1610612752,1610612745,124,118,NYK,1,6,6,2880.0,0.41496284661090216,0.10560820996761322,0.8547796010971069,943.0,26.799999999999727,0.32743055555555556,0.009305555555555461,12.0
0022400703,2025-02-03,2024-25,MEM,SAS,1610612763,1610612759,128,109,MEM,1,19,19,2880.0,0.8372200365861258,0.5126692652702332,0.9960722923278809,2880.0,2165.2,1.0,0.7518055555555555,7.0
0022400704,2025-02-03,2024-25,MIN,SAC,1610612750,1610612758,114,116,SAC,0,-2,2,2880.0,0.5623129745127841,0.3940281867980957,0.8072054386138916,2091.8,129.79999999999973,0.7263194444444445,0.04506944444444435,2.0
0022400705,2025-02-03,2024-25,OKC,MIL,1610612760,1610612749,125,96,OKC,1,29,29,2880.0,0.9413311067596077,0.6657971739768982,0.9999511241912842,2880.0,2752.0,1.0,0.9555555555555556,0.0
0022400706,2025-02-03,2024-25,DEN,NOP,1610612743,1610612740,125,113,DEN,1,12,12,2880.0,0.9024842028733758,0.732265055179596,0.9881635308265686,2880.0,2798.0,1.0,0.9715277777777778,5.0
0022400707,2025-02-03,2024-25,UTA,IND,1610612762,1610612754,111,112,IND,0,-1,1,2880.0,0.44378857903699903,0.052411019802093506,0.8331860303878784,1025.6,8.5,0.3561111111111111,0.002951388888888889,15.0
0022400708,2025-02-03,2024-25,GSW,ORL,1610612744,1610612753,104,99,GSW,1,5,5,2880.0,0.6239049881541481,0.37359508872032166,0.9555932879447937,2065.0,772.0,0.7170138888888888,0.26805555555555555,11.0
0022400709,2025-02-03,2024-25,POR,PHX,1610612757,1610612756,121,119,POR,1,2,2,3180.0,0.5357264403211621,0.24817083775997162,0.8398725986480713,1672.8,241.70000000000027,0.5260377358490566,0.07600628930817618,9.0
0022400710,2025-02-04,2024-25,CLE,BOS,1610612739,1610612738,105,112,BOS,0,-7,7,2880.0,0.5824367635704888,0.22101032733917236,0.919383130967617,1994.5,674.5999999999999,0.6925347222222222,0.2342361111111111,2.0
0022400711,2025-02-04,2024-25,BKN,HOU,1610612751,1610612745,99,97,BKN,1,2,2,2880.0,0.3885293968598772,0.10496365278959274,0.7520480155944824,747.4000000000001,23.0,0.25951388888888893,0.00798611111111111,8.0
0022400712,2025-02-04,2024-25,PHI,DAL,1610612755,1610612742,118,116,PHI,1,2,2,2880.0,0.5028742363469468,0.1855541467666626,0.8839145302772522,1280.0,296.9000000000001,0.4444444444444444,0.10309027777777781,8.0
0022400713,2025-02-04,2024-25,TOR,NYK,1610612761,1610612752,115,121,NYK,0,-6,6,2880.0,0.8253416697724283,0.6021476686000824,0.9913056092336774,2880.0,1782.0,1.0,0.61875,6.0
0022400714,2025-02-04,2024-25,CHI,MIA,1610612741,1610612748,133,124,CHI,1,9,9,2880.0,0.3737591138443289,0.05866895243525505,0.9521219730377197,323.0,188.0,0.11215277777777778,0.06527777777777778,13.0
0022400715,2025-02-04,2024-25,LAC,LAL,1610612746,1610612747,97,122,LAL,0,-25,25,2880.0,0.8650301740208265,0.48206377029418945,0.9995638074469753,2829.0,2197.8,0.9822916666666667,0.763125,1.0
0022400716,2025-02-04,2024-25,POR,IND,1610612757,1610612754,112,89,POR,1,23,23,2880.0,0.6669343556525806,0.4515587091445923,0.9978808760643005,2515.0,1004.0,0.8732638888888888,0.3486111111111111,0.0
0022400717,2025-02-05,2024-25,CHA,MIL,1610612766,1610612749,102,112,MIL,0,-10,10,2880.0,0.8420459488450918,0.5741260051727295,0.9971456015482545,2880.0,2010.0,1.0,0.6979166666666666,3.0
0022400718,2025-02-05,2024-25,DET,CLE,1610612765,1610612739,115,118,CLE,0,-3,3,2880.0,0.7860163223595978,0.6434778571128845,0.9751718249171972,2880.0,1716.9999999999995,1.0,0.5961805555555554,1.0
0022400719,2025-02-05,2024-25,ATL,SAS,1610612737,1610612759,125,126,SAS,0,-1,1,2880.0,0.6909242758739533,0.3949251174926758,0.9094204902648926,2522.9,1046.1999999999998,0.8760069444444445,0.36326388888888883,2.0
0022400720,2025-02-05,2024-25,BKN,WAS,1610612751,1610612764,102,119,WAS,0,-17,17,2880.0,0.6877581248037717,0.3875325322151184,0.9973861381877214,2392.0,968.0,0.8305555555555556,0.33611111111111114,1.0
0022400721,2025-02-05,2024-25,PHI,MIA,1610612755,1610612748,101,108,MIA,0,-7,7,2880.0,0.6336173496501418,0.44687533378601074,0.8975279107689857,2261.0,822.0,0.7850694444444445,0.28541666666666665,4.0
0022400722,2025-02-05,2024-25,TOR,MEM,1610612761,1610612763,107,138,MEM,0,-31,31,2880.0,0.7819228628063453,0.4868704676628113,0.9999278192117345,2850.1,1216.0,0.9896180555555555,0.4222222222222222,10.0
0022400723,2025-02-05,2024-25,MIN,CHI,1610612750,1610612741,127,108,MIN,1,19,19,2880.0,0.7448479286519191,0.48481485247612,0.9953011274337769,2852.0,1308.7,0.9902777777777778,0.45440972222222226,5.0
0022400724,2025-02-05,2024-25,OKC,PHX,1610612760,1610612756,140,109,OKC,1,31,31,2880.0,0.7817375995798242,0.44791746139526367,0.9999361038208008,2794.0,1320.0,0.9701388888888889,0.4583333333333333,12.0
0022400725,2025-02-05,2024-25,UTA,GSW,1610612762,1610612744,131,128,UTA,1,3,3,2880.0,0.4227686751802038,0.03264777734875679,0.8265949487686157,1037.1,9.699999999999818,0.3601041666666666,0.0033680555555554922,11.0
0022400726,2025-02-05,2024-25,DEN,NOP,1610612743,1610612740,144,119,DEN,1,25,25,2880.0,0.8553334379216864,0.5654903054237366,0.9996323585510254,2880.0,2340.8999999999996,1.0,0.8128124999999998,4.0
0022400727,2025-02-05,2024-25,SAC,ORL,1610612758,1610612753,111,130,ORL,0,-19,19,2880.0,0.7074850422415128,0.3797886371612549,0.9993029906181619,2184.1,1304.0,0.7583680555555555,0.4527777777777778,3.0
0022400728,2025-02-06,2024-25,BOS,DAL,1610612738,1610612742,120,127,DAL,0,-7,7,2880.0,0.7389027879485124,0.3304585814476013,0.9956551948562264,2313.0,1419.0,0.803125,0.49270833333333336,1.0
0022400729,2025-02-06,2024-25,MIN,HOU,1610612750,1610612745,127,114,MIN,1,13,13,2880.0,0.43828883213560205,0.19562824070453644,0.9691305756568909,353.0,227.0,0.12256944444444444,0.07881944444444444,7.0
0022400730,2025-02-06,2024-25,DEN,ORL,1610612743,1610612753,112,90,DEN,1,22,22,2880.0,0.8227122331369255,0.5067341923713684,0.9997367262840271,2880.0,1683.0,1.0,0.584375,6.0
0022400731,2025-02-06,2024-25,LAL,GSW,1610612747,1610612744,120,112,LAL,1,8,8,2880.0,0.8436966397344239,0.6230114698410034,0.9777765274047852,2880.0,2575.0,1.0,0.8940972222222222,0.0
0022400732,2025-02-06,2024-25,POR,SAC,1610612757,1610612758,108,102,POR,1,6,6,2880.0,0.549731350666326,0.2916955351829529,0.9223157167434692,1962.7,246.0,0.6814930555555556,0.08541666666666667,6.0
0022400733,2025-02-06,2024-25,LAC,IND,1610612746,1610612754,112,119,IND,0,-7,7,2880.0,0.41484732501803795,0.09083175659179688,0.9182498082518578,858.0999999999999,208.0,0.29795138888888884,0.07222222222222222,22.0
0022400734,2025-02-07,2024-25,CHA,SAS,1610612766,1610612759,117,116,CHA,1,1,1,2880.0,0.7365168003272266,0.4127081334590912,0.9565570950508118,2723.0,1285.0,0.9454861111111111,0.4461805555555556,2.0
0022400735,2025-02-07,2024-25,WAS,CLE,1610612764,1610612739,124,134,CLE,0,-10,10,2880.0,0.8526816733901229,0.659727931022644,0.9985706554725766,2880.0,2664.6,1.0,0.9252083333333333,8.0
0022400736,2025-02-07,2024-25,ATL,MIL,1610612737,1610612749,115,110,ATL,1,5,5,2880.0,0.4725950814643874,0.043701931834220886,0.896588921546936,1375.0,466.0,0.4774305555555556,0.16180555555555556,21.0
0022400737,2025-02-07,2024-25,BKN,MIA,1610612751,1610612748,102,86,BKN,1,16,16,2880.0,0.46681035778847424,0.1351538598537445,0.9860088229179382,638.2,405.0,0.22159722222222225,0.140625,11.0
0022400738,2025-02-07,2024-25,DET,PHI,1610612765,1610612755,125,112,DET,1,13,13,2880.0,0.9139353045717711,0.6014060974121094,0.9974216222763062,2880.0,2617.0,1.0,0.9086805555555556,2.0
0022400739,2025-02-07,2024-25,OKC,TOR,1610612760,1610612761,121,109,OKC,1,12,12,2880.0,0.9218584764376284,0.8123428225517273,0.9969544410705566,2880.0,2880.0,1.0,1.0,3.0
0022400740,2025-02-07,2024-25,PHX,UTA,1610612756,1610612762,135,127,PHX,1,8,8,3180.0,0.665732939349218,0.2172616720199585,0.979123592376709,2527.3999999999996,944.9000000000001,0.7947798742138363,0.29713836477987426,12.0
0022400741,2025-02-08,2024-25,DAL,HOU,1610612742,1610612745,116,105,DAL,1,11,11,2880.0,0.7392320185320245,0.4085668921470642,0.9543993473052979,2682.0,1500.0,0.93125,0.5208333333333334,1.0
0022400742,2025-02-08,2024-25,LAL,IND,1610612747,1610612754,124,117,LAL,1,7,7,2880.0,0.8600161621781687,0.49389249086380005,0.9790118336677551,2861.0,2447.0,0.9934027777777777,0.8496527777777778,2.0
0022400743,2025-02-08,2024-25,ORL,SAS,1610612753,1610612759,112,111,ORL,1,1,1,2880.0,0.448358385372493,0.12161607295274734,0.689631462097168,1400.5000000000002,0.0,0.4862847222222223,0.0,13.0
0022400744,2025-02-08,2024-25,WAS,ATL,1610612764,1610612737,111,125,ATL,0,-14,14,2880.0,0.72988838789755,0.406882643699646,0.9957131780683994,2436.4,1362.0,0.8459722222222222,0.47291666666666665,7.0
0022400745,2025-02-08,2024-25,CHI,GSW,1610612741,1610612744,111,132,GSW,0,-21,21,2880.0,0.488571856905053,0.017323851585388184,0.99860035313759,1512.0,669.0,0.525,0.23229166666666667,24.0
0022400746,2025-02-08,2024-25,MEM,OKC,1610612763,1610612760,112,125,OKC,0,-13,13,2880.0,0.7806200605204988,0.3837311267852783,0.9949184181168675,2553.0,1601.0,0.8864583333333333,0.5559027777777777,2.0
0022400747,2025-02-08,2024-25,MIN,POR,1610612750,1610612757,114,98,MIN,1,16,16,2880.0,0.5374942897011836,0.17319515347480774,0.9892611503601074,1390.0,435.0,0.4826388888888889,0.15104166666666666,15.0
0022400748,2025-02-08,2024-25,NYK,BOS,1610612752,1610612738,104,131,BOS,0,-27,27,2880.0,0.7819783253508599,0.42640888690948486,0.9998980844538892,2720.0,1624.0,0.9444444444444444,0.5638888888888889,0.0
0022400749,2025-02-08,2024-25,PHX,DEN,1610612756,1610612743,105,122,DEN,0,-17,17,2880.0,0.8049826620891044,0.5380150973796844,0.9984247459797189,2880.0,1442.8,1.0,0.5009722222222222,3.0
0022400750,2025-02-08,2024-25,SAC,NOP,1610612758,1610612740,123,118,SAC,1,5,5,2880.0,0.5724496457115229,0.27387943863868713,0.9906241297721863,1448.3,843.0,0.5028819444444445,0.29270833333333335,20.0
0022400751,2025-02-08,2024-25,LAC,UTA,1610612746,1610612762,130,110,LAC,1,20,20,2880.0,0.7099673673696816,0.38479679822921753,0.9984114170074463,2726.0,1055.5,0.9465277777777777,0.36649305555555556,13.0
0022400752,2025-02-09,2024-25,DET,CHA,1610612765,1610612766,112,102,DET,1,10,10,2880.0,0.9195121694045763,0.6496783494949341,0.9917958378791809,2880.0,2756.0,1.0,0.9569444444444445,0.0
0022400753,2025-02-09,2024-25,HOU,TOR,1610612745,1610612761,94,87,HOU,1,7,7,2880.0,0.6977732596204926,0.4298418462276459,0.9588893055915833,2765.3,1035.0,0.9601736111111112,0.359375,10.0
0022400754,2025-02-09,2024-25,MIL,PHI,1610612749,1610612755,135,127,MIL,1,8,8,2880.0,0.7638526689550942,0.4966205358505249,0.9980424642562866,2872.0,1198.0,0.9972222222222222,0.41597222222222224,7.0
0022400755,2025-02-10,2024-25,CLE,MIN,1610612739,1610612750,128,107,CLE,1,21,21,2880.0,0.9317665471757453,0.675312340259552,0.9979289770126343,2880.0,2660.0,1.0,0.9236111111111112,0.0
0022400756,2025-02-10,2024-25,ORL,ATL,1610612753,1610612737,106,112,ATL,0,-6,6,2880.0,0.49218575272398685,0.32586175203323364,0.8451196402311325,1213.8000000000002,151.5999999999999,0.4214583333333334,0.05263888888888886,7.0
0022400757,2025-02-10,2024-25,WAS,SAS,1610612764,1610612759,121,131,SAS,0,-10,10,2880.0,0.6490475146339223,0.4056582450866699,0.9636816754937172,2259.0,920.1000000000004,0.784375,0.3194791666666668,5.0
0022400758,2025-02-10,2024-25,BKN,CHA,1610612751,1610612766,97,89,BKN,1,8,8,2880.0,0.8293808077192968,0.47571250796318054,0.997078537940979,2851.0,1902.0,0.9899305555555555,0.6604166666666667,6.0
0022400759,2025-02-10,2024-25,MIA,BOS,1610612748,1610612738,85,103,BOS,0,-18,18,2880.0,0.785386130984124,0.4134986996650696,0.9988947176607326,2639.7,1723.0,0.9165625,0.5982638888888889,11.0
0022400760,2025-02-10,2024-25,MIL,GSW,1610612749,1610612744,111,125,GSW,0,-14,14,2880.0,0.5840723980635327,0.3262171745300293,0.9881004225462675,1726.0,575.0,0.5993055555555555,0.1996527777777778,5.0
0022400761,2025-02-10,2024-25,OKC,NOP,1610612760,1610612740,137,101,OKC,1,36,36,2880.0,0.9672446298971772,0.8708555102348328,0.9999856948852539,2880.0,2880.0,1.0,1.0,2.0
0022400762,2025-02-10,2024-25,DAL,SAC,1610612742,1610612758,128,129,SAC,0,-1,1,3180.0,0.4088758631566036,0.07752746343612671,0.7924897968769073,595.6999999999998,3.800000000000182,0.18732704402515718,0.0011949685534591767,12.0
0022400763,2025-02-10,2024-25,DEN,POR,1610612743,1610612757,146,117,DEN,1,29,29,2880.0,0.8916188970166776,0.6674323081970215,0.9997383952140808,2880.0,2757.0,1.0,0.9572916666666667,2.0
0022400768,2025-02-10,2024-25,LAL,UTA,1610612747,1610612762,132,113,LAL,1,19,19,2880.0,0.9505369633684555,0.78706294298172,0.9998130202293396,2880.0,2880.0,1.0,1.0,2.0
0022400764,2025-02-11,2024-25,PHI,TOR,1610612755,1610612761,103,106,TOR,0,-3,3,2880.0,0.4867222072804967,0.29474806785583496,0.7492941319942474,1335.6,0.0,0.46375,0.0,4.0
0022400765,2025-02-11,2024-25,IND,NYK,1610612754,1610612752,115,128,NYK,0,-13,13,2880.0,0.7306075533272814,0.40370285511016846,0.9964700967539102,2684.4,1395.2,0.9320833333333334,0.48444444444444446,7.0
0022400766,2025-02-11,2024-25,CHI,DET,1610612741,1610612765,92,132,DET,0,-40,40,2880.0,0.887679497020026,0.5136195123195648,0.9999954464101393,2880.0,2227.6,1.0,0.7734722222222222,0.0
0022400767,2025-02-11,2024-25,PHX,MEM,1610612756,1610612763,112,119,MEM,0,-7,7,2880.0,0.8416750219278037,0.5845222771167755,0.9722513649612665,2880.0,2066.0,1.0,0.7173611111111111,3.0
0022400769,2025-02-12,2024-25,BOS,SAS,1610612738,1610612759,116,103,BOS,1,13,13,2880.0,0.9057436177237993,0.6658524870872498,0.9877398610115051,2880.0,2646.0,1.0,0.91875,2.0
0022400770,2025-02-12,2024-25,ORL,CHA,1610612753,1610612766,102,86,ORL,1,16,16,2880.0,0.7982266171317961,0.41919010877609253,0.9981185793876648,2838.0,1591.0,0.9854166666666667,0.5524305555555555,5.0
0022400771,2025-02-12,2024-25,WAS,IND,1610612764,1610612754,130,134,IND,0,-4,4,3180.0,0.4352343721807284,0.05382680892944336,0.9623625241219997,1511.6,220.10000000000036,0.4753459119496855,0.06921383647798754,19.0
0022400772,2025-02-12,2024-25,BKN,PHI,1610612751,1610612755,100,96,BKN,1,4,4,2880.0,0.722274664470719,0.492389053106308,0.9745449423789978,2824.0,1108.0,0.9805555555555555,0.38472222222222224,3.0
0022400773,2025-02-12,2024-25,NYK,ATL,1610612752,1610612737,149,148,NYK,1,1,1,3180.0,0.7766591223493313,0.1939082145690918,0.9435577988624573,3082.0,2156.8,0.9691823899371069,0.6782389937106919,5.0
0022400774,2025-02-12,2024-25,TOR,CLE,1610612761,1610612739,108,131,CLE,0,-23,23,2880.0,0.9567331586912962,0.7652685791254044,0.9997934739803895,2880.0,2880.0,1.0,1.0,1.0
0022400775,2025-02-12,2024-25,CHI,DET,1610612741,1610612765,110,128,DET,0,-18,18,2880.0,0.736330001810323,0.4604771137237549,0.9951651026494801,2609.9,1372.0,0.9062152777777778,0.47638888888888886,5.0
0022400776,2025-02-12,2024-25,MIN,MIL,1610612750,1610612749,101,103,MIL,0,-2,2,2880.0,0.552079314109352,0.3368210196495056,0.768812745809555,1877.0,40.0,0.6517361111111111,0.013888888888888888,3.0
0022400777,2025-02-12,2024-25,NOP,SAC,1610612740,1610612758,111,119,SAC,0,-8,8,2880.0,0.6994014488434832,0.44184237718582153,0.9702996015548706,2734.0,982.9,0.9493055555555555,0.3412847222222222,5.0
0022400778,2025-02-12,2024-25,OKC,MIA,1610612760,1610612748,115,101,OKC,1,14,14,2880.0,0.5247594282010364,0.19130684435367584,0.9771867394447327,1076.0,549.0,0.3736111111111111,0.190625,21.0
0022400779,2025-02-12,2024-25,HOU,PHX,1610612745,1610612756,119,111,HOU,1,8,8,2880.0,0.5807175703626126,0.28211358189582825,0.9204628467559814,2194.0,208.0,0.7618055555555555,0.07222222222222222,11.0
0022400780,2025-02-12,2024-25,DEN,POR,1610612743,1610612757,132,121,DEN,1,11,11,2880.0,0.8914361732804941,0.5911257863044739,0.9908273816108704,2880.0,2535.0,1.0,0.8802083333333334,6.0
0022400781,2025-02-12,2024-25,UTA,LAL,1610612762,1610612747,131,119,UTA,1,12,12,2880.0,0.635345231472618,0.24528540670871735,0.9946762323379517,1681.0,1142.0,0.5836805555555555,0.39652777777777776,5.0
0022400782,2025-02-12,2024-25,DAL,GSW,1610612742,1610612744,111,107,DAL,1,4,4,2880.0,0.7158746772880356,0.3882909417152405,0.9244686365127563,2807.2,1123.6000000000004,0.9747222222222222,0.39013888888888903,2.0
0022400783,2025-02-12,2024-25,LAC,MEM,1610612746,1610612763,128,114,LAC,1,14,14,2880.0,0.6466954643289663,0.24776042997837067,0.9929506778717041,1528.5,1240.0,0.5307291666666667,0.4305555555555556,12.0
0022400784,2025-02-13,2024-25,HOU,GSW,1610612745,1610612744,98,105,GSW,0,-7,7,2880.0,0.6689166364115147,0.31086212396621704,0.9733489789068699,2228.5,1089.0,0.7737847222222223,0.378125,3.0
0022400785,2025-02-13,2024-25,NOP,SAC,1610612740,1610612758,140,133,NOP,1,7,7,3180.0,0.4817386760586088,0.15555723011493683,0.944800615310669,1036.6000000000004,477.6999999999998,0.3259748427672957,0.15022012578616348,8.0
0022400786,2025-02-13,2024-25,DAL,MIA,1610612742,1610612748,118,113,DAL,1,5,5,2880.0,0.5942845704675548,0.3052208125591278,0.9056833982467651,2557.0,223.0,0.8878472222222222,0.07743055555555556,7.0
0022400787,2025-02-13,2024-25,MIN,OKC,1610612750,1610612760,116,101,MIN,1,15,15,2880.0,0.704298888422135,0.37655869126319885,0.9959730505943298,2168.0,1182.0,0.7527777777777778,0.41041666666666665,0.0
0022401004,2025-02-13,2024-25,UTA,LAC,1610612762,1610612746,116,120,LAC,0,-4,4,3180.0,0.4710918443659379,0.07780241966247559,0.8894671946763992,1419.0,368.0,0.44622641509433963,0.11572327044025157,20.0
0022400524,2025-02-19,2024-25,LAL,CHA,1610612747,1610612766,97,100,CHA,0,-3,3,2880.0,0.25620424564824335,0.05701124668121338,0.8052432686090469,405.1999999999998,82.0,0.14069444444444437,0.02847222222222222,13.0
0022400788,2025-02-20,2024-25,IND,MEM,1610612754,1610612763,127,113,IND,1,14,14,2880.0,0.6703206245435609,0.28575339913368225,0.9910498857498169,1708.0,1546.0,0.5930555555555556,0.5368055555555555,13.0
0022400789,2025-02-20,2024-25,PHI,BOS,1610612755,1610612738,104,124,BOS,0,-20,20,2880.0,0.9052207121552581,0.6769835948944092,0.9993503262521699,2880.0,2501.0,1.0,0.8684027777777777,3.0
0022400790,2025-02-20,2024-25,ATL,ORL,1610612737,1610612753,108,114,ORL,0,-6,6,2880.0,0.49054269851573434,0.1308576464653015,0.9086200520396233,1465.0,545.0,0.5086805555555556,0.1892361111111111,19.0
0022400791,2025-02-20,2024-25,BKN,CLE,1610612751,1610612739,97,110,CLE,0,-13,13,2880.0,0.8106689736655729,0.4903651475906372,0.9984237601747736,2865.0,1804.2,0.9947916666666666,0.6264583333333333,7.0
0022400792,2025-02-20,2024-25,NYK,CHI,1610612752,1610612741,113,111,NYK,1,2,2,3180.0,0.7292909056829207,0.48880377411842346,0.9196545481681824,3132.8999999999996,1385.1,0.9851886792452829,0.435566037735849,6.0
0022400793,2025-02-20,2024-25,MIL,LAC,1610612749,1610612746,116,110,MIL,1,6,6,2880.0,0.47345472505367875,0.07911461591720581,0.9232481718063354,1313.1,255.29999999999995,0.4559375,0.08864583333333331,13.0
0022400794,2025-02-20,2024-25,DEN,CHA,1610612743,1610612766,129,115,DEN,1,14,14,2880.0,0.8501634815438753,0.6085947155952454,0.9882013201713562,2880.0,2690.3,1.0,0.9341319444444445,5.0
0022400795,2025-02-20,2024-25,SAS,PHX,1610612759,1610612756,120,109,SAS,1,11,11,2880.0,0.7509054126135177,0.5178282260894775,0.9657666087150574,2880.0,1332.4,1.0,0.46263888888888893,0.0
0022400796,2025-02-20,2024-25,POR,LAL,1610612757,1610612747,102,110,LAL,0,-8,8,2880.0,0.7609408268285917,0.5626538097858429,0.9486300870776176,2880.0,1663.1,1.0,0.5774652777777778,1.0
0022400797,2025-02-21,2024-25,CLE,NYK,1610612739,1610612752,142,105,CLE,1,37,37,2880.0,0.9142496301792562,0.6616443395614624,0.9999881982803345,2880.0,2544.0,1.0,0.8833333333333333,5.0
0022400798,2025-02-21,2024-25,ORL,MEM,1610612753,1610612763,104,105,MEM,0,-1,1,2880.0,0.48340450553637404,0.05380094051361084,0.7506322264671326,1731.9,18.0,0.6013541666666667,0.00625,19.0
0022400799,2025-02-21,2024-25,WAS,MIL,1610612764,1610612749,101,104,MIL,0,-3,3,2880.0,0.6413958225007971,0.3091970682144165,0.9877824457362294,1754.0,1048.5,0.6090277777777777,0.3640625,16.0
0022400800,2025-02-21,2024-25,TOR,MIA,1610612761,1610612748,111,120,MIA,0,-9,9,3180.0,0.6582551378971142,0.24113726615905762,0.9754097554832697,2943.9,628.0,0.9257547169811321,0.19748427672955976,3.0
0022400801,2025-02-21,2024-25,HOU,MIN,1610612745,1610612750,121,115,HOU,1,6,6,2880.0,0.6603133012975256,0.5283806920051575,0.8806187510490417,2880.0,573.0,1.0,0.19895833333333332,2.0
0022400802,2025-02-21,2024-25,SAS,DET,1610612759,1610612765,110,125,DET,0,-15,15,2880.0,0.7263696822641458,0.32965123653411865,0.9952179971151054,2354.0,1266.0,0.8173611111111111,0.4395833333333333,10.0
0022400803,2025-02-21,2024-25,DAL,NOP,1610612742,1610612740,111,103,DAL,1,8,8,2880.0,0.7775954246934917,0.48999571800231934,0.967954695224762,2850.0,1811.1999999999998,0.9895833333333334,0.6288888888888888,4.0
0022400804,2025-02-21,2024-25,UTA,OKC,1610612762,1610612760,107,130,OKC,0,-23,23,2880.0,0.9356496091010368,0.8117100298404694,0.9996213012782391,2880.0,2880.0,1.0,1.0,0.0
0022400805,2025-02-21,2024-25,SAC,GSW,1610612758,1610612744,108,132,GSW,0,-24,24,2880.0,0.7707297733177741,0.35906869173049927,0.9995502650272101,2408.4,1801.0,0.83625,0.6253472222222223,5.0
0022400806,2025-02-22,2024-25,CHI,PHX,1610612741,1610612756,117,121,PHX,0,-4,4,2880.0,0.5775945262874786,0.27286314964294434,0.9239506125450134,1521.1,771.0,0.5281597222222222,0.2677083333333333,13.0
0022400807,2025-02-22,2024-25,PHI,BKN,1610612755,1610612751,103,105,BKN,0,-2,2,2880.0,0.639901719137302,0.2660348415374756,0.8625113070011139,2382.3,678.0999999999999,0.8271875000000001,0.23545138888888886,6.0
0022400808,2025-02-22,2024-25,DEN,LAL,1610612743,1610612747,100,123,LAL,0,-23,23,2880.0,0.7115154431067884,0.43682122230529785,0.9990168532822281,2667.0,1102.0,0.9260416666666667,0.38263888888888886,0.0
0022400809,2025-02-22,2024-25,UTA,HOU,1610612762,1610612745,124,115,UTA,1,9,9,2880.0,0.39148429874227286,0.08612486720085144,0.9605730772018433,517.0,429.0,0.1795138888888889,0.14895833333333333,8.0
0022400810,2025-02-22,2024-25,POR,CHA,1610612757,1610612766,141,88,POR,1,53,53,2880.0,0.9234135595916045,0.682174026966095,0.9999995231628418,2880.0,2651.0,1.0,0.9204861111111111,1.0
0022400811,2025-02-23,2024-25,BOS,NYK,1610612738,1610612752,118,105,BOS,1,13,13,2880.0,0.8609725662238067,0.6028790473937988,0.9963665008544922,2880.0,2434.0,1.0,0.8451388888888889,1.0
0022400812,2025-02-23,2024-25,GSW,DAL,1610612744,1610612742,126,102,GSW,1,24,24,2880.0,0.8584673914478884,0.42571860551834106,0.9989305138587952,2670.0,2239.0,0.9270833333333334,0.7774305555555555,5.0
0022400813,2025-02-23,2024-25,IND,LAC,1610612754,1610612746,129,111,IND,1,18,18,2880.0,0.8156835357741348,0.5410965085029602,0.9918701648712158,2880.0,1662.0,1.0,0.5770833333333333,0.0
0022400814,2025-02-23,2024-25,ATL,DET,1610612737,1610612765,143,148,DET,0,-5,5,2880.0,0.6398622809821326,0.3433206081390381,0.9421580620110035,2324.2,817.4000000000001,0.8070138888888888,0.28381944444444446,3.0
0022400815,2025-02-23,2024-25,ORL,WAS,1610612753,1610612764,110,90,ORL,1,20,20,2880.0,0.8212548170238734,0.496001660823822,0.9994025230407715,2869.2,1758.0,0.99625,0.6104166666666667,6.0
0022400816,2025-02-23,2024-25,TOR,PHX,1610612761,1610612756,127,109,TOR,1,18,18,2880.0,0.6897940489794645,0.4190548360347748,0.9921472668647766,2318.4,1176.3000000000002,0.805,0.40843750000000006,2.0
0022400817,2025-02-23,2024-25,MIL,MIA,1610612749,1610612748,120,113,MIL,1,7,7,2880.0,0.4759134323972588,0.19979965686798096,0.911440908908844,1118.0,157.0,0.38819444444444445,0.05451388888888889,14.0
0022400818,2025-02-23,2024-25,NOP,SAS,1610612740,1610612759,114,96,NOP,1,18,18,2880.0,0.43313317796836304,0.08282750844955444,0.9962701797485352,833.0,480.0,0.28923611111111114,0.16666666666666666,17.0
0022400819,2025-02-23,2024-25,CLE,MEM,1610612739,1610612763,129,123,CLE,1,6,6,2880.0,0.7558550614159968,0.5867077112197876,0.9542940258979797,2880.0,1298.9,1.0,0.4510069444444445,4.0
0022400820,2025-02-23,2024-25,MIN,OKC,1610612750,1610612760,123,130,OKC,0,-7,7,2880.0,0.697928934854895,0.28235316276550293,0.9778730794787407,2529.1,1185.3,0.8781597222222222,0.4115625,7.0
0022400821,2025-02-24,2024-25,DET,LAC,1610612765,1610612746,106,97,DET,1,9,9,2880.0,0.6266827187045582,0.4393281936645508,0.9562704563140869,2579.0,710.6999999999998,0.8954861111111111,0.24677083333333327,5.0
0022400822,2025-02-24,2024-25,IND,DEN,1610612754,1610612743,116,125,DEN,0,-9,9,2880.0,0.7643618505591683,0.5101065635681152,0.9710060097277164,2880.0,1304.0,1.0,0.4527777777777778,2.0
0022400823,2025-02-24,2024-25,PHI,CHI,1610612755,1610612741,110,142,CHI,0,-32,32,2880.0,0.8221083173876177,0.39372020959854126,0.9999960742093208,2713.0,1879.0,0.9420138888888889,0.6524305555555555,2.0
0022400824,2025-02-24,2024-25,WAS,BKN,1610612764,1610612751,107,99,WAS,1,8,8,2880.0,0.5977773165537251,0.2991116940975189,0.9280007481575012,2437.2,168.69999999999982,0.84625,0.058576388888888824,7.0
0022400825,2025-02-24,2024-25,ATL,MIA,1610612737,1610612748,98,86,ATL,1,12,12,2880.0,0.6937917328067124,0.4790697991847992,0.9692038893699646,2797.0,1154.0,0.9711805555555556,0.40069444444444446,4.0
0022400826,2025-02-24,2024-25,OKC,MIN,1610612760,1610612750,128,131,MIN,0,-3,3,3180.0,0.14776176073172556,0.0077340006828308105,0.5892196595668793,6.599999999999909,0.0,0.002075471698113179,0.0,25.0
0022400827,2025-02-24,2024-25,UTA,POR,1610612762,1610612757,112,114,POR,0,-2,2,2880.0,0.6555941519068761,0.3844567537307739,0.9437123984098434,2431.0,827.5,0.8440972222222223,0.2873263888888889,5.0
0022400828,2025-02-24,2024-25,SAC,CHA,1610612758,1610612766,130,88,SAC,1,42,42,2880.0,0.9001618090313344,0.6406074166297913,0.9999959468841553,2880.0,2667.0,1.0,0.9260416666666667,6.0
0022400829,2025-02-25,2024-25,TOR,BOS,1610612761,1610612738,101,111,BOS,0,-10,10,2880.0,0.8823319140698812,0.7173401117324829,0.9908007672056556,2880.0,2788.0,1.0,0.9680555555555556,1.0
0022400830,2025-02-25,2024-25,ORL,CLE,1610612753,1610612739,82,122,CLE,0,-40,40,2880.0,0.8935525465662336,0.6683850586414337,0.9999937780025903,2880.0,2377.0,1.0,0.8253472222222222,0.0
0022400831,2025-02-25,2024-25,HOU,MIL,1610612745,1610612749,100,97,HOU,1,3,3,2880.0,0.6224165186254929,0.4091982841491699,0.8373703360557556,2764.2,208.69999999999982,0.9597916666666666,0.07246527777777771,4.0
0022400832,2025-02-25,2024-25,MEM,PHX,1610612763,1610612756,151,148,MEM,1,3,3,3180.0,0.5351334366923983,0.21846848726272583,0.7740182280540466,2084.4,9.099999999999909,0.6554716981132076,0.0028616352201257574,10.0
0022400833,2025-02-25,2024-25,NOP,SAS,1610612740,1610612759,109,103,NOP,1,6,6,2880.0,0.39589765406058475,0.15934297442436218,0.914929211139679,641.0,221.0,0.22256944444444443,0.07673611111111112,19.0
0022400834,2025-02-25,2024-25,GSW,CHA,1610612744,1610612766,128,92,GSW,1,36,36,2880.0,0.9160140650098523,0.6711962223052979,0.9999744892120361,2880.0,2790.0,1.0,0.96875,5.0
0022400835,2025-02-25,2024-25,LAL,DAL,1610612747,1610612742,107,99,LAL,1,8,8,2880.0,0.723387467674911,0.5371434688568115,0.9146090149879456,2880.0,972.0,1.0,0.3375,1.0
0022400836,2025-02-26,2024-25,DET,BOS,1610612765,1610612738,117,97,DET,1,20,20,2880.0,0.6935408073560232,0.38208332657814026,0.9979016780853271,2248.6,1069.0,0.7807638888888888,0.37118055555555557,2.0
0022400837,2025-02-26,2024-25,IND,TOR,1610612754,1610612761,111,91,IND,1,20,20,2880.0,0.8549418568155831,0.6919495463371277,0.9977630376815796,2880.0,2532.0,1.0,0.8791666666666667,3.0
0022400838,2025-02-26,2024-25,NYK,PHI,1610612752,1610612755,110,105,NYK,1,5,5,2880.0,0.862618750402083,0.36420339345932007,0.9593757390975952,2819.0,2597.5,0.9788194444444445,0.9019097222222222,4.0
0022400839,2025-02-26,2024-25,WAS,POR,1610612764,1610612757,121,129,POR,0,-8,8,2880.0,0.594702568285607,0.3338466286659241,0.9587645716965199,2193.0,529.5,0.7614583333333333,0.18385416666666668,6.0
0022400840,2025-02-26,2024-25,BKN,OKC,1610612751,1610612760,121,129,OKC,0,-8,8,2880.0,0.5927392891908272,0.13624465465545654,0.994718708563596,1893.0,506.0,0.6572916666666667,0.17569444444444443,18.0
0022400841,2025-02-26,2024-25,MIA,ATL,1610612748,1610612737,131,109,MIA,1,22,22,2880.0,0.6951389896165994,0.43526238203048706,0.9976590871810913,2645.0,876.0,0.9184027777777778,0.30416666666666664,5.0
0022400842,2025-02-26,2024-25,CHI,LAC,1610612741,1610612746,117,122,LAC,0,-5,5,2880.0,0.6574883872578438,0.3965415954589844,0.9390838369727135,2577.3,846.0,0.8948958333333334,0.29375,5.0
0022400843,2025-02-26,2024-25,UTA,SAC,1610612762,1610612758,101,118,SAC,0,-17,17,2880.0,0.7634967265138402,0.5208703279495239,0.9970432291738689,2880.0,1491.0,1.0,0.5177083333333333,5.0
0022400844,2025-02-26,2024-25,HOU,SAS,1610612745,1610612759,118,106,HOU,1,12,12,2880.0,0.9269023789630996,0.6918125152587891,0.9978848099708557,2880.0,2815.0,1.0,0.9774305555555556,0.0
0022400845,2025-02-27,2024-25,ORL,GSW,1610612753,1610612744,115,121,GSW,0,-6,6,2880.0,0.5071315528048823,0.10045671463012695,0.9519628919661045,1112.0,885.0,0.3861111111111111,0.3072916666666667,17.0
0022400846,2025-02-27,2024-25,MIL,DEN,1610612749,1610612743,121,112,MIL,1,9,9,2880.0,0.5631507444764591,0.3416191339492798,0.9549618363380432,1461.0,597.0,0.5072916666666667,0.20729166666666668,6.0
0022400847,2025-02-27,2024-25,DAL,CHA,1610612742,1610612766,103,96,DAL,1,7,7,2880.0,0.7364809551855757,0.5011006593704224,0.9603912234306335,2880.0,1421.5,1.0,0.4935763888888889,6.0
0022400848,2025-02-27,2024-25,PHX,NOP,1610612756,1610612740,116,124,NOP,0,-8,8,2880.0,0.4620267317506175,0.17300313711166382,0.9252651259303093,1012.0,325.0,0.35138888888888886,0.11284722222222222,7.0
0022400849,2025-02-27,2024-25,LAL,MIN,1610612747,1610612750,111,102,LAL,1,9,9,2880.0,0.8544190678393676,0.5761221647262573,0.9567744731903076,2880.0,2536.0,1.0,0.8805555555555555,0.0
0022400850,2025-02-28,2024-25,DET,DEN,1610612765,1610612743,119,134,DEN,0,-15,15,2880.0,0.7897162524156577,0.44298887252807617,0.9989122831029817,2803.0,1321.0,0.9732638888888889,0.45868055555555554,5.0
0022400851,2025-02-28,2024-25,ATL,OKC,1610612737,1610612760,119,135,OKC,0,-16,16,2880.0,0.8977440522577066,0.6659149527549744,0.9986944809788838,2880.0,2585.0,1.0,0.8975694444444444,0.0
0022400852,2025-02-28,2024-25,BOS,CLE,1610612738,1610612739,116,123,CLE,0,-7,7,2880.0,0.292828838849285,0.037319302558898926,0.8919390216469765,475.0,254.0,0.16493055555555555,0.08819444444444445,22.0
0022400853,2025-02-28,2024-25,BKN,POR,1610612751,1610612757,102,121,POR,0,-19,19,2880.0,0.7766371515260269,0.40324312448501587,0.9986764475470409,2725.0,1672.0,0.9461805555555556,0.5805555555555556,4.0
0022400854,2025-02-28,2024-25,MIA,IND,1610612748,1610612754,125,120,MIA,1,5,5,2880.0,0.4741723229363562,0.17094197869300842,0.9154790043830872,1021.5999999999999,290.8000000000002,0.3547222222222222,0.10097222222222228,12.0
0022400855,2025-02-28,2024-25,CHI,TOR,1610612741,1610612761,125,115,CHI,1,10,10,3180.0,0.4132134163292981,0.05071632191538811,0.9707266092300415,1038.5,193.0,0.32657232704402517,0.06069182389937107,16.0
0022400856,2025-02-28,2024-25,MEM,NYK,1610612763,1610612752,113,114,NYK,0,-1,1,2880.0,0.3688450199883017,0.13705360889434814,0.7070299983024597,175.4000000000001,0.0,0.06090277777777781,0.0,12.0
0022400857,2025-02-28,2024-25,PHX,NOP,1610612756,1610612740,125,108,PHX,1,17,17,2880.0,0.9312895029679769,0.7173100113868713,0.9992747902870178,2880.0,2748.0,1.0,0.9541666666666667,0.0
0022400858,2025-02-28,2024-25,UTA,MIN,1610612762,1610612750,117,116,UTA,1,1,1,2880.0,0.4745891870284039,0.12838463485240936,0.9050707817077637,966.4999999999995,311.0,0.3355902777777776,0.10798611111111112,13.0
0022400859,2025-02-28,2024-25,LAL,LAC,1610612747,1610612746,106,102,LAL,1,4,4,2880.0,0.6455765672711035,0.3832327723503113,0.8894256353378296,2247.9,644.0,0.7805208333333333,0.22361111111111112,10.0
0022400860,2025-03-01,2024-25,CHA,WAS,1610612766,1610612764,100,113,WAS,0,-13,13,2880.0,0.6304126623644132,0.19573205709457397,0.9870954938232899,1761.0,955.0,0.6114583333333333,0.3315972222222222,8.0
0022400861,2025-03-01,2024-25,DET,BKN,1610612765,1610612751,115,94,DET,1,21,21,2880.0,0.9131953557415141,0.677619457244873,0.9985961318016052,2880.0,2703.0,1.0,0.9385416666666667,2.0
0022400862,2025-03-01,2024-25,HOU,SAC,1610612745,1610612758,103,113,SAC,0,-10,10,2880.0,0.6054905742794896,0.34756624698638916,0.9499588385224342,2114.8,671.0,0.7343055555555557,0.23298611111111112,3.0
0022400863,2025-03-01,2024-25,MEM,SAS,1610612763,1610612759,128,130,SAS,0,-2,2,2880.0,0.5875083687844582,0.20279717445373535,0.9043462052941322,2034.0999999999995,706.0,0.706284722222222,0.24513888888888888,6.0
0022400864,2025-03-01,2024-25,PHI,GSW,1610612755,1610612744,126,119,PHI,1,7,7,2880.0,0.6195487566468203,0.3702332079410553,0.934486448764801,1804.0,776.5999999999999,0.6263888888888889,0.26965277777777774,6.0
0022400865,2025-03-01,2024-25,DAL,MIL,1610612742,1610612749,117,132,MIL,0,-15,15,2880.0,0.6990418285281662,0.31986838579177856,0.9931286252103746,1756.0,1429.0,0.6097222222222223,0.49618055555555557,10.0
0022400866,2025-03-02,2024-25,BOS,DEN,1610612738,1610612743,110,103,BOS,1,7,7,2880.0,0.8048785200197662,0.5645338892936707,0.9454693794250488,2880.0,2145.7,1.0,0.7450347222222221,1.0
0022400867,2025-03-02,2024-25,CLE,POR,1610612739,1610612757,133,129,CLE,1,4,4,3180.0,0.5819919272947986,0.10138019919395447,0.8873425126075745,2130.0,451.4000000000001,0.6698113207547169,0.14194968553459122,18.0
0022400868,2025-03-02,2024-25,IND,CHI,1610612754,1610612741,127,112,IND,1,15,15,2880.0,0.7071259967072143,0.4481112062931061,0.9872603416442871,2818.0,1024.6999999999998,0.9784722222222222,0.35579861111111105,9.0
0022400869,2025-03-02,2024-25,MIA,NYK,1610612748,1610612752,112,116,NYK,0,-4,4,3180.0,0.36891607030616996,0.06453043222427368,0.8990765362977982,1160.1000000000001,98.0,0.364811320754717,0.030817610062893082,19.0
0022400870,2025-03-02,2024-25,ORL,TOR,1610612753,1610612761,102,104,TOR,0,-2,2,2880.0,0.5537514452199038,0.250033974647522,0.9746030364185572,1190.4,716.1999999999998,0.4133333333333334,0.2486805555555555,3.0
0022400871,2025-03-02,2024-25,SAS,OKC,1610612759,1610612760,132,146,OKC,0,-14,14,2880.0,0.8166258098795393,0.5111071765422821,0.9991642566164955,2880.0,1868.0,1.0,0.6486111111111111,9.0
0022400872,2025-03-02,2024-25,UTA,NOP,1610612762,1610612740,121,128,NOP,0,-7,7,2880.0,0.628799043556727,0.15184348821640015,0.927169919013977,2429.1,771.5999999999999,0.8434375,0.26791666666666664,6.0
0022400873,2025-03-02,2024-25,PHX,MIN,1610612756,1610612750,98,116,MIN,0,-18,18,2880.0,0.5903219217832116,0.2791013717651367,0.9965357058681548,1176.0,996.0,0.4083333333333333,0.3458333333333333,12.0
0022400874,2025-03-02,2024-25,LAL,LAC,1610612747,1610612746,108,102,LAL,1,6,6,2880.0,0.7890490524801943,0.5646336078643799,0.9775634407997131,2880.0,1679.0,1.0,0.5829861111111111,0.0
0022400875,2025-03-03,2024-25,CHA,GSW,1610612766,1610612744,101,119,GSW,0,-18,18,2880.0,0.8096105621447998,0.5984476804733276,0.9970616262871772,2880.0,1775.3,1.0,0.6164236111111111,0.0
0022400876,2025-03-03,2024-25,PHI,POR,1610612755,1610612757,102,119,POR,0,-17,17,2880.0,0.595848090789449,0.28207385540008545,0.9938858826644719,1417.0,807.0,0.49201388888888886,0.28020833333333334,12.0
0022400877,2025-03-03,2024-25,MIA,WAS,1610612748,1610612764,106,90,MIA,1,16,16,2880.0,0.8999534661674665,0.6842039823532104,0.9993283748626709,2880.0,2588.0,1.0,0.8986111111111111,3.0
0022400878,2025-03-03,2024-25,MEM,ATL,1610612763,1610612737,130,132,ATL,0,-2,2,2880.0,0.2920319065296402,0.06114554405212402,0.5963904559612274,51.20000000000027,0.0,0.01777777777777787,0.0,13.0
0022400879,2025-03-03,2024-25,OKC,HOU,1610612760,1610612745,137,128,OKC,1,9,9,2880.0,0.7365215882555478,0.5070154070854187,0.9705673456192017,2880.0,1219.0,1.0,0.4232638888888889,9.0
0022400880,2025-03-03,2024-25,DAL,SAC,1610612742,1610612758,98,122,SAC,0,-24,24,2880.0,0.7615819356969666,0.486572265625,0.9991848767385818,2828.0,1382.5,0.9819444444444444,0.4800347222222222,0.0
0022400881,2025-03-03,2024-25,UTA,DET,1610612762,1610612765,106,134,DET,0,-28,28,2880.0,0.8899067059296969,0.5823610126972198,0.9999128174968064,2880.0,2348.0,1.0,0.8152777777777778,3.0
0022400882,2025-03-04,2024-25,IND,HOU,1610612754,1610612745,115,102,IND,1,13,13,2880.0,0.658163207060554,0.36392316222190857,0.9712652564048767,2124.1,1002.0,0.7375347222222222,0.34791666666666665,6.0
0022400883,2025-03-04,2024-25,ORL,TOR,1610612753,1610612761,113,114,TOR,0,-1,1,2880.0,0.4496036961798866,0.20285600423812866,0.8861120566725731,994.7999999999997,356.4000000000001,0.3454166666666666,0.12375000000000003,7.0
0022400884,2025-03-04,2024-25,ATL,MIL,1610612737,1610612749,121,127,MIL,0,-6,6,2880.0,0.5638875122088939,0.24396711587905884,0.9213792458176613,2011.8,278.1999999999998,0.6985416666666666,0.09659722222222215,7.0
0022400885,2025-03-04,2024-25,NYK,GSW,1610612752,1610612744,102,114,GSW,0,-12,12,2880.0,0.4564232940250076,0.17234188318252563,0.9455367363989353,799.0,315.0,0.27743055555555557,0.109375,10.0
0022400886,2025-03-04,2024-25,CHI,CLE,1610612741,1610612739,117,139,CLE,0,-22,22,2880.0,0.7634327792510239,0.4071797728538513,0.9996026058506686,2816.0,1340.0,0.9777777777777777,0.4652777777777778,15.0
0022400887,2025-03-04,2024-25,MIN,PHI,1610612750,1610612755,126,112,MIN,1,14,14,2880.0,0.7666729439712232,0.5808004140853882,0.9979289770126343,2880.0,1141.1,1.0,0.39621527777777776,6.0
0022400888,2025-03-04,2024-25,SAS,BKN,1610612759,1610612751,127,113,SAS,1,14,14,2880.0,0.7864087207843032,0.4183744192123413,0.9956728219985962,2701.0,1403.0,0.9378472222222223,0.48715277777777777,8.0
0022400889,2025-03-04,2024-25,PHX,LAC,1610612756,1610612746,119,117,PHX,1,2,2,2880.0,0.308096679617431,0.012696710415184498,0.8480272889137268,572.0,66.0,0.1986111111111111,0.022916666666666665,23.0
0022400890,2025-03-04,2024-25,LAL,NOP,1610612747,1610612740,136,115,LAL,1,21,21,2880.0,0.9072725522787206,0.7767103910446167,0.9994749426841736,2880.0,2880.0,1.0,1.0,2.0
0022400891,2025-03-05,2024-25,BOS,POR,1610612738,1610612757,128,118,BOS,1,10,10,2880.0,0.8331097473307616,0.5658382773399353,0.9962663054466248,2880.0,1868.4,1.0,0.64875,6.0
0022400892,2025-03-05,2024-25,CHA,MIN,1610612766,1610612750,110,125,MIN,0,-15,15,2880.0,0.8298320577826559,0.5462538599967957,0.9968616245314479,2880.0,2136.0,1.0,0.7416666666666667,6.0
0022400893,2025-03-05,2024-25,CLE,MIA,1610612739,1610612748,112,107,CLE,1,5,5,2880.0,0.7135721768542297,0.3085470497608185,0.9538624882698059,2642.0,1168.3000000000002,0.9173611111111111,0.4056597222222223,7.0
0022400894,2025-03-05,2024-25,WAS,UTA,1610612764,1610612762,125,122,WAS,1,3,3,2880.0,0.6874314081979295,0.39138779044151306,0.9483717679977417,2557.0,1088.2,0.8878472222222222,0.3778472222222222,6.0
0022400895,2025-03-05,2024-25,MEM,OKC,1610612763,1610612760,103,120,OKC,0,-17,17,2880.0,0.7164731483476742,0.42926061153411865,0.9969898383133113,2606.0,1140.0,0.9048611111111111,0.3958333333333333,4.0
0022400896,2025-03-05,2024-25,DEN,SAC,1610612743,1610612758,116,110,DEN,1,6,6,2880.0,0.4407952191039091,0.20398184657096863,0.8728694319725037,696.0,199.9000000000001,0.24166666666666667,0.06940972222222225,14.0
0022400897,2025-03-05,2024-25,MIL,DAL,1610612749,1610612742,137,107,MIL,1,30,30,2880.0,0.8639346127729449,0.5489605069160461,0.9998784065246582,2880.0,2089.8,1.0,0.7256250000000001,2.0
0022400898,2025-03-05,2024-25,LAC,DET,1610612746,1610612765,123,115,LAC,1,8,8,2880.0,0.6131789170257333,0.32314878702163696,0.9487591981887817,2615.2000000000003,386.0,0.9080555555555556,0.13402777777777777,4.0
0022400899,2025-03-06,2024-25,ATL,IND,1610612737,1610612754,124,118,ATL,1,6,6,2880.0,0.4060642231845607,0.10569237172603607,0.9360365867614746,477.0,284.0,0.165625,0.09861111111111111,12.0
0022400900,2025-03-06,2024-25,BOS,PHI,1610612738,1610612755,123,105,BOS,1,18,18,2880.0,0.9274343272546928,0.7869952917098999,0.9993473887443542,2880.0,2880.0,1.0,1.0,0.0
0022400901,2025-03-06,2024-25,BKN,GSW,1610612751,1610612744,119,121,GSW,0,-2,2,2880.0,0.4784406573439223,0.19820457696914673,0.9609510973095894,999.0,491.39999999999964,0.346875,0.17062499999999986,22.0
0022400902,2025-03-06,2024-25,NOP,HOU,1610612740,1610612745,97,109,HOU,0,-12,12,2880.0,0.7229454972087278,0.4346957802772522,0.9885536590591073,2552.2,1308.0,0.8861805555555555,0.45416666666666666,11.0
0022400903,2025-03-06,2024-25,LAL,NYK,1610612747,1610612752,113,109,LAL,1,4,4,3180.0,0.4101208436008801,0.1168205738067627,0.8308837413787842,1190.9,125.10000000000036,0.374496855345912,0.03933962264150955,13.0
0022400944,2025-03-06,2024-25,ORL,CHI,1610612753,1610612741,123,125,CHI,0,-2,2,2880.0,0.35814465408627355,0.09289175271987915,0.6824786365032196,479.0999999999999,0.0,0.16635416666666664,0.0,11.0
0022400904,2025-03-07,2024-25,CHA,CLE,1610612766,1610612739,117,118,CLE,0,-1,1,2880.0,0.8148099695100811,0.12205302715301514,0.9715598952025175,2640.0,2534.0,0.9166666666666666,0.8798611111111111,9.0
0022400905,2025-03-07,2024-25,TOR,UTA,1610612761,1610612762,118,109,TOR,1,9,9,2880.0,0.817319453774641,0.5377602577209473,0.980864942073822,2880.0,1792.0,1.0,0.6222222222222222,0.0
0022400906,2025-03-07,2024-25,DAL,MEM,1610612742,1610612763,111,122,MEM,0,-11,11,2880.0,0.5107134680105891,0.2959500551223755,0.9657999463379383,1386.1,193.0,0.4812847222222222,0.06701388888888889,11.0
0022400907,2025-03-07,2024-25,MIA,MIN,1610612748,1610612750,104,106,MIN,0,-2,2,2880.0,0.5718594839961992,0.28834396600723267,0.8517151027917862,2083.5,254.80000000000018,0.7234375,0.08847222222222229,5.0
0022400908,2025-03-07,2024-25,OKC,POR,1610612760,1610612757,107,89,OKC,1,18,18,2880.0,0.8566249728720221,0.6040736436843872,0.9930115342140198,2880.0,2585.0,1.0,0.8975694444444444,6.0
0022400909,2025-03-07,2024-25,DEN,PHX,1610612743,1610612756,149,141,DEN,1,8,8,3180.0,0.8331669574582351,0.3597615659236908,0.9726237058639526,3118.3,2728.0,0.9805974842767297,0.8578616352201258,2.0
0022400910,2025-03-07,2024-25,SAC,SAS,1610612758,1610612759,127,109,SAC,1,18,18,2880.0,0.805435042279876,0.47395947575569153,0.9964916110038757,2829.2,1732.0,0.982361111111111,0.6013888888888889,8.0
0022400911,2025-03-07,2024-25,LAC,NYK,1610612746,1610612752,105,95,LAC,1,10,10,2880.0,0.5801857207808644,0.27728182077407837,0.9386822581291199,1854.1,498.0,0.6437847222222222,0.17291666666666666,9.0
0022400912,2025-03-08,2024-25,CHA,BKN,1610612766,1610612751,105,102,CHA,1,3,3,2880.0,0.308150665806089,0.03605986014008522,0.769623339176178,151.0,2.300000000000182,0.05243055555555556,0.0007986111111111743,17.0
0022400913,2025-03-08,2024-25,HOU,NOP,1610612745,1610612740,146,117,HOU,1,29,29,2880.0,0.9335692358844809,0.7910772562026978,0.9999599456787109,2880.0,2880.0,1.0,1.0,0.0
0022400914,2025-03-08,2024-25,ATL,IND,1610612737,1610612754,120,118,ATL,1,2,2,2880.0,0.707305660330587,0.26893582940101624,0.9275500774383545,2611.0,1475.5,0.9065972222222223,0.5123263888888889,2.0
0022400915,2025-03-08,2024-25,TOR,WAS,1610612761,1610612764,117,118,WAS,0,-1,1,2880.0,0.5287563985425772,0.18894463777542114,0.8743161857128143,1382.3,746.1999999999998,0.47996527777777775,0.25909722222222215,10.0
0022400916,2025-03-08,2024-25,MIA,CHI,1610612748,1610612741,109,114,CHI,0,-5,5,2880.0,0.2643865636756851,0.08878874778747559,0.808147743344307,137.0,6.699999999999818,0.04756944444444444,0.002326388888888826,17.0
0022400917,2025-03-08,2024-25,MIL,ORL,1610612749,1610612753,109,111,ORL,0,-2,2,2880.0,0.6608211993074251,0.30815309286117554,0.9339858517050743,2509.0,844.5,0.8711805555555555,0.29322916666666665,2.0
0022400918,2025-03-08,2024-25,BOS,LAL,1610612738,1610612747,111,101,BOS,1,10,10,2880.0,0.7142601047808098,0.4478059709072113,0.9839479327201843,2607.7,1298.0,0.9054513888888889,0.45069444444444445,8.0
0022400919,2025-03-08,2024-25,GSW,DET,1610612744,1610612765,115,110,GSW,1,5,5,2880.0,0.5483172076423135,0.2674468755722046,0.8608662486076355,2242.5,4.5,0.7786458333333334,0.0015625,5.0
0022400920,2025-03-09,2024-25,OKC,DEN,1610612760,1610612743,127,103,OKC,1,24,24,2880.0,0.7532032287431261,0.5640100240707397,0.9987584352493286,2880.0,1244.1,1.0,0.43197916666666664,11.0
0022400921,2025-03-09,2024-25,DAL,PHX,1610612742,1610612756,116,125,PHX,0,-9,9,2880.0,0.6743175432940998,0.2976917624473572,0.9821087401360273,2188.8,1186.0,0.76,0.41180555555555554,6.0
0022400922,2025-03-09,2024-25,MIL,CLE,1610612749,1610612739,100,112,CLE,0,-12,12,2880.0,0.7746577459793642,0.5589196979999542,0.9948380147106946,2880.0,1769.0,1.0,0.6142361111111111,1.0
0022400923,2025-03-09,2024-25,NOP,MEM,1610612740,1610612763,104,107,MEM,0,-3,3,2880.0,0.6347988021748865,0.21915608644485474,0.9573634751141071,2147.0,738.0,0.7454861111111111,0.25625,14.0
0022400924,2025-03-09,2024-25,PHI,UTA,1610612755,1610612762,126,122,PHI,1,4,4,2880.0,0.7240262755658478,0.29029226303100586,0.9964555501937866,2303.0,1583.0,0.7996527777777778,0.5496527777777778,16.0
0022400925,2025-03-09,2024-25,MIN,SAS,1610612750,1610612759,141,124,MIN,1,17,17,2880.0,0.8407543217390775,0.6890019178390503,0.997157096862793,2880.0,2479.8,1.0,0.8610416666666667,0.0
0022400926,2025-03-09,2024-25,POR,DET,1610612757,1610612765,112,119,DET,0,-7,7,2880.0,0.7387718899738199,0.5119785666465759,0.9701059702783823,2880.0,1397.0,1.0,0.48506944444444444,1.0
0022400927,2025-03-09,2024-25,LAC,SAC,1610612746,1610612758,111,110,LAC,1,1,1,3180.0,0.5330066809554894,0.1727573126554489,0.8450798392295837,2143.4,93.0,0.6740251572327044,0.029245283018867925,8.0
0022400928,2025-03-10,2024-25,ATL,PHI,1610612737,1610612755,132,123,ATL,1,9,9,2880.0,0.8320913151092826,0.5898401737213135,0.996026873588562,2880.0,1909.0,1.0,0.6628472222222223,3.0
0022400929,2025-03-10,2024-25,BOS,UTA,1610612738,1610612762,114,108,BOS,1,6,6,2880.0,0.8899946898822154,0.6394681334495544,0.995757520198822,2880.0,2840.0,1.0,0.9861111111111112,3.0
0022400930,2025-03-10,2024-25,BKN,LAL,1610612751,1610612747,111,108,BKN,1,3,3,2880.0,0.41040023285274696,0.13569751381874084,0.8741925358772278,725.0,402.8000000000002,0.2517361111111111,0.13986111111111119,15.0
0022400931,2025-03-10,2024-25,MIA,CHA,1610612748,1610612766,102,105,CHA,0,-3,3,2880.0,0.22169449128934907,0.0439872145652771,0.7929043471813202,87.5,5.400000000000091,0.030381944444444444,0.0018750000000000316,17.0
0022400932,2025-03-10,2024-25,TOR,WAS,1610612761,1610612764,119,104,TOR,1,15,15,2880.0,0.7546241607009951,0.47473815083503723,0.9931532144546509,2763.7000000000003,1315.0,0.9596180555555557,0.4565972222222222,4.0
0022400933,2025-03-10,2024-25,CHI,IND,1610612741,1610612754,121,103,CHI,1,18,18,2880.0,0.7372639904140184,0.36862412095069885,0.9973433613777161,1933.0,1513.0,0.6711805555555556,0.5253472222222222,6.0
0022400934,2025-03-10,2024-25,HOU,ORL,1610612745,1610612753,97,84,HOU,1,13,13,2880.0,0.7638083003606233,0.45667633414268494,0.9918312430381775,2755.0,1403.0,0.9565972222222222,0.48715277777777777,9.0
0022400935,2025-03-10,2024-25,MEM,PHX,1610612763,1610612756,120,118,MEM,1,2,2,2880.0,0.6134364029858261,0.3494502007961273,0.8294358253479004,2270.0,502.5,0.7881944444444444,0.17447916666666666,16.0
0022400936,2025-03-10,2024-25,OKC,DEN,1610612760,1610612743,127,140,DEN,0,-13,13,2880.0,0.45734066409822033,0.16602349281311035,0.9780945684760809,763.1999999999998,619.0,0.26499999999999996,0.21493055555555557,12.0
0022400937,2025-03-10,2024-25,SAS,DAL,1610612759,1610612742,129,133,DAL,0,-4,4,2880.0,0.5084397541265934,0.2756630778312683,0.89743322879076,891.9000000000001,297.59999999999945,0.3096875,0.10333333333333314,8.0
0022400938,2025-03-10,2024-25,GSW,POR,1610612744,1610612757,130,120,GSW,1,10,10,2880.0,0.8207725856949885,0.5223219394683838,0.9794024229049683,2880.0,2094.8,1.0,0.7273611111111111,7.0
0022400939,2025-03-10,2024-25,SAC,NYK,1610612758,1610612752,104,133,NYK,0,-29,29,2880.0,0.8569758281831525,0.4478209614753723,0.9998865687157377,2834.0,2191.9,0.9840277777777777,0.761076388888889,5.0
0022400940,2025-03-11,2024-25,CLE,BKN,1610612739,1610612751,109,104,CLE,1,5,5,2880.0,0.6096442073956132,0.2442966103553772,0.9015669226646423,1679.0,1097.0,0.5829861111111111,0.38090277777777776,18.0
0022400941,2025-03-11,2024-25,DET,WAS,1610612765,1610612764,123,103,DET,1,20,20,2880.0,0.9281408731763561,0.7906121015548706,0.9993023872375488,2880.0,2880.0,1.0,1.0,0.0
0022400942,2025-03-11,2024-25,IND,MIL,1610612754,1610612749,115,114,IND,1,1,1,2880.0,0.5726576259349369,0.26463228464126587,0.8798284530639648,2281.9,254.0,0.792326388888889,0.08819444444444445,4.0
0022400943,2025-03-11,2024-25,NOP,LAC,1610612740,1610612746,127,120,NOP,1,7,7,2880.0,0.6660822047148314,0.37486371397972107,0.9721065759658813,2065.4,1134.0,0.7171527777777779,0.39375,2.0
0022400945,2025-03-12,2024-25,ATL,CHA,1610612737,1610612766,123,110,ATL,1,13,13,2880.0,0.8177106611678997,0.5874809622764587,0.9894821643829346,2880.0,1718.0,1.0,0.5965277777777778,6.0
0022400946,2025-03-12,2024-25,BOS,OKC,1610612738,1610612760,112,118,OKC,0,-6,6,2880.0,0.5602387346190194,0.3584899306297302,0.9445040747523308,1554.4999999999995,475.5,0.5397569444444443,0.16510416666666666,2.0
0022400947,2025-03-12,2024-25,TOR,PHI,1610612761,1610612755,118,105,TOR,1,13,13,2880.0,0.7964370752974516,0.464219868183136,0.9832329154014587,2794.0,1833.3000000000002,0.9701388888888889,0.6365625,6.0
0022400948,2025-03-12,2024-25,MIA,LAC,1610612748,1610612746,104,119,LAC,0,-15,15,2880.0,0.736174371738129,0.4696458578109741,0.9886426338925958,2861.0,1056.8000000000002,0.9934027777777777,0.3669444444444445,2.0
0022400949,2025-03-12,2024-25,HOU,PHX,1610612745,1610612756,111,104,HOU,1,7,7,2880.0,0.7892757321666513,0.5548960566520691,0.9835763573646545,2880.0,1509.7,1.0,0.5242013888888889,4.0
0022400950,2025-03-12,2024-25,MEM,UTA,1610612763,1610612762,122,115,MEM,1,7,7,2880.0,0.8332266544116042,0.44434523582458496,0.9550630450248718,2862.0,2333.7000000000003,0.99375,0.8103125000000001,7.0
0022400951,2025-03-12,2024-25,SAS,DAL,1610612759,1610612742,126,116,SAS,1,10,10,2880.0,0.640819420547535,0.3147850036621094,0.981403112411499,1982.0,930.0,0.6881944444444444,0.3229166666666667,11.0
0022400952,2025-03-12,2024-25,DEN,MIN,1610612743,1610612750,95,115,MIN,0,-20,20,2880.0,0.7232359117445432,0.4099675416946411,0.9975354073103517,2777.0,1125.0,0.9642361111111111,0.390625,0.0
0022400953,2025-03-12,2024-25,POR,NYK,1610612757,1610612752,113,114,NYK,0,-1,1,3180.0,0.632594054414182,0.2739858031272888,0.9048256948590279,3007.0,408.5,0.9455974842767295,0.12845911949685535,5.0
0022400954,2025-03-13,2024-25,DET,WAS,1610612765,1610612764,125,129,WAS,0,-4,4,2880.0,0.36980502331836357,0.1389068365097046,0.8202243894338608,787.6999999999998,53.40000000000009,0.2735069444444444,0.0185416666666667,8.0
0022400955,2025-03-13,2024-25,MIL,LAL,1610612749,1610612747,126,106,MIL,1,20,20,2880.0,0.7389980880502196,0.42085540294647217,0.9956008195877075,2505.6,1332.0,0.87,0.4625,2.0
0022400956,2025-03-13,2024-25,CHI,BKN,1610612741,1610612751,116,110,CHI,1,6,6,2880.0,0.511505866340465,0.13583114743232727,0.924308180809021,1664.3,201.0,0.5778819444444444,0.06979166666666667,12.0
0022400957,2025-03-13,2024-25,GSW,SAC,1610612744,1610612758,130,104,GSW,1,26,26,2880.0,0.8418862925676835,0.593332052230835,0.999083399772644,2880.0,2299.0,1.0,0.7982638888888889,0.0
0022401141,2025-03-13,2024-25,NOP,ORL,1610612740,1610612753,93,113,ORL,0,-20,20,2880.0,0.870589387173855,0.5274553000926971,0.998884689877741,2880.0,2019.0,1.0,0.7010416666666667,2.0
0022400958,2025-03-14,2024-25,MIA,BOS,1610612748,1610612738,91,103,BOS,0,-12,12,2880.0,0.7365009811362768,0.45234769582748413,0.9861376294866204,2837.0,1167.0,0.9850694444444444,0.40520833333333334,5.0
0022400959,2025-03-14,2024-25,PHI,IND,1610612755,1610612754,100,112,IND,0,-12,12,2880.0,0.6602264023042517,0.23114299774169922,0.9847309375181794,1938.0,1035.0,0.6729166666666667,0.359375,16.0
0022400960,2025-03-14,2024-25,ATL,LAC,1610612737,1610612746,98,121,LAC,0,-23,23,2880.0,0.613317672512211,0.22041934728622437,0.9985919999890029,1219.0,901.0,0.4232638888888889,0.3128472222222222,11.0
0022400961,2025-03-14,2024-25,HOU,DAL,1610612745,1610612742,133,96,HOU,1,37,37,2880.0,0.8594335536617371,0.6027567982673645,0.9999735355377197,2880.0,1943.0,1.0,0.6746527777777778,2.0
0022400962,2025-03-14,2024-25,MEM,CLE,1610612763,1610612739,124,133,CLE,0,-9,9,2880.0,0.8311877852921156,0.487609326839447,0.9970221319235861,2804.0,2038.0,0.9736111111111111,0.7076388888888889,1.0
0022400963,2025-03-14,2024-25,MIN,ORL,1610612750,1610612753,118,111,MIN,1,7,7,2880.0,0.6281051288203646,0.19488359987735748,0.9370239973068237,2509.0,203.4000000000001,0.8711805555555555,0.07062500000000003,11.0
0022400964,2025-03-14,2024-25,SAS,CHA,1610612759,1610612766,134,145,CHA,0,-11,11,2880.0,0.8008362120782193,0.25783079862594604,0.9972427079919726,2381.0,1942.0,0.8267361111111111,0.6743055555555556,3.0
0022400965,2025-03-14,2024-25,DEN,LAL,1610612743,1610612747,131,126,DEN,1,5,5,2880.0,0.5509499279792525,0.16713634133338928,0.8581212162971497,1528.1,506.0,0.5305902777777778,0.17569444444444443,11.0
0022400966,2025-03-14,2024-25,UTA,TOR,1610612762,1610612761,118,126,TOR,0,-8,8,2880.0,0.6058342174998123,0.349761962890625,0.9755910448729992,1719.5,612.0,0.5970486111111111,0.2125,6.0
0022400967,2025-03-14,2024-25,PHX,SAC,1610612756,1610612758,122,106,PHX,1,16,16,2880.0,0.7705313364126616,0.4593426287174225,0.9932687878608704,2757.0,1695.0,0.9572916666666667,0.5885416666666666,3.0
0022400968,2025-03-15,2024-25,BKN,BOS,1610612751,1610612738,113,115,BOS,0,-2,2,2880.0,0.8709074969615581,0.6946970224380493,0.9834330473095179,2880.0,2408.5,1.0,0.8362847222222223,3.0
0022400969,2025-03-15,2024-25,DET,OKC,1610612765,1610612760,107,113,OKC,0,-6,6,2880.0,0.7100776120686594,0.33923131227493286,0.9756361283361912,2497.0,1213.0,0.8670138888888889,0.42118055555555556,10.0
0022400970,2025-03-15,2024-25,HOU,CHI,1610612745,1610612741,117,114,HOU,1,3,3,2880.0,0.6263003476346947,0.38621455430984497,0.8838930130004883,2657.0,344.5999999999999,0.9225694444444444,0.11965277777777775,11.0
0022400971,2025-03-15,2024-25,MEM,MIA,1610612763,1610612748,125,91,MEM,1,34,34,2880.0,0.8890084264427423,0.7040676474571228,0.9999117851257324,2880.0,2667.0,1.0,0.9260416666666667,0.0
0022400972,2025-03-15,2024-25,MIL,IND,1610612749,1610612754,126,119,MIL,1,7,7,2880.0,0.761420496834649,0.45469340682029724,0.9844712615013123,2816.0,1333.0,0.9777777777777777,0.46284722222222224,3.0
0022400973,2025-03-15,2024-25,SAS,NOP,1610612759,1610612740,119,115,SAS,1,4,4,2880.0,0.7031055141716368,0.308816134929657,0.9513677358627319,2561.0,946.0,0.8892361111111111,0.3284722222222222,8.0
0022400974,2025-03-15,2024-25,GSW,NYK,1610612744,1610612752,97,94,GSW,1,3,3,2880.0,0.5725255099922004,0.3524186313152313,0.8705227375030518,1802.0,322.0,0.6256944444444444,0.11180555555555556,5.0
0022400975,2025-03-15,2024-25,DEN,WAS,1610612743,1610612764,123,126,WAS,0,-3,3,2880.0,0.18202325877630052,0.06984156370162964,0.6890369355678558,47.100000000000364,0.0,0.016354166666666795,0.0,16.0
0022400538,2025-03-16,2024-25,LAC,CHA,1610612746,1610612766,123,88,LAC,1,35,35,2880.0,0.9267019552323552,0.7460895776748657,0.9999723434448242,2880.0,2864.0,1.0,0.9944444444444445,2.0
0022400976,2025-03-16,2024-25,DAL,PHI,1610612742,1610612755,125,130,PHI,0,-5,5,2880.0,0.4977626135994474,0.1603168249130249,0.944939598441124,1082.9,712.4000000000001,0.3760069444444445,0.24736111111111114,11.0
0022400977,2025-03-16,2024-25,LAL,PHX,1610612747,1610612756,107,96,LAL,1,11,11,2880.0,0.8808494811774128,0.6468523740768433,0.9789524078369141,2880.0,2580.0,1.0,0.8958333333333334,1.0
0022400978,2025-03-16,2024-25,BKN,ATL,1610612751,1610612737,122,114,BKN,1,8,8,2880.0,0.5248229193211429,0.15687187016010284,0.9557302594184875,1625.0,487.0,0.5642361111111112,0.16909722222222223,10.0
0022400979,2025-03-16,2024-25,CLE,ORL,1610612739,1610612753,103,108,ORL,0,-5,5,2880.0,0.19786761432782643,0.06388354301452637,0.6911745369434357,31.0,0.0,0.010763888888888889,0.0,13.0
0022400980,2025-03-16,2024-25,POR,TOR,1610612757,1610612761,105,102,POR,1,3,3,2880.0,0.38847739169891515,0.10074213892221451,0.8280684947967529,534.5999999999999,84.20000000000027,0.18562499999999996,0.029236111111111206,16.0
0022400981,2025-03-16,2024-25,MIN,UTA,1610612750,1610612762,128,102,MIN,1,26,26,2880.0,0.9333928076798716,0.7861014604568481,0.9997316002845764,2880.0,2880.0,1.0,1.0,1.0
0022400982,2025-03-16,2024-25,MIL,OKC,1610612749,1610612760,105,121,OKC,0,-16,16,2880.0,0.8048930197742689,0.5279358625411987,0.9975334440823644,2880.0,1560.0,1.0,0.5416666666666666,2.0
0022400537,2025-03-17,2024-25,LAL,SAS,1610612747,1610612759,125,109,LAL,1,16,16,2880.0,0.8791256124774615,0.5628189444541931,0.9966838955879211,2880.0,2426.0,1.0,0.8423611111111111,7.0
0022400984,2025-03-17,2024-25,NYK,MIA,1610612752,1610612748,116,95,NYK,1,21,21,2880.0,0.7377691300027073,0.3824719786643982,0.9983401298522949,2438.0,1259.0,0.8465277777777778,0.4371527777777778,13.0
0022400985,2025-03-17,2024-25,HOU,PHI,1610612745,1610612755,144,137,HOU,1,7,7,3180.0,0.3816983114412558,0.06933329254388809,0.932974636554718,872.0,321.0,0.2742138364779874,0.1009433962264151,25.0
0022400986,2025-03-17,2024-25,MIN,IND,1610612750,1610612754,130,132,IND,0,-2,2,3180.0,0.47464369552315405,0.14271783828735352,0.8308481872081757,1231.3000000000002,237.0,0.3872012578616353,0.07452830188679245,8.0
0022400987,2025-03-17,2024-25,NOP,DET,1610612740,1610612765,81,127,DET,0,-46,46,2880.0,0.9242712184765826,0.6031472682952881,0.9999983696831123,2880.0,2433.0,1.0,0.8447916666666667,0.0
0022400989,2025-03-17,2024-25,UTA,CHI,1610612762,1610612741,97,111,CHI,0,-14,14,2880.0,0.6966213885559571,0.42172151803970337,0.9916830854490399,2542.6,910.0,0.8828472222222222,0.3159722222222222,4.0
0022400990,2025-03-17,2024-25,GSW,DEN,1610612744,1610612743,105,114,DEN,0,-9,9,2880.0,0.7615060261357576,0.5241788923740387,0.9612955115735531,2880.0,1770.3999999999999,1.0,0.6147222222222222,1.0
0022400991,2025-03-17,2024-25,PHX,TOR,1610612756,1610612761,129,89,PHX,1,40,40,2880.0,0.8540344559566841,0.48721009492874146,0.9999841451644897,2860.0,1928.0,0.9930555555555556,0.6694444444444444,7.0
0022400992,2025-03-17,2024-25,SAC,MEM,1610612758,1610612763,132,122,SAC,1,10,10,2880.0,0.6928735970209042,0.38130348920822144,0.9907904863357544,2242.0,1068.4,0.7784722222222222,0.37097222222222226,2.0
0022400995,2025-03-17,2024-25,POR,WAS,1610612757,1610612764,112,97,POR,1,15,15,2880.0,0.8313154351587096,0.4946609139442444,0.9972570538520813,2866.0,1842.2,0.9951388888888889,0.6396527777777778,8.0
0022400993,2025-03-18,2024-25,CHA,ATL,1610612766,1610612737,102,134,ATL,0,-32,32,2880.0,0.8253405518826644,0.5575821995735168,0.9999369599681813,2880.0,1554.0,1.0,0.5395833333333333,0.0
0022400994,2025-03-18,2024-25,BOS,BKN,1610612738,1610612751,104,96,BOS,1,8,8,2880.0,0.7227645276114345,0.5194499492645264,0.9451358318328857,2880.0,1342.3,1.0,0.46607638888888886,9.0
0022400997,2025-03-18,2024-25,LAC,CLE,1610612746,1610612739,132,119,LAC,1,13,13,2880.0,0.44252386564906276,0.16173918545246124,0.9832919239997864,751.4000000000001,639.0,0.2609027777777778,0.221875,12.0
0022401012,2025-03-18,2024-25,GSW,MIL,1610612744,1610612749,104,93,GSW,1,11,11,2880.0,0.7251405236828659,0.3125336766242981,0.9553457498550415,2802.8,1227.0,0.9731944444444445,0.42604166666666665,6.0
0022400627,2025-03-19,2024-25,UTA,WAS,1610612762,1610612764,128,112,UTA,1,16,16,2880.0,0.6515868141843627,0.3194393217563629,0.9956080317497253,1679.8,1103.0,0.5832638888888889,0.38298611111111114,11.0
0022400998,2025-03-19,2024-25,IND,DAL,1610612754,1610612742,135,131,IND,1,4,4,2880.0,0.6324141836983876,0.10531075298786163,0.9008248448371887,2186.2999999999997,1070.3999999999999,0.7591319444444443,0.37166666666666665,11.0
0022400999,2025-03-19,2024-25,ORL,HOU,1610612753,1610612745,108,116,HOU,0,-8,8,2880.0,0.718262046345044,0.4545738101005554,0.9857550002634525,2611.0,1166.0,0.9065972222222223,0.4048611111111111,8.0
0022401000,2025-03-19,2024-25,MIA,DET,1610612748,1610612765,113,116,DET,0,-3,3,2880.0,0.42364564519272085,0.1486111879348755,0.7681419104337692,522.4000000000001,2.900000000000091,0.18138888888888893,0.001006944444444476,12.0
0022401001,2025-03-19,2024-25,MIN,NOP,1610612750,1610612740,115,119,NOP,0,-4,4,2880.0,0.33211627801311094,0.0955933928489685,0.7914498895406723,446.9000000000001,13.599999999999909,0.15517361111111114,0.004722222222222191,14.0
0022401002,2025-03-19,2024-25,OKC,PHI,1610612760,1610612755,133,100,OKC,1,33,33,2880.0,0.9480352544908723,0.8303492069244385,0.9999639987945557,2880.0,2880.0,1.0,1.0,0.0
0022401003,2025-03-19,2024-25,SAS,NYK,1610612759,1610612752,120,105,SAS,1,15,15,2880.0,0.7522697420231998,0.3317753076553345,0.9879613518714905,2258.0,1734.0,0.7840277777777778,0.6020833333333333,3.0
0022401006,2025-03-19,2024-25,LAL,DEN,1610612747,1610612743,120,108,LAL,1,12,12,2880.0,0.8810869765198894,0.5267756581306458,0.9977895021438599,2880.0,2453.0,1.0,0.8517361111111111,0.0
0022401007,2025-03-19,2024-25,PHX,CHI,1610612756,1610612741,127,121,PHX,1,6,6,2880.0,0.824633422003438,0.5027636885643005,0.990532636642456,2880.0,1979.5,1.0,0.6873263888888889,4.0
0022401008,2025-03-19,2024-25,POR,MEM,1610612757,1610612763,115,99,POR,1,16,16,2880.0,0.7357954229186807,0.404555082321167,0.9949713945388794,2646.0,1440.1,0.91875,0.5000347222222222,0.0
0022401009,2025-03-19,2024-25,SAC,CLE,1610612758,1610612739,123,119,SAC,1,4,4,2880.0,0.34752339141495114,0.08626939356327057,0.8808013200759888,451.9000000000001,123.5,0.15690972222222224,0.042881944444444445,13.0
0022400996,2025-03-20,2024-25,LAL,MIL,1610612747,1610612749,89,118,MIL,0,-29,29,2880.0,0.771906104194583,0.41032224893569946,0.9998189272009768,2636.0,1420.0,0.9152777777777777,0.4930555555555556,0.0
0022401005,2025-03-20,2024-25,GSW,TOR,1610612744,1610612761,117,114,GSW,1,3,3,2880.0,0.7030793134257611,0.345040887594223,0.8532650470733643,2620.6,1389.2,0.9099305555555556,0.48236111111111113,7.0
0022401010,2025-03-20,2024-25,CHA,NYK,1610612766,1610612752,115,98,CHA,1,17,17,2880.0,0.6306935567139751,0.26406100392341614,0.9904274940490723,1832.0,896.0,0.6361111111111111,0.3111111111111111,4.0
0022401011,2025-03-20,2024-25,IND,BKN,1610612754,1610612751,105,99,IND,1,6,6,3180.0,0.5321187466785968,0.2235231101512909,0.8968810439109802,1708.3999999999996,130.19999999999982,0.5372327044025156,0.04094339622641504,11.0
0022401013,2025-03-20,2024-25,SAC,CHI,1610612758,1610612741,116,128,CHI,0,-12,12,2880.0,0.39997359929075976,0.06892383098602295,0.9625610187649727,827.0,328.0,0.28715277777777776,0.11388888888888889,19.0
0022401014,2025-03-21,2024-25,WAS,ORL,1610612764,1610612753,105,120,ORL,0,-15,15,2880.0,0.8076202141144959,0.5122756063938141,0.9996022082632408,2880.0,1593.0,1.0,0.553125,5.0
0022401015,2025-03-21,2024-25,MIA,HOU,1610612748,1610612745,98,102,HOU,0,-4,4,2880.0,0.6267741321102301,0.2726307511329651,0.9625713117420673,2218.8,568.0,0.7704166666666667,0.19722222222222222,11.0
0022401016,2025-03-21,2024-25,MIN,NOP,1610612750,1610612740,134,93,MIN,1,41,41,2880.0,0.8891853011399508,0.6443099975585938,0.999993085861206,2880.0,2641.0,1.0,0.9170138888888889,4.0
0022401017,2025-03-21,2024-25,OKC,CHA,1610612760,1610612766,141,106,OKC,1,35,35,2880.0,0.9670029216218324,0.8785399794578552,0.9999560117721558,2880.0,2880.0,1.0,1.0,0.0
0022401018,2025-03-21,2024-25,SAS,PHI,1610612759,1610612755,128,120,SAS,1,8,8,2880.0,0.6715259568351838,0.15745893120765686,0.9554747939109802,2356.9,1186.1,0.8183680555555556,0.41184027777777776,9.0
0022401019,2025-03-21,2024-25,DAL,DET,1610612742,1610612765,123,117,DAL,1,6,6,2880.0,0.6605258815052609,0.427619993686676,0.9072895050048828,2762.0,882.0,0.9590277777777778,0.30625,3.0
0022401020,2025-03-21,2024-25,UTA,BOS,1610612762,1610612738,99,121,BOS,0,-22,22,2880.0,0.9175852698534357,0.725312739610672,0.9993690972914919,2880.0,2860.0,1.0,0.9930555555555556,5.0
0022401021,2025-03-21,2024-25,PHX,CLE,1610612756,1610612739,123,112,PHX,1,11,11,2880.0,0.6751302238574458,0.29262834787368774,0.985072672367096,1721.0,1398.8,0.5975694444444445,0.48569444444444443,4.0
0022401022,2025-03-21,2024-25,POR,DEN,1610612757,1610612743,128,109,POR,1,19,19,2880.0,0.5246906720733063,0.22754405438899994,0.9964151382446289,1072.0,671.0,0.37222222222222223,0.23298611111111112,10.0
0022401023,2025-03-21,2024-25,LAC,MEM,1610612746,1610612763,128,108,LAC,1,20,20,2880.0,0.629578136999367,0.3141108453273773,0.9946265816688538,1613.0,957.0,0.5600694444444444,0.33229166666666665,8.0
0022401024,2025-03-22,2024-25,IND,BKN,1610612754,1610612751,108,103,IND,1,5,5,2880.0,0.8527571598523193,0.6407641768455505,0.9915012121200562,2880.0,2615.8,1.0,0.908263888888889,1.0
0022401025,2025-03-22,2024-25,ATL,GSW,1610612737,1610612744,124,115,ATL,1,9,9,2880.0,0.793202822678205,0.41402387619018555,0.9920617341995239,2737.0,1833.1000000000001,0.9503472222222222,0.6364930555555556,3.0
0022401026,2025-03-22,2024-25,NYK,WAS,1610612752,1610612764,122,103,NYK,1,19,19,2880.0,0.9406568496550124,0.7926157712936401,0.9984042048454285,2880.0,2880.0,1.0,1.0,2.0
0022401027,2025-03-22,2024-25,SAC,MIL,1610612758,1610612749,108,114,MIL,0,-6,6,2880.0,0.40387358501708753,0.15054839849472046,0.8824419155716896,494.0,100.0,0.17152777777777778,0.034722222222222224,14.0
0022401028,2025-03-22,2024-25,LAL,CHI,1610612747,1610612741,115,146,CHI,0,-31,31,2880.0,0.6039225327590632,0.2473641037940979,0.9998372701084008,1393.0,1089.0,0.48368055555555556,0.378125,4.0
0022401029,2025-03-23,2024-25,DET,NOP,1610612765,1610612740,136,130,DET,1,6,6,2880.0,0.7582727229243352,0.3875848054885864,0.9524090886116028,2812.0,1958.0,0.9763888888888889,0.6798611111111111,6.0
0022401030,2025-03-23,2024-25,UTA,CLE,1610612762,1610612739,91,120,CLE,0,-29,29,2880.0,0.9086296037250489,0.7606979757547379,0.999947744741803,2880.0,2880.0,1.0,1.0,2.0
0022401031,2025-03-23,2024-25,ATL,PHI,1610612737,1610612755,132,119,ATL,1,13,13,2880.0,0.8855663103610276,0.6767547726631165,0.9981252551078796,2880.0,2521.0,1.0,0.8753472222222223,1.0
0022401032,2025-03-23,2024-25,MIA,CHA,1610612748,1610612766,122,105,MIA,1,17,17,2880.0,0.7679731451119813,0.3647829294204712,0.9978801012039185,2290.2,1584.0,0.7952083333333333,0.55,12.0
0022401033,2025-03-23,2024-25,TOR,SAS,1610612761,1610612759,89,123,SAS,0,-34,34,2880.0,0.8506541591610719,0.4754517078399658,0.9999353653402068,2837.0,2133.0,0.9850694444444444,0.740625,1.0
0022401034,2025-03-23,2024-25,POR,BOS,1610612757,1610612738,116,129,BOS,0,-13,13,2880.0,0.8531594561837522,0.6529463529586792,0.9930879347957671,2880.0,1983.0,1.0,0.6885416666666667,3.0
0022401035,2025-03-23,2024-25,HOU,DEN,1610612745,1610612743,111,116,DEN,0,-5,5,2880.0,0.6130441924270579,0.2876100540161133,0.9689359199255705,1759.0,935.2999999999997,0.6107638888888889,0.32475694444444436,9.0
0022401036,2025-03-23,2024-25,LAC,OKC,1610612746,1610612760,101,103,OKC,0,-2,2,2880.0,0.5927475170439316,0.24735766649246216,0.8722739815711975,2286.0,388.2000000000003,0.79375,0.13479166666666675,12.0
0022401037,2025-03-24,2024-25,IND,MIN,1610612754,1610612750,119,103,IND,1,16,16,2880.0,0.7869052498642769,0.5247225761413574,0.9903354644775391,2880.0,1498.2,1.0,0.5202083333333334,0.0
0022401038,2025-03-24,2024-25,ORL,LAL,1610612753,1610612747,118,106,ORL,1,12,12,2880.0,0.5961047561301126,0.2356136441230774,0.9710193276405334,1315.0,980.0,0.4565972222222222,0.3402777777777778,9.0
0022401039,2025-03-24,2024-25,WAS,TOR,1610612764,1610612761,104,112,TOR,0,-8,8,2880.0,0.5417602688014611,0.3571202754974365,0.9649950489401817,1247.7999999999997,386.0,0.4332638888888888,0.13402777777777777,8.0
0022401040,2025-03-24,2024-25,BKN,DAL,1610612751,1610612742,101,120,DAL,0,-19,19,2880.0,0.8321049009764746,0.566924124956131,0.9966336148791015,2880.0,2087.2,1.0,0.7247222222222222,0.0
0022401041,2025-03-24,2024-25,NOP,PHI,1610612740,1610612755,112,99,NOP,1,13,13,2880.0,0.7718212283568249,0.5031567215919495,0.9962461590766907,2880.0,1601.0,1.0,0.5559027777777777,2.0
0022401042,2025-03-24,2024-25,DEN,CHI,1610612743,1610612741,119,129,CHI,0,-10,10,2880.0,0.4111457717711003,0.13973170518875122,0.9287145286798477,605.0,432.0,0.21006944444444445,0.15,13.0
0022401043,2025-03-24,2024-25,PHX,MIL,1610612756,1610612749,108,106,PHX,1,2,2,2880.0,0.48631252580115364,0.25909423828125,0.8535601496696472,779.6999999999998,104.0,0.2707291666666666,0.03611111111111111,9.0
0022401044,2025-03-24,2024-25,SAC,BOS,1610612758,1610612738,95,113,BOS,0,-18,18,2880.0,0.7715429825485788,0.5276693105697632,0.9973035980947316,2880.0,1271.0,1.0,0.44131944444444443,9.0
0022401045,2025-03-25,2024-25,CHA,ORL,1610612766,1610612753,104,111,ORL,0,-7,7,2880.0,0.6011231746749642,0.2811616063117981,0.8977517411112785,2279.0,255.80000000000018,0.7913194444444445,0.0888194444444445,7.0
0022401046,2025-03-25,2024-25,DET,SAS,1610612765,1610612759,122,96,DET,1,26,26,2880.0,0.8844000288844108,0.6166214942932129,0.9994425177574158,2880.0,2194.3,1.0,0.7619097222222223,1.0
0022401047,2025-03-25,2024-25,MIA,GSW,1610612748,1610612744,112,86,MIA,1,26,26,2880.0,0.7615743780415506,0.43181440234184265,0.9991349577903748,2615.4,1501.7,0.9081250000000001,0.5214236111111111,0.0
0022401048,2025-03-25,2024-25,NYK,DAL,1610612752,1610612742,128,113,NYK,1,15,15,2880.0,0.7680310409391921,0.5121389031410217,0.9983736276626587,2880.0,1275.0,1.0,0.4427083333333333,4.0
0022401049,2025-03-25,2024-25,HOU,ATL,1610612745,1610612737,121,114,HOU,1,7,7,2880.0,0.8522748449527555,0.48180246353149414,0.9924641847610474,2845.0,2196.3,0.9878472222222222,0.7626041666666667,7.0
0022401050,2025-03-25,2024-25,UTA,MEM,1610612762,1610612763,103,140,MEM,0,-37,37,2880.0,0.7362894745460733,0.38013893365859985,0.999993584664935,2503.0,1267.0,0.8690972222222222,0.43993055555555555,14.0
0022401051,2025-03-25,2024-25,POR,CLE,1610612757,1610612739,111,122,CLE,0,-11,11,2880.0,0.8135859493305584,0.666352391242981,0.98819640558213,2880.0,1769.0,1.0,0.6142361111111111,5.0
0022401052,2025-03-25,2024-25,SAC,OKC,1610612758,1610612760,105,121,OKC,0,-16,16,2880.0,0.8685541031965597,0.6362969875335693,0.9993582323077135,2880.0,2190.5,1.0,0.7605902777777778,3.0
0022401053,2025-03-26,2024-25,PHI,WAS,1610612755,1610612764,114,119,WAS,0,-5,5,2880.0,0.7423406102869194,0.3136277198791504,0.9811876844614744,2706.0,1192.0,0.9395833333333333,0.41388888888888886,2.0
0022401054,2025-03-26,2024-25,BKN,TOR,1610612751,1610612761,86,116,TOR,0,-30,30,2880.0,0.7946206699469015,0.4251410961151123,0.99985162516532,2731.0,1582.0,0.9482638888888889,0.5493055555555556,0.0
0022401055,2025-03-26,2024-25,IND,LAL,1610612754,1610612747,119,120,LAL,0,-1,1,2880.0,0.6567758361979698,0.31455689668655396,0.9344029203057289,2326.8,1009.0,0.8079166666666667,0.3503472222222222,8.0
0022401056,2025-03-26,2024-25,NYK,LAC,1610612752,1610612746,113,126,LAC,0,-13,13,2880.0,0.48119826473580257,0.16170406341552734,0.9807463604956865,835.0,754.0,0.2899305555555556,0.26180555555555557,14.0
0022401057,2025-03-26,2024-25,DEN,MIL,1610612743,1610612749,127,117,DEN,1,10,10,2880.0,0.7117743321570258,0.38393792510032654,0.9567565321922302,2777.0,1194.0,0.9642361111111111,0.41458333333333336,5.0
0022401058,2025-03-26,2024-25,PHX,BOS,1610612756,1610612738,102,132,BOS,0,-30,30,2880.0,0.8849477044191523,0.6610094606876373,0.9999100081549841,2880.0,2048.4,1.0,0.71125,0.0
0022401059,2025-03-27,2024-25,CLE,SAS,1610612739,1610612759,124,116,CLE,1,8,8,2880.0,0.7517087284848094,0.47635143995285034,0.9388908743858337,2870.0,1478.0,0.9965277777777778,0.5131944444444444,8.0
0022401060,2025-03-27,2024-25,ORL,DAL,1610612753,1610612742,92,101,DAL,0,-9,9,2880.0,0.5000838569339572,0.12601780891418457,0.944797657430172,848.2,419.0,0.2945138888888889,0.14548611111111112,11.0
0022401061,2025-03-27,2024-25,WAS,IND,1610612764,1610612754,109,162,IND,0,-53,53,2880.0,0.9195364062686778,0.673328697681427,0.9999999454907567,2880.0,2413.0,1.0,0.8378472222222222,0.0
0022401062,2025-03-27,2024-25,MIA,ATL,1610612748,1610612737,122,112,MIA,1,10,10,2880.0,0.6679221830475661,0.3335789144039154,0.977948784828186,1704.0,1341.0,0.5916666666666667,0.465625,14.0
0022401063,2025-03-27,2024-25,CHI,LAL,1610612741,1610612747,119,117,CHI,1,2,2,2880.0,0.3310812104561935,0.017259908840060234,0.6625933051109314,922.5999999999997,0.0,0.3203472222222221,0.0,18.0
0022401064,2025-03-27,2024-25,OKC,MEM,1610612760,1610612763,125,104,OKC,1,21,21,2880.0,0.7246515969621639,0.529202401638031,0.9972090125083923,2880.0,999.0,1.0,0.346875,5.0
0022401065,2025-03-27,2024-25,UTA,HOU,1610612762,1610612745,110,121,HOU,0,-11,11,2880.0,0.8527785764621028,0.6861168146133423,0.9913179753348231,2880.0,2448.3,1.0,0.8501041666666668,2.0
0022401066,2025-03-27,2024-25,SAC,POR,1610612758,1610612757,128,107,SAC,1,21,21,2880.0,0.8622910860180855,0.5563265681266785,0.9982252717018127,2880.0,2154.0,1.0,0.7479166666666667,2.0
0022401067,2025-03-28,2024-25,DET,CLE,1610612765,1610612739,133,122,DET,1,11,11,2880.0,0.6546235395740303,0.30677616596221924,0.9853994250297546,1499.4,1309.0,0.520625,0.4545138888888889,6.0
0022401068,2025-03-28,2024-25,BKN,LAC,1610612751,1610612746,100,132,LAC,0,-32,32,2880.0,0.8158573224269297,0.5250569880008698,0.9999243537095026,2880.0,1679.0,1.0,0.5829861111111111,6.0
0022401069,2025-03-28,2024-25,TOR,CHA,1610612761,1610612766,108,97,TOR,1,11,11,2880.0,0.794978233176387,0.4250183403491974,0.9880141615867615,2789.0,1801.0,0.9684027777777777,0.6253472222222223,3.0
0022401070,2025-03-28,2024-25,MIL,NYK,1610612749,1610612752,107,116,NYK,0,-9,9,2880.0,0.7695867447220048,0.4435489773750305,0.9838135000318289,2773.0,1758.0,0.9628472222222222,0.6104166666666667,4.0
0022401071,2025-03-28,2024-25,MIN,PHX,1610612750,1610612756,124,109,MIN,1,15,15,2880.0,0.8604439332998461,0.580635130405426,0.9960755705833435,2880.0,2356.0,1.0,0.8180555555555555,2.0
0022401072,2025-03-28,2024-25,NOP,GSW,1610612740,1610612744,95,111,GSW,0,-16,16,2880.0,0.6771361108763246,0.4502408504486084,0.9939594441093504,2656.6,942.0,0.9224305555555555,0.32708333333333334,12.0
0022401073,2025-03-28,2024-25,DEN,UTA,1610612743,1610612762,129,93,DEN,1,36,36,2880.0,0.918562560060786,0.8145002126693726,0.9999879598617554,2880.0,2880.0,1.0,1.0,0.0
0022401074,2025-03-29,2024-25,ORL,SAC,1610612753,1610612758,121,91,ORL,1,30,30,2880.0,0.8733497993648052,0.5322678089141846,0.9997625946998596,2880.0,2259.0,1.0,0.784375,0.0
0022401075,2025-03-29,2024-25,WAS,BKN,1610612764,1610612751,112,115,BKN,0,-3,3,2880.0,0.42030007906620287,0.11483871936798096,0.9098738729953766,489.1999999999998,200.0,0.16986111111111105,0.06944444444444445,17.0
0022401076,2025-03-29,2024-25,PHI,MIA,1610612755,1610612748,95,118,MIA,0,-23,23,2880.0,0.7293308365320263,0.4059421420097351,0.9989048715215176,2741.0,1051.0,0.9517361111111111,0.36493055555555554,6.0
0022401077,2025-03-29,2024-25,CHI,DAL,1610612741,1610612742,119,120,DAL,0,-1,1,2880.0,0.5581839330794497,0.25561773777008057,0.9526285007596016,1540.0,511.1999999999998,0.5347222222222222,0.17749999999999994,12.0
0022401078,2025-03-29,2024-25,MEM,LAL,1610612763,1610612747,127,134,LAL,0,-7,7,2880.0,0.6762538489652797,0.3080766201019287,0.936737671494484,2642.0,1057.8999999999999,0.9173611111111111,0.36732638888888886,4.0
0022401079,2025-03-29,2024-25,OKC,IND,1610612760,1610612754,132,111,OKC,1,21,21,2880.0,0.8185788530628715,0.5531918406486511,0.9981871247291565,2880.0,1598.0,1.0,0.5548611111111111,10.0
0022401080,2025-03-29,2024-25,SAS,BOS,1610612759,1610612738,111,121,BOS,0,-10,10,2880.0,0.8653553714627116,0.6712813377380371,0.9877016004174948,2880.0,2498.0,1.0,0.8673611111111111,2.0
0022401081,2025-03-30,2024-25,CLE,LAC,1610612739,1610612746,127,122,CLE,1,5,5,2880.0,0.8012649100335937,0.5674539804458618,0.9742513298988342,2880.0,1722.3,1.0,0.5980208333333333,3.0
0022401082,2025-03-30,2024-25,NYK,POR,1610612752,1610612757,110,93,NYK,1,17,17,2880.0,0.6714172497826318,0.27851179242134094,0.9918127059936523,2371.3,932.0,0.8233680555555556,0.3236111111111111,14.0
0022401083,2025-03-30,2024-25,MIL,ATL,1610612749,1610612737,124,145,ATL,0,-21,21,2880.0,0.6878777805479815,0.26705116033554077,0.9973704377189279,1744.0,1359.0,0.6055555555555555,0.471875,9.0
0022401084,2025-03-30,2024-25,MIN,DET,1610612750,1610612765,123,104,MIN,1,19,19,2880.0,0.5719923842155065,0.2173926681280136,0.9974169731140137,1398.0,873.0,0.48541666666666666,0.303125,16.0
0022401085,2025-03-30,2024-25,NOP,CHA,1610612740,1610612766,98,94,NOP,1,4,4,2880.0,0.468466142410309,0.22616036236286163,0.815484344959259,1235.1000000000001,43.59999999999991,0.4288541666666667,0.015138888888888858,13.0
0022401086,2025-03-30,2024-25,SAS,GSW,1610612759,1610612744,106,148,GSW,0,-42,42,2880.0,0.9020388713779729,0.5806766152381897,0.9999970713886341,2880.0,2402.0,1.0,0.8340277777777778,0.0
0022401087,2025-03-30,2024-25,PHI,TOR,1610612755,1610612761,109,127,TOR,0,-18,18,2880.0,0.736624888731668,0.37471580505371094,0.9968773208092898,2563.0,1356.1,0.8899305555555556,0.4708680555555555,4.0
0022401088,2025-03-30,2024-25,PHX,HOU,1610612756,1610612745,109,148,HOU,0,-39,39,2880.0,0.8734462066400428,0.5612212121486664,0.9999899605663813,2880.0,2117.0,1.0,0.7350694444444444,3.0
0022401089,2025-03-31,2024-25,CHA,UTA,1610612766,1610612762,110,106,CHA,1,4,4,2880.0,0.734526636134833,0.552516758441925,0.8998584151268005,2880.0,1331.0,1.0,0.4621527777777778,0.0
0022401090,2025-03-31,2024-25,IND,SAC,1610612754,1610612758,111,109,IND,1,2,2,2880.0,0.4921523019236823,0.13271330296993256,0.8834373950958252,1564.2,95.5,0.543125,0.03315972222222222,16.0
0022401091,2025-03-31,2024-25,ORL,LAC,1610612753,1610612746,87,96,LAC,0,-9,9,2880.0,0.573713700160022,0.4060962200164795,0.9264410734176636,1703.0,464.0,0.5913194444444444,0.16111111111111112,6.0
0022401092,2025-03-31,2024-25,WAS,MIA,1610612764,1610612748,94,120,MIA,0,-26,26,2880.0,0.8557107738297589,0.5209646821022034,0.999803490107297,2880.0,2345.0,1.0,0.8142361111111112,4.0
0022401093,2025-03-31,2024-25,MEM,BOS,1610612763,1610612738,103,117,BOS,0,-14,14,2880.0,0.6704249444231715,0.34443533420562744,0.9850616175681353,2266.0,1060.0,0.7868055555555555,0.3680555555555556,11.0
0022401094,2025-03-31,2024-25,OKC,CHI,1610612760,1610612741,145,117,OKC,1,28,28,2880.0,0.9430725725698802,0.7292664647102356,0.9998733997344971,2880.0,2854.0,1.0,0.9909722222222223,2.0
0022401095,2025-03-31,2024-25,DAL,BKN,1610612742,1610612751,109,113,BKN,0,-4,4,2880.0,0.30926017250037857,0.07116037607192993,0.7761063277721405,78.0,9.599999999999909,0.027083333333333334,0.003333333333333302,10.0
0022401096,2025-03-31,2024-25,LAL,HOU,1610612747,1610612745,104,98,LAL,1,6,6,2880.0,0.5512868502580871,0.37141525745391846,0.8426219820976257,1607.8,337.1999999999998,0.5582638888888889,0.11708333333333328,8.0
0022400988,2025-04-01,2024-25,SAS,ORL,1610612759,1610612753,105,116,ORL,0,-11,11,2880.0,0.4656959160639154,0.12201732397079468,0.9774281475692987,715.3999999999999,348.0,0.24840277777777772,0.12083333333333333,11.0
0022401097,2025-04-01,2024-25,ATL,POR,1610612737,1610612757,113,127,POR,0,-14,14,2880.0,0.6203894745336987,0.30386149883270264,0.9863461572676897,1543.0,1049.0,0.5357638888888889,0.3642361111111111,6.0
0022401098,2025-04-01,2024-25,NYK,PHI,1610612752,1610612755,105,91,NYK,1,14,14,2880.0,0.9115418014840947,0.7816697955131531,0.9981525540351868,2880.0,2880.0,1.0,1.0,0.0
0022401099,2025-04-01,2024-25,CHI,TOR,1610612741,1610612761,137,118,CHI,1,19,19,2880.0,0.8183884041590823,0.43587496876716614,0.9993764758110046,2722.0,1951.0,0.9451388888888889,0.6774305555555555,10.0
0022401100,2025-04-01,2024-25,MEM,GSW,1610612763,1610612744,125,134,GSW,0,-9,9,2880.0,0.5894402188075603,0.2519543170928955,0.9381239153444767,2312.0,165.0,0.8027777777777778,0.057291666666666664,4.0
0022401101,2025-04-01,2024-25,MIL,PHX,1610612749,1610612756,133,123,MIL,1,10,10,2880.0,0.8023137466692264,0.5773630738258362,0.9890484809875488,2880.0,1944.0,1.0,0.675,1.0
0022401102,2025-04-01,2024-25,DEN,MIN,1610612743,1610612750,139,140,MIN,0,-1,1,3480.0,0.39286926643944337,0.09714549779891968,0.8820796832442284,790.0,104.69999999999982,0.22701149425287356,0.03008620689655167,16.0
0022401103,2025-04-02,2024-25,CLE,NYK,1610612739,1610612752,124,105,CLE,1,19,19,2880.0,0.6607812136411667,0.3299393057823181,0.9961483478546143,2182.4,877.0,0.7577777777777778,0.30451388888888886,15.0
0022401104,2025-04-02,2024-25,IND,CHA,1610612754,1610612766,119,105,IND,1,14,14,2880.0,0.8748110857523149,0.6962472200393677,0.9942626357078552,2880.0,2819.0,1.0,0.9788194444444445,2.0
0022401105,2025-04-02,2024-25,WAS,SAC,1610612764,1610612758,116,111,WAS,1,5,5,2880.0,0.6356948312661713,0.3648920953273773,0.955551266670227,1930.0,856.4000000000001,0.6701388888888888,0.29736111111111113,5.0
0022401106,2025-04-02,2024-25,BOS,MIA,1610612738,1610612748,103,124,MIA,0,-21,21,2880.0,0.5904629413806025,0.24010634422302246,0.9953690711408854,1833.0,673.0,0.6364583333333333,0.23368055555555556,2.0
0022401107,2025-04-02,2024-25,HOU,UTA,1610612745,1610612762,143,105,HOU,1,38,38,2880.0,0.9420580928089717,0.7751092314720154,0.9999886751174927,2880.0,2880.0,1.0,1.0,4.0
0022401108,2025-04-02,2024-25,OKC,DET,1610612760,1610612765,119,103,OKC,1,16,16,2880.0,0.8650327740816607,0.6775394678115845,0.9867749214172363,2880.0,2676.9,1.0,0.9294791666666667,2.0
0022401109,2025-04-02,2024-25,DAL,ATL,1610612742,1610612737,120,118,DAL,1,2,2,2880.0,0.5361804978052775,0.22025418281555176,0.9188175797462463,1571.4,326.0,0.545625,0.11319444444444444,11.0
0022401110,2025-04-02,2024-25,DEN,SAS,1610612743,1610612759,106,113,SAS,0,-7,7,2880.0,0.5722292324233179,0.24679869413375854,0.9115137010812759,1987.0,176.0,0.6899305555555556,0.06111111111111111,5.0
0022401111,2025-04-02,2024-25,LAC,NOP,1610612746,1610612740,114,98,LAC,1,16,16,2880.0,0.8776481685207949,0.7147477269172668,0.9971321821212769,2880.0,2726.0,1.0,0.9465277777777777,4.0
0022401112,2025-04-03,2024-25,WAS,ORL,1610612764,1610612753,97,109,ORL,0,-12,12,2880.0,0.7798743559913903,0.5200465023517609,0.9904365232214332,2880.0,1706.0,1.0,0.5923611111111111,3.0
0022401113,2025-04-03,2024-25,BKN,MIN,1610612751,1610612750,90,105,MIN,0,-15,15,2880.0,0.7823352080387606,0.5480958521366119,0.9934709286317229,2880.0,1592.0,1.0,0.5527777777777778,4.0
0022401114,2025-04-03,2024-25,MIA,MEM,1610612748,1610612763,108,110,MEM,0,-2,2,2880.0,0.537168049344586,0.31457287073135376,0.8134186714887619,1551.5,180.89999999999964,0.5387152777777777,0.06281249999999987,9.0
0022401115,2025-04-03,2024-25,PHI,MIL,1610612755,1610612749,113,126,MIL,0,-13,13,2880.0,0.6753716379491056,0.3194364905357361,0.9930896498262882,2464.0,902.0,0.8555555555555555,0.31319444444444444,17.0
0022401116,2025-04-03,2024-25,TOR,POR,1610612761,1610612757,103,112,POR,0,-9,9,2880.0,0.5805999313701048,0.3187190890312195,0.9842399023473263,1514.0,652.5999999999999,0.5256944444444445,0.2265972222222222,9.0
0022401117,2025-04-03,2024-25,LAL,GSW,1610612747,1610612744,116,123,GSW,0,-7,7,2880.0,0.6800833049183711,0.3582558035850525,0.9419917576014996,2301.0,1362.1000000000001,0.7989583333333333,0.47295138888888894,5.0
0022401118,2025-04-04,2024-25,CHA,SAC,1610612766,1610612758,102,125,SAC,0,-23,23,2880.0,0.8357559083929694,0.4945264458656311,0.9997606730175903,2819.0,1957.0,0.9788194444444445,0.6795138888888889,6.0
0022401119,2025-04-04,2024-25,IND,UTA,1610612754,1610612762,140,112,IND,1,28,28,2880.0,0.7239261779271895,0.3387293517589569,0.9997246861457825,2602.0,1185.0,0.9034722222222222,0.4114583333333333,13.0
0022401120,2025-04-04,2024-25,BOS,PHX,1610612738,1610612756,123,103,BOS,1,20,20,2880.0,0.904189552552998,0.6670334339141846,0.9985435009002686,2880.0,2604.0,1.0,0.9041666666666667,2.0
0022401121,2025-04-04,2024-25,TOR,DET,1610612761,1610612765,105,117,DET,0,-12,12,2880.0,0.7752275202883175,0.526973307132721,0.9801514744758606,2880.0,1495.8,1.0,0.519375,3.0
0022401122,2025-04-04,2024-25,CHI,POR,1610612741,1610612757,118,113,CHI,1,5,5,2880.0,0.6645582945872512,0.4522880017757416,0.9744459986686707,2730.0,853.0,0.9479166666666666,0.29618055555555556,5.0
0022401123,2025-04-04,2024-25,HOU,OKC,1610612745,1610612760,125,111,HOU,1,14,14,2880.0,0.8233313976869815,0.5032225847244263,0.9902623891830444,2880.0,1877.0,1.0,0.6517361111111111,3.0
0022401124,2025-04-04,2024-25,SAS,CLE,1610612759,1610612739,113,114,CLE,0,-1,1,2880.0,0.8979103243285984,0.6991346776485443,0.9928692360408604,2880.0,2601.4,1.0,0.9032638888888889,0.0
0022401125,2025-04-04,2024-25,GSW,DEN,1610612744,1610612743,118,104,GSW,1,14,14,2880.0,0.637278371433624,0.2723989486694336,0.9770966172218323,1895.0,948.0,0.6579861111111112,0.32916666666666666,12.0
0022401126,2025-04-04,2024-25,LAL,NOP,1610612747,1610612740,124,108,LAL,1,16,16,2880.0,0.8336242713448074,0.6092022657394409,0.994016170501709,2880.0,2319.3,1.0,0.8053125000000001,7.0
0022401127,2025-04-04,2024-25,LAC,DAL,1610612746,1610612742,114,91,LAC,1,23,23,2880.0,0.8954472542429964,0.5853927731513977,0.9997479319572449,2880.0,2383.0,1.0,0.8274305555555556,2.0
0022401128,2025-04-05,2024-25,ATL,NYK,1610612737,1610612752,105,121,NYK,0,-16,16,2880.0,0.8765629858909435,0.48726147413253784,0.9992298818542622,2835.0,2184.0,0.984375,0.7583333333333333,5.0
0022401129,2025-04-05,2024-25,DET,MEM,1610612765,1610612763,103,109,MEM,0,-6,6,2880.0,0.5850596258251204,0.3884143829345703,0.8741310983896255,2255.0,257.3000000000002,0.7829861111111112,0.08934027777777784,5.0
0022401130,2025-04-05,2024-25,PHI,MIN,1610612755,1610612750,109,114,MIN,0,-5,5,2880.0,0.7063558742590249,0.4265778660774231,0.9666791893541813,2804.0,930.0,0.9736111111111111,0.3229166666666667,4.0
0022401131,2025-04-05,2024-25,MIA,MIL,1610612748,1610612749,115,121,MIL,0,-6,6,3180.0,0.44910411979534537,0.11935192346572876,0.9020134508609772,1313.0000000000002,10.800000000000182,0.41289308176100636,0.003396226415094397,10.0
0022401132,2025-04-05,2024-25,LAC,DAL,1610612746,1610612742,135,104,LAC,1,31,31,2880.0,0.859924589941899,0.6230660080909729,0.9997953772544861,2880.0,2471.8999999999996,1.0,0.8582986111111109,0.0
0022400617,2025-04-06,2024-25,NOP,MIL,1610612740,1610612749,107,111,MIL,0,-4,4,2880.0,0.6445550402662614,0.34409719705581665,0.9726357031613588,2487.0,442.0,0.8635416666666667,0.15347222222222223,5.0
0022401133,2025-04-06,2024-25,CHA,CHI,1610612766,1610612741,117,131,CHI,0,-14,14,2880.0,0.7886478618325135,0.40749138593673706,0.9992017288459465,2794.0,1701.0,0.9701388888888889,0.590625,10.0
0022401134,2025-04-06,2024-25,BKN,TOR,1610612751,1610612761,109,120,TOR,0,-11,11,2880.0,0.7244847304873272,0.3852185606956482,0.9912670571357012,2425.0,1426.2,0.8420138888888888,0.49520833333333336,3.0
0022401135,2025-04-06,2024-25,OKC,LAL,1610612760,1610612747,99,126,LAL,0,-27,27,2880.0,0.7624075820472354,0.27045977115631104,0.9989871414145455,2179.4,1786.0,0.7567361111111112,0.6201388888888889,3.0
0022401136,2025-04-06,2024-25,ATL,UTA,1610612737,1610612762,147,134,ATL,1,13,13,2880.0,0.9092570857269067,0.7287328243255615,0.9926117062568665,2880.0,2827.0,1.0,0.9815972222222222,2.0
0022401137,2025-04-06,2024-25,BOS,WAS,1610612738,1610612764,124,90,BOS,1,34,34,2880.0,0.9644146983201305,0.863104522228241,0.9999516010284424,2880.0,2880.0,1.0,1.0,0.0
0022401138,2025-04-06,2024-25,CLE,SAC,1610612739,1610612758,113,120,SAC,0,-7,7,2880.0,0.37906830221569787,0.16036772727966309,0.8238621801137924,530.0,81.90000000000009,0.1840277777777778,0.028437500000000032,7.0
0022401139,2025-04-06,2024-25,POR,SAS,1610612757,1610612759,120,109,POR,1,11,11,2880.0,0.7858316405572825,0.511145830154419,0.9740791320800781,2880.0,1734.0,1.0,0.6020833333333333,3.0
0022401140,2025-04-06,2024-25,NYK,PHX,1610612752,1610612756,112,98,NYK,1,14,14,2880.0,0.8329141978464193,0.6348522901535034,0.9852678775787354,2880.0,2101.0,1.0,0.7295138888888889,2.0
0022401142,2025-04-06,2024-25,DEN,IND,1610612743,1610612754,120,125,IND,0,-5,5,2880.0,0.4824460633921747,0.204196035861969,0.9124801903963089,1061.1,404.5,0.3684375,0.1404513888888889,13.0
0022401143,2025-04-06,2024-25,GSW,HOU,1610612744,1610612745,96,106,HOU,0,-10,10,2880.0,0.6237517787757356,0.2994067072868347,0.9818615224212408,2012.0,737.2999999999997,0.6986111111111111,0.25600694444444433,11.0
0022401144,2025-04-07,2024-25,DET,SAC,1610612765,1610612758,117,127,SAC,0,-10,10,2880.0,0.4091562540228997,0.09302926063537598,0.967261154204607,720.4000000000001,375.0,0.2501388888888889,0.13020833333333334,18.0
0022401145,2025-04-07,2024-25,MIA,PHI,1610612748,1610612755,117,105,MIA,1,12,12,2880.0,0.7316366180156668,0.4713346064090729,0.9911693334579468,2833.0,1297.0,0.9836805555555556,0.45034722222222223,6.0
0022401146,2025-04-08,2024-25,CHA,MEM,1610612766,1610612763,100,124,MEM,0,-24,24,2880.0,0.9155156966563481,0.6755527555942535,0.9997245174017735,2880.0,2591.0,1.0,0.8996527777777777,0.0
0022401147,2025-04-08,2024-25,CLE,CHI,1610612739,1610612741,135,113,CLE,1,22,22,2880.0,0.8963501774933603,0.6814484000205994,0.9968955516815186,2880.0,2644.7,1.0,0.918298611111111,3.0
0022401148,2025-04-08,2024-25,IND,WAS,1610612754,1610612764,104,98,IND,1,6,6,2880.0,0.5578866031114013,0.19769245386123657,0.8929410576820374,1824.4,320.1999999999998,0.6334722222222222,0.11118055555555549,16.0
0022401149,2025-04-08,2024-25,ORL,ATL,1610612753,1610612737,119,112,ORL,1,7,7,2880.0,0.7168948994390667,0.44731438159942627,0.9744238257408142,2776.0,1169.6,0.9638888888888889,0.4061111111111111,6.0
0022401150,2025-04-08,2024-25,BKN,NOP,1610612751,1610612740,119,114,BKN,1,5,5,2880.0,0.7502424270514813,0.39410537481307983,0.9911308288574219,2640.0,1230.0,0.9166666666666666,0.4270833333333333,7.0
0022401151,2025-04-08,2024-25,NYK,BOS,1610612752,1610612738,117,119,BOS,0,-2,2,3180.0,0.5091048063886053,0.18798625469207764,0.870611310005188,1289.8000000000002,364.10000000000036,0.4055974842767296,0.11449685534591206,11.0
0022401152,2025-04-08,2024-25,MIL,MIN,1610612749,1610612750,110,103,MIL,1,7,7,2880.0,0.3078912334894347,0.007099156733602285,0.8950193524360657,223.0,125.0,0.07743055555555556,0.043402777777777776,24.0
0022401153,2025-04-08,2024-25,OKC,LAL,1610612760,1610612747,136,120,OKC,1,16,16,2880.0,0.6715449716554334,0.31785720586776733,0.9947750568389893,2610.4,534.0,0.9063888888888889,0.18541666666666667,6.0
0022401154,2025-04-08,2024-25,PHX,GSW,1610612756,1610612744,95,133,GSW,0,-38,38,2880.0,0.8788587729967152,0.5465318262577057,0.9999863207194721,2880.0,2108.9,1.0,0.7322569444444444,1.0
0022401155,2025-04-08,2024-25,LAC,SAS,1610612746,1610612759,122,117,LAC,1,5,5,2880.0,0.7987662795123954,0.5326545238494873,0.9895278811454773,2880.0,1569.0,1.0,0.5447916666666667,5.0
0022401156,2025-04-09,2024-25,ORL,BOS,1610612753,1610612738,96,76,ORL,1,20,20,2880.0,0.7216616733889614,0.3385274112224579,0.9961099028587341,2060.0,1461.0,0.7152777777777778,0.5072916666666667,3.0
0022401157,2025-04-09,2024-25,WAS,PHI,1610612764,1610612755,103,122,PHI,0,-19,19,2880.0,0.6660952124229678,0.4391270875930786,0.9976019132882357,2600.0,738.0,0.9027777777777778,0.25625,2.0
0022401158,2025-04-09,2024-25,TOR,CHA,1610612761,1610612766,126,96,TOR,1,30,30,2880.0,0.8206217419645853,0.5120532512664795,0.9998810291290283,2880.0,1622.0,1.0,0.5631944444444444,5.0
0022401159,2025-04-09,2024-25,DAL,LAL,1610612742,1610612747,97,112,LAL,0,-15,15,2880.0,0.6685675001263734,0.44170206785202026,0.9873101022094488,2580.0,992.0,0.8958333333333334,0.34444444444444444,6.0
0022401160,2025-04-09,2024-25,CHI,MIA,1610612741,1610612748,119,111,CHI,1,8,8,2880.0,0.6615957387381542,0.4026619493961334,0.9604668617248535,1825.8000000000002,1203.0,0.6339583333333334,0.41770833333333335,11.0
0022401162,2025-04-09,2024-25,UTA,POR,1610612762,1610612757,133,126,UTA,1,7,7,3180.0,0.4603700468047235,0.1861390769481659,0.94245845079422,1184.2000000000003,82.0,0.3723899371069183,0.02578616352201258,8.0
0022401163,2025-04-09,2024-25,GSW,SAS,1610612744,1610612759,111,114,SAS,0,-3,3,2880.0,0.27446031396173765,0.055233657360076904,0.6439952254295349,182.80000000000018,0.0,0.06347222222222229,0.0,14.0
0022401164,2025-04-09,2024-25,PHX,OKC,1610612756,1610612760,112,125,OKC,0,-13,13,2880.0,0.7532895999009068,0.3172619938850403,0.9978748173452914,2649.0,1304.0,0.9197916666666667,0.4527777777777778,15.0
0022401165,2025-04-09,2024-25,SAC,DEN,1610612758,1610612743,116,124,DEN,0,-8,8,2880.0,0.7468993947411785,0.5050479471683502,0.9651843719184399,2880.0,1428.0,1.0,0.49583333333333335,2.0
0022401166,2025-04-09,2024-25,LAC,HOU,1610612746,1610612745,134,117,LAC,1,17,17,2880.0,0.7362619271988255,0.391751229763031,0.9893504977226257,2362.3,1637.0,0.8202430555555557,0.5684027777777778,4.0
0022401161,2025-04-10,2024-25,MIL,NOP,1610612749,1610612740,136,111,MIL,1,25,25,2880.0,0.8161392087075446,0.529409646987915,0.9996416568756104,2880.0,1788.0,1.0,0.6208333333333333,9.0
0022401167,2025-04-10,2024-25,DET,NYK,1610612765,1610612752,115,106,DET,1,9,9,2880.0,0.41481718754188884,0.08807779848575592,0.9224121570587158,645.0,241.0,0.22395833333333334,0.08368055555555555,13.0
0022401168,2025-04-10,2024-25,IND,CLE,1610612754,1610612739,114,112,IND,1,2,2,2880.0,0.4230963928102412,0.10835648328065872,0.8796872496604919,859.7999999999997,94.0,0.2985416666666666,0.03263888888888889,11.0
0022401169,2025-04-10,2024-25,BKN,ATL,1610612751,1610612737,109,133,ATL,0,-24,24,2880.0,0.8950607542367875,0.5372141003608704,0.9996881283877883,2880.0,2282.0,1.0,0.7923611111111111,0.0
0022401170,2025-04-10,2024-25,MEM,MIN,1610612763,1610612750,125,141,MIN,0,-16,16,2880.0,0.7030642331620846,0.3838314414024353,0.9921957948245108,2217.0,1215.0,0.7697916666666667,0.421875,6.0
0022401171,2025-04-11,2024-25,DET,MIL,1610612765,1610612749,119,125,MIL,0,-6,6,2880.0,0.616650432642394,0.2915542721748352,0.9253537654876709,2214.5,667.0,0.7689236111111111,0.23159722222222223,11.0
0022401172,2025-04-11,2024-25,IND,ORL,1610612754,1610612753,115,129,ORL,0,-14,14,2880.0,0.7812489295820383,0.28578096628189087,0.999215051298961,2045.0,1834.0,0.7100694444444444,0.6368055555555555,5.0
0022401173,2025-04-11,2024-25,PHI,ATL,1610612755,1610612737,110,124,ATL,0,-14,14,2880.0,0.6159975408992937,0.36074793338775635,0.9933640882372856,2049.6,711.6999999999998,0.7116666666666667,0.2471180555555555,8.0
0022401174,2025-04-11,2024-25,BOS,CHA,1610612738,1610612766,130,94,BOS,1,36,36,2880.0,0.8807487763609323,0.6837050914764404,0.9999701976776123,2880.0,2639.0,1.0,0.9163194444444445,7.0
0022401175,2025-04-11,2024-25,NYK,CLE,1610612752,1610612739,102,108,CLE,0,-6,6,2880.0,0.29291462668838597,0.06729942560195923,0.8887376934289932,441.0,111.0,0.153125,0.03854166666666667,23.0
0022401176,2025-04-11,2024-25,CHI,WAS,1610612741,1610612764,119,89,CHI,1,30,30,2880.0,0.8935736544409558,0.655106246471405,0.9998617172241211,2880.0,2517.4,1.0,0.8740972222222223,2.0
0022401177,2025-04-11,2024-25,NOP,MIA,1610612740,1610612748,104,153,MIA,0,-49,49,2880.0,0.8492987496293036,0.5791612565517426,0.9999995786356806,2880.0,1749.0,1.0,0.6072916666666667,0.0
0022401178,2025-04-11,2024-25,DAL,TOR,1610612742,1610612761,124,102,DAL,1,22,22,2880.0,0.9014301818816198,0.6377543807029724,0.9994029998779297,2880.0,2223.8,1.0,0.7721527777777778,0.0
0022401179,2025-04-11,2024-25,MIN,BKN,1610612750,1610612751,117,91,MIN,1,26,26,2880.0,0.9021832741859059,0.6285908818244934,0.9994729161262512,2880.0,2641.0,1.0,0.9170138888888889,7.0
0022401180,2025-04-11,2024-25,DEN,MEM,1610612743,1610612763,117,109,DEN,1,8,8,2880.0,0.4014207428621335,0.1796172857284546,0.9138325452804565,461.0,132.0,0.16006944444444443,0.04583333333333333,15.0
0022401181,2025-04-11,2024-25,UTA,OKC,1610612762,1610612760,111,145,OKC,0,-34,34,2880.0,0.9471947034688841,0.8293678611516953,0.9999924609746813,2880.0,2880.0,1.0,1.0,0.0
0022401182,2025-04-11,2024-25,PHX,SAS,1610612756,1610612759,117,98,PHX,1,19,19,2880.0,0.7348149516806005,0.39204055070877075,0.9990228414535522,2182.0,1358.0,0.7576388888888889,0.47152777777777777,10.0
0022401183,2025-04-11,2024-25,POR,GSW,1610612757,1610612744,86,103,GSW,0,-17,17,2880.0,0.8005465278080777,0.45564979314804077,0.9992030179710127,2695.0,1792.0,0.9357638888888888,0.6222222222222222,6.0
0022401184,2025-04-11,2024-25,SAC,LAC,1610612758,1610612746,100,101,LAC,0,-1,1,2880.0,0.6097490292844466,0.3760743737220764,0.9245323240756989,2042.2,531.2999999999997,0.7090972222222223,0.18447916666666658,9.0
0022401185,2025-04-11,2024-25,LAL,HOU,1610612747,1610612745,140,109,LAL,1,31,31,2880.0,0.7897164232045826,0.3702438771724701,0.9997546076774597,2236.2,1842.0,0.7764583333333333,0.6395833333333333,6.0
0022401186,2025-04-13,2024-25,ATL,ORL,1610612737,1610612753,117,105,ATL,1,12,12,2880.0,0.7479503087575238,0.44381117820739746,0.9942432045936584,2716.0,1473.4,0.9430555555555555,0.5115972222222223,5.0
0022401187,2025-04-13,2024-25,BOS,CHA,1610612738,1610612766,93,86,BOS,1,7,7,2880.0,0.8758698913641274,0.6125358939170837,0.9719528555870056,2880.0,2588.8999999999996,1.0,0.898923611111111,3.0
0022401188,2025-04-13,2024-25,BKN,NYK,1610612751,1610612752,105,113,NYK,0,-8,8,2880.0,0.6672064960346971,0.2873839735984802,0.9601475261151791,2278.8,905.0,0.79125,0.3142361111111111,10.0
0022401189,2025-04-13,2024-25,CLE,IND,1610612739,1610612754,118,126,IND,0,-8,8,3480.0,0.20555333975402787,0.0056247711181640625,0.8923005312681198,266.0,91.5,0.0764367816091954,0.026293103448275863,27.0
0022401190,2025-04-13,2024-25,MIA,WAS,1610612748,1610612764,118,119,WAS,0,-1,1,2880.0,0.5537355680784418,0.18744409084320068,0.8798448219895363,1909.9999999999998,609.8000000000002,0.6631944444444444,0.21173611111111118,7.0
0022401191,2025-04-13,2024-25,PHI,CHI,1610612755,1610612741,102,122,CHI,0,-20,20,2880.0,0.6907388629467783,0.3383350372314453,0.998693838599138,2503.0,1152.0,0.8690972222222222,0.4,9.0
0022401192,2025-04-13,2024-25,MIL,DET,1610612749,1610612765,140,133,MIL,1,7,7,3180.0,0.7610124707784293,0.39403948187828064,0.942743182182312,3077.0,1848.5,0.9676100628930817,0.5812893081761006,2.0
0022401193,2025-04-13,2024-25,HOU,DEN,1610612745,1610612743,111,126,DEN,0,-15,15,2880.0,0.781410073836404,0.40869760513305664,0.9995207886677235,2476.0,1510.0,0.8597222222222223,0.5243055555555556,3.0
0022401194,2025-04-13,2024-25,MEM,DAL,1610612763,1610612742,132,97,MEM,1,35,35,2880.0,0.860179881091333,0.4636869430541992,0.9999741315841675,2771.0,2288.0,0.9621527777777777,0.7944444444444444,7.0
0022401195,2025-04-13,2024-25,MIN,UTA,1610612750,1610612762,116,105,MIN,1,11,11,2880.0,0.8569111456308101,0.6544152498245239,0.994839608669281,2880.0,2627.8,1.0,0.9124305555555556,6.0
0022401196,2025-04-13,2024-25,NOP,OKC,1610612740,1610612760,100,115,OKC,0,-15,15,2880.0,0.9479129597540182,0.7903423756361008,0.9994070775574073,2880.0,2880.0,1.0,1.0,0.0
0022401197,2025-04-13,2024-25,SAS,TOR,1610612759,1610612761,125,118,SAS,1,7,7,2880.0,0.4479284053937429,0.0670359879732132,0.9270082712173462,1260.8000000000002,364.0,0.4377777777777778,0.12638888888888888,22.0
0022401198,2025-04-13,2024-25,GSW,LAC,1610612744,1610612746,119,124,LAC,0,-5,5,3180.0,0.5095623705648589,0.2367669939994812,0.875965029001236,1556.3000000000004,150.80000000000018,0.4894025157232706,0.0474213836477988,12.0
0022401199,2025-04-13,2024-25,POR,LAL,1610612757,1610612747,109,81,POR,1,28,28,2880.0,0.7502223243140098,0.4096008837223053,0.999602735042572,2053.0,1498.9,0.7128472222222222,0.5204513888888889,0.0
0022401200,2025-04-13,2024-25,SAC,PHX,1610612758,1610612756,109,98,SAC,1,11,11,2880.0,0.7567268396065467,0.5240932703018188,0.989227294921875,2880.0,1195.0,1.0,0.4149305555555556,3.0
