season,gameDate,gameId,team,opponent,isHome,teamWin,ratingBefore,ratingAfter,ratingChange,opponentRatingBefore,pregameWinProbability,winnerMargin,signedMargin,marginDominance,dominanceMultiplier,teamGameNumber
2025-26,2025-10-22,0022500082,ATL,TOR,1,0,1500.0,1475.8663225708392,-24.13367742916072,1500.0,0.550199353253537,20.0,-20.0,0.4621171572600097,1.4621171572600098,1
2025-26,2025-10-24,0022500090,ATL,ORL,0,1,1475.8663225708392,1495.8211805514868,19.9548579806477,1514.8389412556608,0.3951247686215406,4.0,4.0,0.0996679946249558,1.099667994624956,2
2025-26,2025-10-25,0022500101,ATL,OKC,1,0,1495.8211805514868,1474.8823270117998,-20.938853539686967,1532.113273967131,0.4981405366739437,17.0,-17.0,0.4011342849479459,1.401134284947946,3
2025-26,2025-10-27,0022500115,ATL,CHI,0,0,1474.8823270117998,1462.5243706004103,-12.357956411389438,1535.0468799427877,0.366372375695697,5.0,-5.0,0.1243530017715962,1.124353001771596,4
2025-26,2025-10-29,0022500130,ATL,BKN,0,1,1462.5243706004103,1479.4218876474845,16.897517047074242,1428.1881651064114,0.4990447240783654,5.0,5.0,0.1243530017715962,1.124353001771596,5
2025-26,2025-10-31,0022500020,ATL,IND,0,1,1479.4218876474845,1500.6993776021302,21.277489954645812,1434.054125323449,0.5149159821884686,20.0,20.0,0.4621171572600097,1.4621171572600098,6
2025-26,2025-11-02,0022500151,ATL,CLE,0,0,1500.6993776021302,1484.2911641189644,-16.408213483165714,1495.8048868870735,0.4567827983427325,8.0,-8.0,0.197375320224904,1.197375320224904,7
2025-26,2025-11-04,0022500166,ATL,ORL,1,1,1484.2911641189644,1503.254168280075,18.963004161110632,1495.169323723312,0.534658448894867,15.0,15.0,0.3583573983507859,1.358357398350786,8
2025-26,2025-11-07,0022500030,ATL,TOR,1,0,1503.254168280075,1482.675152335186,-20.579015944889193,1516.5341314302068,0.5312169892468148,12.0,-12.0,0.2913126124515909,1.2913126124515908,9
2025-26,2025-11-08,0022500185,ATL,LAL,1,1,1482.675152335186,1508.6163085473609,25.94115621217496,1581.9128197560683,0.408593762285817,20.0,20.0,0.4621171572600097,1.4621171572600098,10
2025-26,2025-11-10,0022500206,ATL,LAC,0,1,1508.6163085473609,1523.2230527605177,14.606744213156894,1440.8476360908792,0.5470185755496402,3.0,3.0,0.074859690687499,1.0748596906874992,11
2025-26,2025-11-12,0022500223,ATL,SAC,0,1,1523.2230527605177,1544.0217057029035,20.79865294238582,1427.3034629749234,0.5867827943432367,33.0,33.0,0.6777821008468294,1.6777821008468294,12
2025-26,2025-11-13,0022500227,ATL,UTA,0,1,1544.0217057029035,1559.1340245396257,15.112318836722048,1441.9374121037386,0.5953599408242212,10.0,10.0,0.2449186624037091,1.2449186624037092,13
2025-26,2025-11-16,0022500239,ATL,PHX,0,1,1559.1340245396257,1576.1308369154854,16.996812375859733,1551.7105886018053,0.4603972633187617,2.0,2.0,0.0499583749578799,1.04995837495788,14
2025-26,2025-11-18,0022500251,ATL,DET,1,0,1576.1308369154854,1558.8335650768695,-17.297271838615753,1623.968863725508,0.4815329982294605,8.0,-8.0,0.197375320224904,1.197375320224904,15
2025-26,2025-11-20,0022500267,ATL,SAS,0,0,1558.8335650768695,1542.883079103376,-15.950485973493732,1569.0102924053235,0.4353494143706927,9.0,-9.0,0.2212784678984439,1.221278467898444,16
2025-26,2025-11-22,0022500270,ATL,NOP,0,1,1542.883079103376,1554.5346889325303,11.651609829154353,1341.3885145025365,0.7228053024770754,17.0,17.0,0.4011342849479459,1.401134284947946,17
2025-26,2025-11-23,0022500276,ATL,CHA,1,1,1554.5346889325303,1561.871122002251,7.336433069720591,1377.1836615315997,0.7724840078110388,3.0,3.0,0.074859690687499,1.0748596906874992,18
2025-26,2025-11-25,0022500057,ATL,WAS,0,0,1561.871122002251,1527.7378446634216,-34.13327733882951,1297.8573555928226,0.7889002658450794,19.0,-19.0,0.4422303560457261,1.442230356045726,19
2025-26,2025-11-28,0022500069,ATL,CLE,1,1,1527.7378446634216,1545.0596353634917,17.32179070006993,1557.2739731540871,0.5078624950165069,7.0,7.0,0.1732351578346601,1.17323515783466,20
2025-26,2025-11-30,0022500304,ATL,PHI,0,1,1545.0596353634917,1562.8149812782292,17.755345914737724,1506.0883918782547,0.5057148299052765,8.0,8.0,0.197375320224904,1.197375320224904,21
2025-26,2025-12-01,0022500309,ATL,DET,0,0,1562.8149812782292,1552.0639648574922,-10.751016420736915,1635.6369838212167,0.349628326390537,1.0,-1.0,0.0249947929684206,1.0249947929684209,22
2025-26,2025-12-03,0022500327,ATL,LAC,1,0,1552.0639648574922,1516.0642735851072,-35.99969127238493,1356.9267227589987,0.78997528692527,23.0,-23.0,0.5190218338982221,1.519021833898222,23
2025-26,2025-12-05,0022500340,ATL,DEN,1,0,1516.0642735851072,1502.739744118737,-13.32452946637023,1597.6757692590086,0.4333202327068065,1.0,-1.0,0.0249947929684206,1.0249947929684209,24
2025-26,2025-12-06,0022500351,ATL,WAS,0,1,1502.739744118737,1514.2734062642446,11.533662145507538,1306.272030515763,0.7169703604389921,15.0,15.0,0.3583573983507859,1.358357398350786,25
2025-26,2025-12-12,0022501210,ATL,DET,0,0,1514.2734062642446,1500.6414738320614,-13.631932432183175,1638.122943225684,0.2860979691501587,27.0,-27.0,0.5882592563981054,1.5882592563981053,26
2025-26,2025-12-14,0022501217,ATL,PHI,1,1,1500.6414738320614,1516.3380511626283,15.696577330567033,1526.4525170569193,0.5132208893073531,3.0,3.0,0.074859690687499,1.0748596906874992,27
2025-26,2025-12-18,0022500371,ATL,CHA,0,0,1516.3380511626283,1495.0529670727958,-21.2850840898324,1407.4633641055384,0.6047404889433097,7.0,-7.0,0.1732351578346601,1.17323515783466,28
2025-26,2025-12-19,0022500383,ATL,SAS,1,0,1495.0529670727958,1478.6324923095117,-16.420474763284258,1644.3802399098652,0.3411618997731654,28.0,-28.0,0.6043677771171634,1.6043677771171634,29
2025-26,2025-12-21,0022500396,ATL,CHI,1,0,1478.6324923095117,1458.1976163907311,-20.434875918780445,1407.046599670631,0.6487519380502491,2.0,-2.0,0.0499583749578799,1.04995837495788,30
2025-26,2025-12-23,0022500411,ATL,CHI,1,0,1458.1976163907311,1439.0609903316113,-19.136626059119813,1427.4814755894113,0.5934612125011309,3.0,-3.0,0.074859690687499,1.0748596906874992,31
2025-26,2025-12-26,0022500423,ATL,MIA,1,0,1439.0609903316113,1418.1132182141275,-20.947772117483748,1464.297808945097,0.5140466503370649,15.0,-15.0,0.3583573983507859,1.358357398350786,32
2025-26,2025-12-27,0022500435,ATL,NYK,1,0,1418.1132182141275,1409.4367722924148,-8.676445921712736,1626.715476425457,0.2690722022258591,3.0,-3.0,0.074859690687499,1.0748596906874992,33
2025-26,2025-12-29,0022500455,ATL,OKC,0,0,1409.4367722924148,1404.213001249133,-5.223771043281776,1693.7216490467315,0.1372937459362379,11.0,-11.0,0.2682711820216014,1.2682711820216013,34
2025-26,2025-12-31,0022500463,ATL,MIN,1,1,1404.213001249133,1436.436745573206,32.223744324073145,1585.4307379643078,0.3011775066562891,24.0,24.0,0.5370495669980352,1.5370495669980353,35
2025-26,2026-01-02,0022500479,ATL,NYK,0,1,1436.436745573206,1466.9260644521476,30.489318878941404,1628.5130023903866,0.2129631357285711,12.0,12.0,0.2913126124515909,1.2913126124515908,36
2025-26,2026-01-03,0022500488,ATL,TOR,0,0,1466.9260644521476,1450.2307677373058,-16.695296714841763,1504.40235780874,0.3971852637346609,17.0,-17.0,0.4011342849479459,1.401134284947946,37
2025-26,2026-01-05,0022500504,ATL,TOR,0,0,1450.2307677373058,1435.2073329957614,-15.023434741544454,1521.0976545235817,0.352191791542488,18.0,-18.0,0.4218990052500079,1.4218990052500078,38
2025-26,2026-01-07,0022500519,ATL,NOP,1,1,1435.2073329957614,1447.2693174321926,12.0619844364311,1312.0882932583995,0.7130423884417517,17.0,17.0,0.4011342849479459,1.401134284947946,39
2025-26,2026-01-09,0022500537,ATL,DEN,0,1,1447.2693174321926,1481.038062849124,33.76874541693137,1594.894374321758,0.2589804688044629,23.0,23.0,0.5190218338982221,1.519021833898222,40
2025-26,2026-01-11,0022500556,ATL,GSW,0,1,1481.038062849124,1506.1672268474967,25.12916399837297,1544.0785941344702,0.3625377010456909,13.0,13.0,0.3140209253469976,1.3140209253469977,41
2025-26,2026-01-13,0022500569,ATL,LAL,0,0,1506.1672268474967,1484.357316838378,-21.80991000911882,1493.6829434562917,0.4676425640970073,25.0,-25.0,0.5545997223493823,1.5545997223493822,42
2025-26,2026-01-15,0022500585,ATL,POR,0,0,1484.357316838378,1466.6526009185022,-17.704715919875763,1499.9752740791632,0.4276659597357203,16.0,-16.0,0.3799489622552249,1.379948962255225,43
2025-26,2026-01-17,0022500594,ATL,BOS,1,0,1466.6526009185022,1449.7156025589204,-16.93699835958189,1602.1961415654998,0.3592144815188812,26.0,-26.0,0.5716699660851172,1.5716699660851172,44
2025-26,2026-01-19,0022500014,ATL,MIL,1,0,1449.7156025589204,1431.3239523524203,-18.391650206500056,1425.869982149203,0.5838850582128348,2.0,-2.0,0.0499583749578799,1.04995837495788,45
2025-26,2026-01-21,0022500623,ATL,MEM,0,1,1431.3239523524203,1450.1563934210858,18.832441068665588,1465.2265515571416,0.4021210263241446,2.0,2.0,0.0499583749578799,1.04995837495788,46
2025-26,2026-01-23,0022500636,ATL,PHX,1,1,1450.1563934210858,1474.537443657116,24.38105023603017,1626.3506134495144,0.307298567463429,7.0,7.0,0.1732351578346601,1.17323515783466,47
2025-26,2026-01-26,0022500659,ATL,IND,1,1,1474.537443657116,1486.6675000164507,12.13005635933482,1356.5229042064732,0.7069926330340291,16.0,16.0,0.3799489622552249,1.379948962255225,48
2025-26,2026-01-28,0022500673,ATL,BOS,0,1,1486.6675000164507,1513.8971113097966,27.229611293345936,1612.0168688925796,0.2843378272370628,11.0,11.0,0.2682711820216014,1.2682711820216013,49
2025-26,2026-01-29,0022500682,ATL,HOU,1,0,1513.8971113097966,1493.8951716619272,-20.00193964786937,1570.5341268465477,0.4689020240775937,18.0,-18.0,0.4218990052500079,1.4218990052500078,50
2025-26,2026-01-31,0022500698,ATL,IND,0,0,1493.8951716619272,1472.6078286629656,-21.28734299896145,1365.6200780539994,0.6310990399343701,5.0,-5.0,0.1243530017715962,1.124353001771596,51
2025-26,2026-02-03,0022500720,ATL,MIA,0,1,1472.6078286629656,1496.7533280994207,24.14549943645521,1525.074010148234,0.3767194918919401,12.0,12.0,0.2913126124515909,1.2913126124515908,52
2025-26,2026-02-05,0022500735,ATL,UTA,1,1,1496.7533280994207,1504.335062021485,7.581733922064598,1332.177936424345,0.7593004921943137,2.0,2.0,0.0499583749578799,1.04995837495788,53
2025-26,2026-02-07,0022500751,ATL,CHA,1,0,1504.335062021485,1490.129050845496,-14.20601117598922,1607.1598131610829,0.4036136342353293,7.0,-7.0,0.1732351578346601,1.17323515783466,54
2025-26,2026-02-09,0022500765,ATL,MIN,0,0,1490.129050845496,1472.5892723993643,-17.539778446131816,1533.099724442767,0.3896377250886654,22.0,-22.0,0.5005202111902353,1.5005202111902354,55
2025-26,2026-02-11,0022500775,ATL,CHA,0,0,1472.5892723993643,1463.6549076081756,-8.934364791188663,1604.1913359052871,0.2770707305209323,3.0,-3.0,0.074859690687499,1.0748596906874992,56
2025-26,2026-02-19,0022500794,ATL,PHI,0,1,1463.6549076081756,1487.47520669256,23.82029908438449,1526.9498465647328,0.3621993199568591,10.0,10.0,0.2449186624037091,1.2449186624037092,57
2025-26,2026-02-20,0022500805,ATL,MIA,1,0,1487.47520669256,1461.1054373104,-26.369769382160076,1499.6657802090788,0.5327783250633673,31.0,-31.0,0.6498274636719203,1.6498274636719203,58
2025-26,2026-02-22,0022500818,ATL,BKN,1,1,1461.1054373104,1471.0223126881494,9.916875377749408,1314.9797051831388,0.7393597542248526,11.0,11.0,0.2682711820216014,1.2682711820216013,59
2025-26,2026-02-24,0022500832,ATL,WAS,1,1,1471.0223126881494,1484.0266295457022,13.004316857552762,1352.652286013874,0.7074163628764495,21.0,21.0,0.4815497983643079,1.481549798364308,60
2025-26,2026-02-26,0022500850,ATL,WAS,1,1,1484.0266295457022,1496.907496629718,12.88086708401587,1339.647969156321,0.7374170496779505,30.0,30.0,0.6351489523872873,1.6351489523872873,61
2025-26,2026-03-01,0022500873,ATL,POR,1,1,1496.907496629718,1519.0501869545078,22.14269032478975,1487.5176725992903,0.563536749577821,34.0,34.0,0.6910694698329306,1.6910694698329305,62
2025-26,2026-03-04,0022500897,ATL,MIL,0,1,1519.0501869545078,1537.9809682614912,18.9307813069833,1444.8264091773465,0.55620895630688,18.0,18.0,0.4218990052500079,1.4218990052500078,63
2025-26,2026-03-07,0022500917,ATL,PHI,1,1,1537.9809682614912,1553.3058837161054,15.324915454614246,1515.678794430445,0.5817247838383354,9.0,9.0,0.2212784678984439,1.221278467898444,64
2025-26,2026-03-10,0022500939,ATL,DAL,1,1,1553.3058837161054,1560.0339115195115,6.728027803406089,1317.339395690895,0.8263258708353419,12.0,12.0,0.2913126124515909,1.2913126124515908,65
2025-26,2026-03-12,0022500956,ATL,BKN,1,1,1560.0339115195115,1566.0338381629067,5.999926643395212,1303.9707830882269,0.8423069469566848,11.0,11.0,0.2682711820216014,1.2682711820216013,66
2025-26,2026-03-14,0022500970,ATL,MIL,1,1,1566.0338381629067,1576.6241241312764,10.590285968369662,1393.467158334713,0.7676073349300908,23.0,23.0,0.5190218338982221,1.519021833898222,67
2025-26,2026-03-16,0022500983,ATL,ORL,1,1,1576.6241241312764,1595.6491814814328,19.025057350156334,1605.4417842830642,0.508896163312028,12.0,12.0,0.2913126124515909,1.2913126124515908,68
2025-26,2026-03-18,0022501006,ATL,DAL,0,1,1595.6491814814328,1604.5964978714062,8.94731638997342,1340.3368484638634,0.7804378435101943,15.0,15.0,0.3583573983507859,1.358357398350786,69
2025-26,2026-03-20,0022501018,ATL,HOU,0,0,1604.5964978714062,1580.0739232798016,-24.522574591604595,1538.4125572958565,0.5447571761829834,22.0,-22.0,0.5005202111902353,1.5005202111902354,70
2025-26,2026-03-21,0022501026,ATL,GSW,1,1,1580.0739232798016,1589.9728775290414,9.89895424923968,1413.988105409357,0.7608859815350948,16.0,16.0,0.3799489622552249,1.379948962255225,71
2025-26,2026-03-23,0022501037,ATL,MEM,1,1,1589.9728775290414,1596.8337826971313,6.8609051680898565,1295.6886609494215,0.8693827653146174,39.0,39.0,0.7508932836251672,1.7508932836251672,72
2025-26,2026-03-25,0022501051,ATL,DET,0,1,1596.8337826971313,1616.9183177227294,20.084535025598125,1671.789122291092,0.3468410713439622,1.0,1.0,0.0249947929684206,1.0249947929684209,73
2025-26,2026-03-27,0022501067,ATL,BOS,0,0,1616.9183177227294,1603.7953608195012,-13.122956903228324,1672.258821892814,0.3728424722470883,7.0,-7.0,0.1732351578346601,1.17323515783466,74
2025-26,2026-03-28,0022501078,ATL,SAC,1,1,1603.7953608195012,1608.761427826083,4.96606700658182,1313.0816441132552,0.8670310182623161,10.0,10.0,0.2449186624037091,1.2449186624037092,75
2025-26,2026-03-30,0022501092,ATL,BOS,1,1,1608.761427826083,1630.742656555879,21.98122872979598,1705.9541388163868,0.4114413684571095,10.0,10.0,0.2449186624037091,1.2449186624037092,76
2025-26,2026-04-01,0022501107,ATL,ORL,0,1,1630.742656555879,1648.9811604006395,18.23850384476044,1507.2096102214475,0.6247214175662378,29.0,29.0,0.619996867969374,1.619996867969374,77
2025-26,2026-04-03,0022501122,ATL,BKN,0,1,1648.9811604006395,1654.6588669643843,5.677706563745093,1254.15554024269,0.8880844998775435,34.0,34.0,0.6910694698329306,1.6910694698329305,78
2025-26,2026-04-06,0022501143,ATL,NYK,1,0,1654.6588669643843,1635.6301567676398,-19.02871019674472,1626.3493405455386,0.5901145474027288,3.0,-3.0,0.074859690687499,1.0748596906874992,79
2025-26,2026-04-08,0022501158,ATL,CLE,0,0,1635.6301567676398,1620.3018640519545,-15.32829271568538,1639.193607289856,0.4447295208567994,6.0,-6.0,0.1488850336233179,1.1488850336233178,80
2025-26,2026-04-10,0022501173,ATL,CLE,1,1,1620.3018640519545,1642.759139155109,22.457275103154885,1654.5219000055413,0.5011224566058675,22.0,22.0,0.5005202111902353,1.5005202111902354,81
2025-26,2026-04-12,0022501189,ATL,MIA,0,0,1642.759139155109,1611.0431788135231,-31.71596034158618,1482.6409515398414,0.6726594646879049,26.0,-26.0,0.5716699660851172,1.5716699660851172,82
2025-26,2025-10-22,0022500080,BKN,CHA,0,0,1500.0,1480.5385155927977,-19.461484407202477,1500.0,0.449800646746463,19.0,-19.0,0.4422303560457261,1.442230356045726,1
2025-26,2025-10-24,0022500091,BKN,CLE,1,0,1480.5385155927977,1461.3389454779633,-19.1995701148342,1483.8425941969376,0.545487975041287,7.0,-7.0,0.1732351578346601,1.17323515783466,2
2025-26,2025-10-26,0022500105,BKN,SAS,0,0,1461.3389454779633,1448.512171981223,-12.826773496740412,1543.799389154128,0.337119633891304,11.0,-11.0,0.2682711820216014,1.2682711820216013,3
2025-26,2025-10-27,0022500116,BKN,HOU,0,0,1448.512171981223,1428.1881651064114,-20.324006874811666,1467.9702586449605,0.422264087754476,28.0,-28.0,0.6043677771171634,1.6043677771171634,4
2025-26,2025-10-29,0022500130,BKN,ATL,1,0,1428.1881651064114,1411.2906480593372,-16.897517047074242,1462.5243706004103,0.5009552759216346,5.0,-5.0,0.1243530017715962,1.124353001771596,5
2025-26,2025-11-02,0022500149,BKN,PHI,1,0,1411.2906480593372,1394.4384345265937,-16.85221353274349,1542.1332819695351,0.3654667117785719,24.0,-24.0,0.5370495669980352,1.5370495669980353,6
2025-26,2025-11-03,0022500156,BKN,MIN,1,0,1394.4384345265937,1377.6073149890865,-16.8311195375075,1495.1365532457514,0.4065638174038145,16.0,-16.0,0.3799489622552249,1.379948962255225,7
2025-26,2025-11-05,0022500173,BKN,IND,0,1,1377.6073149890865,1399.977039254858,22.36972426577188,1420.7186595791347,0.389445163305921,9.0,9.0,0.2212784678984439,1.221278467898444,8
2025-26,2025-11-07,0022500031,BKN,DET,1,0,1399.977039254858,1385.786796848396,-14.190242406462186,1555.916132646799,0.332659407221569,18.0,-18.0,0.4218990052500079,1.4218990052500078,9
2025-26,2025-11-09,0022500192,BKN,NYK,0,0,1385.786796848396,1372.8602624542375,-12.926534394158145,1540.65958419892,0.2510546026345097,36.0,-36.0,0.7162978701990245,1.7162978701990244,10
2025-26,2025-11-11,0022500207,BKN,TOR,1,0,1372.8602624542375,1359.9982873709191,-12.861975083318368,1519.7013891778238,0.3443859552635152,10.0,-10.0,0.2449186624037091,1.2449186624037092,11
2025-26,2025-11-14,0022500040,BKN,ORL,0,0,1359.9982873709191,1351.3683240938997,-8.629963277019598,1520.3323126353282,0.2451899268840864,7.0,-7.0,0.1732351578346601,1.17323515783466,12
2025-26,2025-11-16,0022500235,BKN,WAS,0,1,1351.3683240938997,1375.8453262617654,24.47700216786578,1342.2108969040628,0.4628779823602852,23.0,23.0,0.5190218338982221,1.519021833898222,13
2025-26,2025-11-18,0022500250,BKN,BOS,1,0,1375.8453262617654,1361.58506729207,-14.260258969695228,1514.0508985368776,0.355694900038425,14.0,-14.0,0.3363755443363322,1.3363755443363323,14
2025-26,2025-11-21,0022500049,BKN,BOS,0,1,1361.58506729207,1388.941114770677,27.356047478606843,1528.311157506573,0.2384440919363381,8.0,8.0,0.197375320224904,1.197375320224904,15
2025-26,2025-11-23,0022500279,BKN,TOR,0,0,1388.941114770677,1381.6867589931585,-7.2543557775186835,1601.0889465957337,0.1942390828841207,10.0,-10.0,0.2449186624037091,1.2449186624037092,16
2025-26,2025-11-24,0022500285,BKN,NYK,1,0,1381.6867589931585,1368.303427729389,-13.383331263768875,1532.299423335471,0.3395007138168848,13.0,-13.0,0.3140209253469976,1.3140209253469977,17
2025-26,2025-11-28,0022500070,BKN,PHI,1,0,1368.303427729389,1353.749579941017,-14.553847788372371,1491.5345440898825,0.3756861467428741,12.0,-12.0,0.2913126124515909,1.2913126124515908,18
2025-26,2025-11-29,0022500297,BKN,MIL,0,0,1353.749579941017,1338.693440028041,-15.056139912975718,1420.0673062129729,0.358189315488179,17.0,-17.0,0.4011342849479459,1.401134284947946,19
2025-26,2025-12-01,0022500312,BKN,CHA,1,1,1338.693440028041,1360.1305946349228,21.43715460688157,1404.210867714869,0.4561944894137158,13.0,13.0,0.3140209253469976,1.3140209253469977,20
2025-26,2025-12-03,0022500329,BKN,CHI,0,1,1360.1305946349228,1384.1300123439655,23.999417709042863,1427.042547138811,0.3574033272528719,10.0,10.0,0.2449186624037091,1.2449186624037092,21
2025-26,2025-12-04,0022500335,BKN,UTA,1,0,1384.1300123439655,1365.114658367198,-19.015353976767763,1431.3852170864964,0.4823706535659194,13.0,-13.0,0.3140209253469976,1.3140209253469977,22
2025-26,2025-12-06,0022500350,BKN,NOP,1,1,1365.114658367198,1381.0343436791643,15.919685311966576,1310.0415287093529,0.6267975607928293,18.0,18.0,0.4218990052500079,1.4218990052500078,23
2025-26,2025-12-12,0022501214,BKN,DAL,0,0,1381.0343436791643,1368.8462270258203,-12.188116653344258,1461.8018048474955,0.339300926158362,8.0,-8.0,0.197375320224904,1.197375320224904,24
2025-26,2025-12-14,0022501219,BKN,MIL,1,1,1368.8462270258203,1399.0603475839218,30.214120558101605,1443.3765022361322,0.4433555760709299,45.0,45.0,0.809301070201781,1.8093010702017809,25
2025-26,2025-12-18,0022500373,BKN,MIA,1,0,1399.0603475839218,1383.4810363566116,-15.579311227310187,1497.673185031054,0.4094631980960898,11.0,-11.0,0.2682711820216014,1.2682711820216013,26
2025-26,2025-12-21,0022500397,BKN,TOR,1,1,1383.4810363566116,1409.396710540199,25.91567418358696,1515.3904612581305,0.3640438023392124,15.0,15.0,0.3583573983507859,1.358357398350786,27
2025-26,2025-12-23,0022500410,BKN,PHI,0,1,1409.396710540199,1435.7654480879028,26.36873754770411,1550.785225894317,0.265929484756953,8.0,8.0,0.197375320224904,1.197375320224904,28
2025-26,2025-12-27,0022500439,BKN,MIN,0,1,1435.7654480879028,1467.0778136945796,31.312365606676895,1597.562435721939,0.2436346931869211,16.0,16.0,0.3799489622552249,1.379948962255225,29
2025-26,2025-12-29,0022500449,BKN,GSW,1,0,1467.0778136945796,1447.858686257965,-19.21912743661453,1510.7377970261234,0.4875398624655153,13.0,-13.0,0.3140209253469976,1.3140209253469977,30
2025-26,2026-01-01,0022500471,BKN,HOU,1,0,1447.858686257965,1432.080176877365,-15.778509380600031,1596.39831523939,0.3421817513106525,24.0,-24.0,0.5370495669980352,1.5370495669980353,31
2025-26,2026-01-02,0022500477,BKN,WAS,0,0,1432.080176877365,1409.178932867182,-22.901244010182896,1381.711877296067,0.5221023476463303,20.0,-20.0,0.4621171572600097,1.4621171572600098,32
2025-26,2026-01-04,0022500496,BKN,DEN,1,1,1409.178932867182,1435.933739907128,26.754807039946037,1583.69066022626,0.30936405891802,12.0,12.0,0.2913126124515909,1.2913126124515908,33
2025-26,2026-01-07,0022500521,BKN,ORL,1,0,1435.933739907128,1422.0273662255208,-13.906373681607125,1504.2208098653812,0.4522420919275691,1.0,-1.0,0.0249947929684206,1.0249947929684209,34
2025-26,2026-01-09,0022500535,BKN,LAC,1,0,1422.0273662255208,1402.7750987533573,-19.25226747216356,1481.3543095539526,0.4650478145389747,16.0,-16.0,0.3799489622552249,1.379948962255225,35
2025-26,2026-01-11,0022500549,BKN,MEM,0,0,1402.7750987533573,1389.4344404785595,-13.3406582747976,1441.4705039439914,0.3955062230982998,5.0,-5.0,0.1243530017715962,1.124353001771596,36
2025-26,2026-01-12,0022500561,BKN,DAL,0,0,1389.4344404785595,1374.0675258184374,-15.366914660122438,1404.9612249691163,0.4277944267086908,8.0,-8.0,0.197375320224904,1.197375320224904,37
2025-26,2026-01-14,0022500574,BKN,NOP,0,0,1374.0675258184374,1356.7774986341146,-17.29002718432277,1313.8726913644705,0.5361948582412577,3.0,-3.0,0.074859690687499,1.0748596906874992,38
2025-26,2026-01-16,0022500587,BKN,CHI,1,1,1356.7774986341146,1375.1691239118636,18.3916252777489,1440.9933947159666,0.429642602437865,3.0,3.0,0.074859690687499,1.0748596906874992,39
2025-26,2026-01-18,0022500603,BKN,CHI,0,0,1375.1691239118636,1357.9035288720615,-17.26559503980201,1422.6017694382176,0.3835468728565515,22.0,-22.0,0.5005202111902353,1.5005202111902354,40
2025-26,2026-01-19,0022500610,BKN,PHX,1,0,1357.9035288720615,1349.4732638269934,-8.430265045068198,1602.7165033337444,0.2300939893906113,9.0,-9.0,0.2212784678984439,1.221278467898444,41
2025-26,2026-01-21,0022500622,BKN,NYK,0,0,1349.4732638269934,1334.12631107674,-15.346952750253385,1484.646002702421,0.2729725429804479,54.0,-54.0,0.874053287886007,1.874053287886007,42
2025-26,2026-01-23,0022500637,BKN,BOS,1,0,1334.12631107674,1327.6035222413748,-6.522788835365219,1612.4365178256696,0.1977199441785405,4.0,-4.0,0.0996679946249558,1.099667994624956,43
2025-26,2026-01-25,0022500656,BKN,LAC,0,0,1327.6035222413748,1318.3623339148874,-9.241188326487482,1558.102484372146,0.1782374432052491,37.0,-37.0,0.7282542059818115,1.7282542059818111,44
2025-26,2026-01-27,0022500669,BKN,PHX,0,0,1318.3623339148874,1313.230013244652,-5.132320670235515,1577.2150429040948,0.1555718239602521,4.0,-4.0,0.0996679946249558,1.099667994624956,45
2025-26,2026-01-29,0022500684,BKN,DEN,0,0,1313.230013244652,1307.4854864459248,-5.744526798726989,1548.6463054016965,0.174129125845423,4.0,-4.0,0.0996679946249558,1.099667994624956,46
2025-26,2026-01-30,0022500694,BKN,UTA,0,1,1307.4854864459248,1329.5955890174175,22.11010257149269,1337.156788729443,0.4079907054917643,10.0,10.0,0.2449186624037091,1.2449186624037092,47
2025-26,2026-02-01,0022500704,BKN,DET,0,0,1329.5955890174175,1323.2324688636556,-6.363120153761786,1651.5915695645078,0.1135447051912387,53.0,-53.0,0.8680219810175624,1.8680219810175624,48
2025-26,2026-02-03,0022500719,BKN,LAL,1,0,1323.2324688636556,1311.640611978989,-11.591856884666557,1522.296310238885,0.280006898847481,16.0,-16.0,0.3799489622552249,1.379948962255225,49
2025-26,2026-02-05,0022500734,BKN,ORL,0,0,1311.640611978989,1300.572749741071,-11.067862237917966,1465.3416243496756,0.2523250202160956,20.0,-20.0,0.4621171572600097,1.4621171572600098,50
2025-26,2026-02-07,0022500747,BKN,WAS,1,1,1300.572749741071,1322.6808023738408,22.108052632769727,1371.4460236364123,0.4485568889058308,14.0,14.0,0.3363755443363322,1.3363755443363323,51
2025-26,2026-02-09,0022500762,BKN,CHI,1,1,1322.6808023738408,1343.006370497864,20.325568124023143,1403.6960256507866,0.4341632685896856,8.0,8.0,0.197375320224904,1.197375320224904,52
2025-26,2026-02-11,0022500779,BKN,IND,1,0,1343.006370497864,1325.3127673433391,-17.69360315452492,1360.928967316854,0.5245565857770601,5.0,-5.0,0.1243530017715962,1.124353001771596,53
2025-26,2026-02-19,0022500793,BKN,CLE,0,0,1325.3127673433391,1320.0727231650274,-5.240044178311904,1655.525212699123,0.1088703860600585,28.0,-28.0,0.6043677771171634,1.6043677771171634,54
2025-26,2026-02-20,0022500808,BKN,OKC,0,0,1320.0727231650274,1314.9797051831388,-5.09301798188858,1634.9892187251712,0.1177116161446057,19.0,-19.0,0.4422303560457261,1.442230356045726,55
2025-26,2026-02-22,0022500818,BKN,ATL,0,0,1314.9797051831388,1305.0628298053894,-9.916875377749408,1461.1054373104,0.2606402457751474,11.0,-11.0,0.2682711820216014,1.2682711820216013,56
2025-26,2026-02-24,0022500833,BKN,DAL,1,0,1305.0628298053894,1289.5001030112608,-15.562726794128574,1392.7407559404717,0.424765991901057,9.0,-9.0,0.2212784678984439,1.221278467898444,57
2025-26,2026-02-26,0022500851,BKN,SAS,1,0,1289.5001030112608,1285.9343672855016,-3.565735725759117,1734.787528906949,0.0861320677621704,16.0,-16.0,0.3799489622552249,1.379948962255225,58
2025-26,2026-02-27,0022500859,BKN,BOS,0,0,1285.9343672855016,1281.1269780436462,-4.8073892418554705,1647.1584526157608,0.0927214917268574,37.0,-37.0,0.7282542059818115,1.7282542059818111,59
2025-26,2026-03-01,0022500869,BKN,CLE,1,0,1281.1269780436462,1276.70502915119,-4.421948892456205,1640.233978416508,0.1340389073208203,4.0,-4.0,0.0996679946249558,1.099667994624956,60
2025-26,2026-03-03,0022500886,BKN,MIA,0,0,1276.70502915119,1268.9131003597652,-7.791928791424867,1523.0609989025488,0.1652579519357538,26.0,-26.0,0.5716699660851172,1.5716699660851172,61
2025-26,2026-03-05,0022500901,BKN,MIA,0,0,1268.9131003597652,1262.568721255205,-6.344379104560119,1530.8529276939737,0.1532515399263176,16.0,-16.0,0.3799489622552249,1.379948962255225,62
2025-26,2026-03-07,0022500916,BKN,DET,0,1,1262.568721255205,1292.060542318279,29.491821063073964,1694.4364513022535,0.063714595217261,2.0,2.0,0.0499583749578799,1.04995837495788,63
2025-26,2026-03-09,0022500932,BKN,MEM,1,1,1292.060542318279,1312.0355670575902,19.97502473931131,1344.4423089761665,0.475006475416625,11.0,11.0,0.2682711820216014,1.2682711820216013,64
2025-26,2026-03-10,0022500937,BKN,DET,1,0,1312.0355670575902,1303.9707830882269,-8.064783969363637,1642.2869549158052,0.1545170428665032,38.0,-38.0,0.7397830512740042,1.7397830512740042,65
2025-26,2026-03-12,0022500956,BKN,ATL,0,0,1303.9707830882269,1297.9708564448315,-5.999926643395212,1560.0339115195115,0.1576930530433151,11.0,-11.0,0.2682711820216014,1.2682711820216013,66
2025-26,2026-03-14,0022500969,BKN,PHI,0,0,1297.9708564448315,1290.3784270657536,-7.592429379077943,1487.2112949818177,0.2157120655757436,7.0,-7.0,0.1732351578346601,1.17323515783466,67
2025-26,2026-03-16,0022500985,BKN,POR,1,0,1290.3784270657536,1276.7823020617134,-13.59612500404024,1460.9439861215192,0.3142384050519682,19.0,-19.0,0.4422303560457261,1.442230356045726,68
2025-26,2026-03-18,0022501000,BKN,OKC,1,0,1276.7823020617134,1273.1119562785975,-3.6703457831159394,1746.9123768424822,0.0755216641810883,29.0,-29.0,0.619996867969374,1.619996867969374,69
2025-26,2026-03-20,0022501016,BKN,NYK,1,0,1273.1119562785975,1269.3810792335437,-3.7308770450538153,1652.05507632604,0.121329951158388,1.0,-1.0,0.0249947929684206,1.0249947929684209,70
2025-26,2026-03-22,0022501033,BKN,SAC,0,0,1269.3810792335437,1256.5712642593423,-12.809814974201304,1313.334336985289,0.388293407246979,4.0,-4.0,0.0996679946249558,1.099667994624956,71
2025-26,2026-03-23,0022501045,BKN,POR,0,0,1256.5712642593423,1247.5967541322293,-8.974510127113064,1490.2557329279282,0.1755674357072909,35.0,-35.0,0.703905603936621,1.703905603936621,72
2025-26,2026-03-25,0022501060,BKN,GSW,0,0,1247.5967541322293,1240.0636702426686,-7.533083889560695,1418.9757594530652,0.2336144880064113,3.0,-3.0,0.074859690687499,1.0748596906874992,73
2025-26,2026-03-27,0022501075,BKN,LAL,0,0,1240.0636702426686,1237.1652580930347,-2.898412149633983,1657.2284850322812,0.0689539463554859,17.0,-17.0,0.4011342849479459,1.401134284947946,74
2025-26,2026-03-29,0022501084,BKN,SAC,1,1,1237.1652580930347,1260.3492447273702,23.183986634335504,1308.1155771066733,0.4484471882674966,17.0,17.0,0.4011342849479459,1.401134284947946,75
2025-26,2026-03-31,0022501100,BKN,CHA,1,0,1260.3492447273702,1254.15554024269,-6.19370448468022,1633.168702152475,0.1251384285339201,31.0,-31.0,0.6498274636719203,1.6498274636719203,76
2025-26,2026-04-03,0022501122,BKN,ATL,1,0,1254.15554024269,1248.477833678945,-5.677706563745093,1648.9811604006395,0.1119155001224564,34.0,-34.0,0.6910694698329306,1.6910694698329305,77
2025-26,2026-04-05,0022501133,BKN,WAS,1,1,1248.477833678945,1262.7253550194578,14.247521340512684,1222.669436330665,0.5866275875147317,6.0,6.0,0.1488850336233179,1.1488850336233178,78
2025-26,2026-04-07,0022501150,BKN,MIL,1,1,1262.7253550194578,1282.9131231743518,20.18776815489398,1357.8842027791254,0.4142794226843734,6.0,6.0,0.1488850336233179,1.1488850336233178,79
2025-26,2026-04-09,0022501167,BKN,IND,1,0,1282.9131231743518,1255.8460898194548,-27.067033354896846,1278.1776489576307,0.5569359194466571,29.0,-29.0,0.619996867969374,1.619996867969374,80
2025-26,2026-04-10,0022501179,BKN,MIL,0,0,1255.8460898194548,1241.378575729059,-14.467514090395644,1332.841266967861,0.3441857606801557,17.0,-17.0,0.4011342849479459,1.401134284947946,81
2025-26,2026-04-12,0022501192,BKN,TOR,0,0,1241.378575729059,1234.671035001594,-6.70754072746505,1534.7441001265788,0.1312189421755186,35.0,-35.0,0.703905603936621,1.703905603936621,82
2025-26,2025-10-22,0022500083,BOS,PHI,1,0,1500.0,1483.081455834616,-16.91854416538404,1500.0,0.550199353253537,1.0,-1.0,0.0249947929684206,1.0249947929684209,1
2025-26,2025-10-24,0022500018,BOS,NYK,0,0,1483.081455834616,1468.0204692235905,-15.060986611025536,1516.1574058030624,0.4032656126022332,10.0,-10.0,0.2449186624037091,1.2449186624037092,2
2025-26,2025-10-26,0022500106,BOS,DET,0,0,1468.0204692235905,1454.2292071887073,-13.791262034883152,1503.3595004757103,0.400134670608677,6.0,-6.0,0.1488850336233179,1.1488850336233178,3
2025-26,2025-10-27,0022500117,BOS,NOP,0,1,1454.2292071887073,1482.6982656987568,28.469058510049592,1468.3909727146277,0.4297189617697546,32.0,32.0,0.664036770267849,1.664036770267849,4
2025-26,2025-10-29,0022500128,BOS,CLE,1,1,1482.6982656987568,1506.2959473961484,23.597681697391582,1544.14021720996,0.4620202724471737,20.0,20.0,0.4621171572600097,1.4621171572600098,5
2025-26,2025-10-31,0022500021,BOS,PHI,0,1,1506.2959473961484,1525.5715215491134,19.275574152964992,1561.4088561225,0.3731488756431547,1.0,1.0,0.0249947929684206,1.0249947929684209,6
2025-26,2025-11-01,0022500146,BOS,HOU,1,0,1525.5715215491134,1498.3486853239085,-27.222836225204944,1510.6625016282403,0.5713348563957915,27.0,-27.0,0.5882592563981054,1.5882592563981053,7
2025-26,2025-11-03,0022500158,BOS,UTA,1,0,1498.3486853239085,1479.0909826259954,-19.25770269791325,1454.6343424060997,0.6113798780732866,2.0,-2.0,0.0499583749578799,1.04995837495788,8
2025-26,2025-11-05,0022500174,BOS,WAS,1,1,1479.0909826259954,1496.2435380440024,17.15255541800702,1408.7888899508337,0.6470660786007708,29.0,29.0,0.619996867969374,1.619996867969374,9
2025-26,2025-11-07,0022500028,BOS,ORL,0,0,1496.2435380440024,1477.3815509806757,-18.861987063326723,1476.206319562201,0.4784801291842893,13.0,-13.0,0.3140209253469976,1.3140209253469977,10
2025-26,2025-11-09,0022500193,BOS,ORL,0,1,1477.3815509806757,1496.3589535261576,18.977402545481866,1495.068306625528,0.4247535729498627,4.0,4.0,0.0996679946249558,1.099667994624956,11
2025-26,2025-11-11,0022500209,BOS,PHI,0,0,1496.3589535261576,1483.5305241205174,-12.828429405640303,1526.550279866497,0.4072678724416075,2.0,-2.0,0.0499583749578799,1.04995837495788,12
2025-26,2025-11-12,0022500216,BOS,MEM,1,1,1483.5305241205174,1502.687526918732,19.157002798214624,1427.6088794734214,0.6279394322930446,36.0,36.0,0.7162978701990245,1.7162978701990244,13
2025-26,2025-11-16,0022500233,BOS,LAC,1,1,1502.687526918732,1514.0508985368776,11.36337161814578,1431.9780877455105,0.6476013965172339,3.0,3.0,0.074859690687499,1.0748596906874992,14
2025-26,2025-11-18,0022500250,BOS,BKN,0,1,1514.0508985368776,1528.311157506573,14.260258969695228,1375.8453262617654,0.6443050999615749,14.0,14.0,0.3363755443363322,1.3363755443363323,15
2025-26,2025-11-21,0022500049,BOS,BKN,1,0,1528.311157506573,1500.9551100279662,-27.356047478606843,1361.58506729207,0.7615559080636619,8.0,-8.0,0.197375320224904,1.197375320224904,16
2025-26,2025-11-23,0022500277,BOS,ORL,1,1,1500.9551100279662,1520.862859172672,19.90774914470579,1566.1593166357918,0.4566418260867586,9.0,9.0,0.2212784678984439,1.221278467898444,17
2025-26,2025-11-26,0022500060,BOS,DET,1,1,1520.862859172672,1541.6515990306127,20.788739857940826,1659.364988602532,0.355303765441733,3.0,3.0,0.074859690687499,1.0748596906874992,18
2025-26,2025-11-29,0022500293,BOS,MIN,0,0,1541.6515990306127,1525.648351471975,-16.003247558637607,1517.0129000774093,0.4850933080669057,4.0,-4.0,0.0996679946249558,1.099667994624956,19
2025-26,2025-11-30,0022500302,BOS,CLE,0,1,1525.648351471975,1543.6178043131904,17.96945284121537,1539.9521824540172,0.4295185641070063,2.0,2.0,0.0499583749578799,1.04995837495788,20
2025-26,2025-12-02,0022500320,BOS,NYK,1,1,1543.6178043131904,1561.5577905832467,17.939986270056263,1592.8736111665742,0.47949575037177,6.0,6.0,0.1488850336233179,1.1488850336233178,21
2025-26,2025-12-04,0022500334,BOS,WAS,0,1,1561.5577905832467,1574.1656408682843,12.607850285037769,1318.8798808008007,0.7677215345254529,45.0,45.0,0.809301070201781,1.8093010702017809,22
2025-26,2025-12-05,0022500338,BOS,LAL,1,1,1574.1656408682843,1597.01349461437,22.84785374608556,1618.9332409295432,0.4859469956998064,21.0,21.0,0.4815497983643079,1.481549798364308,23
2025-26,2025-12-07,0022500358,BOS,TOR,0,1,1597.01349461437,1613.516635172597,16.50314055822691,1533.7572703210203,0.5405745583841634,8.0,8.0,0.197375320224904,1.197375320224904,24
2025-26,2025-12-11,0022501206,BOS,MIL,0,0,1613.516635172597,1584.1557321271566,-29.360903045440473,1414.0155991906918,0.7205001933729726,15.0,-15.0,0.3583573983507859,1.358357398350786,25
2025-26,2025-12-15,0022501222,BOS,DET,1,0,1584.1557321271566,1568.2036085958907,-15.952123531265809,1651.7548756578674,0.4532232498245074,7.0,-7.0,0.1732351578346601,1.17323515783466,26
2025-26,2025-12-19,0022500381,BOS,MIA,1,1,1568.2036085958907,1582.9219605867663,14.71835199087574,1513.2524962583643,0.6266332418567582,13.0,13.0,0.3140209253469976,1.3140209253469977,27
2025-26,2025-12-20,0022500388,BOS,TOR,0,1,1582.9219605867663,1602.871951641223,19.94999105445644,1535.3404523125869,0.5180983355149469,16.0,16.0,0.3799489622552249,1.379948962255225,28
2025-26,2025-12-22,0022500403,BOS,IND,1,1,1602.871951641223,1608.049750650487,5.177799009264167,1328.4289261875842,0.8558569753413765,8.0,8.0,0.197375320224904,1.197375320224904,29
2025-26,2025-12-26,0022500426,BOS,IND,0,1,1608.049750650487,1615.5364866028235,7.486735952336401,1304.2966530540527,0.824489739315908,18.0,18.0,0.4218990052500079,1.4218990052500078,30
2025-26,2025-12-28,0022500444,BOS,POR,0,0,1615.5364866028235,1590.5448768684628,-24.991609734360747,1412.0494052135627,0.725097493162363,6.0,-6.0,0.1488850336233179,1.1488850336233178,31
2025-26,2025-12-30,0022500459,BOS,UTA,0,1,1590.5448768684628,1604.819883213726,14.275006345263204,1472.1371359752536,0.6177794106457046,10.0,10.0,0.2449186624037091,1.2449186624037092,32
2025-26,2026-01-01,0022500474,BOS,SAC,0,1,1604.819883213726,1613.300037454538,8.480154240812146,1341.245473909337,0.7884787631552691,14.0,14.0,0.3363755443363322,1.3363755443363323,33
2025-26,2026-01-03,0022500493,BOS,LAC,0,1,1613.300037454538,1632.443602053876,19.14356459933795,1498.238474631882,0.6132208767105201,31.0,31.0,0.6498274636719203,1.6498274636719203,34
2025-26,2026-01-05,0022500503,BOS,CHI,1,1,1632.443602053876,1640.7623280615724,8.318726007696295,1434.6455543440145,0.7925052818435724,14.0,14.0,0.3363755443363322,1.3363755443363323,35
2025-26,2026-01-07,0022500520,BOS,DEN,1,0,1640.7623280615724,1619.555957322485,-21.206370739087443,1573.6880035826707,0.6428113104058564,4.0,-4.0,0.0996679946249558,1.099667994624956,36
2025-26,2026-01-09,0022500532,BOS,TOR,1,1,1619.555957322485,1632.2661698826464,12.710212560161452,1549.9391900097737,0.6461646195231394,8.0,8.0,0.197375320224904,1.197375320224904,37
2025-26,2026-01-10,0022500545,BOS,SAS,1,0,1632.2661698826464,1613.7425605941949,-18.523609288451652,1632.9931237213566,0.5491635117934425,5.0,-5.0,0.1243530017715962,1.124353001771596,38
2025-26,2026-01-12,0022500559,BOS,IND,0,0,1613.7425605941949,1587.9767014325384,-25.765859161656447,1317.674215934214,0.8179962106494639,2.0,-2.0,0.0499583749578799,1.04995837495788,39
2025-26,2026-01-15,0022500580,BOS,MIA,0,1,1587.9767014325384,1602.1961415654998,14.219440132961394,1498.0165538828912,0.5784408126108551,5.0,5.0,0.1243530017715962,1.124353001771596,40
2025-26,2026-01-17,0022500594,BOS,ATL,0,1,1602.1961415654998,1619.1331399250817,16.93699835958189,1466.6526009185022,0.6407855184811189,26.0,26.0,0.5716699660851172,1.5716699660851172,41
2025-26,2026-01-19,0022500017,BOS,DET,0,0,1619.1331399250817,1606.544692598664,-12.588447326417574,1647.8039687761657,0.4093824805347219,1.0,-1.0,0.0249947929684206,1.0249947929684209,42
2025-26,2026-01-21,0022500621,BOS,IND,1,1,1606.544692598664,1612.4365178256696,5.891825227005476,1332.719179774583,0.85541789335269,15.0,15.0,0.3583573983507859,1.358357398350786,43
2025-26,2026-01-23,0022500637,BOS,BKN,0,1,1612.4365178256696,1618.9593066610348,6.522788835365219,1334.12631107674,0.8022800558214594,4.0,4.0,0.0996679946249558,1.099667994624956,44
2025-26,2026-01-24,0022500647,BOS,CHI,0,0,1618.9593066610348,1598.7385718480523,-20.2207348129824,1493.6753748928095,0.6270813759282033,3.0,-3.0,0.074859690687499,1.0748596906874992,45
2025-26,2026-01-26,0022500660,BOS,POR,1,1,1598.7385718480523,1612.0168688925796,13.278297044527028,1541.0222244013196,0.630349904488512,8.0,8.0,0.197375320224904,1.197375320224904,46
2025-26,2026-01-28,0022500673,BOS,ATL,1,0,1612.0168688925796,1584.7872575992335,-27.229611293345936,1486.6675000164507,0.7156621727629372,11.0,-11.0,0.2682711820216014,1.2682711820216013,47
2025-26,2026-01-30,0022500689,BOS,SAC,1,1,1584.7872575992335,1591.4122254339177,6.624967834683998,1322.6693700254175,0.846881422076286,19.0,19.0,0.4422303560457261,1.442230356045726,48
2025-26,2026-02-01,0022500702,BOS,MIL,1,1,1591.4122254339177,1601.1089119696974,9.696686535779625,1387.173766288514,0.7985356667367278,28.0,28.0,0.6043677771171634,1.6043677771171634,49
2025-26,2026-02-03,0022500721,BOS,DAL,0,1,1601.1089119696974,1613.0375324484437,11.928620478746437,1434.6820302279027,0.680605091213631,10.0,10.0,0.2449186624037091,1.2449186624037092,50
2025-26,2026-02-04,0022500728,BOS,HOU,0,1,1613.0375324484437,1637.1620943277433,24.124561879299662,1607.8353082931724,0.4572223873060904,21.0,21.0,0.4815497983643079,1.481549798364308,51
2025-26,2026-02-06,0022500741,BOS,MIA,1,1,1637.1620943277433,1645.7222672651822,8.560172937438844,1500.928510711779,0.7282377047317949,2.0,2.0,0.0499583749578799,1.04995837495788,52
2025-26,2026-02-08,0022500757,BOS,NYK,1,0,1645.7222672651822,1617.7646054616362,-27.95766180354604,1594.8926075982758,0.6210659830959468,22.0,-22.0,0.5005202111902353,1.5005202111902354,53
2025-26,2026-02-11,0022500778,BOS,CHI,1,1,1617.7646054616362,1625.3353156637693,7.57071020213305,1383.3704575267634,0.8250230931002763,19.0,19.0,0.4422303560457261,1.442230356045726,54
2025-26,2026-02-19,0022500799,BOS,GSW,0,1,1625.3353156637693,1640.4131978718583,15.07788220808923,1517.2051407669392,0.6037156085169062,11.0,11.0,0.2682711820216014,1.2682711820216013,55
2025-26,2026-02-22,0022500823,BOS,LAL,0,1,1640.4131978718583,1659.891765822897,19.47856795103846,1558.3677960546377,0.5672930004368781,22.0,22.0,0.5005202111902353,1.5005202111902354,56
2025-26,2026-02-24,0022500839,BOS,PHX,0,1,1659.891765822897,1674.8072155039024,14.91544968100531,1525.1593082741451,0.639710112741434,16.0,16.0,0.3799489622552249,1.379948962255225,57
2025-26,2026-02-25,0022500847,BOS,DEN,0,0,1674.8072155039024,1647.1584526157608,-27.648762888141665,1540.5887451569913,0.6390278957458734,19.0,-19.0,0.4422303560457261,1.442230356045726,58
2025-26,2026-02-27,0022500859,BOS,BKN,1,1,1647.1584526157608,1651.9658418576162,4.8073892418554705,1285.9343672855016,0.9072785082731426,37.0,37.0,0.7282542059818115,1.7282542059818111,59
2025-26,2026-03-01,0022500874,BOS,PHI,1,1,1651.9658418576162,1664.2820142949358,12.31617243731958,1537.7046674458936,0.702496909325509,16.0,16.0,0.3799489622552249,1.379948962255225,60
2025-26,2026-03-02,0022500880,BOS,MIL,0,1,1664.2820142949358,1677.2152115416668,12.933197246730971,1457.7596064240774,0.7285666221340295,27.0,27.0,0.5882592563981054,1.5882592563981053,61
2025-26,2026-03-04,0022500894,BOS,CHA,1,0,1677.2152115416668,1647.210161008867,-30.0050505327998,1629.0945897217152,0.6173890646757934,29.0,-29.0,0.619996867969374,1.619996867969374,62
2025-26,2026-03-06,0022500908,BOS,DAL,1,1,1647.210161008867,1652.387496278171,5.177335269303918,1332.8303400336763,0.8819671587511226,20.0,20.0,0.4621171572600097,1.4621171572600098,63
2025-26,2026-03-08,0022500921,BOS,CLE,0,1,1652.387496278171,1673.9252757987515,21.537779520580745,1663.565292554266,0.4339333778167243,11.0,11.0,0.2682711820216014,1.2682711820216013,64
2025-26,2026-03-10,0022500942,BOS,SAS,0,0,1673.9252757987515,1661.8449540817048,-12.080321717046983,1762.171302293486,0.329717915408067,9.0,-9.0,0.2212784678984439,1.221278467898444,65
2025-26,2026-03-12,0022500959,BOS,OKC,0,0,1661.8449540817048,1649.9684203913123,-11.876533690392634,1714.068306690294,0.3770477628337432,2.0,-2.0,0.0499583749578799,1.04995837495788,66
2025-26,2026-03-14,0022500971,BOS,WAS,1,1,1649.9684203913123,1652.969881059439,3.001460668126737,1258.0427555796475,0.9211141194755508,11.0,11.0,0.2682711820216014,1.2682711820216013,67
2025-26,2026-03-16,0022500986,BOS,PHX,1,1,1652.969881059439,1663.9673371225454,10.997456063106204,1545.8410475388384,0.6938454780399588,8.0,8.0,0.197375320224904,1.197375320224904,68
2025-26,2026-03-18,0022500999,BOS,GSW,1,1,1663.9673371225454,1671.721931315245,7.754594192699593,1428.9628880176597,0.8255296761706112,21.0,21.0,0.4815497983643079,1.481549798364308,69
2025-26,2026-03-20,0022501019,BOS,MEM,0,1,1671.721931315245,1676.063219213628,4.341287898383138,1304.4936567921372,0.8712952281136277,5.0,5.0,0.1243530017715962,1.124353001771596,70
2025-26,2026-03-22,0022501035,BOS,MIN,1,0,1676.063219213628,1649.3969960431953,-26.666223170432843,1552.128857567848,0.714001751700663,10.0,-10.0,0.2449186624037091,1.2449186624037092,71
2025-26,2026-03-25,0022501054,BOS,OKC,1,1,1649.3969960431953,1672.258821892814,22.86182584961885,1763.6651582322345,0.3878629305929416,10.0,10.0,0.2449186624037091,1.2449186624037092,72
2025-26,2026-03-27,0022501067,BOS,ATL,1,1,1672.258821892814,1685.3817787960422,13.122956903228324,1616.9183177227294,0.6271575277529117,7.0,7.0,0.1732351578346601,1.17323515783466,73
2025-26,2026-03-29,0022501085,BOS,CHA,0,1,1685.3817787960422,1705.9541388163868,20.572360020344703,1653.7410621728193,0.4951657532516332,15.0,15.0,0.3583573983507859,1.358357398350786,74
2025-26,2026-03-30,0022501092,BOS,ATL,0,0,1705.9541388163868,1683.972910086591,-21.98122872979598,1608.761427826083,0.5885586315428905,10.0,-10.0,0.2449186624037091,1.2449186624037092,75
2025-26,2026-04-01,0022501106,BOS,MIA,0,1,1683.972910086591,1697.6968062610665,13.723896174475495,1519.4060485982784,0.6782730671258781,18.0,18.0,0.4218990052500079,1.4218990052500078,76
2025-26,2026-04-03,0022501126,BOS,MIL,0,1,1697.6968062610665,1704.808560565199,7.1117543041328215,1350.872055333454,0.8575401210838209,32.0,32.0,0.664036770267849,1.664036770267849,77
2025-26,2026-04-05,0022501132,BOS,TOR,1,1,1704.808560565199,1713.583732975566,8.775172410366919,1518.8037890247049,0.7811200988734839,14.0,14.0,0.3363755443363322,1.3363755443363323,78
2025-26,2026-04-07,0022501149,BOS,CHA,1,1,1713.583732975566,1728.4654116726808,14.881678697114998,1671.7006564832875,0.6088723266740196,11.0,11.0,0.2682711820216014,1.2682711820216013,79
2025-26,2026-04-09,0022501168,BOS,NYK,0,0,1728.4654116726808,1708.8620527263763,-19.603358946304404,1645.3780507422832,0.5687647406715113,6.0,-6.0,0.1488850336233179,1.1488850336233178,80
2025-26,2026-04-10,0022501174,BOS,NOP,1,1,1708.8620527263763,1714.4150562380064,5.553003511629928,1394.0480291921208,0.8822271080770233,26.0,26.0,0.5716699660851172,1.5716699660851172,81
2025-26,2026-04-12,0022501186,BOS,ORL,1,1,1714.4150562380064,1723.3452024560474,8.93014621804115,1571.974702934171,0.7352508152401043,5.0,5.0,0.1243530017715962,1.124353001771596,82
2025-26,2025-10-22,0022500080,CHA,BKN,1,1,1500.0,1519.4614844072023,19.461484407202477,1500.0,0.550199353253537,19.0,19.0,0.4422303560457261,1.442230356045726,1
2025-26,2025-10-25,0022500102,CHA,PHI,0,0,1519.4614844072023,1504.5029444858335,-14.958539921368876,1516.918544165384,0.4534259429356377,4.0,-4.0,0.0996679946249558,1.099667994624956,2
2025-26,2025-10-26,0022500109,CHA,WAS,0,1,1504.5029444858335,1530.2958756043788,25.792931118544995,1502.28575935634,0.4529612519352526,26.0,26.0,0.5716699660851172,1.5716699660851172,3
2025-26,2025-10-28,0022500124,CHA,MIA,0,0,1530.2958756043788,1508.963508519793,-21.3323670845856,1531.7643165952782,0.4477095914631234,27.0,-27.0,0.5882592563981054,1.5882592563981053,4
2025-26,2025-10-30,0022500138,CHA,ORL,1,0,1508.963508519793,1482.4046671699846,-26.558841349808777,1442.84905867796,0.641541633694533,16.0,-16.0,0.3799489622552249,1.379948962255225,5
2025-26,2025-11-01,0022500143,CHA,MIN,1,0,1482.4046671699846,1458.6179132929622,-23.786753877022417,1471.349799368729,0.5658927944441844,17.0,-17.0,0.4011342849479459,1.401134284947946,6
2025-26,2025-11-02,0022500150,CHA,UTA,1,1,1458.6179132929622,1480.2673880251043,21.64947473214225,1476.2838171382418,0.524925092165313,23.0,23.0,0.5190218338982221,1.519021833898222,7
2025-26,2025-11-04,0022500168,CHA,NOP,0,0,1480.2673880251043,1461.6933074884075,-18.574080536696815,1401.2418773320785,0.5630208580372946,4.0,-4.0,0.0996679946249558,1.099667994624956,8
2025-26,2025-11-07,0022500033,CHA,MIA,0,0,1461.6933074884075,1446.0318871073189,-15.661420381088936,1521.277719297857,0.3671479789413792,18.0,-18.0,0.4218990052500079,1.4218990052500078,9
2025-26,2025-11-10,0022500198,CHA,LAL,1,0,1446.0318871073189,1431.3246073251005,-14.707279782218166,1555.971663543893,0.3937949315184204,10.0,-10.0,0.2449186624037091,1.2449186624037092,10
2025-26,2025-11-12,0022500213,CHA,MIL,1,1,1431.3246073251005,1454.0805448676988,22.75593754259829,1535.3745364850838,0.4019171434528239,11.0,11.0,0.2682711820216014,1.2682711820216013,11
2025-26,2025-11-14,0022500043,CHA,MIL,0,0,1454.0805448676988,1439.5521270725578,-14.528417795140932,1512.6185989424855,0.3685486158018974,13.0,-13.0,0.3140209253469976,1.3140209253469977,12
2025-26,2025-11-15,0022500229,CHA,OKC,1,0,1439.5521270725578,1429.615869510422,-9.936257562135683,1663.4997330466226,0.2520573143209721,13.0,-13.0,0.3140209253469976,1.3140209253469977,13
2025-26,2025-11-17,0022500245,CHA,TOR,0,0,1429.615869510422,1421.1250581602617,-8.490811350160557,1567.7872864929054,0.2695602528211709,2.0,-2.0,0.0499583749578799,1.04995837495788,14
2025-26,2025-11-19,0022500256,CHA,IND,0,0,1421.1250581602617,1399.755771775899,-21.369286384362766,1327.7340581401131,0.5832490827183388,9.0,-9.0,0.2212784678984439,1.221278467898444,15
2025-26,2025-11-22,0022500268,CHA,LAC,1,0,1399.755771775899,1377.1836615315997,-22.572110244299218,1397.15119197876,0.5539070024748163,15.0,-15.0,0.3583573983507859,1.358357398350786,16
2025-26,2025-11-23,0022500276,CHA,ATL,0,0,1377.1836615315997,1369.8472284618788,-7.336433069720591,1554.5346889325303,0.2275159921889612,3.0,-3.0,0.074859690687499,1.0748596906874992,17
2025-26,2025-11-26,0022500061,CHA,NYK,1,0,1369.8472284618788,1355.0354675361684,-14.811760925710445,1545.6827545992398,0.307738270010326,28.0,-28.0,0.6043677771171634,1.6043677771171634,18
2025-26,2025-11-28,0022500071,CHA,CHI,1,1,1355.0354675361684,1376.896252666794,21.86078513062555,1475.8880231510252,0.3789029992653778,7.0,7.0,0.1732351578346601,1.17323515783466,19
2025-26,2025-11-29,0022500294,CHA,TOR,1,1,1376.896252666794,1404.210867714869,27.314615048074938,1627.790023815266,0.2239516842049185,7.0,7.0,0.1732351578346601,1.17323515783466,20
2025-26,2025-12-01,0022500312,CHA,BKN,0,0,1404.210867714869,1382.7737131079873,-21.43715460688157,1338.693440028041,0.5438055105862842,13.0,-13.0,0.3140209253469976,1.3140209253469977,21
2025-26,2025-12-03,0022500328,CHA,NYK,0,0,1382.7737131079873,1374.0986002628622,-8.675112845125186,1574.9336248965178,0.2128824332402711,15.0,-15.0,0.3583573983507859,1.358357398350786,22
2025-26,2025-12-05,0022500344,CHA,TOR,0,1,1374.0986002628622,1411.0049050534749,36.90630479061278,1570.663575111633,0.2086643642082073,25.0,25.0,0.5545997223493823,1.5545997223493822,23
2025-26,2025-12-07,0022500359,CHA,DEN,1,0,1411.0049050534749,1400.7854755839562,-10.219429469518628,1611.0002987253788,0.2789270898799478,9.0,-9.0,0.2212784678984439,1.221278467898444,24
2025-26,2025-12-12,0022501209,CHA,CHI,1,0,1400.7854755839562,1381.1504226948234,-19.635052889132808,1358.8688442539933,0.6089183254722882,3.0,-3.0,0.074859690687499,1.0748596906874992,25
2025-26,2025-12-14,0022501218,CHA,CLE,0,1,1381.1504226948234,1407.4633641055384,26.312941410714934,1521.1592313629844,0.2674827748586924,8.0,8.0,0.197375320224904,1.197375320224904,26
2025-26,2025-12-18,0022500371,CHA,ATL,1,1,1407.4633641055384,1428.7484481953709,21.2850840898324,1516.3380511626283,0.3952595110566903,7.0,7.0,0.1732351578346601,1.17323515783466,27
2025-26,2025-12-20,0022500390,CHA,DET,0,0,1428.7484481953709,1419.7465896953695,-9.00185850000107,1644.6053800861278,0.1909191856274138,26.0,-26.0,0.5716699660851172,1.5716699660851172,28
2025-26,2025-12-22,0022500402,CHA,CLE,0,0,1419.7465896953695,1405.0546745844708,-14.69191511089899,1442.6603178925309,0.4174188784117983,7.0,-7.0,0.1732351578346601,1.17323515783466,29
2025-26,2025-12-23,0022500409,CHA,WAS,1,1,1405.0546745844708,1419.7801397113797,14.725465126908787,1332.762741405038,0.6496775199660024,17.0,17.0,0.4011342849479459,1.401134284947946,30
2025-26,2025-12-26,0022500424,CHA,ORL,0,1,1419.7801397113797,1449.789113219438,30.008973508058492,1563.2506047406348,0.263596518744058,15.0,15.0,0.3583573983507859,1.358357398350786,31
2025-26,2025-12-29,0022500447,CHA,MIL,1,0,1449.789113219438,1427.6762745344197,-22.11283868501862,1420.0651183499774,0.5920825553460334,10.0,-10.0,0.2449186624037091,1.2449186624037092,32
2025-26,2025-12-31,0022500462,CHA,GSW,1,0,1427.6762745344197,1413.4437193795636,-14.232555154855795,1529.956924462738,0.4043677876457893,7.0,-7.0,0.1732351578346601,1.17323515783466,33
2025-26,2026-01-02,0022500481,CHA,MIL,0,0,1413.4437193795636,1399.9801825873617,-13.463536792202204,1421.8609434244036,0.4378408191132149,1.0,-1.0,0.0249947929684206,1.0249947929684209,34
2025-26,2026-01-03,0022500489,CHA,CHI,0,1,1399.9801825873617,1424.929186359508,24.949003772146604,1459.5945581161611,0.3671079029034934,13.0,13.0,0.3140209253469976,1.3140209253469977,35
2025-26,2026-01-05,0022500506,CHA,OKC,0,1,1424.929186359508,1465.8197635409424,40.890577181434374,1702.6717601917676,0.1418156488681605,27.0,27.0,0.5882592563981054,1.5882592563981053,36
2025-26,2026-01-07,0022500516,CHA,TOR,1,0,1465.8197635409424,1452.001662796295,-13.818100744647287,1536.121089265126,0.4493714127278502,1.0,-1.0,0.0249947929684206,1.0249947929684209,37
2025-26,2026-01-08,0022500528,CHA,IND,1,0,1452.001662796295,1427.1443631830814,-24.8572996132136,1257.7252897264575,0.7891519069096674,2.0,-2.0,0.0499583749578799,1.04995837495788,38
2025-26,2026-01-10,0022500547,CHA,UTA,0,1,1427.1443631830814,1457.7853232000652,30.640960016983755,1422.328506577005,0.4566704823968371,55.0,55.0,0.8798266996519848,1.8798266996519848,39
2025-26,2026-01-12,0022500563,CHA,LAC,0,0,1457.7853232000652,1445.0246707959982,-12.76065240406702,1526.3361481319405,0.3552395585167669,8.0,-8.0,0.197375320224904,1.197375320224904,40
2025-26,2026-01-15,0022500586,CHA,LAL,0,1,1445.0246707959982,1472.6358617828696,27.611190986871396,1515.4928534654105,0.3527156081427266,18.0,18.0,0.4218990052500079,1.4218990052500078,41
2025-26,2026-01-17,0022500599,CHA,GSW,0,0,1472.6358617828696,1457.9785643973507,-14.657297385518785,1557.404427044271,0.3341569292797846,20.0,-20.0,0.4621171572600097,1.4621171572600098,42
2025-26,2026-01-18,0022500605,CHA,DEN,0,1,1457.9785643973507,1491.300527232812,33.321962835461335,1596.8349064087065,0.2687846417158218,23.0,23.0,0.5190218338982221,1.519021833898222,43
2025-26,2026-01-21,0022500620,CHA,CLE,1,0,1491.300527232812,1474.2272606145611,-17.073266618250845,1536.673468780965,0.4850765709454052,7.0,-7.0,0.1732351578346601,1.17323515783466,44
2025-26,2026-01-22,0022500627,CHA,ORL,0,1,1474.2272606145611,1501.9746965685722,27.747435954011017,1496.9721899182057,0.4176551919502664,27.0,27.0,0.5882592563981054,1.5882592563981053,45
2025-26,2026-01-24,0022500645,CHA,WAS,1,1,1501.9746965685722,1509.1221685611197,7.147471992547429,1313.7014154150847,0.7833445480065072,4.0,4.0,0.0996679946249558,1.099667994624956,46
2025-26,2026-01-26,0022500657,CHA,PHI,1,1,1509.1221685611197,1533.1487103083691,24.02654174724949,1518.6490529622358,0.5365932152016154,37.0,37.0,0.7282542059818115,1.7282542059818111,47
2025-26,2026-01-28,0022500676,CHA,MEM,0,1,1533.1487103083691,1548.5776689332863,15.428958624917366,1412.0857779708588,0.6213819562841112,15.0,15.0,0.3583573983507859,1.358357398350786,48
2025-26,2026-01-29,0022500683,CHA,DAL,0,1,1548.5776689332863,1561.7591567877546,13.18148785446809,1456.419206289717,0.5815234784903773,2.0,2.0,0.0499583749578799,1.04995837495788,49
2025-26,2026-01-31,0022500697,CHA,SAS,1,1,1561.7591567877546,1580.0305267449949,18.271369957240378,1625.7925691474868,0.4583145468712246,5.0,5.0,0.1243530017715962,1.124353001771596,50
2025-26,2026-02-02,0022500712,CHA,NOP,1,1,1580.0305267449949,1586.7743512848094,6.743824539814646,1364.9404006949972,0.8083980437970865,7.0,7.0,0.1732351578346601,1.17323515783466,51
2025-26,2026-02-05,0022500737,CHA,HOU,0,1,1586.7743512848094,1607.1598131610829,20.38546187627346,1583.7107464138728,0.4541688413893944,10.0,10.0,0.2449186624037091,1.2449186624037092,52
2025-26,2026-02-07,0022500751,CHA,ATL,0,1,1607.1598131610829,1621.365824337072,14.20601117598922,1504.335062021485,0.5963863657646706,7.0,7.0,0.1732351578346601,1.17323515783466,53
2025-26,2026-02-09,0022500761,CHA,DET,1,0,1621.365824337072,1604.1913359052871,-17.17448843178495,1657.5510198153331,0.4982943732156438,6.0,-6.0,0.1488850336233179,1.1488850336233178,54
2025-26,2026-02-11,0022500775,CHA,ATL,1,1,1604.1913359052871,1613.125700696476,8.934364791188663,1472.5892723993643,0.7229292694790677,3.0,3.0,0.074859690687499,1.0748596906874992,55
2025-26,2026-02-19,0022500792,CHA,HOU,1,0,1613.125700696476,1593.5162054486566,-19.60949524781929,1581.7286505678896,0.594406534325758,4.0,-4.0,0.0996679946249558,1.099667994624956,56
2025-26,2026-02-20,0022500802,CHA,CLE,1,0,1593.5162054486566,1578.2118707136187,-15.304334735037775,1660.7652568774347,0.4537227101845349,5.0,-5.0,0.1243530017715962,1.124353001771596,57
2025-26,2026-02-22,0022500822,CHA,WAS,0,1,1578.2118707136187,1589.2422373320026,11.03036661838392,1363.6826526322575,0.7375848330675001,17.0,17.0,0.4011342849479459,1.401134284947946,58
2025-26,2026-02-24,0022500836,CHA,CHI,0,1,1589.2422373320026,1601.0318955405646,11.789658208562082,1350.3294183754874,0.7638341808463688,32.0,32.0,0.664036770267849,1.664036770267849,59
2025-26,2026-02-26,0022500848,CHA,IND,0,1,1601.0318955405646,1609.699088185274,8.667192644709203,1311.8290151129452,0.8120383182862729,24.0,24.0,0.5370495669980352,1.5370495669980353,60
2025-26,2026-02-28,0022500863,CHA,POR,1,1,1609.699088185274,1622.2469784949733,12.54789030969948,1500.0655629089897,0.6968996522597789,16.0,16.0,0.3799489622552249,1.379948962255225,61
2025-26,2026-03-03,0022500883,CHA,DAL,1,1,1622.2469784949733,1629.0945897217152,6.847611226741862,1347.1978426033666,0.8562868709005974,27.0,27.0,0.5882592563981054,1.5882592563981053,62
2025-26,2026-03-04,0022500894,CHA,BOS,0,1,1629.0945897217152,1659.099640254515,30.0050505327998,1677.2152115416668,0.3826109353242066,29.0,29.0,0.619996867969374,1.619996867969374,63
2025-26,2026-03-06,0022500909,CHA,MIA,1,0,1659.099640254515,1633.5378147510423,-25.561825503472697,1537.197306798534,0.7116071591952582,8.0,-8.0,0.197375320224904,1.197375320224904,64
2025-26,2026-03-08,0022500928,CHA,PHX,0,0,1633.5378147510423,1609.8379112166435,-23.6999035343988,1519.532252014488,0.6117781061397135,12.0,-12.0,0.2913126124515909,1.2913126124515908,65
2025-26,2026-03-10,0022500944,CHA,POR,0,1,1609.8379112166435,1621.3037807405667,11.465869523923178,1477.9033386043302,0.6359897116752162,2.0,2.0,0.0499583749578799,1.04995837495788,66
2025-26,2026-03-11,0022500951,CHA,SAC,0,1,1621.3037807405667,1626.8470861155624,5.543305374995655,1290.7878929953547,0.8456817651807942,8.0,8.0,0.197375320224904,1.197375320224904,67
2025-26,2026-03-14,0022500973,CHA,SAS,0,0,1626.8470861155624,1615.3963861224445,-11.450699993117938,1746.990809493186,0.2904748260913758,13.0,-13.0,0.3140209253469976,1.3140209253469977,68
2025-26,2026-03-17,0022500991,CHA,MIA,1,1,1615.3963861224445,1634.984062059003,19.587675936558476,1579.4564035039273,0.6006953799130281,30.0,30.0,0.6351489523872873,1.6351489523872873,69
2025-26,2026-03-19,0022501008,CHA,ORL,1,1,1634.984062059003,1650.8401498530736,15.856087794070524,1574.89364938818,0.633528543074437,19.0,19.0,0.4422303560457261,1.442230356045726,70
2025-26,2026-03-21,0022501023,CHA,MEM,1,1,1650.8401498530736,1655.3038577974062,4.463707944332517,1300.152368893754,0.9020486332120404,23.0,23.0,0.5190218338982221,1.519021833898222,71
2025-26,2026-03-24,0022501047,CHA,SAC,1,1,1655.3038577974062,1661.2163210012147,5.912463203808503,1326.1441519594905,0.8905402866584738,44.0,44.0,0.8004990217606297,1.8004990217606296,72
2025-26,2026-03-26,0022501063,CHA,NYK,1,1,1661.2163210012147,1678.6338289935238,17.417507992309012,1666.8057536035456,0.5422244012371282,11.0,11.0,0.2682711820216014,1.2682711820216013,73
2025-26,2026-03-28,0022501077,CHA,PHI,1,0,1678.6338289935238,1653.7410621728193,-24.89276682070445,1518.540073717505,0.75455400910024,4.0,-4.0,0.0996679946249558,1.099667994624956,74
2025-26,2026-03-29,0022501085,CHA,BOS,1,0,1653.7410621728193,1633.168702152475,-20.572360020344703,1685.3817787960422,0.5048342467483667,15.0,-15.0,0.3583573983507859,1.358357398350786,75
2025-26,2026-03-31,0022501100,CHA,BKN,0,1,1633.168702152475,1639.362406637155,6.19370448468022,1260.3492447273702,0.8748615714660799,31.0,31.0,0.6498274636719203,1.6498274636719203,76
2025-26,2026-04-02,0022501114,CHA,PHX,1,1,1639.362406637155,1651.2696127212823,11.907206084127523,1502.8637119696753,0.7285396265955074,20.0,20.0,0.4621171572600097,1.4621171572600098,77
2025-26,2026-04-03,0022501120,CHA,IND,1,1,1651.2696127212823,1655.524970112118,4.25535739083584,1296.1919138908197,0.9042588737025258,21.0,21.0,0.4815497983643079,1.481549798364308,78
2025-26,2026-04-05,0022501137,CHA,MIN,0,1,1655.524970112118,1671.7006564832875,16.175686371169327,1552.5976904108234,0.5965284249694832,14.0,14.0,0.3363755443363322,1.3363755443363323,79
2025-26,2026-04-07,0022501149,CHA,BOS,0,0,1671.7006564832875,1656.8189777861726,-14.881678697114998,1713.583732975566,0.3911276733259804,11.0,-11.0,0.2682711820216014,1.2682711820216013,80
2025-26,2026-04-10,0022501171,CHA,DET,1,0,1656.8189777861726,1634.9851319873867,-21.833845798785863,1683.585239392963,0.5118470842671158,18.0,-18.0,0.4218990052500079,1.4218990052500078,81
2025-26,2026-04-12,0022501190,CHA,NYK,0,1,1634.9851319873867,1659.419463801159,24.434331813772435,1677.3026248028343,0.390532301659088,14.0,14.0,0.3363755443363322,1.3363755443363323,82
2025-26,2025-10-22,0022500084,CHI,DET,1,1,1500.0,1514.8389412556608,14.838941255660735,1500.0,0.550199353253537,4.0,4.0,0.0996679946249558,1.099667994624956,1
2025-26,2025-10-25,0022500100,CHI,ORL,0,1,1514.8389412556608,1535.0468799427877,20.207938687126983,1494.8840832750132,0.4783618236650513,12.0,12.0,0.2913126124515909,1.2913126124515908,2
2025-26,2025-10-27,0022500115,CHI,ATL,1,1,1535.0468799427877,1547.4048363541772,12.357956411389438,1474.8823270117998,0.633627624304303,5.0,5.0,0.1243530017715962,1.124353001771596,3
2025-26,2025-10-29,0022500132,CHI,SAC,1,1,1547.4048363541772,1560.940329742895,13.535493388717986,1469.774303270523,0.6566393241887523,13.0,13.0,0.3140209253469976,1.3140209253469977,4
2025-26,2025-10-31,0022500023,CHI,NYK,1,1,1560.940329742895,1574.4719896747868,13.53165993189169,1497.7339608898517,0.6376828907101839,10.0,10.0,0.2449186624037091,1.2449186624037092,5
2025-26,2025-11-02,0022500153,CHI,NYK,0,0,1574.4719896747868,1552.0467221947522,-22.42526748003466,1484.2023009579598,0.5788752535933108,12.0,-12.0,0.2913126124515909,1.2913126124515908,6
2025-26,2025-11-04,0022500167,CHI,PHI,1,1,1552.0467221947522,1566.5268313970437,14.480109202291432,1558.9854955022786,0.5402957695704742,2.0,2.0,0.0499583749578799,1.04995837495788,7
2025-26,2025-11-07,0022500035,CHI,MIL,0,0,1566.5268313970437,1545.1455430257129,-21.38128837133074,1520.0744451293915,0.5164753421118728,16.0,-16.0,0.3799489622552249,1.379948962255225,8
2025-26,2025-11-08,0022500186,CHI,CLE,0,0,1545.1455430257129,1529.827075852539,-15.318467173173442,1548.9095470409975,0.4444444461329183,6.0,-6.0,0.1488850336233179,1.1488850336233178,9
2025-26,2025-11-10,0022500202,CHI,SAS,1,0,1529.827075852539,1513.8753754708748,-15.951700381664589,1576.275188949748,0.4835308008003193,4.0,-4.0,0.0996679946249558,1.099667994624956,10
2025-26,2025-11-12,0022500214,CHI,DET,0,0,1513.8753754708748,1500.8465027825437,-13.028872688331058,1592.2224426936257,0.342431305255586,11.0,-11.0,0.2682711820216014,1.2682711820216013,11
2025-26,2025-11-16,0022500240,CHI,UTA,0,0,1500.8465027825437,1482.9203780902142,-17.926124692329584,1426.8250932670164,0.5559213866901307,3.0,-3.0,0.074859690687499,1.0748596906874992,12
2025-26,2025-11-17,0022500248,CHI,DEN,0,1,1482.9203780902142,1506.8311972396386,23.910819149424377,1630.9965108015158,0.2584824680968174,3.0,3.0,0.074859690687499,1.0748596906874992,13
2025-26,2025-11-19,0022500263,CHI,POR,0,1,1506.8311972396386,1522.000301590485,15.169104350846338,1467.1799468989952,0.5066932874551138,1.0,1.0,0.0249947929684206,1.0249947929684209,14
2025-26,2025-11-21,0022500051,CHI,MIA,1,0,1522.000301590485,1496.5075903729955,-25.49271121748935,1560.398005196654,0.4951104673249052,36.0,-36.0,0.7162978701990245,1.7162978701990244,15
2025-26,2025-11-22,0022500271,CHI,WAS,1,1,1496.5075903729955,1503.0553970971305,6.547806724134823,1304.405162316957,0.7870621142320751,1.0,1.0,0.0249947929684206,1.0249947929684209,16
2025-26,2025-11-24,0022500289,CHI,NOP,0,0,1503.0553970971305,1475.8880231510252,-27.16737394610506,1329.7369046733822,0.6891664463392744,13.0,-13.0,0.3140209253469976,1.3140209253469977,17
2025-26,2025-11-28,0022500071,CHI,CHA,0,0,1475.8880231510252,1454.0272380203996,-21.86078513062555,1355.0354675361684,0.6210970007346222,7.0,-7.0,0.1732351578346601,1.17323515783466,18
2025-26,2025-11-29,0022500295,CHI,IND,0,0,1454.0272380203996,1435.372801329871,-18.654436690528716,1354.1987555315134,0.5922278170083665,2.0,-2.0,0.0499583749578799,1.04995837495788,19
2025-26,2025-12-01,0022500314,CHI,ORL,0,0,1435.372801329871,1427.042547138811,-8.330254191059915,1594.0452835151596,0.2469643779706871,5.0,-5.0,0.1243530017715962,1.124353001771596,20
2025-26,2025-12-03,0022500329,CHI,BKN,1,0,1427.042547138811,1403.043129429768,-23.999417709042863,1360.1305946349228,0.6425966727471281,10.0,-10.0,0.2449186624037091,1.2449186624037092,21
2025-26,2025-12-05,0022500345,CHI,IND,1,0,1403.043129429768,1377.5388374934244,-25.5042919363436,1348.6650868846784,0.6258611066402449,15.0,-15.0,0.3583573983507859,1.358357398350786,22
2025-26,2025-12-07,0022500361,CHI,GSW,1,0,1377.5388374934244,1358.8688442539933,-18.669993239431,1502.0273515065785,0.3739899977575979,32.0,-32.0,0.664036770267849,1.664036770267849,23
2025-26,2025-12-12,0022501209,CHI,CHA,0,1,1358.8688442539933,1378.503897143126,19.635052889132808,1400.7854755839562,0.3910816745277118,3.0,3.0,0.074859690687499,1.0748596906874992,24
2025-26,2025-12-14,0022501223,CHI,NOP,1,0,1378.503897143126,1354.8606276108922,-23.643269532233944,1318.7635042835157,0.6330606233230567,10.0,-10.0,0.2449186624037091,1.2449186624037092,25
2025-26,2025-12-17,0022500367,CHI,CLE,1,1,1354.8606276108922,1381.630946841908,26.770319231015836,1494.8462899522694,0.3533500159970748,16.0,16.0,0.3799489622552249,1.379948962255225,26
2025-26,2025-12-19,0022500384,CHI,CLE,0,1,1381.630946841908,1407.046599670631,25.41565282872294,1468.0759707212535,0.332013184850818,11.0,11.0,0.2682711820216014,1.2682711820216013,27
2025-26,2025-12-21,0022500396,CHI,ATL,0,1,1407.046599670631,1427.4814755894113,20.434875918780445,1478.6324923095117,0.3512480619497509,2.0,2.0,0.0499583749578799,1.04995837495788,28
2025-26,2025-12-23,0022500411,CHI,ATL,0,1,1427.4814755894113,1446.6181016485311,19.136626059119813,1458.1976163907311,0.406538787498869,3.0,3.0,0.074859690687499,1.0748596906874992,29
2025-26,2025-12-26,0022500427,CHI,PHI,1,1,1446.6181016485311,1466.3735810143694,19.755479365838216,1524.4164883466128,0.438717826972863,7.0,7.0,0.1732351578346601,1.17323515783466,30
2025-26,2025-12-27,0022500437,CHI,MIL,1,0,1466.3735810143694,1442.6806309452495,-23.69295006911967,1396.3721682808575,0.6466707004693236,9.0,-9.0,0.2212784678984439,1.221278467898444,31
2025-26,2025-12-29,0022500452,CHI,MIN,1,0,1442.6806309452495,1423.499963096204,-19.18066784904564,1566.250070115262,0.3752294689864578,35.0,-35.0,0.703905603936621,1.703905603936621,32
2025-26,2025-12-31,0022500466,CHI,NOP,1,1,1423.499963096204,1438.5449459021586,15.044982805954518,1361.1214125168694,0.6365811775780755,16.0,16.0,0.3799489622552249,1.379948962255225,33
2025-26,2026-01-02,0022500480,CHI,ORL,1,1,1438.5449459021586,1459.5945581161611,21.04961221400255,1542.571410433538,0.4019496127598714,7.0,7.0,0.1732351578346601,1.17323515783466,34
2025-26,2026-01-03,0022500489,CHI,CHA,1,0,1459.5945581161611,1434.6455543440145,-24.949003772146604,1399.9801825873617,0.6328920970965066,13.0,-13.0,0.3140209253469976,1.3140209253469977,35
2025-26,2026-01-05,0022500503,CHI,BOS,0,0,1434.6455543440145,1426.3268283363182,-8.318726007696295,1632.443602053876,0.2074947181564276,14.0,-14.0,0.3363755443363322,1.3363755443363323,36
2025-26,2026-01-07,0022500517,CHI,DET,0,0,1426.3268283363182,1418.668953880752,-7.657874455566035,1645.577186630165,0.1879199702244206,15.0,-15.0,0.3583573983507859,1.358357398350786,37
2025-26,2026-01-10,0022500546,CHI,DAL,1,1,1418.668953880752,1438.2112136916785,19.54225981092637,1424.5034847800428,0.5418741711197151,18.0,18.0,0.4218990052500079,1.4218990052500078,38
2025-26,2026-01-13,0022500565,CHI,HOU,0,0,1438.2112136916785,1427.1603388009798,-11.050874890698598,1533.6552297615713,0.3206260727367035,6.0,-6.0,0.1488850336233179,1.1488850336233178,39
2025-26,2026-01-14,0022500573,CHI,UTA,1,1,1427.1603388009798,1440.9933947159666,13.833055914986778,1419.6752972745742,0.5608379581224922,2.0,2.0,0.0499583749578799,1.04995837495788,40
2025-26,2026-01-16,0022500587,CHI,BKN,0,0,1440.9933947159666,1422.6017694382176,-18.3916252777489,1356.7774986341146,0.570357397562135,3.0,-3.0,0.074859690687499,1.0748596906874992,41
2025-26,2026-01-18,0022500603,CHI,BKN,1,1,1422.6017694382176,1439.8673644780197,17.26559503980201,1375.1691239118636,0.6164531271434485,22.0,22.0,0.5005202111902353,1.5005202111902354,42
2025-26,2026-01-20,0022500614,CHI,LAC,1,1,1439.8673644780197,1470.6230976190886,30.755733141068863,1574.064871629417,0.3609999407090885,28.0,28.0,0.6043677771171634,1.6043677771171634,43
2025-26,2026-01-22,0022500631,CHI,MIN,0,1,1470.6230976190886,1493.6753748928095,23.05227727372107,1569.3075764131202,0.3165765188987635,5.0,5.0,0.1243530017715962,1.124353001771596,44
2025-26,2026-01-24,0022500647,CHI,BOS,1,1,1493.6753748928095,1513.896109705792,20.2207348129824,1618.9593066610348,0.3729186240717966,3.0,3.0,0.074859690687499,1.0748596906874992,45
2025-26,2026-01-26,0022500661,CHI,LAL,1,0,1513.896109705792,1493.300235312371,-20.595874393421056,1520.1246962591017,0.5413110036554276,11.0,-11.0,0.2682711820216014,1.2682711820216013,46
2025-26,2026-01-28,0022500672,CHI,IND,0,0,1493.300235312371,1472.07300510551,-21.227230206860845,1344.3928478471385,0.6582946093886151,3.0,-3.0,0.074859690687499,1.0748596906874992,47
2025-26,2026-01-29,0022500529,CHI,MIA,1,0,1472.07300510551,1456.059828131788,-16.013176973721908,1509.4373856647226,0.4965974353818403,3.0,-3.0,0.074859690687499,1.0748596906874992,48
2025-26,2026-01-31,0022500692,CHI,MIA,0,1,1456.059828131788,1478.7924468694098,22.73261873762173,1525.4505626384446,0.3541329264976629,7.0,7.0,0.1732351578346601,1.17323515783466,49
2025-26,2026-02-01,0022500705,CHI,MIA,0,0,1478.7924468694098,1456.4363806219983,-22.35606624741117,1502.7179439008228,0.4160032299228228,43.0,-43.0,0.7913375537619973,1.791337553761997,50
2025-26,2026-02-03,0022500722,CHI,MIL,0,0,1456.4363806219983,1433.1320611810054,-23.304319440993098,1377.4770797527342,0.5629270859145225,16.0,-16.0,0.3799489622552249,1.379948962255225,51
2025-26,2026-02-05,0022500736,CHI,TOR,0,0,1433.1320611810054,1419.7720867798837,-13.359974401121772,1526.9116869344307,0.3227166309901735,16.0,-16.0,0.3799489622552249,1.379948962255225,52
2025-26,2026-02-07,0022500752,CHI,DEN,1,0,1419.7720867798837,1403.6960256507866,-16.07606112909703,1533.702226197746,0.3883250170553221,16.0,-16.0,0.3799489622552249,1.379948962255225,53
2025-26,2026-02-09,0022500762,CHI,BKN,0,0,1403.6960256507866,1383.3704575267634,-20.325568124023143,1322.6808023738408,0.5658367314103143,8.0,-8.0,0.197375320224904,1.197375320224904,54
2025-26,2026-02-11,0022500778,CHI,BOS,0,0,1383.3704575267634,1375.7997473246303,-7.57071020213305,1617.7646054616362,0.1749769068997236,19.0,-19.0,0.4422303560457261,1.442230356045726,55
2025-26,2026-02-19,0022500797,CHI,TOR,1,0,1375.7997473246303,1363.680361996785,-12.119385327845364,1533.208389563288,0.3307841098871907,9.0,-9.0,0.2212784678984439,1.221278467898444,56
2025-26,2026-02-21,0022500814,CHI,DET,1,0,1363.680361996785,1357.7395872444297,-5.940774752355508,1709.027323182151,0.1435022819647525,16.0,-16.0,0.3799489622552249,1.379948962255225,57
2025-26,2026-02-22,0022500825,CHI,NYK,1,0,1357.7395872444297,1350.3294183754874,-7.410168868941923,1617.716234865015,0.2149959497563756,6.0,-6.0,0.1488850336233179,1.1488850336233178,58
2025-26,2026-02-24,0022500836,CHI,CHA,1,0,1350.3294183754874,1338.5397601669254,-11.789658208562082,1589.2422373320026,0.2361658191536312,32.0,-32.0,0.664036770267849,1.664036770267849,59
2025-26,2026-02-26,0022500853,CHI,POR,1,0,1338.5397601669254,1326.0251619198427,-12.514598247082608,1487.550964661907,0.3415709732609829,9.0,-9.0,0.2212784678984439,1.221278467898444,60
2025-26,2026-03-01,0022500870,CHI,MIL,1,1,1326.0251619198427,1356.8174821011644,30.79232018132167,1488.551926605399,0.3242949839129868,23.0,23.0,0.5190218338982221,1.519021833898222,61
2025-26,2026-03-03,0022500889,CHI,OKC,1,0,1356.8174821011644,1350.9666070866183,-5.85087501454594,1676.1847468075462,0.1628805637274191,8.0,-8.0,0.197375320224904,1.197375320224904,62
2025-26,2026-03-05,0022500905,CHI,PHX,0,1,1350.9666070866183,1375.466829984936,24.500222898317286,1533.6319307984577,0.2221843112177302,2.0,2.0,0.0499583749578799,1.04995837495788,63
2025-26,2026-03-08,0022500930,CHI,SAC,0,0,1375.466829984936,1349.5184542078282,-25.948375777107614,1250.395198730271,0.626795543092663,16.0,-16.0,0.3799489622552249,1.379948962255225,64
2025-26,2026-03-10,0022500943,CHI,GSW,0,1,1349.5184542078282,1373.671834751298,24.153380543469652,1462.3527452626772,0.2992225843144788,6.0,6.0,0.1488850336233179,1.1488850336233178,65
2025-26,2026-03-12,0022500960,CHI,LAL,0,0,1373.671834751298,1366.1081223084534,-7.563712442844521,1584.7041265730147,0.1952460973924461,12.0,-12.0,0.2913126124515909,1.2913126124515908,66
2025-26,2026-03-13,0022500968,CHI,LAC,0,0,1366.1081223084534,1359.753119656332,-6.355002652121247,1610.247896067794,0.1670253371205015,11.0,-11.0,0.2682711820216014,1.2682711820216013,67
2025-26,2026-03-16,0022500987,CHI,MEM,1,1,1359.753119656332,1376.354616275951,16.60149661961892,1291.752314740834,0.644034916063367,25.0,25.0,0.5545997223493823,1.5545997223493822,68
2025-26,2026-03-18,0022501002,CHI,TOR,1,0,1376.354616275951,1360.485906042432,-15.86871023351896,1539.5186628354963,0.3234916348212179,30.0,-30.0,0.6351489523872873,1.6351489523872873,69
2025-26,2026-03-19,0022501011,CHI,CLE,1,0,1360.485906042432,1353.1455896103582,-7.340316432073986,1617.7775504004107,0.2176160102894184,5.0,-5.0,0.1243530017715962,1.124353001771596,70
2025-26,2026-03-23,0022501042,CHI,HOU,1,1,1353.1455896103582,1379.9681125071595,26.82252289680152,1575.9530002734998,0.2532967053370415,8.0,8.0,0.197375320224904,1.197375320224904,71
2025-26,2026-03-25,0022501053,CHI,PHI,0,0,1379.9681125071595,1367.53666587076,-12.431446636399574,1506.1086270811054,0.2834120046325142,20.0,-20.0,0.4621171572600097,1.4621171572600098,72
2025-26,2026-03-27,0022501070,CHI,OKC,0,0,1367.53666587076,1363.8232864501726,-3.7133794205875192,1740.8033323826155,0.0870521138017255,18.0,-18.0,0.4218990052500079,1.4218990052500078,73
2025-26,2026-03-28,0022501079,CHI,MEM,0,0,1363.8232864501726,1346.1917959453167,-17.631490504856032,1277.459404413452,0.5733847178480007,1.0,-1.0,0.0249947929684206,1.0249947929684209,74
2025-26,2026-03-30,0022501094,CHI,SAS,0,0,1346.1917959453167,1343.8494378717614,-2.3423580735552836,1797.1008045608762,0.0574801613674279,15.0,-15.0,0.3583573983507859,1.358357398350786,75
2025-26,2026-04-01,0022501109,CHI,IND,1,0,1343.8494378717614,1315.531777358988,-28.31766051277352,1267.874253378046,0.6544876920220112,19.0,-19.0,0.4422303560457261,1.442230356045726,76
2025-26,2026-04-03,0022501123,CHI,NYK,0,0,1315.531777358988,1308.966041826516,-6.565735532472004,1619.7836050130666,0.1242385201735966,40.0,-40.0,0.7615941559557649,1.7615941559557649,77
2025-26,2026-04-05,0022501134,CHI,PHX,1,0,1308.966041826516,1297.7527309183083,-11.213310908207422,1490.9565058855478,0.3002421295154223,10.0,-10.0,0.2449186624037091,1.2449186624037092,78
2025-26,2026-04-07,0022501148,CHI,WAS,0,1,1297.7527309183083,1318.6614643048913,20.908733386582657,1208.421914990152,0.5775571719471932,31.0,31.0,0.6498274636719203,1.6498274636719203,79
2025-26,2026-04-09,0022501166,CHI,WAS,0,1,1318.6614643048913,1332.5512705684675,13.88980626357624,1187.5131816035691,0.6349412107738626,11.0,11.0,0.2682711820216014,1.2682711820216013,80
2025-26,2026-04-10,0022501177,CHI,ORL,1,0,1332.5512705684675,1321.1302667309456,-11.421003837521932,1560.553699096649,0.2476824014601764,24.0,-24.0,0.5370495669980352,1.5370495669980353,81
2025-26,2026-04-12,0022501193,CHI,DAL,0,0,1321.1302667309456,1299.9353968276102,-21.19486990333527,1302.219281583357,0.4768625828335364,21.0,-21.0,0.4815497983643079,1.481549798364308,82
2025-26,2025-10-22,0022500003,CLE,NYK,0,0,1500.0,1483.8425941969376,-16.157405803062453,1500.0,0.449800646746463,8.0,-8.0,0.197375320224904,1.197375320224904,1
2025-26,2025-10-24,0022500091,CLE,BKN,0,1,1483.8425941969376,1503.0421643117718,19.1995701148342,1480.5385155927977,0.454512024958713,7.0,7.0,0.1732351578346601,1.17323515783466,2
2025-26,2025-10-26,0022500107,CLE,MIL,1,1,1503.0421643117718,1519.857289990911,16.81512567913941,1537.0086414479315,0.5014873545750455,5.0,5.0,0.1243530017715962,1.124353001771596,3
2025-26,2025-10-27,0022500007,CLE,DET,0,1,1519.857289990911,1544.14021720996,24.282927219048897,1517.1507625105935,0.4536593314681187,21.0,21.0,0.4815497983643079,1.481549798364308,4
2025-26,2025-10-29,0022500128,CLE,BOS,0,0,1544.14021720996,1520.5425355125683,-23.597681697391582,1482.6982656987568,0.5379797275528262,20.0,-20.0,0.4621171572600097,1.4621171572600098,5
2025-26,2025-10-31,0022500022,CLE,TOR,1,0,1520.5425355125683,1495.8048868870735,-24.73764862549474,1447.876745003016,0.6501671718205506,11.0,-11.0,0.2682711820216014,1.2682711820216013,6
2025-26,2025-11-02,0022500151,CLE,ATL,1,1,1495.8048868870735,1512.213100370239,16.408213483165714,1500.6993776021302,0.5432172016572675,8.0,8.0,0.197375320224904,1.197375320224904,7
2025-26,2025-11-05,0022500171,CLE,PHI,1,1,1512.213100370239,1531.0889084082914,18.875808038052032,1544.505386299987,0.5038966348935897,11.0,11.0,0.2682711820216014,1.2682711820216013,8
2025-26,2025-11-07,0022500029,CLE,WAS,0,1,1531.0889084082914,1548.9095470409975,17.820638632706384,1391.6363345328266,0.6459484891053145,33.0,33.0,0.6777821008468294,1.6777821008468294,9
2025-26,2025-11-08,0022500186,CLE,CHI,1,1,1548.9095470409975,1564.2280142141713,15.318467173173442,1545.1455430257129,0.5555555538670817,6.0,6.0,0.1488850336233179,1.1488850336233178,10
2025-26,2025-11-10,0022500201,CLE,MIA,0,0,1564.2280142141713,1549.5299519124312,-14.698062301740052,1552.4548171387562,0.4666236507496365,2.0,-2.0,0.0499583749578799,1.04995837495788,11
2025-26,2025-11-12,0022500217,CLE,MIA,0,1,1549.5299519124312,1572.5887103045989,23.05875839216759,1567.1528794404962,0.424843351110086,14.0,14.0,0.3363755443363322,1.3363755443363323,12
2025-26,2025-11-13,0022500225,CLE,TOR,1,0,1572.5887103045989,1548.6870907828677,-23.901619521731057,1532.5633642611422,0.6063226508466568,13.0,-13.0,0.3140209253469976,1.3140209253469977,13
2025-26,2025-11-15,0022500228,CLE,MEM,1,1,1548.6870907828677,1558.286238835579,9.599148052711364,1408.451876675207,0.7327725097115373,8.0,8.0,0.197375320224904,1.197375320224904,14
2025-26,2025-11-17,0022500241,CLE,MIL,1,1,1558.286238835579,1572.8073701772223,14.521131341643434,1504.429338349795,0.6251583801468831,12.0,12.0,0.2913126124515909,1.2913126124515908,15
2025-26,2025-11-19,0022500255,CLE,HOU,1,0,1572.8073701772223,1554.0169017001351,-18.790468477087177,1605.6362896883563,0.503124395313405,10.0,-10.0,0.2449186624037091,1.2449186624037092,16
2025-26,2025-11-21,0022500048,CLE,IND,1,1,1554.0169017001351,1561.6584840594471,7.641582359311905,1349.103344524476,0.7991601357912703,11.0,11.0,0.2682711820216014,1.2682711820216013,17
2025-26,2025-11-23,0022500278,CLE,LAC,1,1,1561.6584840594471,1572.4702877194018,10.81180365995452,1419.7233022230591,0.7346843652713346,15.0,15.0,0.3583573983507859,1.358357398350786,18
2025-26,2025-11-24,0022500284,CLE,TOR,0,0,1572.4702877194018,1557.2739731540871,-15.196314565314584,1608.3433023732523,0.3993970895375843,11.0,-11.0,0.2682711820216014,1.2682711820216013,19
2025-26,2025-11-28,0022500069,CLE,ATL,0,0,1557.2739731540871,1539.9521824540172,-17.32179070006993,1527.7378446634216,0.492137504983493,7.0,-7.0,0.1732351578346601,1.17323515783466,20
2025-26,2025-11-30,0022500302,CLE,BOS,1,0,1539.9521824540172,1521.982729612802,-17.96945284121537,1525.648351471975,0.5704814358929937,2.0,-2.0,0.0499583749578799,1.04995837495788,21
2025-26,2025-12-01,0022500310,CLE,IND,0,1,1521.982729612802,1536.1169034663303,14.134173853528353,1372.853192222042,0.6585822075035506,16.0,16.0,0.3799489622552249,1.379948962255225,22
2025-26,2025-12-03,0022500324,CLE,POR,1,0,1536.1169034663303,1510.2991015929992,-25.817801873331117,1450.8753992308405,0.6664485326630899,12.0,-12.0,0.2913126124515909,1.2913126124515908,23
2025-26,2025-12-05,0022500341,CLE,SAS,1,1,1510.2991015929992,1533.657566373241,23.358464780241743,1610.3552085329804,0.4074557888268686,13.0,13.0,0.3140209253469976,1.3140209253469977,24
2025-26,2025-12-06,0022500352,CLE,GSW,1,0,1533.657566373241,1512.6249843817109,-21.03258199153013,1480.9947695150483,0.6235462219424552,5.0,-5.0,0.1243530017715962,1.124353001771596,25
2025-26,2025-12-12,0022501212,CLE,WAS,0,1,1512.6249843817109,1521.1592313629844,8.534246981273593,1294.738368370255,0.7413083760132464,4.0,4.0,0.0996679946249558,1.099667994624956,26
2025-26,2025-12-14,0022501218,CLE,CHA,1,0,1521.1592313629844,1494.8462899522694,-26.312941410714934,1381.1504226948234,0.7325172251413076,8.0,-8.0,0.197375320224904,1.197375320224904,27
2025-26,2025-12-17,0022500367,CLE,CHI,0,0,1494.8462899522694,1468.0759707212535,-26.770319231015836,1354.8606276108922,0.6466499840029252,16.0,-16.0,0.3799489622552249,1.379948962255225,28
2025-26,2025-12-19,0022500384,CLE,CHI,1,0,1468.0759707212535,1442.6603178925309,-25.41565282872294,1381.630946841908,0.667986815149182,11.0,-11.0,0.2682711820216014,1.2682711820216013,29
2025-26,2025-12-22,0022500402,CLE,CHA,1,1,1442.6603178925309,1457.3522330034295,14.69191511089899,1419.7465896953695,0.5825811215882016,7.0,7.0,0.1732351578346601,1.17323515783466,30
2025-26,2025-12-23,0022500412,CLE,NOP,1,1,1457.3522330034295,1474.630620742951,17.2783877395211,1406.6864183813937,0.6208439897759715,23.0,23.0,0.5190218338982221,1.519021833898222,31
2025-26,2025-12-25,0022500009,CLE,NYK,0,0,1474.630620742951,1466.339015631087,-8.291605111863719,1618.4238713135933,0.2632359945442708,2.0,-2.0,0.0499583749578799,1.04995837495788,32
2025-26,2025-12-27,0022500438,CLE,HOU,0,0,1466.339015631087,1453.7775664478236,-12.561449183263344,1579.490375667824,0.2988400021850872,17.0,-17.0,0.4011342849479459,1.401134284947946,33
2025-26,2025-12-29,0022500456,CLE,SAS,0,1,1453.7775664478236,1485.4780614518145,31.700495003990767,1680.2024762671638,0.1816984077979757,12.0,12.0,0.2913126124515909,1.2913126124515908,34
2025-26,2025-12-31,0022500465,CLE,PHX,1,1,1485.4780614518145,1510.5912368538852,25.11317540207099,1595.7204778088849,0.3933791251470394,16.0,16.0,0.3799489622552249,1.379948962255225,35
2025-26,2026-01-02,0022500478,CLE,DEN,1,1,1510.5912368538852,1530.2339384050042,19.64270155111899,1603.333361777379,0.4176591183205274,5.0,5.0,0.1243530017715962,1.124353001771596,36
2025-26,2026-01-04,0022500494,CLE,DET,1,0,1530.2339384050042,1515.980924336024,-14.25301406898016,1612.7515145115233,0.4320399168551225,4.0,-4.0,0.0996679946249558,1.099667994624956,37
2025-26,2026-01-06,0022500510,CLE,IND,0,1,1515.980924336024,1523.3699974161204,7.389073080096359,1265.1143628065538,0.7760210925414684,4.0,4.0,0.0996679946249558,1.099667994624956,38
2025-26,2026-01-08,0022500530,CLE,MIN,0,0,1523.3699974161204,1511.0552249707416,-12.314772445378711,1606.6104505757005,0.3361169672894715,9.0,-9.0,0.2212784678984439,1.221278467898444,39
2025-26,2026-01-10,0022500542,CLE,MIN,1,1,1511.0552249707416,1534.4289093455682,23.37368437482661,1618.925223021079,0.3966427610313237,12.0,12.0,0.2913126124515909,1.2913126124515908,40
2025-26,2026-01-12,0022500558,CLE,UTA,1,0,1534.4289093455682,1506.4411586310152,-27.987750714552853,1391.6875465600212,0.7355879697048409,11.0,-11.0,0.2682711820216014,1.2682711820216013,41
2025-26,2026-01-14,0022500572,CLE,PHI,0,1,1506.4411586310152,1536.849886551459,30.40872792044368,1575.1240508045105,0.3550654489252394,26.0,26.0,0.5716699660851172,1.5716699660851172,42
2025-26,2026-01-16,0022500589,CLE,PHI,0,1,1536.849886551459,1554.5325677546668,17.682681203208052,1544.7153228840666,0.438622786548803,2.0,2.0,0.0499583749578799,1.04995837495788,43
2025-26,2026-01-19,0022500015,CLE,OKC,1,0,1554.5325677546668,1536.673468780965,-17.85909897370158,1691.1850164256966,0.3577464811835642,32.0,-32.0,0.664036770267849,1.664036770267849,44
2025-26,2026-01-21,0022500620,CLE,CHA,0,1,1536.673468780965,1553.7467353992165,17.073266618250845,1491.300527232812,0.5149234290545948,7.0,7.0,0.1732351578346601,1.17323515783466,45
2025-26,2026-01-23,0022500638,CLE,SAC,1,1,1553.7467353992165,1560.614923997221,6.868188598004741,1351.82568617242,0.7963810123931179,5.0,5.0,0.1243530017715962,1.124353001771596,46
2025-26,2026-01-24,0022500646,CLE,ORL,0,1,1560.614923997221,1577.4353421410196,16.82041814379852,1469.2247539641946,0.580446823372746,14.0,14.0,0.3363755443363322,1.3363755443363323,47
2025-26,2026-01-26,0022500658,CLE,ORL,1,1,1577.4353421410196,1589.2219374139922,11.786595272972583,1452.4043358203962,0.7152891013758951,16.0,16.0,0.3799489622552249,1.379948962255225,48
2025-26,2026-01-28,0022500671,CLE,LAL,1,1,1589.2219374139922,1607.9653229239314,18.743385509939177,1540.7205706525226,0.6179066646584056,30.0,30.0,0.6351489523872873,1.6351489523872873,49
2025-26,2026-01-30,0022500693,CLE,PHX,0,0,1607.9653229239314,1590.140474790329,-17.824848133601925,1606.3025424039931,0.4521705803859215,13.0,-13.0,0.3140209253469976,1.3140209253469977,50
2025-26,2026-02-01,0022500710,CLE,POR,0,1,1590.140474790329,1607.45928407692,17.318809286590785,1484.9054521969574,0.5997216114149961,19.0,19.0,0.4422303560457261,1.442230356045726,51
2025-26,2026-02-04,0022500732,CLE,LAC,0,1,1607.45928407692,1631.8954783789438,24.436194302023782,1562.3711266570176,0.5145139469205593,33.0,33.0,0.6777821008468294,1.6777821008468294,52
2025-26,2026-02-07,0022500756,CLE,SAC,0,1,1631.8954783789438,1636.7102075226069,4.814729143663086,1281.1036696445965,0.8603071963177336,6.0,6.0,0.1488850336233179,1.1488850336233178,53
2025-26,2026-02-09,0022500767,CLE,DEN,0,1,1636.7102075226069,1650.1228675479067,13.412660025299765,1549.7782873268432,0.5741843884735646,2.0,2.0,0.0499583749578799,1.04995837495788,54
2025-26,2026-02-11,0022500776,CLE,WAS,1,1,1650.1228675479067,1655.525212699123,5.402345151216101,1332.046675282931,0.8841642841444349,25.0,25.0,0.5545997223493823,1.5545997223493822,55
2025-26,2026-02-19,0022500793,CLE,BKN,1,1,1655.525212699123,1660.7652568774347,5.240044178311904,1325.3127673433391,0.8911296139399415,28.0,28.0,0.6043677771171634,1.6043677771171634,56
2025-26,2026-02-20,0022500802,CLE,CHA,0,1,1660.7652568774347,1676.0695916124723,15.304334735037775,1593.5162054486566,0.5462772898154651,5.0,5.0,0.1243530017715962,1.124353001771596,57
2025-26,2026-02-22,0022500817,CLE,OKC,0,0,1676.0695916124723,1658.0579207846877,-18.011670827784847,1640.0822367070598,0.5014209141040727,8.0,-8.0,0.197375320224904,1.197375320224904,58
2025-26,2026-02-24,0022500835,CLE,NYK,1,1,1658.0579207846877,1674.4994395166957,16.44151873200803,1625.126403733957,0.5965342957121086,15.0,15.0,0.3583573983507859,1.358357398350786,59
2025-26,2026-02-25,0022500846,CLE,MIL,0,0,1674.4994395166957,1652.213674557624,-22.28576495907161,1486.048591127357,0.7075126497265705,2.0,-2.0,0.0499583749578799,1.04995837495788,60
2025-26,2026-02-27,0022500858,CLE,DET,0,0,1652.213674557624,1640.233978416508,-11.979696141116026,1708.5433795924694,0.3715119360820512,3.0,-3.0,0.074859690687499,1.0748596906874992,61
2025-26,2026-03-01,0022500869,CLE,BKN,0,1,1640.233978416508,1644.6559273089642,4.421948892456205,1281.1269780436462,0.8659610926791796,4.0,4.0,0.0996679946249558,1.099667994624956,62
2025-26,2026-03-03,0022500884,CLE,DET,1,1,1644.6559273089642,1663.565292554266,18.90936524530188,1730.8773227416498,0.426815931786425,4.0,4.0,0.0996679946249558,1.099667994624956,63
2025-26,2026-03-08,0022500921,CLE,BOS,1,0,1663.565292554266,1642.0275130336854,-21.537779520580745,1652.387496278171,0.5660666221832756,11.0,-11.0,0.2682711820216014,1.2682711820216013,64
2025-26,2026-03-09,0022500931,CLE,PHI,1,1,1642.0275130336854,1652.676122728083,10.64860969439802,1500.3538789758306,0.7343907870925532,14.0,14.0,0.3363755443363322,1.3363755443363323,65
2025-26,2026-03-11,0022500947,CLE,ORL,0,0,1652.676122728083,1632.752265113783,-19.92385761429996,1562.9846901427966,0.5780635726873593,6.0,-6.0,0.1488850336233179,1.1488850336233178,66
2025-26,2026-03-13,0022500965,CLE,DAL,0,1,1632.752265113783,1641.6546877846424,8.902422670859158,1330.62521357704,0.8231311311449835,33.0,33.0,0.6777821008468294,1.6777821008468294,67
2025-26,2026-03-15,0022500977,CLE,DAL,1,0,1641.6546877846424,1608.5926162627811,-33.06207152186129,1321.7227909061808,0.8852538595580348,10.0,-10.0,0.2449186624037091,1.2449186624037092,68
2025-26,2026-03-17,0022500995,CLE,MIL,0,1,1608.5926162627811,1617.7775504004107,9.18493413762955,1392.7527313197431,0.739042536178868,7.0,7.0,0.1732351578346601,1.17323515783466,69
2025-26,2026-03-19,0022501011,CLE,CHI,0,1,1617.7775504004107,1625.1178668324849,7.340316432073986,1360.485906042432,0.7823839897105815,5.0,5.0,0.1243530017715962,1.124353001771596,70
2025-26,2026-03-21,0022501025,CLE,NOP,0,1,1625.1178668324849,1637.4773502626656,12.359483430180893,1494.9871902511145,0.6335823532672696,5.0,5.0,0.1243530017715962,1.124353001771596,71
2025-26,2026-03-24,0022501049,CLE,ORL,1,1,1637.4773502626656,1647.3123572183931,9.83500695572786,1518.2601657882,0.7084246987606428,5.0,5.0,0.1243530017715962,1.124353001771596,72
2025-26,2026-03-25,0022501055,CLE,MIA,1,0,1647.3123572183931,1617.1654184655974,-30.14693875279583,1520.6452871289964,0.7172031754714081,17.0,-17.0,0.4011342849479459,1.401134284947946,73
2025-26,2026-03-27,0022501068,CLE,MIA,1,1,1617.1654184655974,1633.0824154209904,15.916996955393028,1550.7922258817923,0.6418840826237937,21.0,21.0,0.4815497983643079,1.481549798364308,74
2025-26,2026-03-30,0022501096,CLE,UTA,0,1,1633.0824154209904,1637.2974844470923,4.215069026101907,1243.661486276728,0.8849547383637757,9.0,9.0,0.2212784678984439,1.221278467898444,75
2025-26,2026-03-31,0022501103,CLE,LAL,0,0,1637.2974844470923,1620.7225090939587,-16.574975353133595,1663.0638580366665,0.4134310754034094,14.0,-14.0,0.3363755443363322,1.3363755443363323,76
2025-26,2026-04-02,0022501117,CLE,GSW,0,1,1620.7225090939587,1630.4757369519552,9.753227857996643,1419.1488845093577,0.722896477236006,7.0,7.0,0.1732351578346601,1.17323515783466,77
2025-26,2026-04-05,0022501136,CLE,IND,1,1,1630.4757369519552,1634.29735620389,3.821619251934552,1291.9365564999837,0.8956934788042039,9.0,9.0,0.2212784678984439,1.221278467898444,78
2025-26,2026-04-06,0022501145,CLE,MEM,0,1,1634.29735620389,1639.193607289856,4.896251085966093,1250.315127802637,0.8817286914253157,16.0,16.0,0.3799489622552249,1.379948962255225,79
2025-26,2026-04-08,0022501158,CLE,ATL,1,1,1639.193607289856,1654.5219000055413,15.32829271568538,1635.6301567676398,0.5552704791432006,6.0,6.0,0.1488850336233179,1.1488850336233178,80
2025-26,2026-04-10,0022501173,CLE,ATL,0,0,1654.5219000055413,1632.0646249023864,-22.457275103154885,1620.3018640519545,0.4988775433941325,22.0,-22.0,0.5005202111902353,1.5005202111902354,81
2025-26,2026-04-12,0022501187,CLE,WAS,1,1,1632.0646249023864,1634.1457535154188,2.081128613032349,1165.5167977178887,0.94720711639396,13.0,13.0,0.3140209253469976,1.3140209253469977,82
2025-26,2025-10-22,0022500004,DAL,SAS,1,0,1500.0,1472.3065611964114,-27.69343880358858,1500.0,0.550199353253537,33.0,-33.0,0.6777821008468294,1.6777821008468294,1
2025-26,2025-10-24,0022500096,DAL,WAS,1,0,1472.3065611964114,1452.2893779782871,-20.017183218124117,1482.268576138216,0.5359703093500265,10.0,-10.0,0.2449186624037091,1.2449186624037092,2
2025-26,2025-10-26,0022500111,DAL,TOR,1,1,1452.2893779782871,1471.906540138155,19.61716215986757,1504.856459843013,0.4747404588936375,10.0,10.0,0.2449186624037091,1.2449186624037092,3
2025-26,2025-10-27,0022500119,DAL,OKC,1,0,1471.906540138155,1456.6317602862466,-15.274779851908194,1553.0521275068177,0.4339789214437212,7.0,-7.0,0.1732351578346601,1.17323515783466,4
2025-26,2025-10-29,0022500133,DAL,IND,1,1,1456.6317602862466,1470.4059654511204,13.774205164873855,1447.8283304883228,0.5627063099707351,2.0,2.0,0.0499583749578799,1.04995837495788,5
2025-26,2025-11-01,0022500147,DAL,DET,0,0,1470.4059654511204,1455.1507209101244,-15.255244540995966,1510.348114624432,0.3937916709425738,12.0,-12.0,0.2913126124515909,1.2913126124515908,6
2025-26,2025-11-03,0022500160,DAL,HOU,0,0,1455.1507209101244,1443.0536250331168,-12.09709587700771,1537.8853378534452,0.336767029036351,8.0,-8.0,0.197375320224904,1.197375320224904,7
2025-26,2025-11-05,0022500177,DAL,NOP,1,0,1443.0536250331168,1424.68876570534,-18.364859327776653,1419.8159578687753,0.5830345204085947,2.0,-2.0,0.0499583749578799,1.04995837495788,8
2025-26,2025-11-07,0022500034,DAL,MEM,0,0,1424.68876570534,1407.2164927980518,-17.47227290728823,1434.5383136182706,0.4358124476146727,14.0,-14.0,0.3363755443363322,1.3363755443363323,9
2025-26,2025-11-08,0022500183,DAL,WAS,0,1,1407.2164927980518,1424.5290903815603,17.312597583508612,1373.8156959001203,0.4976985779882987,6.0,6.0,0.1488850336233179,1.1488850336233178,10
2025-26,2025-11-10,0022500203,DAL,MIL,1,0,1424.5290903815603,1411.6010075230874,-12.928082858473172,1522.4464536266107,0.4104315995381498,2.0,-2.0,0.0499583749578799,1.04995837495788,11
2025-26,2025-11-12,0022500221,DAL,PHX,1,0,1411.6010075230874,1397.409811834878,-14.191195688209536,1526.2579601059049,0.3873316927364243,9.0,-9.0,0.2212784678984439,1.221278467898444,12
2025-26,2025-11-14,0022500046,DAL,LAC,1,0,1397.409811834878,1379.2555233245116,-18.1542885103662,1413.8237992351442,0.5267219370393041,6.0,-6.0,0.1488850336233179,1.1488850336233178,13
2025-26,2025-11-16,0022500238,DAL,POR,1,1,1379.2555233245116,1400.6002139509917,21.34469062647997,1508.8004494148956,0.3672007933200092,5.0,5.0,0.1243530017715962,1.124353001771596,14
2025-26,2025-11-17,0022500246,DAL,MIN,0,0,1400.6002139509917,1388.3993441082223,-12.200869842769045,1543.1781738621353,0.2645950203284203,24.0,-24.0,0.5370495669980352,1.5370495669980353,15
2025-26,2025-11-19,0022500262,DAL,NYK,1,0,1388.3993441082223,1377.7088862431517,-10.690457865071068,1539.0954066524257,0.3393930692887364,2.0,-2.0,0.0499583749578799,1.04995837495788,16
2025-26,2025-11-21,0022500052,DAL,NOP,1,1,1377.7088862431517,1391.1714105382082,13.46252429505673,1354.8510387975932,0.582502894356197,3.0,3.0,0.074859690687499,1.0748596906874992,17
2025-26,2025-11-22,0022500273,DAL,MEM,1,0,1391.1714105382082,1373.283159590674,-17.88825094753423,1412.96025739411,0.51900321975991,6.0,-6.0,0.1488850336233179,1.1488850336233178,18
2025-26,2025-11-24,0022500286,DAL,MIA,0,0,1373.283159590674,1367.403488691939,-5.879670898735049,1603.7961234898978,0.1782256380251181,4.0,-4.0,0.0996679946249558,1.099667994624956,19
2025-26,2025-11-28,0022500078,DAL,LAL,0,0,1367.403488691939,1361.3758828366624,-6.027605855276512,1618.673996564264,0.1613922268527517,10.0,-10.0,0.2449186624037091,1.2449186624037092,20
2025-26,2025-11-29,0022500300,DAL,LAC,0,1,1361.3758828366624,1380.5556471946782,19.179764358015717,1383.432252987278,0.418619545421464,4.0,4.0,0.0996679946249558,1.099667994624956,21
2025-26,2025-12-01,0022500315,DAL,DEN,0,1,1380.5556471946782,1411.479086091338,30.923438896659896,1618.545276671833,0.1720091218127611,10.0,10.0,0.2449186624037091,1.2449186624037092,22
2025-26,2025-12-03,0022500332,DAL,MIA,1,1,1411.479086091338,1438.2065228978925,26.72743680655428,1606.8101909021625,0.2843592219123105,10.0,10.0,0.2449186624037091,1.2449186624037092,23
2025-26,2025-12-05,0022500349,DAL,OKC,0,0,1438.2065228978925,1432.628541536982,-5.577981360910439,1740.45486800422,0.1254987933821902,21.0,-21.0,0.4815497983643079,1.481549798364308,24
2025-26,2025-12-06,0022500356,DAL,HOU,1,1,1432.628541536982,1461.8018048474955,29.173263310513452,1649.3776733749237,0.259949296398265,13.0,13.0,0.3140209253469976,1.3140209253469977,25
2025-26,2025-12-12,0022501214,DAL,BKN,1,1,1461.8018048474955,1473.9899215008395,12.188116653344258,1381.0343436791643,0.660699073841638,8.0,8.0,0.197375320224904,1.197375320224904,26
2025-26,2025-12-15,0022501224,DAL,UTA,0,0,1473.9899215008395,1456.9024266923873,-17.08749480845249,1449.081721977683,0.4854808147183218,7.0,-7.0,0.1732351578346601,1.17323515783466,27
2025-26,2025-12-18,0022500376,DAL,DET,1,1,1456.9024266923873,1480.0040457953928,23.101619103005422,1667.7069991891333,0.2665861919230159,2.0,2.0,0.0499583749578799,1.04995837495788,28
2025-26,2025-12-20,0022500387,DAL,PHI,0,0,1480.0040457953928,1466.996138484733,-13.007907310660055,1537.7773185836568,0.3695737444107864,7.0,-7.0,0.1732351578346601,1.17323515783466,29
2025-26,2025-12-22,0022500404,DAL,NOP,0,0,1466.996138484733,1447.5553722186996,-19.44076626603301,1387.2456521153606,0.5640473356654125,6.0,-6.0,0.1488850336233179,1.1488850336233178,30
2025-26,2025-12-23,0022500415,DAL,DEN,1,1,1447.5553722186996,1469.5835944479795,22.028222229279915,1643.508256581094,0.2836314102798052,1.0,1.0,0.0249947929684206,1.0249947929684209,31
2025-26,2025-12-25,0022500011,DAL,GSW,0,0,1469.5835944479795,1455.274220708911,-14.309373739068702,1517.3146567777142,0.3831407938850112,10.0,-10.0,0.2449186624037091,1.2449186624037092,32
2025-26,2025-12-27,0022500432,DAL,SAC,0,0,1455.274220708911,1434.493882843561,-20.78033786534967,1347.7264986312928,0.6029131797987157,6.0,-6.0,0.1488850336233179,1.1488850336233178,33
2025-26,2025-12-29,0022500457,DAL,POR,0,0,1434.493882843561,1420.1066264598549,-14.387256383706498,1437.0410149479237,0.4461747118672502,3.0,-3.0,0.074859690687499,1.0748596906874992,34
2025-26,2026-01-01,0022500473,DAL,PHI,1,0,1420.1066264598549,1403.0077202868597,-17.0989061729952,1511.4650898355094,0.41959762562625,15.0,-15.0,0.3583573983507859,1.358357398350786,35
2025-26,2026-01-03,0022500491,DAL,HOU,1,1,1403.0077202868597,1428.2223826615316,25.214662374671985,1612.1768246199902,0.2684309384972207,6.0,6.0,0.1488850336233179,1.1488850336233178,36
2025-26,2026-01-06,0022500515,DAL,SAC,0,1,1428.2223826615316,1440.1867465618714,11.964363900339666,1308.0583101268874,0.6201638659939058,2.0,2.0,0.0499583749578799,1.04995837495788,37
2025-26,2026-01-08,0022500531,DAL,UTA,0,0,1440.1867465618714,1424.5034847800428,-15.683261781828543,1406.6452447951765,0.4979010646480054,2.0,-2.0,0.0499583749578799,1.04995837495788,38
2025-26,2026-01-10,0022500546,DAL,CHI,0,0,1424.5034847800428,1404.9612249691163,-19.54225981092637,1418.668953880752,0.4581258288802848,18.0,-18.0,0.4218990052500079,1.4218990052500078,39
2025-26,2026-01-12,0022500561,DAL,BKN,1,1,1404.9612249691163,1420.3281396292386,15.366914660122438,1389.4344404785595,0.5722055732913092,8.0,8.0,0.197375320224904,1.197375320224904,40
2025-26,2026-01-14,0022500575,DAL,DEN,1,0,1420.3281396292386,1408.282268220749,-12.045871408489589,1579.3137998638024,0.3287776354893061,9.0,-9.0,0.2212784678984439,1.221278467898444,41
2025-26,2026-01-15,0022500583,DAL,UTA,1,1,1408.282268220749,1428.3739517890378,20.091683568288868,1405.8422413595874,0.5536729324835987,22.0,22.0,0.5005202111902353,1.5005202111902354,42
2025-26,2026-01-17,0022500593,DAL,UTA,1,1,1428.3739517890378,1445.015001335402,16.641049546364236,1385.750557791299,0.6098867433640667,18.0,18.0,0.4218990052500079,1.4218990052500078,43
2025-26,2026-01-19,0022500016,DAL,NYK,0,1,1445.015001335402,1472.0100356067524,26.995034271350313,1511.6410369737712,0.3577814165434492,17.0,17.0,0.4011342849479459,1.401134284947946,44
2025-26,2026-01-22,0022500630,DAL,GSW,1,1,1472.0100356067524,1492.6904625944626,20.680426987710135,1560.0303587503838,0.4242844706975222,8.0,8.0,0.197375320224904,1.197375320224904,45
2025-26,2026-01-24,0022500648,DAL,LAL,1,0,1492.6904625944626,1474.1654776958171,-18.524984898645467,1501.599711360456,0.5374771874902617,6.0,-6.0,0.1488850336233179,1.1488850336233178,46
2025-26,2026-01-28,0022500677,DAL,MIN,1,0,1474.1654776958171,1456.419206289717,-17.74627140610002,1543.9011137952552,0.4501772907818219,13.0,-13.0,0.3140209253469976,1.3140209253469977,47
2025-26,2026-01-29,0022500683,DAL,CHA,1,0,1456.419206289717,1443.237718435249,-13.18148785446809,1548.5776689332863,0.4184765215096226,2.0,-2.0,0.0499583749578799,1.04995837495788,48
2025-26,2026-01-31,0022500701,DAL,HOU,0,0,1443.237718435249,1434.6820302279027,-8.555688207346341,1590.536066494417,0.2593415542741236,4.0,-4.0,0.0996679946249558,1.099667994624956,49
2025-26,2026-02-03,0022500721,DAL,BOS,1,0,1434.6820302279027,1422.7534097491564,-11.928620478746437,1601.1089119696974,0.319394908786369,10.0,-10.0,0.2449186624037091,1.2449186624037092,50
2025-26,2026-02-05,0022500738,DAL,SAS,1,0,1422.7534097491564,1412.618698091262,-10.134711657894494,1638.0036076996716,0.2616126557367462,12.0,-12.0,0.2913126124515909,1.2913126124515908,51
2025-26,2026-02-07,0022500749,DAL,SAS,0,0,1412.618698091262,1405.7577899693688,-6.860908121893095,1648.1383193575662,0.1740436038612123,13.0,-13.0,0.3140209253469976,1.3140209253469977,52
2025-26,2026-02-10,0022500773,DAL,PHX,0,0,1405.7577899693688,1396.7156962285055,-9.042093740863285,1564.5902809951374,0.2467931209940124,9.0,-9.0,0.2212784678984439,1.221278467898444,53
2025-26,2026-02-12,0022500791,DAL,LAL,0,0,1396.7156962285055,1384.6310714487834,-12.08462477972208,1529.6779172332615,0.2755051631742133,20.0,-20.0,0.4621171572600097,1.4621171572600098,54
2025-26,2026-02-20,0022500806,DAL,MIN,0,0,1384.6310714487834,1376.228863628016,-8.402207820767396,1568.6597214647738,0.2208310004956097,11.0,-11.0,0.2682711820216014,1.2682711820216013,55
2025-26,2026-02-22,0022500821,DAL,IND,0,1,1376.228863628016,1392.7407559404717,16.511892312455696,1341.5842479708356,0.4994885609970819,4.0,4.0,0.0996679946249558,1.099667994624956,56
2025-26,2026-02-24,0022500833,DAL,BKN,0,1,1392.7407559404717,1408.3034827346005,15.562726794128574,1305.0628298053894,0.5752340080989429,9.0,9.0,0.2212784678984439,1.221278467898444,57
2025-26,2026-02-26,0022500854,DAL,SAC,1,0,1408.3034827346005,1380.792206142059,-27.511276592541147,1251.6318796843398,0.7508873505833087,9.0,-9.0,0.2212784678984439,1.221278467898444,58
2025-26,2026-02-27,0022500861,DAL,MEM,1,0,1380.792206142059,1353.7257243671745,-27.066481774884696,1326.6300880576944,0.6255700106302702,19.0,-19.0,0.4422303560457261,1.442230356045726,59
2025-26,2026-03-01,0022500876,DAL,OKC,1,0,1353.7257243671745,1347.1978426033666,-6.527881763807776,1669.6568650437384,0.1655955811633146,13.0,-13.0,0.3140209253469976,1.3140209253469977,60
2025-26,2026-03-03,0022500883,DAL,CHA,0,0,1347.1978426033666,1340.3502313766246,-6.847611226741862,1622.2469784949733,0.1437131290994026,27.0,-27.0,0.5882592563981054,1.5882592563981053,61
2025-26,2026-03-05,0022500899,DAL,ORL,0,0,1340.3502313766246,1332.8303400336763,-7.519891342947973,1501.2849335235176,0.2445505542901379,1.0,-1.0,0.0249947929684206,1.0249947929684209,62
2025-26,2026-03-06,0022500908,DAL,BOS,0,0,1332.8303400336763,1327.6530047643726,-5.177335269303918,1647.210161008867,0.1180328412488773,20.0,-20.0,0.4621171572600097,1.4621171572600098,63
2025-26,2026-03-08,0022500924,DAL,TOR,0,0,1327.6530047643726,1317.339395690895,-10.313609073477606,1522.556439071323,0.2102481052958493,30.0,-30.0,0.6351489523872873,1.6351489523872873,64
2025-26,2026-03-10,0022500939,DAL,ATL,0,0,1317.339395690895,1310.6113678874888,-6.728027803406089,1553.3058837161054,0.173674129164658,12.0,-12.0,0.2913126124515909,1.2913126124515908,65
2025-26,2026-03-12,0022501111,DAL,MEM,0,1,1310.6113678874888,1330.62521357704,20.01384568955111,1315.5037539820537,0.4428412057746468,8.0,8.0,0.197375320224904,1.197375320224904,66
2025-26,2026-03-13,0022500965,DAL,CLE,1,0,1330.62521357704,1321.7227909061808,-8.902422670859158,1632.752265113783,0.1768688688550165,33.0,-33.0,0.6777821008468294,1.6777821008468294,67
2025-26,2026-03-15,0022500977,DAL,CLE,0,1,1321.7227909061808,1354.784862428042,33.06207152186129,1641.6546877846424,0.1147461404419651,10.0,10.0,0.2449186624037091,1.2449186624037092,68
2025-26,2026-03-16,0022500988,DAL,NOP,0,0,1354.784862428042,1340.3368484638634,-14.448013964178692,1436.016407898886,0.3387023014253708,18.0,-18.0,0.4218990052500079,1.4218990052500078,69
2025-26,2026-03-18,0022501006,DAL,ATL,1,0,1340.3368484638634,1331.38953207389,-8.94731638997342,1595.6491814814328,0.2195621564898057,15.0,-15.0,0.3583573983507859,1.358357398350786,70
2025-26,2026-03-21,0022501029,DAL,LAC,1,0,1331.38953207389,1321.4828888330012,-9.90664324088872,1529.201280989056,0.2814622790305899,7.0,-7.0,0.1732351578346601,1.17323515783466,71
2025-26,2026-03-23,0022501044,DAL,GSW,1,0,1321.4828888330012,1306.5962805400534,-14.88660829294775,1404.0891511601174,0.4319146493419168,6.0,-6.0,0.1488850336233179,1.1488850336233178,72
2025-26,2026-03-25,0022501059,DAL,DEN,0,0,1306.5962805400534,1302.079957006744,-4.516323533309407,1604.428544577602,0.1283153822758147,7.0,-7.0,0.1732351578346601,1.17323515783466,73
2025-26,2026-03-27,0022501074,DAL,POR,0,1,1302.079957006744,1330.3954544946394,28.315497487895275,1512.8149447099847,0.1955151446320795,7.0,7.0,0.1732351578346601,1.17323515783466,74
2025-26,2026-03-30,0022501095,DAL,MIN,1,0,1330.3954544946394,1318.9172387487256,-11.478215745913714,1571.4110887851214,0.2339891977252945,30.0,-30.0,0.6351489523872873,1.6351489523872873,75
2025-26,2026-03-31,0022500652,DAL,MIL,0,0,1318.9172387487256,1299.3862416868303,-19.53099706189497,1337.452665620008,0.4235603388301993,24.0,-24.0,0.5370495669980352,1.5370495669980353,76
2025-26,2026-04-03,0022501127,DAL,ORL,1,0,1299.3862416868303,1288.30897205802,-11.077269628810322,1488.971106376687,0.2911383040114327,11.0,-11.0,0.2682711820216014,1.2682711820216013,77
2025-26,2026-04-05,0022501140,DAL,LAL,1,1,1288.30897205802,1318.4800381290297,30.171066071009587,1661.9403542182529,0.1246276407699088,6.0,6.0,0.1488850336233179,1.1488850336233178,78
2025-26,2026-04-07,0022501156,DAL,LAC,0,0,1318.4800381290297,1311.9043864781893,-6.575651650840449,1562.8920990031263,0.1668073804102218,13.0,-13.0,0.3140209253469976,1.3140209253469977,79
2025-26,2026-04-08,0022501164,DAL,PHX,0,0,1311.9043864781893,1304.124504765274,-7.779881712915417,1486.1748755773342,0.2306476613856141,5.0,-5.0,0.1243530017715962,1.124353001771596,80
2025-26,2026-04-10,0022501180,DAL,SAS,0,0,1304.124504765274,1302.219281583357,-1.9052231819167127,1803.7854615188128,0.0440341857533403,19.0,-19.0,0.4422303560457261,1.442230356045726,81
2025-26,2026-04-12,0022501193,DAL,CHI,1,1,1302.219281583357,1323.4141514866926,21.19486990333527,1321.1302667309456,0.5231374171664636,21.0,21.0,0.4815497983643079,1.481549798364308,82
2025-26,2025-10-23,0022500006,DEN,GSW,0,0,1500.0,1485.4987710006276,-14.501228999372367,1520.5486032872334,0.4207333944064256,6.0,-6.0,0.1488850336233179,1.1488850336233178,1
2025-26,2025-10-25,0022500104,DEN,PHX,1,1,1485.4987710006276,1506.1018574338802,20.603086433252702,1491.0266406466471,0.5423123643030878,22.0,22.0,0.5005202111902353,1.5005202111902354,2
2025-26,2025-10-27,0022500008,DEN,MIN,0,1,1506.1018574338802,1527.9976803373977,21.895822903517427,1509.7850898715924,0.4445592536832362,13.0,13.0,0.3140209253469976,1.3140209253469977,3
2025-26,2025-10-29,0022500134,DEN,NOP,1,1,1527.9976803373977,1544.7359480294792,16.738267692081596,1439.921914204578,0.6700654429898484,34.0,34.0,0.6910694698329306,1.6910694698329305,4
2025-26,2025-10-31,0022500026,DEN,POR,0,0,1544.7359480294792,1529.9231660249552,-14.812782004524015,1530.421870931896,0.4702656904571175,2.0,-2.0,0.0499583749578799,1.04995837495788,5
2025-26,2025-11-03,0022500162,DEN,SAC,1,1,1529.9231660249552,1542.9202567992086,12.997090774253364,1477.7331765082506,0.6229071260720914,6.0,6.0,0.1488850336233179,1.1488850336233178,6
2025-26,2025-11-05,0022500178,DEN,MIA,1,1,1542.9202567992086,1559.4474703635362,16.527213564327585,1537.8049328621846,0.5574754114881537,10.0,10.0,0.2449186624037091,1.2449186624037092,7
2025-26,2025-11-07,0022500037,DEN,GSW,1,1,1559.4474703635362,1577.0754021425166,17.627931778980436,1507.9085646398196,0.6220263534602913,25.0,25.0,0.5545997223493823,1.5545997223493822,8
2025-26,2025-11-08,0022500189,DEN,IND,1,1,1577.0754021425166,1586.5804496572823,9.505047514765993,1398.3489353133627,0.7738725541423481,17.0,17.0,0.4011342849479459,1.401134284947946,9
2025-26,2025-11-11,0022500212,DEN,SAC,0,1,1586.5804496572823,1600.4627882602592,13.88233860297666,1441.1858015779,0.6537316010754828,14.0,14.0,0.3363755443363322,1.3363755443363323,10
2025-26,2025-11-12,0022500224,DEN,LAC,0,1,1600.4627882602592,1612.8798809028374,12.417092642578234,1426.2408918777223,0.6902793605883497,14.0,14.0,0.3363755443363322,1.3363755443363323,11
2025-26,2025-11-15,0022500232,DEN,MIN,0,1,1612.8798809028374,1630.9965108015158,18.11662989867847,1561.2948037608137,0.5238497319424256,11.0,11.0,0.2682711820216014,1.2682711820216013,12
2025-26,2025-11-17,0022500248,DEN,CHI,1,0,1630.9965108015158,1607.085691652091,-23.910819149424377,1482.9203780902142,0.7415175319031826,3.0,-3.0,0.074859690687499,1.0748596906874992,13
2025-26,2025-11-19,0022500260,DEN,NOP,0,1,1607.085691652091,1615.2095530619438,8.123861409852555,1362.9749002074457,0.7691891702016479,7.0,7.0,0.1732351578346601,1.17323515783466,14
2025-26,2025-11-21,0022500054,DEN,HOU,0,1,1615.2095530619438,1633.373359551117,18.163806489173226,1624.4267581654435,0.4367076730559027,3.0,3.0,0.074859690687499,1.0748596906874992,15
2025-26,2025-11-22,0022500274,DEN,SAC,1,0,1633.373359551117,1604.4724630727278,-28.900896478389015,1357.5766647368812,0.8568156214537331,5.0,-5.0,0.1243530017715962,1.124353001771596,16
2025-26,2025-11-24,0022500287,DEN,MEM,0,1,1604.4724630727278,1616.0672746647078,11.59481159198,1430.8485083416442,0.6895429947315447,10.0,10.0,0.2449186624037091,1.2449186624037092,17
2025-26,2025-11-28,0022500076,DEN,SAS,1,0,1616.0672746647078,1596.9010605742938,-19.16621409041398,1584.6902153220394,0.5943787905983937,3.0,-3.0,0.074859690687499,1.0748596906874992,18
2025-26,2025-11-29,0022500299,DEN,PHX,0,1,1596.9010605742938,1618.545276671833,21.644216097539672,1567.044614128998,0.4925983721388604,18.0,18.0,0.4218990052500079,1.4218990052500078,19
2025-26,2025-12-01,0022500315,DEN,DAL,1,0,1618.545276671833,1587.6218377751734,-30.923438896659896,1380.5556471946782,0.8279908781872388,10.0,-10.0,0.2449186624037091,1.2449186624037092,20
2025-26,2025-12-03,0022500325,DEN,IND,0,1,1587.6218377751734,1597.6757692590086,10.053931483835242,1358.7190183685136,0.7532821259941858,15.0,15.0,0.3583573983507859,1.358357398350786,21
2025-26,2025-12-05,0022500340,DEN,ATL,0,1,1597.6757692590086,1611.0002987253788,13.32452946637023,1516.0642735851072,0.5666797672931935,1.0,1.0,0.0249947929684206,1.0249947929684209,22
2025-26,2025-12-07,0022500359,DEN,CHA,0,1,1611.0002987253788,1621.2197281948977,10.219429469518628,1411.0049050534749,0.7210729101200521,9.0,9.0,0.2212784678984439,1.221278467898444,23
2025-26,2025-12-11,0022501208,DEN,SAC,0,1,1621.2197281948977,1632.383505928491,11.163777733593909,1371.923931623973,0.7744455510366446,31.0,31.0,0.6498274636719203,1.6498274636719203,24
2025-26,2025-12-15,0022501225,DEN,HOU,1,1,1632.383505928491,1646.566869951113,14.18336402262156,1625.3847666415986,0.5601483571761312,3.0,3.0,0.074859690687499,1.0748596906874992,25
2025-26,2025-12-18,0022500377,DEN,ORL,1,1,1646.566869951113,1660.042318345603,13.475448394489982,1577.2031000625884,0.6458315701586165,11.0,11.0,0.2682711820216014,1.2682711820216013,26
2025-26,2025-12-20,0022500386,DEN,HOU,1,0,1660.042318345603,1633.8224372873317,-26.219881058271223,1584.4379651386532,0.654004810982791,14.0,-14.0,0.3363755443363322,1.3363755443363323,27
2025-26,2025-12-22,0022500405,DEN,UTA,1,1,1633.8224372873317,1643.508256581094,9.685819293762169,1441.312597218166,0.7874549029378612,23.0,23.0,0.5190218338982221,1.519021833898222,28
2025-26,2025-12-23,0022500415,DEN,DAL,0,0,1643.508256581094,1621.480034351814,-22.028222229279915,1447.5553722186996,0.7163685897201948,1.0,-1.0,0.0249947929684206,1.0249947929684209,29
2025-26,2025-12-25,0022500013,DEN,MIN,1,1,1621.480034351814,1635.8726619895644,14.392627637750268,1611.9550633596891,0.5637280916270581,4.0,4.0,0.0996679946249558,1.099667994624956,30
2025-26,2025-12-27,0022500433,DEN,ORL,0,0,1635.8726619895644,1617.542129347814,-18.330532641750448,1533.2416312325763,0.5961179109559047,1.0,-1.0,0.0249947929684206,1.0249947929684209,31
2025-26,2025-12-29,0022500450,DEN,MIA,0,0,1617.542129347814,1588.8252713315328,-28.71685801628102,1495.4534290640847,0.6227701572514898,24.0,-24.0,0.5370495669980352,1.5370495669980353,32
2025-26,2025-12-31,0022500468,DEN,TOR,0,1,1588.8252713315328,1603.333361777379,14.508090445846186,1518.910448254586,0.5500780064119638,3.0,3.0,0.074859690687499,1.0748596906874992,33
2025-26,2026-01-02,0022500478,DEN,CLE,0,0,1603.333361777379,1583.69066022626,-19.64270155111899,1510.5912368538852,0.5823408816794726,5.0,-5.0,0.1243530017715962,1.124353001771596,34
2025-26,2026-01-04,0022500496,DEN,BKN,0,0,1583.69066022626,1556.935853186314,-26.754807039946037,1409.178932867182,0.69063594108198,12.0,-12.0,0.2913126124515909,1.2913126124515908,35
2025-26,2026-01-05,0022500507,DEN,PHI,0,1,1556.935853186314,1573.6880035826707,16.7521503963567,1553.1414879440108,0.455211853716125,1.0,1.0,0.0249947929684206,1.0249947929684209,36
2025-26,2026-01-07,0022500520,DEN,BOS,0,1,1573.6880035826707,1594.894374321758,21.206370739087443,1640.7623280615724,0.3571886895941436,4.0,4.0,0.0996679946249558,1.099667994624956,37
2025-26,2026-01-09,0022500537,DEN,ATL,1,0,1594.894374321758,1561.1256289048267,-33.76874541693137,1447.2693174321926,0.7410195311955371,23.0,-23.0,0.5190218338982221,1.519021833898222,38
2025-26,2026-01-11,0022500554,DEN,MIL,1,1,1561.1256289048267,1571.5619285170494,10.436299612222616,1462.2568147806276,0.6836530157819152,4.0,4.0,0.0996679946249558,1.099667994624956,39
2025-26,2026-01-13,0022500567,DEN,NOP,0,1,1571.5619285170494,1579.3137998638024,7.7518713467530675,1321.6245627112237,0.7750900185865288,6.0,6.0,0.1488850336233179,1.1488850336233178,40
2025-26,2026-01-14,0022500575,DEN,DAL,0,1,1579.3137998638024,1591.359671272292,12.045871408489589,1420.3281396292386,0.6712223645106938,9.0,9.0,0.2212784678984439,1.221278467898444,41
2025-26,2026-01-17,0022500600,DEN,WAS,1,1,1591.359671272292,1596.8349064087065,5.475235136414625,1336.813610114786,0.8411435152002111,6.0,6.0,0.1488850336233179,1.1488850336233178,42
2025-26,2026-01-18,0022500605,DEN,CHA,1,0,1596.8349064087065,1563.5129435732451,-33.321962835461335,1457.9785643973507,0.7312153582841782,23.0,-23.0,0.5190218338982221,1.519021833898222,43
2025-26,2026-01-20,0022500617,DEN,LAL,1,0,1563.5129435732451,1540.2664807946203,-23.24646277862455,1493.1465944656295,0.6471505463092989,8.0,-8.0,0.197375320224904,1.197375320224904,44
2025-26,2026-01-22,0022500629,DEN,WAS,0,1,1540.2664807946203,1549.9703172202649,9.703836425644257,1323.405251840729,0.7401748210894376,10.0,10.0,0.2449186624037091,1.2449186624037092,45
2025-26,2026-01-23,0022500640,DEN,MIL,0,1,1549.9703172202649,1562.158777966436,12.188460746171051,1435.0343394869328,0.6130493983738482,2.0,2.0,0.0499583749578799,1.04995837495788,46
2025-26,2026-01-27,0022500668,DEN,DET,1,0,1562.158777966436,1548.6463054016965,-13.5124725647397,1646.8413751718604,0.4289843891916751,2.0,-2.0,0.0499583749578799,1.04995837495788,47
2025-26,2026-01-29,0022500684,DEN,BKN,1,1,1548.6463054016965,1554.3908322004231,5.744526798726989,1313.230013244652,0.8258708741545769,4.0,4.0,0.0996679946249558,1.099667994624956,48
2025-26,2026-01-30,0022500695,DEN,LAC,1,1,1554.3908322004231,1573.443913065856,19.05308086543276,1577.8014265140357,0.5166723122413658,13.0,13.0,0.3140209253469976,1.3140209253469977,49
2025-26,2026-02-01,0022500711,DEN,OKC,1,0,1573.443913065856,1556.8465371348188,-16.597375931037377,1647.236921067753,0.4444032217331343,10.0,-10.0,0.2449186624037091,1.2449186624037092,50
2025-26,2026-02-03,0022500716,DEN,DET,0,0,1556.8465371348188,1546.7353624850116,-10.111174649807165,1657.9546897182695,0.3135657220320504,3.0,-3.0,0.074859690687499,1.0748596906874992,51
2025-26,2026-02-04,0022500726,DEN,NYK,0,0,1546.7353624850116,1533.702226197746,-13.0331362872656,1603.974405209411,0.370290536676374,7.0,-7.0,0.1732351578346601,1.17323515783466,52
2025-26,2026-02-07,0022500752,DEN,CHI,0,1,1533.702226197746,1549.7782873268432,16.07606112909703,1419.7720867798837,0.6116749829446779,16.0,16.0,0.3799489622552249,1.379948962255225,53
2025-26,2026-02-09,0022500767,DEN,CLE,1,0,1549.7782873268432,1536.365627301543,-13.412660025299765,1636.7102075226069,0.4258156115264354,2.0,-2.0,0.0499583749578799,1.04995837495788,54
2025-26,2026-02-11,0022500787,DEN,MEM,1,1,1536.365627301543,1544.651179623735,8.285552322191633,1371.4997294110572,0.7596059924852847,6.0,6.0,0.1488850336233179,1.1488850336233178,55
2025-26,2026-02-19,0022500801,DEN,LAC,0,0,1544.651179623735,1532.1185668986284,-12.532612725106723,1574.627478539636,0.4075667119183387,1.0,-1.0,0.0249947929684206,1.0249947929684209,56
2025-26,2026-02-20,0022500810,DEN,POR,0,1,1532.1185668986284,1560.9131968537006,28.79462995507223,1505.5720433381923,0.4878368695774296,54.0,54.0,0.874053287886007,1.874053287886007,57
2025-26,2026-02-22,0022500820,DEN,GSW,0,0,1560.9131968537006,1540.5887451569913,-20.32445169670918,1502.12725855885,0.5341773374868817,11.0,-11.0,0.2682711820216014,1.2682711820216013,58
2025-26,2026-02-25,0022500847,DEN,BOS,1,1,1540.5887451569913,1568.237508045133,27.648762888141665,1674.8072155039024,0.3609721042541266,19.0,19.0,0.4422303560457261,1.442230356045726,59
2025-26,2026-02-27,0022500862,DEN,OKC,0,0,1568.237508045133,1556.9560708014096,-11.28143724372334,1658.3754278000151,0.3273155251558488,6.0,-6.0,0.1488850336233179,1.1488850336233178,60
2025-26,2026-03-01,0022500871,DEN,MIN,1,0,1556.9560708014096,1537.9351645980537,-19.020906203355864,1578.6407868941478,0.5191528577995465,9.0,-9.0,0.2212784678984439,1.221278467898444,61
2025-26,2026-03-02,0022500881,DEN,UTA,0,1,1537.9351645980537,1545.261343111984,7.326178513930223,1290.269651430564,0.7728020200402693,3.0,3.0,0.074859690687499,1.0748596906874992,62
2025-26,2026-03-05,0022500906,DEN,LAL,1,1,1545.261343111984,1561.3519903723409,16.090647260356835,1550.4191346292355,0.5428410876567442,7.0,7.0,0.1732351578346601,1.17323515783466,63
2025-26,2026-03-06,0022500911,DEN,NYK,1,0,1561.3519903723409,1539.552909646471,-21.799080725869572,1655.988840678522,0.4150087449597021,39.0,-39.0,0.7508932836251672,1.7508932836251672,64
2025-26,2026-03-09,0022500933,DEN,OKC,0,0,1539.552909646471,1531.8675960872845,-7.685313559186785,1706.3829931311072,0.2383354040151083,3.0,-3.0,0.074859690687499,1.0748596906874992,65
2025-26,2026-03-11,0022500950,DEN,HOU,1,1,1531.8675960872845,1559.3917782323783,27.524182145093956,1590.9241755319415,0.4654350191185594,36.0,36.0,0.7162978701990245,1.7162978701990244,66
2025-26,2026-03-12,0022500958,DEN,SAS,0,1,1559.3917782323783,1586.652592749725,27.260814517346773,1774.2516240105329,0.1918073631563206,5.0,5.0,0.1243530017715962,1.124353001771596,67
2025-26,2026-03-14,0022500974,DEN,LAL,0,0,1586.652592749725,1572.7359793096955,-13.916613440029655,1592.2678390158592,0.4418147668818437,2.0,-2.0,0.0499583749578799,1.04995837495788,68
2025-26,2026-03-17,0022500997,DEN,PHI,1,1,1572.7359793096955,1590.1641696249162,17.42819031522063,1509.3654600951488,0.6379011811008243,28.0,28.0,0.6043677771171634,1.6043677771171634,69
2025-26,2026-03-18,0022500651,DEN,MEM,0,0,1590.1641696249162,1560.821330953994,-29.342838670922298,1275.150818121215,0.8336731266809821,7.0,-7.0,0.1732351578346601,1.17323515783466,70
2025-26,2026-03-20,0022501021,DEN,TOR,1,1,1560.821330953994,1576.0580330677044,15.236702113710413,1555.3873730690152,0.5579278556225544,6.0,6.0,0.1488850336233179,1.1488850336233178,71
2025-26,2026-03-22,0022501032,DEN,POR,1,1,1576.0580330677044,1590.6178172640969,14.559784196392544,1504.8155171243206,0.6483013842145351,16.0,16.0,0.3799489622552249,1.379948962255225,72
2025-26,2026-03-24,0022501050,DEN,PHX,0,1,1590.6178172640969,1604.428544577602,13.810727313505112,1512.6327105248154,0.561546830715737,2.0,2.0,0.0499583749578799,1.04995837495788,73
2025-26,2026-03-25,0022501059,DEN,DAL,1,1,1604.428544577602,1608.944868110911,4.516323533309407,1306.5962805400534,0.8716846177241853,7.0,7.0,0.1732351578346601,1.17323515783466,74
2025-26,2026-03-27,0022501072,DEN,UTA,1,1,1608.944868110911,1612.2580305921908,3.3131624812794183,1254.6398454304813,0.9038731064084956,6.0,6.0,0.1488850336233179,1.1488850336233178,75
2025-26,2026-03-29,0022501090,DEN,GSW,1,1,1612.2580305921908,1622.605003797377,10.346973205186313,1434.4494606309868,0.7729465771045311,23.0,23.0,0.5190218338982221,1.519021833898222,76
2025-26,2026-04-01,0022501112,DEN,UTA,0,1,1622.605003797377,1627.286859236391,4.681855439013771,1239.4464172506262,0.8812333616940583,13.0,13.0,0.3140209253469976,1.3140209253469977,77
2025-26,2026-04-04,0022501130,DEN,SAS,1,1,1627.286859236391,1649.5215338152263,22.23467457883542,1814.378314023295,0.2941093314063559,2.0,2.0,0.0499583749578799,1.04995837495788,78
2025-26,2026-04-06,0022501147,DEN,POR,1,1,1649.5215338152263,1659.3964575983944,9.87492378316792,1531.2984145207597,0.7072412973621744,5.0,5.0,0.1243530017715962,1.124353001771596,79
2025-26,2026-04-08,0022501162,DEN,MEM,1,1,1659.3964575983944,1662.344773928143,2.9483163297487076,1245.418876716671,0.9298588207801404,17.0,17.0,0.4011342849479459,1.401134284947946,80
2025-26,2026-04-10,0022501182,DEN,OKC,1,1,1662.344773928143,1691.4270999766254,29.0823260484823,1814.912685398726,0.3369814016139392,20.0,20.0,0.4621171572600097,1.4621171572600098,81
2025-26,2026-04-12,0022501197,DEN,SAS,0,1,1691.4270999766254,1717.6637536570056,26.23665368038019,1805.6906847007297,0.2975001909034487,10.0,10.0,0.2449186624037091,1.2449186624037092,82
2025-26,2025-10-22,0022500084,DET,CHI,0,0,1500.0,1485.1610587443392,-14.838941255660735,1500.0,0.449800646746463,4.0,-4.0,0.0996679946249558,1.099667994624956,1
2025-26,2025-10-24,0022500093,DET,HOU,0,1,1485.1610587443392,1503.3595004757103,18.198441731371037,1486.1687003763311,0.4483655727509631,4.0,4.0,0.0996679946249558,1.099667994624956,2
2025-26,2025-10-26,0022500106,DET,BOS,1,1,1503.3595004757103,1517.1507625105935,13.791262034883152,1468.0204692235905,0.599865329391323,6.0,6.0,0.1488850336233179,1.1488850336233178,3
2025-26,2025-10-27,0022500007,DET,CLE,1,0,1517.1507625105935,1492.867835291545,-24.282927219048897,1519.857289990911,0.5463406685318812,21.0,-21.0,0.4815497983643079,1.481549798364308,4
2025-26,2025-10-29,0022500129,DET,ORL,1,1,1492.867835291545,1510.348114624432,17.480279332887285,1460.329338010847,0.5959896591273554,19.0,19.0,0.4422303560457261,1.442230356045726,5
2025-26,2025-11-01,0022500147,DET,DAL,1,1,1510.348114624432,1525.603359165428,15.255244540995966,1470.4059654511204,0.6062083290574262,12.0,12.0,0.2913126124515909,1.2913126124515908,6
2025-26,2025-11-03,0022500161,DET,MEM,0,1,1525.603359165428,1542.397661805469,16.794302640041078,1468.0097968937248,0.5324689940191689,8.0,8.0,0.197375320224904,1.197375320224904,7
2025-26,2025-11-05,0022500172,DET,UTA,1,1,1542.397661805469,1555.916132646799,13.518470841330144,1473.8920451040128,0.6447008328355048,11.0,11.0,0.2682711820216014,1.2682711820216013,8
2025-26,2025-11-07,0022500031,DET,BKN,0,1,1555.916132646799,1570.1063750532612,14.190242406462186,1399.977039254858,0.667340592778431,18.0,18.0,0.4218990052500079,1.4218990052500078,9
2025-26,2025-11-09,0022500195,DET,PHI,0,1,1570.1063750532612,1586.5974316459717,16.491056592710336,1543.0413364592073,0.4885826576377807,3.0,3.0,0.074859690687499,1.0748596906874992,10
2025-26,2025-11-10,0022500199,DET,WAS,1,1,1586.5974316459717,1592.2224426936257,5.625011047653939,1356.5030983166116,0.821421141326052,2.0,2.0,0.0499583749578799,1.04995837495788,11
2025-26,2025-11-12,0022500214,DET,CHI,1,1,1592.2224426936257,1605.2513153819566,13.028872688331058,1513.8753754708748,0.6575686947444139,11.0,11.0,0.2682711820216014,1.2682711820216013,12
2025-26,2025-11-14,0022500041,DET,PHI,1,1,1605.2513153819566,1618.3963720091613,13.145056627204696,1539.3787092721373,0.6412214202104538,9.0,9.0,0.2212784678984439,1.221278467898444,13
2025-26,2025-11-17,0022500242,DET,IND,1,1,1618.3963720091613,1623.968863725508,5.572491716346698,1333.30654985646,0.8632541596904125,15.0,15.0,0.3583573983507859,1.358357398350786,14
2025-26,2025-11-18,0022500251,DET,ATL,0,1,1623.968863725508,1641.2661355641235,17.297271838615753,1576.1308369154854,0.5184670017705395,8.0,8.0,0.197375320224904,1.197375320224904,15
2025-26,2025-11-22,0022500272,DET,MIL,0,1,1641.2661355641235,1653.678997839134,12.412862275010252,1471.2194487185102,0.6851175899467418,13.0,13.0,0.3140209253469976,1.3140209253469977,16
2025-26,2025-11-24,0022500283,DET,IND,0,1,1653.678997839134,1659.364988602532,5.6859907633981335,1341.461762165164,0.8314292529588437,5.0,5.0,0.1243530017715962,1.124353001771596,17
2025-26,2025-11-26,0022500060,DET,BOS,0,0,1659.364988602532,1638.576248744591,-20.788739857940826,1520.862859172672,0.644696234558267,3.0,-3.0,0.074859690687499,1.0748596906874992,18
2025-26,2025-11-28,0022500072,DET,ORL,1,0,1638.576248744591,1617.92923681596,-20.64701192863146,1573.3982715865282,0.6403009964157979,3.0,-3.0,0.074859690687499,1.0748596906874992,19
2025-26,2025-11-29,0022500296,DET,MIA,0,1,1617.92923681596,1635.6369838212167,17.70774700525673,1617.1921720371558,0.4508508983800312,3.0,3.0,0.074859690687499,1.0748596906874992,20
2025-26,2025-12-01,0022500309,DET,ATL,1,1,1635.6369838212167,1646.3880002419537,10.751016420736915,1562.8149812782292,0.650371673609463,1.0,1.0,0.0249947929684206,1.0249947929684209,21
2025-26,2025-12-03,0022500331,DET,MIL,0,0,1646.3880002419537,1621.4455978684125,-24.942402373541302,1414.880049346954,0.7560585708734134,4.0,-4.0,0.0996679946249558,1.099667994624956,22
2025-26,2025-12-05,0022500342,DET,POR,1,1,1621.4455978684125,1630.481575701862,9.035977833449593,1476.6932011041715,0.7378334190975806,6.0,6.0,0.1488850336233179,1.1488850336233178,23
2025-26,2025-12-06,0022500353,DET,MIL,1,1,1630.481575701862,1638.122943225684,7.641367523822039,1421.6569667145138,0.8027493510572238,12.0,12.0,0.2913126124515909,1.2913126124515908,24
2025-26,2025-12-12,0022501210,DET,ATL,1,1,1638.122943225684,1651.7548756578674,13.631932432183175,1514.2734062642446,0.7139020308498413,27.0,27.0,0.5882592563981054,1.5882592563981053,25
2025-26,2025-12-15,0022501222,DET,BOS,0,1,1651.7548756578674,1667.7069991891333,15.952123531265809,1584.1557321271566,0.5467767501754925,7.0,7.0,0.1732351578346601,1.17323515783466,26
2025-26,2025-12-18,0022500376,DET,DAL,0,0,1667.7069991891333,1644.6053800861278,-23.101619103005422,1456.9024266923873,0.7334138080769841,2.0,-2.0,0.0499583749578799,1.04995837495788,27
2025-26,2025-12-20,0022500390,DET,CHA,1,1,1644.6053800861278,1653.607238586129,9.00185850000107,1428.7484481953709,0.8090808143725862,26.0,26.0,0.5716699660851172,1.5716699660851172,28
2025-26,2025-12-22,0022500408,DET,POR,0,1,1653.607238586129,1663.8952130227574,10.28797443662854,1460.0174815389244,0.7135965010899523,8.0,8.0,0.197375320224904,1.197375320224904,29
2025-26,2025-12-23,0022500421,DET,SAC,0,1,1663.8952130227574,1670.1394372322848,6.24422420952738,1353.97072284082,0.8295713774906625,9.0,9.0,0.2212784678984439,1.221278467898444,30
2025-26,2025-12-26,0022500430,DET,UTA,0,0,1670.1394372322848,1645.5232113382783,-24.616225894006377,1413.7499777764565,0.7814984695621505,2.0,-2.0,0.0499583749578799,1.04995837495788,31
2025-26,2025-12-28,0022500445,DET,LAC,0,0,1645.5232113382783,1616.6471546854943,-28.876056652784,1435.5196251947723,0.7325113346313621,13.0,-13.0,0.3140209253469976,1.3140209253469977,32
2025-26,2025-12-30,0022500460,DET,LAL,0,1,1616.6471546854943,1636.9005673404863,20.253412654992157,1546.730792767839,0.5500801987659368,22.0,22.0,0.5005202111902353,1.5005202111902354,33
2025-26,2026-01-01,0022500472,DET,MIA,1,0,1636.9005673404863,1612.7515145115233,-24.149052828963317,1524.1702870803658,0.7006518529477456,6.0,-6.0,0.1488850336233179,1.1488850336233178,34
2025-26,2026-01-04,0022500494,DET,CLE,0,1,1612.7515145115233,1627.0045285805031,14.25301406898016,1530.2339384050042,0.5679600831448774,4.0,4.0,0.0996679946249558,1.099667994624956,35
2025-26,2026-01-05,0022500502,DET,NYK,1,1,1627.0045285805031,1645.577186630165,18.57265804966173,1573.4461915759389,0.6247555485120103,31.0,31.0,0.6498274636719203,1.6498274636719203,36
2025-26,2026-01-07,0022500517,DET,CHI,1,1,1645.577186630165,1653.235061085731,7.657874455566035,1426.3268283363182,0.8120800297755794,15.0,15.0,0.3583573983507859,1.358357398350786,37
2025-26,2026-01-10,0022500544,DET,LAC,1,0,1653.235061085731,1627.5054899799068,-25.72957110582435,1500.6065770261162,0.7465084365224148,6.0,-6.0,0.1488850336233179,1.1488850336233178,38
2025-26,2026-01-15,0022500579,DET,PHX,1,1,1627.5054899799068,1640.7373293484022,13.231839368495468,1599.524626614814,0.5896568490710897,3.0,3.0,0.074859690687499,1.0748596906874992,39
2025-26,2026-01-17,0022500595,DET,IND,1,1,1640.7373293484022,1647.8039687761657,7.066639427763429,1347.7944021521253,0.8685034838367427,43.0,43.0,0.7913375537619973,1.791337553761997,40
2025-26,2026-01-19,0022500017,DET,BOS,1,1,1647.8039687761657,1660.3924161025832,12.588447326417574,1619.1331399250817,0.5906175194652781,1.0,1.0,0.0249947929684206,1.0249947929684209,41
2025-26,2026-01-21,0022500624,DET,NOP,0,1,1660.3924161025832,1665.3864727987534,4.994056696170251,1308.6375460027798,0.8609721164891386,8.0,8.0,0.197375320224904,1.197375320224904,42
2025-26,2026-01-23,0022500635,DET,HOU,1,0,1665.3864727987534,1640.939453474395,-24.447019324358788,1557.6600644015232,0.6945757111892943,7.0,-7.0,0.1732351578346601,1.17323515783466,43
2025-26,2026-01-25,0022500650,DET,SAC,1,1,1640.939453474395,1646.8413751718604,5.90192169746573,1344.9574975744151,0.8704885480520097,23.0,23.0,0.5190218338982221,1.519021833898222,44
2025-26,2026-01-27,0022500668,DET,DEN,0,1,1646.8413751718604,1660.3538477366,13.5124725647397,1562.158777966436,0.5710156108083249,2.0,2.0,0.0499583749578799,1.04995837495788,45
2025-26,2026-01-29,0022500685,DET,PHX,0,0,1660.3538477366,1636.3986689069372,-23.955178829662888,1582.3473635743303,0.5615771289244023,18.0,-18.0,0.4218990052500079,1.4218990052500078,46
2025-26,2026-01-30,0022500696,DET,GSW,0,1,1636.3986689069372,1651.5915695645078,15.192900657570696,1553.6068717735016,0.568347386679327,7.0,7.0,0.1732351578346601,1.17323515783466,47
2025-26,2026-02-01,0022500704,DET,BKN,1,1,1651.5915695645078,1657.9546897182695,6.363120153761786,1329.5955890174175,0.8864552948087613,53.0,53.0,0.8680219810175624,1.8680219810175624,48
2025-26,2026-02-03,0022500716,DET,DEN,1,1,1657.9546897182695,1668.065864368077,10.111174649807165,1556.8465371348188,0.6864342779679495,3.0,3.0,0.074859690687499,1.0748596906874992,49
2025-26,2026-02-05,0022500733,DET,WAS,1,0,1668.065864368077,1635.4360859169326,-32.62977845114444,1338.816245185268,0.8905907295462606,9.0,-9.0,0.2212784678984439,1.221278467898444,50
2025-26,2026-02-06,0022500742,DET,NYK,1,1,1635.4360859169326,1657.5510198153331,22.11493389840068,1617.0075414966766,0.5762894329035947,38.0,38.0,0.7397830512740042,1.7397830512740042,51
2025-26,2026-02-09,0022500761,DET,CHA,0,1,1657.5510198153331,1674.7255082471183,17.17448843178495,1621.365824337072,0.5017056267843562,6.0,6.0,0.1488850336233179,1.1488850336233178,52
2025-26,2026-02-11,0022500781,DET,TOR,0,1,1674.7255082471183,1690.613255820326,15.887747573207552,1549.0961371364956,0.6275462716984821,18.0,18.0,0.4218990052500079,1.4218990052500078,53
2025-26,2026-02-19,0022500796,DET,NYK,0,1,1690.613255820326,1709.027323182151,18.41406736182474,1622.0658954841056,0.5481290519421547,15.0,15.0,0.3583573983507859,1.358357398350786,54
2025-26,2026-02-21,0022500814,DET,CHI,0,1,1709.027323182151,1714.9680979345062,5.940774752355508,1363.680361996785,0.8564977180352475,16.0,16.0,0.3799489622552249,1.379948962255225,55
2025-26,2026-02-23,0022500828,DET,SAS,1,0,1714.9680979345062,1693.396064418078,-21.57203351642805,1703.1534515612468,0.5669669027208786,11.0,-11.0,0.2682711820216014,1.2682711820216013,56
2025-26,2026-02-25,0022500842,DET,OKC,1,1,1693.396064418078,1708.5433795924694,15.147315174391288,1673.5227429744064,0.5783189303432401,8.0,8.0,0.197375320224904,1.197375320224904,57
2025-26,2026-02-27,0022500858,DET,CLE,1,1,1708.5433795924694,1720.5230757335853,11.979696141116026,1652.213674557624,0.6284880639179488,3.0,3.0,0.074859690687499,1.0748596906874992,58
2025-26,2026-03-01,0022500875,DET,ORL,0,1,1720.5230757335853,1730.8773227416498,10.354247008064515,1502.2515101901176,0.7417331015984079,14.0,14.0,0.3363755443363322,1.3363755443363323,59
2025-26,2026-03-03,0022500884,DET,CLE,0,0,1730.8773227416498,1711.967957496348,-18.90936524530188,1644.6559273089642,0.5731840682135749,4.0,-4.0,0.0996679946249558,1.099667994624956,60
2025-26,2026-03-05,0022500904,DET,SAS,0,0,1711.967957496348,1694.4364513022535,-17.531506194094497,1725.7792845365448,0.4302133889892777,15.0,-15.0,0.3583573983507859,1.358357398350786,61
2025-26,2026-03-07,0022500916,DET,BKN,1,0,1694.4364513022535,1664.9446302391796,-29.491821063073964,1262.568721255205,0.9362854047827388,2.0,-2.0,0.0499583749578799,1.04995837495788,62
2025-26,2026-03-08,0022500923,DET,MIA,0,0,1664.9446302391796,1642.2869549158052,-22.65767532337449,1562.7591323020065,0.5955002800809672,11.0,-11.0,0.2682711820216014,1.2682711820216013,63
2025-26,2026-03-10,0022500937,DET,BKN,0,1,1642.2869549158052,1650.3517388851687,8.064783969363637,1312.0355670575902,0.8454829571334967,38.0,38.0,0.7397830512740042,1.7397830512740042,64
2025-26,2026-03-12,0022500953,DET,PHI,1,1,1650.3517388851687,1661.809243439585,11.457504554416372,1498.668799536234,0.7454770581346561,22.0,22.0,0.5005202111902353,1.5005202111902354,65
2025-26,2026-03-13,0022500961,DET,MEM,1,1,1661.809243439585,1665.5468369912537,3.7375935516685455,1295.4899082925026,0.9097166234911503,16.0,16.0,0.3799489622552249,1.379948962255225,66
2025-26,2026-03-15,0022500978,DET,TOR,0,0,1665.5468369912537,1640.3878710779754,-25.15896591327838,1514.359696922218,0.6612404421052245,11.0,-11.0,0.2682711820216014,1.2682711820216013,67
2025-26,2026-03-17,0022500993,DET,WAS,0,1,1640.3878710779754,1644.750674386622,4.362803308646649,1243.3801398000628,0.889326894153923,13.0,13.0,0.3140209253469976,1.3140209253469977,68
2025-26,2026-03-19,0022501009,DET,WAS,0,1,1644.750674386622,1649.5144597691472,4.7637853825252,1239.0173364914162,0.8941748035781427,22.0,22.0,0.5005202111902353,1.5005202111902354,69
2025-26,2026-03-20,0022501017,DET,GSW,1,1,1649.5144597691472,1656.73464818475,7.220188415602912,1421.20829382496,0.8199062021100617,14.0,14.0,0.3363755443363322,1.3363755443363323,70
2025-26,2026-03-23,0022501038,DET,LAL,1,1,1656.73464818475,1671.789122291092,15.054474106341804,1668.6772282597644,0.5331336658240885,3.0,3.0,0.074859690687499,1.0748596906874992,71
2025-26,2026-03-25,0022501051,DET,ATL,1,0,1671.789122291092,1651.7045872654935,-20.084535025598125,1596.8337826971313,0.6531589286560378,1.0,-1.0,0.0249947929684206,1.0249947929684209,72
2025-26,2026-03-26,0022501064,DET,NOP,1,1,1651.7045872654935,1661.8425260632616,10.137938797768008,1474.923481752791,0.7719068953119067,21.0,21.0,0.4815497983643079,1.481549798364308,73
2025-26,2026-03-28,0022501080,DET,MIN,0,1,1661.8425260632616,1682.0780091430577,20.235483079796012,1591.6465718649174,0.550478495637969,22.0,22.0,0.5005202111902353,1.5005202111902354,74
2025-26,2026-03-30,0022501097,DET,OKC,0,0,1682.0780091430577,1670.6226971513415,-11.45531199171614,1756.7309954003615,0.3472354700906188,4.0,-4.0,0.0996679946249558,1.099667994624956,75
2025-26,2026-03-31,0022501101,DET,TOR,1,1,1670.6226971513415,1681.5450492720872,10.922352120745677,1547.596251083096,0.7129333149046867,11.0,11.0,0.2682711820216014,1.2682711820216013,76
2025-26,2026-04-02,0022501115,DET,MIN,1,1,1681.5450492720872,1692.2245691933315,10.679519921244324,1582.8893045310351,0.6833876933543989,5.0,5.0,0.1243530017715962,1.124353001771596,77
2025-26,2026-04-04,0022501131,DET,PHI,0,1,1692.2245691933315,1708.34103200132,16.11646280798857,1552.4736146882642,0.6463412079112043,23.0,23.0,0.5190218338982221,1.519021833898222,78
2025-26,2026-04-06,0022501144,DET,ORL,0,0,1708.34103200132,1678.730071736593,-29.61096026472738,1513.3288444794443,0.7152670394498923,16.0,-16.0,0.3799489622552249,1.379948962255225,79
2025-26,2026-04-08,0022501160,DET,MIL,1,1,1678.730071736593,1683.585239392963,4.855167656370443,1337.6964346242314,0.8970274132793029,26.0,26.0,0.5716699660851172,1.5716699660851172,80
2025-26,2026-04-10,0022501171,DET,CHA,0,1,1683.585239392963,1705.419085191749,21.833845798785863,1656.8189777861726,0.4881529157328842,18.0,18.0,0.4218990052500079,1.4218990052500078,81
2025-26,2026-04-12,0022501188,DET,IND,0,1,1705.419085191749,1709.424566320481,4.005481128731989,1295.179555113323,0.896604403661081,12.0,12.0,0.2913126124515909,1.2913126124515908,82
2025-26,2025-10-21,0022500002,GSW,LAL,0,1,1500.0,1520.5486032872334,20.548603287233373,1500.0,0.449800646746463,10.0,10.0,0.2449186624037091,1.2449186624037092,1
2025-26,2025-10-23,0022500006,GSW,DEN,1,1,1520.5486032872334,1535.0498322866058,14.501228999372367,1500.0,0.5792666055935743,6.0,6.0,0.1488850336233179,1.1488850336233178,2
2025-26,2025-10-24,0022500097,GSW,POR,0,0,1535.0498322866058,1511.9701970027895,-23.079635283816163,1481.848901416912,0.5261693102411192,20.0,-20.0,0.4621171572600097,1.4621171572600098,3
2025-26,2025-10-27,0022500121,GSW,MEM,1,1,1511.9701970027895,1529.4006890179553,17.430492015165605,1506.6028913860116,0.557833220690843,13.0,13.0,0.3140209253469976,1.3140209253469977,4
2025-26,2025-10-28,0022500127,GSW,LAC,1,1,1529.4006890179553,1548.2665224164064,18.865833398450985,1519.707486818241,0.5639662480784995,19.0,19.0,0.4422303560457261,1.442230356045726,5
2025-26,2025-10-30,0022500139,GSW,MIL,0,0,1548.2665224164064,1530.848987522612,-17.417534893794276,1536.674983913114,0.4663633970582521,10.0,-10.0,0.2449186624037091,1.2449186624037092,6
2025-26,2025-11-01,0022500144,GSW,IND,0,0,1530.848987522612,1510.0263041133455,-20.82268340926658,1412.7766353688032,0.6173234259008558,5.0,-5.0,0.1243530017715962,1.124353001771596,7
2025-26,2025-11-04,0022500169,GSW,PHX,1,1,1510.0263041133455,1526.0486958163822,16.022391703036604,1489.7450090693092,0.5788915407009091,11.0,11.0,0.2682711820216014,1.2682711820216013,8
2025-26,2025-11-05,0022500181,GSW,SAC,0,0,1526.0486958163822,1507.9085646398196,-18.14013117656252,1464.7360857339972,0.537794659031457,5.0,-5.0,0.1243530017715962,1.124353001771596,9
2025-26,2025-11-07,0022500037,GSW,DEN,0,0,1507.9085646398196,1490.2806328608392,-17.627931778980436,1559.4474703635362,0.3779736465397086,25.0,-25.0,0.5545997223493823,1.5545997223493822,10
2025-26,2025-11-09,0022500196,GSW,IND,1,1,1490.2806328608392,1505.780368979368,15.499736118528688,1388.8438877985968,0.6868412715910736,31.0,31.0,0.6498274636719203,1.6498274636719203,11
2025-26,2025-11-11,0022500210,GSW,OKC,0,0,1505.780368979368,1492.8097067657302,-12.970662213637718,1633.7408343143788,0.2812891766175618,24.0,-24.0,0.5370495669980352,1.5370495669980353,12
2025-26,2025-11-12,0022500220,GSW,SAS,0,1,1492.8097067657302,1515.8927407692445,23.083034003514253,1592.2268893314124,0.3156646839814163,5.0,5.0,0.1243530017715962,1.124353001771596,13
2025-26,2025-11-14,0022500047,GSW,SAS,0,1,1515.8927407692445,1535.0911244870824,19.198383717837984,1569.143855327898,0.3756591464483185,1.0,1.0,0.0249947929684206,1.0249947929684209,14
2025-26,2025-11-16,0022500237,GSW,NOP,0,1,1535.0911244870824,1549.5953619870936,14.504237500011095,1384.8808630038263,0.6599796599135426,18.0,18.0,0.4218990052500079,1.4218990052500078,15
2025-26,2025-11-18,0022500249,GSW,ORL,0,0,1549.5953619870936,1531.7631131222197,-17.832248864874238,1517.0788420596518,0.4964260457482619,8.0,-8.0,0.197375320224904,1.197375320224904,16
2025-26,2025-11-19,0022500257,GSW,MIA,0,0,1531.7631131222197,1514.3697895775858,-17.39332354463372,1543.0046816520205,0.4338432066831321,14.0,-14.0,0.3363755443363322,1.3363755443363323,17
2025-26,2025-11-21,0022500056,GSW,POR,1,0,1514.3697895775858,1493.369812442343,-20.999977135242982,1452.010842548149,0.636555070496681,4.0,-4.0,0.0996679946249558,1.099667994624956,18
2025-26,2025-11-24,0022500291,GSW,UTA,1,1,1493.369812442343,1507.680199212465,14.310386770121946,1413.490249671856,0.6595523373727737,17.0,17.0,0.4011342849479459,1.401134284947946,19
2025-26,2025-11-26,0022500066,GSW,HOU,1,0,1507.680199212465,1495.2346641544589,-12.44553505800603,1629.7530410780494,0.3772512891417621,4.0,-4.0,0.0996679946249558,1.099667994624956,20
2025-26,2025-11-29,0022500298,GSW,NOP,1,1,1495.2346641544589,1504.2918742675452,9.057210113086375,1341.3638497077177,0.7478593397825851,8.0,8.0,0.197375320224904,1.197375320224904,21
2025-26,2025-12-02,0022500323,GSW,OKC,1,0,1504.2918742675452,1494.6344787449748,-9.65739552257037,1730.7974724816495,0.249291442661989,12.0,-12.0,0.2913126124515909,1.2913126124515908,22
2025-26,2025-12-04,0022500333,GSW,PHI,0,0,1494.6344787449748,1480.9947695150483,-13.6397092299264,1499.013803866916,0.4435700331844394,1.0,-1.0,0.0249947929684206,1.0249947929684209,23
2025-26,2025-12-06,0022500352,GSW,CLE,0,1,1480.9947695150483,1502.0273515065785,21.03258199153013,1533.657566373241,0.3764537780575447,5.0,5.0,0.1243530017715962,1.124353001771596,24
2025-26,2025-12-07,0022500361,GSW,CHI,0,1,1502.0273515065785,1520.6973447460095,18.669993239431,1377.5388374934244,0.626010002242402,32.0,32.0,0.664036770267849,1.664036770267849,25
2025-26,2025-12-12,0022501215,GSW,MIN,1,0,1520.6973447460095,1503.3198836596875,-17.37746108632191,1560.0619334130365,0.4937191823900564,7.0,-7.0,0.1732351578346601,1.17323515783466,26
2025-26,2025-12-14,0022501221,GSW,POR,0,0,1503.3198836596875,1483.9692492654824,-19.350634394205116,1416.744819388396,0.573682060222342,5.0,-5.0,0.1243530017715962,1.124353001771596,27
2025-26,2025-12-18,0022500378,GSW,PHX,0,0,1483.9692492654824,1472.8410241546562,-11.12822511082616,1547.492820925176,0.3618953379785287,1.0,-1.0,0.0249947929684206,1.0249947929684209,28
2025-26,2025-12-20,0022500392,GSW,PHX,1,1,1472.8410241546562,1491.303750620969,18.46272646631238,1558.6210460360023,0.4274376266263088,3.0,3.0,0.074859690687499,1.0748596906874992,29
2025-26,2025-12-22,0022500407,GSW,ORL,1,1,1491.303750620969,1517.3146567777142,26.010906156745538,1575.8206337863728,0.429218075819347,23.0,23.0,0.5190218338982221,1.519021833898222,30
2025-26,2025-12-25,0022500011,GSW,DAL,1,1,1517.3146567777142,1531.6240305167828,14.309373739068702,1469.5835944479795,0.6168592061149888,10.0,10.0,0.2449186624037091,1.2449186624037092,31
2025-26,2025-12-28,0022500441,GSW,TOR,0,0,1531.6240305167828,1510.7377970261234,-20.886233490659436,1482.0460006663347,0.5209671682279476,14.0,-14.0,0.3363755443363322,1.3363755443363323,32
2025-26,2025-12-29,0022500449,GSW,BKN,0,1,1510.7377970261234,1529.956924462738,19.21912743661453,1467.0778136945796,0.5124601375344847,13.0,13.0,0.3140209253469976,1.3140209253469977,33
2025-26,2025-12-31,0022500462,GSW,CHA,0,1,1529.956924462738,1544.189479617594,14.232555154855795,1427.6762745344197,0.5956322123542106,7.0,7.0,0.1732351578346601,1.17323515783466,34
2025-26,2026-01-02,0022500484,GSW,OKC,1,0,1544.189479617594,1527.3896769125113,-16.79980270508249,1706.9322281412808,0.3240226012842946,37.0,-37.0,0.7282542059818115,1.7282542059818111,35
2025-26,2026-01-03,0022500492,GSW,UTA,1,1,1527.3896769125113,1539.524478673821,12.134801761309754,1440.311131874449,0.6687951170221611,9.0,9.0,0.2212784678984439,1.221278467898444,36
2025-26,2026-01-05,0022500508,GSW,LAC,0,0,1539.524478673821,1523.0262378891598,-16.498240784661302,1479.094910032544,0.5365308811921481,1.0,-1.0,0.0249947929684206,1.0249947929684209,37
2025-26,2026-01-07,0022500526,GSW,MIL,1,1,1523.0262378891598,1535.407125196651,12.380887307490914,1451.8298680986888,0.6482408144461774,7.0,7.0,0.1732351578346601,1.17323515783466,38
2025-26,2026-01-09,0022500539,GSW,SAC,1,1,1535.407125196651,1544.0785941344702,8.671468937819622,1296.0939462265476,0.8290732759650944,34.0,34.0,0.6910694698329306,1.6910694698329305,39
2025-26,2026-01-11,0022500556,GSW,ATL,1,0,1544.0785941344702,1518.9494301360974,-25.12916399837297,1481.038062849124,0.6374622989543091,13.0,-13.0,0.3140209253469976,1.3140209253469977,40
2025-26,2026-01-13,0022500570,GSW,POR,1,1,1518.9494301360974,1539.2848075495706,20.3353774134733,1520.3106514926365,0.54825939115824,22.0,22.0,0.5005202111902353,1.5005202111902354,41
2025-26,2026-01-15,0022500584,GSW,NYK,1,1,1539.2848075495706,1557.404427044271,18.119619494700466,1546.1843725558974,0.5403518278595764,13.0,13.0,0.3140209253469976,1.3140209253469977,42
2025-26,2026-01-17,0022500599,GSW,CHA,1,1,1557.404427044271,1572.0617244297898,14.657297385518785,1472.6358617828696,0.6658430707202154,20.0,20.0,0.4621171572600097,1.4621171572600098,43
2025-26,2026-01-19,0022500612,GSW,MIA,1,1,1572.0617244297898,1588.4968307933996,16.435106363609812,1507.6014517636704,0.6393489108835942,23.0,23.0,0.5190218338982221,1.519021833898222,44
2025-26,2026-01-20,0022500618,GSW,TOR,1,0,1588.4968307933996,1560.0303587503838,-28.4664720430158,1502.5624282275946,0.6673345982593336,18.0,-18.0,0.4218990052500079,1.4218990052500078,45
2025-26,2026-01-22,0022500630,GSW,DAL,0,0,1560.0303587503838,1539.3499317626736,-20.680426987710135,1472.0100356067524,0.5757155293024778,8.0,-8.0,0.197375320224904,1.197375320224904,46
2025-26,2026-01-25,0022500644,GSW,MIN,0,1,1539.3499317626736,1565.7547380332037,26.404806270530138,1546.255299139399,0.4399840755307758,26.0,26.0,0.5716699660851172,1.5716699660851172,47
2025-26,2026-01-26,0022500663,GSW,MIN,0,0,1565.7547380332037,1541.7041171068174,-24.050620926386316,1519.850492868869,0.5156873198210344,25.0,-25.0,0.5545997223493823,1.5545997223493822,48
2025-26,2026-01-28,0022500678,GSW,UTA,0,1,1541.7041171068174,1553.6068717735016,11.902754666684158,1349.059543396127,0.7124832151465538,16.0,16.0,0.3799489622552249,1.379948962255225,49
2025-26,2026-01-30,0022500696,GSW,DET,1,0,1553.6068717735016,1538.413971115931,-15.192900657570696,1636.3986689069372,0.4316526133206729,7.0,-7.0,0.1732351578346601,1.17323515783466,50
2025-26,2026-02-03,0022500724,GSW,PHI,1,0,1538.413971115931,1515.4679671236938,-22.94600399223717,1552.3083778438267,0.5303360843397674,19.0,-19.0,0.4422303560457261,1.442230356045726,51
2025-26,2026-02-05,0022500739,GSW,PHX,0,1,1515.4679671236938,1537.7218466924935,22.253879568799732,1607.0906660860876,0.3254364142155026,4.0,4.0,0.0996679946249558,1.099667994624956,52
2025-26,2026-02-07,0022500753,GSW,LAL,0,0,1537.7218466924935,1522.8526294001294,-14.869217292364,1550.6853987104694,0.4314100731637156,6.0,-6.0,0.1488850336233179,1.1488850336233178,53
2025-26,2026-02-09,0022500768,GSW,MEM,1,1,1522.8526294001294,1530.9661228583664,8.113493458236901,1379.613222869294,0.736145213813235,1.0,1.0,0.0249947929684206,1.0249947929684209,54
2025-26,2026-02-11,0022500788,GSW,SAS,1,0,1530.9661228583664,1517.2051407669392,-13.76098209142718,1674.2066129779228,0.3490807446056785,13.0,-13.0,0.3140209253469976,1.3140209253469977,55
2025-26,2026-02-19,0022500799,GSW,BOS,1,0,1517.2051407669392,1502.12725855885,-15.07788220808923,1625.3353156637693,0.3962843914830937,11.0,-11.0,0.2682711820216014,1.2682711820216013,56
2025-26,2026-02-22,0022500820,GSW,DEN,1,1,1502.12725855885,1522.4517102555592,20.32445169670918,1560.9131968537006,0.4658226625131184,11.0,11.0,0.2682711820216014,1.2682711820216013,57
2025-26,2026-02-24,0022500838,GSW,NOP,0,0,1522.4517102555592,1501.0264864318842,-21.425223823675037,1380.3370544081624,0.6494452243282802,4.0,-4.0,0.0996679946249558,1.099667994624956,58
2025-26,2026-02-25,0022500844,GSW,MEM,0,1,1501.0264864318842,1515.5918047422958,14.565318310411708,1341.195406368106,0.6722954497492554,21.0,21.0,0.4815497983643079,1.481549798364308,59
2025-26,2026-02-28,0022500866,GSW,LAL,1,0,1515.5918047422958,1488.403445323731,-27.18835941856497,1505.251455847946,0.5648821050956045,28.0,-28.0,0.6043677771171634,1.6043677771171634,60
2025-26,2026-03-02,0022500882,GSW,LAC,1,0,1488.403445323731,1469.901296592035,-18.50214873169611,1544.7266198297812,0.4693519556347042,13.0,-13.0,0.3140209253469976,1.3140209253469977,61
2025-26,2026-03-05,0022500902,GSW,HOU,0,1,1469.901296592035,1492.5390059521053,22.63770936007051,1597.840372682465,0.2813140692052469,2.0,2.0,0.0499583749578799,1.04995837495788,62
2025-26,2026-03-07,0022500920,GSW,OKC,0,0,1492.5390059521053,1485.532388743307,-7.00661720879843,1699.3763759223089,0.1990682817509477,7.0,-7.0,0.1732351578346601,1.17323515783466,63
2025-26,2026-03-09,0022500934,GSW,UTA,0,0,1485.532388743307,1462.3527452626772,-23.17964348062975,1287.4587951740682,0.7188424585849478,3.0,-3.0,0.074859690687499,1.0748596906874992,64
2025-26,2026-03-10,0022500943,GSW,CHI,1,0,1462.3527452626772,1438.1993647192076,-24.153380543469652,1349.5184542078282,0.7007774156855212,6.0,-6.0,0.1488850336233179,1.1488850336233178,65
2025-26,2026-03-13,0022500966,GSW,MIN,1,0,1438.1993647192076,1423.3543738535834,-14.844990865624212,1545.4602317117738,0.3974822161463214,10.0,-10.0,0.2449186624037091,1.2449186624037092,66
2025-26,2026-03-15,0022500981,GSW,NYK,0,0,1423.3543738535834,1417.3017329062018,-6.052640947381577,1642.851499710566,0.1877032881538303,3.0,-3.0,0.074859690687499,1.0748596906874992,67
2025-26,2026-03-16,0022500984,GSW,WAS,0,1,1417.3017329062018,1428.9628880176597,11.661155111457957,1255.0412949115207,0.6753689809566803,8.0,8.0,0.197375320224904,1.197375320224904,68
2025-26,2026-03-18,0022500999,GSW,BOS,0,0,1428.9628880176597,1421.20829382496,-7.754594192699593,1663.9673371225454,0.1744703238293887,21.0,-21.0,0.4815497983643079,1.481549798364308,69
2025-26,2026-03-20,0022501017,GSW,DET,0,0,1421.20829382496,1413.988105409357,-7.220188415602912,1649.5144597691472,0.1800937978899383,14.0,-14.0,0.3363755443363322,1.3363755443363323,70
2025-26,2026-03-21,0022501026,GSW,ATL,0,0,1413.988105409357,1404.0891511601174,-9.89895424923968,1580.0739232798016,0.2391140184649052,16.0,-16.0,0.3799489622552249,1.379948962255225,71
2025-26,2026-03-23,0022501044,GSW,DAL,0,1,1404.0891511601174,1418.9757594530652,14.88660829294775,1321.4828888330012,0.5680853506580832,6.0,6.0,0.1488850336233179,1.1488850336233178,72
2025-26,2026-03-25,0022501060,GSW,BKN,1,1,1418.9757594530652,1426.5088433426258,7.533083889560695,1247.5967541322293,0.7663855119935886,3.0,3.0,0.074859690687499,1.0748596906874992,73
2025-26,2026-03-27,0022501073,GSW,WAS,1,1,1426.5088433426258,1434.4494606309868,7.940617288361056,1256.870195923952,0.7645870624898836,5.0,5.0,0.1243530017715962,1.124353001771596,74
2025-26,2026-03-29,0022501090,GSW,DEN,0,0,1434.4494606309868,1424.1024874258003,-10.346973205186313,1612.2580305921908,0.2270534228954689,23.0,-23.0,0.5190218338982221,1.519021833898222,75
2025-26,2026-04-01,0022501113,GSW,SAS,1,0,1424.1024874258003,1419.1488845093577,-4.953602916443169,1799.4431626344317,0.1235581554261185,14.0,-14.0,0.3363755443363322,1.3363755443363323,76
2025-26,2026-04-02,0022501117,GSW,CLE,1,0,1419.1488845093577,1409.395656651361,-9.753227857996643,1620.7225090939587,0.277103522763994,7.0,-7.0,0.1732351578346601,1.17323515783466,77
2025-26,2026-04-05,0022501142,GSW,HOU,1,0,1409.395656651361,1400.4592707560307,-8.93638589533029,1599.420697233793,0.2906156517943603,1.0,-1.0,0.0249947929684206,1.0249947929684209,78
2025-26,2026-04-07,0022501154,GSW,SAC,1,1,1400.4592707560307,1412.003036719298,11.543765963267282,1321.9602200775491,0.6577656677491188,5.0,5.0,0.1243530017715962,1.124353001771596,79
2025-26,2026-04-09,0022501170,GSW,LAL,1,0,1412.003036719298,1400.581567411934,-11.421469307364088,1614.6295105260326,0.2758911046656438,16.0,-16.0,0.3799489622552249,1.379948962255225,80
2025-26,2026-04-10,0022501184,GSW,SAC,0,0,1400.581567411934,1380.634792197004,-19.94677521492975,1310.4164541142818,0.5787284956332034,6.0,-6.0,0.1488850336233179,1.1488850336233178,81
2025-26,2026-04-12,0022501199,GSW,LAC,0,0,1380.634792197004,1372.2239656351037,-8.410826561900599,1537.0831790418113,0.2493530812431093,5.0,-5.0,0.1243530017715962,1.124353001771596,82
2025-26,2025-10-21,0022500001,HOU,OKC,0,0,1500.0,1486.1687003763311,-13.831299623668578,1500.0,0.449800646746463,1.0,-1.0,0.0249947929684206,1.0249947929684209,1
2025-26,2025-10-24,0022500093,HOU,DET,1,0,1486.1687003763311,1467.9702586449605,-18.198441731371037,1485.1610587443392,0.5516344272490369,4.0,-4.0,0.0996679946249558,1.099667994624956,2
2025-26,2025-10-27,0022500116,HOU,BKN,1,1,1467.9702586449605,1488.294265519772,20.324006874811666,1448.512171981223,0.577735912245524,28.0,28.0,0.6043677771171634,1.6043677771171634,3
2025-26,2025-10-29,0022500131,HOU,TOR,0,1,1488.294265519772,1510.6625016282403,22.368236108468476,1470.2449811114843,0.4756252957985685,18.0,18.0,0.4218990052500079,1.4218990052500078,4
2025-26,2025-11-01,0022500146,HOU,BOS,0,1,1510.6625016282403,1537.8853378534452,27.222836225204944,1525.5715215491134,0.4286651436042085,27.0,27.0,0.5882592563981054,1.5882592563981053,5
2025-26,2025-11-03,0022500160,HOU,DAL,1,1,1537.8853378534452,1549.9824337304528,12.09709587700771,1455.1507209101244,0.663232970963649,8.0,8.0,0.197375320224904,1.197375320224904,6
2025-26,2025-11-05,0022500176,HOU,MEM,0,1,1549.9824337304528,1566.659614365866,16.67718063541323,1451.2154942536838,0.5907512839732902,15.0,15.0,0.3583573983507859,1.358357398350786,7
2025-26,2025-11-07,0022500032,HOU,SAS,0,0,1566.659614365866,1548.544329799645,-18.115284566220968,1548.2693173592318,0.4761149093615119,11.0,-11.0,0.2682711820216014,1.2682711820216013,8
2025-26,2025-11-09,0022500191,HOU,MIL,0,1,1548.544329799645,1567.553609673757,19.00927987411175,1541.4557335007223,0.4599184500745341,7.0,7.0,0.1732351578346601,1.17323515783466,9
2025-26,2025-11-12,0022500218,HOU,WAS,1,1,1567.553609673757,1576.2208000386518,8.667190364894886,1350.8780872689576,0.8098076413061923,23.0,23.0,0.5190218338982221,1.519021833898222,10
2025-26,2025-11-14,0022500042,HOU,POR,1,1,1576.2208000386518,1593.7528558356605,17.532055797008564,1526.3325052119042,0.6197898412335114,24.0,24.0,0.5370495669980352,1.5370495669980353,11
2025-26,2025-11-16,0022500236,HOU,ORL,1,1,1593.7528558356605,1605.6362896883563,11.883433852696005,1528.962275912348,0.6397872233322303,4.0,4.0,0.0996679946249558,1.099667994624956,12
2025-26,2025-11-19,0022500255,HOU,CLE,0,1,1605.6362896883563,1624.4267581654435,18.790468477087177,1572.8073701772223,0.496875604686595,10.0,10.0,0.2449186624037091,1.2449186624037092,13
2025-26,2025-11-21,0022500054,HOU,DEN,1,0,1624.4267581654435,1606.2629516762704,-18.163806489173226,1615.2095530619438,0.5632923269440973,3.0,-3.0,0.074859690687499,1.0748596906874992,14
2025-26,2025-11-24,0022500290,HOU,PHX,0,1,1606.2629516762704,1629.7530410780494,23.490089401779056,1586.4353836252092,0.4781789847147664,22.0,22.0,0.5005202111902353,1.5005202111902354,15
2025-26,2025-11-26,0022500066,HOU,GSW,0,1,1629.7530410780494,1642.1985761360554,12.44553505800603,1507.680199212465,0.6227487108582379,4.0,4.0,0.0996679946249558,1.099667994624956,16
2025-26,2025-11-30,0022500301,HOU,UTA,0,1,1642.1985761360554,1654.187514279271,11.988938143215549,1415.5055338572513,0.7509104351630629,28.0,28.0,0.6043677771171634,1.6043677771171634,17
2025-26,2025-12-01,0022500316,HOU,UTA,0,0,1654.187514279271,1626.3188929068103,-27.868621372460755,1403.5165957140357,0.7758252822299742,8.0,-8.0,0.197375320224904,1.197375320224904,18
2025-26,2025-12-03,0022500330,HOU,SAC,1,1,1626.3188929068103,1633.525394153867,7.206501247056718,1363.8298076070914,0.8471583007763511,26.0,26.0,0.5716699660851172,1.5716699660851172,19
2025-26,2025-12-05,0022500346,HOU,PHX,1,1,1633.525394153867,1649.3776733749237,15.852279221056676,1573.3691147152044,0.6336165681484224,19.0,19.0,0.4422303560457261,1.442230356045726,20
2025-26,2025-12-06,0022500356,HOU,DAL,0,0,1649.3776733749237,1620.2044100644102,-29.173263310513452,1432.628541536982,0.740050703601735,13.0,-13.0,0.3140209253469976,1.3140209253469977,21
2025-26,2025-12-11,0022501205,HOU,LAC,1,1,1620.2044100644102,1625.3847666415986,5.180356577188439,1372.844513681364,0.8355377158833796,2.0,2.0,0.0499583749578799,1.04995837495788,22
2025-26,2025-12-15,0022501225,HOU,DEN,0,0,1625.3847666415986,1611.201402618977,-14.18336402262156,1632.383505928491,0.4398516428238688,3.0,-3.0,0.074859690687499,1.0748596906874992,23
2025-26,2025-12-18,0022500375,HOU,NOP,0,0,1611.201402618977,1584.4379651386532,-26.76343748032386,1342.4067738157496,0.7934470591280445,5.0,-5.0,0.1243530017715962,1.124353001771596,24
2025-26,2025-12-20,0022500386,HOU,DEN,0,1,1584.4379651386532,1610.6578461969243,26.219881058271223,1660.042318345603,0.345995189017209,14.0,14.0,0.3363755443363322,1.3363755443363323,25
2025-26,2025-12-21,0022500401,HOU,SAC,0,0,1610.6578461969243,1585.9003291470844,-24.757517049840192,1329.21320579098,0.8051265957537717,1.0,-1.0,0.0249947929684206,1.0249947929684209,26
2025-26,2025-12-23,0022500422,HOU,LAC,0,0,1585.9003291470844,1553.9399452286964,-31.96038391838811,1379.3200164986588,0.7286325348984914,20.0,-20.0,0.4621171572600097,1.4621171572600098,27
2025-26,2025-12-25,0022500012,HOU,LAL,0,1,1553.9399452286964,1579.490375667824,25.550430439127364,1561.3116556484451,0.439322730173052,23.0,23.0,0.5190218338982221,1.519021833898222,28
2025-26,2025-12-27,0022500438,HOU,CLE,1,1,1579.490375667824,1592.0518248510873,12.561449183263344,1466.339015631087,0.7011599978149128,17.0,17.0,0.4011342849479459,1.401134284947946,29
2025-26,2025-12-29,0022500453,HOU,IND,1,1,1592.0518248510873,1596.39831523939,4.346490388302658,1286.602069100212,0.8765098267163932,7.0,7.0,0.1732351578346601,1.17323515783466,30
2025-26,2026-01-01,0022500471,HOU,BKN,0,1,1596.39831523939,1612.1768246199902,15.778509380600031,1447.858686257965,0.6578182486893476,24.0,24.0,0.5370495669980352,1.5370495669980353,31
2025-26,2026-01-03,0022500491,HOU,DAL,0,0,1612.1768246199902,1586.9621622453185,-25.214662374671985,1403.0077202868597,0.7315690615027792,6.0,-6.0,0.1488850336233179,1.1488850336233178,32
2025-26,2026-01-05,0022500505,HOU,PHX,1,1,1586.9621622453185,1602.0612037183284,15.099041473010145,1599.8691947209638,0.5317515515799546,3.0,3.0,0.074859690687499,1.0748596906874992,33
2025-26,2026-01-07,0022500527,HOU,POR,0,0,1602.0612037183284,1583.876396907875,-18.18480681045335,1502.8432354937097,0.5913788354569592,1.0,-1.0,0.0249947929684206,1.0249947929684209,34
2025-26,2026-01-09,0022500540,HOU,POR,0,0,1583.876396907875,1565.264755887738,-18.6116410201371,1521.028042304163,0.5399913967440324,6.0,-6.0,0.1488850336233179,1.1488850336233178,35
2025-26,2026-01-11,0022500557,HOU,SAC,0,0,1565.264755887738,1533.6552297615713,-31.609526126166756,1287.422477288728,0.8018524290958184,13.0,-13.0,0.3140209253469976,1.3140209253469977,36
2025-26,2026-01-13,0022500565,HOU,CHI,1,1,1533.6552297615713,1544.70610465227,11.050874890698598,1438.2112136916785,0.6793739272632965,6.0,6.0,0.1488850336233179,1.1488850336233178,37
2025-26,2026-01-15,0022500581,HOU,OKC,1,0,1544.70610465227,1530.099795428399,-14.606309223871085,1700.3830452155662,0.3329945016454343,20.0,-20.0,0.4621171572600097,1.4621171572600098,38
2025-26,2026-01-16,0022500591,HOU,MIN,1,1,1530.099795428399,1550.0012046211802,19.90140919278128,1628.3347445820664,0.4099892957276033,5.0,5.0,0.1243530017715962,1.124353001771596,39
2025-26,2026-01-18,0022500604,HOU,NOP,1,1,1550.0012046211802,1556.3945470385793,6.393342417399073,1315.0308884201788,0.8255013745718279,9.0,9.0,0.2212784678984439,1.221278467898444,40
2025-26,2026-01-20,0022500615,HOU,SAS,1,1,1556.3945470385793,1575.938709411011,19.5441623724317,1647.0521524893516,0.42058047779073,5.0,5.0,0.1243530017715962,1.124353001771596,41
2025-26,2026-01-22,0022500628,HOU,PHI,0,0,1575.938709411011,1557.6600644015232,-18.27864500948771,1519.8373795599357,0.5303299713648194,6.0,-6.0,0.1488850336233179,1.1488850336233178,42
2025-26,2026-01-23,0022500635,HOU,DET,0,1,1557.6600644015232,1582.107083725882,24.447019324358788,1665.3864727987534,0.3054242888107057,7.0,7.0,0.1732351578346601,1.17323515783466,43
2025-26,2026-01-26,0022500662,HOU,MEM,1,1,1582.107083725882,1591.061878691717,8.954794965835188,1421.040572936694,0.755589594532456,9.0,9.0,0.2212784678984439,1.221278467898444,44
2025-26,2026-01-28,0022500679,HOU,SAS,1,0,1591.061878691717,1570.5341268465477,-20.527751845169625,1605.2648173023172,0.5298936820108223,12.0,-12.0,0.2913126124515909,1.2913126124515908,45
2025-26,2026-01-29,0022500682,HOU,ATL,0,1,1570.5341268465477,1590.536066494417,20.00193964786937,1513.8971113097966,0.5310979759224064,18.0,18.0,0.4218990052500079,1.4218990052500078,46
2025-26,2026-01-31,0022500701,HOU,DAL,1,1,1590.536066494417,1599.0917547017632,8.555688207346341,1443.237718435249,0.7406584457258764,4.0,4.0,0.0996679946249558,1.099667994624956,47
2025-26,2026-02-02,0022500713,HOU,IND,0,1,1599.0917547017632,1607.8353082931724,8.74355359140908,1386.907421052961,0.7349638365353146,4.0,4.0,0.0996679946249558,1.099667994624956,48
2025-26,2026-02-04,0022500728,HOU,BOS,1,0,1607.8353082931724,1583.7107464138728,-24.124561879299662,1613.0375324484437,0.5427776126939096,21.0,-21.0,0.4815497983643079,1.481549798364308,49
2025-26,2026-02-05,0022500737,HOU,CHA,1,0,1583.7107464138728,1563.3252845375994,-20.38546187627346,1586.7743512848094,0.5458311586106056,10.0,-10.0,0.2449186624037091,1.2449186624037092,50
2025-26,2026-02-07,0022500748,HOU,OKC,0,1,1563.3252845375994,1586.585741257819,23.26045672021974,1655.190870759007,0.3251295520010493,6.0,6.0,0.1488850336233179,1.1488850336233178,51
2025-26,2026-02-10,0022500772,HOU,LAC,1,1,1586.585741257819,1601.5789713701424,14.993230112323234,1569.7703878497066,0.5740203200185102,7.0,7.0,0.1732351578346601,1.17323515783466,52
2025-26,2026-02-11,0022500782,HOU,LAC,1,0,1601.5789713701424,1581.7286505678896,-19.85032080225284,1554.7771577373833,0.6155941708558019,3.0,-3.0,0.074859690687499,1.0748596906874992,53
2025-26,2026-02-19,0022500792,HOU,CHA,0,1,1581.7286505678896,1601.338145815709,19.60949524781929,1613.125700696476,0.405593465674242,4.0,4.0,0.0996679946249558,1.099667994624956,54
2025-26,2026-02-21,0022500816,HOU,NYK,0,0,1601.338145815709,1587.2737390729749,-14.064406742734,1603.651828122281,0.4465068037672828,2.0,-2.0,0.0499583749578799,1.04995837495788,55
2025-26,2026-02-23,0022500830,HOU,UTA,1,1,1587.2737390729749,1594.0890169820216,6.8152779090467135,1328.160149453562,0.8446253577057518,20.0,20.0,0.4621171572600097,1.4621171572600098,56
2025-26,2026-02-25,0022500845,HOU,SAC,1,1,1594.0890169820216,1599.2857895456054,5.19677256358394,1256.8286522479236,0.8950037164892827,31.0,31.0,0.6498274636719203,1.6498274636719203,57
2025-26,2026-02-26,0022500852,HOU,ORL,0,1,1599.2857895456054,1613.861565476462,14.575775930856423,1516.827286120974,0.5678766393386543,5.0,5.0,0.1243530017715962,1.124353001771596,58
2025-26,2026-02-28,0022500864,HOU,MIA,0,0,1613.861565476462,1591.0323378947974,-22.82922758166458,1500.2317713208845,0.6112642341250241,10.0,-10.0,0.2449186624037091,1.2449186624037092,59
2025-26,2026-03-02,0022500879,HOU,WAS,0,1,1591.0323378947974,1597.840372682465,6.808034787667655,1317.1945335358805,0.7981643731419902,5.0,5.0,0.1243530017715962,1.124353001771596,60
2025-26,2026-03-05,0022500902,HOU,GSW,1,0,1597.840372682465,1575.2026633223943,-22.63770936007051,1469.901296592035,0.7186859307947531,2.0,-2.0,0.0499583749578799,1.04995837495788,61
2025-26,2026-03-06,0022500910,HOU,POR,1,1,1575.2026633223943,1586.5045501766936,11.301886854298951,1480.1390109489687,0.6788968014688013,7.0,7.0,0.1732351578346601,1.17323515783466,62
2025-26,2026-03-08,0022500927,HOU,SAS,0,0,1586.5045501766936,1575.2718731755767,-11.23267700111688,1750.9386252923691,0.2408482140586334,25.0,-25.0,0.5545997223493823,1.5545997223493822,63
2025-26,2026-03-10,0022500940,HOU,TOR,1,1,1575.2718731755767,1590.9241755319415,15.652302356365068,1532.8700481448006,0.6095832387160732,14.0,14.0,0.3363755443363322,1.3363755443363323,64
2025-26,2026-03-11,0022500950,HOU,DEN,0,0,1590.9241755319415,1563.399993386848,-27.524182145093956,1531.8675960872845,0.5345649808814406,36.0,-36.0,0.7162978701990245,1.7162978701990244,65
2025-26,2026-03-13,0022500964,HOU,NOP,1,1,1563.399993386848,1572.6239091924372,9.223915805589211,1445.2403237044753,0.7071656672116728,2.0,2.0,0.0499583749578799,1.04995837495788,66
2025-26,2026-03-16,0022500989,HOU,LAL,1,0,1572.6239091924372,1554.5888673175475,-18.03504187488952,1606.1844524558887,0.5020715329120023,8.0,-8.0,0.197375320224904,1.197375320224904,67
2025-26,2026-03-18,0022501007,HOU,LAL,1,0,1554.5888673175475,1538.4125572958565,-16.176310021691393,1624.2194943307782,0.4503269150019723,8.0,-8.0,0.197375320224904,1.197375320224904,68
2025-26,2026-03-20,0022501018,HOU,ATL,1,1,1538.4125572958565,1562.935131887461,24.522574591604595,1604.5964978714062,0.4552428238170166,22.0,22.0,0.5005202111902353,1.5005202111902354,69
2025-26,2026-03-21,0022501027,HOU,MIA,1,1,1562.935131887461,1575.9530002734998,13.017868386038836,1544.2482343699062,0.5766525360147234,1.0,1.0,0.0249947929684206,1.0249947929684209,70
2025-26,2026-03-23,0022501042,HOU,CHI,0,0,1575.9530002734998,1549.1304773766983,-26.82252289680152,1353.1455896103582,0.7467032946629584,8.0,-8.0,0.197375320224904,1.197375320224904,71
2025-26,2026-03-25,0022501058,HOU,MIN,0,0,1549.1304773766983,1536.2789862500615,-12.851491126636596,1578.7950807382808,0.4080000195929083,2.0,-2.0,0.0499583749578799,1.04995837495788,72
2025-26,2026-03-27,0022501069,HOU,MEM,0,1,1536.2789862500615,1544.6600581703983,8.381071920336609,1285.8404763337887,0.7755925166453767,10.0,10.0,0.2449186624037091,1.2449186624037092,73
2025-26,2026-03-29,0022501088,HOU,NOP,0,1,1544.6600581703983,1565.3358974054972,20.675839235098895,1449.423099131543,0.5858296802786227,32.0,32.0,0.664036770267849,1.664036770267849,74
2025-26,2026-03-31,0022501102,HOU,NYK,1,1,1565.3358974054972,1588.5730003994047,23.237102993907417,1637.173962014078,0.4471835368544349,17.0,17.0,0.4011342849479459,1.401134284947946,75
2025-26,2026-04-01,0022501110,HOU,MIL,1,1,1588.5730003994047,1594.6846077478538,6.11160734844915,1356.983662681903,0.822680042836124,6.0,6.0,0.1488850336233179,1.1488850336233178,76
2025-26,2026-04-03,0022501124,HOU,UTA,1,1,1594.6846077478538,1599.420697233793,4.736089485939243,1234.7645618116123,0.9066450832756712,34.0,34.0,0.6910694698329306,1.6910694698329305,77
2025-26,2026-04-05,0022501142,HOU,GSW,0,1,1599.420697233793,1608.357083129123,8.93638589533029,1409.395656651361,0.7093843482056397,1.0,1.0,0.0249947929684206,1.0249947929684209,78
2025-26,2026-04-07,0022501157,HOU,PHX,0,1,1608.357083129123,1624.352024345544,15.994941216421,1502.1698167937552,0.6010367673416142,14.0,14.0,0.3363755443363322,1.3363755443363323,79
2025-26,2026-04-09,0022501169,HOU,PHI,1,1,1624.352024345544,1636.609738710429,12.257714364884889,1530.1324498706326,0.6778366609432768,11.0,11.0,0.2682711820216014,1.2682711820216013,80
2025-26,2026-04-10,0022501178,HOU,MIN,1,0,1636.609738710429,1613.690102347215,-22.91963636321358,1528.7453979775948,0.6947441250523488,4.0,-4.0,0.0996679946249558,1.099667994624956,81
2025-26,2026-04-12,0022501194,HOU,MEM,1,1,1613.690102347215,1617.4767041131608,3.7866017659455977,1215.9922238243112,0.9234949946923948,31.0,31.0,0.6498274636719203,1.6498274636719203,82
2025-26,2025-10-23,0022500005,IND,OKC,1,0,1500.0,1481.718025656538,-18.28197434346196,1513.8312996236689,0.5304265674522379,6.0,-6.0,0.1488850336233179,1.1488850336233178,1
2025-26,2025-10-25,0022500103,IND,MEM,0,0,1481.718025656538,1461.0179167343354,-20.70010892220268,1485.902782463809,0.4438464903990362,25.0,-25.0,0.5545997223493823,1.5545997223493822,2
2025-26,2025-10-26,0022500110,IND,MIN,0,0,1461.0179167343354,1447.8283304883228,-13.189586246012611,1496.5955036255798,0.3998051020999584,4.0,-4.0,0.0996679946249558,1.099667994624956,3
2025-26,2025-10-29,0022500133,IND,DAL,0,0,1447.8283304883228,1434.054125323449,-13.774205164873855,1456.6317602862466,0.4372936900292649,2.0,-2.0,0.0499583749578799,1.04995837495788,4
2025-26,2025-10-31,0022500020,IND,ATL,1,0,1434.054125323449,1412.7766353688032,-21.277489954645812,1479.4218876474845,0.4850840178115315,20.0,-20.0,0.4621171572600097,1.4621171572600098,5
2025-26,2025-11-01,0022500144,IND,GSW,1,1,1412.7766353688032,1433.5993187780698,20.82268340926658,1530.848987522612,0.3826765740991442,5.0,5.0,0.1243530017715962,1.124353001771596,6
2025-26,2025-11-03,0022500157,IND,MIL,1,0,1433.5993187780698,1420.7186595791347,-12.880659198934996,1532.5981521804626,0.4089260268516744,2.0,-2.0,0.0499583749578799,1.04995837495788,7
2025-26,2025-11-05,0022500173,IND,BKN,1,0,1420.7186595791347,1398.3489353133627,-22.36972426577188,1377.6073149890865,0.610554836694079,9.0,-9.0,0.2212784678984439,1.221278467898444,8
2025-26,2025-11-08,0022500189,IND,DEN,0,0,1398.3489353133627,1388.8438877985968,-9.505047514765993,1577.0754021425166,0.2261274458576518,17.0,-17.0,0.4011342849479459,1.401134284947946,9
2025-26,2025-11-09,0022500196,IND,GSW,0,0,1388.8438877985968,1373.344151680068,-15.499736118528688,1490.2806328608392,0.3131587284089264,31.0,-31.0,0.6498274636719203,1.6498274636719203,10
2025-26,2025-11-11,0022500211,IND,UTA,0,0,1373.344151680068,1355.8902853741831,-17.453866305884862,1424.4835457978536,0.3785144968784465,24.0,-24.0,0.5370495669980352,1.5370495669980353,11
2025-26,2025-11-13,0022500226,IND,PHX,0,0,1355.8902853741831,1344.628852566492,-11.261432807691186,1540.4491557941142,0.220306273259765,35.0,-35.0,0.703905603936621,1.703905603936621,12
2025-26,2025-11-15,0022500230,IND,TOR,1,0,1344.628852566492,1333.30654985646,-11.32230271003206,1556.464983782873,0.2654267911721643,18.0,-18.0,0.4218990052500079,1.4218990052500078,13
2025-26,2025-11-17,0022500242,IND,DET,0,0,1333.30654985646,1327.7340581401131,-5.572491716346698,1618.3963720091613,0.1367458403095874,15.0,-15.0,0.3583573983507859,1.358357398350786,14
2025-26,2025-11-19,0022500256,IND,CHA,1,1,1327.7340581401131,1349.103344524476,21.369286384362766,1421.1250581602617,0.4167509172816612,9.0,9.0,0.2212784678984439,1.221278467898444,15
2025-26,2025-11-21,0022500048,IND,CLE,0,0,1349.103344524476,1341.461762165164,-7.641582359311905,1554.0169017001351,0.2008398642087296,11.0,-11.0,0.2682711820216014,1.2682711820216013,16
2025-26,2025-11-24,0022500283,IND,DET,1,0,1341.461762165164,1335.7757714017655,-5.6859907633981335,1653.678997839134,0.1685707470411562,5.0,-5.0,0.1243530017715962,1.124353001771596,17
2025-26,2025-11-26,0022500063,IND,TOR,0,0,1335.7757714017655,1331.5253645250666,-4.250406876699005,1623.539616938567,0.1349389010102269,2.0,-2.0,0.0499583749578799,1.04995837495788,18
2025-26,2025-11-28,0022500073,IND,WAS,1,1,1331.5253645250666,1354.1987555315134,22.67339100644671,1331.990632931652,0.5495364387107095,33.0,33.0,0.6777821008468294,1.6777821008468294,19
2025-26,2025-11-29,0022500295,IND,CHI,1,1,1354.1987555315134,1372.853192222042,18.654436690528716,1454.0272380203996,0.4077721829916335,2.0,2.0,0.0499583749578799,1.04995837495788,20
2025-26,2025-12-01,0022500310,IND,CLE,1,0,1372.853192222042,1358.7190183685136,-14.134173853528353,1521.982729612802,0.3414177924964494,16.0,-16.0,0.3799489622552249,1.379948962255225,21
2025-26,2025-12-03,0022500325,IND,DEN,1,0,1358.7190183685136,1348.6650868846784,-10.053931483835242,1587.6218377751734,0.2467178740058142,15.0,-15.0,0.3583573983507859,1.358357398350786,22
2025-26,2025-12-05,0022500345,IND,CHI,0,1,1348.6650868846784,1374.169378821022,25.5042919363436,1403.043129429768,0.3741388933597551,15.0,15.0,0.3583573983507859,1.358357398350786,23
2025-26,2025-12-08,0022500364,IND,SAC,1,1,1374.169378821022,1392.1390712976167,17.96969247659472,1389.8936241005676,0.5277116142739716,11.0,11.0,0.2682711820216014,1.2682711820216013,24
2025-26,2025-12-12,0022501211,IND,PHI,0,0,1392.1390712976167,1381.4438502687626,-10.695221028854014,1515.7572960280652,0.2863700082542878,10.0,-10.0,0.2449186624037091,1.2449186624037092,25
2025-26,2025-12-14,0022501216,IND,WAS,1,0,1381.4438502687626,1352.060524654716,-29.383325614046605,1286.2041213889818,0.6791177172419975,19.0,-19.0,0.4422303560457261,1.442230356045726,26
2025-26,2025-12-18,0022500372,IND,NYK,1,0,1352.060524654716,1346.5043670068717,-5.556157647844606,1649.667386644803,0.1806889714939845,1.0,-1.0,0.0249947929684206,1.0249947929684209,27
2025-26,2025-12-20,0022500389,IND,NOP,0,0,1346.5043670068717,1328.4289261875842,-18.07544081928724,1369.1702112960734,0.4177659216854943,19.0,-19.0,0.4422303560457261,1.442230356045726,28
2025-26,2025-12-22,0022500403,IND,BOS,0,0,1328.4289261875842,1323.25112717832,-5.177799009264167,1602.871951641223,0.1441430246586235,8.0,-8.0,0.197375320224904,1.197375320224904,29
2025-26,2025-12-23,0022500413,IND,MIL,1,0,1323.25112717832,1304.2966530540527,-18.9544741242673,1392.4573992740677,0.4509316565369151,17.0,-17.0,0.4011342849479459,1.401134284947946,30
2025-26,2025-12-26,0022500426,IND,BOS,1,0,1304.2966530540527,1296.8099171017163,-7.486735952336401,1608.049750650487,0.175510260684092,18.0,-18.0,0.4218990052500079,1.4218990052500078,31
2025-26,2025-12-27,0022500436,IND,MIA,0,0,1296.8099171017163,1286.602069100212,-10.207848001504232,1485.2455810625804,0.216496852006214,26.0,-26.0,0.5716699660851172,1.5716699660851172,32
2025-26,2025-12-29,0022500453,IND,HOU,0,0,1286.602069100212,1282.2555787119093,-4.346490388302658,1592.0518248510873,0.1234901732836067,7.0,-7.0,0.1732351578346601,1.17323515783466,33
2025-26,2025-12-31,0022500464,IND,ORL,1,0,1282.2555787119093,1275.2781180551062,-6.977460656803081,1535.593949776735,0.2215154690325378,2.0,-2.0,0.0499583749578799,1.04995837495788,34
2025-26,2026-01-02,0022500476,IND,SAS,1,0,1275.2781180551062,1270.930817683119,-4.347300371987314,1662.3972007222744,0.1164011889096292,10.0,-10.0,0.2449186624037091,1.2449186624037092,35
2025-26,2026-01-04,0022500495,IND,ORL,0,0,1270.930817683119,1265.1143628065538,-5.816454876565005,1521.5217982195354,0.1619223529531379,8.0,-8.0,0.197375320224904,1.197375320224904,36
2025-26,2026-01-06,0022500510,IND,CLE,1,0,1265.1143628065538,1257.7252897264575,-7.389073080096359,1515.980924336024,0.2239789074585315,4.0,-4.0,0.0996679946249558,1.099667994624956,37
2025-26,2026-01-08,0022500528,IND,CHA,0,1,1257.7252897264575,1282.5825893396711,24.8572996132136,1452.001662796295,0.2108480930903326,2.0,2.0,0.0499583749578799,1.04995837495788,38
2025-26,2026-01-10,0022500543,IND,MIA,1,1,1282.5825893396711,1317.674215934214,35.09162659454298,1518.7935517160215,0.2389829764766063,24.0,24.0,0.5370495669980352,1.5370495669980353,39
2025-26,2026-01-12,0022500559,IND,BOS,1,1,1317.674215934214,1343.4400750958705,25.765859161656447,1613.7425605941949,0.182003789350536,2.0,2.0,0.0499583749578799,1.04995837495788,40
2025-26,2026-01-14,0022500571,IND,TOR,1,0,1343.4400750958705,1331.6625720235108,-11.777503072359751,1530.8178231899458,0.2937673002241962,14.0,-14.0,0.3363755443363322,1.3363755443363323,41
2025-26,2026-01-16,0022500588,IND,NOP,1,1,1331.6625720235108,1347.7944021521253,16.13183012861435,1331.1627185487932,0.5509113459488961,8.0,8.0,0.197375320224904,1.197375320224904,42
2025-26,2026-01-17,0022500595,IND,DET,0,0,1347.7944021521253,1340.7277627243618,-7.066639427763429,1640.7373293484022,0.1314965161632573,43.0,-43.0,0.7913375537619973,1.791337553761997,43
2025-26,2026-01-19,0022500609,IND,PHI,0,0,1340.7277627243618,1332.719179774583,-8.008582949778859,1527.032641680859,0.2185846815526,9.0,-9.0,0.2212784678984439,1.221278467898444,44
2025-26,2026-01-21,0022500621,IND,BOS,0,0,1332.719179774583,1326.8273545475774,-5.891825227005476,1606.544692598664,0.1445821066473099,15.0,-15.0,0.3583573983507859,1.358357398350786,45
2025-26,2026-01-23,0022500641,IND,OKC,0,1,1326.8273545475774,1356.5229042064732,29.695549658895683,1718.2714082681682,0.0790875647561066,3.0,3.0,0.074859690687499,1.0748596906874992,46
2025-26,2026-01-26,0022500659,IND,ATL,0,0,1356.5229042064732,1344.3928478471385,-12.13005635933482,1474.537443657116,0.2930073669659708,16.0,-16.0,0.3799489622552249,1.379948962255225,47
2025-26,2026-01-28,0022500672,IND,CHI,1,1,1344.3928478471385,1365.6200780539994,21.227230206860845,1493.300235312371,0.341705390611385,3.0,3.0,0.074859690687499,1.0748596906874992,48
2025-26,2026-01-31,0022500698,IND,ATL,1,1,1365.6200780539994,1386.907421052961,21.28734299896145,1493.8951716619272,0.3689009600656299,5.0,5.0,0.1243530017715962,1.124353001771596,49
2025-26,2026-02-02,0022500713,IND,HOU,1,0,1386.907421052961,1378.1638674615515,-8.74355359140908,1599.0917547017632,0.2650361634646854,4.0,-4.0,0.0996679946249558,1.099667994624956,50
2025-26,2026-02-03,0022500717,IND,UTA,1,0,1378.1638674615515,1354.4872519294736,-23.676615532078102,1308.501320892267,0.6462248688409405,9.0,-9.0,0.2212784678984439,1.221278467898444,51
2025-26,2026-02-06,0022500743,IND,MIL,0,0,1354.4872519294736,1341.813620714424,-12.673631215049785,1413.652993879483,0.3677081356893208,6.0,-6.0,0.1488850336233179,1.1488850336233178,52
2025-26,2026-02-08,0022500759,IND,TOR,0,0,1341.813620714424,1332.989144913481,-8.824475800943256,1540.2716613355524,0.2068706654120318,18.0,-18.0,0.4218990052500079,1.4218990052500078,53
2025-26,2026-02-10,0022500771,IND,NYK,0,1,1332.989144913481,1360.928967316854,27.939822403373213,1622.8502694018218,0.1335358265690656,3.0,3.0,0.074859690687499,1.0748596906874992,54
2025-26,2026-02-11,0022500779,IND,BKN,0,1,1360.928967316854,1378.6225704713788,17.69360315452492,1343.006370497864,0.4754434142229399,5.0,5.0,0.1243530017715962,1.124353001771596,55
2025-26,2026-02-19,0022500795,IND,WAS,0,0,1378.6225704713788,1360.1647344236612,-18.45783604771753,1326.6443301317145,0.5244142212087468,7.0,-7.0,0.1732351578346601,1.17323515783466,56
2025-26,2026-02-20,0022500803,IND,WAS,0,0,1360.1647344236612,1341.5842479708356,-18.5804864528257,1345.102166179432,0.4713391822614771,13.0,-13.0,0.3140209253469976,1.3140209253469977,57
2025-26,2026-02-22,0022500821,IND,DAL,1,0,1341.5842479708356,1325.0723556583798,-16.511892312455696,1376.228863628016,0.5005114390029181,4.0,-4.0,0.0996679946249558,1.099667994624956,58
2025-26,2026-02-24,0022500831,IND,PHI,1,0,1325.0723556583798,1311.8290151129452,-13.24334054543464,1508.9527314174177,0.2979614221102756,21.0,-21.0,0.4815497983643079,1.481549798364308,59
2025-26,2026-02-26,0022500848,IND,CHA,1,0,1311.8290151129452,1303.161822468236,-8.667192644709203,1601.0318955405646,0.1879616817137271,24.0,-24.0,0.5370495669980352,1.5370495669980353,60
2025-26,2026-03-01,0022500872,IND,MEM,1,0,1303.161822468236,1282.4950110098346,-20.666811458401273,1353.6965698325791,0.4776585878894099,19.0,-19.0,0.4422303560457261,1.442230356045726,61
2025-26,2026-03-04,0022500898,IND,LAC,0,0,1282.4950110098346,1276.1272881042512,-6.367722905583297,1563.2287685614772,0.1397329685784698,23.0,-23.0,0.5190218338982221,1.519021833898222,62
2025-26,2026-03-06,0022500914,IND,LAL,0,0,1276.1272881042512,1270.1893002630784,-5.9379878411729035,1534.3284873688788,0.1560651466696541,11.0,-11.0,0.2682711820216014,1.2682711820216013,63
2025-26,2026-03-08,0022500929,IND,POR,0,0,1270.1893002630784,1261.123085753418,-9.066214509660574,1468.8371240946697,0.2066914739502487,20.0,-20.0,0.4621171572600097,1.4621171572600098,64
2025-26,2026-03-10,0022500945,IND,SAC,0,0,1261.123085753418,1246.6787672654418,-14.444318487976036,1276.343574507379,0.4282260839557424,5.0,-5.0,0.1243530017715962,1.124353001771596,65
2025-26,2026-03-12,0022500954,IND,PHX,1,0,1246.6787672654418,1239.7907675607992,-6.8879997046426436,1558.3302666911277,0.1690276730067636,15.0,-15.0,0.3583573983507859,1.358357398350786,66
2025-26,2026-03-13,0022500962,IND,NYK,1,0,1239.7907675607992,1235.7780469437002,-4.0127206170989504,1638.838779093467,0.1095224041192389,9.0,-9.0,0.2212784678984439,1.221278467898444,67
2025-26,2026-03-15,0022500979,IND,MIL,0,0,1235.7780469437002,1225.9021879903005,-9.875858953399684,1382.8768723663434,0.259562231731801,11.0,-11.0,0.2682711820216014,1.2682711820216013,68
2025-26,2026-03-17,0022500994,IND,NYK,0,0,1225.9021879903005,1222.751252322208,-3.150935668092455,1648.9041406579477,0.0668277635908752,26.0,-26.0,0.5716699660851172,1.5716699660851172,69
2025-26,2026-03-18,0022501001,IND,POR,1,0,1222.751252322208,1214.7387473719846,-8.012504950223404,1474.5401111255594,0.2230574606219657,8.0,-8.0,0.197375320224904,1.197375320224904,70
2025-26,2026-03-21,0022501028,IND,SAS,0,0,1214.7387473719846,1213.476482432597,-1.2622649393873135,1777.8666053003049,0.0309752779575257,15.0,-15.0,0.3583573983507859,1.358357398350786,71
2025-26,2026-03-23,0022501039,IND,ORL,0,1,1213.476482432597,1241.5929475286744,28.116465096077,1546.376630884277,0.1073784203681751,2.0,2.0,0.0499583749578799,1.04995837495788,72
2025-26,2026-03-25,0022501052,IND,LAL,1,0,1241.5929475286744,1237.9872166498158,-3.605730878858632,1653.6227541534226,0.1024441080653549,7.0,-7.0,0.1732351578346601,1.17323515783466,73
2025-26,2026-03-27,0022501066,IND,LAC,1,0,1237.9872166498158,1233.2939825816486,-4.693234068167217,1570.765494070001,0.152626273497951,1.0,-1.0,0.0249947929684206,1.0249947929684209,74
2025-26,2026-03-29,0022501083,IND,MIA,1,1,1233.2939825816486,1267.874253378046,34.580270796397336,1534.8752289263994,0.1773267519065325,17.0,17.0,0.4011342849479459,1.401134284947946,75
2025-26,2026-04-01,0022501109,IND,CHI,0,1,1267.874253378046,1296.1919138908197,28.31766051277352,1343.8494378717614,0.3455123079779888,19.0,19.0,0.4422303560457261,1.442230356045726,76
2025-26,2026-04-03,0022501120,IND,CHA,0,0,1296.1919138908197,1291.9365564999837,-4.25535739083584,1651.2696127212823,0.0957411262974742,21.0,-21.0,0.4815497983643079,1.481549798364308,77
2025-26,2026-04-05,0022501136,IND,CLE,0,0,1291.9365564999837,1288.114937248049,-3.821619251934552,1630.4757369519552,0.104306521195796,9.0,-9.0,0.2212784678984439,1.221278467898444,78
2025-26,2026-04-07,0022501152,IND,MIN,1,0,1288.114937248049,1278.1776489576307,-9.937288290418238,1536.422004039654,0.2265502058909469,20.0,-20.0,0.4621171572600097,1.4621171572600098,79
2025-26,2026-04-09,0022501167,IND,BKN,0,1,1278.1776489576307,1305.2446823125276,27.067033354896846,1282.9131231743518,0.4430640805533429,29.0,29.0,0.619996867969374,1.619996867969374,80
2025-26,2026-04-10,0022501175,IND,PHI,1,0,1305.2446823125276,1295.179555113323,-10.065127199204698,1517.8747355057478,0.2645366738040221,11.0,-11.0,0.2682711820216014,1.2682711820216013,81
2025-26,2026-04-12,0022501188,IND,DET,1,0,1295.179555113323,1291.174073984591,-4.005481128731989,1705.419085191749,0.103395596338919,12.0,-12.0,0.2913126124515909,1.2913126124515908,82
2025-26,2025-10-22,0022500087,LAC,UTA,0,0,1500.0,1480.0079382752592,-19.99206172474073,1500.0,0.449800646746463,21.0,-21.0,0.4815497983643079,1.481549798364308,1
2025-26,2025-10-24,0022500099,LAC,PHX,1,1,1480.0079382752592,1503.8202388842728,23.81230060901355,1514.8389412556608,0.5002432062421243,27.0,27.0,0.5882592563981054,1.5882592563981053,2
2025-26,2025-10-26,0022500112,LAC,POR,1,1,1503.8202388842728,1519.707486818241,15.887247933968188,1504.928536700728,0.5486199611426031,7.0,7.0,0.1732351578346601,1.17323515783466,3
2025-26,2025-10-28,0022500127,LAC,GSW,0,0,1519.707486818241,1500.84165341979,-18.865833398450985,1529.4006890179553,0.4360337519215005,19.0,-19.0,0.4422303560457261,1.442230356045726,4
2025-26,2025-10-31,0022500027,LAC,NOP,1,1,1500.84165341979,1511.655962793364,10.8143093735742,1423.1836465124966,0.6566749809166474,2.0,2.0,0.0499583749578799,1.04995837495788,5
2025-26,2025-11-03,0022500164,LAC,MIA,1,0,1511.655962793364,1495.1614192348702,-16.49454355849379,1521.3103893036907,0.53641064558403,1.0,-1.0,0.0249947929684206,1.0249947929684209,6
2025-26,2025-11-04,0022500170,LAC,OKC,1,0,1495.1614192348702,1478.029214767701,-17.13220446716924,1603.523168654321,0.3959655126139009,19.0,-19.0,0.4422303560457261,1.442230356045726,7
2025-26,2025-11-06,0022500182,LAC,PHX,0,0,1478.029214767701,1460.0556477509494,-17.973567016751534,1473.7226173662723,0.4559431961862961,13.0,-13.0,0.3140209253469976,1.3140209253469977,8
2025-26,2025-11-08,0022500190,LAC,PHX,1,0,1460.0556477509494,1440.8476360908792,-19.208011660070376,1491.696184383024,0.504834505752236,11.0,-11.0,0.2682711820216014,1.2682711820216013,9
2025-26,2025-11-10,0022500206,LAC,ATL,1,0,1440.8476360908792,1426.2408918777223,-14.606744213156894,1508.6163085473609,0.4529814244503597,3.0,-3.0,0.074859690687499,1.0748596906874992,10
2025-26,2025-11-12,0022500224,LAC,DEN,1,0,1426.2408918777223,1413.8237992351442,-12.417092642578234,1600.4627882602592,0.3097206394116503,14.0,-14.0,0.3363755443363322,1.3363755443363323,11
2025-26,2025-11-14,0022500046,LAC,DAL,0,1,1413.8237992351442,1431.9780877455105,18.1542885103662,1397.409811834878,0.4732780629606958,6.0,6.0,0.1488850336233179,1.1488850336233178,12
2025-26,2025-11-16,0022500233,LAC,BOS,0,0,1431.9780877455105,1420.6147161273648,-11.36337161814578,1502.687526918732,0.3523986034827661,3.0,-3.0,0.074859690687499,1.0748596906874992,13
2025-26,2025-11-17,0022500243,LAC,PHI,0,0,1420.6147161273648,1410.912976508,-9.701739619364766,1526.2336526449326,0.3080039441167992,2.0,-2.0,0.0499583749578799,1.04995837495788,14
2025-26,2025-11-20,0022500264,LAC,ORL,0,0,1410.912976508,1397.15119197876,-13.761784529239923,1534.911090924526,0.2859233135428176,28.0,-28.0,0.6043677771171634,1.6043677771171634,15
2025-26,2025-11-22,0022500268,LAC,CHA,0,1,1397.15119197876,1419.7233022230591,22.572110244299218,1399.755771775899,0.4460929975251837,15.0,15.0,0.3583573983507859,1.358357398350786,16
2025-26,2025-11-23,0022500278,LAC,CLE,0,0,1419.7233022230591,1408.9114985631047,-10.81180365995452,1561.6584840594471,0.2653156347286654,15.0,-15.0,0.3583573983507859,1.358357398350786,17
2025-26,2025-11-25,0022500059,LAC,LAL,0,0,1408.9114985631047,1400.3232319904284,-8.588266572676343,1610.0857299915876,0.2043169990899054,17.0,-17.0,0.4011342849479459,1.401134284947946,18
2025-26,2025-11-28,0022500079,LAC,MEM,1,0,1400.3232319904284,1383.432252987278,-16.890979003150576,1434.794125661434,0.5007614446274484,5.0,-5.0,0.1243530017715962,1.124353001771596,19
2025-26,2025-11-29,0022500300,LAC,DAL,1,0,1383.432252987278,1364.2524886292622,-19.179764358015717,1361.3758828366624,0.5813804545785359,4.0,-4.0,0.0996679946249558,1.099667994624956,20
2025-26,2025-12-01,0022500313,LAC,MIA,0,0,1364.2524886292622,1356.9267227589987,-7.325765870263391,1599.484425031899,0.1742817931862387,17.0,-17.0,0.4011342849479459,1.401134284947946,21
2025-26,2025-12-03,0022500327,LAC,ATL,0,1,1356.9267227589987,1392.9264140313835,35.99969127238493,1552.0639648574922,0.21002471307473,23.0,23.0,0.5190218338982221,1.519021833898222,22
2025-26,2025-12-05,0022500347,LAC,MEM,0,0,1392.9264140313835,1379.7077732340924,-13.218640797291323,1457.2843227697172,0.3607869715970059,9.0,-9.0,0.2212784678984439,1.221278467898444,23
2025-26,2025-12-06,0022500355,LAC,MIN,0,0,1379.7077732340924,1372.844513681364,-6.8632595527282225,1571.9095752006567,0.2128420299006146,3.0,-3.0,0.074859690687499,1.0748596906874992,24
2025-26,2025-12-11,0022501205,LAC,HOU,0,0,1372.844513681364,1367.6641571041755,-5.180356577188439,1620.2044100644102,0.1644622841166204,2.0,-2.0,0.0499583749578799,1.04995837495788,25
2025-26,2025-12-15,0022501226,LAC,MEM,1,0,1367.6641571041755,1350.4064201111037,-17.25773699307211,1469.7988606351782,0.4045701541706366,18.0,-18.0,0.4218990052500079,1.4218990052500078,26
2025-26,2025-12-18,0022500369,LAC,OKC,0,0,1350.4064201111037,1346.921119515987,-3.48530059511694,1743.459364255608,0.0784156473391322,21.0,-21.0,0.4815497983643079,1.481549798364308,27
2025-26,2025-12-20,0022500395,LAC,LAL,1,1,1346.921119515987,1379.3200164986588,32.398896982672184,1617.4206558575545,0.2049491289501948,15.0,15.0,0.3583573983507859,1.358357398350786,28
2025-26,2025-12-23,0022500422,LAC,HOU,1,1,1379.3200164986588,1411.2804004170468,31.96038391838811,1585.9003291470844,0.2713674651015085,20.0,20.0,0.4621171572600097,1.4621171572600098,29
2025-26,2025-12-26,0022500431,LAC,POR,0,1,1411.2804004170468,1435.5196251947723,24.239224777725592,1436.2886299912884,0.414489824364908,16.0,16.0,0.3799489622552249,1.379948962255225,30
2025-26,2025-12-28,0022500445,LAC,DET,1,1,1435.5196251947723,1464.3956818475565,28.876056652784,1645.5232113382783,0.2674886653686379,13.0,13.0,0.3140209253469976,1.3140209253469977,31
2025-26,2025-12-30,0022500461,LAC,SAC,1,1,1464.3956818475565,1480.6874768763405,16.29179502878406,1357.537268938121,0.6935147051485526,41.0,41.0,0.7718952374404182,1.7718952374404182,32
2025-26,2026-01-01,0022500475,LAC,UTA,1,1,1480.6874768763405,1498.238474631882,17.550997755541324,1457.8621296299905,0.5824573955523621,17.0,17.0,0.4011342849479459,1.401134284947946,33
2025-26,2026-01-03,0022500493,LAC,BOS,1,0,1498.238474631882,1479.094910032544,-19.14356459933795,1613.300037454538,0.3867791232894799,31.0,-31.0,0.6498274636719203,1.6498274636719203,34
2025-26,2026-01-05,0022500508,LAC,GSW,1,1,1479.094910032544,1495.5931508172052,16.498240784661302,1539.524478673821,0.4634691188078519,1.0,1.0,0.0249947929684206,1.0249947929684209,35
2025-26,2026-01-07,0022500522,LAC,NYK,0,0,1495.5931508172052,1481.3543095539526,-14.23884126325266,1554.8735335262772,0.3675547172170248,12.0,-12.0,0.2913126124515909,1.2913126124515908,36
2025-26,2026-01-09,0022500535,LAC,BKN,0,1,1481.3543095539526,1500.6065770261162,19.25226747216356,1422.0273662255208,0.5349521854610253,16.0,16.0,0.3799489622552249,1.379948962255225,37
2025-26,2026-01-10,0022500544,LAC,DET,0,1,1500.6065770261162,1526.3361481319405,25.72957110582435,1653.235061085731,0.2534915634775851,6.0,6.0,0.1488850336233179,1.1488850336233178,38
2025-26,2026-01-12,0022500563,LAC,CHA,1,1,1526.3361481319405,1539.0968005360075,12.76065240406702,1457.7853232000652,0.6447604414832331,8.0,8.0,0.197375320224904,1.197375320224904,39
2025-26,2026-01-14,0022500577,LAC,WAS,1,1,1539.0968005360075,1548.246661917223,9.149861381215434,1362.4465945024947,0.7717741987524069,14.0,14.0,0.3363755443363322,1.3363755443363323,40
2025-26,2026-01-16,0022500590,LAC,TOR,0,1,1548.246661917223,1566.1317484917745,17.88508657455148,1542.5953262623054,0.4578640504233514,4.0,4.0,0.0996679946249558,1.099667994624956,41
2025-26,2026-01-19,0022500608,LAC,WAS,0,1,1566.1317484917745,1574.064871629417,7.933123137642445,1331.3383749783716,0.7595297496935866,4.0,4.0,0.0996679946249558,1.099667994624956,42
2025-26,2026-01-20,0022500614,LAC,CHI,0,0,1574.064871629417,1543.309138488348,-30.755733141068863,1439.8673644780197,0.6390000592909115,28.0,-28.0,0.6043677771171634,1.6043677771171634,43
2025-26,2026-01-22,0022500633,LAC,LAL,1,1,1543.309138488348,1558.102484372146,14.793345883798018,1516.393057244254,0.5881729637058893,8.0,8.0,0.197375320224904,1.197375320224904,44
2025-26,2026-01-25,0022500656,LAC,BKN,1,1,1558.102484372146,1567.3436726986336,9.241188326487482,1327.6035222413748,0.8217625567947509,37.0,37.0,0.7282542059818115,1.7282542059818111,45
2025-26,2026-01-27,0022500670,LAC,UTA,0,1,1567.3436726986336,1577.8014265140357,10.457753815402134,1359.5172972115292,0.7300484867216412,12.0,12.0,0.2913126124515909,1.2913126124515908,46
2025-26,2026-01-30,0022500695,LAC,DEN,0,0,1577.8014265140357,1558.748345648603,-19.05308086543276,1554.3908322004231,0.4833276877586342,13.0,-13.0,0.3140209253469976,1.3140209253469977,47
2025-26,2026-02-01,0022500709,LAC,PHX,0,1,1558.748345648603,1588.2858669583063,29.53752130970367,1624.1273905375951,0.3594324706263375,24.0,24.0,0.5370495669980352,1.5370495669980353,48
2025-26,2026-02-02,0022500715,LAC,PHI,1,0,1588.2858669583063,1562.3711266570176,-25.914740301288948,1526.3936375425378,0.6359332807097909,15.0,-15.0,0.3583573983507859,1.358357398350786,49
2025-26,2026-02-04,0022500732,LAC,CLE,1,0,1562.3711266570176,1537.934932354994,-24.436194302023782,1607.45928407692,0.4854860530794407,33.0,-33.0,0.6777821008468294,1.6777821008468294,50
2025-26,2026-02-06,0022500746,LAC,SAC,0,1,1537.934932354994,1545.1993284105656,7.264396055571735,1288.368065700168,0.7747180052581157,3.0,3.0,0.074859690687499,1.0748596906874992,51
2025-26,2026-02-08,0022500760,LAC,MIN,0,1,1545.1993284105656,1569.7703878497066,24.57105943914091,1557.670783881908,0.4321050647667391,19.0,19.0,0.4422303560457261,1.442230356045726,52
2025-26,2026-02-10,0022500772,LAC,HOU,0,0,1569.7703878497066,1554.7771577373833,-14.993230112323234,1586.585741257819,0.4259796799814898,7.0,-7.0,0.1732351578346601,1.17323515783466,53
2025-26,2026-02-11,0022500782,LAC,HOU,0,1,1554.7771577373833,1574.627478539636,19.85032080225284,1601.5789713701424,0.3844058291441981,3.0,3.0,0.074859690687499,1.0748596906874992,54
2025-26,2026-02-19,0022500801,LAC,DEN,1,1,1574.627478539636,1587.1600912647427,12.532612725106723,1544.651179623735,0.5924332880816613,1.0,1.0,0.0249947929684206,1.0249947929684209,55
2025-26,2026-02-20,0022500809,LAC,LAL,0,0,1587.1600912647427,1570.554837223089,-16.6052540416537,1541.762542012984,0.5149588107644911,3.0,-3.0,0.074859690687499,1.0748596906874992,56
2025-26,2026-02-22,0022500827,LAC,ORL,1,0,1570.554837223089,1549.2230785510117,-21.331758672077218,1476.821175075505,0.6772255351847625,2.0,-2.0,0.0499583749578799,1.04995837495788,57
2025-26,2026-02-26,0022500857,LAC,MIN,1,0,1549.2230785510117,1530.8010469894348,-18.42203156157697,1560.218755332571,0.5344901367394479,6.0,-6.0,0.1488850336233179,1.1488850336233178,58
2025-26,2026-03-01,0022500877,LAC,NOP,1,1,1530.8010469894348,1544.7266198297812,13.925572840346463,1432.8374983457888,0.682524920085911,20.0,20.0,0.4621171572600097,1.4621171572600098,59
2025-26,2026-03-02,0022500882,LAC,GSW,0,1,1544.7266198297812,1563.2287685614772,18.50214873169611,1488.403445323731,0.5306480443652958,13.0,13.0,0.3140209253469976,1.3140209253469977,60
2025-26,2026-03-04,0022500898,LAC,IND,1,1,1563.2287685614772,1569.5964914670606,6.367722905583297,1282.4950110098346,0.8602670314215302,23.0,23.0,0.5190218338982221,1.519021833898222,61
2025-26,2026-03-06,0022500913,LAC,SAS,0,0,1569.5964914670606,1561.9686569053306,-7.627834561729893,1743.3107907306392,0.2312162882801544,4.0,-4.0,0.0996679946249558,1.099667994624956,62
2025-26,2026-03-07,0022500918,LAC,MEM,0,1,1561.9686569053306,1570.6357229593652,8.667066054034636,1353.109375030201,0.731218684350915,3.0,3.0,0.074859690687499,1.0748596906874992,63
2025-26,2026-03-09,0022500935,LAC,NYK,1,1,1570.6357229593652,1591.0005804248945,20.364857465529145,1652.4246083295077,0.4330695056778021,8.0,8.0,0.197375320224904,1.197375320224904,64
2025-26,2026-03-11,0022500952,LAC,MIN,1,1,1591.0005804248945,1610.247896067794,19.24731564289965,1564.7075473546734,0.5873039349787904,25.0,25.0,0.5545997223493823,1.5545997223493822,65
2025-26,2026-03-13,0022500968,LAC,CHI,1,1,1610.247896067794,1616.6028987199154,6.355002652121247,1366.1081223084534,0.8329746628794985,11.0,11.0,0.2682711820216014,1.2682711820216013,66
2025-26,2026-03-14,0022500975,LAC,SAC,1,0,1616.6028987199154,1583.9299904585134,-32.67290826140206,1285.244587620359,0.8917679060704604,9.0,-9.0,0.2212784678984439,1.221278467898444,67
2025-26,2026-03-16,0022500990,LAC,SAS,1,0,1583.9299904585134,1573.7240493771058,-10.205941081407731,1758.441509486304,0.3093643151476365,4.0,-4.0,0.0996679946249558,1.099667994624956,68
2025-26,2026-03-18,0022501005,LAC,NOP,0,0,1573.7240493771058,1548.2812404866652,-25.442808890440627,1450.464421863065,0.6243523469677752,15.0,-15.0,0.3583573983507859,1.358357398350786,69
2025-26,2026-03-19,0022501012,LAC,NOP,0,0,1548.2812404866652,1529.201280989056,-19.07995949760922,1475.9072307535052,0.5535790190551222,6.0,-6.0,0.1488850336233179,1.1488850336233178,70
2025-26,2026-03-21,0022501029,LAC,DAL,0,1,1529.201280989056,1539.1079242299447,9.90664324088872,1331.38953207389,0.71853772096941,7.0,7.0,0.1732351578346601,1.17323515783466,71
2025-26,2026-03-23,0022501046,LAC,MIL,1,1,1539.1079242299447,1551.388711015243,12.280786785298336,1377.6443183514648,0.7560114872465692,33.0,33.0,0.6777821008468294,1.6777821008468294,72
2025-26,2026-03-25,0022501062,LAC,TOR,1,1,1551.388711015243,1570.765494070001,19.376783054758107,1527.0833392768725,0.5845279275389074,25.0,25.0,0.5545997223493823,1.5545997223493822,73
2025-26,2026-03-27,0022501066,LAC,IND,0,1,1570.765494070001,1575.4587281381682,4.693234068167217,1237.9872166498158,0.8473737265020489,1.0,1.0,0.0249947929684206,1.0249947929684209,74
2025-26,2026-03-29,0022501082,LAC,MIL,0,1,1575.4587281381682,1585.385316410613,9.926588272444755,1347.3792538924529,0.752400231244517,14.0,14.0,0.3363755443363322,1.3363755443363323,75
2025-26,2026-03-31,0022501104,LAC,POR,1,0,1585.385316410613,1560.1746186933046,-25.21069771730855,1493.3939381324794,0.6750293139267247,10.0,-10.0,0.2449186624037091,1.2449186624037092,76
2025-26,2026-04-02,0022501119,LAC,SAS,1,0,1560.1746186933046,1550.1930702208842,-9.981548472420412,1804.3967655508743,0.2306970457384166,19.0,-19.0,0.4422303560457261,1.442230356045726,77
2025-26,2026-04-05,0022501141,LAC,SAC,0,1,1550.1930702208842,1562.8920990031263,12.699028782242134,1334.6592488597912,0.7387026062965983,29.0,29.0,0.619996867969374,1.619996867969374,78
2025-26,2026-04-07,0022501156,LAC,DAL,1,1,1562.8920990031263,1569.4677506539667,6.575651650840449,1318.4800381290297,0.8331926195897782,13.0,13.0,0.3140209253469976,1.3140209253469977,79
2025-26,2026-04-08,0022501163,LAC,OKC,1,0,1569.4677506539667,1559.2284985853796,-10.23925206858711,1804.6734333301388,0.2400370216351799,18.0,-18.0,0.4218990052500079,1.4218990052500078,80
2025-26,2026-04-10,0022501183,LAC,POR,0,0,1559.2284985853796,1537.0831790418113,-22.145319543568295,1516.0063706728813,0.5118303848095811,19.0,-19.0,0.4422303560457261,1.442230356045726,81
2025-26,2026-04-12,0022501199,LAC,GSW,1,1,1537.0831790418113,1545.494005603712,8.410826561900599,1380.634792197004,0.7506469187568907,5.0,5.0,0.1243530017715962,1.124353001771596,82
2025-26,2025-10-21,0022500002,LAL,GSW,1,0,1500.0,1479.4513967127666,-20.548603287233373,1500.0,0.550199353253537,10.0,-10.0,0.2449186624037091,1.2449186624037092,1
2025-26,2025-10-24,0022500019,LAL,MIN,1,1,1479.4513967127666,1501.0069916702748,21.555594957508276,1518.151098583088,0.4946759022518568,18.0,18.0,0.4218990052500079,1.4218990052500078,2
2025-26,2025-10-26,0022500113,LAL,SAC,0,1,1501.0069916702748,1520.3483926657266,19.341400995451725,1500.5285020849117,0.4504824014096629,7.0,7.0,0.1732351578346601,1.17323515783466,3
2025-26,2025-10-27,0022500122,LAL,POR,1,0,1520.3483926657266,1496.5228867603637,-23.825505905362864,1489.04128876676,0.5942816998893583,14.0,-14.0,0.3363755443363322,1.3363755443363323,4
2025-26,2025-10-29,0022500136,LAL,MIN,0,1,1496.5228867603637,1513.0623543597096,16.539467599345826,1487.889266968075,0.4621284025763372,1.0,1.0,0.0249947929684206,1.0249947929684209,5
2025-26,2025-10-31,0022500024,LAL,MEM,0,1,1513.0623543597096,1531.2172081269446,18.154853767235064,1504.68002221265,0.4617688650382571,5.0,5.0,0.1243530017715962,1.124353001771596,6
2025-26,2025-11-02,0022500155,LAL,MIA,1,1,1531.2172081269446,1548.404275031082,17.18706690413725,1538.497456207828,0.5398075011328536,10.0,10.0,0.2449186624037091,1.2449186624037092,7
2025-26,2025-11-03,0022500163,LAL,POR,0,1,1548.404275031082,1568.0057831323,19.601508101218105,1545.2346529364202,0.454320134766757,8.0,8.0,0.197375320224904,1.197375320224904,8
2025-26,2025-11-05,0022500179,LAL,SAS,1,1,1568.0057831323,1581.9128197560683,13.907036623768343,1562.176353983,0.5584892710841597,2.0,2.0,0.0499583749578799,1.04995837495788,9
2025-26,2025-11-08,0022500185,LAL,ATL,0,0,1581.9128197560683,1555.971663543893,-25.94115621217496,1482.675152335186,0.5914062377141829,20.0,-20.0,0.4621171572600097,1.4621171572600098,10
2025-26,2025-11-10,0022500198,LAL,CHA,0,1,1555.971663543893,1570.6789433261115,14.707279782218166,1446.0318871073189,0.6062050684815796,10.0,10.0,0.2449186624037091,1.2449186624037092,11
2025-26,2025-11-12,0022500222,LAL,OKC,0,0,1570.6789433261115,1553.8907068075057,-16.78823651860594,1646.7114965280166,0.3454376332560358,29.0,-29.0,0.619996867969374,1.619996867969374,12
2025-26,2025-11-14,0022500045,LAL,NOP,0,1,1553.8907068075057,1567.2418110445471,13.351104237041676,1398.231967240868,0.6669822268242702,14.0,14.0,0.3363755443363322,1.3363755443363323,13
2025-26,2025-11-15,0022500231,LAL,MIL,0,1,1567.2418110445471,1589.9594894323786,22.71767838783139,1527.1470167376265,0.5073314728945144,24.0,24.0,0.5370495669980352,1.5370495669980353,14
2025-26,2025-11-18,0022500253,LAL,UTA,1,1,1589.9594894323786,1600.4497413149018,10.4902518825232,1444.751217959346,0.7383407199924269,14.0,14.0,0.3363755443363322,1.3363755443363323,15
2025-26,2025-11-23,0022500282,LAL,UTA,0,1,1600.4497413149018,1610.0857299915876,9.635988676685924,1423.1262383485418,0.694083470147964,2.0,2.0,0.0499583749578799,1.04995837495788,16
2025-26,2025-11-25,0022500059,LAL,LAC,1,1,1610.0857299915876,1618.673996564264,8.588266572676343,1408.9114985631047,0.7956830009100946,17.0,17.0,0.4011342849479459,1.401134284947946,17
2025-26,2025-11-28,0022500078,LAL,DAL,1,1,1618.673996564264,1624.7016024195404,6.027605855276512,1367.403488691939,0.8386077731472482,10.0,10.0,0.2449186624037091,1.2449186624037092,18
2025-26,2025-11-30,0022500308,LAL,NOP,1,1,1624.7016024195404,1629.809667477577,5.108065058036595,1332.3066395946312,0.8681428233364602,12.0,12.0,0.2913126124515909,1.2913126124515908,19
2025-26,2025-12-01,0022500317,LAL,PHX,1,0,1629.809667477577,1601.8409507938309,-27.96871668374616,1545.4003980314585,0.6653827303637123,17.0,-17.0,0.4011342849479459,1.401134284947946,20
2025-26,2025-12-04,0022500336,LAL,TOR,0,1,1601.8409507938309,1618.9332409295432,17.092290135712236,1587.7558652473454,0.4699373234851485,3.0,3.0,0.074859690687499,1.0748596906874992,21
2025-26,2025-12-05,0022500338,LAL,BOS,0,0,1618.9332409295432,1596.0853871834577,-22.84785374608556,1574.1656408682843,0.5140530043001936,21.0,-21.0,0.4815497983643079,1.481549798364308,22
2025-26,2025-12-07,0022500362,LAL,PHI,0,1,1596.0853871834577,1611.1470892582165,15.061702074758688,1530.8189981028238,0.5434469873822989,4.0,4.0,0.0996679946249558,1.099667994624956,23
2025-26,2025-12-10,0022501204,LAL,SAS,1,0,1611.1470892582165,1588.4424663463788,-22.70462291183752,1592.9543672959114,0.5759579235985617,13.0,-13.0,0.3140209253469976,1.3140209253469977,24
2025-26,2025-12-14,0022501228,LAL,PHX,0,1,1588.4424663463788,1604.6570184078594,16.21455206148065,1563.7073729866568,0.4852319086099925,2.0,2.0,0.0499583749578799,1.04995837495788,25
2025-26,2025-12-18,0022500379,LAL,UTA,0,1,1604.6570184078594,1617.4206558575545,12.76363744969496,1466.1692167861354,0.6446773417907217,8.0,8.0,0.197375320224904,1.197375320224904,26
2025-26,2025-12-20,0022500395,LAL,LAC,0,0,1617.4206558575545,1585.0217588748822,-32.398896982672184,1346.921119515987,0.7950508710498052,15.0,-15.0,0.3583573983507859,1.358357398350786,27
2025-26,2025-12-23,0022500418,LAL,PHX,0,0,1585.0217588748822,1561.3116556484451,-23.710103226436942,1540.15831956969,0.5141908180346764,24.0,-24.0,0.5370495669980352,1.5370495669980353,28
2025-26,2025-12-25,0022500012,LAL,HOU,1,0,1561.3116556484451,1535.7612252093177,-25.550430439127364,1553.9399452286964,0.560677269826948,23.0,-23.0,0.5190218338982221,1.519021833898222,29
2025-26,2025-12-28,0022500446,LAL,SAC,1,1,1535.7612252093177,1546.730792767839,10.969567558521248,1368.5068364966423,0.7621077030945381,24.0,24.0,0.5370495669980352,1.5370495669980353,30
2025-26,2025-12-30,0022500460,LAL,DET,1,0,1546.730792767839,1526.4773801128467,-20.253412654992157,1616.6471546854943,0.4499198012340631,22.0,-22.0,0.5005202111902353,1.5005202111902354,31
2025-26,2026-01-02,0022500485,LAL,MEM,1,1,1526.4773801128467,1539.4742035312129,12.996823418366189,1468.4692676302789,0.6307411652422317,7.0,7.0,0.1732351578346601,1.17323515783466,32
2025-26,2026-01-04,0022500501,LAL,MEM,1,1,1539.4742035312129,1551.0253153307888,11.551111799575908,1455.4724442119127,0.6648602351694445,6.0,6.0,0.1488850336233179,1.1488850336233178,33
2025-26,2026-01-06,0022500514,LAL,NOP,0,1,1551.0253153307888,1559.840987778616,8.815672447827188,1320.903965706227,0.754583426518503,8.0,8.0,0.197375320224904,1.197375320224904,34
2025-26,2026-01-07,0022500523,LAL,SAS,0,0,1559.840987778616,1544.5458489881778,-15.295138790438154,1617.6979849309184,0.3694614609862476,16.0,-16.0,0.3799489622552249,1.379948962255225,35
2025-26,2026-01-09,0022500541,LAL,MIL,1,0,1544.5458489881778,1521.7380149987482,-22.807833989429497,1439.448980791198,0.6913551514612116,4.0,-4.0,0.0996679946249558,1.099667994624956,36
2025-26,2026-01-12,0022500562,LAL,SAC,0,0,1521.7380149987482,1493.6829434562917,-28.055071542456613,1319.0320034148947,0.7242003542734532,12.0,-12.0,0.2913126124515909,1.2913126124515908,37
2025-26,2026-01-13,0022500569,LAL,ATL,1,1,1493.6829434562917,1515.4928534654105,21.80991000911882,1506.1672268474967,0.5323574359029927,25.0,25.0,0.5545997223493823,1.5545997223493822,38
2025-26,2026-01-15,0022500586,LAL,CHA,1,0,1515.4928534654105,1487.881662478539,-27.611190986871396,1445.0246707959982,0.6472843918572734,18.0,-18.0,0.4218990052500079,1.4218990052500078,39
2025-26,2026-01-17,0022500601,LAL,POR,0,0,1487.881662478539,1470.9987830054702,-16.88287947306884,1517.679989999039,0.407814103633646,16.0,-16.0,0.3799489622552249,1.379948962255225,40
2025-26,2026-01-18,0022500607,LAL,TOR,1,1,1470.9987830054702,1493.1465944656295,22.14781146015945,1524.710239687754,0.4730980535297212,17.0,17.0,0.4011342849479459,1.401134284947946,41
2025-26,2026-01-20,0022500617,LAL,DEN,0,1,1493.1465944656295,1516.393057244254,23.24646277862455,1563.5129435732451,0.3528494536907011,8.0,8.0,0.197375320224904,1.197375320224904,42
2025-26,2026-01-22,0022500633,LAL,LAC,0,0,1516.393057244254,1501.599711360456,-14.793345883798018,1543.309138488348,0.4118270362941106,8.0,-8.0,0.197375320224904,1.197375320224904,43
2025-26,2026-01-24,0022500648,LAL,DAL,0,1,1501.599711360456,1520.1246962591017,18.524984898645467,1492.6904625944626,0.4625228125097382,6.0,6.0,0.1488850336233179,1.1488850336233178,44
2025-26,2026-01-26,0022500661,LAL,CHI,0,1,1520.1246962591017,1540.7205706525226,20.595874393421056,1513.896109705792,0.4586889963445724,11.0,11.0,0.2682711820216014,1.2682711820216013,45
2025-26,2026-01-28,0022500671,LAL,CLE,0,0,1540.7205706525226,1521.9771851425835,-18.743385509939177,1589.2219374139922,0.3820933353415944,30.0,-30.0,0.6351489523872873,1.6351489523872873,46
2025-26,2026-01-30,0022500688,LAL,WAS,0,1,1521.9771851425835,1537.5694419391798,15.59225679659637,1352.0477429064797,0.6849719715156631,31.0,31.0,0.6498274636719203,1.6498274636719203,47
2025-26,2026-02-01,0022500708,LAL,NYK,0,0,1537.5694419391798,1522.296310238885,-15.273131700294435,1577.1756558967254,0.3942534016168761,12.0,-12.0,0.2913126124515909,1.2913126124515908,48
2025-26,2026-02-03,0022500719,LAL,BKN,0,1,1522.296310238885,1533.888167123552,11.591856884666557,1323.2324688636556,0.719993101152519,16.0,16.0,0.3799489622552249,1.379948962255225,49
2025-26,2026-02-05,0022500740,LAL,PHI,1,1,1533.888167123552,1550.6853987104694,16.797231586917444,1575.254381836064,0.4908393057716728,4.0,4.0,0.0996679946249558,1.099667994624956,50
2025-26,2026-02-07,0022500753,LAL,GSW,1,1,1550.6853987104694,1565.5546160028334,14.869217292364,1537.7218466924935,0.5685899268362844,6.0,6.0,0.1488850336233179,1.1488850336233178,51
2025-26,2026-02-09,0022500769,LAL,OKC,1,0,1565.5546160028334,1548.8853027317252,-16.669313271108187,1631.9304140387876,0.4549689446828199,9.0,-9.0,0.2212784678984439,1.221278467898444,52
2025-26,2026-02-10,0022500774,LAL,SAS,1,0,1548.8853027317252,1529.6779172332615,-19.2073854984636,1654.9992274794593,0.399064474127346,28.0,-28.0,0.6043677771171634,1.6043677771171634,53
2025-26,2026-02-12,0022500791,LAL,DAL,1,1,1529.6779172332615,1541.762542012984,12.08462477972208,1396.7156962285055,0.7244948368257866,20.0,20.0,0.4621171572600097,1.4621171572600098,54
2025-26,2026-02-20,0022500809,LAL,LAC,1,1,1541.762542012984,1558.3677960546377,16.6052540416537,1587.1600912647427,0.4850411892355089,3.0,3.0,0.074859690687499,1.0748596906874992,55
2025-26,2026-02-22,0022500823,LAL,BOS,1,0,1558.3677960546377,1538.8892281035992,-19.47856795103846,1640.4131978718583,0.4327069995631218,22.0,-22.0,0.5005202111902353,1.5005202111902354,56
2025-26,2026-02-24,0022500840,LAL,ORL,1,0,1538.8892281035992,1520.2148757302073,-18.67435237339199,1498.1529337475822,0.6072990972409533,1.0,-1.0,0.0249947929684206,1.0249947929684209,57
2025-26,2026-02-26,0022500855,LAL,PHX,0,0,1520.2148757302073,1505.251455847946,-14.963419882261476,1510.2438585931395,0.4640425788253537,3.0,-3.0,0.074859690687499,1.0748596906874992,58
2025-26,2026-02-28,0022500866,LAL,GSW,0,1,1505.251455847946,1532.4398152665108,27.18835941856497,1515.5918047422958,0.4351178949043954,28.0,28.0,0.6043677771171634,1.6043677771171634,59
2025-26,2026-03-01,0022500878,LAL,SAC,1,1,1532.4398152665108,1539.8093469242183,7.369531657707591,1279.143156276881,0.8401801343747858,24.0,24.0,0.5370495669980352,1.5370495669980353,60
2025-26,2026-03-03,0022500891,LAL,NOP,1,1,1539.8093469242183,1550.4191346292355,10.609787705017515,1418.9119255054425,0.7104185495255458,9.0,9.0,0.2212784678984439,1.221278467898444,61
2025-26,2026-03-05,0022500906,LAL,DEN,0,0,1550.4191346292355,1534.3284873688788,-16.090647260356835,1545.261343111984,0.4571589123432558,7.0,-7.0,0.1732351578346601,1.17323515783466,62
2025-26,2026-03-06,0022500914,LAL,IND,1,1,1534.3284873688788,1540.2664752100516,5.9379878411729035,1276.1272881042512,0.8439348533303459,11.0,11.0,0.2682711820216014,1.2682711820216013,63
2025-26,2026-03-08,0022500922,LAL,NYK,1,1,1540.2664752100516,1565.629788284935,25.363313074883852,1677.7879214043917,0.3565979408284262,13.0,13.0,0.3140209253469976,1.3140209253469977,64
2025-26,2026-03-10,0022500946,LAL,MIN,1,1,1565.629788284935,1584.7041265730147,19.0743382880795,1583.7818856427527,0.5242270939752406,14.0,14.0,0.3363755443363322,1.3363755443363323,65
2025-26,2026-03-12,0022500960,LAL,CHI,1,1,1584.7041265730147,1592.2678390158592,7.563712442844521,1373.671834751298,0.8047539026075539,12.0,12.0,0.2913126124515909,1.2913126124515908,66
2025-26,2026-03-14,0022500974,LAL,DEN,1,1,1592.2678390158592,1606.1844524558887,13.916613440029655,1586.652592749725,0.5581852331181563,2.0,2.0,0.0499583749578799,1.04995837495788,67
2025-26,2026-03-16,0022500989,LAL,HOU,0,1,1606.1844524558887,1624.2194943307782,18.03504187488952,1572.6239091924372,0.4979284670879976,8.0,8.0,0.197375320224904,1.197375320224904,68
2025-26,2026-03-18,0022501007,LAL,HOU,0,1,1624.2194943307782,1640.3958043524694,16.176310021691393,1554.5888673175475,0.5496730849980277,8.0,8.0,0.197375320224904,1.197375320224904,69
2025-26,2026-03-19,0022501010,LAL,MIA,0,1,1640.3958043524694,1656.016297549932,15.620493197462656,1559.8687275673688,0.5651462847219131,8.0,8.0,0.197375320224904,1.197375320224904,70
2025-26,2026-03-21,0022501024,LAL,ORL,0,1,1656.016297549932,1668.6772282597644,12.6609307098324,1559.037561594109,0.5882603242901718,1.0,1.0,0.0249947929684206,1.0249947929684209,71
2025-26,2026-03-23,0022501038,LAL,DET,0,0,1668.6772282597644,1653.6227541534226,-15.054474106341804,1656.73464818475,0.4668663341759115,3.0,-3.0,0.074859690687499,1.0748596906874992,72
2025-26,2026-03-25,0022501052,LAL,IND,0,1,1653.6227541534226,1657.2284850322812,3.605730878858632,1241.5929475286744,0.897555891934645,7.0,7.0,0.1732351578346601,1.17323515783466,73
2025-26,2026-03-27,0022501075,LAL,BKN,1,1,1657.2284850322812,1660.1268971819152,2.898412149633983,1240.0636702426686,0.931046053644514,17.0,17.0,0.4011342849479459,1.401134284947946,74
2025-26,2026-03-30,0022501098,LAL,WAS,1,1,1660.1268971819152,1663.0638580366665,2.9369608547510504,1240.035087725201,0.932119931640612,19.0,19.0,0.4422303560457261,1.442230356045726,75
2025-26,2026-03-31,0022501103,LAL,CLE,1,1,1663.0638580366665,1679.6388333898,16.574975353133595,1637.2974844470923,0.5865689245965906,14.0,14.0,0.3363755443363322,1.3363755443363323,76
2025-26,2026-04-02,0022501116,LAL,OKC,0,0,1679.6388333898,1661.9403542182529,-17.698479171547262,1768.1863073920777,0.3293345268619454,43.0,-43.0,0.7913375537619973,1.791337553761997,77
2025-26,2026-04-05,0022501140,LAL,DAL,0,0,1661.9403542182529,1631.769288147243,-30.171066071009587,1288.30897205802,0.8753723592300912,6.0,-6.0,0.1488850336233179,1.1488850336233178,78
2025-26,2026-04-07,0022501155,LAL,OKC,1,0,1631.769288147243,1614.6295105260326,-17.139777621210538,1787.5336557089283,0.3328827301060312,36.0,-36.0,0.7162978701990245,1.7162978701990244,79
2025-26,2026-04-09,0022501170,LAL,GSW,0,1,1614.6295105260326,1626.0509798333967,11.421469307364088,1412.003036719298,0.7241088953343562,16.0,16.0,0.3799489622552249,1.379948962255225,80
2025-26,2026-04-10,0022501185,LAL,PHX,1,1,1626.0509798333967,1639.3592735853908,13.308293751994036,1493.9547572902495,0.7234986902253531,28.0,28.0,0.6043677771171634,1.6043677771171634,81
2025-26,2026-04-12,0022501198,LAL,UTA,1,1,1639.3592735853908,1642.930995696356,3.5717221109653634,1243.9923043556068,0.922541597710884,24.0,24.0,0.5370495669980352,1.5370495669980353,82
2025-26,2025-10-22,0022500085,MEM,NOP,1,1,1500.0,1515.503076934833,15.503076934833008,1500.0,0.550199353253537,6.0,6.0,0.1488850336233179,1.1488850336233178,1
2025-26,2025-10-24,0022500094,MEM,MIA,1,0,1515.503076934833,1485.902782463809,-29.60029447102399,1485.1610587443392,0.5929415142723364,32.0,-32.0,0.664036770267849,1.664036770267849,2
2025-26,2025-10-25,0022500103,MEM,IND,1,1,1485.902782463809,1506.6028913860116,20.70010892220268,1481.718025656538,0.5561535096009638,25.0,25.0,0.5545997223493823,1.5545997223493822,3
2025-26,2025-10-27,0022500121,MEM,GSW,0,0,1506.6028913860116,1489.172399370846,-17.430492015165605,1511.9701970027895,0.442166779309157,13.0,-13.0,0.3140209253469976,1.3140209253469977,4
2025-26,2025-10-29,0022500137,MEM,PHX,0,1,1489.172399370846,1504.68002221265,15.507622841803707,1457.1711902938837,0.495684500116887,1.0,1.0,0.0249947929684206,1.0249947929684209,5
2025-26,2025-10-31,0022500024,MEM,LAL,1,0,1504.68002221265,1486.525168445415,-18.154853767235064,1513.0623543597096,0.5382311349617429,5.0,-5.0,0.1243530017715962,1.124353001771596,6
2025-26,2025-11-02,0022500152,MEM,TOR,0,0,1486.525168445415,1468.0097968937248,-18.515371551690222,1472.6143936285107,0.4696873845901861,13.0,-13.0,0.3140209253469976,1.3140209253469977,7
2025-26,2025-11-03,0022500161,MEM,DET,1,0,1468.0097968937248,1451.2154942536838,-16.794302640041078,1525.603359165428,0.4675310059808311,8.0,-8.0,0.197375320224904,1.197375320224904,8
2025-26,2025-11-05,0022500176,MEM,HOU,1,0,1451.2154942536838,1434.5383136182706,-16.67718063541323,1549.9824337304528,0.4092487160267097,15.0,-15.0,0.3583573983507859,1.358357398350786,9
2025-26,2025-11-07,0022500034,MEM,DAL,1,1,1434.5383136182706,1452.010586525559,17.47227290728823,1424.68876570534,0.5641875523853273,14.0,14.0,0.3363755443363322,1.3363755443363323,10
2025-26,2025-11-09,0022500194,MEM,OKC,1,0,1452.010586525559,1439.3372202812902,-12.673366244268566,1621.0674680701102,0.3161128945123077,14.0,-14.0,0.3363755443363322,1.3363755443363323,11
2025-26,2025-11-11,0022500208,MEM,NYK,0,0,1439.3372202812902,1427.6088794734214,-11.72834080786884,1553.586118593078,0.2975178599171775,13.0,-13.0,0.3140209253469976,1.3140209253469977,12
2025-26,2025-11-12,0022500216,MEM,BOS,0,0,1427.6088794734214,1408.451876675207,-19.157002798214624,1483.5305241205174,0.3720605677069554,36.0,-36.0,0.7162978701990245,1.7162978701990244,13
2025-26,2025-11-15,0022500228,MEM,CLE,0,0,1408.451876675207,1398.8527286224955,-9.599148052711364,1548.6870907828677,0.2672274902884627,8.0,-8.0,0.197375320224904,1.197375320224904,14
2025-26,2025-11-18,0022500252,MEM,SAS,0,0,1398.8527286224955,1389.723063255856,-9.129665366639523,1559.880627038684,0.2444514554070496,10.0,-10.0,0.2449186624037091,1.2449186624037092,15
2025-26,2025-11-20,0022500265,MEM,SAC,1,1,1389.723063255856,1412.96025739411,23.237194138253837,1380.813858875135,0.5628561319117827,41.0,41.0,0.7718952374404182,1.7718952374404182,16
2025-26,2025-11-22,0022500273,MEM,DAL,0,1,1412.96025739411,1430.8485083416442,17.88825094753423,1391.1714105382082,0.4809967802400899,6.0,6.0,0.1488850336233179,1.1488850336233178,17
2025-26,2025-11-24,0022500287,MEM,DEN,1,0,1430.8485083416442,1419.2536967496642,-11.59481159198,1604.4724630727278,0.3104570052684553,10.0,-10.0,0.2449186624037091,1.2449186624037092,18
2025-26,2025-11-26,0022500065,MEM,NOP,0,1,1419.2536967496642,1434.794125661434,15.540428911769917,1356.9042786194873,0.5392778813746362,5.0,5.0,0.1243530017715962,1.124353001771596,19
2025-26,2025-11-28,0022500079,MEM,LAC,0,1,1434.794125661434,1451.6851046645843,16.890979003150576,1400.3232319904284,0.4992385553725516,5.0,5.0,0.1243530017715962,1.124353001771596,20
2025-26,2025-11-30,0022500307,MEM,SAC,0,1,1451.6851046645843,1467.7509875337528,16.065882869168366,1379.8956904762597,0.5527472297727918,8.0,8.0,0.197375320224904,1.197375320224904,21
2025-26,2025-12-02,0022500322,MEM,SAS,0,0,1467.7509875337528,1457.2843227697172,-10.466664764035569,1582.1200476750855,0.2973733127054994,7.0,-7.0,0.1732351578346601,1.17323515783466,22
2025-26,2025-12-05,0022500347,MEM,LAC,1,1,1457.2843227697172,1470.5029635670085,13.218640797291323,1392.9264140313835,0.6392130284029941,9.0,9.0,0.2212784678984439,1.221278467898444,23
2025-26,2025-12-07,0022500360,MEM,POR,1,1,1470.5029635670085,1490.8160830200325,20.313119453023937,1467.657223270722,0.554250000455996,23.0,23.0,0.5190218338982221,1.519021833898222,24
2025-26,2025-12-12,0022501213,MEM,UTA,1,0,1490.8160830200325,1469.7988606351782,-21.017222384854303,1428.0644995928287,0.637077811593558,4.0,-4.0,0.0996679946249558,1.099667994624956,25
2025-26,2025-12-15,0022501226,MEM,LAC,0,1,1469.7988606351782,1487.0565976282503,17.25773699307211,1367.6641571041755,0.5954298458293634,18.0,18.0,0.4218990052500079,1.4218990052500078,26
2025-26,2025-12-17,0022500368,MEM,MIN,0,1,1487.0565976282503,1510.5827763820485,23.526178753798252,1585.064314842434,0.3174199893728814,6.0,6.0,0.1488850336233179,1.1488850336233178,27
2025-26,2025-12-20,0022500391,MEM,WAS,1,0,1510.5827763820485,1482.0319833528592,-28.55079302918932,1310.3334985474226,0.7948160321144919,8.0,-8.0,0.197375320224904,1.197375320224904,28
2025-26,2025-12-22,0022500406,MEM,OKC,0,0,1482.0319833528592,1475.0183859674355,-7.013597385423403,1723.202612874444,0.1694168305558492,16.0,-16.0,0.3799489622552249,1.379948962255225,29
2025-26,2025-12-23,0022500419,MEM,UTA,0,1,1475.0183859674355,1492.8951861153832,17.8768001479476,1431.6267779244038,0.5120741469467455,9.0,9.0,0.2212784678984439,1.221278467898444,30
2025-26,2025-12-26,0022500428,MEM,MIL,1,1,1492.8951861153832,1507.9348912328603,15.039705117477084,1411.4118733983348,0.6616222387736244,21.0,21.0,0.4815497983643079,1.481549798364308,31
2025-26,2025-12-28,0022500443,MEM,WAS,0,0,1507.9348912328603,1485.8299309991094,-22.104960233750973,1349.8716398417969,0.670049516211479,4.0,-4.0,0.0996679946249558,1.099667994624956,32
2025-26,2025-12-30,0022500458,MEM,PHI,1,0,1485.8299309991094,1468.4692676302789,-17.360663368830586,1494.104426466679,0.5383854134402231,3.0,-3.0,0.074859690687499,1.0748596906874992,33
2025-26,2026-01-02,0022500485,MEM,LAL,0,0,1468.4692676302789,1455.4724442119127,-12.996823418366189,1526.4773801128467,0.3692588347577683,7.0,-7.0,0.1732351578346601,1.17323515783466,34
2025-26,2026-01-04,0022500501,MEM,LAL,0,0,1455.4724442119127,1443.9213324123368,-11.551111799575908,1539.4742035312129,0.3351397648305555,6.0,-6.0,0.1488850336233179,1.1488850336233178,35
2025-26,2026-01-06,0022500512,MEM,SAS,1,1,1443.9213324123368,1465.9440316666537,22.02269925431655,1639.720684185235,0.2838110201341269,1.0,1.0,0.0249947929684206,1.0249947929684209,36
2025-26,2026-01-07,0022500524,MEM,PHX,1,0,1465.9440316666537,1449.4311259935976,-16.512905673055833,1584.7701532479537,0.3816520618876848,19.0,-19.0,0.4422303560457261,1.442230356045726,37
2025-26,2026-01-09,0022500536,MEM,OKC,1,0,1449.4311259935976,1441.4705039439914,-7.960622049606138,1667.144121560839,0.258883333008678,1.0,-1.0,0.0249947929684206,1.0249947929684209,38
2025-26,2026-01-11,0022500549,MEM,BKN,1,1,1441.4705039439914,1454.811162218789,13.3406582747976,1402.7750987533573,0.6044937769017001,5.0,5.0,0.1243530017715962,1.124353001771596,39
2025-26,2026-01-15,0022500578,MEM,ORL,0,0,1454.811162218789,1441.5569895061078,-13.254172712681047,1507.3875792565584,0.3765705060397026,7.0,-7.0,0.1732351578346601,1.17323515783466,40
2025-26,2026-01-18,0022500602,MEM,ORL,1,1,1441.5569895061078,1465.2265515571416,23.669562051033893,1520.6417519692395,0.4368952282611215,17.0,17.0,0.4011342849479459,1.401134284947946,41
2025-26,2026-01-21,0022500623,MEM,ATL,1,0,1465.2265515571416,1446.394110488476,-18.832441068665588,1431.3239523524203,0.5978789736758554,2.0,-2.0,0.0499583749578799,1.04995837495788,42
2025-26,2026-01-23,0022500639,MEM,NOP,1,0,1446.394110488476,1421.040572936694,-25.353537551782132,1303.6434893066096,0.7355983354813416,6.0,-6.0,0.1488850336233179,1.1488850336233178,43
2025-26,2026-01-26,0022500662,MEM,HOU,0,0,1421.040572936694,1412.0857779708588,-8.954794965835188,1582.107083725882,0.244410405467544,9.0,-9.0,0.2212784678984439,1.221278467898444,44
2025-26,2026-01-28,0022500676,MEM,CHA,1,0,1412.0857779708588,1396.6568193459414,-15.428958624917366,1533.1487103083691,0.3786180437158888,15.0,-15.0,0.3583573983507859,1.358357398350786,45
2025-26,2026-01-30,0022500691,MEM,NOP,0,0,1396.6568193459414,1378.437030241382,-18.219789104559354,1356.6432193600417,0.5072146495981203,8.0,-8.0,0.197375320224904,1.197375320224904,46
2025-26,2026-01-31,0022500700,MEM,MIN,1,0,1378.437030241382,1367.0334870601728,-11.40354318120925,1585.0826571299629,0.2712931302330028,17.0,-17.0,0.4011342849479459,1.401134284947946,47
2025-26,2026-02-02,0022500714,MEM,MIN,1,1,1367.0334870601728,1394.654041042057,27.620553981884413,1596.486200311172,0.2461300539312869,9.0,9.0,0.2212784678984439,1.221278467898444,48
2025-26,2026-02-04,0022500731,MEM,SAC,0,1,1394.654041042057,1408.4440008448469,13.789959802789836,1302.1580255029578,0.5819962670492824,4.0,4.0,0.0996679946249558,1.099667994624956,49
2025-26,2026-02-06,0022500745,MEM,POR,0,0,1408.4440008448469,1391.5730508452975,-16.87094999954936,1455.0858460521706,0.3846237609569154,20.0,-20.0,0.4621171572600097,1.4621171572600098,50
2025-26,2026-02-07,0022500755,MEM,POR,0,0,1391.5730508452975,1379.613222869294,-11.95982797600351,1471.95679605172,0.3397962717629642,7.0,-7.0,0.1732351578346601,1.17323515783466,51
2025-26,2026-02-09,0022500768,MEM,GSW,0,0,1379.613222869294,1371.4997294110572,-8.113493458236901,1522.8526294001294,0.2638547861867649,1.0,-1.0,0.0249947929684206,1.0249947929684209,52
2025-26,2026-02-11,0022500787,MEM,DEN,0,0,1371.4997294110572,1363.2141770888654,-8.285552322191633,1536.365627301543,0.2403940075147153,6.0,-6.0,0.1488850336233179,1.1488850336233178,53
2025-26,2026-02-20,0022500804,MEM,UTA,1,1,1363.2141770888654,1378.6784647616623,15.464287672796935,1343.624437126359,0.577920786037503,9.0,9.0,0.2212784678984439,1.221278467898444,54
2025-26,2026-02-21,0022500813,MEM,MIA,0,0,1378.6784647616623,1367.9448099684328,-10.733654793229595,1526.0355495912388,0.2592766130443883,16.0,-16.0,0.3799489622552249,1.379948962255225,55
2025-26,2026-02-23,0022500829,MEM,SAC,1,0,1367.9448099684328,1341.195406368106,-26.749403600326826,1230.0792486475968,0.7300929395831337,9.0,-9.0,0.2212784678984439,1.221278467898444,56
2025-26,2026-02-25,0022500844,MEM,GSW,1,0,1341.195406368106,1326.6300880576944,-14.565318310411708,1501.0264864318842,0.3277045502507446,21.0,-21.0,0.4815497983643079,1.481549798364308,57
2025-26,2026-02-27,0022500861,MEM,DAL,0,1,1326.6300880576944,1353.6965698325791,27.066481774884696,1380.792206142059,0.3744299893697298,19.0,19.0,0.4422303560457261,1.442230356045726,58
2025-26,2026-03-01,0022500872,MEM,IND,0,1,1353.6965698325791,1374.3633812909804,20.666811458401273,1303.161822468236,0.52234141211059,19.0,19.0,0.4422303560457261,1.442230356045726,59
2025-26,2026-03-03,0022500890,MEM,MIN,0,0,1374.3633812909804,1367.873403704669,-6.4899775863115,1597.6616930975038,0.1843897915654436,7.0,-7.0,0.1732351578346601,1.17323515783466,60
2025-26,2026-03-04,0022500896,MEM,POR,1,0,1367.873403704669,1353.109375030201,-14.76402867446817,1465.3749822745006,0.4110108842534862,8.0,-8.0,0.197375320224904,1.197375320224904,61
2025-26,2026-03-07,0022500918,MEM,LAC,1,0,1353.109375030201,1344.4423089761665,-8.667066054034636,1561.9686569053306,0.268781315649085,3.0,-3.0,0.074859690687499,1.0748596906874992,62
2025-26,2026-03-09,0022500932,MEM,BKN,0,0,1344.4423089761665,1324.467284236855,-19.97502473931131,1292.060542318279,0.524993524583375,11.0,-11.0,0.2682711820216014,1.2682711820216013,63
2025-26,2026-03-10,0022500936,MEM,PHI,0,0,1324.467284236855,1315.5037539820537,-8.963530254801213,1489.7052692814327,0.2400031028933323,10.0,-10.0,0.2449186624037091,1.2449186624037092,64
2025-26,2026-03-12,0022501111,MEM,DAL,1,0,1315.5037539820537,1295.4899082925026,-20.01384568955111,1310.6113678874888,0.5571587942253532,8.0,-8.0,0.197375320224904,1.197375320224904,65
2025-26,2026-03-13,0022500961,MEM,DET,0,0,1295.4899082925026,1291.752314740834,-3.7375935516685455,1661.809243439585,0.0902833765088496,16.0,-16.0,0.3799489622552249,1.379948962255225,66
2025-26,2026-03-16,0022500987,MEM,CHI,0,0,1291.752314740834,1275.150818121215,-16.60149661961892,1359.753119656332,0.3559650839366329,25.0,-25.0,0.5545997223493823,1.5545997223493822,67
2025-26,2026-03-18,0022500651,MEM,DEN,1,1,1275.150818121215,1304.4936567921372,29.342838670922298,1590.1641696249162,0.1663268733190178,7.0,7.0,0.1732351578346601,1.17323515783466,68
2025-26,2026-03-20,0022501019,MEM,BOS,1,0,1304.4936567921372,1300.152368893754,-4.341287898383138,1671.721931315245,0.1287047718863723,5.0,-5.0,0.1243530017715962,1.124353001771596,69
2025-26,2026-03-21,0022501023,MEM,CHA,0,0,1300.152368893754,1295.6886609494215,-4.463707944332517,1650.8401498530736,0.0979513667879596,23.0,-23.0,0.5190218338982221,1.519021833898222,70
2025-26,2026-03-23,0022501037,MEM,ATL,0,0,1295.6886609494215,1288.8277557813317,-6.8609051680898565,1589.9728775290414,0.1306172346853825,39.0,-39.0,0.7508932836251672,1.7508932836251672,71
2025-26,2026-03-25,0022501056,MEM,SAS,1,0,1288.8277557813317,1285.8404763337887,-2.987279447543061,1789.713949094563,0.0640524889804334,25.0,-25.0,0.5545997223493823,1.5545997223493822,72
2025-26,2026-03-27,0022501069,MEM,HOU,1,0,1285.8404763337887,1277.459404413452,-8.381071920336609,1536.2789862500615,0.2244074833546233,10.0,-10.0,0.2449186624037091,1.2449186624037092,73
2025-26,2026-03-28,0022501079,MEM,CHI,1,1,1277.459404413452,1295.090894918308,17.631490504856032,1363.8232864501726,0.4266152821519993,1.0,1.0,0.0249947929684206,1.0249947929684209,74
2025-26,2026-03-30,0022501093,MEM,PHX,1,0,1295.090894918308,1282.5527050483663,-12.538189869941837,1506.487179883784,0.2659207539432996,26.0,-26.0,0.5716699660851172,1.5716699660851172,75
2025-26,2026-04-01,0022501003,MEM,NYK,1,0,1282.5527050483663,1276.7059590554704,-5.8467459928958405,1613.9368590201707,0.1536670830806661,11.0,-11.0,0.2682711820216014,1.2682711820216013,76
2025-26,2026-04-03,0022501125,MEM,TOR,1,0,1276.7059590554704,1264.4390295524415,-12.266929503028932,1506.536859521676,0.245726330936273,32.0,-32.0,0.664036770267849,1.664036770267849,77
2025-26,2026-04-05,0022501135,MEM,MIL,0,0,1264.4390295524415,1250.315127802637,-14.123901749804237,1343.7603010293212,0.3411696648722864,16.0,-16.0,0.3799489622552249,1.379948962255225,78
2025-26,2026-04-06,0022501145,MEM,CLE,1,0,1250.315127802637,1245.418876716671,-4.896251085966093,1634.29735620389,0.1182713085746842,16.0,-16.0,0.3799489622552249,1.379948962255225,79
2025-26,2026-04-08,0022501162,MEM,DEN,0,0,1245.418876716671,1242.470560386923,-2.9483163297487076,1659.3964575983944,0.0701411792198595,17.0,-17.0,0.4011342849479459,1.401134284947946,80
2025-26,2026-04-10,0022501181,MEM,UTA,0,0,1242.470560386923,1215.9922238243112,-26.478336562611595,1217.5139677929951,0.4855503995013712,46.0,-46.0,0.8177540779702877,1.8177540779702877,81
2025-26,2026-04-12,0022501194,MEM,HOU,0,0,1215.9922238243112,1212.2056220583656,-3.7866017659455977,1613.690102347215,0.0765050053076052,31.0,-31.0,0.6498274636719203,1.6498274636719203,82
2025-26,2025-10-22,0022500081,MIA,ORL,0,0,1500.0,1485.1610587443392,-14.838941255660735,1500.0,0.449800646746463,4.0,-4.0,0.0996679946249558,1.099667994624956,1
2025-26,2025-10-24,0022500094,MIA,MEM,0,1,1485.1610587443392,1514.7613532153632,29.60029447102399,1515.503076934833,0.4070584857276635,32.0,32.0,0.664036770267849,1.664036770267849,2
2025-26,2025-10-26,0022500108,MIA,NYK,1,1,1514.7613532153632,1531.7643165952782,17.002963379914963,1531.218392414088,0.5266601570753026,8.0,8.0,0.197375320224904,1.197375320224904,3
2025-26,2025-10-28,0022500124,MIA,CHA,1,1,1531.7643165952782,1553.096683679864,21.3323670845856,1530.2958756043788,0.5522904085368766,27.0,27.0,0.5882592563981054,1.5882592563981053,4
2025-26,2025-10-30,0022500141,MIA,SAS,0,0,1553.096683679864,1538.497456207828,-14.599227472035968,1571.6204792225294,0.4235766865199551,6.0,-6.0,0.1488850336233179,1.1488850336233178,5
2025-26,2025-11-02,0022500155,MIA,LAL,0,0,1538.497456207828,1521.3103893036907,-17.18706690413725,1531.2172081269446,0.4601924988671464,10.0,-10.0,0.2449186624037091,1.2449186624037092,6
2025-26,2025-11-03,0022500164,MIA,LAC,0,1,1521.3103893036907,1537.8049328621846,16.49454355849379,1511.655962793364,0.46358935441597,1.0,1.0,0.0249947929684206,1.0249947929684209,7
2025-26,2025-11-05,0022500178,MIA,DEN,0,0,1537.8049328621846,1521.277719297857,-16.527213564327585,1542.9202567992086,0.4425245885118463,10.0,-10.0,0.2449186624037091,1.2449186624037092,8
2025-26,2025-11-07,0022500033,MIA,CHA,1,1,1521.277719297857,1536.9391396789458,15.661420381088936,1461.6933074884075,0.6328520210586208,18.0,18.0,0.4218990052500079,1.4218990052500078,9
2025-26,2025-11-08,0022500187,MIA,POR,1,1,1536.9391396789458,1552.4548171387562,15.515677459810362,1544.076600213589,0.540011679743433,5.0,5.0,0.1243530017715962,1.124353001771596,10
2025-26,2025-11-10,0022500201,MIA,CLE,1,1,1552.4548171387562,1567.1528794404962,14.698062301740052,1564.2280142141713,0.5333763492503635,2.0,2.0,0.0499583749578799,1.04995837495788,11
2025-26,2025-11-12,0022500217,MIA,CLE,1,0,1567.1528794404962,1544.0941210483286,-23.05875839216759,1549.5299519124312,0.575156648889914,14.0,-14.0,0.3363755443363322,1.3363755443363323,12
2025-26,2025-11-14,0022500039,MIA,NYK,0,0,1544.0941210483286,1527.6246443837058,-16.46947666462277,1538.0059672561176,0.4584882836772599,8.0,-8.0,0.197375320224904,1.197375320224904,13
2025-26,2025-11-17,0022500244,MIA,NYK,1,1,1527.6246443837058,1543.0046816520205,15.38003726831475,1554.4754439207404,0.511725492008775,2.0,2.0,0.0499583749578799,1.04995837495788,14
2025-26,2025-11-19,0022500257,MIA,GSW,1,1,1543.0046816520205,1560.398005196654,17.39332354463372,1531.7631131222197,0.5661567933168679,14.0,14.0,0.3363755443363322,1.3363755443363323,15
2025-26,2025-11-21,0022500051,MIA,CHI,0,1,1560.398005196654,1585.8907164141435,25.49271121748935,1522.000301590485,0.5048895326750947,36.0,36.0,0.7162978701990245,1.7162978701990244,16
2025-26,2025-11-23,0022500275,MIA,PHI,0,1,1585.8907164141435,1603.7961234898978,17.905407075754198,1536.5866552610787,0.5205735759694226,10.0,10.0,0.2449186624037091,1.2449186624037092,17
2025-26,2025-11-24,0022500286,MIA,DAL,1,1,1603.7961234898978,1609.6757943886328,5.879670898735049,1373.283159590674,0.8217743619748819,4.0,4.0,0.0996679946249558,1.099667994624956,18
2025-26,2025-11-26,0022500062,MIA,MIL,1,1,1609.6757943886328,1617.1921720371558,7.51637764852306,1437.7937077801223,0.7669036025928354,3.0,3.0,0.074859690687499,1.0748596906874992,19
2025-26,2025-11-29,0022500296,MIA,DET,1,0,1617.1921720371558,1599.484425031899,-17.70774700525673,1617.92923681596,0.5491491016199688,3.0,-3.0,0.074859690687499,1.0748596906874992,20
2025-26,2025-12-01,0022500313,MIA,LAC,1,1,1599.484425031899,1606.8101909021625,7.325765870263391,1364.2524886292622,0.8257182068137613,17.0,17.0,0.4011342849479459,1.401134284947946,21
2025-26,2025-12-03,0022500332,MIA,DAL,0,0,1606.8101909021625,1580.0827540956082,-26.72743680655428,1411.479086091338,0.7156407780876894,10.0,-10.0,0.2449186624037091,1.2449186624037092,22
2025-26,2025-12-05,0022500339,MIA,ORL,0,0,1580.0827540956082,1566.4493778177407,-13.633376277867374,1584.6070416123605,0.4433640824777474,1.0,-1.0,0.0249947929684206,1.0249947929684209,23
2025-26,2025-12-06,0022500354,MIA,SAC,1,0,1566.4493778177407,1533.179060077208,-33.270317740532775,1356.6233063600348,0.8036605857789529,16.0,-16.0,0.3799489622552249,1.379948962255225,24
2025-26,2025-12-09,0022501201,MIA,ORL,0,0,1533.179060077208,1519.230746279788,-13.948313797419718,1582.7044828281962,0.3807025223718155,9.0,-9.0,0.2212784678984439,1.221278467898444,25
2025-26,2025-12-15,0022501227,MIA,TOR,1,0,1519.230746279788,1497.673185031054,-21.55756124873388,1500.1437316659794,0.5772147182453989,10.0,-10.0,0.2449186624037091,1.2449186624037092,26
2025-26,2025-12-18,0022500373,MIA,BKN,0,1,1497.673185031054,1513.2524962583643,15.579311227310187,1399.0603475839218,0.5905368019039102,11.0,11.0,0.2682711820216014,1.2682711820216013,27
2025-26,2025-12-19,0022500381,MIA,BOS,0,0,1513.2524962583643,1498.5341442674885,-14.71835199087574,1568.2036085958907,0.3733667581432418,13.0,-13.0,0.3140209253469976,1.3140209253469977,28
2025-26,2025-12-21,0022500398,MIA,NYK,0,0,1498.5341442674885,1488.7033861005557,-9.830758166932917,1628.2021654353432,0.2793062726679253,7.0,-7.0,0.1732351578346601,1.17323515783466,29
2025-26,2025-12-23,0022500414,MIA,TOR,1,0,1488.7033861005557,1464.297808945097,-24.40557715545908,1489.4747870745434,0.5491001648499844,21.0,-21.0,0.4815497983643079,1.481549798364308,30
2025-26,2025-12-26,0022500423,MIA,ATL,0,1,1464.297808945097,1485.2455810625804,20.947772117483748,1439.0609903316113,0.4859533496629351,15.0,15.0,0.3583573983507859,1.358357398350786,31
2025-26,2025-12-27,0022500436,MIA,IND,1,1,1485.2455810625804,1495.4534290640847,10.207848001504232,1296.8099171017163,0.783503147993786,26.0,26.0,0.5716699660851172,1.5716699660851172,32
2025-26,2025-12-29,0022500450,MIA,DEN,1,1,1495.4534290640847,1524.1702870803658,28.71685801628102,1617.542129347814,0.3772298427485102,24.0,24.0,0.5370495669980352,1.5370495669980353,33
2025-26,2026-01-01,0022500472,MIA,DET,0,1,1524.1702870803658,1548.319339909329,24.149052828963317,1636.9005673404863,0.2993481470522544,6.0,6.0,0.1488850336233179,1.1488850336233178,34
2025-26,2026-01-03,0022500486,MIA,MIN,1,0,1548.319339909329,1528.0311382223051,-20.288201687023637,1553.2069936402347,0.5432269673439507,10.0,-10.0,0.2449186624037091,1.2449186624037092,35
2025-26,2026-01-04,0022500497,MIA,NOP,1,1,1528.0311382223051,1536.9937936901304,8.962655467825067,1329.866621174052,0.7928519663946364,19.0,19.0,0.4422303560457261,1.442230356045726,36
2025-26,2026-01-06,0022500513,MIA,MIN,0,0,1536.9937936901304,1518.7935517160215,-18.200241974108668,1588.410208601592,0.3781394397987743,28.0,-28.0,0.6043677771171634,1.6043677771171634,37
2025-26,2026-01-10,0022500543,MIA,IND,0,0,1518.7935517160215,1483.7019251214788,-35.09162659454298,1282.5825893396711,0.7610170235233937,24.0,-24.0,0.5370495669980352,1.5370495669980353,38
2025-26,2026-01-11,0022500553,MIA,OKC,0,0,1483.7019251214788,1475.4266663161527,-8.275258805326056,1675.1047436104452,0.2136136188229758,12.0,-12.0,0.2913126124515909,1.2913126124515908,39
2025-26,2026-01-13,0022500564,MIA,PHX,1,1,1475.4266663161527,1498.0165538828912,22.589887566738543,1622.1145141815523,0.344585202011169,6.0,6.0,0.1488850336233179,1.1488850336233178,40
2025-26,2026-01-15,0022500580,MIA,BOS,1,0,1498.0165538828912,1483.7971137499298,-14.219440132961394,1587.9767014325384,0.4215591873891448,5.0,-5.0,0.1243530017715962,1.124353001771596,41
2025-26,2026-01-17,0022500597,MIA,OKC,1,1,1483.7971137499298,1507.6014517636704,23.804338013740647,1714.9893544394372,0.2442767706641837,2.0,2.0,0.0499583749578799,1.04995837495788,42
2025-26,2026-01-19,0022500612,MIA,GSW,0,0,1507.6014517636704,1491.166345400061,-16.435106363609812,1572.0617244297898,0.3606510891164057,23.0,-23.0,0.5190218338982221,1.519021833898222,43
2025-26,2026-01-20,0022500619,MIA,SAC,0,1,1491.166345400061,1506.6158211633403,15.449475763279777,1379.8562820726113,0.6080865110221391,13.0,13.0,0.3140209253469976,1.3140209253469977,44
2025-26,2026-01-22,0022500634,MIA,POR,0,0,1506.6158211633403,1490.0822944996742,-16.53352666366617,1546.8891123322203,0.3933367139581584,17.0,-17.0,0.4011342849479459,1.401134284947946,45
2025-26,2026-01-24,0022500649,MIA,UTA,0,1,1490.0822944996742,1509.490383900247,19.408089400572784,1378.925386612102,0.6078763824717892,31.0,31.0,0.6498274636719203,1.6498274636719203,46
2025-26,2026-01-25,0022500655,MIA,PHX,0,1,1509.490383900247,1534.2449042096364,24.754520309389463,1601.9695632134842,0.3243550110241814,9.0,9.0,0.2212784678984439,1.221278467898444,47
2025-26,2026-01-28,0022500674,MIA,ORL,1,0,1534.2449042096364,1509.4373856647226,-24.807518544913737,1440.6177405474236,0.6770915123504991,9.0,-9.0,0.2212784678984439,1.221278467898444,48
2025-26,2026-01-29,0022500529,MIA,CHI,0,1,1509.4373856647226,1525.4505626384446,16.013176973721908,1472.07300510551,0.5034025646181597,3.0,3.0,0.074859690687499,1.0748596906874992,49
2025-26,2026-01-31,0022500692,MIA,CHI,1,0,1525.4505626384446,1502.7179439008228,-22.73261873762173,1456.059828131788,0.6458670735023371,7.0,-7.0,0.1732351578346601,1.17323515783466,50
2025-26,2026-02-01,0022500705,MIA,CHI,1,1,1502.7179439008228,1525.074010148234,22.35606624741117,1478.7924468694098,0.5839967700771772,43.0,43.0,0.7913375537619973,1.791337553761997,51
2025-26,2026-02-03,0022500720,MIA,ATL,1,0,1525.074010148234,1500.928510711779,-24.14549943645521,1472.6078286629656,0.6232805081080599,12.0,-12.0,0.2913126124515909,1.2913126124515908,52
2025-26,2026-02-06,0022500741,MIA,BOS,0,0,1500.928510711779,1492.36833777434,-8.560172937438844,1637.1620943277433,0.271762295268205,2.0,-2.0,0.0499583749578799,1.04995837495788,53
2025-26,2026-02-08,0022500758,MIA,WAS,0,1,1492.36833777434,1509.6596334950518,17.291295720711876,1349.3379710036425,0.6506443632954666,31.0,31.0,0.6498274636719203,1.6498274636719203,54
2025-26,2026-02-09,0022500763,MIA,UTA,1,0,1509.6596334950518,1483.6574565190797,-26.002176975972272,1316.3934988875667,0.7881826485529501,4.0,-4.0,0.0996679946249558,1.099667994624956,55
2025-26,2026-02-11,0022500784,MIA,NOP,0,1,1483.6574565190797,1499.6657802090788,16.008323689999283,1387.7479647011785,0.5867686999094908,12.0,12.0,0.2913126124515909,1.2913126124515908,56
2025-26,2026-02-20,0022500805,MIA,ATL,0,1,1499.6657802090788,1526.0355495912388,26.369769382160076,1487.47520669256,0.4672216749366327,31.0,31.0,0.6498274636719203,1.6498274636719203,57
2025-26,2026-02-21,0022500813,MIA,MEM,1,1,1526.0355495912388,1536.7692043844684,10.733654793229595,1378.6784647616623,0.7407233869556117,16.0,16.0,0.3799489622552249,1.379948962255225,58
2025-26,2026-02-24,0022500837,MIA,MIL,0,0,1536.7692043844684,1515.7403668039256,-21.028837580542906,1465.0197535468142,0.5526903572526531,11.0,-11.0,0.2682711820216014,1.2682711820216013,59
2025-26,2026-02-26,0022500849,MIA,PHI,0,0,1515.7403668039256,1500.2317713208845,-15.508595483041326,1522.1960719628523,0.4406219668034331,7.0,-7.0,0.1732351578346601,1.17323515783466,60
2025-26,2026-02-28,0022500864,MIA,HOU,1,1,1500.2317713208845,1523.0609989025488,22.82922758166458,1613.861565476462,0.3887357658749759,10.0,10.0,0.2449186624037091,1.2449186624037092,61
2025-26,2026-03-03,0022500886,MIA,BKN,1,1,1523.0609989025488,1530.8529276939737,7.791928791424867,1276.70502915119,0.8347420480642461,26.0,26.0,0.5716699660851172,1.5716699660851172,62
2025-26,2026-03-05,0022500901,MIA,BKN,1,1,1530.8529276939737,1537.197306798534,6.344379104560119,1268.9131003597652,0.8467484600736823,16.0,16.0,0.3799489622552249,1.379948962255225,63
2025-26,2026-03-06,0022500909,MIA,CHA,0,1,1537.197306798534,1562.7591323020065,25.561825503472697,1659.099640254515,0.2883928408047418,8.0,8.0,0.197375320224904,1.197375320224904,64
2025-26,2026-03-08,0022500923,MIA,DET,1,1,1562.7591323020065,1585.416807625381,22.65767532337449,1664.9446302391796,0.4044997199190327,11.0,11.0,0.2682711820216014,1.2682711820216013,65
2025-26,2026-03-10,0022500938,MIA,WAS,1,1,1585.416807625381,1590.5572250315242,5.140417406143336,1267.0322835994525,0.8843459416209843,21.0,21.0,0.4815497983643079,1.481549798364308,66
2025-26,2026-03-12,0022500957,MIA,MIL,1,1,1590.5572250315242,1598.1405294162334,7.583304384709124,1401.0504627194225,0.7845471889112443,7.0,7.0,0.1732351578346601,1.17323515783466,67
2025-26,2026-03-14,0022500972,MIA,ORL,1,0,1598.1405294162334,1579.4564035039273,-18.684125912306197,1586.757658370758,0.5663565731848746,4.0,-4.0,0.0996679946249558,1.099667994624956,68
2025-26,2026-03-17,0022500991,MIA,CHA,0,0,1579.4564035039273,1559.8687275673688,-19.587675936558476,1615.3963861224445,0.3993046200869719,30.0,-30.0,0.6351489523872873,1.6351489523872873,69
2025-26,2026-03-19,0022501010,MIA,LAL,1,0,1559.8687275673688,1544.2482343699062,-15.620493197462656,1640.3958043524694,0.4348537152780868,8.0,-8.0,0.197375320224904,1.197375320224904,70
2025-26,2026-03-21,0022501027,MIA,HOU,0,0,1544.2482343699062,1531.2303659838674,-13.017868386038836,1562.935131887461,0.4233474639852765,1.0,-1.0,0.0249947929684206,1.0249947929684209,71
2025-26,2026-03-23,0022501041,MIA,SAS,1,0,1531.2303659838674,1520.6452871289964,-10.585078854870902,1779.128870239692,0.2269625786989131,25.0,-25.0,0.5545997223493823,1.5545997223493822,72
2025-26,2026-03-25,0022501055,MIA,CLE,0,1,1520.6452871289964,1550.7922258817923,30.14693875279583,1647.3123572183931,0.2827968245285919,17.0,17.0,0.4011342849479459,1.401134284947946,73
2025-26,2026-03-27,0022501068,MIA,CLE,0,0,1550.7922258817923,1534.8752289263994,-15.916996955393028,1617.1654184655974,0.3581159173762063,21.0,-21.0,0.4815497983643079,1.481549798364308,74
2025-26,2026-03-29,0022501083,MIA,IND,0,0,1534.8752289263994,1500.294958130002,-34.580270796397336,1233.2939825816486,0.8226732480934674,17.0,-17.0,0.4011342849479459,1.401134284947946,75
2025-26,2026-03-30,0022501091,MIA,PHI,1,1,1500.294958130002,1519.4060485982784,19.1110904682764,1543.4328405382096,0.4882907870362015,10.0,10.0,0.2449186624037091,1.2449186624037092,76
2025-26,2026-04-01,0022501106,MIA,BOS,1,0,1519.4060485982784,1505.682152423803,-13.723896174475495,1683.972910086591,0.3217269328741218,18.0,-18.0,0.4218990052500079,1.4218990052500078,77
2025-26,2026-04-04,0022501129,MIA,WAS,1,1,1505.682152423803,1511.5710725442248,5.888920120421735,1228.5583564510864,0.8577502917016684,16.0,16.0,0.3799489622552249,1.379948962255225,78
2025-26,2026-04-07,0022501151,MIA,TOR,0,0,1511.5710725442248,1490.2592745014963,-21.31179804272832,1510.028616614338,0.4519990096015305,26.0,-26.0,0.5716699660851172,1.5716699660851172,79
2025-26,2026-04-09,0022501165,MIA,TOR,0,0,1490.2592745014963,1474.5343739177372,-15.724900583759393,1531.3404146570665,0.3922275852872543,14.0,-14.0,0.3363755443363322,1.3363755443363323,80
2025-26,2026-04-10,0022501172,MIA,WAS,0,1,1474.5343739177372,1482.6409515398414,8.106577622104215,1173.623375339993,0.8221096971485363,23.0,23.0,0.5190218338982221,1.519021833898222,81
2025-26,2026-04-12,0022501189,MIA,ATL,1,1,1482.6409515398414,1514.3569118814275,31.71596034158618,1642.759139155109,0.327340535312095,26.0,26.0,0.5716699660851172,1.5716699660851172,82
2025-26,2025-10-22,0022500086,MIL,WAS,1,1,1500.0,1517.731423861784,17.73142386178396,1500.0,0.550199353253537,13.0,13.0,0.3140209253469976,1.3140209253469977,1
2025-26,2025-10-24,0022500092,MIL,TOR,0,1,1517.731423861784,1537.0086414479315,19.27721758614777,1524.1336774291608,0.4406978063664651,6.0,6.0,0.1488850336233179,1.1488850336233178,2
2025-26,2025-10-26,0022500107,MIL,CLE,0,0,1537.0086414479315,1520.1935157687924,-16.81512567913941,1503.0421643117718,0.4985126454249545,5.0,-5.0,0.1243530017715962,1.124353001771596,3
2025-26,2025-10-28,0022500125,MIL,NYK,1,1,1520.1935157687924,1536.674983913114,16.481468144321607,1514.215429034173,0.5587002684845043,10.0,10.0,0.2449186624037091,1.2449186624037092,4
2025-26,2025-10-30,0022500139,MIL,GSW,1,1,1536.674983913114,1554.0925188069082,17.417534893794276,1548.2665224164064,0.5336366029417479,10.0,10.0,0.2449186624037091,1.2449186624037092,5
2025-26,2025-11-01,0022500142,MIL,SAC,1,0,1554.0925188069082,1532.5981521804626,-21.49436662644552,1456.238809881805,0.6823878971172797,2.0,-2.0,0.0499583749578799,1.04995837495788,6
2025-26,2025-11-03,0022500157,MIL,IND,0,1,1532.5981521804626,1545.4788113793977,12.880659198934996,1433.5993187780698,0.5910739731483255,2.0,2.0,0.0499583749578799,1.04995837495788,7
2025-26,2025-11-04,0022500165,MIL,TOR,0,0,1545.4788113793977,1520.0744451293915,-25.40436625000599,1491.1297651802008,0.5278167639686346,28.0,-28.0,0.6043677771171634,1.6043677771171634,8
2025-26,2025-11-07,0022500035,MIL,CHI,1,1,1520.0744451293915,1541.4557335007223,21.38128837133074,1566.5268313970437,0.4835246578881272,16.0,16.0,0.3799489622552249,1.379948962255225,9
2025-26,2025-11-09,0022500191,MIL,HOU,1,0,1541.4557335007223,1522.4464536266107,-19.00927987411175,1548.544329799645,0.5400815499254659,7.0,-7.0,0.1732351578346601,1.17323515783466,10
2025-26,2025-11-10,0022500203,MIL,DAL,0,1,1522.4464536266107,1535.3745364850838,12.928082858473172,1424.5290903815603,0.5895684004618502,2.0,2.0,0.0499583749578799,1.04995837495788,11
2025-26,2025-11-12,0022500213,MIL,CHA,0,0,1535.3745364850838,1512.6185989424855,-22.75593754259829,1431.3246073251005,0.5980828565471761,11.0,-11.0,0.2682711820216014,1.2682711820216013,12
2025-26,2025-11-14,0022500043,MIL,CHA,1,1,1512.6185989424855,1527.1470167376265,14.528417795140932,1454.0805448676988,0.6314513841981025,13.0,13.0,0.3140209253469976,1.3140209253469977,13
2025-26,2025-11-15,0022500231,MIL,LAL,1,0,1527.1470167376265,1504.429338349795,-22.71767838783139,1567.2418110445471,0.4926685271054856,24.0,-24.0,0.5370495669980352,1.5370495669980353,14
2025-26,2025-11-17,0022500241,MIL,CLE,0,0,1504.429338349795,1489.9082070081515,-14.521131341643434,1558.286238835579,0.3748416198531169,12.0,-12.0,0.2913126124515909,1.2913126124515908,15
2025-26,2025-11-20,0022500266,MIL,PHI,1,0,1489.9082070081515,1471.2194487185102,-18.688758289641353,1517.8978969714374,0.5100872782328577,9.0,-9.0,0.2212784678984439,1.221278467898444,16
2025-26,2025-11-22,0022500272,MIL,DET,1,0,1471.2194487185102,1458.8065864435,-12.412862275010252,1641.2661355641235,0.3148824100532582,13.0,-13.0,0.3140209253469976,1.3140209253469977,17
2025-26,2025-11-24,0022500288,MIL,POR,1,0,1458.8065864435,1437.7937077801223,-21.01287866337756,1464.261560510534,0.5424165163611844,12.0,-12.0,0.2913126124515909,1.2913126124515908,18
2025-26,2025-11-26,0022500062,MIL,MIA,0,0,1437.7937077801223,1430.2773301315997,-7.51637764852306,1609.6757943886328,0.2330963974071646,3.0,-3.0,0.074859690687499,1.0748596906874992,19
2025-26,2025-11-28,0022500074,MIL,NYK,0,0,1430.2773301315997,1420.0673062129729,-10.210023918626757,1560.4945155249502,0.2786703766312471,9.0,-9.0,0.2212784678984439,1.221278467898444,20
2025-26,2025-11-29,0022500297,MIL,BKN,1,1,1420.0673062129729,1435.1234461259485,15.056139912975718,1353.749579941017,0.641810684511821,17.0,17.0,0.4011342849479459,1.401134284947946,21
2025-26,2025-12-01,0022500311,MIL,WAS,0,0,1435.1234461259485,1414.880049346954,-20.24339677899468,1309.3172419252053,0.6277841642768787,3.0,-3.0,0.074859690687499,1.0748596906874992,22
2025-26,2025-12-03,0022500331,MIL,DET,1,1,1414.880049346954,1439.822451720495,24.942402373541302,1646.3880002419537,0.2439414291265866,4.0,4.0,0.0996679946249558,1.099667994624956,23
2025-26,2025-12-05,0022500348,MIL,PHI,1,0,1439.822451720495,1421.6569667145138,-18.16548500598133,1512.6535130968423,0.4457708756187554,15.0,-15.0,0.3583573983507859,1.358357398350786,24
2025-26,2025-12-06,0022500353,MIL,DET,0,0,1421.6569667145138,1414.0155991906918,-7.641367523822039,1630.481575701862,0.1972506489427762,12.0,-12.0,0.2913126124515909,1.2913126124515908,25
2025-26,2025-12-11,0022501206,MIL,BOS,1,1,1414.0155991906918,1443.3765022361322,29.360903045440473,1613.516635172597,0.2794998066270274,15.0,15.0,0.3583573983507859,1.358357398350786,26
2025-26,2025-12-14,0022501219,MIL,BKN,0,0,1443.3765022361322,1413.162381678031,-30.214120558101605,1368.8462270258203,0.55664442392907,45.0,-45.0,0.809301070201781,1.8093010702017809,27
2025-26,2025-12-18,0022500374,MIL,TOR,1,0,1413.162381678031,1399.5232222801571,-13.639159397873634,1521.7012929147131,0.3957216199100119,6.0,-6.0,0.1488850336233179,1.1488850336233178,28
2025-26,2025-12-21,0022500400,MIL,MIN,0,0,1399.5232222801571,1392.4573992740677,-7.065823006089634,1585.280188064917,0.2191238871239776,3.0,-3.0,0.074859690687499,1.0748596906874992,29
2025-26,2025-12-23,0022500413,MIL,IND,0,1,1392.4573992740677,1411.4118733983348,18.9544741242673,1323.25112717832,0.5490683434630849,17.0,17.0,0.4011342849479459,1.401134284947946,30
2025-26,2025-12-26,0022500428,MIL,MEM,0,0,1411.4118733983348,1396.3721682808575,-15.039705117477084,1492.8951861153832,0.3383777612263756,21.0,-21.0,0.4815497983643079,1.481549798364308,31
2025-26,2025-12-27,0022500437,MIL,CHI,0,1,1396.3721682808575,1420.0651183499774,23.69295006911967,1466.3735810143694,0.3533292995306764,9.0,9.0,0.2212784678984439,1.221278467898444,32
2025-26,2025-12-29,0022500447,MIL,CHA,0,1,1420.0651183499774,1442.177957034996,22.11283868501862,1449.789113219438,0.4079174446539666,10.0,10.0,0.2449186624037091,1.2449186624037092,33
2025-26,2025-12-31,0022500469,MIL,WAS,1,0,1442.177957034996,1421.8609434244036,-20.317013610592436,1361.3948636854748,0.660719246249491,1.0,-1.0,0.0249947929684206,1.0249947929684209,34
2025-26,2026-01-02,0022500481,MIL,CHA,1,1,1421.8609434244036,1435.3244802166057,13.463536792202204,1413.4437193795636,0.5621591808867851,1.0,1.0,0.0249947929684206,1.0249947929684209,35
2025-26,2026-01-04,0022500500,MIL,SAC,0,1,1435.3244802166057,1451.8298680986888,16.505387882083223,1324.5636980089705,0.6073327146584806,17.0,17.0,0.4011342849479459,1.401134284947946,36
2025-26,2026-01-07,0022500526,MIL,GSW,0,0,1451.8298680986888,1439.448980791198,-12.380887307490914,1523.0262378891598,0.3517591855538226,7.0,-7.0,0.1732351578346601,1.17323515783466,37
2025-26,2026-01-09,0022500541,MIL,LAL,0,1,1439.448980791198,1462.2568147806276,22.807833989429497,1544.5458489881778,0.3086448485387884,4.0,4.0,0.0996679946249558,1.099667994624956,38
2025-26,2026-01-11,0022500554,MIL,DEN,0,0,1462.2568147806276,1451.8205151684049,-10.436299612222616,1561.1256289048267,0.3163469842180848,4.0,-4.0,0.0996679946249558,1.099667994624956,39
2025-26,2026-01-13,0022500566,MIL,MIN,1,0,1451.8205151684049,1435.3388706868277,-16.481644481577096,1611.8531001004892,0.3274490466363955,33.0,-33.0,0.6777821008468294,1.6777821008468294,40
2025-26,2026-01-15,0022500582,MIL,SAS,0,0,1435.3388706868277,1425.869982149203,-9.46888853762479,1618.2121287557768,0.221977522141476,18.0,-18.0,0.4218990052500079,1.4218990052500078,41
2025-26,2026-01-19,0022500014,MIL,ATL,0,1,1425.869982149203,1444.2616323557031,18.391650206500056,1449.7156025589204,0.4161149417871652,2.0,2.0,0.0499583749578799,1.04995837495788,42
2025-26,2026-01-21,0022500625,MIL,OKC,1,0,1444.2616323557031,1435.0343394869328,-9.227292868770178,1709.0441153993982,0.2103637368809764,20.0,-20.0,0.4621171572600097,1.4621171572600098,43
2025-26,2026-01-23,0022500640,MIL,DEN,1,0,1435.0343394869328,1422.8458787407617,-12.188460746171051,1549.9703172202649,0.3869506016261518,2.0,-2.0,0.0499583749578799,1.04995837495788,44
2025-26,2026-01-27,0022500666,MIL,PHI,0,0,1422.8458787407617,1408.092022930763,-14.753855809998544,1494.6225112149864,0.3509979014501733,17.0,-17.0,0.4011342849479459,1.401134284947946,45
2025-26,2026-01-29,0022500681,MIL,WAS,0,0,1408.092022930763,1387.173766288514,-20.918256642249133,1331.1294862642303,0.5600970107251779,10.0,-10.0,0.2449186624037091,1.2449186624037092,46
2025-26,2026-02-01,0022500702,MIL,BOS,0,0,1387.173766288514,1377.4770797527342,-9.696686535779625,1591.4122254339177,0.2014643332632721,28.0,-28.0,0.6043677771171634,1.6043677771171634,47
2025-26,2026-02-03,0022500722,MIL,CHI,1,1,1377.4770797527342,1400.781399193727,23.304319440993098,1456.4363806219983,0.4370729140854775,16.0,16.0,0.3799489622552249,1.379948962255225,48
2025-26,2026-02-04,0022500729,MIL,NOP,1,1,1400.781399193727,1413.652993879483,12.871594685755497,1358.1965761551826,0.609833915064356,4.0,4.0,0.0996679946249558,1.099667994624956,49
2025-26,2026-02-06,0022500743,MIL,IND,1,1,1413.652993879483,1426.3266250945326,12.673631215049785,1354.4872519294736,0.6322918643106792,6.0,6.0,0.1488850336233179,1.1488850336233178,50
2025-26,2026-02-09,0022500764,MIL,ORL,0,0,1426.3266250945326,1410.3660273947337,-15.960597699798786,1484.6121902023074,0.3688869264860754,19.0,-19.0,0.4422303560457261,1.442230356045726,51
2025-26,2026-02-11,0022500777,MIL,ORL,0,1,1410.3660273947337,1434.5328350646043,24.16680766987059,1500.5727879021065,0.3272282783387886,8.0,8.0,0.197375320224904,1.197375320224904,52
2025-26,2026-02-12,0022500789,MIL,OKC,0,1,1434.5328350646043,1469.2386697775491,34.70583471294471,1669.695053438116,0.1743395550833046,17.0,17.0,0.4011342849479459,1.401134284947946,53
2025-26,2026-02-20,0022500807,MIL,NOP,0,1,1469.2386697775491,1487.506820486992,18.2681507094427,1371.7396410111792,0.5889855625145262,21.0,21.0,0.4815497983643079,1.481549798364308,54
2025-26,2026-02-22,0022500819,MIL,TOR,1,0,1487.506820486992,1465.0197535468142,-22.48706694017776,1545.3277748911332,0.467205156259621,28.0,-28.0,0.6043677771171634,1.6043677771171634,55
2025-26,2026-02-24,0022500837,MIL,MIA,1,1,1465.0197535468142,1486.048591127357,21.028837580542906,1536.7692043844684,0.4473096427473468,11.0,11.0,0.2682711820216014,1.2682711820216013,56
2025-26,2026-02-25,0022500846,MIL,CLE,1,1,1486.048591127357,1508.334356086429,22.28576495907161,1674.4994395166957,0.2924873502734295,2.0,2.0,0.0499583749578799,1.04995837495788,57
2025-26,2026-02-27,0022500860,MIL,NYK,1,0,1508.334356086429,1488.551926605399,-19.78242948102963,1608.684885001949,0.4070466610598331,29.0,-29.0,0.619996867969374,1.619996867969374,58
2025-26,2026-03-01,0022500870,MIL,CHI,0,0,1488.551926605399,1457.7596064240774,-30.79232018132167,1326.0251619198427,0.6757050160870132,23.0,-23.0,0.5190218338982221,1.519021833898222,59
2025-26,2026-03-02,0022500880,MIL,BOS,1,0,1457.7596064240774,1444.8264091773465,-12.933197246730971,1664.2820142949358,0.2714333778659706,27.0,-27.0,0.5882592563981054,1.5882592563981053,60
2025-26,2026-03-04,0022500897,MIL,ATL,1,0,1444.8264091773465,1425.8956278703631,-18.9307813069833,1519.0501869545078,0.4437910436931199,18.0,-18.0,0.4218990052500079,1.4218990052500078,61
2025-26,2026-03-07,0022500919,MIL,UTA,1,1,1425.8956278703631,1437.2121052307873,11.316477360424155,1298.7752725344924,0.7177321048616835,14.0,14.0,0.3363755443363322,1.3363755443363323,62
2025-26,2026-03-08,0022500926,MIL,ORL,1,0,1437.2121052307873,1416.1485738616632,-21.063531369124178,1541.9211587736725,0.4010054289833287,39.0,-39.0,0.7508932836251672,1.7508932836251672,63
2025-26,2026-03-10,0022500941,MIL,PHX,1,0,1416.1485738616632,1401.0504627194225,-15.098111142240834,1543.2321555488868,0.370499230923364,15.0,-15.0,0.3583573983507859,1.358357398350786,64
2025-26,2026-03-12,0022500957,MIL,MIA,0,0,1401.0504627194225,1393.467158334713,-7.583304384709124,1590.5572250315242,0.2154528110887557,7.0,-7.0,0.1732351578346601,1.17323515783466,65
2025-26,2026-03-14,0022500970,MIL,ATL,0,0,1393.467158334713,1382.8768723663434,-10.590285968369662,1566.0338381629067,0.2323926650699092,23.0,-23.0,0.5190218338982221,1.519021833898222,66
2025-26,2026-03-15,0022500979,MIL,IND,1,1,1382.8768723663434,1392.7527313197431,9.875858953399684,1235.7780469437002,0.740437768268199,11.0,11.0,0.2682711820216014,1.2682711820216013,67
2025-26,2026-03-17,0022500995,MIL,CLE,1,0,1392.7527313197431,1383.5677971821135,-9.18493413762955,1608.5926162627811,0.260957463821132,7.0,-7.0,0.1732351578346601,1.17323515783466,68
2025-26,2026-03-19,0022501014,MIL,UTA,0,0,1383.5677971821135,1353.312789161436,-30.25500802067755,1273.7361420955094,0.6060564798658787,32.0,-32.0,0.664036770267849,1.664036770267849,69
2025-26,2026-03-21,0022501031,MIL,PHX,0,1,1353.312789161436,1377.6443183514648,24.33152919002883,1513.416391852315,0.2454354926249038,3.0,3.0,0.074859690687499,1.0748596906874992,70
2025-26,2026-03-23,0022501046,MIL,LAC,0,0,1377.6443183514648,1365.3635315661666,-12.280786785298336,1539.1079242299447,0.2439885127534308,33.0,-33.0,0.6777821008468294,1.6777821008468294,71
2025-26,2026-03-25,0022501061,MIL,POR,0,0,1365.3635315661666,1351.778829911223,-13.58470165494354,1499.2302430550412,0.2744671176041018,31.0,-31.0,0.6498274636719203,1.6498274636719203,72
2025-26,2026-03-28,0022501076,MIL,SAS,1,0,1351.778829911223,1347.3792538924529,-4.3995760187701585,1792.701228542106,0.0881305849602107,32.0,-32.0,0.664036770267849,1.664036770267849,73
2025-26,2026-03-29,0022501082,MIL,LAC,1,0,1347.3792538924529,1337.452665620008,-9.926588272444755,1575.4587281381682,0.2475997687554829,14.0,-14.0,0.3363755443363322,1.3363755443363323,74
2025-26,2026-03-31,0022500652,MIL,DAL,1,1,1337.452665620008,1356.983662681903,19.53099706189497,1318.9172387487256,0.5764396611698007,24.0,24.0,0.5370495669980352,1.5370495669980353,75
2025-26,2026-04-01,0022501110,MIL,HOU,0,0,1356.983662681903,1350.872055333454,-6.11160734844915,1588.5730003994047,0.177319957163876,6.0,-6.0,0.1488850336233179,1.1488850336233178,76
2025-26,2026-04-03,0022501126,MIL,BOS,1,0,1350.872055333454,1343.7603010293212,-7.1117543041328215,1697.6968062610665,0.142459878916179,32.0,-32.0,0.664036770267849,1.664036770267849,77
2025-26,2026-04-05,0022501135,MIL,MEM,1,1,1343.7603010293212,1357.8842027791254,14.123901749804237,1264.4390295524415,0.6588303351277136,16.0,16.0,0.3799489622552249,1.379948962255225,78
2025-26,2026-04-07,0022501150,MIL,BKN,0,0,1357.8842027791254,1337.6964346242314,-20.18776815489398,1262.7253550194578,0.5857205773156265,6.0,-6.0,0.1488850336233179,1.1488850336233178,79
2025-26,2026-04-08,0022501160,MIL,DET,0,0,1337.6964346242314,1332.841266967861,-4.855167656370443,1678.730071736593,0.102972586720697,26.0,-26.0,0.5716699660851172,1.5716699660851172,80
2025-26,2026-04-10,0022501179,MIL,BKN,1,1,1332.841266967861,1347.3087810582567,14.467514090395644,1255.8460898194548,0.6558142393198443,17.0,17.0,0.4011342849479459,1.401134284947946,81
2025-26,2026-04-12,0022501191,MIL,PHI,0,0,1347.3087810582567,1337.4739404899583,-9.834840568298407,1527.9398627049525,0.2242146036762375,20.0,-20.0,0.4621171572600097,1.4621171572600098,82
2025-26,2025-10-22,0022500089,MIN,POR,0,1,1500.0,1518.151098583088,18.151098583087943,1500.0,0.449800646746463,4.0,4.0,0.0996679946249558,1.099667994624956,1
2025-26,2025-10-24,0022500019,MIN,LAL,0,0,1518.151098583088,1496.5955036255798,-21.555594957508276,1479.4513967127666,0.5053240977481432,18.0,-18.0,0.4218990052500079,1.4218990052500078,2
2025-26,2025-10-26,0022500110,MIN,IND,1,1,1496.5955036255798,1509.7850898715924,13.189586246012611,1461.0179167343354,0.6001948979000415,4.0,4.0,0.0996679946249558,1.099667994624956,3
2025-26,2025-10-27,0022500008,MIN,DEN,1,0,1509.7850898715924,1487.889266968075,-21.895822903517427,1506.1018574338802,0.5554407463167638,13.0,-13.0,0.3140209253469976,1.3140209253469977,4
2025-26,2025-10-29,0022500136,MIN,LAL,1,0,1487.889266968075,1471.349799368729,-16.539467599345826,1496.5228867603637,0.5378715974236628,1.0,-1.0,0.0249947929684206,1.0249947929684209,5
2025-26,2025-11-01,0022500143,MIN,CHA,0,1,1471.349799368729,1495.1365532457514,23.786753877022417,1482.4046671699846,0.4341072055558156,17.0,17.0,0.4011342849479459,1.401134284947946,6
2025-26,2025-11-03,0022500156,MIN,BKN,0,1,1495.1365532457514,1511.9676727832589,16.8311195375075,1394.4384345265937,0.5934361825961855,16.0,16.0,0.3799489622552249,1.379948962255225,7
2025-26,2025-11-05,0022500175,MIN,NYK,0,0,1511.9676727832589,1492.0372024852295,-19.930470298029345,1520.7291139008903,0.4373531670900422,23.0,-23.0,0.5190218338982221,1.519021833898222,8
2025-26,2025-11-07,0022500036,MIN,UTA,1,1,1492.0372024852295,1513.4523861087323,21.41518362350277,1460.3735742626827,0.5947764405874402,40.0,40.0,0.7615941559557649,1.7615941559557649,9
2025-26,2025-11-09,0022500197,MIN,SAC,0,1,1513.4523861087323,1536.2872511143848,22.834865005652485,1464.0206665835526,0.5207569773078069,27.0,27.0,0.5882592563981054,1.5882592563981053,10
2025-26,2025-11-10,0022500205,MIN,UTA,0,1,1536.2872511143848,1550.7620959557112,14.474844841326307,1438.95839063918,0.588748406641078,7.0,7.0,0.1732351578346601,1.17323515783466,11
2025-26,2025-11-14,0022500044,MIN,SAC,1,1,1550.7620959557112,1561.2948037608137,10.532707805102604,1406.5048100325375,0.7372817381625728,14.0,14.0,0.3363755443363322,1.3363755443363323,12
2025-26,2025-11-15,0022500232,MIN,DEN,1,0,1561.2948037608137,1543.1781738621353,-18.11662989867847,1612.8798809028374,0.4761502680575745,11.0,-11.0,0.2682711820216014,1.2682711820216013,13
2025-26,2025-11-17,0022500246,MIN,DAL,1,1,1543.1781738621353,1555.3790437049042,12.200869842769045,1400.6002139509917,0.7354049796715797,24.0,24.0,0.5370495669980352,1.5370495669980353,14
2025-26,2025-11-19,0022500259,MIN,WAS,1,1,1555.3790437049042,1561.9344226643364,6.555378959432025,1317.733894736197,0.8277082732158573,11.0,11.0,0.2682711820216014,1.2682711820216013,15
2025-26,2025-11-21,0022500053,MIN,PHX,0,0,1561.9344226643364,1547.798322905625,-14.136099758711792,1554.989588115366,0.4597128966145982,1.0,-1.0,0.0249947929684206,1.0249947929684209,16
2025-26,2025-11-24,0022500292,MIN,SAC,0,0,1547.798322905625,1525.0577692347576,-22.74055367086705,1386.4775612152705,0.6741819112869271,5.0,-5.0,0.1243530017715962,1.124353001771596,17
2025-26,2025-11-26,0022500064,MIN,OKC,0,0,1525.0577692347576,1517.0129000774093,-8.044869157348337,1705.944790729943,0.2239584370208794,8.0,-8.0,0.197375320224904,1.197375320224904,18
2025-26,2025-11-29,0022500293,MIN,BOS,1,1,1517.0129000774093,1533.016147636047,16.003247558637607,1541.6515990306127,0.5149066919330942,4.0,4.0,0.0996679946249558,1.099667994624956,19
2025-26,2025-11-30,0022500306,MIN,SAS,1,1,1533.016147636047,1554.752529373415,21.736381737367967,1603.8564294124535,0.4486038662428968,13.0,13.0,0.3140209253469976,1.3140209253469977,20
2025-26,2025-12-02,0022500321,MIN,NOP,0,1,1554.752529373415,1563.4871629384745,8.73463356505962,1327.1985745365946,0.7518362365597593,7.0,7.0,0.1732351578346601,1.17323515783466,21
2025-26,2025-12-04,0022500337,MIN,NOP,0,1,1563.4871629384745,1571.9095752006567,8.422412262182098,1318.463940971535,0.7701203429147695,9.0,9.0,0.2212784678984439,1.221278467898444,22
2025-26,2025-12-06,0022500355,MIN,LAC,1,1,1571.9095752006567,1578.772834753385,6.8632595527282225,1379.7077732340924,0.7871579700993854,3.0,3.0,0.074859690687499,1.0748596906874992,23
2025-26,2025-12-08,0022500365,MIN,PHX,1,0,1578.772834753385,1560.0619334130365,-18.71090134034876,1557.5168354941477,0.5802587228348206,3.0,-3.0,0.074859690687499,1.0748596906874992,24
2025-26,2025-12-12,0022501215,MIN,GSW,0,1,1560.0619334130365,1577.4393944993583,17.37746108632191,1520.6973447460095,0.5062808176099436,7.0,7.0,0.1732351578346601,1.17323515783466,25
2025-26,2025-12-14,0022501220,MIN,SAC,1,1,1577.4393944993583,1585.064314842434,7.624920343075753,1360.7601538903791,0.8098109378662113,14.0,14.0,0.3363755443363322,1.3363755443363323,26
2025-26,2025-12-17,0022500368,MIN,MEM,1,0,1585.064314842434,1561.5381360886358,-23.526178753798252,1487.0565976282503,0.6825800106271186,6.0,-6.0,0.1488850336233179,1.1488850336233178,27
2025-26,2025-12-19,0022500385,MIN,OKC,1,1,1561.5381360886358,1585.280188064917,23.742051976281115,1746.944664850725,0.2961269892144859,5.0,5.0,0.1243530017715962,1.124353001771596,28
2025-26,2025-12-21,0022500400,MIN,MIL,1,1,1585.280188064917,1592.3460110710066,7.065823006089634,1399.5232222801571,0.7808761128760223,3.0,3.0,0.074859690687499,1.0748596906874992,29
2025-26,2025-12-23,0022500416,MIN,NYK,1,1,1592.3460110710066,1611.9550633596891,19.609052288682708,1638.032923602276,0.4846251451936793,11.0,11.0,0.2682711820216014,1.2682711820216013,30
2025-26,2025-12-25,0022500013,MIN,DEN,0,0,1611.9550633596891,1597.562435721939,-14.392627637750268,1621.480034351814,0.4362719083729419,4.0,-4.0,0.0996679946249558,1.099667994624956,31
2025-26,2025-12-27,0022500439,MIN,BKN,1,0,1597.562435721939,1566.250070115262,-31.312365606676895,1435.7654480879028,0.7563653068130789,16.0,-16.0,0.3799489622552249,1.379948962255225,32
2025-26,2025-12-29,0022500452,MIN,CHI,0,1,1566.250070115262,1585.4307379643078,19.18066784904564,1442.6806309452495,0.6247705310135421,35.0,35.0,0.703905603936621,1.703905603936621,33
2025-26,2025-12-31,0022500463,MIN,ATL,0,0,1585.4307379643078,1553.2069936402347,-32.223744324073145,1404.213001249133,0.6988224933437108,24.0,-24.0,0.5370495669980352,1.5370495669980353,34
2025-26,2026-01-03,0022500486,MIN,MIA,0,1,1553.2069936402347,1573.4951953272584,20.288201687023637,1548.319339909329,0.4567730326560493,10.0,10.0,0.2449186624037091,1.2449186624037092,35
2025-26,2026-01-04,0022500498,MIN,WAS,0,1,1573.4951953272584,1588.410208601592,14.915013274333438,1404.6131213062502,0.6836695235814395,26.0,26.0,0.5716699660851172,1.5716699660851172,36
2025-26,2026-01-06,0022500513,MIN,MIA,1,1,1588.410208601592,1606.6104505757005,18.200241974108668,1536.9937936901304,0.6218605602012257,28.0,28.0,0.6043677771171634,1.6043677771171634,37
2025-26,2026-01-08,0022500530,MIN,CLE,1,1,1606.6104505757005,1618.925223021079,12.314772445378711,1523.3699974161204,0.6638830327105285,9.0,9.0,0.2212784678984439,1.221278467898444,38
2025-26,2026-01-10,0022500542,MIN,CLE,0,0,1618.925223021079,1595.5515386462528,-23.37368437482661,1511.0552249707416,0.6033572389686763,12.0,-12.0,0.2913126124515909,1.2913126124515908,39
2025-26,2026-01-11,0022500552,MIN,SAS,1,1,1595.5515386462528,1611.8531001004892,16.301561454236353,1651.516733009808,0.4698652270864563,1.0,1.0,0.0249947929684206,1.0249947929684209,40
2025-26,2026-01-13,0022500566,MIN,MIL,0,1,1611.8531001004892,1628.3347445820664,16.481644481577096,1451.8205151684049,0.6725509533636045,33.0,33.0,0.6777821008468294,1.6777821008468294,41
2025-26,2026-01-16,0022500591,MIN,HOU,0,0,1628.3347445820664,1608.433335389285,-19.90140919278128,1530.099795428399,0.5900107042723967,5.0,-5.0,0.1243530017715962,1.124353001771596,42
2025-26,2026-01-17,0022500598,MIN,SAS,0,0,1608.433335389285,1594.807567177342,-13.62576821194298,1627.6810172934015,0.4225595932813549,3.0,-3.0,0.074859690687499,1.0748596906874992,43
2025-26,2026-01-20,0022500616,MIN,UTA,0,0,1594.807567177342,1569.3075764131202,-25.499990764221796,1363.3641412609277,0.7559900589951887,5.0,-5.0,0.1243530017715962,1.124353001771596,44
2025-26,2026-01-22,0022500631,MIN,CHI,1,0,1569.3075764131202,1546.255299139399,-23.05227727372107,1470.6230976190886,0.6834234811012365,5.0,-5.0,0.1243530017715962,1.124353001771596,45
2025-26,2026-01-25,0022500644,MIN,GSW,1,0,1546.255299139399,1519.850492868869,-26.404806270530138,1539.3499317626736,0.5600159244692242,26.0,-26.0,0.5716699660851172,1.5716699660851172,46
2025-26,2026-01-26,0022500663,MIN,GSW,1,1,1519.850492868869,1543.9011137952552,24.050620926386316,1565.7547380332037,0.4843126801789655,25.0,25.0,0.5545997223493823,1.5545997223493822,47
2025-26,2026-01-28,0022500677,MIN,DAL,0,1,1543.9011137952552,1561.6473852013553,17.74627140610002,1474.1654776958171,0.549822709218178,13.0,13.0,0.3140209253469976,1.3140209253469977,48
2025-26,2026-01-29,0022500686,MIN,OKC,1,1,1561.6473852013553,1585.0826571299629,23.43527192860761,1670.6721929963603,0.3950529690324139,12.0,12.0,0.2913126124515909,1.2913126124515908,49
2025-26,2026-01-31,0022500700,MIN,MEM,0,1,1585.0826571299629,1596.486200311172,11.40354318120925,1378.437030241382,0.7287068697669972,17.0,17.0,0.4011342849479459,1.401134284947946,50
2025-26,2026-02-02,0022500714,MIN,MEM,0,0,1596.486200311172,1568.8656463292878,-27.620553981884413,1367.0334870601728,0.753869946068713,9.0,-9.0,0.2212784678984439,1.221278467898444,51
2025-26,2026-02-04,0022500727,MIN,TOR,0,1,1568.8656463292878,1585.0325500594226,16.166903730134884,1543.0785906645656,0.4867446140175657,2.0,2.0,0.0499583749578799,1.04995837495788,52
2025-26,2026-02-06,0022500744,MIN,NOP,1,0,1585.0325500594226,1557.670783881908,-27.36176617751477,1345.324981469427,0.8293947600929181,4.0,-4.0,0.0996679946249558,1.099667994624956,53
2025-26,2026-02-08,0022500760,MIN,LAC,1,0,1557.670783881908,1533.099724442767,-24.57105943914091,1545.1993284105656,0.5678949352332608,19.0,-19.0,0.4422303560457261,1.442230356045726,54
2025-26,2026-02-09,0022500765,MIN,ATL,1,1,1533.099724442767,1550.6395028888987,17.539778446131816,1490.129050845496,0.6103622749113345,22.0,22.0,0.5005202111902353,1.5005202111902354,55
2025-26,2026-02-11,0022500783,MIN,POR,1,1,1550.6395028888987,1568.6597214647738,18.02021857587519,1508.5149847486307,0.6092032648613075,24.0,24.0,0.5370495669980352,1.5370495669980353,56
2025-26,2026-02-20,0022500806,MIN,DAL,1,1,1568.6597214647738,1577.0619292855413,8.402207820767396,1384.6310714487834,0.7791689995043902,11.0,11.0,0.2682711820216014,1.2682711820216013,57
2025-26,2026-02-22,0022500824,MIN,PHI,1,0,1577.0619292855413,1544.3731812420458,-32.68874804349542,1476.2639833739222,0.6860497934413174,27.0,-27.0,0.5882592563981054,1.5882592563981053,58
2025-26,2026-02-24,0022500841,MIN,POR,0,1,1544.3731812420458,1560.218755332571,15.845574090525227,1503.3965387524322,0.5086002316454247,3.0,3.0,0.074859690687499,1.0748596906874992,59
2025-26,2026-02-26,0022500857,MIN,LAC,0,1,1560.218755332571,1578.6407868941478,18.42203156157697,1549.2230785510117,0.4655098632605521,6.0,6.0,0.1488850336233179,1.1488850336233178,60
2025-26,2026-03-01,0022500871,MIN,DEN,0,1,1578.6407868941478,1597.6616930975038,19.020906203355864,1556.9560708014096,0.4808471422004535,9.0,9.0,0.2212784678984439,1.221278467898444,61
2025-26,2026-03-03,0022500890,MIN,MEM,1,1,1597.6616930975038,1604.1516706838152,6.4899775863115,1374.3633812909804,0.8156102084345563,7.0,7.0,0.1732351578346601,1.17323515783466,62
2025-26,2026-03-05,0022500903,MIN,TOR,1,1,1604.1516706838152,1616.8982195499595,12.746548866144384,1535.3029879374674,0.6451530651851031,8.0,8.0,0.197375320224904,1.197375320224904,63
2025-26,2026-03-07,0022500915,MIN,ORL,1,0,1616.8982195499595,1583.7818856427527,-33.11633390720688,1508.8048248664657,0.695023682349126,27.0,-27.0,0.5882592563981054,1.5882592563981053,64
2025-26,2026-03-10,0022500946,MIN,LAL,0,0,1583.7818856427527,1564.7075473546734,-19.0743382880795,1565.629788284935,0.4757729060247594,14.0,-14.0,0.3363755443363322,1.3363755443363323,65
2025-26,2026-03-11,0022500952,MIN,LAC,0,0,1564.7075473546734,1545.4602317117738,-19.24731564289965,1591.0005804248945,0.4126960650212096,25.0,-25.0,0.5545997223493823,1.5545997223493822,66
2025-26,2026-03-13,0022500966,MIN,GSW,0,1,1545.4602317117738,1560.305222577398,14.844990865624212,1438.1993647192076,0.6025177838536786,10.0,10.0,0.2449186624037091,1.2449186624037092,67
2025-26,2026-03-15,0022500976,MIN,OKC,0,0,1560.305222577398,1550.86076366033,-9.444458917067774,1725.9448403806866,0.2395816468085987,13.0,-13.0,0.3140209253469976,1.3140209253469977,68
2025-26,2026-03-17,0022500996,MIN,PHX,1,1,1550.86076366033,1567.4064901128436,16.545726452513403,1534.8435914757322,0.5728964390453084,12.0,12.0,0.2913126124515909,1.2913126124515908,69
2025-26,2026-03-18,0022501004,MIN,UTA,1,1,1567.4064901128436,1574.3917586163857,6.985268503542068,1280.7214105990515,0.8643345729815527,36.0,36.0,0.7162978701990245,1.7162978701990244,70
2025-26,2026-03-20,0022501020,MIN,POR,1,0,1574.3917586163857,1552.128857567848,-22.26290104853785,1482.552616075783,0.6748370464951304,4.0,-4.0,0.0996679946249558,1.099667994624956,71
2025-26,2026-03-22,0022501035,MIN,BOS,0,1,1552.128857567848,1578.7950807382808,26.666223170432843,1676.063219213628,0.2859982482993369,10.0,10.0,0.2449186624037091,1.2449186624037092,72
2025-26,2026-03-25,0022501058,MIN,HOU,1,1,1578.7950807382808,1591.6465718649174,12.851491126636596,1549.1304773766983,0.5919999804070917,2.0,2.0,0.0499583749578799,1.04995837495788,73
2025-26,2026-03-28,0022501080,MIN,DET,1,0,1591.6465718649174,1571.4110887851214,-20.235483079796012,1661.8425260632616,0.449521504362031,22.0,-22.0,0.5005202111902353,1.5005202111902354,74
2025-26,2026-03-30,0022501095,MIN,DAL,0,1,1571.4110887851214,1582.8893045310351,11.478215745913714,1330.3954544946394,0.7660108022747055,30.0,30.0,0.6351489523872873,1.6351489523872873,75
2025-26,2026-04-02,0022501115,MIN,DET,0,0,1582.8893045310351,1572.2097846097909,-10.679519921244324,1681.5450492720872,0.3166123066456011,5.0,-5.0,0.1243530017715962,1.124353001771596,76
2025-26,2026-04-03,0022501121,MIN,PHI,0,0,1572.2097846097909,1552.5976904108234,-19.61209419896756,1532.8615204892967,0.5062573283922185,12.0,-12.0,0.2913126124515909,1.2913126124515908,77
2025-26,2026-04-05,0022501137,MIN,CHA,1,0,1552.5976904108234,1536.422004039654,-16.175686371169327,1655.524970112118,0.4034715750305168,14.0,-14.0,0.3363755443363322,1.3363755443363323,78
2025-26,2026-04-07,0022501152,MIN,IND,0,1,1536.422004039654,1546.3592923300723,9.937288290418238,1288.114937248049,0.773449794109053,20.0,20.0,0.4621171572600097,1.4621171572600098,79
2025-26,2026-04-08,0022501159,MIN,ORL,0,0,1546.3592923300723,1528.7453979775948,-17.613894352477526,1542.9398047441716,0.4546767421674675,12.0,-12.0,0.2913126124515909,1.2913126124515908,80
2025-26,2026-04-10,0022501178,MIN,HOU,0,1,1528.7453979775948,1551.6650343408085,22.91963636321358,1636.609738710429,0.3052558749476511,4.0,4.0,0.0996679946249558,1.099667994624956,81
2025-26,2026-04-12,0022501195,MIN,NOP,1,1,1551.6650343408085,1560.0121839554183,8.347149614610041,1388.495025680491,0.7578188310021743,6.0,6.0,0.1488850336233179,1.1488850336233178,82
2025-26,2025-10-22,0022500085,NOP,MEM,0,0,1500.0,1484.496923065167,-15.503076934833008,1500.0,0.449800646746463,6.0,-6.0,0.1488850336233179,1.1488850336233178,1
2025-26,2025-10-24,0022500095,NOP,SAS,1,0,1484.496923065167,1468.3909727146277,-16.10595035053935,1527.6934388035886,0.4882064535012168,4.0,-4.0,0.0996679946249558,1.099667994624956,2
2025-26,2025-10-27,0022500117,NOP,BOS,1,0,1468.3909727146277,1439.921914204578,-28.469058510049592,1454.2292071887073,0.5702810382302453,32.0,-32.0,0.664036770267849,1.664036770267849,3
2025-26,2025-10-29,0022500134,NOP,DEN,0,0,1439.921914204578,1423.1836465124966,-16.738267692081596,1527.9976803373977,0.3299345570101516,34.0,-34.0,0.6910694698329306,1.6910694698329305,4
2025-26,2025-10-31,0022500027,NOP,LAC,0,0,1423.1836465124966,1412.3693371389224,-10.8143093735742,1500.84165341979,0.3433250190833525,2.0,-2.0,0.0499583749578799,1.04995837495788,5
2025-26,2025-11-02,0022500148,NOP,OKC,0,0,1412.3693371389224,1401.2418773320785,-11.12745980684393,1592.3957088474767,0.2248206767447512,31.0,-31.0,0.6498274636719203,1.6498274636719203,6
2025-26,2025-11-04,0022500168,NOP,CHA,1,1,1401.2418773320785,1419.8159578687753,18.574080536696815,1480.2673880251043,0.4369791419627054,4.0,4.0,0.0996679946249558,1.099667994624956,7
2025-26,2025-11-05,0022500177,NOP,DAL,0,1,1419.8159578687753,1438.180817196552,18.364859327776653,1443.0536250331168,0.4169654795914053,2.0,2.0,0.0499583749578799,1.04995837495788,8
2025-26,2025-11-08,0022500188,NOP,SAS,0,0,1438.180817196552,1428.2902301722568,-9.890587024295192,1566.384601925453,0.2810060983440411,7.0,-7.0,0.1732351578346601,1.17323515783466,9
2025-26,2025-11-10,0022500204,NOP,PHX,0,0,1428.2902301722568,1412.9364661094464,-15.353764062810251,1510.9041960430943,0.3369221718911116,23.0,-23.0,0.5190218338982221,1.519021833898222,10
2025-26,2025-11-12,0022500219,NOP,POR,1,0,1412.9364661094464,1398.231967240868,-14.704498868578373,1511.6280063433258,0.4093536537849138,8.0,-8.0,0.197375320224904,1.197375320224904,11
2025-26,2025-11-14,0022500045,NOP,LAL,1,0,1398.231967240868,1384.8808630038263,-13.351104237041676,1553.8907068075057,0.3330177731757298,14.0,-14.0,0.3363755443363322,1.3363755443363323,12
2025-26,2025-11-16,0022500237,NOP,GSW,1,0,1384.8808630038263,1370.3766255038151,-14.504237500011095,1535.0911244870824,0.3400203400864574,18.0,-18.0,0.4218990052500079,1.4218990052500078,13
2025-26,2025-11-17,0022500247,NOP,OKC,1,0,1370.3766255038151,1362.9749002074457,-7.401725296369526,1673.4359906087584,0.1760888868370079,17.0,-17.0,0.4011342849479459,1.401134284947946,14
2025-26,2025-11-19,0022500260,NOP,DEN,1,0,1362.9749002074457,1354.8510387975932,-8.123861409852555,1607.085691652091,0.2308108297983521,7.0,-7.0,0.1732351578346601,1.17323515783466,15
2025-26,2025-11-21,0022500052,NOP,DAL,0,0,1354.8510387975932,1341.3885145025365,-13.46252429505673,1377.7088862431517,0.417497105643803,3.0,-3.0,0.074859690687499,1.0748596906874992,16
2025-26,2025-11-22,0022500270,NOP,ATL,1,0,1341.3885145025365,1329.7369046733822,-11.651609829154353,1542.883079103376,0.2771946975229246,17.0,-17.0,0.4011342849479459,1.401134284947946,17
2025-26,2025-11-24,0022500289,NOP,CHI,1,1,1329.7369046733822,1356.9042786194873,27.16737394610506,1503.0553970971305,0.3108335536607257,13.0,13.0,0.3140209253469976,1.3140209253469977,18
2025-26,2025-11-26,0022500065,NOP,MEM,1,0,1356.9042786194873,1341.3638497077177,-15.540428911769917,1419.2536967496642,0.4607221186253638,5.0,-5.0,0.1243530017715962,1.124353001771596,19
2025-26,2025-11-29,0022500298,NOP,GSW,0,0,1341.3638497077177,1332.3066395946312,-9.057210113086375,1495.2346641544589,0.2521406602174149,8.0,-8.0,0.197375320224904,1.197375320224904,20
2025-26,2025-11-30,0022500308,NOP,LAL,0,0,1332.3066395946312,1327.1985745365946,-5.108065058036595,1624.7016024195404,0.1318571766635398,12.0,-12.0,0.2913126124515909,1.2913126124515908,21
2025-26,2025-12-02,0022500321,NOP,MIN,1,0,1327.1985745365946,1318.463940971535,-8.73463356505962,1554.752529373415,0.2481637634402406,7.0,-7.0,0.1732351578346601,1.17323515783466,22
2025-26,2025-12-04,0022500337,NOP,MIN,1,0,1318.463940971535,1310.0415287093529,-8.422412262182098,1563.4871629384745,0.2298796570852304,9.0,-9.0,0.2212784678984439,1.221278467898444,23
2025-26,2025-12-06,0022500350,NOP,BKN,0,0,1310.0415287093529,1294.1218433973863,-15.919685311966576,1365.114658367198,0.3732024392071706,18.0,-18.0,0.4218990052500079,1.4218990052500078,24
2025-26,2025-12-08,0022500366,NOP,SAS,1,0,1294.1218433973863,1288.1642198542136,-5.957623543172659,1586.996743752739,0.184756627455318,3.0,-3.0,0.074859690687499,1.0748596906874992,25
2025-26,2025-12-11,0022501207,NOP,POR,1,1,1288.1642198542136,1318.7635042835157,30.5992844293021,1447.344103817698,0.3285309500615485,23.0,23.0,0.5190218338982221,1.519021833898222,26
2025-26,2025-12-14,0022501223,NOP,CHI,0,1,1318.7635042835157,1342.4067738157496,23.643269532233944,1378.503897143126,0.3669393766769433,10.0,10.0,0.2449186624037091,1.2449186624037092,27
2025-26,2025-12-18,0022500375,NOP,HOU,1,1,1342.4067738157496,1369.1702112960734,26.76343748032386,1611.201402618977,0.2065529408719555,5.0,5.0,0.1243530017715962,1.124353001771596,28
2025-26,2025-12-20,0022500389,NOP,IND,1,1,1369.1702112960734,1387.2456521153606,18.07544081928724,1346.5043670068717,0.5822340783145057,19.0,19.0,0.4422303560457261,1.442230356045726,29
2025-26,2025-12-22,0022500404,NOP,DAL,1,1,1387.2456521153606,1406.6864183813937,19.44076626603301,1466.996138484733,0.4359526643345874,6.0,6.0,0.1488850336233179,1.1488850336233178,30
2025-26,2025-12-23,0022500412,NOP,CLE,0,0,1406.6864183813937,1389.4080306418723,-17.2783877395211,1457.3522330034295,0.3791560102240284,23.0,-23.0,0.5190218338982221,1.519021833898222,31
2025-26,2025-12-26,0022500429,NOP,PHX,1,0,1389.4080306418723,1378.517104534308,-10.890926107564578,1563.8684227961269,0.3094272003595321,7.0,-7.0,0.1732351578346601,1.17323515783466,32
2025-26,2025-12-27,0022500434,NOP,PHX,1,0,1378.517104534308,1368.1377120191878,-10.379392515120005,1574.7593489036915,0.283293089658214,9.0,-9.0,0.2212784678984439,1.221278467898444,33
2025-26,2025-12-29,0022500454,NOP,NYK,1,0,1368.1377120191878,1361.1214125168694,-7.016299502318248,1635.3919223471696,0.2080099841497868,5.0,-5.0,0.1243530017715962,1.124353001771596,34
2025-26,2025-12-31,0022500466,NOP,CHI,0,0,1361.1214125168694,1346.076429710915,-15.044982805954518,1423.499963096204,0.3634188224219244,16.0,-16.0,0.3799489622552249,1.379948962255225,35
2025-26,2026-01-02,0022500482,NOP,POR,1,0,1346.076429710915,1329.866621174052,-16.209808536862976,1443.4414632803628,0.4112011770939492,13.0,-13.0,0.3140209253469976,1.3140209253469977,36
2025-26,2026-01-04,0022500497,NOP,MIA,0,0,1329.866621174052,1320.903965706227,-8.962655467825067,1528.0311382223051,0.2071480336053636,19.0,-19.0,0.4422303560457261,1.442230356045726,37
2025-26,2026-01-06,0022500514,NOP,LAL,1,0,1320.903965706227,1312.0882932583995,-8.815672447827188,1551.0253153307888,0.2454165734814971,8.0,-8.0,0.197375320224904,1.197375320224904,38
2025-26,2026-01-07,0022500519,NOP,ATL,0,0,1312.0882932583995,1300.0263088219683,-12.0619844364311,1435.2073329957614,0.2869576115582483,17.0,-17.0,0.4011342849479459,1.401134284947946,39
2025-26,2026-01-09,0022500534,NOP,WAS,0,1,1300.0263088219683,1330.47805089784,30.451742075871316,1400.0850847424929,0.3148673974264135,21.0,21.0,0.4815497983643079,1.481549798364308,40
2025-26,2026-01-11,0022500548,NOP,ORL,0,0,1330.47805089784,1321.6245627112237,-8.8534881866164,1498.534091069942,0.2370566702867141,10.0,-10.0,0.2449186624037091,1.2449186624037092,41
2025-26,2026-01-13,0022500567,NOP,DEN,1,0,1321.6245627112237,1313.8726913644705,-7.7518713467530675,1571.5619285170494,0.2249099814134711,6.0,-6.0,0.1488850336233179,1.1488850336233178,42
2025-26,2026-01-14,0022500574,NOP,BKN,1,1,1313.8726913644705,1331.1627185487932,17.29002718432277,1374.0675258184374,0.4638051417587422,3.0,3.0,0.074859690687499,1.0748596906874992,43
2025-26,2026-01-16,0022500588,NOP,IND,0,0,1331.1627185487932,1315.0308884201788,-16.13183012861435,1331.6625720235108,0.4490886540511039,8.0,-8.0,0.197375320224904,1.197375320224904,44
2025-26,2026-01-18,0022500604,NOP,HOU,0,0,1315.0308884201788,1308.6375460027798,-6.393342417399073,1550.0012046211802,0.174498625428172,9.0,-9.0,0.2212784678984439,1.221278467898444,45
2025-26,2026-01-21,0022500624,NOP,DET,1,0,1308.6375460027798,1303.6434893066096,-4.994056696170251,1660.3924161025832,0.1390278835108614,8.0,-8.0,0.197375320224904,1.197375320224904,46
2025-26,2026-01-23,0022500639,NOP,MEM,0,1,1303.6434893066096,1328.9970268583918,25.353537551782132,1446.394110488476,0.2644016645186584,6.0,6.0,0.1488850336233179,1.1488850336233178,47
2025-26,2026-01-25,0022500654,NOP,SAS,0,1,1328.9970268583918,1361.1789450860415,32.18191822764995,1637.446735529967,0.1216330789535092,9.0,9.0,0.2212784678984439,1.221278467898444,48
2025-26,2026-01-27,0022500667,NOP,OKC,0,0,1361.1789450860415,1356.6432193600417,-4.535725726000176,1666.1364672703603,0.1237972022822165,9.0,-9.0,0.2212784678984439,1.221278467898444,49
2025-26,2026-01-30,0022500691,NOP,MEM,1,1,1356.6432193600417,1374.8630084646009,18.219789104559354,1396.6568193459414,0.4927853504018796,8.0,8.0,0.197375320224904,1.197375320224904,50
2025-26,2026-01-31,0022500699,NOP,PHI,0,0,1374.8630084646009,1364.9404006949972,-9.922607769603683,1516.471029772934,0.2656828934361851,10.0,-10.0,0.2449186624037091,1.2449186624037092,51
2025-26,2026-02-02,0022500712,NOP,CHA,0,0,1364.9404006949972,1358.1965761551826,-6.743824539814646,1580.0305267449949,0.1916019562029135,7.0,-7.0,0.1732351578346601,1.17323515783466,52
2025-26,2026-02-04,0022500729,NOP,MIL,0,0,1358.1965761551826,1345.324981469427,-12.871594685755497,1400.781399193727,0.390166084935644,4.0,-4.0,0.0996679946249558,1.099667994624956,53
2025-26,2026-02-06,0022500744,NOP,MIN,0,1,1345.324981469427,1372.6867476469415,27.36176617751477,1585.0325500594226,0.1706052399070818,4.0,4.0,0.0996679946249558,1.099667994624956,54
2025-26,2026-02-09,0022500766,NOP,SAC,1,1,1372.6867476469415,1387.7479647011785,15.06121705423666,1276.2889405009332,0.6805687076116296,26.0,26.0,0.5716699660851172,1.5716699660851172,55
2025-26,2026-02-11,0022500784,NOP,MIA,1,0,1387.7479647011785,1371.7396410111792,-16.008323689999283,1483.6574565190797,0.4132313000905092,12.0,-12.0,0.2913126124515909,1.2913126124515908,56
2025-26,2026-02-20,0022500807,NOP,MIL,1,0,1371.7396410111792,1353.4714903017364,-18.2681507094427,1469.2386697775491,0.4110144374854739,21.0,-21.0,0.4815497983643079,1.481549798364308,57
2025-26,2026-02-21,0022500812,NOP,PHI,1,1,1353.4714903017364,1380.3370544081624,26.86556410642603,1503.1295474803485,0.3407340331529793,15.0,15.0,0.3583573983507859,1.358357398350786,58
2025-26,2026-02-24,0022500838,NOP,GSW,1,1,1380.3370544081624,1401.7622782318374,21.425223823675037,1522.4517102555592,0.3505547756717198,4.0,4.0,0.0996679946249558,1.099667994624956,59
2025-26,2026-02-26,0022500856,NOP,UTA,0,1,1401.7622782318374,1418.3135546555995,16.551276423762175,1321.3448715445154,0.564991129699887,11.0,11.0,0.2682711820216014,1.2682711820216013,60
2025-26,2026-02-28,0022500867,NOP,UTA,0,1,1418.3135546555995,1432.8374983457888,14.52394369018933,1304.7935951207533,0.6111139860295166,10.0,10.0,0.2449186624037091,1.2449186624037092,61
2025-26,2026-03-01,0022500877,NOP,LAC,0,0,1432.8374983457888,1418.9119255054425,-13.925572840346463,1530.8010469894348,0.3174750799140889,20.0,-20.0,0.4621171572600097,1.4621171572600098,62
2025-26,2026-03-03,0022500891,NOP,LAL,0,0,1418.9119255054425,1408.302137800425,-10.609787705017515,1539.8093469242183,0.2895814504744541,9.0,-9.0,0.2212784678984439,1.221278467898444,63
2025-26,2026-03-05,0022500907,NOP,SAC,0,1,1408.302137800425,1421.2559113662712,12.9537735658461,1263.3489722961172,0.6531560934582199,10.0,10.0,0.2449186624037091,1.2449186624037092,64
2025-26,2026-03-06,0022500912,NOP,PHX,0,0,1421.2559113662712,1410.855367251923,-10.400544114347811,1509.13170790014,0.3301890932823896,2.0,-2.0,0.0499583749578799,1.04995837495788,65
2025-26,2026-03-08,0022500925,NOP,WAS,1,1,1410.855367251923,1423.0050559813258,12.149688729402357,1279.1819723288547,0.7230115095069689,20.0,20.0,0.4621171572600097,1.4621171572600098,66
2025-26,2026-03-11,0022500948,NOP,TOR,1,1,1423.0050559813258,1445.2403237044753,22.235267723149448,1517.2177457884356,0.415601646337002,11.0,11.0,0.2682711820216014,1.2682711820216013,67
2025-26,2026-03-13,0022500964,NOP,HOU,0,0,1445.2403237044753,1436.016407898886,-9.223915805589211,1563.399993386848,0.2928343327883271,2.0,-2.0,0.0499583749578799,1.04995837495788,68
2025-26,2026-03-16,0022500988,NOP,DAL,1,1,1436.016407898886,1450.464421863065,14.448013964178692,1354.784862428042,0.6612976985746292,18.0,18.0,0.4218990052500079,1.4218990052500078,69
2025-26,2026-03-18,0022501005,NOP,LAC,1,1,1450.464421863065,1475.9072307535052,25.442808890440627,1573.7240493771058,0.3756476530322248,15.0,15.0,0.3583573983507859,1.358357398350786,70
2025-26,2026-03-19,0022501012,NOP,LAC,1,1,1475.9072307535052,1494.9871902511145,19.07995949760922,1548.2812404866652,0.4464209809448778,6.0,6.0,0.1488850336233179,1.1488850336233178,71
2025-26,2026-03-21,0022501025,NOP,CLE,1,0,1494.9871902511145,1482.6277068209336,-12.359483430180893,1625.1178668324849,0.3664176467327303,5.0,-5.0,0.1243530017715962,1.124353001771596,72
2025-26,2026-03-24,0022501048,NOP,NYK,0,0,1482.6277068209336,1474.923481752791,-7.704225068142506,1659.101528535403,0.2284046930695039,5.0,-5.0,0.1243530017715962,1.124353001771596,73
2025-26,2026-03-26,0022501064,NOP,DET,0,0,1474.923481752791,1464.7855429550232,-10.137938797768008,1651.7045872654935,0.2280931046880933,21.0,-21.0,0.4815497983643079,1.481549798364308,74
2025-26,2026-03-27,0022501071,NOP,TOR,0,0,1464.7855429550232,1449.423099131543,-15.362443823480186,1507.7065562221144,0.3897057123709395,13.0,-13.0,0.3140209253469976,1.3140209253469977,75
2025-26,2026-03-29,0022501088,NOP,HOU,1,0,1449.423099131543,1428.747259896444,-20.675839235098895,1544.6600581703983,0.4141703197213773,32.0,-32.0,0.664036770267849,1.664036770267849,76
2025-26,2026-04-02,0022501118,NOP,POR,0,0,1428.747259896444,1416.0534812254723,-12.69377867097185,1518.604635849788,0.3276712018600561,12.0,-12.0,0.2913126124515909,1.2913126124515908,77
2025-26,2026-04-03,0022501128,NOP,SAC,0,0,1416.0534812254723,1396.4628622786934,-19.59061894677895,1315.0686299130125,0.5938343525056509,4.0,-4.0,0.0996679946249558,1.099667994624956,78
2025-26,2026-04-05,0022501138,NOP,ORL,1,0,1396.4628622786934,1383.1823938047464,-13.280468473946888,1500.0483760054974,0.4025599404808302,4.0,-4.0,0.0996679946249558,1.099667994624956,79
2025-26,2026-04-07,0022501153,NOP,UTA,1,1,1383.1823938047464,1394.0480291921208,10.865635387374292,1228.3796031803697,0.7488696277071522,19.0,19.0,0.4422303560457261,1.442230356045726,80
2025-26,2026-04-10,0022501174,NOP,BOS,0,0,1394.0480291921208,1388.495025680491,-5.553003511629928,1708.8620527263763,0.1177728919229766,26.0,-26.0,0.5716699660851172,1.5716699660851172,81
2025-26,2026-04-12,0022501195,NOP,MIN,0,0,1388.495025680491,1380.1478760658808,-8.347149614610041,1551.6650343408085,0.2421811689978257,6.0,-6.0,0.1488850336233179,1.1488850336233178,82
2025-26,2025-10-22,0022500003,NYK,CLE,1,1,1500.0,1516.1574058030624,16.157405803062453,1500.0,0.550199353253537,8.0,8.0,0.197375320224904,1.197375320224904,1
2025-26,2025-10-24,0022500018,NYK,BOS,1,1,1516.1574058030624,1531.218392414088,15.060986611025536,1483.081455834616,0.5967343873977667,10.0,10.0,0.2449186624037091,1.2449186624037092,2
2025-26,2025-10-26,0022500108,NYK,MIA,0,0,1531.218392414088,1514.215429034173,-17.002963379914963,1514.7613532153632,0.4733398429246974,8.0,-8.0,0.197375320224904,1.197375320224904,3
2025-26,2025-10-28,0022500125,NYK,MIL,0,0,1514.215429034173,1497.7339608898517,-16.481468144321607,1520.1935157687924,0.4412997315154957,10.0,-10.0,0.2449186624037091,1.2449186624037092,4
2025-26,2025-10-31,0022500023,NYK,CHI,0,0,1497.7339608898517,1484.2023009579598,-13.53165993189169,1560.940329742895,0.3623171092898161,10.0,-10.0,0.2449186624037091,1.2449186624037092,5
2025-26,2025-11-02,0022500153,NYK,CHI,1,1,1484.2023009579598,1506.6275684379943,22.42526748003466,1574.4719896747868,0.4211247464066892,12.0,12.0,0.2913126124515909,1.2913126124515908,6
2025-26,2025-11-03,0022500159,NYK,WAS,1,1,1506.6275684379943,1520.7291139008903,14.101545462896206,1422.8904354137298,0.6645207240451356,17.0,17.0,0.4011342849479459,1.401134284947946,7
2025-26,2025-11-05,0022500175,NYK,MIN,1,1,1520.7291139008903,1540.65958419892,19.930470298029345,1511.9676727832589,0.5626468329099578,23.0,23.0,0.5190218338982221,1.519021833898222,8
2025-26,2025-11-09,0022500192,NYK,BKN,1,1,1540.65958419892,1553.586118593078,12.926534394158145,1385.786796848396,0.7489453973654903,36.0,36.0,0.7162978701990245,1.7162978701990244,9
2025-26,2025-11-11,0022500208,NYK,MEM,1,1,1553.586118593078,1565.3144594009468,11.72834080786884,1439.3372202812902,0.7024821400828225,13.0,13.0,0.3140209253469976,1.3140209253469977,10
2025-26,2025-11-12,0022500215,NYK,ORL,1,0,1565.3144594009468,1538.0059672561176,-27.308492144829145,1493.023820490499,0.6496758242755605,17.0,-17.0,0.4011342849479459,1.401134284947946,11
2025-26,2025-11-14,0022500039,NYK,MIA,1,1,1538.0059672561176,1554.4754439207404,16.46947666462277,1544.0941210483286,0.5415117163227401,8.0,8.0,0.197375320224904,1.197375320224904,12
2025-26,2025-11-17,0022500244,NYK,MIA,0,0,1554.4754439207404,1539.0954066524257,-15.38003726831475,1527.6246443837058,0.4882745079912249,2.0,-2.0,0.0499583749578799,1.04995837495788,13
2025-26,2025-11-19,0022500262,NYK,DAL,0,1,1539.0954066524257,1549.7858645174967,10.690457865071068,1388.3993441082223,0.6606069307112635,2.0,2.0,0.0499583749578799,1.04995837495788,14
2025-26,2025-11-22,0022500269,NYK,ORL,0,0,1549.7858645174967,1532.299423335471,-17.486441182025903,1548.672875453766,0.4513867262765917,12.0,-12.0,0.2913126124515909,1.2913126124515908,15
2025-26,2025-11-24,0022500285,NYK,BKN,0,1,1532.299423335471,1545.6827545992398,13.383331263768875,1381.6867589931585,0.6604992861831152,13.0,13.0,0.3140209253469976,1.3140209253469977,16
2025-26,2025-11-26,0022500061,NYK,CHA,0,1,1545.6827545992398,1560.4945155249502,14.811760925710445,1369.8472284618788,0.6922617299896741,28.0,28.0,0.6043677771171634,1.6043677771171634,17
2025-26,2025-11-28,0022500074,NYK,MIL,1,1,1560.4945155249502,1570.704539443577,10.210023918626757,1430.2773301315997,0.7213296233687528,9.0,9.0,0.2212784678984439,1.221278467898444,18
2025-26,2025-11-30,0022500303,NYK,TOR,1,1,1570.704539443577,1592.8736111665742,22.169071722997163,1600.475408767191,0.5075247557998054,22.0,22.0,0.5005202111902353,1.5005202111902354,19
2025-26,2025-12-02,0022500320,NYK,BOS,0,0,1592.8736111665742,1574.9336248965178,-17.939986270056263,1543.6178043131904,0.5205042496282299,6.0,-6.0,0.1488850336233179,1.1488850336233178,20
2025-26,2025-12-03,0022500328,NYK,CHA,1,1,1574.9336248965178,1583.608737741643,8.675112845125186,1382.7737131079873,0.7871175667597289,15.0,15.0,0.3583573983507859,1.358357398350786,21
2025-26,2025-12-05,0022500343,NYK,UTA,1,1,1583.608737741643,1597.57135692293,13.962619181287076,1450.400571063264,0.7247773390278182,34.0,34.0,0.6910694698329306,1.6910694698329305,22
2025-26,2025-12-07,0022500357,NYK,ORL,1,1,1597.57135692293,1613.1072919849614,15.535935062031502,1598.2404178902275,0.5492460194781267,6.0,6.0,0.1488850336233179,1.1488850336233178,23
2025-26,2025-12-09,0022501202,NYK,TOR,0,1,1613.1072919849614,1630.2176900817751,17.110398096813853,1517.2541297627934,0.586690074178525,16.0,16.0,0.3799489622552249,1.379948962255225,24
2025-26,2025-12-13,0022501229,NYK,ORL,0,1,1630.2176900817751,1649.667386644803,19.44969656302769,1596.652796625616,0.4979347274114121,12.0,12.0,0.2913126124515909,1.2913126124515908,25
2025-26,2025-12-18,0022500372,NYK,IND,0,1,1649.667386644803,1655.2235442926476,5.556157647844606,1352.060524654716,0.8193110285060154,1.0,1.0,0.0249947929684206,1.0249947929684209,26
2025-26,2025-12-19,0022500382,NYK,PHI,1,0,1655.2235442926476,1628.2021654353432,-27.021378857304455,1510.7559397263524,0.7375161785393194,9.0,-9.0,0.2212784678984439,1.221278467898444,27
2025-26,2025-12-21,0022500398,NYK,MIA,1,1,1628.2021654353432,1638.032923602276,9.830758166932917,1498.5341442674885,0.7206937273320747,7.0,7.0,0.1732351578346601,1.17323515783466,28
2025-26,2025-12-23,0022500416,NYK,MIN,0,0,1638.032923602276,1618.4238713135933,-19.609052288682708,1592.3460110710066,0.5153748548063207,11.0,-11.0,0.2682711820216014,1.2682711820216013,29
2025-26,2025-12-25,0022500009,NYK,CLE,1,1,1618.4238713135933,1626.715476425457,8.291605111863719,1474.630620742951,0.7367640054557292,2.0,2.0,0.0499583749578799,1.04995837495788,30
2025-26,2025-12-27,0022500435,NYK,ATL,0,1,1626.715476425457,1635.3919223471696,8.676445921712736,1418.1132182141275,0.7309277977741409,3.0,3.0,0.074859690687499,1.0748596906874992,31
2025-26,2025-12-29,0022500454,NYK,NOP,0,1,1635.3919223471696,1642.408221849488,7.016299502318248,1368.1377120191878,0.7919900158502132,5.0,5.0,0.1243530017715962,1.124353001771596,32
2025-26,2025-12-31,0022500467,NYK,SAS,0,0,1642.408221849488,1628.5130023903866,-13.895219459101426,1648.501981263173,0.4411355659586297,2.0,-2.0,0.0499583749578799,1.04995837495788,33
2025-26,2026-01-02,0022500479,NYK,ATL,1,0,1628.5130023903866,1598.0236835114451,-30.489318878941404,1436.436745573206,0.7870368642714288,12.0,-12.0,0.2913126124515909,1.2913126124515908,34
2025-26,2026-01-03,0022500487,NYK,PHI,1,0,1598.0236835114451,1573.4461915759389,-24.577491935506274,1528.5639960085043,0.645957854122076,11.0,-11.0,0.2682711820216014,1.2682711820216013,35
2025-26,2026-01-05,0022500502,NYK,DET,0,0,1573.4461915759389,1554.8735335262772,-18.57265804966173,1627.0045285805031,0.3752444514879897,31.0,-31.0,0.6498274636719203,1.6498274636719203,36
2025-26,2026-01-07,0022500522,NYK,LAC,1,1,1554.8735335262772,1569.11237478953,14.23884126325266,1495.5931508172052,0.6324452827829752,12.0,12.0,0.2913126124515909,1.2913126124515908,37
2025-26,2026-01-09,0022500538,NYK,PHX,0,0,1569.11237478953,1555.4676676931135,-13.644707096416434,1601.2830589210096,0.4045202611314251,5.0,-5.0,0.1243530017715962,1.124353001771596,38
2025-26,2026-01-11,0022500551,NYK,POR,0,1,1555.4676676931135,1574.796699524777,19.32903183166348,1539.6396833243,0.4724372221479086,9.0,9.0,0.2212784678984439,1.221278467898444,39
2025-26,2026-01-14,0022500576,NYK,SAC,0,0,1574.796699524777,1546.1843725558974,-28.612326968879746,1347.0870749573512,0.7520033931353233,11.0,-11.0,0.2682711820216014,1.2682711820216013,40
2025-26,2026-01-15,0022500584,NYK,GSW,0,0,1546.1843725558974,1528.064753061197,-18.119619494700466,1539.2848075495706,0.4596481721404236,13.0,-13.0,0.3140209253469976,1.3140209253469977,41
2025-26,2026-01-17,0022500596,NYK,PHX,1,0,1528.064753061197,1511.6410369737712,-16.423716087425777,1586.2927872463183,0.4666218867192725,7.0,-7.0,0.1732351578346601,1.17323515783466,42
2025-26,2026-01-19,0022500016,NYK,DAL,1,0,1511.6410369737712,1484.646002702421,-26.995034271350313,1445.015001335402,0.6422185834565508,17.0,-17.0,0.4011342849479459,1.401134284947946,43
2025-26,2026-01-21,0022500622,NYK,BKN,1,1,1484.646002702421,1499.9929554526743,15.346952750253385,1349.4732638269934,0.7270274570195521,54.0,54.0,0.874053287886007,1.874053287886007,44
2025-26,2026-01-24,0022500643,NYK,PHI,0,1,1499.9929554526743,1519.459927059862,19.466971607187492,1538.1160245694234,0.3962941775611017,3.0,3.0,0.074859690687499,1.0748596906874992,45
2025-26,2026-01-27,0022500665,NYK,SAC,1,1,1519.459927059862,1528.7514701634443,9.291543103582535,1339.0555758769494,0.7755582909772368,16.0,16.0,0.3799489622552249,1.379948962255225,46
2025-26,2026-01-28,0022500675,NYK,TOR,0,1,1528.7514701634443,1558.9127235785834,30.161253415138823,1588.4498263410014,0.3669955898018967,27.0,27.0,0.5882592563981054,1.5882592563981053,47
2025-26,2026-01-30,0022500690,NYK,POR,1,1,1558.9127235785834,1577.1756558967254,18.26293231814204,1503.1683845150994,0.6277009444821832,30.0,30.0,0.6351489523872873,1.6351489523872873,48
2025-26,2026-02-01,0022500708,NYK,LAL,1,1,1577.1756558967254,1592.44878759702,15.273131700294435,1537.5694419391798,0.6057465983831238,12.0,12.0,0.2913126124515909,1.2913126124515908,49
2025-26,2026-02-03,0022500718,NYK,WAS,0,1,1592.44878759702,1603.974405209411,11.525617612391322,1350.3418627976591,0.7671348900379467,31.0,31.0,0.6498274636719203,1.6498274636719203,50
2025-26,2026-02-04,0022500726,NYK,DEN,1,1,1603.974405209411,1617.0075414966766,13.0331362872656,1546.7353624850116,0.629709463323626,7.0,7.0,0.1732351578346601,1.17323515783466,51
2025-26,2026-02-06,0022500742,NYK,DET,0,0,1617.0075414966766,1594.8926075982758,-22.11493389840068,1635.4360859169326,0.4237105670964053,38.0,-38.0,0.7397830512740042,1.7397830512740042,52
2025-26,2026-02-08,0022500757,NYK,BOS,0,1,1594.8926075982758,1622.8502694018218,27.95766180354604,1645.7222672651822,0.3789340169040531,22.0,22.0,0.5005202111902353,1.5005202111902354,53
2025-26,2026-02-10,0022500771,NYK,IND,1,0,1622.8502694018218,1594.9104469984486,-27.939822403373213,1332.989144913481,0.8664641734309344,3.0,-3.0,0.074859690687499,1.0748596906874992,54
2025-26,2026-02-11,0022500780,NYK,PHI,0,1,1594.9104469984486,1622.0658954841056,27.15544848565706,1554.1052950503897,0.5083535078586114,49.0,49.0,0.8411229016320433,1.8411229016320432,55
2025-26,2026-02-19,0022500796,NYK,DET,1,0,1622.0658954841056,1603.651828122281,-18.41406736182474,1690.613255820326,0.4518709480578453,15.0,-15.0,0.3583573983507859,1.358357398350786,56
2025-26,2026-02-21,0022500816,NYK,HOU,1,1,1603.651828122281,1617.716234865015,14.064406742734,1601.338145815709,0.5534931962327172,2.0,2.0,0.0499583749578799,1.04995837495788,57
2025-26,2026-02-22,0022500825,NYK,CHI,0,1,1617.716234865015,1625.126403733957,7.410168868941923,1357.7395872444297,0.7850040502436244,6.0,6.0,0.1488850336233179,1.1488850336233178,58
2025-26,2026-02-24,0022500835,NYK,CLE,0,0,1625.126403733957,1608.684885001949,-16.44151873200803,1658.0579207846877,0.4034657042878914,15.0,-15.0,0.3583573983507859,1.358357398350786,59
2025-26,2026-02-27,0022500860,NYK,MIL,0,1,1608.684885001949,1628.4673144829785,19.78242948102963,1508.334356086429,0.5929533389401669,29.0,29.0,0.619996867969374,1.619996867969374,60
2025-26,2026-03-01,0022500868,NYK,SAS,1,1,1628.4673144829785,1656.7360516173062,28.268737134327615,1738.3532646327085,0.3938689012584622,25.0,25.0,0.5545997223493823,1.5545997223493822,61
2025-26,2026-03-03,0022500887,NYK,TOR,0,1,1656.7360516173062,1673.3295947787387,16.593543161432645,1551.8965310989,0.5991749546467737,16.0,16.0,0.3799489622552249,1.379948962255225,62
2025-26,2026-03-04,0022500893,NYK,OKC,1,0,1673.3295947787387,1655.988840678522,-17.340754100216934,1682.035621822092,0.5377679911916529,3.0,-3.0,0.074859690687499,1.0748596906874992,63
2025-26,2026-03-06,0022500911,NYK,DEN,0,1,1655.988840678522,1677.7879214043917,21.799080725869572,1561.3519903723409,0.5849912550402978,39.0,39.0,0.7508932836251672,1.7508932836251672,64
2025-26,2026-03-08,0022500922,NYK,LAL,0,0,1677.7879214043917,1652.4246083295077,-25.363313074883852,1540.2664752100516,0.6434020591715738,13.0,-13.0,0.3140209253469976,1.3140209253469977,65
2025-26,2026-03-09,0022500935,NYK,LAC,0,0,1652.4246083295077,1632.0597508639785,-20.364857465529145,1570.6357229593652,0.5669304943221979,8.0,-8.0,0.197375320224904,1.197375320224904,66
2025-26,2026-03-11,0022500949,NYK,UTA,0,1,1632.0597508639785,1638.838779093467,6.779028229488556,1310.638438654698,0.8387252313521016,17.0,17.0,0.4011342849479459,1.401134284947946,67
2025-26,2026-03-13,0022500962,NYK,IND,0,1,1638.838779093467,1642.851499710566,4.0127206170989504,1239.7907675607992,0.890477595880761,9.0,9.0,0.2212784678984439,1.221278467898444,68
2025-26,2026-03-15,0022500981,NYK,GSW,1,1,1642.851499710566,1648.9041406579477,6.052640947381577,1423.3543738535834,0.8122967118461697,3.0,3.0,0.074859690687499,1.0748596906874992,69
2025-26,2026-03-17,0022500994,NYK,IND,1,1,1648.9041406579477,1652.05507632604,3.150935668092455,1225.9021879903005,0.9331722364091248,26.0,26.0,0.5716699660851172,1.5716699660851172,70
2025-26,2026-03-20,0022501016,NYK,BKN,0,1,1652.05507632604,1655.785953371094,3.7308770450538153,1273.1119562785975,0.8786700488416119,1.0,1.0,0.0249947929684206,1.0249947929684209,71
2025-26,2026-03-22,0022501034,NYK,WAS,1,1,1655.785953371094,1659.101528535403,3.3155751643090627,1231.6345317120436,0.9335836959144564,32.0,32.0,0.664036770267849,1.664036770267849,72
2025-26,2026-03-24,0022501048,NYK,NOP,1,1,1659.101528535403,1666.8057536035456,7.704225068142506,1482.6277068209336,0.771595306930496,5.0,5.0,0.1243530017715962,1.124353001771596,73
2025-26,2026-03-26,0022501063,NYK,CHA,0,0,1666.8057536035456,1649.3882456112365,-17.417507992309012,1661.2163210012147,0.4577755987628717,11.0,-11.0,0.2682711820216014,1.2682711820216013,74
2025-26,2026-03-29,0022501089,NYK,OKC,0,0,1649.3882456112365,1637.173962014078,-12.214283597158406,1744.5167118032032,0.3210218700412073,11.0,-11.0,0.2682711820216014,1.2682711820216013,75
2025-26,2026-03-31,0022501102,NYK,HOU,0,0,1637.173962014078,1613.9368590201707,-23.237102993907417,1565.3358974054972,0.5528164631455651,17.0,-17.0,0.4011342849479459,1.401134284947946,76
2025-26,2026-04-01,0022501003,NYK,MEM,0,1,1613.9368590201707,1619.7836050130666,5.8467459928958405,1282.5527050483663,0.8463329169193339,11.0,11.0,0.2682711820216014,1.2682711820216013,77
2025-26,2026-04-03,0022501123,NYK,CHI,1,1,1619.7836050130666,1626.3493405455386,6.565735532472004,1315.531777358988,0.8757614798264034,40.0,40.0,0.7615941559557649,1.7615941559557649,78
2025-26,2026-04-06,0022501143,NYK,ATL,0,1,1626.3493405455386,1645.3780507422832,19.02871019674472,1654.6588669643843,0.4098854525972711,3.0,3.0,0.074859690687499,1.0748596906874992,79
2025-26,2026-04-09,0022501168,NYK,BOS,1,1,1645.3780507422832,1664.9814096885875,19.603358946304404,1728.4654116726808,0.4312352593284888,6.0,6.0,0.1488850336233179,1.1488850336233178,80
2025-26,2026-04-10,0022501176,NYK,TOR,1,1,1664.9814096885875,1677.3026248028343,12.321215114246847,1547.0653152408256,0.7068752261028619,17.0,17.0,0.4011342849479459,1.401134284947946,81
2025-26,2026-04-12,0022501190,NYK,CHA,1,0,1677.3026248028343,1652.868292989062,-24.434331813772435,1634.9851319873867,0.609467698340912,14.0,-14.0,0.3363755443363322,1.3363755443363323,82
2025-26,2025-10-21,0022500001,OKC,HOU,1,1,1500.0,1513.8312996236689,13.831299623668578,1500.0,0.550199353253537,1.0,1.0,0.0249947929684206,1.0249947929684209,1
2025-26,2025-10-23,0022500005,OKC,IND,0,1,1513.8312996236689,1532.113273967131,18.28197434346196,1500.0,0.469573432547762,6.0,6.0,0.1488850336233179,1.1488850336233178,2
2025-26,2025-10-25,0022500101,OKC,ATL,0,1,1532.113273967131,1553.0521275068177,20.938853539686967,1495.8211805514868,0.5018594633260562,17.0,17.0,0.4011342849479459,1.401134284947946,3
2025-26,2025-10-27,0022500119,OKC,DAL,0,1,1553.0521275068177,1568.326907358726,15.274779851908194,1471.906540138155,0.5660210785562787,7.0,7.0,0.1732351578346601,1.17323515783466,4
2025-26,2025-10-28,0022500126,OKC,SAC,1,1,1568.326907358726,1579.739705177663,11.412797818936928,1481.18710108946,0.6688732267973004,6.0,6.0,0.1488850336233179,1.1488850336233178,5
2025-26,2025-10-30,0022500140,OKC,WAS,1,1,1579.739705177663,1592.3957088474767,12.656003669813757,1461.3078627790867,0.7074900086346425,19.0,19.0,0.4422303560457261,1.442230356045726,6
2025-26,2025-11-02,0022500148,OKC,NOP,1,1,1592.3957088474767,1603.523168654321,11.12745980684393,1412.3693371389224,0.7751793232552487,31.0,31.0,0.6498274636719203,1.6498274636719203,7
2025-26,2025-11-04,0022500170,OKC,LAC,0,1,1603.523168654321,1620.65537312149,17.13220446716924,1495.1614192348702,0.6040344873860991,19.0,19.0,0.4422303560457261,1.442230356045726,8
2025-26,2025-11-05,0022500180,OKC,POR,0,0,1620.65537312149,1602.211917743103,-18.443455378387036,1525.633144835202,0.5855297320438032,2.0,-2.0,0.0499583749578799,1.04995837495788,9
2025-26,2025-11-07,0022500038,OKC,SAC,0,1,1602.211917743103,1621.0674680701102,18.855550327007197,1482.8762169105598,0.6190399553449557,31.0,31.0,0.6498274636719203,1.6498274636719203,10
2025-26,2025-11-09,0022500194,OKC,MEM,0,1,1621.0674680701102,1633.7408343143788,12.673366244268566,1452.010586525559,0.6838871054876923,14.0,14.0,0.3363755443363322,1.3363755443363323,11
2025-26,2025-11-11,0022500210,OKC,GSW,1,1,1633.7408343143788,1646.7114965280166,12.970662213637718,1505.780368979368,0.7187108233824382,24.0,24.0,0.5370495669980352,1.5370495669980353,12
2025-26,2025-11-12,0022500222,OKC,LAL,1,1,1646.7114965280166,1663.4997330466226,16.78823651860594,1570.6789433261115,0.6545623667439642,29.0,29.0,0.619996867969374,1.619996867969374,13
2025-26,2025-11-15,0022500229,OKC,CHA,0,1,1663.4997330466226,1673.4359906087584,9.936257562135683,1439.5521270725578,0.7479426856790279,13.0,13.0,0.3140209253469976,1.3140209253469977,14
2025-26,2025-11-17,0022500247,OKC,NOP,0,1,1673.4359906087584,1680.837715905128,7.401725296369526,1370.3766255038151,0.823911113162992,17.0,17.0,0.4011342849479459,1.401134284947946,15
2025-26,2025-11-19,0022500261,OKC,SAC,1,1,1680.837715905128,1686.060803828804,5.223087923676029,1386.0369467988112,0.8697200562169345,14.0,14.0,0.3363755443363322,1.3363755443363323,16
2025-26,2025-11-21,0022500055,OKC,UTA,0,1,1686.060803828804,1697.195531557085,11.134727728280852,1434.2609660768228,0.776953491909345,32.0,32.0,0.664036770267849,1.664036770267849,17
2025-26,2025-11-23,0022500280,OKC,POR,1,1,1697.195531557085,1705.944790729943,8.749259172858078,1473.010819683392,0.8163763433118623,27.0,27.0,0.5882592563981054,1.5882592563981053,18
2025-26,2025-11-26,0022500064,OKC,MIN,1,1,1705.944790729943,1713.9896598872913,8.044869157348337,1525.0577692347576,0.7760415629791205,8.0,8.0,0.197375320224904,1.197375320224904,19
2025-26,2025-11-28,0022500075,OKC,PHX,1,1,1713.9896598872913,1722.887093436084,8.897433548792565,1575.9420476777905,0.7302993996890533,4.0,4.0,0.0996679946249558,1.099667994624956,20
2025-26,2025-11-30,0022500305,OKC,POR,0,1,1722.887093436084,1730.7974724816495,7.910379045565827,1468.2353064795575,0.7797855884741856,8.0,8.0,0.197375320224904,1.197375320224904,21
2025-26,2025-12-02,0022500323,OKC,GSW,0,1,1730.7974724816495,1740.45486800422,9.65739552257037,1504.2918742675452,0.750708557338011,12.0,12.0,0.2913126124515909,1.2913126124515908,22
2025-26,2025-12-05,0022500349,OKC,DAL,1,1,1740.45486800422,1746.0328493651305,5.577981360910439,1438.2065228978925,0.8745012066178097,21.0,21.0,0.4815497983643079,1.481549798364308,23
2025-26,2025-12-07,0022500363,OKC,UTA,0,1,1746.0328493651305,1754.4063016542789,8.373452289148522,1436.4379518819771,0.8293029660096422,30.0,30.0,0.6351489523872873,1.6351489523872873,24
2025-26,2025-12-10,0022501203,OKC,PHX,1,1,1754.4063016542789,1766.9266655021186,12.520363847839784,1576.2277368344965,0.773320150857551,49.0,49.0,0.8411229016320433,1.8411229016320432,25
2025-26,2025-12-13,0022501230,OKC,SAS,1,0,1766.9266655021186,1743.459364255608,-23.467301246510573,1615.658990207749,0.7450232252445875,2.0,-2.0,0.0499583749578799,1.04995837495788,26
2025-26,2025-12-18,0022500369,OKC,LAC,1,1,1743.459364255608,1746.944664850725,3.48530059511694,1350.4064201111037,0.9215843526608678,21.0,21.0,0.4815497983643079,1.481549798364308,27
2025-26,2025-12-19,0022500385,OKC,MIN,0,0,1746.944664850725,1723.202612874444,-23.742051976281115,1561.5381360886358,0.703873010785514,5.0,-5.0,0.1243530017715962,1.124353001771596,28
2025-26,2025-12-22,0022500406,OKC,MEM,1,1,1723.202612874444,1730.2162102598677,7.013597385423403,1482.0319833528592,0.8305831694441508,16.0,16.0,0.3799489622552249,1.379948962255225,29
2025-26,2025-12-23,0022500417,OKC,SAS,0,0,1730.2162102598677,1706.5023447297165,-23.71386553015099,1666.9222648447233,0.5406284854899611,20.0,-20.0,0.4621171572600097,1.4621171572600098,30
2025-26,2025-12-25,0022500010,OKC,SAS,1,0,1706.5023447297165,1683.165066532636,-23.337278197080416,1690.6361303748745,0.572683797489889,15.0,-15.0,0.3583573983507859,1.358357398350786,31
2025-26,2025-12-28,0022500442,OKC,PHI,1,1,1683.165066532636,1693.7216490467315,10.55658251409566,1504.6610089807746,0.7736484326194254,25.0,25.0,0.5545997223493823,1.5545997223493822,32
2025-26,2025-12-29,0022500455,OKC,ATL,1,1,1693.7216490467315,1698.9454200900136,5.223771043281776,1409.4367722924148,0.8627062540637621,11.0,11.0,0.2682711820216014,1.2682711820216013,33
2025-26,2025-12-31,0022500470,OKC,POR,1,1,1698.9454200900136,1706.9322281412808,7.9868080512670945,1451.42827133163,0.8356620680532887,29.0,29.0,0.619996867969374,1.619996867969374,34
2025-26,2026-01-02,0022500484,OKC,GSW,0,1,1706.9322281412808,1723.7320308463634,16.79980270508249,1544.189479617594,0.6759773987157054,37.0,37.0,0.7282542059818115,1.7282542059818111,35
2025-26,2026-01-04,0022500499,OKC,PHX,0,0,1723.7320308463634,1702.6717601917676,-21.06027065459578,1578.808924066368,0.6531168932112823,3.0,-3.0,0.074859690687499,1.0748596906874992,36
2025-26,2026-01-05,0022500506,OKC,CHA,1,0,1702.6717601917676,1661.7811830103333,-40.890577181434374,1424.929186359508,0.8581843511318394,27.0,-27.0,0.5882592563981054,1.5882592563981053,37
2025-26,2026-01-07,0022500525,OKC,UTA,1,1,1661.7811830103333,1667.144121560839,5.362938550505802,1412.0081833456825,0.8374376455221274,4.0,4.0,0.0996679946249558,1.099667994624956,38
2025-26,2026-01-09,0022500536,OKC,MEM,0,1,1667.144121560839,1675.1047436104452,7.960622049606138,1449.4311259935976,0.7411166669913221,1.0,1.0,0.0249947929684206,1.0249947929684209,39
2025-26,2026-01-11,0022500553,OKC,MIA,1,1,1675.1047436104452,1683.3800024157713,8.275258805326056,1483.7019251214788,0.7863863811770242,12.0,12.0,0.2913126124515909,1.2913126124515908,40
2025-26,2026-01-13,0022500568,OKC,SAS,1,1,1683.3800024157713,1700.3830452155662,17.00304279979491,1635.2151715555715,0.6174491779134037,21.0,21.0,0.4815497983643079,1.481549798364308,41
2025-26,2026-01-15,0022500581,OKC,HOU,0,1,1700.3830452155662,1714.9893544394372,14.606309223871085,1544.70610465227,0.6670054983545657,20.0,20.0,0.4621171572600097,1.4621171572600098,42
2025-26,2026-01-17,0022500597,OKC,MIA,0,0,1714.9893544394372,1691.1850164256966,-23.804338013740647,1483.7971137499298,0.7557232293358163,2.0,-2.0,0.0499583749578799,1.04995837495788,43
2025-26,2026-01-19,0022500015,OKC,CLE,0,1,1691.1850164256966,1709.0441153993982,17.85909897370158,1554.5325677546668,0.6422535188164358,32.0,32.0,0.664036770267849,1.664036770267849,44
2025-26,2026-01-21,0022500625,OKC,MIL,0,1,1709.0441153993982,1718.2714082681682,9.227292868770178,1444.2616323557031,0.7896362631190236,20.0,20.0,0.4621171572600097,1.4621171572600098,45
2025-26,2026-01-23,0022500641,OKC,IND,1,0,1718.2714082681682,1688.5758586092725,-29.695549658895683,1326.8273545475774,0.9209124352438932,3.0,-3.0,0.074859690687499,1.0748596906874992,46
2025-26,2026-01-25,0022500653,OKC,TOR,1,0,1688.5758586092725,1666.1364672703603,-22.439391338912262,1566.0104350020893,0.7123898710052019,2.0,-2.0,0.0499583749578799,1.04995837495788,47
2025-26,2026-01-27,0022500667,OKC,NOP,1,1,1666.1364672703603,1670.6721929963603,4.535725726000176,1361.1789450860415,0.8762027977177834,9.0,9.0,0.2212784678984439,1.221278467898444,48
2025-26,2026-01-29,0022500686,OKC,MIN,0,0,1670.6721929963603,1647.236921067753,-23.43527192860761,1561.6473852013553,0.6049470309675861,12.0,-12.0,0.2913126124515909,1.2913126124515908,49
2025-26,2026-02-01,0022500711,OKC,DEN,0,1,1647.236921067753,1663.8342969987905,16.597375931037377,1573.443913065856,0.5555967782668657,10.0,10.0,0.2449186624037091,1.2449186624037092,50
2025-26,2026-02-03,0022500723,OKC,ORL,1,1,1663.8342969987905,1675.039315195538,11.2050181967478,1476.5466425464233,0.7823800792137857,36.0,36.0,0.7162978701990245,1.7162978701990244,51
2025-26,2026-02-04,0022500730,OKC,SAS,0,0,1675.039315195538,1655.190870759007,-19.84844443653069,1618.155163263141,0.5314522422481534,10.0,-10.0,0.2449186624037091,1.2449186624037092,52
2025-26,2026-02-07,0022500748,OKC,HOU,1,0,1655.190870759007,1631.9304140387876,-23.26045672021974,1563.3252845375994,0.6748704479989507,6.0,-6.0,0.1488850336233179,1.1488850336233178,53
2025-26,2026-02-09,0022500769,OKC,LAL,0,1,1631.9304140387876,1648.5997273098958,16.669313271108187,1565.5546160028334,0.54503105531718,9.0,9.0,0.2212784678984439,1.221278467898444,54
2025-26,2026-02-11,0022500785,OKC,PHX,0,1,1648.5997273098958,1669.695053438116,21.09532612822024,1573.6323747360009,0.5572652671314977,27.0,27.0,0.5882592563981054,1.5882592563981053,55
2025-26,2026-02-12,0022500789,OKC,MIL,1,0,1669.695053438116,1634.9892187251712,-34.70583471294471,1434.5328350646043,0.8256604449166953,17.0,-17.0,0.4011342849479459,1.401134284947946,56
2025-26,2026-02-20,0022500808,OKC,BKN,1,1,1634.9892187251712,1640.0822367070598,5.09301798188858,1320.0727231650274,0.8822883838553942,19.0,19.0,0.4422303560457261,1.442230356045726,57
2025-26,2026-02-22,0022500817,OKC,CLE,1,1,1640.0822367070598,1658.093907534845,18.011670827784847,1676.0695916124723,0.4985790858959272,8.0,8.0,0.197375320224904,1.197375320224904,58
2025-26,2026-02-24,0022500834,OKC,TOR,0,1,1658.093907534845,1673.5227429744064,15.42883543956159,1567.814841831311,0.5788884122905706,9.0,9.0,0.2212784678984439,1.221278467898444,59
2025-26,2026-02-25,0022500842,OKC,DET,0,0,1673.5227429744064,1658.3754278000151,-15.147315174391288,1693.396064418078,0.4216810696567599,8.0,-8.0,0.197375320224904,1.197375320224904,60
2025-26,2026-02-27,0022500862,OKC,DEN,1,1,1658.3754278000151,1669.6568650437384,11.28143724372334,1568.237508045133,0.6726844748441512,6.0,6.0,0.1488850336233179,1.1488850336233178,61
2025-26,2026-03-01,0022500876,OKC,DAL,0,1,1669.6568650437384,1676.1847468075462,6.527881763807776,1353.7257243671745,0.8344044188366854,13.0,13.0,0.3140209253469976,1.3140209253469977,62
2025-26,2026-03-03,0022500889,OKC,CHI,0,1,1676.1847468075462,1682.035621822092,5.85087501454594,1356.8174821011644,0.8371194362725809,8.0,8.0,0.197375320224904,1.197375320224904,63
2025-26,2026-03-04,0022500893,OKC,NYK,0,1,1682.035621822092,1699.3763759223089,17.340754100216934,1673.3295947787387,0.4622320088083471,3.0,3.0,0.074859690687499,1.0748596906874992,64
2025-26,2026-03-07,0022500920,OKC,GSW,1,1,1699.3763759223089,1706.3829931311072,7.00661720879843,1492.5390059521053,0.8009317182490523,7.0,7.0,0.1732351578346601,1.17323515783466,65
2025-26,2026-03-09,0022500933,OKC,DEN,1,1,1706.3829931311072,1714.068306690294,7.685313559186785,1539.552909646471,0.7616645959848917,3.0,3.0,0.074859690687499,1.0748596906874992,66
2025-26,2026-03-12,0022500959,OKC,BOS,1,1,1714.068306690294,1725.9448403806866,11.876533690392634,1661.8449540817048,0.6229522371662568,2.0,2.0,0.0499583749578799,1.04995837495788,67
2025-26,2026-03-15,0022500976,OKC,MIN,1,1,1725.9448403806866,1735.3892992977544,9.444458917067774,1560.305222577398,0.7604183531914013,13.0,13.0,0.3140209253469976,1.3140209253469977,68
2025-26,2026-03-17,0022500992,OKC,ORL,0,1,1735.3892992977544,1746.9123768424822,11.52307754472776,1586.4167269329075,0.658379010667429,5.0,5.0,0.1243530017715962,1.124353001771596,69
2025-26,2026-03-18,0022501000,OKC,BKN,0,1,1746.9123768424822,1750.582722625598,3.6703457831159394,1276.7823020617134,0.9244783358189116,29.0,29.0,0.619996867969374,1.619996867969374,70
2025-26,2026-03-21,0022501022,OKC,WAS,0,1,1750.582722625598,1753.2017420224456,2.6190193968474795,1234.253551108891,0.9410747808423544,21.0,21.0,0.4815497983643079,1.481549798364308,71
2025-26,2026-03-23,0022501040,OKC,PHI,0,1,1753.2017420224456,1763.6651582322345,10.463416209788932,1516.5720432908945,0.761455134703495,20.0,20.0,0.4621171572600097,1.4621171572600098,72
2025-26,2026-03-25,0022501054,OKC,BOS,0,0,1763.6651582322345,1740.8033323826155,-22.86182584961885,1649.3969960431953,0.6121370694070584,10.0,-10.0,0.2449186624037091,1.2449186624037092,73
2025-26,2026-03-27,0022501070,OKC,CHI,1,1,1740.8033323826155,1744.5167118032032,3.7133794205875192,1367.53666587076,0.9129478861982744,18.0,18.0,0.4218990052500079,1.4218990052500078,74
2025-26,2026-03-29,0022501089,OKC,NYK,1,1,1744.5167118032032,1756.7309954003615,12.214283597158406,1649.3882456112365,0.6789781299587927,11.0,11.0,0.2682711820216014,1.2682711820216013,75
2025-26,2026-03-30,0022501097,OKC,DET,1,1,1756.7309954003615,1768.1863073920777,11.45531199171614,1682.0780091430577,0.6527645299093812,4.0,4.0,0.0996679946249558,1.099667994624956,76
2025-26,2026-04-02,0022501116,OKC,LAL,1,1,1768.1863073920777,1785.8847865636249,17.698479171547262,1679.6388333898,0.6706654731380546,43.0,43.0,0.7913375537619973,1.791337553761997,77
2025-26,2026-04-05,0022501139,OKC,UTA,1,1,1785.8847865636249,1787.5336557089283,1.64886914530351,1230.0284723256732,0.9677433393513888,35.0,35.0,0.703905603936621,1.703905603936621,78
2025-26,2026-04-07,0022501155,OKC,LAL,0,1,1787.5336557089283,1804.6734333301388,17.139777621210538,1631.769288147243,0.6671172698939688,36.0,36.0,0.7162978701990245,1.7162978701990244,79
2025-26,2026-04-08,0022501163,OKC,LAC,0,1,1804.6734333301388,1814.912685398726,10.23925206858711,1569.4677506539667,0.7599629783648201,18.0,18.0,0.4218990052500079,1.4218990052500078,80
2025-26,2026-04-10,0022501182,OKC,DEN,0,0,1814.912685398726,1785.8303593502435,-29.0823260484823,1662.344773928143,0.6630185983860608,20.0,-20.0,0.4621171572600097,1.4621171572600098,81
2025-26,2026-04-12,0022501196,OKC,PHX,1,0,1785.8303593502435,1742.0822962332911,-43.748063116952466,1480.6464635382554,0.8763440788212598,32.0,-32.0,0.664036770267849,1.664036770267849,82
2025-26,2025-10-22,0022500081,ORL,MIA,1,1,1500.0,1514.8389412556608,14.838941255660735,1500.0,0.550199353253537,4.0,4.0,0.0996679946249558,1.099667994624956,1
2025-26,2025-10-24,0022500090,ORL,ATL,1,0,1514.8389412556608,1494.8840832750132,-19.9548579806477,1475.8663225708392,0.6048752313784593,4.0,-4.0,0.0996679946249558,1.099667994624956,2
2025-26,2025-10-25,0022500100,ORL,CHI,1,0,1494.8840832750132,1474.6761445878865,-20.207938687126983,1514.8389412556608,0.5216381763349487,12.0,-12.0,0.2913126124515909,1.2913126124515908,3
2025-26,2025-10-27,0022500114,ORL,PHI,0,0,1474.6761445878865,1460.329338010847,-14.346806577038931,1531.8770840867528,0.3703416827884701,12.0,-12.0,0.2913126124515909,1.2913126124515908,4
2025-26,2025-10-29,0022500129,ORL,DET,0,0,1460.329338010847,1442.84905867796,-17.480279332887285,1492.867835291545,0.4040103408726446,19.0,-19.0,0.4422303560457261,1.442230356045726,5
2025-26,2025-10-30,0022500138,ORL,CHA,0,1,1442.84905867796,1469.4079000277688,26.558841349808777,1508.963508519793,0.358458366305467,16.0,16.0,0.3799489622552249,1.379948962255225,6
2025-26,2025-11-01,0022500145,ORL,WAS,0,1,1469.4079000277688,1495.169323723312,25.76142369554315,1448.651859109273,0.4795127720364261,31.0,31.0,0.6498274636719203,1.6498274636719203,7
2025-26,2025-11-04,0022500166,ORL,ATL,0,0,1495.169323723312,1476.206319562201,-18.963004161110632,1484.2911641189644,0.465341551105133,15.0,-15.0,0.3583573983507859,1.358357398350786,8
2025-26,2025-11-07,0022500028,ORL,BOS,1,1,1476.206319562201,1495.068306625528,18.861987063326723,1496.2435380440024,0.5215198708157107,13.0,13.0,0.3140209253469976,1.3140209253469977,9
2025-26,2025-11-09,0022500193,ORL,BOS,1,0,1495.068306625528,1476.090904080046,-18.977402545481866,1477.3815509806757,0.5752464270501373,4.0,-4.0,0.0996679946249558,1.099667994624956,10
2025-26,2025-11-10,0022500200,ORL,POR,1,1,1476.090904080046,1493.023820490499,16.93291641045292,1528.5609227537786,0.474879789515525,3.0,3.0,0.074859690687499,1.0748596906874992,11
2025-26,2025-11-12,0022500215,ORL,NYK,0,1,1493.023820490499,1520.3323126353282,27.308492144829145,1565.3144594009468,0.3503241757244395,17.0,17.0,0.4011342849479459,1.401134284947946,12
2025-26,2025-11-14,0022500040,ORL,BKN,1,1,1520.3323126353282,1528.962275912348,8.629963277019598,1359.9982873709191,0.7548100731159135,7.0,7.0,0.1732351578346601,1.17323515783466,13
2025-26,2025-11-16,0022500236,ORL,HOU,0,0,1528.962275912348,1517.0788420596518,-11.883433852696005,1593.7528558356605,0.3602127766677697,4.0,-4.0,0.0996679946249558,1.099667994624956,14
2025-26,2025-11-18,0022500249,ORL,GSW,1,1,1517.0788420596518,1534.911090924526,17.832248864874238,1549.5953619870936,0.5035739542517381,8.0,8.0,0.197375320224904,1.197375320224904,15
2025-26,2025-11-20,0022500264,ORL,LAC,1,1,1534.911090924526,1548.672875453766,13.761784529239923,1410.912976508,0.7140766864571824,28.0,28.0,0.6043677771171634,1.6043677771171634,16
2025-26,2025-11-22,0022500269,ORL,NYK,1,1,1548.672875453766,1566.1593166357918,17.486441182025903,1549.7858645174967,0.5486132737234083,12.0,12.0,0.2913126124515909,1.2913126124515908,17
2025-26,2025-11-23,0022500277,ORL,BOS,0,0,1566.1593166357918,1546.251567491086,-19.90774914470579,1500.9551100279662,0.5433581739132414,9.0,-9.0,0.2212784678984439,1.221278467898444,18
2025-26,2025-11-25,0022500058,ORL,PHI,0,1,1546.251567491086,1573.3982715865282,27.14670409544208,1518.6812481853244,0.4893094595017422,41.0,41.0,0.7718952374404182,1.7718952374404182,19
2025-26,2025-11-28,0022500072,ORL,DET,0,1,1573.3982715865282,1594.0452835151596,20.64701192863146,1638.576248744591,0.3596990035842021,3.0,3.0,0.074859690687499,1.0748596906874992,20
2025-26,2025-12-01,0022500314,ORL,CHI,1,1,1594.0452835151596,1602.3755377062196,8.330254191059915,1435.372801329871,0.7530356220293128,5.0,5.0,0.1243530017715962,1.124353001771596,21
2025-26,2025-12-03,0022500326,ORL,SAS,1,0,1602.3755377062196,1584.6070416123605,-17.768496093859287,1592.5867124391211,0.564101603696816,2.0,-2.0,0.0499583749578799,1.04995837495788,22
2025-26,2025-12-05,0022500339,ORL,MIA,1,1,1584.6070416123605,1598.2404178902275,13.633376277867374,1580.0827540956082,0.5566359175222526,1.0,1.0,0.0249947929684206,1.0249947929684209,23
2025-26,2025-12-07,0022500357,ORL,NYK,0,0,1598.2404178902275,1582.7044828281962,-15.535935062031502,1597.57135692293,0.4507539805218733,6.0,-6.0,0.1488850336233179,1.1488850336233178,24
2025-26,2025-12-09,0022501201,ORL,MIA,1,1,1582.7044828281962,1596.652796625616,13.948313797419718,1533.179060077208,0.6192974776281844,9.0,9.0,0.2212784678984439,1.221278467898444,25
2025-26,2025-12-13,0022501229,ORL,NYK,1,0,1596.652796625616,1577.2031000625884,-19.44969656302769,1630.2176900817751,0.5020652725885879,12.0,-12.0,0.2913126124515909,1.2913126124515908,26
2025-26,2025-12-18,0022500377,ORL,DEN,0,0,1577.2031000625884,1563.7276516680984,-13.475448394489982,1646.566869951113,0.3541684298413835,11.0,-11.0,0.2682711820216014,1.2682711820216013,27
2025-26,2025-12-20,0022500393,ORL,UTA,0,1,1563.7276516680984,1575.8206337863728,12.092982118274424,1453.4055793364405,0.6067302910143662,1.0,1.0,0.0249947929684206,1.0249947929684209,28
2025-26,2025-12-22,0022500407,ORL,GSW,0,0,1575.8206337863728,1549.809727629627,-26.010906156745538,1491.303750620969,0.5707819241806529,23.0,-23.0,0.5190218338982221,1.519021833898222,29
2025-26,2025-12-23,0022500420,ORL,POR,0,1,1549.809727629627,1563.2506047406348,13.440877111007444,1449.729507102296,0.5925777241644805,4.0,4.0,0.0996679946249558,1.099667994624956,30
2025-26,2025-12-26,0022500424,ORL,CHA,1,0,1563.2506047406348,1533.2416312325763,-30.008973508058492,1419.7801397113797,0.736403481255942,15.0,-15.0,0.3583573983507859,1.358357398350786,31
2025-26,2025-12-27,0022500433,ORL,DEN,1,1,1533.2416312325763,1551.5721638743269,18.330532641750448,1635.8726619895644,0.4038820890440952,1.0,1.0,0.0249947929684206,1.0249947929684209,32
2025-26,2025-12-29,0022500451,ORL,TOR,0,0,1551.5721638743269,1535.593949776735,-15.978214097592016,1502.932234156994,0.5196193583032278,1.0,-1.0,0.0249947929684206,1.0249947929684209,33
2025-26,2025-12-31,0022500464,ORL,IND,0,1,1535.593949776735,1542.571410433538,6.977460656803081,1282.2555787119093,0.7784845309674622,2.0,2.0,0.0499583749578799,1.04995837495788,34
2025-26,2026-01-02,0022500480,ORL,CHI,0,0,1542.571410433538,1521.5217982195354,-21.04961221400255,1438.5449459021586,0.5980503872401286,7.0,-7.0,0.1732351578346601,1.17323515783466,35
2025-26,2026-01-04,0022500495,ORL,IND,1,1,1521.5217982195354,1527.3382530961003,5.816454876565005,1270.930817683119,0.838077647046862,8.0,8.0,0.197375320224904,1.197375320224904,36
2025-26,2026-01-06,0022500511,ORL,WAS,0,0,1527.3382530961003,1504.2208098653812,-23.1174432307194,1389.6981080319167,0.6435588140226918,8.0,-8.0,0.197375320224904,1.197375320224904,37
2025-26,2026-01-07,0022500521,ORL,BKN,0,1,1504.2208098653812,1518.1271835469884,13.906373681607125,1435.933739907128,0.5477579080724309,1.0,1.0,0.0249947929684206,1.0249947929684209,38
2025-26,2026-01-09,0022500533,ORL,PHI,1,0,1518.1271835469884,1498.534091069942,-19.59309247704643,1549.1198040677975,0.5057668269252641,12.0,-12.0,0.2913126124515909,1.2913126124515908,39
2025-26,2026-01-11,0022500548,ORL,NOP,1,1,1498.534091069942,1507.3875792565584,8.8534881866164,1330.47805089784,0.7629433297132858,10.0,10.0,0.2449186624037091,1.2449186624037092,40
2025-26,2026-01-15,0022500578,ORL,MEM,1,1,1507.3875792565584,1520.6417519692395,13.254172712681047,1454.811162218789,0.6234294939602973,7.0,7.0,0.1732351578346601,1.17323515783466,41
2025-26,2026-01-18,0022500602,ORL,MEM,0,0,1520.6417519692395,1496.9721899182057,-23.669562051033893,1441.5569895061078,0.5631047717388784,17.0,-17.0,0.4011342849479459,1.401134284947946,42
2025-26,2026-01-22,0022500627,ORL,CHA,1,0,1496.9721899182057,1469.2247539641946,-27.747435954011017,1474.2272606145611,0.5823448080497335,27.0,-27.0,0.5882592563981054,1.5882592563981053,43
2025-26,2026-01-24,0022500646,ORL,CLE,1,0,1469.2247539641946,1452.4043358203962,-16.82041814379852,1560.614923997221,0.419553176627254,14.0,-14.0,0.3363755443363322,1.3363755443363323,44
2025-26,2026-01-26,0022500658,ORL,CLE,0,0,1452.4043358203962,1440.6177405474236,-11.786595272972583,1577.4353421410196,0.2847108986241049,16.0,-16.0,0.3799489622552249,1.379948962255225,45
2025-26,2026-01-28,0022500674,ORL,MIA,0,1,1440.6177405474236,1465.4252590923377,24.807518544913737,1534.2449042096364,0.3229084876495008,9.0,9.0,0.2212784678984439,1.221278467898444,46
2025-26,2026-01-30,0022500687,ORL,TOR,1,1,1465.4252590923377,1487.1806066193178,21.75534752698027,1558.2885729258626,0.417489453086713,10.0,10.0,0.2449186624037091,1.2449186624037092,47
2025-26,2026-02-01,0022500703,ORL,SAS,0,0,1487.1806066193178,1476.5466425464233,-10.633964072894443,1607.5211991902463,0.2902413154851079,9.0,-9.0,0.2212784678984439,1.221278467898444,48
2025-26,2026-02-03,0022500723,ORL,OKC,0,0,1476.5466425464233,1465.3416243496756,-11.2050181967478,1663.8342969987905,0.2176199207862142,36.0,-36.0,0.7162978701990245,1.7162978701990244,49
2025-26,2026-02-05,0022500734,ORL,BKN,1,1,1465.3416243496756,1476.4094865875936,11.067862237917966,1311.640611978989,0.7476749797839044,20.0,20.0,0.4621171572600097,1.4621171572600098,50
2025-26,2026-02-07,0022500750,ORL,UTA,1,1,1476.4094865875936,1484.6121902023074,8.20270361471365,1324.5962025022804,0.7456193992641943,3.0,3.0,0.074859690687499,1.0748596906874992,51
2025-26,2026-02-09,0022500764,ORL,MIL,1,1,1484.6121902023074,1500.5727879021065,15.960597699798786,1426.3266250945326,0.6311130735139245,19.0,19.0,0.4422303560457261,1.442230356045726,52
2025-26,2026-02-11,0022500777,ORL,MIL,1,0,1500.5727879021065,1476.4059802322356,-24.16680766987059,1410.3660273947337,0.6727717216612114,8.0,-8.0,0.197375320224904,1.197375320224904,53
2025-26,2026-02-19,0022500800,ORL,SAC,0,1,1476.4059802322356,1489.0550664547447,12.649086222509096,1244.9216850184398,0.7560334550567804,37.0,37.0,0.7282542059818115,1.7282542059818111,54
2025-26,2026-02-21,0022500811,ORL,PHX,0,0,1489.0550664547447,1476.821175075505,-12.23389137923986,1539.5445422642174,0.3793949878678226,3.0,-3.0,0.074859690687499,1.0748596906874992,55
2025-26,2026-02-22,0022500827,ORL,LAC,0,1,1476.821175075505,1498.1529337475822,21.331758672077218,1570.554837223089,0.3227744648152375,2.0,2.0,0.0499583749578799,1.04995837495788,56
2025-26,2026-02-24,0022500840,ORL,LAL,0,1,1498.1529337475822,1516.827286120974,18.67435237339199,1538.8892281035992,0.3927009027590467,1.0,1.0,0.0249947929684206,1.0249947929684209,57
2025-26,2026-02-26,0022500852,ORL,HOU,1,0,1516.827286120974,1502.2515101901176,-14.575775930856423,1599.2857895456054,0.4321233606613457,5.0,-5.0,0.1243530017715962,1.124353001771596,58
2025-26,2026-03-01,0022500875,ORL,DET,1,0,1502.2515101901176,1491.8972631820532,-10.354247008064515,1720.5230757335853,0.2582668984015921,14.0,-14.0,0.3363755443363322,1.3363755443363323,59
2025-26,2026-03-03,0022500885,ORL,WAS,1,1,1491.8972631820532,1501.2849335235176,9.387670341464473,1310.386498748213,0.7766649863063568,17.0,17.0,0.4011342849479459,1.401134284947946,60
2025-26,2026-03-05,0022500899,ORL,DAL,1,1,1501.2849335235176,1508.8048248664657,7.519891342947973,1340.3502313766246,0.755449445709862,1.0,1.0,0.0249947929684206,1.0249947929684209,61
2025-26,2026-03-07,0022500915,ORL,MIN,0,1,1508.8048248664657,1541.9211587736725,33.11633390720688,1616.8982195499595,0.3049763176508739,27.0,27.0,0.5882592563981054,1.5882592563981053,62
2025-26,2026-03-08,0022500926,ORL,MIL,0,1,1541.9211587736725,1562.9846901427966,21.063531369124178,1437.2121052307873,0.5989945710166713,39.0,39.0,0.7508932836251672,1.7508932836251672,63
2025-26,2026-03-11,0022500947,ORL,CLE,1,1,1562.9846901427966,1582.9085477570966,19.92385761429996,1652.676122728083,0.4219364273126407,6.0,6.0,0.1488850336233179,1.1488850336233178,64
2025-26,2026-03-12,0022500955,ORL,WAS,1,1,1582.9085477570966,1586.757658370758,3.849110613661353,1261.891866193309,0.8858866504381788,5.0,5.0,0.1243530017715962,1.124353001771596,65
2025-26,2026-03-14,0022500972,ORL,MIA,0,1,1586.757658370758,1605.4417842830642,18.684125912306197,1598.1405294162334,0.4336434268151253,4.0,4.0,0.0996679946249558,1.099667994624956,66
2025-26,2026-03-16,0022500983,ORL,ATL,0,0,1605.4417842830642,1586.4167269329075,-19.025057350156334,1576.6241241312764,0.491103836687972,12.0,-12.0,0.2913126124515909,1.2913126124515908,67
2025-26,2026-03-17,0022500992,ORL,OKC,1,0,1586.4167269329075,1574.89364938818,-11.52307754472776,1735.3892992977544,0.341620989332571,5.0,-5.0,0.1243530017715962,1.124353001771596,68
2025-26,2026-03-19,0022501008,ORL,CHA,0,0,1574.89364938818,1559.037561594109,-15.856087794070524,1634.984062059003,0.366471456925563,19.0,-19.0,0.4422303560457261,1.442230356045726,69
2025-26,2026-03-21,0022501024,ORL,LAL,1,0,1559.037561594109,1546.376630884277,-12.6609307098324,1656.016297549932,0.4117396757098282,1.0,-1.0,0.0249947929684206,1.0249947929684209,70
2025-26,2026-03-23,0022501039,ORL,IND,1,0,1546.376630884277,1518.2601657882,-28.116465096077,1213.476482432597,0.8926215796318249,2.0,-2.0,0.0499583749578799,1.04995837495788,71
2025-26,2026-03-24,0022501049,ORL,CLE,0,0,1518.2601657882,1508.425158832472,-9.83500695572786,1637.4773502626656,0.2915753012393571,5.0,-5.0,0.1243530017715962,1.124353001771596,72
2025-26,2026-03-26,0022501065,ORL,SAC,1,1,1508.425158832472,1515.575203474899,7.150044642426642,1320.2316887556815,0.7832665653823034,4.0,4.0,0.0996679946249558,1.099667994624956,73
2025-26,2026-03-29,0022501086,ORL,TOR,0,0,1515.575203474899,1491.047952437397,-24.52725103750166,1523.0690000455943,0.4391496289303024,52.0,-52.0,0.8617231593133063,1.8617231593133063,74
2025-26,2026-03-31,0022501099,ORL,PHX,1,1,1491.047952437397,1507.2096102214475,16.161657784050576,1519.0253697537255,0.5101049327904179,4.0,4.0,0.0996679946249558,1.099667994624956,75
2025-26,2026-04-01,0022501107,ORL,ATL,1,0,1507.2096102214475,1488.971106376687,-18.23850384476044,1630.742656555879,0.3752785824337622,29.0,-29.0,0.619996867969374,1.619996867969374,76
2025-26,2026-04-03,0022501127,ORL,DAL,0,1,1488.971106376687,1500.0483760054974,11.077269628810322,1299.3862416868303,0.7088616959885673,11.0,11.0,0.2682711820216014,1.2682711820216013,77
2025-26,2026-04-05,0022501138,ORL,NOP,0,1,1500.0483760054974,1513.3288444794443,13.280468473946888,1396.4628622786934,0.5974400595191698,4.0,4.0,0.0996679946249558,1.099667994624956,78
2025-26,2026-04-06,0022501144,ORL,DET,1,1,1513.3288444794443,1542.9398047441716,29.61096026472738,1708.34103200132,0.2847329605501076,16.0,16.0,0.3799489622552249,1.379948962255225,79
2025-26,2026-04-08,0022501159,ORL,MIN,1,1,1542.9398047441716,1560.553699096649,17.613894352477526,1546.3592923300723,0.5453232578325324,12.0,12.0,0.2913126124515909,1.2913126124515908,80
2025-26,2026-04-10,0022501177,ORL,CHI,0,1,1560.553699096649,1571.974702934171,11.421003837521932,1332.5512705684675,0.7523175985398236,24.0,24.0,0.5370495669980352,1.5370495669980353,81
2025-26,2026-04-12,0022501186,ORL,BOS,0,0,1571.974702934171,1563.04455671613,-8.93014621804115,1714.4150562380064,0.2647491847598957,5.0,-5.0,0.1243530017715962,1.124353001771596,82
2025-26,2025-10-22,0022500083,PHI,BOS,0,1,1500.0,1516.918544165384,16.91854416538404,1500.0,0.449800646746463,1.0,1.0,0.0249947929684206,1.0249947929684209,1
2025-26,2025-10-25,0022500102,PHI,CHA,1,1,1516.918544165384,1531.8770840867528,14.958539921368876,1519.4614844072023,0.5465740570643622,4.0,4.0,0.0996679946249558,1.099667994624956,2
2025-26,2025-10-27,0022500114,PHI,ORL,1,1,1531.8770840867528,1546.2238906637915,14.346806577038931,1474.6761445878865,0.6296583172115299,12.0,12.0,0.2913126124515909,1.2913126124515908,3
2025-26,2025-10-28,0022500123,PHI,WAS,0,1,1546.2238906637915,1561.4088561225,15.184965458708342,1476.492828237795,0.5498161925189561,5.0,5.0,0.1243530017715962,1.124353001771596,4
2025-26,2025-10-31,0022500021,PHI,BOS,1,0,1561.4088561225,1542.1332819695351,-19.275574152964992,1506.2959473961484,0.6268511243568453,1.0,-1.0,0.0249947929684206,1.0249947929684209,5
2025-26,2025-11-02,0022500149,PHI,BKN,0,1,1542.1332819695351,1558.9854955022786,16.85221353274349,1411.2906480593372,0.6345332882214281,24.0,24.0,0.5370495669980352,1.5370495669980353,6
2025-26,2025-11-04,0022500167,PHI,CHI,0,0,1558.9854955022786,1544.505386299987,-14.480109202291432,1552.0467221947522,0.4597042304295258,2.0,-2.0,0.0499583749578799,1.04995837495788,7
2025-26,2025-11-05,0022500171,PHI,CLE,0,0,1544.505386299987,1525.629578261935,-18.875808038052032,1512.213100370239,0.4961033651064103,11.0,-11.0,0.2682711820216014,1.2682711820216013,8
2025-26,2025-11-08,0022500184,PHI,TOR,1,1,1525.629578261935,1543.0413364592073,17.41175819727228,1537.113147375096,0.5337912769429886,10.0,10.0,0.2449186624037091,1.2449186624037092,9
2025-26,2025-11-09,0022500195,PHI,DET,1,0,1543.0413364592073,1526.550279866497,-16.491056592710336,1570.1063750532612,0.5114173423622193,3.0,-3.0,0.074859690687499,1.0748596906874992,10
2025-26,2025-11-11,0022500209,PHI,BOS,1,1,1526.550279866497,1539.3787092721373,12.828429405640303,1496.3589535261576,0.5927321275583924,2.0,2.0,0.0499583749578799,1.04995837495788,11
2025-26,2025-11-14,0022500041,PHI,DET,0,0,1539.3787092721373,1526.2336526449326,-13.145056627204696,1605.2513153819566,0.3587785797895462,9.0,-9.0,0.2212784678984439,1.221278467898444,12
2025-26,2025-11-17,0022500243,PHI,LAC,1,1,1526.2336526449326,1535.9353922642974,9.701739619364766,1420.6147161273648,0.6919960558832008,2.0,2.0,0.0499583749578799,1.04995837495788,13
2025-26,2025-11-19,0022500258,PHI,TOR,1,0,1535.9353922642974,1517.8978969714374,-18.03749529285999,1576.278097843066,0.4923118346055458,9.0,-9.0,0.2212784678984439,1.221278467898444,14
2025-26,2025-11-20,0022500266,PHI,MIL,0,1,1517.8978969714374,1536.5866552610787,18.688758289641353,1489.9082070081515,0.4899127217671423,9.0,9.0,0.2212784678984439,1.221278467898444,15
2025-26,2025-11-23,0022500275,PHI,MIA,1,0,1536.5866552610787,1518.6812481853244,-17.905407075754198,1585.8907164141435,0.4794264240305774,10.0,-10.0,0.2449186624037091,1.2449186624037092,16
2025-26,2025-11-25,0022500058,PHI,ORL,1,0,1518.6812481853244,1491.5345440898825,-27.14670409544208,1546.251567491086,0.5106905404982578,41.0,-41.0,0.7718952374404182,1.7718952374404182,17
2025-26,2025-11-28,0022500070,PHI,BKN,0,1,1491.5345440898825,1506.0883918782547,14.553847788372371,1368.303427729389,0.624313853257126,12.0,12.0,0.2913126124515909,1.2913126124515908,18
2025-26,2025-11-30,0022500304,PHI,ATL,1,0,1506.0883918782547,1488.333045963517,-17.755345914737724,1545.0596353634917,0.4942851700947235,8.0,-8.0,0.197375320224904,1.197375320224904,19
2025-26,2025-12-02,0022500318,PHI,WAS,1,1,1488.333045963517,1499.013803866916,10.680757903399078,1329.5606387041998,0.7531425808961768,19.0,19.0,0.4422303560457261,1.442230356045726,20
2025-26,2025-12-04,0022500333,PHI,GSW,1,1,1499.013803866916,1512.6535130968423,13.6397092299264,1494.6344787449748,0.5564299668155606,1.0,1.0,0.0249947929684206,1.0249947929684209,21
2025-26,2025-12-05,0022500348,PHI,MIL,0,1,1512.6535130968423,1530.8189981028238,18.16548500598133,1439.822451720495,0.5542291243812446,15.0,15.0,0.3583573983507859,1.358357398350786,22
2025-26,2025-12-07,0022500362,PHI,LAL,1,0,1530.8189981028238,1515.7572960280652,-15.061702074758688,1596.0853871834577,0.4565530126177011,4.0,-4.0,0.0996679946249558,1.099667994624956,23
2025-26,2025-12-12,0022501211,PHI,IND,1,1,1515.7572960280652,1526.4525170569193,10.695221028854014,1392.1390712976167,0.7136299917457122,10.0,10.0,0.2449186624037091,1.2449186624037092,24
2025-26,2025-12-14,0022501217,PHI,ATL,0,0,1526.4525170569193,1510.7559397263524,-15.696577330567033,1500.6414738320614,0.4867791106926469,3.0,-3.0,0.074859690687499,1.0748596906874992,25
2025-26,2025-12-19,0022500382,PHI,NYK,0,1,1510.7559397263524,1537.7773185836568,27.021378857304455,1655.2235442926476,0.2624838214606806,9.0,9.0,0.2212784678984439,1.221278467898444,26
2025-26,2025-12-20,0022500387,PHI,DAL,1,1,1537.7773185836568,1550.785225894317,13.007907310660055,1480.0040457953928,0.6304262555892136,7.0,7.0,0.1732351578346601,1.17323515783466,27
2025-26,2025-12-23,0022500410,PHI,BKN,1,0,1550.785225894317,1524.4164883466128,-26.36873754770411,1409.396710540199,0.734070515243047,8.0,-8.0,0.197375320224904,1.197375320224904,28
2025-26,2025-12-26,0022500427,PHI,CHI,0,0,1524.4164883466128,1504.6610089807746,-19.755479365838216,1446.6181016485311,0.5612821730271369,7.0,-7.0,0.1732351578346601,1.17323515783466,29
2025-26,2025-12-28,0022500442,PHI,OKC,0,0,1504.6610089807746,1494.104426466679,-10.55658251409566,1683.165066532636,0.2263515673805746,25.0,-25.0,0.5545997223493823,1.5545997223493822,30
2025-26,2025-12-30,0022500458,PHI,MEM,0,1,1494.104426466679,1511.4650898355094,17.360663368830586,1485.8299309991094,0.4616145865597769,3.0,3.0,0.074859690687499,1.0748596906874992,31
2025-26,2026-01-01,0022500473,PHI,DAL,0,1,1511.4650898355094,1528.5639960085043,17.0989061729952,1420.1066264598549,0.58040237437375,15.0,15.0,0.3583573983507859,1.358357398350786,32
2025-26,2026-01-03,0022500487,PHI,NYK,0,1,1528.5639960085043,1553.1414879440108,24.577491935506274,1598.0236835114451,0.354042145877924,11.0,11.0,0.2682711820216014,1.2682711820216013,33
2025-26,2026-01-05,0022500507,PHI,DEN,1,0,1553.1414879440108,1536.389337547654,-16.7521503963567,1556.935853186314,0.544788146283875,1.0,-1.0,0.0249947929684206,1.0249947929684209,34
2025-26,2026-01-07,0022500518,PHI,WAS,1,1,1536.389337547654,1549.1198040677975,12.730466520143407,1412.815551262636,0.7135777113443781,21.0,21.0,0.4815497983643079,1.481549798364308,35
2025-26,2026-01-09,0022500533,PHI,ORL,0,1,1549.1198040677975,1568.712896544844,19.59309247704643,1518.1271835469884,0.4942331730747359,12.0,12.0,0.2913126124515909,1.2913126124515908,36
2025-26,2026-01-11,0022500550,PHI,TOR,0,0,1568.712896544844,1553.493564998831,-15.219331546012771,1537.228977449612,0.4949401255635344,1.0,-1.0,0.0249947929684206,1.0249947929684209,37
2025-26,2026-01-12,0022500560,PHI,TOR,0,1,1553.493564998831,1575.1240508045105,21.63048580567928,1552.448308995625,0.4512901738362792,13.0,13.0,0.3140209253469976,1.3140209253469977,38
2025-26,2026-01-14,0022500572,PHI,CLE,1,0,1575.1240508045105,1544.7153228840666,-30.40872792044368,1506.4411586310152,0.6449345510747606,26.0,-26.0,0.5716699660851172,1.5716699660851172,39
2025-26,2026-01-16,0022500589,PHI,CLE,1,0,1544.7153228840666,1527.032641680859,-17.682681203208052,1536.849886551459,0.561377213451197,2.0,-2.0,0.0499583749578799,1.04995837495788,40
2025-26,2026-01-19,0022500609,PHI,IND,1,1,1527.032641680859,1535.0412246306375,8.008582949778859,1340.7277627243618,0.7814153184474,9.0,9.0,0.2212784678984439,1.221278467898444,41
2025-26,2026-01-20,0022500613,PHI,PHX,1,0,1535.0412246306375,1519.8373795599357,-15.203845070701815,1611.1467683788126,0.4411188420583274,6.0,-6.0,0.1488850336233179,1.1488850336233178,42
2025-26,2026-01-22,0022500628,PHI,HOU,1,1,1519.8373795599357,1538.1160245694234,18.27864500948771,1575.938709411011,0.4696700286351806,6.0,6.0,0.1488850336233179,1.1488850336233178,43
2025-26,2026-01-24,0022500643,PHI,NYK,1,0,1538.1160245694234,1518.6490529622358,-19.466971607187492,1499.9929554526743,0.6037058224388983,3.0,-3.0,0.074859690687499,1.0748596906874992,44
2025-26,2026-01-26,0022500657,PHI,CHA,0,0,1518.6490529622358,1494.6225112149864,-24.02654174724949,1509.1221685611197,0.4634067847983846,37.0,-37.0,0.7282542059818115,1.7282542059818111,45
2025-26,2026-01-27,0022500666,PHI,MIL,1,1,1494.6225112149864,1509.376367024985,14.753855809998544,1422.8458787407617,0.6490020985498267,17.0,17.0,0.4011342849479459,1.401134284947946,46
2025-26,2026-01-29,0022500680,PHI,SAC,1,1,1509.376367024985,1516.471029772934,7.094662747949053,1329.7640327733668,0.7747636821560137,2.0,2.0,0.0499583749578799,1.04995837495788,47
2025-26,2026-01-31,0022500699,PHI,NOP,1,1,1516.471029772934,1526.3936375425378,9.922607769603683,1374.8630084646009,0.7343171065638149,10.0,10.0,0.2449186624037091,1.2449186624037092,48
2025-26,2026-02-02,0022500715,PHI,LAC,0,1,1526.3936375425378,1552.3083778438267,25.914740301288948,1588.2858669583063,0.364066719290209,15.0,15.0,0.3583573983507859,1.358357398350786,49
2025-26,2026-02-03,0022500724,PHI,GSW,0,1,1552.3083778438267,1575.254381836064,22.94600399223717,1538.413971115931,0.4696639156602326,19.0,19.0,0.4422303560457261,1.442230356045726,50
2025-26,2026-02-05,0022500740,PHI,LAL,0,0,1575.254381836064,1558.4571502491465,-16.797231586917444,1533.888167123552,0.5091606942283271,4.0,-4.0,0.0996679946249558,1.099667994624956,51
2025-26,2026-02-07,0022500754,PHI,PHX,0,1,1558.4571502491465,1578.703655771297,20.246505522150606,1584.836786517288,0.4125752380317866,6.0,6.0,0.1488850336233179,1.1488850336233178,52
2025-26,2026-02-09,0022500770,PHI,POR,0,0,1578.703655771297,1554.1052950503897,-24.598360720907262,1483.9166240277234,0.5852011232414013,17.0,-17.0,0.4011342849479459,1.401134284947946,53
2025-26,2026-02-11,0022500780,PHI,NYK,1,0,1554.1052950503897,1526.9498465647328,-27.15544848565706,1594.9104469984486,0.4916464921413885,49.0,-49.0,0.8411229016320433,1.8411229016320432,54
2025-26,2026-02-19,0022500794,PHI,ATL,1,0,1526.9498465647328,1503.1295474803485,-23.82029908438449,1463.6549076081756,0.6378006800431408,10.0,-10.0,0.2449186624037091,1.2449186624037092,55
2025-26,2026-02-21,0022500812,PHI,NOP,0,0,1503.1295474803485,1476.2639833739222,-26.86556410642603,1353.4714903017364,0.6592659668470207,15.0,-15.0,0.3583573983507859,1.358357398350786,56
2025-26,2026-02-22,0022500824,PHI,MIN,0,1,1476.2639833739222,1508.9527314174177,32.68874804349542,1577.0619292855413,0.3139502065586825,27.0,27.0,0.5882592563981054,1.5882592563981053,57
2025-26,2026-02-24,0022500831,PHI,IND,0,1,1508.9527314174177,1522.1960719628523,13.24334054543464,1325.0723556583798,0.7020385778897243,21.0,21.0,0.4815497983643079,1.481549798364308,58
2025-26,2026-02-26,0022500849,PHI,MIA,1,1,1522.1960719628523,1537.7046674458936,15.508595483041326,1515.7403668039256,0.5593780331965669,7.0,7.0,0.1732351578346601,1.17323515783466,59
2025-26,2026-03-01,0022500874,PHI,BOS,0,0,1537.7046674458936,1525.388495008574,-12.31617243731958,1651.9658418576162,0.297503090674491,16.0,-16.0,0.3799489622552249,1.379948962255225,60
2025-26,2026-03-03,0022500888,PHI,SAS,1,0,1525.388495008574,1509.6937379704098,-15.694757038164123,1710.0845274983806,0.2969801904542314,40.0,-40.0,0.7615941559557649,1.7615941559557649,61
2025-26,2026-03-04,0022500895,PHI,UTA,1,1,1509.6937379704098,1515.678794430445,5.9850564600351825,1282.9434729166337,0.8185798959537662,4.0,4.0,0.0996679946249558,1.099667994624956,62
2025-26,2026-03-07,0022500917,PHI,ATL,0,0,1515.678794430445,1500.3538789758306,-15.324915454614246,1537.9809682614912,0.4182752161616646,9.0,-9.0,0.2212784678984439,1.221278467898444,63
2025-26,2026-03-09,0022500931,PHI,CLE,0,0,1500.3538789758306,1489.7052692814327,-10.64860969439802,1642.0275130336854,0.2656092129074467,14.0,-14.0,0.3363755443363322,1.3363755443363323,64
2025-26,2026-03-10,0022500936,PHI,MEM,1,1,1489.7052692814327,1498.668799536234,8.963530254801213,1324.467284236855,0.7599968971066676,10.0,10.0,0.2449186624037091,1.2449186624037092,65
2025-26,2026-03-12,0022500953,PHI,DET,0,0,1498.668799536234,1487.2112949818177,-11.457504554416372,1650.3517388851687,0.2545229418653438,22.0,-22.0,0.5005202111902353,1.5005202111902354,66
2025-26,2026-03-14,0022500969,PHI,BKN,1,1,1487.2112949818177,1494.8037243608956,7.592429379077943,1297.9708564448315,0.7842879344242564,7.0,7.0,0.1732351578346601,1.17323515783466,67
2025-26,2026-03-15,0022500980,PHI,POR,1,1,1494.8037243608956,1509.3654600951488,14.56173573425337,1475.5057218557724,0.5775110851509943,6.0,6.0,0.1488850336233179,1.1488850336233178,68
2025-26,2026-03-17,0022500997,PHI,DEN,0,0,1509.3654600951488,1491.937269779928,-17.42819031522063,1572.7359793096955,0.3620988188991757,28.0,-28.0,0.6043677771171634,1.6043677771171634,69
2025-26,2026-03-19,0022501015,PHI,SAC,0,1,1491.937269779928,1506.252494165503,14.315224385575036,1327.649561370864,0.6779223035819285,21.0,21.0,0.4815497983643079,1.481549798364308,70
2025-26,2026-03-21,0022501030,PHI,UTA,0,1,1506.252494165503,1516.5720432908945,10.319549125391116,1303.9911501161869,0.7236887989274747,10.0,10.0,0.2449186624037091,1.2449186624037092,71
2025-26,2026-03-23,0022501040,PHI,OKC,1,0,1516.5720432908945,1506.1086270811054,-10.463416209788932,1753.2017420224456,0.2385448652965049,20.0,-20.0,0.4621171572600097,1.4621171572600098,72
2025-26,2026-03-25,0022501053,PHI,CHI,1,1,1506.1086270811054,1518.540073717505,12.431446636399574,1379.9681125071595,0.7165879953674857,20.0,20.0,0.4621171572600097,1.4621171572600098,73
2025-26,2026-03-28,0022501077,PHI,CHA,0,1,1518.540073717505,1543.4328405382096,24.89276682070445,1678.6338289935238,0.24544599089976,4.0,4.0,0.0996679946249558,1.099667994624956,74
2025-26,2026-03-30,0022501091,PHI,MIA,0,0,1543.4328405382096,1524.3217500699332,-19.1110904682764,1500.294958130002,0.5117092129637985,10.0,-10.0,0.2449186624037091,1.2449186624037092,75
2025-26,2026-04-01,0022501105,PHI,WAS,0,1,1524.3217500699332,1532.8615204892967,8.539770419363514,1237.09812687045,0.8102931157768358,22.0,22.0,0.5005202111902353,1.5005202111902354,76
2025-26,2026-04-03,0022501121,PHI,MIN,1,1,1532.8615204892967,1552.4736146882642,19.61209419896756,1572.2097846097909,0.4937426716077815,12.0,12.0,0.2913126124515909,1.2913126124515908,77
2025-26,2026-04-04,0022501131,PHI,DET,1,0,1552.4736146882642,1536.3571518802755,-16.11646280798857,1692.2245691933315,0.3536587920887956,23.0,-23.0,0.5190218338982221,1.519021833898222,78
2025-26,2026-04-06,0022501146,PHI,SAS,0,0,1536.3571518802755,1530.1324498706326,-6.224702009642809,1792.1436394444595,0.1579046900895441,13.0,-13.0,0.3140209253469976,1.3140209253469977,79
2025-26,2026-04-09,0022501169,PHI,HOU,0,0,1530.1324498706326,1517.8747355057478,-12.257714364884889,1624.352024345544,0.3221633390567232,11.0,-11.0,0.2682711820216014,1.2682711820216013,80
2025-26,2026-04-10,0022501175,PHI,IND,0,1,1517.8747355057478,1527.9398627049525,10.065127199204698,1305.2446823125276,0.7354633261959779,11.0,11.0,0.2682711820216014,1.2682711820216013,81
2025-26,2026-04-12,0022501191,PHI,MIL,1,1,1527.9398627049525,1537.774703273251,9.834840568298407,1347.3087810582567,0.7757853963237624,20.0,20.0,0.4621171572600097,1.4621171572600098,82
2025-26,2025-10-22,0022500088,PHX,SAC,1,1,1500.0,1514.8389412556608,14.838941255660735,1500.0,0.550199353253537,4.0,4.0,0.0996679946249558,1.099667994624956,1
2025-26,2025-10-24,0022500099,PHX,LAC,0,0,1514.8389412556608,1491.0266406466471,-23.81230060901355,1480.0079382752592,0.4997567937578757,27.0,-27.0,0.5882592563981054,1.5882592563981053,2
2025-26,2025-10-25,0022500104,PHX,DEN,0,0,1491.0266406466471,1470.4235542133945,-20.603086433252702,1485.4987710006276,0.4576876356969122,22.0,-22.0,0.5005202111902353,1.5005202111902354,3
2025-26,2025-10-27,0022500120,PHX,UTA,0,0,1470.4235542133945,1457.1711902938837,-13.252363919511115,1504.6246183841683,0.401708030189932,4.0,-4.0,0.0996679946249558,1.099667994624956,4
2025-26,2025-10-29,0022500137,PHX,MEM,1,0,1457.1711902938837,1441.66356745208,-15.507622841803707,1489.172399370846,0.504315499883113,1.0,-1.0,0.0249947929684206,1.0249947929684209,5
2025-26,2025-10-31,0022500025,PHX,UTA,1,1,1441.66356745208,1465.701656357744,24.03808890566405,1500.321906043906,0.4660054398379463,22.0,22.0,0.5005202111902353,1.5005202111902354,6
2025-26,2025-11-02,0022500154,PHX,SAS,1,1,1465.701656357744,1489.7450090693092,24.043352711565188,1586.2197066945653,0.3793562591602495,12.0,12.0,0.2913126124515909,1.2913126124515908,7
2025-26,2025-11-04,0022500169,PHX,GSW,0,0,1489.7450090693092,1473.7226173662723,-16.022391703036604,1510.0263041133455,0.4211084592990909,11.0,-11.0,0.2682711820216014,1.2682711820216013,8
2025-26,2025-11-06,0022500182,PHX,LAC,1,1,1473.7226173662723,1491.696184383024,17.973567016751534,1478.029214767701,0.5440568038137039,13.0,13.0,0.3140209253469976,1.3140209253469977,9
2025-26,2025-11-08,0022500190,PHX,LAC,0,1,1491.696184383024,1510.9041960430943,19.208011660070376,1460.0556477509494,0.495165494247764,11.0,11.0,0.2682711820216014,1.2682711820216013,10
2025-26,2025-11-10,0022500204,PHX,NOP,1,1,1510.9041960430943,1526.2579601059049,15.353764062810251,1428.2902301722568,0.6630778281088884,23.0,23.0,0.5190218338982221,1.519021833898222,11
2025-26,2025-11-12,0022500221,PHX,DAL,0,1,1526.2579601059049,1540.4491557941142,14.191195688209536,1411.6010075230874,0.6126683072635757,9.0,9.0,0.2212784678984439,1.221278467898444,12
2025-26,2025-11-13,0022500226,PHX,IND,1,1,1540.4491557941142,1551.7105886018053,11.261432807691186,1355.8902853741831,0.779693726740235,35.0,35.0,0.703905603936621,1.703905603936621,13
2025-26,2025-11-16,0022500239,PHX,ATL,1,0,1551.7105886018053,1534.7137762259456,-16.996812375859733,1559.1340245396257,0.5396027366812383,2.0,-2.0,0.0499583749578799,1.04995837495788,14
2025-26,2025-11-18,0022500254,PHX,POR,0,1,1534.7137762259456,1554.989588115366,20.275811889420496,1487.4557587884158,0.5176333891942944,17.0,17.0,0.4011342849479459,1.401134284947946,15
2025-26,2025-11-21,0022500053,PHX,MIN,1,1,1554.989588115366,1569.1256878740778,14.136099758711792,1561.9344226643364,0.5402871033854018,1.0,1.0,0.0249947929684206,1.0249947929684209,16
2025-26,2025-11-23,0022500281,PHX,SAS,1,1,1569.1256878740778,1586.4353836252092,17.309695751131272,1584.9607783788172,0.5275525823656605,9.0,9.0,0.2212784678984439,1.221278467898444,17
2025-26,2025-11-24,0022500290,PHX,HOU,1,0,1586.4353836252092,1562.9452942234302,-23.490089401779056,1606.2629516762704,0.5218210152852336,22.0,-22.0,0.5005202111902353,1.5005202111902354,18
2025-26,2025-11-26,0022500068,PHX,SAC,0,1,1562.9452942234302,1575.9420476777905,12.996753454360306,1409.2181148861373,0.6645079503073588,12.0,12.0,0.2913126124515909,1.2913126124515908,19
2025-26,2025-11-28,0022500075,PHX,OKC,0,0,1575.9420476777905,1567.044614128998,-8.897433548792565,1713.9896598872913,0.2697006003109466,4.0,-4.0,0.0996679946249558,1.099667994624956,20
2025-26,2025-11-29,0022500299,PHX,DEN,1,0,1567.044614128998,1545.4003980314585,-21.644216097539672,1596.9010605742938,0.5074016278611396,18.0,-18.0,0.4218990052500079,1.4218990052500078,21
2025-26,2025-12-01,0022500317,PHX,LAL,0,1,1545.4003980314585,1573.3691147152044,27.96871668374616,1629.809667477577,0.3346172696362877,17.0,17.0,0.4011342849479459,1.401134284947946,22
2025-26,2025-12-05,0022500346,PHX,HOU,0,0,1573.3691147152044,1557.5168354941477,-15.852279221056676,1633.525394153867,0.3663834318515776,19.0,-19.0,0.4422303560457261,1.442230356045726,23
2025-26,2025-12-08,0022500365,PHX,MIN,0,1,1557.5168354941477,1576.2277368344965,18.71090134034876,1578.772834753385,0.4197412771651794,3.0,3.0,0.074859690687499,1.0748596906874992,24
2025-26,2025-12-10,0022501203,PHX,OKC,0,0,1576.2277368344965,1563.7073729866568,-12.520363847839784,1754.4063016542789,0.2266798491424489,49.0,-49.0,0.8411229016320433,1.8411229016320432,25
2025-26,2025-12-14,0022501228,PHX,LAL,1,0,1563.7073729866568,1547.492820925176,-16.21455206148065,1588.4424663463788,0.5147680913900075,2.0,-2.0,0.0499583749578799,1.04995837495788,26
2025-26,2025-12-18,0022500378,PHX,GSW,1,1,1547.492820925176,1558.6210460360023,11.12822511082616,1483.9692492654824,0.6381046620214713,1.0,1.0,0.0249947929684206,1.0249947929684209,27
2025-26,2025-12-20,0022500392,PHX,GSW,0,0,1558.6210460360023,1540.15831956969,-18.46272646631238,1472.8410241546562,0.5725623733736911,3.0,-3.0,0.074859690687499,1.0748596906874992,28
2025-26,2025-12-23,0022500418,PHX,LAL,1,1,1540.15831956969,1563.8684227961269,23.710103226436942,1585.0217588748822,0.4858091819653236,24.0,24.0,0.5370495669980352,1.5370495669980353,29
2025-26,2025-12-26,0022500429,PHX,NOP,0,1,1563.8684227961269,1574.7593489036915,10.890926107564578,1389.4080306418723,0.6905727996404679,7.0,7.0,0.1732351578346601,1.17323515783466,30
2025-26,2025-12-27,0022500434,PHX,NOP,0,1,1574.7593489036915,1585.1387414188116,10.379392515120005,1378.517104534308,0.716706910341786,9.0,9.0,0.2212784678984439,1.221278467898444,31
2025-26,2025-12-29,0022500448,PHX,WAS,0,1,1585.1387414188116,1595.7204778088849,10.581736390072946,1371.9766000755478,0.7360588138337012,14.0,14.0,0.3363755443363322,1.3363755443363323,32
2025-26,2025-12-31,0022500465,PHX,CLE,0,0,1595.7204778088849,1570.6073024068137,-25.11317540207099,1485.4780614518145,0.6066208748529606,16.0,-16.0,0.3799489622552249,1.379948962255225,33
2025-26,2026-01-02,0022500483,PHX,SAC,1,1,1570.6073024068137,1578.808924066368,8.201621659554284,1332.7653196685249,0.8278697967283979,27.0,27.0,0.5882592563981054,1.5882592563981053,34
2025-26,2026-01-04,0022500499,PHX,OKC,1,1,1578.808924066368,1599.8691947209638,21.06027065459578,1723.7320308463634,0.3468831067887177,3.0,3.0,0.074859690687499,1.0748596906874992,35
2025-26,2026-01-05,0022500505,PHX,HOU,0,0,1599.8691947209638,1584.7701532479537,-15.099041473010145,1586.9621622453185,0.4682484484200454,3.0,-3.0,0.074859690687499,1.0748596906874992,36
2025-26,2026-01-07,0022500524,PHX,MEM,0,1,1584.7701532479537,1601.2830589210096,16.512905673055833,1465.9440316666537,0.6183479381123151,19.0,19.0,0.4422303560457261,1.442230356045726,37
2025-26,2026-01-09,0022500538,PHX,NYK,1,1,1601.2830589210096,1614.927766017426,13.644707096416434,1569.11237478953,0.5954797388685749,5.0,5.0,0.1243530017715962,1.124353001771596,38
2025-26,2026-01-11,0022500555,PHX,WAS,1,1,1614.927766017426,1622.1145141815523,7.18674816412652,1369.6333426666213,0.8338973582594905,19.0,19.0,0.4422303560457261,1.442230356045726,39
2025-26,2026-01-13,0022500564,PHX,MIA,0,0,1622.1145141815523,1599.524626614814,-22.589887566738543,1475.4266663161527,0.655414797988831,6.0,-6.0,0.1488850336233179,1.1488850336233178,40
2025-26,2026-01-15,0022500579,PHX,DET,0,0,1599.524626614814,1586.2927872463183,-13.231839368495468,1627.5054899799068,0.4103431509289102,3.0,-3.0,0.074859690687499,1.0748596906874992,41
2025-26,2026-01-17,0022500596,PHX,NYK,0,1,1586.2927872463183,1602.7165033337444,16.423716087425777,1528.064753061197,0.5333781132807274,7.0,7.0,0.1732351578346601,1.17323515783466,42
2025-26,2026-01-19,0022500610,PHX,BKN,0,1,1602.7165033337444,1611.1467683788126,8.430265045068198,1357.9035288720615,0.7699060106093887,9.0,9.0,0.2212784678984439,1.221278467898444,43
2025-26,2026-01-20,0022500613,PHX,PHI,0,1,1611.1467683788126,1626.3506134495144,15.203845070701815,1535.0412246306375,0.5588811579416726,6.0,6.0,0.1488850336233179,1.1488850336233178,44
2025-26,2026-01-23,0022500636,PHX,ATL,0,0,1626.3506134495144,1601.9695632134842,-24.38105023603017,1450.1563934210858,0.692701432536571,7.0,-7.0,0.1732351578346601,1.17323515783466,45
2025-26,2026-01-25,0022500655,PHX,MIA,1,0,1601.9695632134842,1577.2150429040948,-24.754520309389463,1509.490383900247,0.6756449889758186,9.0,-9.0,0.2212784678984439,1.221278467898444,46
2025-26,2026-01-27,0022500669,PHX,BKN,1,1,1577.2150429040948,1582.3473635743303,5.132320670235515,1318.3623339148874,0.8444281760397478,4.0,4.0,0.0996679946249558,1.099667994624956,47
2025-26,2026-01-29,0022500685,PHX,DET,1,1,1582.3473635743303,1606.3025424039931,23.955178829662888,1660.3538477366,0.4384228710755978,18.0,18.0,0.4218990052500079,1.4218990052500078,48
2025-26,2026-01-30,0022500693,PHX,CLE,1,1,1606.3025424039931,1624.1273905375951,17.824848133601925,1607.9653229239314,0.5478294196140785,13.0,13.0,0.3140209253469976,1.3140209253469977,49
2025-26,2026-02-01,0022500709,PHX,LAC,1,0,1624.1273905375951,1594.5898692278915,-29.53752130970367,1558.748345648603,0.6405675293736625,24.0,-24.0,0.5370495669980352,1.5370495669980353,50
2025-26,2026-02-03,0022500725,PHX,POR,0,1,1594.5898692278915,1607.0906660860876,12.500796858195944,1467.586642910367,0.6293928793270749,5.0,5.0,0.1243530017715962,1.124353001771596,51
2025-26,2026-02-05,0022500739,PHX,GSW,1,0,1607.0906660860876,1584.836786517288,-22.253879568799732,1515.4679671236938,0.6745635857844974,4.0,-4.0,0.0996679946249558,1.099667994624956,52
2025-26,2026-02-07,0022500754,PHX,PHI,1,0,1584.836786517288,1564.5902809951374,-20.246505522150606,1558.4571502491465,0.5874247619682134,6.0,-6.0,0.1488850336233179,1.1488850336233178,53
2025-26,2026-02-10,0022500773,PHX,DAL,1,1,1564.5902809951374,1573.6323747360009,9.042093740863285,1405.7577899693688,0.7532068790059876,9.0,9.0,0.2212784678984439,1.221278467898444,54
2025-26,2026-02-11,0022500785,PHX,OKC,1,0,1573.6323747360009,1552.5370486077804,-21.09532612822024,1648.5997273098958,0.4427347328685023,27.0,-27.0,0.5882592563981054,1.5882592563981053,55
2025-26,2026-02-19,0022500798,PHX,SAS,0,0,1552.5370486077804,1539.5445422642174,-12.992506343563026,1687.96759506935,0.2726781179085283,27.0,-27.0,0.5882592563981054,1.5882592563981053,56
2025-26,2026-02-21,0022500811,PHX,ORL,1,1,1539.5445422642174,1551.7784336434572,12.23389137923986,1489.0550664547447,0.6206050121321773,3.0,3.0,0.074859690687499,1.0748596906874992,57
2025-26,2026-02-22,0022500826,PHX,POR,1,0,1551.7784336434572,1525.1593082741451,-26.61912536931216,1476.77741338312,0.653218497616584,15.0,-15.0,0.3583573983507859,1.358357398350786,58
2025-26,2026-02-24,0022500839,PHX,BOS,1,0,1525.1593082741451,1510.2438585931395,-14.91544968100531,1659.891765822897,0.3602898872585661,16.0,-16.0,0.3799489622552249,1.379948962255225,59
2025-26,2026-02-26,0022500855,PHX,LAL,1,1,1510.2438585931395,1525.2072784754012,14.963419882261476,1520.2148757302073,0.5359574211746463,3.0,3.0,0.074859690687499,1.0748596906874992,60
2025-26,2026-03-03,0022500892,PHX,SAC,0,1,1525.2072784754012,1533.6319307984577,8.4246523230563,1271.7736246191737,0.778579101943914,11.0,11.0,0.2682711820216014,1.2682711820216013,61
2025-26,2026-03-05,0022500905,PHX,CHI,1,0,1533.6319307984577,1509.13170790014,-24.500222898317286,1350.9666070866183,0.7778156887822698,2.0,-2.0,0.0499583749578799,1.04995837495788,62
2025-26,2026-03-06,0022500912,PHX,NOP,1,1,1509.13170790014,1519.532252014488,10.400544114347811,1421.2559113662712,0.6698109067176103,2.0,2.0,0.0499583749578799,1.04995837495788,63
2025-26,2026-03-08,0022500928,PHX,CHA,1,1,1519.532252014488,1543.2321555488868,23.6999035343988,1633.5378147510423,0.3882218938602865,12.0,12.0,0.2913126124515909,1.2913126124515908,64
2025-26,2026-03-10,0022500941,PHX,MIL,0,1,1543.2321555488868,1558.3302666911277,15.098111142240834,1416.1485738616632,0.629500769076636,15.0,15.0,0.3583573983507859,1.358357398350786,65
2025-26,2026-03-12,0022500954,PHX,IND,0,1,1558.3302666911277,1565.2182663957703,6.8879997046426436,1246.6787672654418,0.8309723269932364,15.0,15.0,0.3583573983507859,1.358357398350786,66
2025-26,2026-03-13,0022500963,PHX,TOR,0,0,1565.2182663957703,1545.8410475388384,-19.377218856931833,1494.9824780652862,0.5505352366214094,7.0,-7.0,0.1732351578346601,1.17323515783466,67
2025-26,2026-03-16,0022500986,PHX,BOS,0,0,1545.8410475388384,1534.8435914757322,-10.997456063106204,1652.969881059439,0.3061545219600412,8.0,-8.0,0.197375320224904,1.197375320224904,68
2025-26,2026-03-17,0022500996,PHX,MIN,0,0,1534.8435914757322,1518.2978650232187,-16.545726452513403,1550.86076366033,0.4271035609546916,12.0,-12.0,0.2913126124515909,1.2913126124515908,69
2025-26,2026-03-19,0022501013,PHX,SAS,0,0,1518.2978650232187,1513.416391852315,-4.881473170903682,1772.985132129401,0.1587479014329678,1.0,-1.0,0.0249947929684206,1.0249947929684209,70
2025-26,2026-03-21,0022501031,PHX,MIL,1,0,1513.416391852315,1489.0848626622862,-24.33152919002883,1353.312789161436,0.7545645073750962,3.0,-3.0,0.074859690687499,1.0748596906874992,71
2025-26,2026-03-22,0022501036,PHX,TOR,1,1,1489.0848626622862,1512.6327105248154,23.547847862529213,1540.1506709553048,0.4768959083452198,22.0,22.0,0.5005202111902353,1.5005202111902354,72
2025-26,2026-03-24,0022501050,PHX,DEN,1,0,1512.6327105248154,1498.8219832113102,-13.810727313505112,1590.6178172640969,0.438453169284263,2.0,-2.0,0.0499583749578799,1.04995837495788,73
2025-26,2026-03-28,0022501081,PHX,UTA,1,1,1498.8219832113102,1506.487179883784,7.66519667247376,1251.3266829492018,0.8356447951997623,25.0,25.0,0.5545997223493823,1.5545997223493822,74
2025-26,2026-03-30,0022501093,PHX,MEM,0,1,1506.487179883784,1519.0253697537255,12.538189869941837,1295.090894918308,0.7340792460567003,26.0,26.0,0.5716699660851172,1.5716699660851172,75
2025-26,2026-03-31,0022501099,PHX,ORL,0,0,1519.0253697537255,1502.8637119696753,-16.161657784050576,1491.047952437397,0.4898950672095821,4.0,-4.0,0.0996679946249558,1.099667994624956,76
2025-26,2026-04-02,0022501114,PHX,CHA,0,0,1502.8637119696753,1490.9565058855478,-11.907206084127523,1639.362406637155,0.2714603734044926,20.0,-20.0,0.4621171572600097,1.4621171572600098,77
2025-26,2026-04-05,0022501134,PHX,CHI,0,1,1490.9565058855478,1502.1698167937552,11.213310908207422,1308.966041826516,0.6997578704845777,10.0,10.0,0.2449186624037091,1.2449186624037092,78
2025-26,2026-04-07,0022501157,PHX,HOU,1,0,1502.1698167937552,1486.1748755773342,-15.994941216421,1608.357083129123,0.3989632326583859,14.0,-14.0,0.3363755443363322,1.3363755443363323,79
2025-26,2026-04-08,0022501164,PHX,DAL,1,1,1486.1748755773342,1493.9547572902495,7.779881712915417,1311.9043864781893,0.7693523386143859,5.0,5.0,0.1243530017715962,1.124353001771596,80
2025-26,2026-04-10,0022501185,PHX,LAL,0,0,1493.9547572902495,1480.6464635382554,-13.308293751994036,1626.0509798333967,0.2765013097746469,28.0,-28.0,0.6043677771171634,1.6043677771171634,81
2025-26,2026-04-12,0022501196,PHX,OKC,0,1,1480.6464635382554,1524.3945266552078,43.748063116952466,1785.8303593502435,0.1236559211787402,32.0,32.0,0.664036770267849,1.664036770267849,82
2025-26,2025-10-22,0022500089,POR,MIN,1,0,1500.0,1481.848901416912,-18.151098583087943,1500.0,0.550199353253537,4.0,-4.0,0.0996679946249558,1.099667994624956,1
2025-26,2025-10-24,0022500097,POR,GSW,1,1,1481.848901416912,1504.928536700728,23.079635283816163,1535.0498322866058,0.4738306897588807,20.0,20.0,0.4621171572600097,1.4621171572600098,2
2025-26,2025-10-26,0022500112,POR,LAC,0,0,1504.928536700728,1489.04128876676,-15.887247933968188,1503.8202388842728,0.4513800388573968,7.0,-7.0,0.1732351578346601,1.17323515783466,3
2025-26,2025-10-27,0022500122,POR,LAL,0,1,1489.04128876676,1512.8667946721228,23.825505905362864,1520.3483926657266,0.4057183001106417,14.0,14.0,0.3363755443363322,1.3363755443363323,4
2025-26,2025-10-29,0022500135,POR,UTA,0,1,1512.8667946721228,1530.421870931896,17.55507625977337,1517.8769823036794,0.4426738977318154,2.0,2.0,0.0499583749578799,1.04995837495788,5
2025-26,2025-10-31,0022500026,POR,DEN,1,1,1530.421870931896,1545.2346529364202,14.812782004524015,1544.7359480294792,0.5297343095428825,2.0,2.0,0.0499583749578799,1.04995837495788,6
2025-26,2025-11-03,0022500163,POR,LAL,1,0,1545.2346529364202,1525.633144835202,-19.601508101218105,1548.404275031082,0.545679865233243,8.0,-8.0,0.197375320224904,1.197375320224904,7
2025-26,2025-11-05,0022500180,POR,OKC,1,1,1525.633144835202,1544.076600213589,18.443455378387036,1620.65537312149,0.4144702679561968,2.0,2.0,0.0499583749578799,1.04995837495788,8
2025-26,2025-11-08,0022500187,POR,MIA,0,0,1544.076600213589,1528.5609227537786,-15.515677459810362,1536.9391396789458,0.459988320256567,5.0,-5.0,0.1243530017715962,1.124353001771596,9
2025-26,2025-11-10,0022500200,POR,ORL,0,0,1528.5609227537786,1511.6280063433258,-16.93291641045292,1476.090904080046,0.525120210484475,3.0,-3.0,0.074859690687499,1.0748596906874992,10
2025-26,2025-11-12,0022500219,POR,NOP,0,1,1511.6280063433258,1526.3325052119042,14.704498868578373,1412.9364661094464,0.5906463462150862,8.0,8.0,0.197375320224904,1.197375320224904,11
2025-26,2025-11-14,0022500042,POR,HOU,0,0,1526.3325052119042,1508.8004494148956,-17.532055797008564,1576.2208000386518,0.3802101587664885,24.0,-24.0,0.5370495669980352,1.5370495669980353,12
2025-26,2025-11-16,0022500238,POR,DAL,0,0,1508.8004494148956,1487.4557587884158,-21.34469062647997,1379.2555233245116,0.6327992066799908,5.0,-5.0,0.1243530017715962,1.124353001771596,13
2025-26,2025-11-18,0022500254,POR,PHX,1,0,1487.4557587884158,1467.1799468989952,-20.275811889420496,1534.7137762259456,0.4823666108057056,17.0,-17.0,0.4011342849479459,1.401134284947946,14
2025-26,2025-11-19,0022500263,POR,CHI,1,0,1467.1799468989952,1452.010842548149,-15.169104350846338,1506.8311972396386,0.4933067125448863,1.0,-1.0,0.0249947929684206,1.0249947929684209,15
2025-26,2025-11-21,0022500056,POR,GSW,0,1,1452.010842548149,1473.010819683392,20.999977135242982,1514.3697895775858,0.3634449295033189,4.0,4.0,0.0996679946249558,1.099667994624956,16
2025-26,2025-11-23,0022500280,POR,OKC,0,0,1473.010819683392,1464.261560510534,-8.749259172858078,1697.195531557085,0.1836236566881377,27.0,-27.0,0.5882592563981054,1.5882592563981053,17
2025-26,2025-11-24,0022500288,POR,MIL,0,1,1464.261560510534,1485.274439173911,21.01287866337756,1458.8065864435,0.4575834836388156,12.0,12.0,0.2913126124515909,1.2913126124515908,18
2025-26,2025-11-26,0022500067,POR,SAS,1,0,1485.274439173911,1468.2353064795575,-17.039132694353626,1567.6510826276858,0.4322389992851914,13.0,-13.0,0.3140209253469976,1.3140209253469977,19
2025-26,2025-11-30,0022500305,POR,OKC,1,0,1468.2353064795575,1460.324927433992,-7.910379045565827,1722.887093436084,0.2202144115258144,8.0,-8.0,0.197375320224904,1.197375320224904,20
2025-26,2025-12-02,0022500319,POR,TOR,0,0,1460.324927433992,1450.8753992308405,-9.449528203151498,1578.306337044194,0.2930468750176256,3.0,-3.0,0.074859690687499,1.0748596906874992,21
2025-26,2025-12-03,0022500324,POR,CLE,0,1,1450.8753992308405,1476.6932011041715,25.817801873331117,1536.1169034663303,0.3335514673369101,12.0,12.0,0.2913126124515909,1.2913126124515908,22
2025-26,2025-12-05,0022500342,POR,DET,0,0,1476.6932011041715,1467.657223270722,-9.035977833449593,1621.4455978684125,0.2621665809024194,6.0,-6.0,0.1488850336233179,1.1488850336233178,23
2025-26,2025-12-07,0022500360,POR,MEM,0,0,1467.657223270722,1447.344103817698,-20.313119453023937,1470.5029635670085,0.4457499995440039,23.0,-23.0,0.5190218338982221,1.519021833898222,24
2025-26,2025-12-11,0022501207,POR,NOP,0,0,1447.344103817698,1416.744819388396,-30.5992844293021,1288.1642198542136,0.6714690499384515,23.0,-23.0,0.5190218338982221,1.519021833898222,25
2025-26,2025-12-14,0022501221,POR,GSW,1,1,1416.744819388396,1436.095453782601,19.350634394205116,1503.3198836596875,0.4263179397776579,5.0,5.0,0.1243530017715962,1.124353001771596,26
2025-26,2025-12-18,0022500380,POR,SAC,1,1,1436.095453782601,1446.442069726715,10.346615944114069,1353.1352335473034,0.6635229754306066,1.0,1.0,0.0249947929684206,1.0249947929684209,27
2025-26,2025-12-20,0022500394,POR,SAC,0,1,1446.442069726715,1460.0174815389244,13.575411812209364,1342.788617603189,0.5975341139654198,5.0,5.0,0.1243530017715962,1.124353001771596,28
2025-26,2025-12-22,0022500408,POR,DET,1,0,1460.0174815389244,1449.729507102296,-10.28797443662854,1653.607238586129,0.2864034989100477,8.0,-8.0,0.197375320224904,1.197375320224904,29
2025-26,2025-12-23,0022500420,POR,ORL,1,0,1449.729507102296,1436.2886299912884,-13.440877111007444,1549.809727629627,0.4074222758355195,4.0,-4.0,0.0996679946249558,1.099667994624956,30
2025-26,2025-12-26,0022500431,POR,LAC,1,0,1436.2886299912884,1412.0494052135627,-24.239224777725592,1411.2804004170468,0.585510175635092,16.0,-16.0,0.3799489622552249,1.379948962255225,31
2025-26,2025-12-28,0022500444,POR,BOS,1,1,1412.0494052135627,1437.0410149479237,24.991609734360747,1615.5364866028235,0.2749025068376369,6.0,6.0,0.1488850336233179,1.1488850336233178,32
2025-26,2025-12-29,0022500457,POR,DAL,1,1,1437.0410149479237,1451.42827133163,14.387256383706498,1434.493882843561,0.5538252881327498,3.0,3.0,0.074859690687499,1.0748596906874992,33
2025-26,2025-12-31,0022500470,POR,OKC,0,0,1451.42827133163,1443.4414632803628,-7.9868080512670945,1698.9454200900136,0.1643379319467113,29.0,-29.0,0.619996867969374,1.619996867969374,34
2025-26,2026-01-02,0022500482,POR,NOP,0,1,1443.4414632803628,1459.6512718172255,16.209808536862976,1346.076429710915,0.5887988229060508,13.0,13.0,0.3140209253469976,1.3140209253469977,35
2025-26,2026-01-03,0022500490,POR,SAS,0,1,1459.6512718172255,1486.6750887262524,27.02381690902661,1666.7445010942618,0.1988335553440865,5.0,5.0,0.1243530017715962,1.124353001771596,36
2025-26,2026-01-05,0022500509,POR,UTA,1,1,1486.6750887262524,1502.8432354937097,16.168146767457117,1428.176330113139,0.6313987405825483,20.0,20.0,0.4621171572600097,1.4621171572600098,37
2025-26,2026-01-07,0022500527,POR,HOU,1,1,1502.8432354937097,1521.028042304163,18.18480681045335,1602.0612037183284,0.4086211645430407,1.0,1.0,0.0249947929684206,1.0249947929684209,38
2025-26,2026-01-09,0022500540,POR,HOU,1,1,1521.028042304163,1539.6396833243,18.6116410201371,1583.876396907875,0.4600086032559675,6.0,6.0,0.1488850336233179,1.1488850336233178,39
2025-26,2026-01-11,0022500551,POR,NYK,1,0,1539.6396833243,1520.3106514926365,-19.32903183166348,1555.4676676931135,0.5275627778520914,9.0,-9.0,0.2212784678984439,1.221278467898444,40
2025-26,2026-01-13,0022500570,POR,GSW,0,0,1520.3106514926365,1499.9752740791632,-20.3353774134733,1518.9494301360974,0.45174060884176,22.0,-22.0,0.5005202111902353,1.5005202111902354,41
2025-26,2026-01-15,0022500585,POR,ATL,1,1,1499.9752740791632,1517.679989999039,17.704715919875763,1484.357316838378,0.5723340402642797,16.0,16.0,0.3799489622552249,1.379948962255225,42
2025-26,2026-01-17,0022500601,POR,LAL,1,1,1517.679989999039,1534.562869472108,16.88287947306884,1487.881662478539,0.592185896366354,16.0,16.0,0.3799489622552249,1.379948962255225,43
2025-26,2026-01-18,0022500606,POR,SAC,0,1,1534.562869472108,1546.8891123322203,12.326242860112687,1392.182524932724,0.6497933434230928,7.0,7.0,0.1732351578346601,1.17323515783466,44
2025-26,2026-01-22,0022500634,POR,MIA,1,1,1546.8891123322203,1563.4226389958867,16.53352666366617,1506.6158211633403,0.6066632860418416,17.0,17.0,0.4011342849479459,1.401134284947946,45
2025-26,2026-01-23,0022500642,POR,TOR,1,0,1563.4226389958867,1541.0222244013196,-22.400414594567163,1543.610020407522,0.5782337129566013,12.0,-12.0,0.2913126124515909,1.2913126124515908,46
2025-26,2026-01-26,0022500660,POR,BOS,0,0,1541.0222244013196,1527.7439273567925,-13.278297044527028,1598.7385718480523,0.369650095511488,8.0,-8.0,0.197375320224904,1.197375320224904,47
2025-26,2026-01-27,0022500664,POR,WAS,0,0,1527.7439273567925,1503.1683845150994,-24.575542841693142,1306.5539434225373,0.7449382589962129,4.0,-4.0,0.0996679946249558,1.099667994624956,48
2025-26,2026-01-30,0022500690,POR,NYK,0,0,1503.1683845150994,1484.9054521969574,-18.26293231814204,1558.9127235785834,0.3722990555178168,30.0,-30.0,0.6351489523872873,1.6351489523872873,49
2025-26,2026-02-01,0022500710,POR,CLE,1,0,1484.9054521969574,1467.586642910367,-17.318809286590785,1590.140474790329,0.4002783885850038,19.0,-19.0,0.4422303560457261,1.442230356045726,50
2025-26,2026-02-03,0022500725,POR,PHX,1,0,1467.586642910367,1455.0858460521706,-12.500796858195944,1594.5898692278915,0.370607120672925,5.0,-5.0,0.1243530017715962,1.124353001771596,51
2025-26,2026-02-06,0022500745,POR,MEM,1,1,1455.0858460521706,1471.95679605172,16.87094999954936,1408.4440008448469,0.6153762390430846,20.0,20.0,0.4621171572600097,1.4621171572600098,52
2025-26,2026-02-07,0022500755,POR,MEM,1,1,1471.95679605172,1483.9166240277234,11.95982797600351,1391.5730508452975,0.6602037282370358,7.0,7.0,0.1732351578346601,1.17323515783466,53
2025-26,2026-02-09,0022500770,POR,PHI,1,1,1483.9166240277234,1508.5149847486307,24.598360720907262,1578.703655771297,0.4147988767585987,17.0,17.0,0.4011342849479459,1.401134284947946,54
2025-26,2026-02-11,0022500783,POR,MIN,0,0,1508.5149847486307,1490.4947661727556,-18.02021857587519,1550.6395028888987,0.3907967351386925,24.0,-24.0,0.5370495669980352,1.5370495669980353,55
2025-26,2026-02-12,0022500790,POR,UTA,0,1,1490.4947661727556,1505.5720433381923,15.07727716543682,1358.7017142917955,0.6358010917351536,16.0,16.0,0.3799489622552249,1.379948962255225,56
2025-26,2026-02-20,0022500810,POR,DEN,1,0,1505.5720433381923,1476.77741338312,-28.79462995507223,1532.1185668986284,0.5121631304225703,54.0,-54.0,0.874053287886007,1.874053287886007,57
2025-26,2026-02-22,0022500826,POR,PHX,0,1,1476.77741338312,1503.3965387524322,26.61912536931216,1551.7784336434572,0.346781502383416,15.0,15.0,0.3583573983507859,1.358357398350786,58
2025-26,2026-02-24,0022500841,POR,MIN,1,0,1503.3965387524322,1487.550964661907,-15.845574090525227,1544.3731812420458,0.4913997683545753,3.0,-3.0,0.074859690687499,1.0748596906874992,59
2025-26,2026-02-26,0022500853,POR,CHI,0,1,1487.550964661907,1500.0655629089897,12.514598247082608,1338.5397601669254,0.658429026739017,9.0,9.0,0.2212784678984439,1.221278467898444,60
2025-26,2026-02-28,0022500863,POR,CHA,0,0,1500.0655629089897,1487.5176725992903,-12.54789030969948,1609.699088185274,0.3031003477402211,16.0,-16.0,0.3799489622552249,1.379948962255225,61
2025-26,2026-03-01,0022500873,POR,ATL,0,0,1487.5176725992903,1465.3749822745006,-22.14269032478975,1496.907496629718,0.436463250422179,34.0,-34.0,0.6910694698329306,1.6910694698329305,62
2025-26,2026-03-04,0022500896,POR,MEM,0,1,1465.3749822745006,1480.1390109489687,14.76402867446817,1367.873403704669,0.5889891157465138,8.0,8.0,0.197375320224904,1.197375320224904,63
2025-26,2026-03-06,0022500910,POR,HOU,0,0,1480.1390109489687,1468.8371240946697,-11.301886854298951,1575.2026633223943,0.3211031985311987,7.0,-7.0,0.1732351578346601,1.17323515783466,64
2025-26,2026-03-08,0022500929,POR,IND,1,1,1468.8371240946697,1477.9033386043302,9.066214509660574,1270.1893002630784,0.7933085260497512,20.0,20.0,0.4621171572600097,1.4621171572600098,65
2025-26,2026-03-10,0022500944,POR,CHA,1,0,1477.9033386043302,1466.437469080407,-11.465869523923178,1609.8379112166435,0.3640102883247837,2.0,-2.0,0.0499583749578799,1.04995837495788,66
2025-26,2026-03-13,0022500967,POR,UTA,1,1,1466.437469080407,1475.5057218557724,9.06825277536535,1303.8594104252093,0.7571928981058564,10.0,10.0,0.2449186624037091,1.2449186624037092,67
2025-26,2026-03-15,0022500980,POR,PHI,0,0,1475.5057218557724,1460.9439861215192,-14.56173573425337,1494.8037243608956,0.4224889148490057,6.0,-6.0,0.1488850336233179,1.1488850336233178,68
2025-26,2026-03-16,0022500985,POR,BKN,0,1,1460.9439861215192,1474.5401111255594,13.59612500404024,1290.3784270657536,0.6857615949480318,19.0,19.0,0.4422303560457261,1.442230356045726,69
2025-26,2026-03-18,0022501001,POR,IND,0,1,1474.5401111255594,1482.552616075783,8.012504950223404,1222.751252322208,0.7769425393780343,8.0,8.0,0.197375320224904,1.197375320224904,70
2025-26,2026-03-20,0022501020,POR,MIN,0,1,1482.552616075783,1504.8155171243206,22.26290104853785,1574.3917586163857,0.3251629535048695,4.0,4.0,0.0996679946249558,1.099667994624956,71
2025-26,2026-03-22,0022501032,POR,DEN,0,0,1504.8155171243206,1490.2557329279282,-14.559784196392544,1576.0580330677044,0.3516986157854649,16.0,-16.0,0.3799489622552249,1.379948962255225,72
2025-26,2026-03-23,0022501045,POR,BKN,1,1,1490.2557329279282,1499.2302430550412,8.974510127113064,1256.5712642593423,0.8244325642927091,35.0,35.0,0.703905603936621,1.703905603936621,73
2025-26,2026-03-25,0022501061,POR,MIL,1,1,1499.2302430550412,1512.8149447099847,13.58470165494354,1365.3635315661666,0.7255328823958982,31.0,31.0,0.6498274636719203,1.6498274636719203,74
2025-26,2026-03-27,0022501074,POR,DAL,1,0,1512.8149447099847,1484.4994472220894,-28.315497487895275,1302.079957006744,0.8044848553679205,7.0,-7.0,0.1732351578346601,1.17323515783466,75
2025-26,2026-03-29,0022501087,POR,WAS,1,1,1484.4994472220894,1493.3939381324794,8.89449091038991,1248.929578635591,0.8259979721521249,35.0,35.0,0.703905603936621,1.703905603936621,76
2025-26,2026-03-31,0022501104,POR,LAC,0,1,1493.3939381324794,1518.604635849788,25.21069771730855,1585.385316410613,0.3249706860732753,10.0,10.0,0.2449186624037091,1.2449186624037092,77
2025-26,2026-04-02,0022501118,POR,NOP,1,1,1518.604635849788,1531.2984145207597,12.69377867097185,1428.747259896444,0.6723287981399438,12.0,12.0,0.2913126124515909,1.2913126124515908,78
2025-26,2026-04-06,0022501147,POR,DEN,0,0,1531.2984145207597,1521.4234907375917,-9.87492378316792,1649.5215338152263,0.2927587026378255,5.0,-5.0,0.1243530017715962,1.124353001771596,79
2025-26,2026-04-08,0022501161,POR,SAS,0,0,1521.4234907375917,1516.0063706728813,-5.417120064710351,1798.3683414541024,0.1423754409808886,11.0,-11.0,0.2682711820216014,1.2682711820216013,80
2025-26,2026-04-10,0022501183,POR,LAC,1,1,1516.0063706728813,1538.1516902164497,22.145319543568295,1559.2284985853796,0.4881696151904188,19.0,19.0,0.4422303560457261,1.442230356045726,81
2025-26,2026-04-12,0022501200,POR,SAC,1,1,1538.1516902164497,1545.829710968896,7.67802075244647,1330.3632293292117,0.8018032019406582,12.0,12.0,0.2913126124515909,1.2913126124515908,82
2025-26,2025-10-22,0022500088,SAC,PHX,0,0,1500.0,1485.1610587443392,-14.838941255660735,1500.0,0.449800646746463,4.0,-4.0,0.0996679946249558,1.099667994624956,1
2025-26,2025-10-24,0022500098,SAC,UTA,1,1,1485.1610587443392,1500.5285020849117,15.367443340572466,1519.9920617247408,0.5002432062421243,1.0,1.0,0.0249947929684206,1.0249947929684209,2
2025-26,2025-10-26,0022500113,SAC,LAL,1,0,1500.5285020849117,1481.18710108946,-19.341400995451725,1501.0069916702748,0.5495175985903371,7.0,-7.0,0.1732351578346601,1.17323515783466,3
2025-26,2025-10-28,0022500126,SAC,OKC,0,0,1481.18710108946,1469.774303270523,-11.412797818936928,1568.326907358726,0.3311267732026995,6.0,-6.0,0.1488850336233179,1.1488850336233178,4
2025-26,2025-10-29,0022500132,SAC,CHI,0,0,1469.774303270523,1456.238809881805,-13.535493388717986,1547.4048363541772,0.3433606758112477,13.0,-13.0,0.3140209253469976,1.3140209253469977,5
2025-26,2025-11-01,0022500142,SAC,MIL,0,1,1456.238809881805,1477.7331765082506,21.49436662644552,1554.0925188069082,0.3176121028827203,2.0,2.0,0.0499583749578799,1.04995837495788,6
2025-26,2025-11-03,0022500162,SAC,DEN,0,0,1477.7331765082506,1464.7360857339972,-12.997090774253364,1529.9231660249552,0.3770928739279086,6.0,-6.0,0.1488850336233179,1.1488850336233178,7
2025-26,2025-11-05,0022500181,SAC,GSW,1,1,1464.7360857339972,1482.8762169105598,18.14013117656252,1526.0486958163822,0.462205340968543,5.0,5.0,0.1243530017715962,1.124353001771596,8
2025-26,2025-11-07,0022500038,SAC,OKC,1,0,1482.8762169105598,1464.0206665835526,-18.855550327007197,1602.211917743103,0.3809600446550443,31.0,-31.0,0.6498274636719203,1.6498274636719203,9
2025-26,2025-11-09,0022500197,SAC,MIN,1,0,1464.0206665835526,1441.1858015779,-22.834865005652485,1513.4523861087323,0.479243022692193,27.0,-27.0,0.5882592563981054,1.5882592563981053,10
2025-26,2025-11-11,0022500212,SAC,DEN,1,0,1441.1858015779,1427.3034629749234,-13.88233860297666,1586.5804496572823,0.3462683989245173,14.0,-14.0,0.3363755443363322,1.3363755443363323,11
2025-26,2025-11-12,0022500223,SAC,ATL,1,0,1427.3034629749234,1406.5048100325375,-20.79865294238582,1523.2230527605177,0.4132172056567633,33.0,-33.0,0.6777821008468294,1.6777821008468294,12
2025-26,2025-11-14,0022500044,SAC,MIN,0,0,1406.5048100325375,1395.972102227435,-10.532707805102604,1550.7620959557112,0.2627182618374272,14.0,-14.0,0.3363755443363322,1.3363755443363323,13
2025-26,2025-11-16,0022500234,SAC,SAS,0,0,1395.972102227435,1386.0369467988112,-9.935155428623805,1549.9454716100602,0.2520293560266857,13.0,-13.0,0.3140209253469976,1.3140209253469977,14
2025-26,2025-11-19,0022500261,SAC,OKC,0,0,1386.0369467988112,1380.813858875135,-5.223087923676029,1680.837715905128,0.1302799437830655,14.0,-14.0,0.3363755443363322,1.3363755443363323,15
2025-26,2025-11-20,0022500265,SAC,MEM,0,0,1380.813858875135,1357.5766647368812,-23.237194138253837,1389.723063255856,0.4371438680882172,41.0,-41.0,0.7718952374404182,1.7718952374404182,16
2025-26,2025-11-22,0022500274,SAC,DEN,0,1,1357.5766647368812,1386.4775612152705,28.900896478389015,1633.373359551117,0.1431843785462668,5.0,5.0,0.1243530017715962,1.124353001771596,17
2025-26,2025-11-24,0022500292,SAC,MIN,1,1,1386.4775612152705,1409.2181148861373,22.74055367086705,1547.798322905625,0.3258180887130729,5.0,5.0,0.1243530017715962,1.124353001771596,18
2025-26,2025-11-26,0022500068,SAC,PHX,1,0,1409.2181148861373,1396.221361431777,-12.996753454360306,1562.9452942234302,0.3354920496926413,12.0,-12.0,0.2913126124515909,1.2913126124515908,19
2025-26,2025-11-28,0022500077,SAC,UTA,0,0,1396.221361431777,1379.8956904762597,-16.32567095551739,1399.179862901734,0.4455896391811536,9.0,-9.0,0.2212784678984439,1.221278467898444,20
2025-26,2025-11-30,0022500307,SAC,MEM,1,0,1379.8956904762597,1363.8298076070914,-16.065882869168366,1451.6851046645843,0.4472527702272082,8.0,-8.0,0.197375320224904,1.197375320224904,21
2025-26,2025-12-03,0022500330,SAC,HOU,0,0,1363.8298076070914,1356.6233063600348,-7.206501247056718,1626.3188929068103,0.1528416992236488,26.0,-26.0,0.5716699660851172,1.5716699660851172,22
2025-26,2025-12-06,0022500354,SAC,MIA,0,1,1356.6233063600348,1389.8936241005676,33.270317740532775,1566.4493778177407,0.196339414221047,16.0,16.0,0.3799489622552249,1.379948962255225,23
2025-26,2025-12-08,0022500364,SAC,IND,0,0,1389.8936241005676,1371.923931623973,-17.96969247659472,1374.169378821022,0.4722883857260284,11.0,-11.0,0.2682711820216014,1.2682711820216013,24
2025-26,2025-12-11,0022501208,SAC,DEN,1,0,1371.923931623973,1360.7601538903791,-11.163777733593909,1621.2197281948977,0.2255544489633554,31.0,-31.0,0.6498274636719203,1.6498274636719203,25
2025-26,2025-12-14,0022501220,SAC,MIN,0,0,1360.7601538903791,1353.1352335473034,-7.624920343075753,1577.4393944993583,0.1901890621337887,14.0,-14.0,0.3363755443363322,1.3363755443363323,26
2025-26,2025-12-18,0022500380,SAC,POR,0,0,1353.1352335473034,1342.788617603189,-10.346615944114069,1436.095453782601,0.3364770245693934,1.0,-1.0,0.0249947929684206,1.0249947929684209,27
2025-26,2025-12-20,0022500394,SAC,POR,1,0,1342.788617603189,1329.21320579098,-13.575411812209364,1446.442069726715,0.4024658860345803,5.0,-5.0,0.1243530017715962,1.124353001771596,28
2025-26,2025-12-21,0022500401,SAC,HOU,1,1,1329.21320579098,1353.97072284082,24.757517049840192,1610.6578461969243,0.1948734042462283,1.0,1.0,0.0249947929684206,1.0249947929684209,29
2025-26,2025-12-23,0022500421,SAC,DET,1,0,1353.97072284082,1347.7264986312928,-6.24422420952738,1663.8952130227574,0.1704286225093375,9.0,-9.0,0.2212784678984439,1.221278467898444,30
2025-26,2025-12-27,0022500432,SAC,DAL,1,1,1347.7264986312928,1368.5068364966423,20.78033786534967,1455.274220708911,0.3970868202012842,6.0,6.0,0.1488850336233179,1.1488850336233178,31
2025-26,2025-12-28,0022500446,SAC,LAL,0,0,1368.5068364966423,1357.537268938121,-10.969567558521248,1535.7612252093177,0.2378922969054618,24.0,-24.0,0.5370495669980352,1.5370495669980353,32
2025-26,2025-12-30,0022500461,SAC,LAC,0,0,1357.537268938121,1341.245473909337,-16.29179502878406,1464.3956818475565,0.3064852948514474,41.0,-41.0,0.7718952374404182,1.7718952374404182,33
2025-26,2026-01-01,0022500474,SAC,BOS,1,0,1341.245473909337,1332.7653196685249,-8.480154240812146,1604.819883213726,0.2115212368447309,14.0,-14.0,0.3363755443363322,1.3363755443363323,34
2025-26,2026-01-02,0022500483,SAC,PHX,0,0,1332.7653196685249,1324.5636980089705,-8.201621659554284,1570.6073024068137,0.1721302032716021,27.0,-27.0,0.5882592563981054,1.5882592563981053,35
2025-26,2026-01-04,0022500500,SAC,MIL,1,0,1324.5636980089705,1308.0583101268874,-16.505387882083223,1435.3244802166057,0.3926672853415193,17.0,-17.0,0.4011342849479459,1.401134284947946,36
2025-26,2026-01-06,0022500515,SAC,DAL,1,0,1308.0583101268874,1296.0939462265476,-11.964363900339666,1428.2223826615316,0.3798361340060942,2.0,-2.0,0.0499583749578799,1.04995837495788,37
2025-26,2026-01-09,0022500539,SAC,GSW,0,0,1296.0939462265476,1287.422477288728,-8.671468937819622,1535.407125196651,0.1709267240349056,34.0,-34.0,0.6910694698329306,1.6910694698329305,38
2025-26,2026-01-11,0022500557,SAC,HOU,1,1,1287.422477288728,1319.0320034148947,31.609526126166756,1565.264755887738,0.1981475709041815,13.0,13.0,0.3140209253469976,1.3140209253469977,39
2025-26,2026-01-12,0022500562,SAC,LAL,1,1,1319.0320034148947,1347.0870749573512,28.055071542456613,1521.7380149987482,0.2757996457265468,12.0,12.0,0.2913126124515909,1.2913126124515908,40
2025-26,2026-01-14,0022500576,SAC,NYK,1,1,1347.0870749573512,1375.6994019262308,28.612326968879746,1574.796699524777,0.2479966068646767,11.0,11.0,0.2682711820216014,1.2682711820216013,41
2025-26,2026-01-16,0022500592,SAC,WAS,1,1,1375.6994019262308,1392.182524932724,16.483123006493003,1353.2967331212792,0.5818655373355831,13.0,13.0,0.3140209253469976,1.3140209253469977,42
2025-26,2026-01-18,0022500606,SAC,POR,1,0,1392.182524932724,1379.8562820726113,-12.326242860112687,1534.562869472108,0.3502066565769072,7.0,-7.0,0.1732351578346601,1.17323515783466,43
2025-26,2026-01-20,0022500619,SAC,MIA,1,0,1379.8562820726113,1364.4068063093316,-15.449475763279777,1491.166345400061,0.3919134889778609,13.0,-13.0,0.3140209253469976,1.3140209253469977,44
2025-26,2026-01-21,0022500626,SAC,TOR,1,0,1364.4068063093316,1351.82568617242,-12.581120136911778,1531.0289002706104,0.3191506795218258,13.0,-13.0,0.3140209253469976,1.3140209253469977,45
2025-26,2026-01-23,0022500638,SAC,CLE,0,0,1351.82568617242,1344.9574975744151,-6.868188598004741,1553.7467353992165,0.2036189876068821,5.0,-5.0,0.1243530017715962,1.124353001771596,46
2025-26,2026-01-25,0022500650,SAC,DET,0,0,1344.9574975744151,1339.0555758769494,-5.90192169746573,1640.939453474395,0.1295114519479903,23.0,-23.0,0.5190218338982221,1.519021833898222,47
2025-26,2026-01-27,0022500665,SAC,NYK,0,0,1339.0555758769494,1329.7640327733668,-9.291543103582535,1519.459927059862,0.2244417090227631,16.0,-16.0,0.3799489622552249,1.379948962255225,48
2025-26,2026-01-29,0022500680,SAC,PHI,0,0,1329.7640327733668,1322.6693700254175,-7.094662747949053,1509.376367024985,0.2252363178439863,2.0,-2.0,0.0499583749578799,1.04995837495788,49
2025-26,2026-01-30,0022500689,SAC,BOS,0,0,1322.6693700254175,1316.0444021907338,-6.624967834683998,1584.7872575992335,0.1531185779237139,19.0,-19.0,0.4422303560457261,1.442230356045726,50
2025-26,2026-02-01,0022500707,SAC,WAS,0,0,1316.0444021907338,1302.1580255029578,-13.88637668777599,1336.4554861098832,0.4209263388480558,4.0,-4.0,0.0996679946249558,1.099667994624956,51
2025-26,2026-02-04,0022500731,SAC,MEM,1,0,1302.1580255029578,1288.368065700168,-13.789959802789836,1394.654041042057,0.4180037329507176,4.0,-4.0,0.0996679946249558,1.099667994624956,52
2025-26,2026-02-06,0022500746,SAC,LAC,1,0,1288.368065700168,1281.1036696445965,-7.264396055571735,1537.934932354994,0.2252819947418842,3.0,-3.0,0.074859690687499,1.0748596906874992,53
2025-26,2026-02-07,0022500756,SAC,CLE,1,0,1281.1036696445965,1276.2889405009332,-4.814729143663086,1631.8954783789438,0.1396928036822664,6.0,-6.0,0.1488850336233179,1.1488850336233178,54
2025-26,2026-02-09,0022500766,SAC,NOP,0,0,1276.2889405009332,1261.2277234466965,-15.06121705423666,1372.6867476469415,0.3194312923883704,26.0,-26.0,0.5716699660851172,1.5716699660851172,55
2025-26,2026-02-11,0022500786,SAC,UTA,0,0,1261.2277234466965,1244.9216850184398,-16.30603842825672,1342.395675863539,0.3387842999763332,28.0,-28.0,0.6043677771171634,1.6043677771171634,56
2025-26,2026-02-19,0022500800,SAC,ORL,1,0,1244.9216850184398,1232.272598795931,-12.649086222509096,1476.4059802322356,0.2439665449432196,37.0,-37.0,0.7282542059818115,1.7282542059818111,57
2025-26,2026-02-21,0022500815,SAC,SAS,0,0,1232.272598795931,1230.0792486475968,-2.1933501483338462,1700.960101412913,0.0521803458787281,17.0,-17.0,0.4011342849479459,1.401134284947946,58
2025-26,2026-02-23,0022500829,SAC,MEM,0,1,1230.0792486475968,1256.8286522479236,26.749403600326826,1367.9448099684328,0.2699070604168663,9.0,9.0,0.2212784678984439,1.221278467898444,59
2025-26,2026-02-25,0022500845,SAC,HOU,0,0,1256.8286522479236,1251.6318796843398,-5.19677256358394,1594.0890169820216,0.1049962835107173,31.0,-31.0,0.6498274636719203,1.6498274636719203,60
2025-26,2026-02-26,0022500854,SAC,DAL,0,1,1251.6318796843398,1279.143156276881,27.511276592541147,1408.3034827346005,0.2491126494166913,9.0,9.0,0.2212784678984439,1.221278467898444,61
2025-26,2026-03-01,0022500878,SAC,LAL,0,0,1279.143156276881,1271.7736246191737,-7.369531657707591,1532.4398152665108,0.1598198656252142,24.0,-24.0,0.5370495669980352,1.5370495669980353,62
2025-26,2026-03-03,0022500892,SAC,PHX,1,0,1271.7736246191737,1263.3489722961172,-8.4246523230563,1525.2072784754012,0.221420898056086,11.0,-11.0,0.2682711820216014,1.2682711820216013,63
2025-26,2026-03-05,0022500907,SAC,NOP,1,0,1263.3489722961172,1250.395198730271,-12.9537735658461,1408.302137800425,0.3468439065417801,10.0,-10.0,0.2449186624037091,1.2449186624037092,64
2025-26,2026-03-08,0022500930,SAC,CHI,1,1,1250.395198730271,1276.343574507379,25.948375777107614,1375.466829984936,0.3732044569073369,16.0,16.0,0.3799489622552249,1.379948962255225,65
2025-26,2026-03-10,0022500945,SAC,IND,1,1,1276.343574507379,1290.7878929953547,14.444318487976036,1261.123085753418,0.5717739160442575,5.0,5.0,0.1243530017715962,1.124353001771596,66
2025-26,2026-03-11,0022500951,SAC,CHA,1,0,1290.7878929953547,1285.244587620359,-5.543305374995655,1621.3037807405667,0.1543182348192058,8.0,-8.0,0.197375320224904,1.197375320224904,67
2025-26,2026-03-14,0022500975,SAC,LAC,0,1,1285.244587620359,1317.917495881761,32.67290826140206,1616.6028987199154,0.1082320939295395,9.0,9.0,0.2212784678984439,1.221278467898444,68
2025-26,2026-03-15,0022500982,SAC,UTA,1,1,1317.917495881761,1331.9872429325533,14.069747050792438,1294.791157649844,0.582878715473897,5.0,5.0,0.1243530017715962,1.124353001771596,69
2025-26,2026-03-17,0022500998,SAC,SAS,1,0,1331.9872429325533,1327.649561370864,-4.3376815616892666,1768.6474505677118,0.0901223444224554,28.0,-28.0,0.6043677771171634,1.6043677771171634,70
2025-26,2026-03-19,0022501015,SAC,PHI,1,0,1327.649561370864,1313.334336985289,-14.315224385575036,1491.937269779928,0.3220776964180715,21.0,-21.0,0.4815497983643079,1.481549798364308,71
2025-26,2026-03-22,0022501033,SAC,BKN,1,1,1313.334336985289,1326.1441519594905,12.809814974201304,1269.3810792335437,0.611706592753021,4.0,4.0,0.0996679946249558,1.099667994624956,72
2025-26,2026-03-24,0022501047,SAC,CHA,0,0,1326.1441519594905,1320.2316887556815,-5.912463203808503,1655.3038577974062,0.1094597133415261,44.0,-44.0,0.8004990217606297,1.8004990217606296,73
2025-26,2026-03-26,0022501065,SAC,ORL,0,0,1320.2316887556815,1313.0816441132552,-7.150044642426642,1508.425158832472,0.2167334346176965,4.0,-4.0,0.0996679946249558,1.099667994624956,74
2025-26,2026-03-28,0022501078,SAC,ATL,0,0,1313.0816441132552,1308.1155771066733,-4.96606700658182,1603.7953608195012,0.1329689817376839,10.0,-10.0,0.2449186624037091,1.2449186624037092,75
2025-26,2026-03-29,0022501084,SAC,BKN,0,0,1308.1155771066733,1284.9315904723378,-23.183986634335504,1237.1652580930347,0.5515528117325034,17.0,-17.0,0.4011342849479459,1.401134284947946,76
2025-26,2026-04-01,0022501108,SAC,TOR,0,1,1284.9315904723378,1315.0686299130125,30.137039440674567,1536.6738989623504,0.1610249815679096,8.0,8.0,0.197375320224904,1.197375320224904,77
2025-26,2026-04-03,0022501128,SAC,NOP,1,1,1315.0686299130125,1334.6592488597912,19.59061894677895,1416.0534812254723,0.4061656474943492,4.0,4.0,0.0996679946249558,1.099667994624956,78
2025-26,2026-04-05,0022501141,SAC,LAC,1,0,1334.6592488597912,1321.9602200775491,-12.699028782242134,1550.1930702208842,0.2612973937034016,29.0,-29.0,0.619996867969374,1.619996867969374,79
2025-26,2026-04-07,0022501154,SAC,GSW,0,0,1321.9602200775491,1310.4164541142818,-11.543765963267282,1400.4592707560307,0.3422343322508812,5.0,-5.0,0.1243530017715962,1.124353001771596,80
2025-26,2026-04-10,0022501184,SAC,GSW,1,1,1310.4164541142818,1330.3632293292117,19.94677521492975,1400.581567411934,0.4212715043667966,6.0,6.0,0.1488850336233179,1.1488850336233178,81
2025-26,2026-04-12,0022501200,SAC,POR,0,0,1330.3632293292117,1322.6852085767653,-7.67802075244647,1538.1516902164497,0.1981967980593417,12.0,-12.0,0.2913126124515909,1.2913126124515908,82
2025-26,2025-10-22,0022500004,SAS,DAL,0,1,1500.0,1527.6934388035886,27.69343880358858,1500.0,0.449800646746463,33.0,33.0,0.6777821008468294,1.6777821008468294,1
2025-26,2025-10-24,0022500095,SAS,NOP,0,1,1527.6934388035886,1543.799389154128,16.10595035053935,1484.496923065167,0.5117935464987832,4.0,4.0,0.0996679946249558,1.099667994624956,2
2025-26,2025-10-26,0022500105,SAS,BKN,1,1,1543.799389154128,1556.6261626508683,12.826773496740412,1461.3389454779633,0.6628803661086959,11.0,11.0,0.2682711820216014,1.2682711820216013,3
2025-26,2025-10-27,0022500118,SAS,TOR,1,1,1556.6261626508683,1571.6204792225294,14.994316571661116,1485.2392976831454,0.6484908206959299,18.0,18.0,0.4218990052500079,1.4218990052500078,4
2025-26,2025-10-30,0022500141,SAS,MIA,1,1,1571.6204792225294,1586.2197066945653,14.599227472035968,1553.096683679864,0.5764233134800448,6.0,6.0,0.1488850336233179,1.1488850336233178,5
2025-26,2025-11-02,0022500154,SAS,PHX,0,0,1586.2197066945653,1562.176353983,-24.043352711565188,1465.701656357744,0.6206437408397505,12.0,-12.0,0.2913126124515909,1.2913126124515908,6
2025-26,2025-11-05,0022500179,SAS,LAL,0,0,1562.176353983,1548.2693173592318,-13.907036623768343,1568.0057831323,0.4415107289158403,2.0,-2.0,0.0499583749578799,1.04995837495788,7
2025-26,2025-11-07,0022500032,SAS,HOU,1,1,1548.2693173592318,1566.384601925453,18.115284566220968,1566.659614365866,0.5238850906384881,11.0,11.0,0.2682711820216014,1.2682711820216013,8
2025-26,2025-11-08,0022500188,SAS,NOP,1,1,1566.384601925453,1576.275188949748,9.890587024295192,1438.180817196552,0.7189939016559589,7.0,7.0,0.1732351578346601,1.17323515783466,9
2025-26,2025-11-10,0022500202,SAS,CHI,0,1,1576.275188949748,1592.2268893314124,15.951700381664589,1529.827075852539,0.5164691991996806,4.0,4.0,0.0996679946249558,1.099667994624956,10
2025-26,2025-11-12,0022500220,SAS,GSW,1,0,1592.2268893314124,1569.143855327898,-23.083034003514253,1492.8097067657302,0.6843353160185837,5.0,-5.0,0.1243530017715962,1.124353001771596,11
2025-26,2025-11-14,0022500047,SAS,GSW,1,0,1569.143855327898,1549.9454716100602,-19.198383717837984,1515.8927407692445,0.6243408535516815,1.0,-1.0,0.0249947929684206,1.0249947929684209,12
2025-26,2025-11-16,0022500234,SAS,SAC,1,1,1549.9454716100602,1559.880627038684,9.935155428623805,1395.972102227435,0.7479706439733143,13.0,13.0,0.3140209253469976,1.3140209253469977,13
2025-26,2025-11-18,0022500252,SAS,MEM,1,1,1559.880627038684,1569.0102924053235,9.129665366639523,1398.8527286224955,0.7555485445929504,10.0,10.0,0.2449186624037091,1.2449186624037092,14
2025-26,2025-11-20,0022500267,SAS,ATL,1,1,1569.0102924053235,1584.9607783788172,15.950485973493732,1558.8335650768695,0.5646505856293073,9.0,9.0,0.2212784678984439,1.221278467898444,15
2025-26,2025-11-23,0022500281,SAS,PHX,0,0,1584.9607783788172,1567.6510826276858,-17.309695751131272,1569.1256878740778,0.4724474176343395,9.0,-9.0,0.2212784678984439,1.221278467898444,16
2025-26,2025-11-26,0022500067,SAS,POR,0,1,1567.6510826276858,1584.6902153220394,17.039132694353626,1485.274439173911,0.5677610007148086,13.0,13.0,0.3140209253469976,1.3140209253469977,17
2025-26,2025-11-28,0022500076,SAS,DEN,0,1,1584.6902153220394,1603.8564294124535,19.16621409041398,1616.0672746647078,0.4056212094016063,3.0,3.0,0.074859690687499,1.0748596906874992,18
2025-26,2025-11-30,0022500306,SAS,MIN,0,0,1603.8564294124535,1582.1200476750855,-21.736381737367967,1533.016147636047,0.5513961337571032,13.0,-13.0,0.3140209253469976,1.3140209253469977,19
2025-26,2025-12-02,0022500322,SAS,MEM,1,1,1582.1200476750855,1592.5867124391211,10.466664764035569,1467.7509875337528,0.7026266872945006,7.0,7.0,0.1732351578346601,1.17323515783466,20
2025-26,2025-12-03,0022500326,SAS,ORL,0,1,1592.5867124391211,1610.3552085329804,17.768496093859287,1602.3755377062196,0.435898396303184,2.0,2.0,0.0499583749578799,1.04995837495788,21
2025-26,2025-12-05,0022500341,SAS,CLE,0,0,1610.3552085329804,1586.996743752739,-23.358464780241743,1510.2991015929992,0.5925442111731314,13.0,-13.0,0.3140209253469976,1.3140209253469977,22
2025-26,2025-12-08,0022500366,SAS,NOP,0,1,1586.996743752739,1592.9543672959114,5.957623543172659,1294.1218433973863,0.8152433725446819,3.0,3.0,0.074859690687499,1.0748596906874992,23
2025-26,2025-12-10,0022501204,SAS,LAL,0,1,1592.9543672959114,1615.658990207749,22.70462291183752,1611.1470892582165,0.4240420764014383,13.0,13.0,0.3140209253469976,1.3140209253469977,24
2025-26,2025-12-13,0022501230,SAS,OKC,0,1,1615.658990207749,1639.1262914542594,23.467301246510573,1766.9266655021186,0.2549767747554124,2.0,2.0,0.0499583749578799,1.04995837495788,25
2025-26,2025-12-18,0022500370,SAS,WAS,1,1,1639.1262914542594,1644.3802399098652,5.253948455605697,1315.5874470030285,0.887346168490118,25.0,25.0,0.5545997223493823,1.5545997223493822,26
2025-26,2025-12-19,0022500383,SAS,ATL,0,1,1644.3802399098652,1660.8007146731495,16.420474763284258,1495.0529670727958,0.6588381002268346,28.0,28.0,0.6043677771171634,1.6043677771171634,27
2025-26,2025-12-21,0022500399,SAS,WAS,0,1,1660.8007146731495,1666.9222648447233,6.121550171573672,1338.8842915766118,0.8391103769617043,11.0,11.0,0.2682711820216014,1.2682711820216013,28
2025-26,2025-12-23,0022500417,SAS,OKC,1,1,1666.9222648447233,1690.6361303748745,23.71386553015099,1730.2162102598677,0.4593715145100389,20.0,20.0,0.4621171572600097,1.4621171572600098,29
2025-26,2025-12-25,0022500010,SAS,OKC,0,1,1690.6361303748745,1713.973408571955,23.337278197080416,1706.5023447297165,0.427316202510111,15.0,15.0,0.3583573983507859,1.358357398350786,30
2025-26,2025-12-27,0022500440,SAS,UTA,1,0,1713.973408571955,1680.2024762671638,-33.77093230479089,1438.3662036704627,0.8566817481964857,13.0,-13.0,0.3140209253469976,1.3140209253469977,31
2025-26,2025-12-29,0022500456,SAS,CLE,1,0,1680.2024762671638,1648.501981263173,-31.700495003990767,1453.7775664478236,0.8183015922020243,12.0,-12.0,0.2913126124515909,1.2913126124515908,32
2025-26,2025-12-31,0022500467,SAS,NYK,1,1,1648.501981263173,1662.3972007222744,13.895219459101426,1642.408221849488,0.5588644340413703,2.0,2.0,0.0499583749578799,1.04995837495788,33
2025-26,2026-01-02,0022500476,SAS,IND,0,1,1662.3972007222744,1666.7445010942618,4.347300371987314,1275.2781180551062,0.8835988110903708,10.0,10.0,0.2449186624037091,1.2449186624037092,34
2025-26,2026-01-03,0022500490,SAS,POR,1,0,1666.7445010942618,1639.720684185235,-27.02381690902661,1459.6512718172255,0.8011664446559135,5.0,-5.0,0.1243530017715962,1.124353001771596,35
2025-26,2026-01-06,0022500512,SAS,MEM,0,0,1639.720684185235,1617.6979849309184,-22.02269925431655,1443.9213324123368,0.7161889798658732,1.0,-1.0,0.0249947929684206,1.0249947929684209,36
2025-26,2026-01-07,0022500523,SAS,LAL,1,1,1617.6979849309184,1632.9931237213566,15.295138790438154,1559.840987778616,0.6305385390137523,16.0,16.0,0.3799489622552249,1.379948962255225,37
2025-26,2026-01-10,0022500545,SAS,BOS,0,1,1632.9931237213566,1651.516733009808,18.523609288451652,1632.2661698826464,0.4508364882065575,5.0,5.0,0.1243530017715962,1.124353001771596,38
2025-26,2026-01-11,0022500552,SAS,MIN,0,0,1651.516733009808,1635.2151715555715,-16.301561454236353,1595.5515386462528,0.5301347729135437,1.0,-1.0,0.0249947929684206,1.0249947929684209,39
2025-26,2026-01-13,0022500568,SAS,OKC,0,0,1635.2151715555715,1618.2121287557768,-17.00304279979491,1683.3800024157713,0.3825508220865963,21.0,-21.0,0.4815497983643079,1.481549798364308,40
2025-26,2026-01-15,0022500582,SAS,MIL,1,1,1618.2121287557768,1627.6810172934015,9.46888853762479,1435.3388706868277,0.778022477858524,18.0,18.0,0.4218990052500079,1.4218990052500078,41
2025-26,2026-01-17,0022500598,SAS,MIN,1,1,1627.6810172934015,1641.3067855053446,13.62576821194298,1608.433335389285,0.577440406718645,3.0,3.0,0.074859690687499,1.0748596906874992,42
2025-26,2026-01-19,0022500611,SAS,UTA,1,1,1641.3067855053446,1647.0521524893516,5.745366984006948,1369.1095082449344,0.8542548074341675,13.0,13.0,0.3140209253469976,1.3140209253469977,43
2025-26,2026-01-20,0022500615,SAS,HOU,0,0,1647.0521524893516,1627.50799011692,-19.5441623724317,1556.3945470385793,0.57941952220927,5.0,-5.0,0.1243530017715962,1.124353001771596,44
2025-26,2026-01-22,0022500632,SAS,UTA,0,1,1627.50799011692,1637.446735529967,9.938745413047195,1388.8641320251493,0.7635547732096586,17.0,17.0,0.4011342849479459,1.401134284947946,45
2025-26,2026-01-25,0022500654,SAS,NOP,1,0,1637.446735529967,1605.2648173023172,-32.18191822764995,1328.9970268583918,0.8783669210464907,9.0,-9.0,0.2212784678984439,1.221278467898444,46
2025-26,2026-01-28,0022500679,SAS,HOU,0,1,1605.2648173023172,1625.7925691474868,20.527751845169625,1591.061878691717,0.4701063179891777,12.0,12.0,0.2913126124515909,1.2913126124515908,47
2025-26,2026-01-31,0022500697,SAS,CHA,0,0,1625.7925691474868,1607.5211991902463,-18.271369957240378,1561.7591567877546,0.5416854531287754,5.0,-5.0,0.1243530017715962,1.124353001771596,48
2025-26,2026-02-01,0022500703,SAS,ORL,1,1,1607.5211991902463,1618.155163263141,10.633964072894443,1487.1806066193178,0.7097586845148921,9.0,9.0,0.2212784678984439,1.221278467898444,49
2025-26,2026-02-04,0022500730,SAS,OKC,1,1,1618.155163263141,1638.0036076996716,19.84844443653069,1675.039315195538,0.4685477577518466,10.0,10.0,0.2449186624037091,1.2449186624037092,50
2025-26,2026-02-05,0022500738,SAS,DAL,0,1,1638.0036076996716,1648.1383193575662,10.134711657894494,1422.7534097491564,0.7383873442632538,12.0,12.0,0.2913126124515909,1.2913126124515908,51
2025-26,2026-02-07,0022500749,SAS,DAL,1,1,1648.1383193575662,1654.9992274794593,6.860908121893095,1412.618698091262,0.8259563961387877,13.0,13.0,0.3140209253469976,1.3140209253469977,52
2025-26,2026-02-10,0022500774,SAS,LAL,0,1,1654.9992274794593,1674.2066129779228,19.2073854984636,1548.8853027317252,0.600935525872654,28.0,28.0,0.6043677771171634,1.6043677771171634,53
2025-26,2026-02-11,0022500788,SAS,GSW,0,1,1674.2066129779228,1687.96759506935,13.76098209142718,1530.9661228583664,0.6509192553943215,13.0,13.0,0.3140209253469976,1.3140209253469977,54
2025-26,2026-02-19,0022500798,SAS,PHX,1,1,1687.96759506935,1700.960101412913,12.992506343563026,1552.5370486077804,0.7273218820914716,27.0,27.0,0.5882592563981054,1.5882592563981053,55
2025-26,2026-02-21,0022500815,SAS,SAC,1,1,1700.960101412913,1703.1534515612468,2.1933501483338462,1232.272598795931,0.947819654121272,17.0,17.0,0.4011342849479459,1.401134284947946,56
2025-26,2026-02-23,0022500828,SAS,DET,0,1,1703.1534515612468,1724.7254850776749,21.57203351642805,1714.9680979345062,0.4330330972791214,11.0,11.0,0.2682711820216014,1.2682711820216013,57
2025-26,2026-02-25,0022500843,SAS,TOR,0,1,1724.7254850776749,1734.787528906949,10.062043829274158,1552.386006391749,0.6879579131288507,3.0,3.0,0.074859690687499,1.0748596906874992,58
2025-26,2026-02-26,0022500851,SAS,BKN,0,1,1734.787528906949,1738.3532646327085,3.565735725759117,1289.5001030112608,0.9138679322378296,16.0,16.0,0.3799489622552249,1.379948962255225,59
2025-26,2026-03-01,0022500868,SAS,NYK,0,0,1738.3532646327085,1710.0845274983806,-28.268737134327615,1628.4673144829785,0.6061310987415378,25.0,-25.0,0.5545997223493823,1.5545997223493822,60
2025-26,2026-03-03,0022500888,SAS,PHI,0,1,1710.0845274983806,1725.7792845365448,15.694757038164123,1525.388495008574,0.7030198095457685,40.0,40.0,0.7615941559557649,1.7615941559557649,61
2025-26,2026-03-05,0022500904,SAS,DET,1,1,1725.7792845365448,1743.3107907306392,17.531506194094497,1711.967957496348,0.5697866110107223,15.0,15.0,0.3583573983507859,1.358357398350786,62
2025-26,2026-03-06,0022500913,SAS,LAC,1,1,1743.3107907306392,1750.9386252923691,7.627834561729893,1569.5964914670606,0.7687837117198456,4.0,4.0,0.0996679946249558,1.099667994624956,63
2025-26,2026-03-08,0022500927,SAS,HOU,1,1,1750.9386252923691,1762.171302293486,11.23267700111688,1586.5045501766936,0.7591517859413666,25.0,25.0,0.5545997223493823,1.5545997223493822,64
2025-26,2026-03-10,0022500942,SAS,BOS,1,1,1762.171302293486,1774.2516240105329,12.080321717046983,1673.9252757987515,0.670282084591933,9.0,9.0,0.2212784678984439,1.221278467898444,65
2025-26,2026-03-12,0022500958,SAS,DEN,1,0,1774.2516240105329,1746.990809493186,-27.260814517346773,1559.3917782323783,0.8081926368436794,5.0,-5.0,0.1243530017715962,1.124353001771596,66
2025-26,2026-03-14,0022500973,SAS,CHA,1,1,1746.990809493186,1758.441509486304,11.450699993117938,1626.8470861155624,0.7095251739086241,13.0,13.0,0.3140209253469976,1.3140209253469977,67
2025-26,2026-03-16,0022500990,SAS,LAC,0,1,1758.441509486304,1768.6474505677118,10.205941081407731,1583.9299904585134,0.6906356848523634,4.0,4.0,0.0996679946249558,1.099667994624956,68
2025-26,2026-03-17,0022500998,SAS,SAC,0,1,1768.6474505677118,1772.985132129401,4.3376815616892666,1331.9872429325533,0.9098776555775444,28.0,28.0,0.6043677771171634,1.6043677771171634,69
2025-26,2026-03-19,0022501013,SAS,PHX,1,1,1772.985132129401,1777.8666053003049,4.881473170903682,1518.2978650232187,0.8412520985670322,1.0,1.0,0.0249947929684206,1.0249947929684209,70
2025-26,2026-03-21,0022501028,SAS,IND,1,1,1777.8666053003049,1779.128870239692,1.2622649393873135,1214.7387473719846,0.9690247220424744,15.0,15.0,0.3583573983507859,1.358357398350786,71
2025-26,2026-03-23,0022501041,SAS,MIA,0,1,1779.128870239692,1789.713949094563,10.585078854870902,1531.2303659838674,0.7730374213010869,25.0,25.0,0.5545997223493823,1.5545997223493822,72
2025-26,2026-03-25,0022501056,SAS,MEM,0,1,1789.713949094563,1792.701228542106,2.987279447543061,1288.8277557813317,0.9359475110195664,25.0,25.0,0.5545997223493823,1.5545997223493822,73
2025-26,2026-03-28,0022501076,SAS,MIL,0,1,1792.701228542106,1797.1008045608762,4.3995760187701585,1351.778829911223,0.9118694150397892,32.0,32.0,0.664036770267849,1.664036770267849,74
2025-26,2026-03-30,0022501094,SAS,CHI,1,1,1797.1008045608762,1799.4431626344317,2.3423580735552836,1346.1917959453167,0.942519838632572,15.0,15.0,0.3583573983507859,1.358357398350786,75
2025-26,2026-04-01,0022501113,SAS,GSW,0,1,1799.4431626344317,1804.3967655508743,4.953602916443169,1424.1024874258003,0.8764418445738815,14.0,14.0,0.3363755443363322,1.3363755443363323,76
2025-26,2026-04-02,0022501119,SAS,LAC,0,1,1804.3967655508743,1814.378314023295,9.981548472420412,1560.1746186933046,0.7693029542615835,19.0,19.0,0.4422303560457261,1.442230356045726,77
2025-26,2026-04-04,0022501130,SAS,DEN,0,0,1814.378314023295,1792.1436394444595,-22.23467457883542,1627.286859236391,0.7058906685936441,2.0,-2.0,0.0499583749578799,1.04995837495788,78
2025-26,2026-04-06,0022501146,SAS,PHI,1,1,1792.1436394444595,1798.3683414541024,6.224702009642809,1536.3571518802755,0.8420953099104559,13.0,13.0,0.3140209253469976,1.3140209253469977,79
2025-26,2026-04-08,0022501161,SAS,POR,1,1,1798.3683414541024,1803.7854615188128,5.417120064710351,1521.4234907375917,0.8576245590191114,11.0,11.0,0.2682711820216014,1.2682711820216013,80
2025-26,2026-04-10,0022501180,SAS,DAL,1,1,1803.7854615188128,1805.6906847007297,1.9052231819167127,1304.124504765274,0.9559658142466596,19.0,19.0,0.4422303560457261,1.442230356045726,81
2025-26,2026-04-12,0022501197,SAS,DEN,1,0,1805.6906847007297,1779.4540310203492,-26.23665368038019,1691.4270999766254,0.7024998090965513,10.0,-10.0,0.2449186624037091,1.2449186624037092,82
2025-26,2025-10-22,0022500082,TOR,ATL,0,1,1500.0,1524.1336774291608,24.13367742916072,1500.0,0.449800646746463,20.0,20.0,0.4621171572600097,1.4621171572600098,1
2025-26,2025-10-24,0022500092,TOR,MIL,1,0,1524.1336774291608,1504.856459843013,-19.27721758614777,1517.731423861784,0.5593021936335348,6.0,-6.0,0.1488850336233179,1.1488850336233178,2
2025-26,2025-10-26,0022500111,TOR,DAL,0,0,1504.856459843013,1485.2392976831454,-19.61716215986757,1452.2893779782871,0.5252595411063625,10.0,-10.0,0.2449186624037091,1.2449186624037092,3
2025-26,2025-10-27,0022500118,TOR,SAS,0,0,1485.2392976831454,1470.2449811114843,-14.994316571661116,1556.6261626508683,0.3515091793040701,18.0,-18.0,0.4218990052500079,1.4218990052500078,4
2025-26,2025-10-29,0022500131,TOR,HOU,1,0,1470.2449811114843,1447.876745003016,-22.368236108468476,1488.294265519772,0.5243747042014315,18.0,-18.0,0.4218990052500079,1.4218990052500078,5
2025-26,2025-10-31,0022500022,TOR,CLE,0,1,1447.876745003016,1472.6143936285107,24.73764862549474,1520.5425355125683,0.3498328281794494,11.0,11.0,0.2682711820216014,1.2682711820216013,6
2025-26,2025-11-02,0022500152,TOR,MEM,1,1,1472.6143936285107,1491.1297651802008,18.515371551690222,1486.525168445415,0.5303126154098139,13.0,13.0,0.3140209253469976,1.3140209253469977,7
2025-26,2025-11-04,0022500165,TOR,MIL,1,1,1491.1297651802008,1516.5341314302068,25.40436625000599,1545.4788113793977,0.4721832360313653,28.0,28.0,0.6043677771171634,1.6043677771171634,8
2025-26,2025-11-07,0022500030,TOR,ATL,0,1,1516.5341314302068,1537.113147375096,20.579015944889193,1503.254168280075,0.4687830107531852,12.0,12.0,0.2913126124515909,1.2913126124515908,9
2025-26,2025-11-08,0022500184,TOR,PHI,0,0,1537.113147375096,1519.7013891778238,-17.41175819727228,1525.629578261935,0.4662087230570114,10.0,-10.0,0.2449186624037091,1.2449186624037092,10
2025-26,2025-11-11,0022500207,TOR,BKN,0,1,1519.7013891778238,1532.5633642611422,12.861975083318368,1372.8602624542375,0.6556140447364849,10.0,10.0,0.2449186624037091,1.2449186624037092,11
2025-26,2025-11-13,0022500225,TOR,CLE,0,1,1532.5633642611422,1556.464983782873,23.901619521731057,1572.5887103045989,0.3936773491533432,13.0,13.0,0.3140209253469976,1.3140209253469977,12
2025-26,2025-11-15,0022500230,TOR,IND,0,1,1556.464983782873,1567.7872864929054,11.32230271003206,1344.628852566492,0.7345732088278357,18.0,18.0,0.4218990052500079,1.4218990052500078,13
2025-26,2025-11-17,0022500245,TOR,CHA,1,1,1567.7872864929054,1576.278097843066,8.490811350160557,1429.615869510422,0.7304397471788291,2.0,2.0,0.0499583749578799,1.04995837495788,14
2025-26,2025-11-19,0022500258,TOR,PHI,0,1,1576.278097843066,1594.315593135926,18.03749529285999,1535.9353922642974,0.5076881653944542,9.0,9.0,0.2212784678984439,1.221278467898444,15
2025-26,2025-11-21,0022500050,TOR,WAS,1,1,1594.315593135926,1601.0889465957337,6.773353459807521,1311.178515776765,0.8619217849660618,30.0,30.0,0.6351489523872873,1.6351489523872873,16
2025-26,2025-11-23,0022500279,TOR,BKN,1,1,1601.0889465957337,1608.3433023732523,7.2543557775186835,1388.941114770677,0.8057609171158793,10.0,10.0,0.2449186624037091,1.2449186624037092,17
2025-26,2025-11-24,0022500284,TOR,CLE,1,1,1608.3433023732523,1623.539616938567,15.196314565314584,1572.4702877194018,0.6006029104624157,11.0,11.0,0.2682711820216014,1.2682711820216013,18
2025-26,2025-11-26,0022500063,TOR,IND,1,1,1623.539616938567,1627.790023815266,4.250406876699005,1335.7757714017655,0.865061098989773,2.0,2.0,0.0499583749578799,1.04995837495788,19
2025-26,2025-11-29,0022500294,TOR,CHA,0,0,1627.790023815266,1600.475408767191,-27.314615048074938,1376.896252666794,0.7760483157950815,7.0,-7.0,0.1732351578346601,1.17323515783466,20
2025-26,2025-11-30,0022500303,TOR,NYK,0,0,1600.475408767191,1578.306337044194,-22.169071722997163,1570.704539443577,0.4924752442001946,22.0,-22.0,0.5005202111902353,1.5005202111902354,21
2025-26,2025-12-02,0022500319,TOR,POR,1,1,1578.306337044194,1587.7558652473454,9.449528203151498,1460.324927433992,0.7069531249823744,3.0,3.0,0.074859690687499,1.0748596906874992,22
2025-26,2025-12-04,0022500336,TOR,LAL,1,0,1587.7558652473454,1570.663575111633,-17.092290135712236,1601.8409507938309,0.5300626765148515,3.0,-3.0,0.074859690687499,1.0748596906874992,23
2025-26,2025-12-05,0022500344,TOR,CHA,1,0,1570.663575111633,1533.7572703210203,-36.90630479061278,1374.0986002628622,0.7913356357917927,25.0,-25.0,0.5545997223493823,1.5545997223493822,24
2025-26,2025-12-07,0022500358,TOR,BOS,1,0,1533.7572703210203,1517.2541297627934,-16.50314055822691,1597.01349461437,0.4594254416158366,8.0,-8.0,0.197375320224904,1.197375320224904,25
2025-26,2025-12-09,0022501202,TOR,NYK,1,0,1517.2541297627934,1500.1437316659794,-17.110398096813853,1613.1072919849614,0.4133099258214749,16.0,-16.0,0.3799489622552249,1.379948962255225,26
2025-26,2025-12-15,0022501227,TOR,MIA,0,1,1500.1437316659794,1521.7012929147131,21.55756124873388,1519.230746279788,0.422785281754601,10.0,10.0,0.2449186624037091,1.2449186624037092,27
2025-26,2025-12-18,0022500374,TOR,MIL,0,1,1521.7012929147131,1535.3404523125869,13.639159397873634,1413.162381678031,0.604278380089988,6.0,6.0,0.1488850336233179,1.1488850336233178,28
2025-26,2025-12-20,0022500388,TOR,BOS,1,0,1535.3404523125869,1515.3904612581305,-19.94999105445644,1582.9219605867663,0.481901664485053,16.0,-16.0,0.3799489622552249,1.379948962255225,29
2025-26,2025-12-21,0022500397,TOR,BKN,0,0,1515.3904612581305,1489.4747870745434,-25.91567418358696,1383.4810363566116,0.6359561976607875,15.0,-15.0,0.3583573983507859,1.358357398350786,30
2025-26,2025-12-23,0022500414,TOR,MIA,0,1,1489.4747870745434,1513.8803642300024,24.40557715545908,1488.7033861005557,0.4508998351500156,21.0,21.0,0.4815497983643079,1.481549798364308,31
2025-26,2025-12-26,0022500425,TOR,WAS,0,0,1513.8803642300024,1482.0460006663347,-31.834363563667683,1318.0372762781292,0.7162401515587289,21.0,-21.0,0.4815497983643079,1.481549798364308,32
2025-26,2025-12-28,0022500441,TOR,GSW,1,1,1482.0460006663347,1502.932234156994,20.886233490659436,1531.6240305167828,0.4790328317720523,14.0,14.0,0.3363755443363322,1.3363755443363323,33
2025-26,2025-12-29,0022500451,TOR,ORL,1,1,1502.932234156994,1518.910448254586,15.978214097592016,1551.5721638743269,0.4803806416967722,1.0,1.0,0.0249947929684206,1.0249947929684209,34
2025-26,2025-12-31,0022500468,TOR,DEN,1,0,1518.910448254586,1504.40235780874,-14.508090445846186,1588.8252713315328,0.4499219935880362,3.0,-3.0,0.074859690687499,1.0748596906874992,35
2025-26,2026-01-03,0022500488,TOR,ATL,1,1,1504.40235780874,1521.0976545235817,16.695296714841763,1466.9260644521476,0.6028147362653391,17.0,17.0,0.4011342849479459,1.401134284947946,36
2025-26,2026-01-05,0022500504,TOR,ATL,1,1,1521.0976545235817,1536.121089265126,15.023434741544454,1450.2307677373058,0.647808208457512,18.0,18.0,0.4218990052500079,1.4218990052500078,37
2025-26,2026-01-07,0022500516,TOR,CHA,0,1,1536.121089265126,1549.9391900097737,13.818100744647287,1465.8197635409424,0.5506285872721497,1.0,1.0,0.0249947929684206,1.0249947929684209,38
2025-26,2026-01-09,0022500532,TOR,BOS,0,0,1549.9391900097737,1537.228977449612,-12.710212560161452,1619.555957322485,0.3538353804768606,8.0,-8.0,0.197375320224904,1.197375320224904,39
2025-26,2026-01-11,0022500550,TOR,PHI,1,1,1537.228977449612,1552.448308995625,15.219331546012771,1568.712896544844,0.5050598744364656,1.0,1.0,0.0249947929684206,1.0249947929684209,40
2025-26,2026-01-12,0022500560,TOR,PHI,1,0,1552.448308995625,1530.8178231899458,-21.63048580567928,1553.493564998831,0.5487098261637208,13.0,-13.0,0.3140209253469976,1.3140209253469977,41
2025-26,2026-01-14,0022500571,TOR,IND,0,1,1530.8178231899458,1542.5953262623054,11.777503072359751,1343.4400750958705,0.7062326997758037,14.0,14.0,0.3363755443363322,1.3363755443363323,42
2025-26,2026-01-16,0022500590,TOR,LAC,1,0,1542.5953262623054,1524.710239687754,-17.88508657455148,1548.246661917223,0.5421359495766486,4.0,-4.0,0.0996679946249558,1.099667994624956,43
2025-26,2026-01-18,0022500607,TOR,LAL,0,0,1524.710239687754,1502.5624282275946,-22.14781146015945,1470.9987830054702,0.5269019464702788,17.0,-17.0,0.4011342849479459,1.401134284947946,44
2025-26,2026-01-20,0022500618,TOR,GSW,0,1,1502.5624282275946,1531.0289002706104,28.4664720430158,1588.4968307933996,0.3326654017406664,18.0,18.0,0.4218990052500079,1.4218990052500078,45
2025-26,2026-01-21,0022500626,TOR,SAC,0,1,1531.0289002706104,1543.610020407522,12.581120136911778,1364.4068063093316,0.6808493204781743,13.0,13.0,0.3140209253469976,1.3140209253469977,46
2025-26,2026-01-23,0022500642,TOR,POR,0,1,1543.610020407522,1566.0104350020893,22.400414594567163,1563.4226389958867,0.4217662870433987,12.0,12.0,0.2913126124515909,1.2913126124515908,47
2025-26,2026-01-25,0022500653,TOR,OKC,0,1,1566.0104350020893,1588.4498263410014,22.439391338912262,1688.5758586092725,0.2876101289947981,2.0,2.0,0.0499583749578799,1.04995837495788,48
2025-26,2026-01-28,0022500675,TOR,NYK,1,0,1588.4498263410014,1558.2885729258626,-30.161253415138823,1528.7514701634443,0.6330044101981033,27.0,-27.0,0.5882592563981054,1.5882592563981053,49
2025-26,2026-01-30,0022500687,TOR,ORL,0,0,1558.2885729258626,1536.5332253988822,-21.75534752698027,1465.4252590923377,0.582510546913287,10.0,-10.0,0.2449186624037091,1.2449186624037092,50
2025-26,2026-02-01,0022500706,TOR,UTA,1,1,1536.5332253988822,1543.0785906645656,6.545365265683427,1315.0466861579505,0.814036563145515,7.0,7.0,0.1732351578346601,1.17323515783466,51
2025-26,2026-02-04,0022500727,TOR,MIN,1,0,1543.0785906645656,1526.9116869344307,-16.166903730134884,1568.8656463292878,0.5132553859824343,2.0,-2.0,0.0499583749578799,1.04995837495788,52
2025-26,2026-02-05,0022500736,TOR,CHI,1,1,1526.9116869344307,1540.2716613355524,13.359974401121772,1433.1320611810054,0.6772833690098264,16.0,16.0,0.3799489622552249,1.379948962255225,53
2025-26,2026-02-08,0022500759,TOR,IND,1,1,1540.2716613355524,1549.0961371364956,8.824475800943256,1341.813620714424,0.7931293345879682,18.0,18.0,0.4218990052500079,1.4218990052500078,54
2025-26,2026-02-11,0022500781,TOR,DET,1,0,1549.0961371364956,1533.208389563288,-15.887747573207552,1674.7255082471183,0.3724537283015179,18.0,-18.0,0.4218990052500079,1.4218990052500078,55
2025-26,2026-02-19,0022500797,TOR,CHI,0,1,1533.208389563288,1545.3277748911332,12.119385327845364,1375.7997473246303,0.6692158901128092,9.0,9.0,0.2212784678984439,1.221278467898444,56
2025-26,2026-02-22,0022500819,TOR,MIL,0,1,1545.3277748911332,1567.814841831311,22.48706694017776,1487.506820486992,0.5327948437403789,28.0,28.0,0.6043677771171634,1.6043677771171634,57
2025-26,2026-02-24,0022500834,TOR,OKC,1,0,1567.814841831311,1552.386006391749,-15.42883543956159,1658.093907534845,0.4211115877094293,9.0,-9.0,0.2212784678984439,1.221278467898444,58
2025-26,2026-02-25,0022500843,TOR,SAS,1,0,1552.386006391749,1542.3239625624751,-10.062043829274158,1724.7254850776749,0.3120420868711493,3.0,-3.0,0.074859690687499,1.0748596906874992,59
2025-26,2026-02-28,0022500865,TOR,WAS,0,1,1542.3239625624751,1551.8965310989,9.5725685364248,1326.7671020723053,0.7387282046903652,9.0,9.0,0.2212784678984439,1.221278467898444,60
2025-26,2026-03-03,0022500887,TOR,NYK,1,0,1551.8965310989,1535.3029879374674,-16.593543161432645,1656.7360516173062,0.4008250453532263,16.0,-16.0,0.3799489622552249,1.379948962255225,61
2025-26,2026-03-05,0022500903,TOR,MIN,0,0,1535.3029879374674,1522.556439071323,-12.746548866144384,1604.1516706838152,0.3548469348148969,8.0,-8.0,0.197375320224904,1.197375320224904,62
2025-26,2026-03-08,0022500924,TOR,DAL,1,1,1522.556439071323,1532.8700481448006,10.313609073477606,1327.6530047643726,0.7897518947041506,30.0,30.0,0.6351489523872873,1.6351489523872873,63
2025-26,2026-03-10,0022500940,TOR,HOU,0,0,1532.8700481448006,1517.2177457884356,-15.652302356365068,1575.2718731755767,0.3904167612839267,14.0,-14.0,0.3363755443363322,1.3363755443363323,64
2025-26,2026-03-11,0022500948,TOR,NOP,0,0,1517.2177457884356,1494.9824780652862,-22.235267723149448,1423.0050559813258,0.584398353662998,11.0,-11.0,0.2682711820216014,1.2682711820216013,65
2025-26,2026-03-13,0022500963,TOR,PHX,1,1,1494.9824780652862,1514.359696922218,19.377218856931833,1565.2182663957703,0.4494647633785907,7.0,7.0,0.1732351578346601,1.17323515783466,66
2025-26,2026-03-15,0022500978,TOR,DET,1,1,1514.359696922218,1539.5186628354963,25.15896591327838,1665.5468369912537,0.3387595578947755,11.0,11.0,0.2682711820216014,1.2682711820216013,67
2025-26,2026-03-18,0022501002,TOR,CHI,0,1,1539.5186628354963,1555.3873730690152,15.86871023351896,1376.354616275951,0.6765083651787821,30.0,30.0,0.6351489523872873,1.6351489523872873,68
2025-26,2026-03-20,0022501021,TOR,DEN,0,0,1555.3873730690152,1540.1506709553048,-15.236702113710413,1560.821330953994,0.4420721443774456,6.0,-6.0,0.1488850336233179,1.1488850336233178,69
2025-26,2026-03-22,0022501036,TOR,PHX,0,0,1540.1506709553048,1516.6028230927757,-23.547847862529213,1489.0848626622862,0.5231040916547802,22.0,-22.0,0.5005202111902353,1.5005202111902354,70
2025-26,2026-03-23,0022501043,TOR,UTA,0,1,1516.6028230927757,1527.0833392768725,10.480516184096745,1293.6716009907957,0.7468380722581549,16.0,16.0,0.3799489622552249,1.379948962255225,71
2025-26,2026-03-25,0022501062,TOR,LAC,0,0,1527.0833392768725,1507.7065562221144,-19.376783054758107,1551.388711015243,0.4154720724610926,25.0,-25.0,0.5545997223493823,1.5545997223493822,72
2025-26,2026-03-27,0022501071,TOR,NOP,1,1,1507.7065562221144,1523.0690000455943,15.362443823480186,1464.7855429550232,0.6102942876290605,13.0,13.0,0.3140209253469976,1.3140209253469977,73
2025-26,2026-03-29,0022501086,TOR,ORL,1,1,1523.0690000455943,1547.596251083096,24.52725103750166,1515.575203474899,0.5608503710696976,52.0,52.0,0.8617231593133063,1.8617231593133063,74
2025-26,2026-03-31,0022501101,TOR,DET,0,0,1547.596251083096,1536.6738989623504,-10.922352120745677,1670.6226971513415,0.2870666850953133,11.0,-11.0,0.2682711820216014,1.2682711820216013,75
2025-26,2026-04-01,0022501108,TOR,SAC,1,0,1536.6738989623504,1506.536859521676,-30.137039440674567,1284.9315904723378,0.8389750184320903,8.0,-8.0,0.197375320224904,1.197375320224904,76
2025-26,2026-04-03,0022501125,TOR,MEM,0,1,1506.536859521676,1518.8037890247049,12.266929503028932,1276.7059590554704,0.754273669063727,32.0,32.0,0.664036770267849,1.664036770267849,77
2025-26,2026-04-05,0022501132,TOR,BOS,0,0,1518.8037890247049,1510.028616614338,-8.775172410366919,1704.808560565199,0.2188799011265161,14.0,-14.0,0.3363755443363322,1.3363755443363323,78
2025-26,2026-04-07,0022501151,TOR,MIA,1,1,1510.028616614338,1531.3404146570665,21.31179804272832,1511.5710725442248,0.5480009903984695,26.0,26.0,0.5716699660851172,1.5716699660851172,79
2025-26,2026-04-09,0022501165,TOR,MIA,1,1,1531.3404146570665,1547.0653152408256,15.724900583759393,1490.2592745014963,0.6077724147127457,14.0,14.0,0.3363755443363322,1.3363755443363323,80
2025-26,2026-04-10,0022501176,TOR,NYK,0,0,1547.0653152408256,1534.7441001265788,-12.321215114246847,1664.9814096885875,0.2931247738971381,17.0,-17.0,0.4011342849479459,1.401134284947946,81
2025-26,2026-04-12,0022501192,TOR,BKN,1,1,1534.7441001265788,1541.451640854044,6.70754072746505,1241.378575729059,0.8687810578244813,35.0,35.0,0.703905603936621,1.703905603936621,82
2025-26,2025-10-22,0022500087,UTA,LAC,1,1,1500.0,1519.9920617247408,19.99206172474073,1500.0,0.550199353253537,21.0,21.0,0.4815497983643079,1.481549798364308,1
2025-26,2025-10-24,0022500098,UTA,SAC,0,0,1519.9920617247408,1504.6246183841683,-15.367443340572466,1485.1610587443392,0.4997567937578757,1.0,-1.0,0.0249947929684206,1.0249947929684209,2
2025-26,2025-10-27,0022500120,UTA,PHX,1,1,1504.6246183841683,1517.8769823036794,13.252363919511115,1470.4235542133945,0.5982919698100679,4.0,4.0,0.0996679946249558,1.099667994624956,3
2025-26,2025-10-29,0022500135,UTA,POR,1,0,1517.8769823036794,1500.321906043906,-17.55507625977337,1512.8667946721228,0.5573261022681846,2.0,-2.0,0.0499583749578799,1.04995837495788,4
2025-26,2025-10-31,0022500025,UTA,PHX,0,0,1500.321906043906,1476.2838171382418,-24.03808890566405,1441.66356745208,0.5339945601620537,22.0,-22.0,0.5005202111902353,1.5005202111902354,5
2025-26,2025-11-02,0022500150,UTA,CHA,0,0,1476.2838171382418,1454.6343424060997,-21.64947473214225,1458.6179132929622,0.475074907834687,23.0,-23.0,0.5190218338982221,1.519021833898222,6
2025-26,2025-11-03,0022500158,UTA,BOS,0,1,1454.6343424060997,1473.8920451040128,19.25770269791325,1498.3486853239085,0.3886201219267133,2.0,2.0,0.0499583749578799,1.04995837495788,7
2025-26,2025-11-05,0022500172,UTA,DET,0,0,1473.8920451040128,1460.3735742626827,-13.518470841330144,1542.397661805469,0.3552991671644951,11.0,-11.0,0.2682711820216014,1.2682711820216013,8
2025-26,2025-11-07,0022500036,UTA,MIN,0,0,1460.3735742626827,1438.95839063918,-21.41518362350277,1492.0372024852295,0.4052235594125598,40.0,-40.0,0.7615941559557649,1.7615941559557649,9
2025-26,2025-11-10,0022500205,UTA,MIN,1,0,1438.95839063918,1424.4835457978536,-14.474844841326307,1536.2872511143848,0.411251593358922,7.0,-7.0,0.1732351578346601,1.17323515783466,10
2025-26,2025-11-11,0022500211,UTA,IND,1,1,1424.4835457978536,1441.9374121037386,17.453866305884862,1373.344151680068,0.6214855031215535,24.0,24.0,0.5370495669980352,1.5370495669980353,11
2025-26,2025-11-13,0022500227,UTA,ATL,1,0,1441.9374121037386,1426.8250932670164,-15.112318836722048,1544.0217057029035,0.4046400591757788,10.0,-10.0,0.2449186624037091,1.2449186624037092,12
2025-26,2025-11-16,0022500240,UTA,CHI,1,1,1426.8250932670164,1444.751217959346,17.926124692329584,1500.8465027825437,0.4440786133098692,3.0,3.0,0.074859690687499,1.0748596906874992,13
2025-26,2025-11-18,0022500253,UTA,LAL,0,0,1444.751217959346,1434.2609660768228,-10.4902518825232,1589.9594894323786,0.2616592800075731,14.0,-14.0,0.3363755443363322,1.3363755443363323,14
2025-26,2025-11-21,0022500055,UTA,OKC,1,0,1434.2609660768228,1423.1262383485418,-11.134727728280852,1686.060803828804,0.2230465080906549,32.0,-32.0,0.664036770267849,1.664036770267849,15
2025-26,2025-11-23,0022500282,UTA,LAL,1,0,1423.1262383485418,1413.490249671856,-9.635988676685924,1600.4497413149018,0.305916529852036,2.0,-2.0,0.0499583749578799,1.04995837495788,16
2025-26,2025-11-24,0022500291,UTA,GSW,0,0,1413.490249671856,1399.179862901734,-14.310386770121946,1493.369812442343,0.3404476626272262,17.0,-17.0,0.4011342849479459,1.401134284947946,17
2025-26,2025-11-28,0022500077,UTA,SAC,1,1,1399.179862901734,1415.5055338572513,16.32567095551739,1396.221361431777,0.5544103608188464,9.0,9.0,0.2212784678984439,1.221278467898444,18
2025-26,2025-11-30,0022500301,UTA,HOU,1,0,1415.5055338572513,1403.5165957140357,-11.988938143215549,1642.1985761360554,0.249089564836937,28.0,-28.0,0.6043677771171634,1.6043677771171634,19
2025-26,2025-12-01,0022500316,UTA,HOU,1,1,1403.5165957140357,1431.3852170864964,27.868621372460755,1654.187514279271,0.2241747177700258,8.0,8.0,0.197375320224904,1.197375320224904,20
2025-26,2025-12-04,0022500335,UTA,BKN,0,1,1431.3852170864964,1450.400571063264,19.015353976767763,1384.1300123439655,0.5176293464340807,13.0,13.0,0.3140209253469976,1.3140209253469977,21
2025-26,2025-12-05,0022500343,UTA,NYK,0,0,1450.400571063264,1436.4379518819771,-13.962619181287076,1583.608737741643,0.2752226609721818,34.0,-34.0,0.6910694698329306,1.6910694698329305,22
2025-26,2025-12-07,0022500363,UTA,OKC,1,0,1436.4379518819771,1428.0644995928287,-8.373452289148522,1746.0328493651305,0.1706970339903578,30.0,-30.0,0.6351489523872873,1.6351489523872873,23
2025-26,2025-12-12,0022501213,UTA,MEM,0,1,1428.0644995928287,1449.081721977683,21.017222384854303,1490.8160830200325,0.3629221884064419,4.0,4.0,0.0996679946249558,1.099667994624956,24
2025-26,2025-12-15,0022501224,UTA,DAL,1,1,1449.081721977683,1466.1692167861354,17.08749480845249,1473.9899215008395,0.5145191852816782,7.0,7.0,0.1732351578346601,1.17323515783466,25
2025-26,2025-12-18,0022500379,UTA,LAL,1,0,1466.1692167861354,1453.4055793364405,-12.76363744969496,1604.6570184078594,0.3553226582092783,8.0,-8.0,0.197375320224904,1.197375320224904,26
2025-26,2025-12-20,0022500393,UTA,ORL,1,0,1453.4055793364405,1441.312597218166,-12.092982118274424,1563.7276516680984,0.3932697089856338,1.0,-1.0,0.0249947929684206,1.0249947929684209,27
2025-26,2025-12-22,0022500405,UTA,DEN,0,0,1441.312597218166,1431.6267779244038,-9.685819293762169,1633.8224372873317,0.2125450970621387,23.0,-23.0,0.5190218338982221,1.519021833898222,28
2025-26,2025-12-23,0022500419,UTA,MEM,1,0,1431.6267779244038,1413.7499777764565,-17.8768001479476,1475.0183859674355,0.4879258530532545,9.0,-9.0,0.2212784678984439,1.221278467898444,29
2025-26,2025-12-26,0022500430,UTA,DET,1,1,1413.7499777764565,1438.3662036704627,24.616225894006377,1670.1394372322848,0.2185015304378494,2.0,2.0,0.0499583749578799,1.04995837495788,30
2025-26,2025-12-27,0022500440,UTA,SAS,0,1,1438.3662036704627,1472.1371359752536,33.77093230479089,1713.973408571955,0.1433182518035143,13.0,13.0,0.3140209253469976,1.3140209253469977,31
2025-26,2025-12-30,0022500459,UTA,BOS,1,0,1472.1371359752536,1457.8621296299905,-14.275006345263204,1590.5448768684628,0.3822205893542953,10.0,-10.0,0.2449186624037091,1.2449186624037092,32
2025-26,2026-01-01,0022500475,UTA,LAC,0,0,1457.8621296299905,1440.311131874449,-17.550997755541324,1480.6874768763405,0.4175426044476379,17.0,-17.0,0.4011342849479459,1.401134284947946,33
2025-26,2026-01-03,0022500492,UTA,GSW,0,0,1440.311131874449,1428.176330113139,-12.134801761309754,1527.3896769125113,0.3312048829778389,9.0,-9.0,0.2212784678984439,1.221278467898444,34
2025-26,2026-01-05,0022500509,UTA,POR,0,0,1428.176330113139,1412.0081833456825,-16.168146767457117,1486.6750887262524,0.3686012594174517,20.0,-20.0,0.4621171572600097,1.4621171572600098,35
2025-26,2026-01-07,0022500525,UTA,OKC,0,0,1412.0081833456825,1406.6452447951765,-5.362938550505802,1661.7811830103333,0.1625623544778726,4.0,-4.0,0.0996679946249558,1.099667994624956,36
2025-26,2026-01-08,0022500531,UTA,DAL,1,1,1406.6452447951765,1422.328506577005,15.683261781828543,1440.1867465618714,0.5020989353519946,2.0,2.0,0.0499583749578799,1.04995837495788,37
2025-26,2026-01-10,0022500547,UTA,CHA,1,0,1422.328506577005,1391.6875465600212,-30.640960016983755,1427.1443631830814,0.5433295176031628,55.0,-55.0,0.8798266996519848,1.8798266996519848,38
2025-26,2026-01-12,0022500558,UTA,CLE,0,1,1391.6875465600212,1419.6752972745742,27.987750714552853,1534.4289093455682,0.2644120302951591,11.0,11.0,0.2682711820216014,1.2682711820216013,39
2025-26,2026-01-14,0022500573,UTA,CHI,0,0,1419.6752972745742,1405.8422413595874,-13.833055914986778,1427.1603388009798,0.4391620418775078,2.0,-2.0,0.0499583749578799,1.04995837495788,40
2025-26,2026-01-15,0022500583,UTA,DAL,0,0,1405.8422413595874,1385.750557791299,-20.091683568288868,1408.282268220749,0.4463270675164013,22.0,-22.0,0.5005202111902353,1.5005202111902354,41
2025-26,2026-01-17,0022500593,UTA,DAL,0,0,1385.750557791299,1369.1095082449344,-16.641049546364236,1428.3739517890378,0.3901132566359333,18.0,-18.0,0.4218990052500079,1.4218990052500078,42
2025-26,2026-01-19,0022500611,UTA,SAS,0,0,1369.1095082449344,1363.3641412609277,-5.745366984006948,1641.3067855053446,0.1457451925658325,13.0,-13.0,0.3140209253469976,1.3140209253469977,43
2025-26,2026-01-20,0022500616,UTA,MIN,1,1,1363.3641412609277,1388.8641320251493,25.499990764221796,1594.807567177342,0.2440099410048112,5.0,5.0,0.1243530017715962,1.124353001771596,44
2025-26,2026-01-22,0022500632,UTA,SAS,1,0,1388.8641320251493,1378.925386612102,-9.938745413047195,1627.50799011692,0.2364452267903413,17.0,-17.0,0.4011342849479459,1.401134284947946,45
2025-26,2026-01-24,0022500649,UTA,MIA,1,0,1378.925386612102,1359.5172972115292,-19.408089400572784,1490.0822944996742,0.3921236175282107,31.0,-31.0,0.6498274636719203,1.6498274636719203,46
2025-26,2026-01-27,0022500670,UTA,LAC,1,0,1359.5172972115292,1349.059543396127,-10.457753815402134,1567.3436726986336,0.2699515132783588,12.0,-12.0,0.2913126124515909,1.2913126124515908,47
2025-26,2026-01-28,0022500678,UTA,GSW,1,0,1349.059543396127,1337.156788729443,-11.902754666684158,1541.7041171068174,0.2875167848534462,16.0,-16.0,0.3799489622552249,1.379948962255225,48
2025-26,2026-01-30,0022500694,UTA,BKN,1,0,1337.156788729443,1315.0466861579505,-22.11010257149269,1307.4854864459248,0.5920092945082357,10.0,-10.0,0.2449186624037091,1.2449186624037092,49
2025-26,2026-02-01,0022500706,UTA,TOR,0,0,1315.0466861579505,1308.501320892267,-6.545365265683427,1536.5332253988822,0.185963436854485,7.0,-7.0,0.1732351578346601,1.17323515783466,50
2025-26,2026-02-03,0022500717,UTA,IND,0,1,1308.501320892267,1332.177936424345,23.676615532078102,1378.1638674615515,0.3537751311590594,9.0,9.0,0.2212784678984439,1.221278467898444,51
2025-26,2026-02-05,0022500735,UTA,ATL,0,0,1332.177936424345,1324.5962025022804,-7.581733922064598,1496.7533280994207,0.2406995078056862,2.0,-2.0,0.0499583749578799,1.04995837495788,52
2025-26,2026-02-07,0022500750,UTA,ORL,0,0,1324.5962025022804,1316.3934988875667,-8.20270361471365,1476.4094865875936,0.2543806007358057,3.0,-3.0,0.074859690687499,1.0748596906874992,53
2025-26,2026-02-09,0022500763,UTA,MIA,0,1,1316.3934988875667,1342.395675863539,26.002176975972272,1509.6596334950518,0.2118173514470499,4.0,4.0,0.0996679946249558,1.099667994624956,54
2025-26,2026-02-11,0022500786,UTA,SAC,1,1,1342.395675863539,1358.7017142917955,16.30603842825672,1261.2277234466965,0.6612157000236668,28.0,28.0,0.6043677771171634,1.6043677771171634,55
2025-26,2026-02-12,0022500790,UTA,POR,1,0,1358.7017142917955,1343.624437126359,-15.07727716543682,1490.4947661727556,0.3641989082648463,16.0,-16.0,0.3799489622552249,1.379948962255225,56
2025-26,2026-02-20,0022500804,UTA,MEM,0,0,1343.624437126359,1328.160149453562,-15.464287672796935,1363.2141770888654,0.422079213962497,9.0,-9.0,0.2212784678984439,1.221278467898444,57
2025-26,2026-02-23,0022500830,UTA,HOU,0,0,1328.160149453562,1321.3448715445154,-6.8152779090467135,1587.2737390729749,0.1553746422942482,20.0,-20.0,0.4621171572600097,1.4621171572600098,58
2025-26,2026-02-26,0022500856,UTA,NOP,1,0,1321.3448715445154,1304.7935951207533,-16.551276423762175,1401.7622782318374,0.435008870300113,11.0,-11.0,0.2682711820216014,1.2682711820216013,59
2025-26,2026-02-28,0022500867,UTA,NOP,1,0,1304.7935951207533,1290.269651430564,-14.52394369018933,1418.3135546555995,0.3888860139704834,10.0,-10.0,0.2449186624037091,1.2449186624037092,60
2025-26,2026-03-02,0022500881,UTA,DEN,1,0,1290.269651430564,1282.9434729166337,-7.326178513930223,1537.9351645980537,0.2271979799597307,3.0,-3.0,0.074859690687499,1.0748596906874992,61
2025-26,2026-03-04,0022500895,UTA,PHI,0,0,1282.9434729166337,1276.9584164565986,-5.9850564600351825,1509.6937379704098,0.1814201040462337,4.0,-4.0,0.0996679946249558,1.099667994624956,62
2025-26,2026-03-05,0022500900,UTA,WAS,0,1,1276.9584164565986,1298.7752725344924,21.816856077893828,1300.9988284067483,0.4158425302054276,10.0,10.0,0.2449186624037091,1.2449186624037092,63
2025-26,2026-03-07,0022500919,UTA,MIL,0,0,1298.7752725344924,1287.4587951740682,-11.316477360424155,1425.8956278703631,0.2822678951383165,14.0,-14.0,0.3363755443363322,1.3363755443363323,64
2025-26,2026-03-09,0022500934,UTA,GSW,1,1,1287.4587951740682,1310.638438654698,23.17964348062975,1485.532388743307,0.2811575414150521,3.0,3.0,0.074859690687499,1.0748596906874992,65
2025-26,2026-03-11,0022500949,UTA,NYK,1,0,1310.638438654698,1303.8594104252093,-6.779028229488556,1632.0597508639785,0.1612747686478984,17.0,-17.0,0.4011342849479459,1.401134284947946,66
2025-26,2026-03-13,0022500967,UTA,POR,0,0,1303.8594104252093,1294.791157649844,-9.06825277536535,1466.437469080407,0.2428071018941435,10.0,-10.0,0.2449186624037091,1.2449186624037092,67
2025-26,2026-03-15,0022500982,UTA,SAC,0,0,1294.791157649844,1280.7214105990515,-14.069747050792438,1317.917495881761,0.417121284526103,5.0,-5.0,0.1243530017715962,1.124353001771596,68
2025-26,2026-03-18,0022501004,UTA,MIN,0,0,1280.7214105990515,1273.7361420955094,-6.985268503542068,1567.4064901128436,0.1356654270184473,36.0,-36.0,0.7162978701990245,1.7162978701990244,69
2025-26,2026-03-19,0022501014,UTA,MIL,1,1,1273.7361420955094,1303.9911501161869,30.25500802067755,1383.5677971821135,0.3939435201341212,32.0,32.0,0.664036770267849,1.664036770267849,70
2025-26,2026-03-21,0022501030,UTA,PHI,1,0,1303.9911501161869,1293.6716009907957,-10.319549125391116,1506.252494165503,0.2763112010725252,10.0,-10.0,0.2449186624037091,1.2449186624037092,71
2025-26,2026-03-23,0022501043,UTA,TOR,1,0,1293.6716009907957,1283.1910848066989,-10.480516184096745,1516.6028230927757,0.2531619277418451,16.0,-16.0,0.3799489622552249,1.379948962255225,72
2025-26,2026-03-25,0022501057,UTA,WAS,1,0,1283.1910848066989,1254.6398454304813,-28.55123937621771,1228.3189565477344,0.626526859567855,23.0,-23.0,0.5190218338982221,1.519021833898222,73
2025-26,2026-03-27,0022501072,UTA,DEN,0,0,1254.6398454304813,1251.3266829492018,-3.3131624812794183,1608.944868110911,0.0961268935915043,6.0,-6.0,0.1488850336233179,1.1488850336233178,74
2025-26,2026-03-28,0022501081,UTA,PHX,0,0,1251.3266829492018,1243.661486276728,-7.66519667247376,1498.8219832113102,0.1643552048002377,25.0,-25.0,0.5545997223493823,1.5545997223493822,75
2025-26,2026-03-30,0022501096,UTA,CLE,1,0,1243.661486276728,1239.4464172506262,-4.215069026101907,1633.0824154209904,0.1150452616362242,9.0,-9.0,0.2212784678984439,1.221278467898444,76
2025-26,2026-04-01,0022501112,UTA,DEN,1,0,1239.4464172506262,1234.7645618116123,-4.681855439013771,1622.605003797377,0.1187666383059417,13.0,-13.0,0.3140209253469976,1.3140209253469977,77
2025-26,2026-04-03,0022501124,UTA,HOU,0,0,1234.7645618116123,1230.0284723256732,-4.736089485939243,1594.6846077478538,0.0933549167243288,34.0,-34.0,0.6910694698329306,1.6910694698329305,78
2025-26,2026-04-05,0022501139,UTA,OKC,0,0,1230.0284723256732,1228.3796031803697,-1.64886914530351,1785.8847865636249,0.0322566606486111,35.0,-35.0,0.703905603936621,1.703905603936621,79
2025-26,2026-04-07,0022501153,UTA,NOP,0,0,1228.3796031803697,1217.5139677929951,-10.865635387374292,1383.1823938047464,0.2511303722928478,19.0,-19.0,0.4422303560457261,1.442230356045726,80
2025-26,2026-04-10,0022501181,UTA,MEM,1,1,1217.5139677929951,1243.9923043556068,26.478336562611595,1242.470560386923,0.5144496004986288,46.0,46.0,0.8177540779702877,1.8177540779702877,81
2025-26,2026-04-12,0022501198,UTA,LAL,0,0,1243.9923043556068,1240.4205822446415,-3.5717221109653634,1639.3592735853908,0.077458402289116,24.0,-24.0,0.5370495669980352,1.5370495669980353,82
2025-26,2025-10-22,0022500086,WAS,MIL,0,0,1500.0,1482.268576138216,-17.73142386178396,1500.0,0.449800646746463,13.0,-13.0,0.3140209253469976,1.3140209253469977,1
2025-26,2025-10-24,0022500096,WAS,DAL,0,1,1482.268576138216,1502.28575935634,20.017183218124117,1472.3065611964114,0.4640296906499734,10.0,10.0,0.2449186624037091,1.2449186624037092,2
2025-26,2025-10-26,0022500109,WAS,CHA,1,0,1502.28575935634,1476.492828237795,-25.792931118544995,1504.5029444858335,0.5470387480647474,26.0,-26.0,0.5716699660851172,1.5716699660851172,3
2025-26,2025-10-28,0022500123,WAS,PHI,1,0,1476.492828237795,1461.3078627790867,-15.184965458708342,1546.2238906637915,0.4501838074810439,5.0,-5.0,0.1243530017715962,1.124353001771596,4
2025-26,2025-10-30,0022500140,WAS,OKC,0,0,1461.3078627790867,1448.651859109273,-12.656003669813757,1579.739705177663,0.2925099913653575,19.0,-19.0,0.4422303560457261,1.442230356045726,5
2025-26,2025-11-01,0022500145,WAS,ORL,1,0,1448.651859109273,1422.8904354137298,-25.76142369554315,1469.4079000277688,0.5204872279635738,31.0,-31.0,0.6498274636719203,1.6498274636719203,6
2025-26,2025-11-03,0022500159,WAS,NYK,0,0,1422.8904354137298,1408.7888899508337,-14.101545462896206,1506.6275684379943,0.3354792759548644,17.0,-17.0,0.4011342849479459,1.401134284947946,7
2025-26,2025-11-05,0022500174,WAS,BOS,0,0,1408.7888899508337,1391.6363345328266,-17.15255541800702,1479.0909826259954,0.3529339213992292,29.0,-29.0,0.619996867969374,1.619996867969374,8
2025-26,2025-11-07,0022500029,WAS,CLE,1,0,1391.6363345328266,1373.8156959001203,-17.820638632706384,1531.0889084082914,0.3540515108946854,33.0,-33.0,0.6777821008468294,1.6777821008468294,9
2025-26,2025-11-08,0022500183,WAS,DAL,1,0,1373.8156959001203,1356.5030983166116,-17.312597583508612,1407.2164927980518,0.5023014220117012,6.0,-6.0,0.1488850336233179,1.1488850336233178,10
2025-26,2025-11-10,0022500199,WAS,DET,0,0,1356.5030983166116,1350.8780872689576,-5.625011047653939,1586.5974316459717,0.1785788586739479,2.0,-2.0,0.0499583749578799,1.04995837495788,11
2025-26,2025-11-12,0022500218,WAS,HOU,0,0,1350.8780872689576,1342.2108969040628,-8.667190364894886,1567.553609673757,0.1901923586938076,23.0,-23.0,0.5190218338982221,1.519021833898222,12
2025-26,2025-11-16,0022500235,WAS,BKN,1,0,1342.2108969040628,1317.733894736197,-24.47700216786578,1351.3683240938997,0.5371220176397148,23.0,-23.0,0.5190218338982221,1.519021833898222,13
2025-26,2025-11-19,0022500259,WAS,MIN,0,0,1317.733894736197,1311.178515776765,-6.555378959432025,1555.3790437049042,0.1722917267841427,11.0,-11.0,0.2682711820216014,1.2682711820216013,14
2025-26,2025-11-21,0022500050,WAS,TOR,0,0,1311.178515776765,1304.405162316957,-6.773353459807521,1594.315593135926,0.1380782150339382,30.0,-30.0,0.6351489523872873,1.6351489523872873,15
2025-26,2025-11-22,0022500271,WAS,CHI,0,0,1304.405162316957,1297.8573555928226,-6.547806724134823,1496.5075903729955,0.2129378857679249,1.0,-1.0,0.0249947929684206,1.0249947929684209,16
2025-26,2025-11-25,0022500057,WAS,ATL,1,1,1297.8573555928226,1331.990632931652,34.13327733882951,1561.871122002251,0.2110997341549205,19.0,19.0,0.4422303560457261,1.442230356045726,17
2025-26,2025-11-28,0022500073,WAS,IND,0,0,1331.990632931652,1309.3172419252053,-22.67339100644671,1331.5253645250666,0.4504635612892905,33.0,-33.0,0.6777821008468294,1.6777821008468294,18
2025-26,2025-12-01,0022500311,WAS,MIL,1,1,1309.3172419252053,1329.5606387041998,20.24339677899468,1435.1234461259485,0.3722158357231213,3.0,3.0,0.074859690687499,1.0748596906874992,19
2025-26,2025-12-02,0022500318,WAS,PHI,0,0,1329.5606387041998,1318.8798808008007,-10.680757903399078,1488.333045963517,0.2468574191038232,19.0,-19.0,0.4422303560457261,1.442230356045726,20
2025-26,2025-12-04,0022500334,WAS,BOS,1,0,1318.8798808008007,1306.272030515763,-12.607850285037769,1561.5577905832467,0.2322784654745471,45.0,-45.0,0.809301070201781,1.8093010702017809,21
2025-26,2025-12-06,0022500351,WAS,ATL,1,0,1306.272030515763,1294.738368370255,-11.533662145507538,1502.739744118737,0.2830296395610078,15.0,-15.0,0.3583573983507859,1.358357398350786,22
2025-26,2025-12-12,0022501212,WAS,CLE,1,0,1294.738368370255,1286.2041213889818,-8.534246981273593,1512.6249843817109,0.2586916239867535,4.0,-4.0,0.0996679946249558,1.099667994624956,23
2025-26,2025-12-14,0022501216,WAS,IND,0,1,1286.2041213889818,1315.5874470030285,29.383325614046605,1381.4438502687626,0.3208822827580024,19.0,19.0,0.4422303560457261,1.442230356045726,24
2025-26,2025-12-18,0022500370,WAS,SAS,0,0,1315.5874470030285,1310.3334985474226,-5.253948455605697,1639.1262914542594,0.1126538315098819,25.0,-25.0,0.5545997223493823,1.5545997223493822,25
2025-26,2025-12-20,0022500391,WAS,MEM,0,1,1310.3334985474226,1338.8842915766118,28.55079302918932,1510.5827763820485,0.205183967885508,8.0,8.0,0.197375320224904,1.197375320224904,26
2025-26,2025-12-21,0022500399,WAS,SAS,1,0,1338.8842915766118,1332.762741405038,-6.121550171573672,1660.8007146731495,0.1608896230382956,11.0,-11.0,0.2682711820216014,1.2682711820216013,27
2025-26,2025-12-23,0022500409,WAS,CHA,0,0,1332.762741405038,1318.0372762781292,-14.725465126908787,1405.0546745844708,0.3503224800339976,17.0,-17.0,0.4011342849479459,1.401134284947946,28
2025-26,2025-12-26,0022500425,WAS,TOR,1,1,1318.0372762781292,1349.8716398417969,31.834363563667683,1513.8803642300024,0.2837598484412711,21.0,21.0,0.4815497983643079,1.481549798364308,29
2025-26,2025-12-28,0022500443,WAS,MEM,1,1,1349.8716398417969,1371.9766000755478,22.104960233750973,1507.9348912328603,0.329950483788521,4.0,4.0,0.0996679946249558,1.099667994624956,30
2025-26,2025-12-29,0022500448,WAS,PHX,1,0,1371.9766000755478,1361.3948636854748,-10.581736390072946,1585.1387414188116,0.2639411861662988,14.0,-14.0,0.3363755443363322,1.3363755443363323,31
2025-26,2025-12-31,0022500469,WAS,MIL,0,1,1361.3948636854748,1381.711877296067,20.317013610592436,1442.177957034996,0.339280753750509,1.0,1.0,0.0249947929684206,1.0249947929684209,32
2025-26,2026-01-02,0022500477,WAS,BKN,1,1,1381.711877296067,1404.6131213062502,22.901244010182896,1432.080176877365,0.4778976523536696,20.0,20.0,0.4621171572600097,1.4621171572600098,33
2025-26,2026-01-04,0022500498,WAS,MIN,1,0,1404.6131213062502,1389.6981080319167,-14.915013274333438,1573.4951953272584,0.3163304764185605,26.0,-26.0,0.5716699660851172,1.5716699660851172,34
2025-26,2026-01-06,0022500511,WAS,ORL,1,1,1389.6981080319167,1412.815551262636,23.1174432307194,1527.3382530961003,0.3564411859773082,8.0,8.0,0.197375320224904,1.197375320224904,35
2025-26,2026-01-07,0022500518,WAS,PHI,0,0,1412.815551262636,1400.0850847424929,-12.730466520143407,1536.389337547654,0.2864222886556219,21.0,-21.0,0.4815497983643079,1.481549798364308,36
2025-26,2026-01-09,0022500534,WAS,NOP,1,0,1400.0850847424929,1369.6333426666213,-30.451742075871316,1300.0263088219683,0.6851326025735864,21.0,-21.0,0.4815497983643079,1.481549798364308,37
2025-26,2026-01-11,0022500555,WAS,PHX,0,0,1369.6333426666213,1362.4465945024947,-7.18674816412652,1614.927766017426,0.1661026417405094,19.0,-19.0,0.4422303560457261,1.442230356045726,38
2025-26,2026-01-14,0022500577,WAS,LAC,0,0,1362.4465945024947,1353.2967331212792,-9.149861381215434,1539.0968005360075,0.228225801247593,14.0,-14.0,0.3363755443363322,1.3363755443363323,39
2025-26,2026-01-16,0022500592,WAS,SAC,0,0,1353.2967331212792,1336.813610114786,-16.483123006493003,1375.6994019262308,0.4181344626644169,13.0,-13.0,0.3140209253469976,1.3140209253469977,40
2025-26,2026-01-17,0022500600,WAS,DEN,0,0,1336.813610114786,1331.3383749783716,-5.475235136414625,1591.359671272292,0.1588564847997888,6.0,-6.0,0.1488850336233179,1.1488850336233178,41
2025-26,2026-01-19,0022500608,WAS,LAC,1,0,1331.3383749783716,1323.405251840729,-7.933123137642445,1566.1317484917745,0.2404702503064134,4.0,-4.0,0.0996679946249558,1.099667994624956,42
2025-26,2026-01-22,0022500629,WAS,DEN,1,0,1323.405251840729,1313.7014154150847,-9.703836425644257,1540.2664807946203,0.2598251789105624,10.0,-10.0,0.2449186624037091,1.2449186624037092,43
2025-26,2026-01-24,0022500645,WAS,CHA,0,0,1313.7014154150847,1306.5539434225373,-7.147471992547429,1501.9746965685722,0.2166554519934928,4.0,-4.0,0.0996679946249558,1.099667994624956,44
2025-26,2026-01-27,0022500664,WAS,POR,1,1,1306.5539434225373,1331.1294862642303,24.575542841693142,1527.7439273567925,0.2550617410037871,4.0,4.0,0.0996679946249558,1.099667994624956,45
2025-26,2026-01-29,0022500681,WAS,MIL,1,1,1331.1294862642303,1352.0477429064797,20.918256642249133,1408.092022930763,0.4399029892748221,10.0,10.0,0.2449186624037091,1.2449186624037092,46
2025-26,2026-01-30,0022500688,WAS,LAL,1,0,1352.0477429064797,1336.4554861098832,-15.59225679659637,1521.9771851425835,0.3150280284843368,31.0,-31.0,0.6498274636719203,1.6498274636719203,47
2025-26,2026-02-01,0022500707,WAS,SAC,1,1,1336.4554861098832,1350.3418627976591,13.88637668777599,1316.0444021907338,0.5790736611519441,4.0,4.0,0.0996679946249558,1.099667994624956,48
2025-26,2026-02-03,0022500718,WAS,NYK,1,0,1350.3418627976591,1338.816245185268,-11.525617612391322,1592.44878759702,0.2328651099620534,31.0,-31.0,0.6498274636719203,1.6498274636719203,49
2025-26,2026-02-05,0022500733,WAS,DET,0,1,1338.816245185268,1371.4460236364123,32.62977845114444,1668.065864368077,0.1094092704537393,9.0,9.0,0.2212784678984439,1.221278467898444,50
2025-26,2026-02-07,0022500747,WAS,BKN,0,0,1371.4460236364123,1349.3379710036425,-22.108052632769727,1300.572749741071,0.5514431110941691,14.0,-14.0,0.3363755443363322,1.3363755443363323,51
2025-26,2026-02-08,0022500758,WAS,MIA,1,0,1349.3379710036425,1332.046675282931,-17.291295720711876,1492.36833777434,0.3493556367045334,31.0,-31.0,0.6498274636719203,1.6498274636719203,52
2025-26,2026-02-11,0022500776,WAS,CLE,0,0,1332.046675282931,1326.6443301317145,-5.402345151216101,1650.1228675479067,0.115835715855565,25.0,-25.0,0.5545997223493823,1.5545997223493822,53
2025-26,2026-02-19,0022500795,WAS,IND,1,1,1326.6443301317145,1345.102166179432,18.45783604771753,1378.6225704713788,0.4755857787912532,7.0,7.0,0.1732351578346601,1.17323515783466,54
2025-26,2026-02-20,0022500803,WAS,IND,1,1,1345.102166179432,1363.6826526322575,18.5804864528257,1360.1647344236612,0.5286608177385229,13.0,13.0,0.3140209253469976,1.3140209253469977,55
2025-26,2026-02-22,0022500822,WAS,CHA,1,0,1363.6826526322575,1352.652286013874,-11.03036661838392,1578.2118707136187,0.2624151669324998,17.0,-17.0,0.4011342849479459,1.401134284947946,56
2025-26,2026-02-24,0022500832,WAS,ATL,0,0,1352.652286013874,1339.647969156321,-13.004316857552762,1471.0223126881494,0.2925836371235505,21.0,-21.0,0.4815497983643079,1.481549798364308,57
2025-26,2026-02-26,0022500850,WAS,ATL,0,0,1339.647969156321,1326.7671020723053,-12.88086708401587,1484.0266295457022,0.2625829503220495,30.0,-30.0,0.6351489523872873,1.6351489523872873,58
2025-26,2026-02-28,0022500865,WAS,TOR,1,0,1326.7671020723053,1317.1945335358805,-9.5725685364248,1542.3239625624751,0.2612717953096348,9.0,-9.0,0.2212784678984439,1.221278467898444,59
2025-26,2026-03-02,0022500879,WAS,HOU,1,0,1317.1945335358805,1310.386498748213,-6.808034787667655,1591.0323378947974,0.2018356268580098,5.0,-5.0,0.1243530017715962,1.124353001771596,60
2025-26,2026-03-03,0022500885,WAS,ORL,0,0,1310.386498748213,1300.9988284067483,-9.387670341464473,1491.8972631820532,0.2233350136936431,17.0,-17.0,0.4011342849479459,1.401134284947946,61
2025-26,2026-03-05,0022500900,WAS,UTA,1,0,1300.9988284067483,1279.1819723288547,-21.816856077893828,1276.9584164565986,0.5841574697945724,10.0,-10.0,0.2449186624037091,1.2449186624037092,62
2025-26,2026-03-08,0022500925,WAS,NOP,0,0,1279.1819723288547,1267.0322835994525,-12.149688729402357,1410.855367251923,0.2769884904930311,20.0,-20.0,0.4621171572600097,1.4621171572600098,63
2025-26,2026-03-10,0022500938,WAS,MIA,0,0,1267.0322835994525,1261.891866193309,-5.140417406143336,1585.416807625381,0.1156540583790156,21.0,-21.0,0.4815497983643079,1.481549798364308,64
2025-26,2026-03-12,0022500955,WAS,ORL,0,0,1261.891866193309,1258.0427555796475,-3.849110613661353,1582.9085477570966,0.1141133495618211,5.0,-5.0,0.1243530017715962,1.124353001771596,65
2025-26,2026-03-14,0022500971,WAS,BOS,0,0,1258.0427555796475,1255.0412949115207,-3.001460668126737,1649.9684203913123,0.0788858805244491,11.0,-11.0,0.2682711820216014,1.2682711820216013,66
2025-26,2026-03-16,0022500984,WAS,GSW,1,0,1255.0412949115207,1243.3801398000628,-11.661155111457957,1417.3017329062018,0.3246310190433197,8.0,-8.0,0.197375320224904,1.197375320224904,67
2025-26,2026-03-17,0022500993,WAS,DET,1,0,1243.3801398000628,1239.0173364914162,-4.362803308646649,1640.3878710779754,0.110673105846077,13.0,-13.0,0.3140209253469976,1.3140209253469977,68
2025-26,2026-03-19,0022501009,WAS,DET,1,0,1239.0173364914162,1234.253551108891,-4.7637853825252,1644.750674386622,0.1058251964218572,22.0,-22.0,0.5005202111902353,1.5005202111902354,69
2025-26,2026-03-21,0022501022,WAS,OKC,1,0,1234.253551108891,1231.6345317120436,-2.6190193968474795,1750.582722625598,0.0589252191576457,21.0,-21.0,0.4815497983643079,1.481549798364308,70
2025-26,2026-03-22,0022501034,WAS,NYK,0,0,1231.6345317120436,1228.3189565477344,-3.3155751643090627,1655.785953371094,0.0664163040855436,32.0,-32.0,0.664036770267849,1.664036770267849,71
2025-26,2026-03-25,0022501057,WAS,UTA,0,1,1228.3189565477344,1256.870195923952,28.55123937621771,1283.1910848066989,0.3734731404321449,23.0,23.0,0.5190218338982221,1.519021833898222,72
2025-26,2026-03-27,0022501073,WAS,GSW,0,0,1256.870195923952,1248.929578635591,-7.940617288361056,1426.5088433426258,0.2354129375101163,5.0,-5.0,0.1243530017715962,1.124353001771596,73
2025-26,2026-03-29,0022501087,WAS,POR,0,0,1248.929578635591,1240.035087725201,-8.89449091038991,1484.4994472220894,0.1740020278478751,35.0,-35.0,0.703905603936621,1.703905603936621,74
2025-26,2026-03-30,0022501098,WAS,LAL,0,0,1240.035087725201,1237.09812687045,-2.9369608547510504,1660.1268971819152,0.0678800683593879,19.0,-19.0,0.4422303560457261,1.442230356045726,75
2025-26,2026-04-01,0022501105,WAS,PHI,1,0,1237.09812687045,1228.5583564510864,-8.539770419363514,1524.3217500699332,0.1897068842231641,22.0,-22.0,0.5005202111902353,1.5005202111902354,76
2025-26,2026-04-04,0022501129,WAS,MIA,0,0,1228.5583564510864,1222.669436330665,-5.888920120421735,1505.682152423803,0.1422497082983316,16.0,-16.0,0.3799489622552249,1.379948962255225,77
2025-26,2026-04-05,0022501133,WAS,BKN,0,0,1222.669436330665,1208.421914990152,-14.247521340512684,1248.477833678945,0.4133724124852683,6.0,-6.0,0.1488850336233179,1.1488850336233178,78
2025-26,2026-04-07,0022501148,WAS,CHI,1,0,1208.421914990152,1187.5131816035691,-20.908733386582657,1297.7527309183083,0.4224428280528067,31.0,-31.0,0.6498274636719203,1.6498274636719203,79
2025-26,2026-04-09,0022501166,WAS,CHI,1,0,1187.5131816035691,1173.623375339993,-13.88980626357624,1318.6614643048913,0.3650587892261375,11.0,-11.0,0.2682711820216014,1.2682711820216013,80
2025-26,2026-04-10,0022501172,WAS,MIA,1,0,1173.623375339993,1165.5167977178887,-8.106577622104215,1474.5343739177372,0.1778903028514637,23.0,-23.0,0.5190218338982221,1.519021833898222,81
2025-26,2026-04-12,0022501187,WAS,CLE,0,0,1165.5167977178887,1163.4356691048563,-2.081128613032349,1632.0646249023864,0.0527928836060399,13.0,-13.0,0.3140209253469976,1.3140209253469977,82
